construct,dataset,assessor,target,t,phat_mean,cut_mean
violation+judgment,alfworld,Llama-3.3-70B-Instruct,Llama-3.3-70B-Instruct,0,0.6587,0.9890
violation+judgment,alfworld,Llama-3.3-70B-Instruct,Llama-3.3-70B-Instruct,21,0.6587,0.9890
violation+judgment,alfworld,Llama-3.3-70B-Instruct,Llama-3.3-70B-Instruct,42,0.6587,0.9890
violation+judgment,alfworld,Llama-3.3-70B-Instruct,Llama-3.3-70B-Instruct,63,0.6587,0.9890
violation+judgment,alfworld,Llama-3.3-70B-Instruct,Llama-3.3-70B-Instruct,84,0.6587,0.9890
violation+judgment,alfworld,Llama-3.3-70B-Instruct,Llama-3.3-70B-Instruct,105,0.5371,0.0137
violation+judgment,alfworld,Llama-3.3-70B-Instruct,Llama-3.3-70B-Instruct,126,0.5569,0.0369
violation+judgment,alfworld,Llama-3.3-70B-Instruct,Llama-3.3-70B-Instruct,147,0.5698,0.0751
violation+judgment,alfworld,Llama-3.3-70B-Instruct,Llama-3.3-70B-Instruct,168,0.5610,0.0601
violation+judgment,alfworld,Llama-3.3-70B-Instruct,Llama-3.3-70B-Instruct,189,0.5665,0.0634
violation+judgment,alfworld,Llama-3.3-70B-Instruct,Llama-3.3-70B-Instruct,210,0.5590,0.0239
violation+judgment,alfworld,Llama-3.3-70B-Instruct,Llama-3.3-70B-Instruct,231,0.5732,0.0525
violation+judgment,alfworld,Llama-3.3-70B-Instruct,Llama-3.3-70B-Instruct,252,0.5701,0.0347
violation+judgment,alfworld,Llama-3.3-70B-Instruct,Llama-3.3-70B-Instruct,273,0.5725,0.0391
violation+judgment,alfworld,Llama-3.3-70B-Instruct,Llama-3.3-70B-Instruct,294,0.5682,0.0305
violation+judgment,alfworld,Llama-3.3-70B-Instruct,Llama-3.3-70B-Instruct,315,0.5611,0.0244
violation+judgment,alfworld,Llama-3.3-70B-Instruct,Llama-3.3-70B-Instruct,336,0.5596,0.0273
violation+judgment,alfworld,Llama-3.3-70B-Instruct,Llama-3.3-70B-Instruct,357,0.5644,0.0267
violation+judgment,alfworld,Llama-3.3-70B-Instruct,Llama-3.3-70B-Instruct,378,0.5644,0.0246
violation+judgment,alfworld,Llama-3.3-70B-Instruct,Llama-3.3-70B-Instruct,399,0.5675,0.0250
violation+judgment,alfworld,Llama-3.3-70B-Instruct,Llama-3.3-70B-Instruct,420,0.5675,0.0259
violation+judgment,alfworld,Llama-3.3-70B-Instruct,Llama-3.3-70B-Instruct,441,0.5618,0.0238
violation+judgment,alfworld,Llama-3.3-70B-Instruct,Llama-3.3-70B-Instruct,462,0.5625,0.0274
violation+judgment,alfworld,Llama-3.3-70B-Instruct,Llama-3.3-70B-Instruct,483,0.5622,0.0254
violation+judgment,alfworld,Llama-3.3-70B-Instruct,Llama-3.3-70B-Instruct,504,0.5639,0.0236
violation+judgment,alfworld,Llama-3.3-70B-Instruct,Llama-3.3-70B-Instruct,525,0.5662,0.0255
violation+judgment,alfworld,Llama-3.3-70B-Instruct,Llama-3.3-70B-Instruct,546,0.5657,0.0288
violation+judgment,alfworld,Llama-3.3-70B-Instruct,Llama-3.3-70B-Instruct,567,0.5656,0.0296
violation+judgment,alfworld,Llama-3.3-70B-Instruct,Llama-3.3-70B-Instruct,588,0.5607,0.0266
violation+judgment,alfworld,Llama-3.3-70B-Instruct,Llama-3.3-70B-Instruct,609,0.5598,0.0277
violation+judgment,alfworld,Llama-3.3-70B-Instruct,Llama-3.3-70B-Instruct,630,0.5584,0.0244
violation+judgment,alfworld,Llama-3.3-70B-Instruct,Llama-3.3-70B-Instruct,651,0.5611,0.0206
violation+judgment,alfworld,Llama-3.3-70B-Instruct,Llama-3.3-70B-Instruct,672,0.5613,0.0203
violation+judgment,alfworld,Llama-3.3-70B-Instruct,Llama-3.3-70B-Instruct,693,0.5624,0.0221
violation+judgment,alfworld,Llama-3.3-70B-Instruct,Llama-3.3-70B-Instruct,714,0.5610,0.0217
violation+judgment,alfworld,Llama-3.3-70B-Instruct,Llama-3.3-70B-Instruct,735,0.5587,0.0211
violation+judgment,alfworld,Llama-3.3-70B-Instruct,Llama-3.3-70B-Instruct,756,0.5584,0.0210
violation+judgment,alfworld,Llama-3.3-70B-Instruct,Llama-3.3-70B-Instruct,777,0.5566,0.0200
violation+judgment,alfworld,Llama-3.3-70B-Instruct,Llama-3.3-70B-Instruct,798,0.5560,0.0196
violation+judgment,alfworld,Llama-3.3-70B-Instruct,Llama-3.3-70B-Instruct,819,0.5533,0.0194
violation+judgment,alfworld,Llama-3.3-70B-Instruct,Llama-3.3-70B-Instruct,840,0.5510,0.0167
violation+judgment,alfworld,Llama-3.3-70B-Instruct,Llama-3.3-70B-Instruct,861,0.5496,0.0158
violation+judgment,alfworld,Llama-3.3-70B-Instruct,Llama-3.3-70B-Instruct,882,0.5477,0.0153
violation+judgment,alfworld,Llama-3.3-70B-Instruct,Llama-3.3-70B-Instruct,903,0.5472,0.0154
violation+judgment,alfworld,Llama-3.3-70B-Instruct,Llama-3.3-70B-Instruct,924,0.5476,0.0160
violation+judgment,alfworld,Llama-3.3-70B-Instruct,Llama-3.3-70B-Instruct,945,0.5462,0.0159
violation+judgment,alfworld,Llama-3.3-70B-Instruct,Llama-3.3-70B-Instruct,966,0.5450,0.0156
violation+judgment,alfworld,Llama-3.3-70B-Instruct,Llama-3.3-70B-Instruct,987,0.5448,0.0164
violation+judgment,alfworld,Llama-3.3-70B-Instruct,Llama-3.3-70B-Instruct,1008,0.5445,0.0158
violation+judgment,alfworld,Llama-3.3-70B-Instruct,Llama-3.3-70B-Instruct,1029,0.5445,0.0166
violation+judgment,alfworld,Llama-3.3-70B-Instruct,Llama-3.3-70B-Instruct,1050,0.5459,0.0155
violation+judgment,alfworld,Llama-3.3-70B-Instruct,Llama-3.3-70B-Instruct,1071,0.5468,0.0151
violation+judgment,alfworld,Llama-3.3-70B-Instruct,Llama-3.3-70B-Instruct,1092,0.5464,0.0149
violation+judgment,alfworld,Llama-3.3-70B-Instruct,Llama-3.3-70B-Instruct,1113,0.5447,0.0150
violation+judgment,alfworld,Llama-3.3-70B-Instruct,Llama-3.3-70B-Instruct,1134,0.5436,0.0141
violation+judgment,alfworld,Llama-3.3-70B-Instruct,Llama-3.3-70B-Instruct,1155,0.5433,0.0147
violation+judgment,alfworld,Llama-3.3-70B-Instruct,Llama-3.3-70B-Instruct,1176,0.5432,0.0148
violation+judgment,alfworld,Llama-3.3-70B-Instruct,Llama-3.3-70B-Instruct,1197,0.5419,0.0140
violation+judgment,alfworld,Llama-3.3-70B-Instruct,Llama-3.3-70B-Instruct,1218,0.5412,0.0139
violation+judgment,alfworld,Llama-3.3-70B-Instruct,Llama-3.3-70B-Instruct,1239,0.5399,0.0126
violation+judgment,alfworld,Llama-3.3-70B-Instruct,Llama-3.3-70B-Instruct,1260,0.5383,0.0127
violation+judgment,alfworld,Llama-3.3-70B-Instruct,Llama-3.3-70B-Instruct,1281,0.5360,0.0123
violation+judgment,alfworld,Llama-3.3-70B-Instruct,Llama-3.3-70B-Instruct,1302,0.5346,0.0119
violation+judgment,alfworld,Llama-3.3-70B-Instruct,Llama-3.3-70B-Instruct,1323,0.5343,0.0113
violation+judgment,alfworld,Llama-3.3-70B-Instruct,Llama-3.3-70B-Instruct,1344,0.5329,0.0116
violation+judgment,alfworld,Llama-3.3-70B-Instruct,Llama-3.3-70B-Instruct,1365,0.5336,0.0107
violation+judgment,alfworld,Llama-3.3-70B-Instruct,Llama-3.3-70B-Instruct,1386,0.5334,0.0108
violation+judgment,alfworld,Llama-3.3-70B-Instruct,Llama-3.3-70B-Instruct,1407,0.5325,0.0104
violation+judgment,alfworld,Llama-3.3-70B-Instruct,Llama-3.3-70B-Instruct,1428,0.5331,0.0104
violation+judgment,alfworld,Llama-3.3-70B-Instruct,Llama-3.3-70B-Instruct,1449,0.5319,0.0106
violation+judgment,alfworld,Llama-3.3-70B-Instruct,Llama-3.3-70B-Instruct,1470,0.5317,0.0111
violation+judgment,alfworld,Llama-3.3-70B-Instruct,Llama-3.3-70B-Instruct,1491,0.5304,0.0107
violation+judgment,alfworld,Llama-3.3-70B-Instruct,Llama-3.3-70B-Instruct,1512,0.5305,0.0112
violation+judgment,alfworld,Llama-3.3-70B-Instruct,Llama-3.3-70B-Instruct,1533,0.5314,0.0111
violation+judgment,alfworld,Llama-3.3-70B-Instruct,Llama-3.3-70B-Instruct,1554,0.5312,0.0108
violation+judgment,alfworld,Llama-3.3-70B-Instruct,Llama-3.3-70B-Instruct,1575,0.5317,0.0108
violation+judgment,alfworld,Llama-3.3-70B-Instruct,Llama-3.3-70B-Instruct,1596,0.5316,0.0109
violation+judgment,alfworld,Llama-3.3-70B-Instruct,Llama-3.3-70B-Instruct,1617,0.5301,0.0104
violation+judgment,alfworld,Llama-3.3-70B-Instruct,Llama-3.3-70B-Instruct,1638,0.5300,0.0102
violation+judgment,alfworld,Llama-3.3-70B-Instruct,Llama-3.3-70B-Instruct,1659,0.5288,0.0096
violation+judgment,alfworld,Llama-3.3-70B-Instruct,Llama-3.3-70B-Instruct,1680,0.5287,0.0095
violation+judgment,alfworld,Llama-3.3-70B-Instruct,Llama-3.3-70B-Instruct,1701,0.5287,0.0094
violation+judgment,alfworld,Llama-3.3-70B-Instruct,Llama-3.3-70B-Instruct,1722,0.5285,0.0097
violation+judgment,alfworld,Llama-3.3-70B-Instruct,Llama-3.3-70B-Instruct,1743,0.5275,0.0095
violation+judgment,alfworld,Llama-3.3-70B-Instruct,Llama-3.3-70B-Instruct,1764,0.5275,0.0091
violation+judgment,alfworld,Llama-3.3-70B-Instruct,Llama-3.3-70B-Instruct,1785,0.5277,0.0095
violation+judgment,alfworld,Llama-3.3-70B-Instruct,Llama-3.3-70B-Instruct,1806,0.5280,0.0091
violation+judgment,alfworld,Llama-3.3-70B-Instruct,Llama-3.3-70B-Instruct,1827,0.5277,0.0094
violation+judgment,alfworld,Llama-3.3-70B-Instruct,Llama-3.3-70B-Instruct,1848,0.5288,0.0099
violation+judgment,alfworld,Llama-3.3-70B-Instruct,Llama-3.3-70B-Instruct,1869,0.5289,0.0096
violation+judgment,alfworld,Llama-3.3-70B-Instruct,Llama-3.3-70B-Instruct,1890,0.5293,0.0100
violation+judgment,alfworld,Llama-3.3-70B-Instruct,Llama-3.3-70B-Instruct,1911,0.5294,0.0099
violation+judgment,alfworld,Llama-3.3-70B-Instruct,Llama-3.3-70B-Instruct,1932,0.5291,0.0098
violation+judgment,alfworld,Llama-3.3-70B-Instruct,Llama-3.3-70B-Instruct,1953,0.5286,0.0104
violation+judgment,alfworld,Llama-3.3-70B-Instruct,Llama-3.3-70B-Instruct,1974,0.5289,0.0101
violation+judgment,alfworld,Llama-3.3-70B-Instruct,Llama-3.3-70B-Instruct,1995,0.5289,0.0099
violation+judgment,alfworld,Llama-3.3-70B-Instruct,Llama-3.3-70B-Instruct,2016,0.5286,0.0104
violation+judgment,alfworld,Llama-3.3-70B-Instruct,Llama-3.3-70B-Instruct,2037,0.5284,0.0100
violation+judgment,alfworld,Llama-3.3-70B-Instruct,Llama-3.3-70B-Instruct,2058,0.5288,0.0100
violation+judgment,alfworld,Llama-3.3-70B-Instruct,Llama-3.3-70B-Instruct,2079,0.5285,0.0098
violation+judgment,alfworld,Llama-3.3-70B-Instruct,Llama-3.3-70B-Instruct,2100,0.5285,0.0098
violation+judgment,alfworld,Llama-3.3-70B-Instruct,Llama-3.3-70B-Instruct,2121,0.5280,0.0096
violation+judgment,alfworld,Llama-3.3-70B-Instruct,Llama-3.3-70B-Instruct,2142,0.5287,0.0098
violation+judgment,alfworld,Llama-3.3-70B-Instruct,Llama-3.3-70B-Instruct,2163,0.5296,0.0103
violation+judgment,alfworld,Llama-3.3-70B-Instruct,Llama-3.3-70B-Instruct,2184,0.5298,0.0102
violation+judgment,alfworld,Llama-3.3-70B-Instruct,Llama-3.3-70B-Instruct,2205,0.5301,0.0100
violation+judgment,alfworld,Llama-3.3-70B-Instruct,Llama-3.3-70B-Instruct,2226,0.5305,0.0099
violation+judgment,alfworld,Llama-3.3-70B-Instruct,Llama-3.3-70B-Instruct,2247,0.5306,0.0099
violation+judgment,alfworld,Llama-3.3-70B-Instruct,Llama-3.3-70B-Instruct,2268,0.5301,0.0097
violation+judgment,alfworld,Llama-3.3-70B-Instruct,Llama-3.3-70B-Instruct,2289,0.5295,0.0097
violation+judgment,alfworld,Llama-3.3-70B-Instruct,Llama-3.3-70B-Instruct,2310,0.5277,0.0092
violation+judgment,alfworld,Llama-3.3-70B-Instruct,Llama-3.3-70B-Instruct,2331,0.5269,0.0088
violation+judgment,alfworld,Llama-3.3-70B-Instruct,Llama-3.3-70B-Instruct,2352,0.5257,0.0088
violation+judgment,alfworld,Llama-3.3-70B-Instruct,Llama-3.3-70B-Instruct,2373,0.5249,0.0085
violation+judgment,alfworld,Llama-3.3-70B-Instruct,Llama-3.3-70B-Instruct,2394,0.5255,0.0086
violation+judgment,alfworld,Llama-3.3-70B-Instruct,Llama-3.3-70B-Instruct,2415,0.5263,0.0088
violation+judgment,alfworld,Llama-3.3-70B-Instruct,Llama-3.3-70B-Instruct,2436,0.5267,0.0088
violation+judgment,alfworld,Llama-3.3-70B-Instruct,Llama-3.3-70B-Instruct,2457,0.5267,0.0088
violation+judgment,alfworld,Llama-3.3-70B-Instruct,Llama-3.3-70B-Instruct,2478,0.5270,0.0088
violation+judgment,alfworld,Llama-3.3-70B-Instruct,Llama-3.3-70B-Instruct,2499,0.5266,0.0088
violation+judgment,alfworld,Llama-3.3-70B-Instruct,Llama-3.3-70B-Instruct,2520,0.5264,0.0086
violation+judgment,alfworld,Llama-3.3-70B-Instruct,Llama-3.3-70B-Instruct,2541,0.5257,0.0087
violation+judgment,alfworld,Llama-3.3-70B-Instruct,Llama-3.3-70B-Instruct,2562,0.5256,0.0088
violation+judgment,alfworld,Llama-3.3-70B-Instruct,Llama-3.3-70B-Instruct,2583,0.5258,0.0089
violation+judgment,alfworld,Llama-3.3-70B-Instruct,Llama-3.3-70B-Instruct,2604,0.5272,0.0092
violation+judgment,alfworld,Llama-3.3-70B-Instruct,Llama-3.3-70B-Instruct,2625,0.5268,0.0091
violation+judgment,alfworld,Llama-3.3-70B-Instruct,Llama-3.3-70B-Instruct,2646,0.5261,0.0092
violation+judgment,alfworld,Llama-3.3-70B-Instruct,Llama-3.3-70B-Instruct,2667,0.5256,0.0090
violation+judgment,alfworld,Llama-3.3-70B-Instruct,Llama-3.3-70B-Instruct,2688,0.5255,0.0090
violation+judgment,alfworld,Llama-3.3-70B-Instruct,Llama-3.3-70B-Instruct,2709,0.5255,0.0090
violation+judgment,alfworld,Llama-3.3-70B-Instruct,Llama-3.3-70B-Instruct,2730,0.5252,0.0088
violation+judgment,alfworld,Llama-3.3-70B-Instruct,Llama-3.3-70B-Instruct,2751,0.5259,0.0088
violation+judgment,alfworld,Llama-3.3-70B-Instruct,Llama-3.3-70B-Instruct,2772,0.5260,0.0091
violation+judgment,alfworld,Llama-3.3-70B-Instruct,Llama-3.3-70B-Instruct,2793,0.5262,0.0093
violation+judgment,alfworld,Llama-3.3-70B-Instruct,Llama-3.3-70B-Instruct,2814,0.5261,0.0092
violation+judgment,alfworld,Llama-3.3-70B-Instruct,Llama-3.3-70B-Instruct,2835,0.5258,0.0088
violation+judgment,alfworld,Llama-3.3-70B-Instruct,Llama-3.3-70B-Instruct,2856,0.5256,0.0091
violation+judgment,alfworld,Llama-3.3-70B-Instruct,Llama-3.3-70B-Instruct,2877,0.5259,0.0092
violation+judgment,alfworld,Llama-3.3-70B-Instruct,Llama-3.3-70B-Instruct,2898,0.5257,0.0089
violation+judgment,alfworld,Llama-3.3-70B-Instruct,Llama-3.3-70B-Instruct,2919,0.5260,0.0094
violation+judgment,alfworld,Llama-3.3-70B-Instruct,Llama-3.3-70B-Instruct,2940,0.5263,0.0094
violation+judgment,alfworld,Llama-3.3-70B-Instruct,Llama-3.3-70B-Instruct,2961,0.5253,0.0091
violation+judgment,alfworld,Llama-3.3-70B-Instruct,Llama-3.3-70B-Instruct,2982,0.5253,0.0093
violation+judgment,alfworld,Llama-3.3-70B-Instruct,Llama-3.3-70B-Instruct,3003,0.5260,0.0094
violation+judgment,alfworld,Llama-3.3-70B-Instruct,Llama-3.3-70B-Instruct,3024,0.5273,0.0094
violation+judgment,alfworld,Llama-3.3-70B-Instruct,Llama-3.3-70B-Instruct,3045,0.5274,0.0094
violation+judgment,alfworld,Llama-3.3-70B-Instruct,Llama-3.3-70B-Instruct,3066,0.5277,0.0094
violation+judgment,alfworld,Llama-3.3-70B-Instruct,Llama-3.3-70B-Instruct,3087,0.5272,0.0094
violation+judgment,alfworld,Llama-3.3-70B-Instruct,Llama-3.3-70B-Instruct,3108,0.5269,0.0094
violation+judgment,alfworld,Llama-3.3-70B-Instruct,Llama-3.3-70B-Instruct,3129,0.5267,0.0094
violation+judgment,alfworld,Llama-3.3-70B-Instruct,Llama-3.3-70B-Instruct,3150,0.5269,0.0094
violation+judgment,alfworld,Llama-3.3-70B-Instruct,Llama-3.3-70B-Instruct,3171,0.5273,0.0093
violation+judgment,alfworld,Llama-3.3-70B-Instruct,Llama-3.3-70B-Instruct,3192,0.5276,0.0094
violation+judgment,alfworld,Llama-3.3-70B-Instruct,Llama-3.3-70B-Instruct,3213,0.5280,0.0094
violation+judgment,alfworld,Llama-3.3-70B-Instruct,Llama-3.3-70B-Instruct,3234,0.5285,0.0092
violation+judgment,alfworld,Llama-3.3-70B-Instruct,Llama-3.3-70B-Instruct,3255,0.5293,0.0094
violation+judgment,alfworld,Llama-3.3-70B-Instruct,Llama-3.3-70B-Instruct,3276,0.5293,0.0094
violation+judgment,alfworld,Llama-3.3-70B-Instruct,Llama-3.3-70B-Instruct,3297,0.5293,0.0094
violation+judgment,alfworld,Llama-3.3-70B-Instruct,Llama-3.3-70B-Instruct,3318,0.5296,0.0094
violation+judgment,alfworld,Llama-3.3-70B-Instruct,Llama-3.3-70B-Instruct,3339,0.5295,0.0097
violation+judgment,alfworld,Llama-3.3-70B-Instruct,Llama-3.3-70B-Instruct,3360,0.5296,0.0098
violation+judgment,alfworld,Llama-3.3-70B-Instruct,Llama-3.3-70B-Instruct,3381,0.5292,0.0099
violation+judgment,alfworld,Llama-3.3-70B-Instruct,Llama-3.3-70B-Instruct,3402,0.5291,0.0099
violation+judgment,alfworld,Llama-3.3-70B-Instruct,Llama-3.3-70B-Instruct,3423,0.5287,0.0096
violation+judgment,alfworld,Llama-3.3-70B-Instruct,Llama-3.3-70B-Instruct,3444,0.5285,0.0096
violation+judgment,alfworld,Llama-3.3-70B-Instruct,Llama-3.3-70B-Instruct,3465,0.5286,0.0096
violation+judgment,alfworld,Llama-3.3-70B-Instruct,Llama-3.3-70B-Instruct,3486,0.5287,0.0096
violation+judgment,alfworld,Llama-3.3-70B-Instruct,Llama-3.3-70B-Instruct,3507,0.5293,0.0096
violation+judgment,alfworld,Llama-3.3-70B-Instruct,Llama-3.3-70B-Instruct,3528,0.5287,0.0098
violation+judgment,alfworld,Llama-3.3-70B-Instruct,Llama-3.3-70B-Instruct,3549,0.5280,0.0098
violation+judgment,alfworld,Llama-3.3-70B-Instruct,Llama-3.3-70B-Instruct,3570,0.5279,0.0098
violation+judgment,alfworld,Llama-3.3-70B-Instruct,Llama-3.3-70B-Instruct,3591,0.5279,0.0098
violation+judgment,alfworld,Llama-3.3-70B-Instruct,Llama-3.3-70B-Instruct,3612,0.5282,0.0098
violation+judgment,alfworld,Llama-3.3-70B-Instruct,Llama-3.3-70B-Instruct,3633,0.5288,0.0103
violation+judgment,alfworld,Llama-3.3-70B-Instruct,Llama-3.3-70B-Instruct,3654,0.5294,0.0103
violation+judgment,alfworld,Llama-3.3-70B-Instruct,Llama-3.3-70B-Instruct,3675,0.5296,0.0103
violation+judgment,alfworld,Llama-3.3-70B-Instruct,Llama-3.3-70B-Instruct,3696,0.5298,0.0103
violation+judgment,alfworld,Llama-3.3-70B-Instruct,Llama-3.3-70B-Instruct,3717,0.5304,0.0103
violation+judgment,alfworld,Llama-3.3-70B-Instruct,Llama-3.3-70B-Instruct,3738,0.5307,0.0103
violation+judgment,alfworld,Llama-3.3-70B-Instruct,Llama-3.3-70B-Instruct,3759,0.5308,0.0103
violation+judgment,alfworld,Llama-3.3-70B-Instruct,Llama-3.3-70B-Instruct,3780,0.5308,0.0103
violation+judgment,alfworld,Llama-3.3-70B-Instruct,Llama-3.3-70B-Instruct,3801,0.5305,0.0103
violation+judgment,alfworld,Llama-3.3-70B-Instruct,Llama-3.3-70B-Instruct,3822,0.5299,0.0100
violation+judgment,alfworld,Llama-3.3-70B-Instruct,Llama-3.3-70B-Instruct,3843,0.5304,0.0100
violation+judgment,alfworld,Llama-3.3-70B-Instruct,Llama-3.3-70B-Instruct,3864,0.5304,0.0100
violation+judgment,alfworld,Llama-3.3-70B-Instruct,Llama-3.3-70B-Instruct,3885,0.5307,0.0098
violation+judgment,alfworld,Llama-3.3-70B-Instruct,Llama-3.3-70B-Instruct,3906,0.5309,0.0100
violation+judgment,alfworld,Llama-3.3-70B-Instruct,Llama-3.3-70B-Instruct,3927,0.5310,0.0105
violation+judgment,alfworld,Llama-3.3-70B-Instruct,Llama-3.3-70B-Instruct,3948,0.5312,0.0105
violation+judgment,alfworld,Llama-3.3-70B-Instruct,Llama-3.3-70B-Instruct,3969,0.5308,0.0104
violation+judgment,alfworld,Llama-3.3-70B-Instruct,Llama-3.3-70B-Instruct,3990,0.5308,0.0103
violation+judgment,alfworld,Llama-3.3-70B-Instruct,Llama-3.3-70B-Instruct,4011,0.5312,0.0105
violation+judgment,alfworld,Llama-3.3-70B-Instruct,Llama-3.3-70B-Instruct,4032,0.5325,0.0105
violation+judgment,alfworld,Llama-3.3-70B-Instruct,Llama-3.3-70B-Instruct,4053,0.5334,0.0105
violation+judgment,alfworld,Llama-3.3-70B-Instruct,Llama-3.3-70B-Instruct,4074,0.5337,0.0105
violation+judgment,alfworld,Llama-3.3-70B-Instruct,Llama-3.3-70B-Instruct,4095,0.5338,0.0107
violation+judgment,alfworld,Llama-3.3-70B-Instruct,Llama-3.3-70B-Instruct,4116,0.5340,0.0107
violation+judgment,alfworld,Llama-3.3-70B-Instruct,Llama-3.3-70B-Instruct,4137,0.5343,0.0107
violation+judgment,alfworld,Llama-3.3-70B-Instruct,Llama-3.3-70B-Instruct,4158,0.5344,0.0107
violation+judgment,alfworld,Llama-3.3-70B-Instruct,Llama-3.3-70B-Instruct,4179,0.5343,0.0110
violation+judgment,alfworld,Llama-3.3-70B-Instruct,Llama-3.3-70B-Instruct,4200,0.5344,0.0110
violation+judgment,alfworld,Llama-3.3-70B-Instruct,Llama-3.3-70B-Instruct,4221,0.5343,0.0110
violation+judgment,alfworld,Llama-3.3-70B-Instruct,Llama-3.3-70B-Instruct,4242,0.5342,0.0110
violation+judgment,alfworld,Llama-3.3-70B-Instruct,Llama-3.3-70B-Instruct,4263,0.5342,0.0110
violation+judgment,alfworld,Llama-3.3-70B-Instruct,Llama-3.3-70B-Instruct,4284,0.5347,0.0110
violation+judgment,alfworld,Llama-3.3-70B-Instruct,Mistral-7B-Instruct-v0.3,0,0.6054,0.9526
violation+judgment,alfworld,Llama-3.3-70B-Instruct,Mistral-7B-Instruct-v0.3,31,0.6054,0.9526
violation+judgment,alfworld,Llama-3.3-70B-Instruct,Mistral-7B-Instruct-v0.3,62,0.6054,0.9526
violation+judgment,alfworld,Llama-3.3-70B-Instruct,Mistral-7B-Instruct-v0.3,93,0.6054,0.9526
violation+judgment,alfworld,Llama-3.3-70B-Instruct,Mistral-7B-Instruct-v0.3,124,0.7971,0.7949
violation+judgment,alfworld,Llama-3.3-70B-Instruct,Mistral-7B-Instruct-v0.3,155,0.7915,0.7670
violation+judgment,alfworld,Llama-3.3-70B-Instruct,Mistral-7B-Instruct-v0.3,186,0.7970,0.7843
violation+judgment,alfworld,Llama-3.3-70B-Instruct,Mistral-7B-Instruct-v0.3,217,0.7920,0.7873
violation+judgment,alfworld,Llama-3.3-70B-Instruct,Mistral-7B-Instruct-v0.3,248,0.7906,0.7664
violation+judgment,alfworld,Llama-3.3-70B-Instruct,Mistral-7B-Instruct-v0.3,279,0.7992,0.7967
violation+judgment,alfworld,Llama-3.3-70B-Instruct,Mistral-7B-Instruct-v0.3,310,0.7964,0.7852
violation+judgment,alfworld,Llama-3.3-70B-Instruct,Mistral-7B-Instruct-v0.3,341,0.7967,0.7959
violation+judgment,alfworld,Llama-3.3-70B-Instruct,Mistral-7B-Instruct-v0.3,372,0.8017,0.8211
violation+judgment,alfworld,Llama-3.3-70B-Instruct,Mistral-7B-Instruct-v0.3,403,0.7980,0.8257
violation+judgment,alfworld,Llama-3.3-70B-Instruct,Mistral-7B-Instruct-v0.3,434,0.7973,0.8312
violation+judgment,alfworld,Llama-3.3-70B-Instruct,Mistral-7B-Instruct-v0.3,465,0.7995,0.8253
violation+judgment,alfworld,Llama-3.3-70B-Instruct,Mistral-7B-Instruct-v0.3,496,0.7965,0.8127
violation+judgment,alfworld,Llama-3.3-70B-Instruct,Mistral-7B-Instruct-v0.3,527,0.7972,0.8220
violation+judgment,alfworld,Llama-3.3-70B-Instruct,Mistral-7B-Instruct-v0.3,558,0.7983,0.8210
violation+judgment,alfworld,Llama-3.3-70B-Instruct,Mistral-7B-Instruct-v0.3,589,0.7975,0.8216
violation+judgment,alfworld,Llama-3.3-70B-Instruct,Mistral-7B-Instruct-v0.3,620,0.7972,0.8268
violation+judgment,alfworld,Llama-3.3-70B-Instruct,Mistral-7B-Instruct-v0.3,651,0.7982,0.8296
violation+judgment,alfworld,Llama-3.3-70B-Instruct,Mistral-7B-Instruct-v0.3,682,0.7979,0.8335
violation+judgment,alfworld,Llama-3.3-70B-Instruct,Mistral-7B-Instruct-v0.3,713,0.8001,0.8313
violation+judgment,alfworld,Llama-3.3-70B-Instruct,Mistral-7B-Instruct-v0.3,744,0.8008,0.8330
violation+judgment,alfworld,Llama-3.3-70B-Instruct,Mistral-7B-Instruct-v0.3,775,0.8001,0.8290
violation+judgment,alfworld,Llama-3.3-70B-Instruct,Mistral-7B-Instruct-v0.3,806,0.7999,0.8261
violation+judgment,alfworld,Llama-3.3-70B-Instruct,Mistral-7B-Instruct-v0.3,837,0.8004,0.8318
violation+judgment,alfworld,Llama-3.3-70B-Instruct,Mistral-7B-Instruct-v0.3,868,0.7998,0.8212
violation+judgment,alfworld,Llama-3.3-70B-Instruct,Mistral-7B-Instruct-v0.3,899,0.8002,0.8232
violation+judgment,alfworld,Llama-3.3-70B-Instruct,Mistral-7B-Instruct-v0.3,930,0.7996,0.8228
violation+judgment,alfworld,Llama-3.3-70B-Instruct,Mistral-7B-Instruct-v0.3,961,0.7979,0.8081
violation+judgment,alfworld,Llama-3.3-70B-Instruct,Mistral-7B-Instruct-v0.3,992,0.7991,0.8067
violation+judgment,alfworld,Llama-3.3-70B-Instruct,Mistral-7B-Instruct-v0.3,1023,0.7991,0.8124
violation+judgment,alfworld,Llama-3.3-70B-Instruct,Mistral-7B-Instruct-v0.3,1054,0.7971,0.8182
violation+judgment,alfworld,Llama-3.3-70B-Instruct,Mistral-7B-Instruct-v0.3,1085,0.7972,0.8164
violation+judgment,alfworld,Llama-3.3-70B-Instruct,Mistral-7B-Instruct-v0.3,1116,0.7967,0.8175
violation+judgment,alfworld,Llama-3.3-70B-Instruct,Mistral-7B-Instruct-v0.3,1147,0.7971,0.8197
violation+judgment,alfworld,Llama-3.3-70B-Instruct,Mistral-7B-Instruct-v0.3,1178,0.7982,0.8221
violation+judgment,alfworld,Llama-3.3-70B-Instruct,Mistral-7B-Instruct-v0.3,1209,0.7973,0.8149
violation+judgment,alfworld,Llama-3.3-70B-Instruct,Mistral-7B-Instruct-v0.3,1240,0.7967,0.8109
violation+judgment,alfworld,Llama-3.3-70B-Instruct,Mistral-7B-Instruct-v0.3,1271,0.7964,0.8045
violation+judgment,alfworld,Llama-3.3-70B-Instruct,Mistral-7B-Instruct-v0.3,1302,0.7955,0.7974
violation+judgment,alfworld,Llama-3.3-70B-Instruct,Mistral-7B-Instruct-v0.3,1333,0.7955,0.8098
violation+judgment,alfworld,Llama-3.3-70B-Instruct,Mistral-7B-Instruct-v0.3,1364,0.7963,0.8099
violation+judgment,alfworld,Llama-3.3-70B-Instruct,Mistral-7B-Instruct-v0.3,1395,0.7959,0.8123
violation+judgment,alfworld,Llama-3.3-70B-Instruct,Mistral-7B-Instruct-v0.3,1426,0.7962,0.8095
violation+judgment,alfworld,Llama-3.3-70B-Instruct,Mistral-7B-Instruct-v0.3,1457,0.7959,0.8129
violation+judgment,alfworld,Llama-3.3-70B-Instruct,Mistral-7B-Instruct-v0.3,1488,0.7958,0.8151
violation+judgment,alfworld,Llama-3.3-70B-Instruct,Mistral-7B-Instruct-v0.3,1519,0.7957,0.8164
violation+judgment,alfworld,Llama-3.3-70B-Instruct,Mistral-7B-Instruct-v0.3,1550,0.7945,0.8067
violation+judgment,alfworld,Llama-3.3-70B-Instruct,Mistral-7B-Instruct-v0.3,1581,0.7945,0.8060
violation+judgment,alfworld,Llama-3.3-70B-Instruct,Mistral-7B-Instruct-v0.3,1612,0.7941,0.8131
violation+judgment,alfworld,Llama-3.3-70B-Instruct,Mistral-7B-Instruct-v0.3,1643,0.7940,0.8112
violation+judgment,alfworld,Llama-3.3-70B-Instruct,Mistral-7B-Instruct-v0.3,1674,0.7940,0.8135
violation+judgment,alfworld,Llama-3.3-70B-Instruct,Mistral-7B-Instruct-v0.3,1705,0.7934,0.8100
violation+judgment,alfworld,Llama-3.3-70B-Instruct,Mistral-7B-Instruct-v0.3,1736,0.7934,0.8107
violation+judgment,alfworld,Llama-3.3-70B-Instruct,Mistral-7B-Instruct-v0.3,1767,0.7936,0.8103
violation+judgment,alfworld,Llama-3.3-70B-Instruct,Mistral-7B-Instruct-v0.3,1798,0.7936,0.8083
violation+judgment,alfworld,Llama-3.3-70B-Instruct,Mistral-7B-Instruct-v0.3,1829,0.7932,0.8054
violation+judgment,alfworld,Llama-3.3-70B-Instruct,Mistral-7B-Instruct-v0.3,1860,0.7929,0.8075
violation+judgment,alfworld,Llama-3.3-70B-Instruct,Mistral-7B-Instruct-v0.3,1891,0.7931,0.8066
violation+judgment,alfworld,Llama-3.3-70B-Instruct,Mistral-7B-Instruct-v0.3,1922,0.7936,0.8095
violation+judgment,alfworld,Llama-3.3-70B-Instruct,Mistral-7B-Instruct-v0.3,1953,0.7935,0.8095
violation+judgment,alfworld,Llama-3.3-70B-Instruct,Mistral-7B-Instruct-v0.3,1984,0.7929,0.7995
violation+judgment,alfworld,Llama-3.3-70B-Instruct,Mistral-7B-Instruct-v0.3,2015,0.7932,0.8055
violation+judgment,alfworld,Llama-3.3-70B-Instruct,Mistral-7B-Instruct-v0.3,2046,0.7929,0.8002
violation+judgment,alfworld,Llama-3.3-70B-Instruct,Mistral-7B-Instruct-v0.3,2077,0.7924,0.7961
violation+judgment,alfworld,Llama-3.3-70B-Instruct,Mistral-7B-Instruct-v0.3,2108,0.7927,0.8079
violation+judgment,alfworld,Llama-3.3-70B-Instruct,Mistral-7B-Instruct-v0.3,2139,0.7920,0.7998
violation+judgment,alfworld,Llama-3.3-70B-Instruct,Mistral-7B-Instruct-v0.3,2170,0.7920,0.8032
violation+judgment,alfworld,Llama-3.3-70B-Instruct,Mistral-7B-Instruct-v0.3,2201,0.7926,0.8054
violation+judgment,alfworld,Llama-3.3-70B-Instruct,Mistral-7B-Instruct-v0.3,2232,0.7926,0.8054
violation+judgment,alfworld,Llama-3.3-70B-Instruct,Mistral-7B-Instruct-v0.3,2263,0.7924,0.8054
violation+judgment,alfworld,Llama-3.3-70B-Instruct,Mistral-7B-Instruct-v0.3,2294,0.7927,0.8057
violation+judgment,alfworld,Llama-3.3-70B-Instruct,Mistral-7B-Instruct-v0.3,2325,0.7933,0.8100
violation+judgment,alfworld,Llama-3.3-70B-Instruct,Mistral-7B-Instruct-v0.3,2356,0.7936,0.8070
violation+judgment,alfworld,Llama-3.3-70B-Instruct,Mistral-7B-Instruct-v0.3,2387,0.7934,0.8014
violation+judgment,alfworld,Llama-3.3-70B-Instruct,Mistral-7B-Instruct-v0.3,2418,0.7933,0.8014
violation+judgment,alfworld,Llama-3.3-70B-Instruct,Mistral-7B-Instruct-v0.3,2449,0.7927,0.8014
violation+judgment,alfworld,Llama-3.3-70B-Instruct,Mistral-7B-Instruct-v0.3,2480,0.7926,0.7938
violation+judgment,alfworld,Llama-3.3-70B-Instruct,Mistral-7B-Instruct-v0.3,2511,0.7933,0.7979
violation+judgment,alfworld,Llama-3.3-70B-Instruct,Mistral-7B-Instruct-v0.3,2542,0.7933,0.7937
violation+judgment,alfworld,Llama-3.3-70B-Instruct,Mistral-7B-Instruct-v0.3,2573,0.7931,0.7945
violation+judgment,alfworld,Llama-3.3-70B-Instruct,Mistral-7B-Instruct-v0.3,2604,0.7930,0.8024
violation+judgment,alfworld,Llama-3.3-70B-Instruct,Mistral-7B-Instruct-v0.3,2635,0.7936,0.8066
violation+judgment,alfworld,Llama-3.3-70B-Instruct,Mistral-7B-Instruct-v0.3,2666,0.7938,0.8038
violation+judgment,alfworld,Llama-3.3-70B-Instruct,Mistral-7B-Instruct-v0.3,2697,0.7930,0.8014
violation+judgment,alfworld,Llama-3.3-70B-Instruct,Mistral-7B-Instruct-v0.3,2728,0.7932,0.8014
violation+judgment,alfworld,Llama-3.3-70B-Instruct,Mistral-7B-Instruct-v0.3,2759,0.7934,0.8014
violation+judgment,alfworld,Llama-3.3-70B-Instruct,Mistral-7B-Instruct-v0.3,2790,0.7933,0.8014
violation+judgment,alfworld,Llama-3.3-70B-Instruct,Mistral-7B-Instruct-v0.3,2821,0.7932,0.8014
violation+judgment,alfworld,Llama-3.3-70B-Instruct,Mistral-7B-Instruct-v0.3,2852,0.7934,0.8040
violation+judgment,alfworld,Llama-3.3-70B-Instruct,Mistral-7B-Instruct-v0.3,2883,0.7935,0.8046
violation+judgment,alfworld,Llama-3.3-70B-Instruct,Mistral-7B-Instruct-v0.3,2914,0.7931,0.8054
violation+judgment,alfworld,Llama-3.3-70B-Instruct,Mistral-7B-Instruct-v0.3,2945,0.7934,0.8054
violation+judgment,alfworld,Llama-3.3-70B-Instruct,Mistral-7B-Instruct-v0.3,2976,0.7933,0.8054
violation+judgment,alfworld,Llama-3.3-70B-Instruct,Mistral-7B-Instruct-v0.3,3007,0.7930,0.8054
violation+judgment,alfworld,Llama-3.3-70B-Instruct,Mistral-7B-Instruct-v0.3,3038,0.7932,0.8054
violation+judgment,alfworld,Llama-3.3-70B-Instruct,Mistral-7B-Instruct-v0.3,3069,0.7936,0.8100
violation+judgment,alfworld,Llama-3.3-70B-Instruct,Mistral-7B-Instruct-v0.3,3100,0.7939,0.8100
violation+judgment,alfworld,Llama-3.3-70B-Instruct,Mistral-7B-Instruct-v0.3,3131,0.7941,0.8100
violation+judgment,alfworld,Llama-3.3-70B-Instruct,Mistral-7B-Instruct-v0.3,3162,0.7943,0.8100
violation+judgment,alfworld,Llama-3.3-70B-Instruct,Mistral-7B-Instruct-v0.3,3193,0.7942,0.8100
violation+judgment,alfworld,Llama-3.3-70B-Instruct,Mistral-7B-Instruct-v0.3,3224,0.7942,0.8100
violation+judgment,alfworld,Llama-3.3-70B-Instruct,Mistral-7B-Instruct-v0.3,3255,0.7942,0.8072
violation+judgment,alfworld,Llama-3.3-70B-Instruct,Mistral-7B-Instruct-v0.3,3286,0.7943,0.8059
violation+judgment,alfworld,Llama-3.3-70B-Instruct,Mistral-7B-Instruct-v0.3,3317,0.7945,0.8112
violation+judgment,alfworld,Llama-3.3-70B-Instruct,Mistral-7B-Instruct-v0.3,3348,0.7943,0.8112
violation+judgment,alfworld,Llama-3.3-70B-Instruct,Mistral-7B-Instruct-v0.3,3379,0.7941,0.8112
violation+judgment,alfworld,Llama-3.3-70B-Instruct,Mistral-7B-Instruct-v0.3,3410,0.7942,0.8112
violation+judgment,alfworld,Llama-3.3-70B-Instruct,Mistral-7B-Instruct-v0.3,3441,0.7940,0.8112
violation+judgment,alfworld,Llama-3.3-70B-Instruct,Mistral-7B-Instruct-v0.3,3472,0.7941,0.8099
violation+judgment,alfworld,Llama-3.3-70B-Instruct,Mistral-7B-Instruct-v0.3,3503,0.7943,0.8106
violation+judgment,alfworld,Llama-3.3-70B-Instruct,Mistral-7B-Instruct-v0.3,3534,0.7944,0.8106
violation+judgment,alfworld,Llama-3.3-70B-Instruct,Mistral-7B-Instruct-v0.3,3565,0.7937,0.8077
violation+judgment,alfworld,Llama-3.3-70B-Instruct,Mistral-7B-Instruct-v0.3,3596,0.7939,0.8077
violation+judgment,alfworld,Llama-3.3-70B-Instruct,Mistral-7B-Instruct-v0.3,3627,0.7942,0.8077
violation+judgment,alfworld,Llama-3.3-70B-Instruct,Mistral-7B-Instruct-v0.3,3658,0.7943,0.8077
violation+judgment,alfworld,Llama-3.3-70B-Instruct,Mistral-7B-Instruct-v0.3,3689,0.7944,0.8078
violation+judgment,alfworld,Llama-3.3-70B-Instruct,Mistral-7B-Instruct-v0.3,3720,0.7942,0.8072
violation+judgment,alfworld,Llama-3.3-70B-Instruct,Mistral-7B-Instruct-v0.3,3751,0.7941,0.8072
violation+judgment,alfworld,Llama-3.3-70B-Instruct,Mistral-7B-Instruct-v0.3,3782,0.7941,0.8037
violation+judgment,alfworld,Llama-3.3-70B-Instruct,Mistral-7B-Instruct-v0.3,3813,0.7939,0.8037
violation+judgment,alfworld,Llama-3.3-70B-Instruct,Mistral-7B-Instruct-v0.3,3844,0.7935,0.8047
violation+judgment,alfworld,Llama-3.3-70B-Instruct,Mistral-7B-Instruct-v0.3,3875,0.7933,0.8062
violation+judgment,alfworld,Llama-3.3-70B-Instruct,Mistral-7B-Instruct-v0.3,3906,0.7934,0.8043
violation+judgment,alfworld,Llama-3.3-70B-Instruct,Mistral-7B-Instruct-v0.3,3937,0.7935,0.8043
violation+judgment,alfworld,Llama-3.3-70B-Instruct,Mistral-7B-Instruct-v0.3,3968,0.7936,0.8043
violation+judgment,alfworld,Llama-3.3-70B-Instruct,Mistral-7B-Instruct-v0.3,3999,0.7934,0.8043
violation+judgment,alfworld,Llama-3.3-70B-Instruct,Mistral-7B-Instruct-v0.3,4030,0.7933,0.8043
violation+judgment,alfworld,Llama-3.3-70B-Instruct,Mistral-7B-Instruct-v0.3,4061,0.7934,0.8043
violation+judgment,alfworld,Llama-3.3-70B-Instruct,Mistral-7B-Instruct-v0.3,4092,0.7933,0.8043
violation+judgment,alfworld,Llama-3.3-70B-Instruct,Mistral-7B-Instruct-v0.3,4123,0.7930,0.8043
violation+judgment,alfworld,Llama-3.3-70B-Instruct,Mistral-7B-Instruct-v0.3,4154,0.7927,0.8043
violation+judgment,alfworld,Llama-3.3-70B-Instruct,Mistral-7B-Instruct-v0.3,4185,0.7925,0.8009
violation+judgment,alfworld,Llama-3.3-70B-Instruct,Mistral-7B-Instruct-v0.3,4216,0.7920,0.8009
violation+judgment,alfworld,Llama-3.3-70B-Instruct,Mistral-7B-Instruct-v0.3,4247,0.7924,0.8009
violation+judgment,alfworld,Llama-3.3-70B-Instruct,Mistral-7B-Instruct-v0.3,4278,0.7924,0.8009
violation+judgment,alfworld,Llama-3.3-70B-Instruct,Mistral-7B-Instruct-v0.3,4309,0.7924,0.8009
violation+judgment,alfworld,Llama-3.3-70B-Instruct,Mistral-7B-Instruct-v0.3,4340,0.7926,0.8009
violation+judgment,alfworld,Llama-3.3-70B-Instruct,Mistral-7B-Instruct-v0.3,4371,0.7923,0.8009
violation+judgment,alfworld,Llama-3.3-70B-Instruct,Mistral-7B-Instruct-v0.3,4402,0.7923,0.8018
violation+judgment,alfworld,Llama-3.3-70B-Instruct,Mistral-7B-Instruct-v0.3,4433,0.7922,0.8009
violation+judgment,alfworld,Llama-3.3-70B-Instruct,Mistral-7B-Instruct-v0.3,4464,0.7921,0.8009
violation+judgment,alfworld,Llama-3.3-70B-Instruct,Mistral-7B-Instruct-v0.3,4495,0.7922,0.8010
violation+judgment,alfworld,Llama-3.3-70B-Instruct,Mistral-7B-Instruct-v0.3,4526,0.7924,0.8049
violation+judgment,alfworld,Llama-3.3-70B-Instruct,Mistral-7B-Instruct-v0.3,4557,0.7922,0.8015
violation+judgment,alfworld,Llama-3.3-70B-Instruct,Mistral-7B-Instruct-v0.3,4588,0.7923,0.8015
violation+judgment,alfworld,Llama-3.3-70B-Instruct,Mistral-7B-Instruct-v0.3,4619,0.7923,0.8015
violation+judgment,alfworld,Llama-3.3-70B-Instruct,Mistral-7B-Instruct-v0.3,4650,0.7926,0.8015
violation+judgment,alfworld,Llama-3.3-70B-Instruct,Mistral-7B-Instruct-v0.3,4681,0.7921,0.8015
violation+judgment,alfworld,Llama-3.3-70B-Instruct,Mistral-7B-Instruct-v0.3,4712,0.7925,0.8047
violation+judgment,alfworld,Llama-3.3-70B-Instruct,Mistral-7B-Instruct-v0.3,4743,0.7924,0.8016
violation+judgment,alfworld,Llama-3.3-70B-Instruct,Mistral-7B-Instruct-v0.3,4774,0.7924,0.8055
violation+judgment,alfworld,Llama-3.3-70B-Instruct,Mistral-7B-Instruct-v0.3,4805,0.7929,0.8055
violation+judgment,alfworld,Llama-3.3-70B-Instruct,Mistral-7B-Instruct-v0.3,4836,0.7929,0.8055
violation+judgment,alfworld,Llama-3.3-70B-Instruct,Mistral-7B-Instruct-v0.3,4867,0.7930,0.8030
violation+judgment,alfworld,Llama-3.3-70B-Instruct,Mistral-7B-Instruct-v0.3,4898,0.7931,0.8055
violation+judgment,alfworld,Llama-3.3-70B-Instruct,Mistral-7B-Instruct-v0.3,4929,0.7932,0.8025
violation+judgment,alfworld,Llama-3.3-70B-Instruct,Mistral-7B-Instruct-v0.3,4960,0.7933,0.8093
violation+judgment,alfworld,Llama-3.3-70B-Instruct,Mistral-7B-Instruct-v0.3,4991,0.7937,0.8095
violation+judgment,alfworld,Llama-3.3-70B-Instruct,Mistral-7B-Instruct-v0.3,5022,0.7936,0.8095
violation+judgment,alfworld,Llama-3.3-70B-Instruct,Mistral-7B-Instruct-v0.3,5053,0.7936,0.8092
violation+judgment,alfworld,Llama-3.3-70B-Instruct,Mistral-7B-Instruct-v0.3,5084,0.7938,0.8109
violation+judgment,alfworld,Llama-3.3-70B-Instruct,Mistral-7B-Instruct-v0.3,5115,0.7939,0.8135
violation+judgment,alfworld,Llama-3.3-70B-Instruct,Mistral-7B-Instruct-v0.3,5146,0.7938,0.8119
violation+judgment,alfworld,Llama-3.3-70B-Instruct,Mistral-7B-Instruct-v0.3,5177,0.7935,0.8095
violation+judgment,alfworld,Llama-3.3-70B-Instruct,Mistral-7B-Instruct-v0.3,5208,0.7933,0.8095
violation+judgment,alfworld,Llama-3.3-70B-Instruct,Mistral-7B-Instruct-v0.3,5239,0.7936,0.8095
violation+judgment,alfworld,Llama-3.3-70B-Instruct,Mistral-7B-Instruct-v0.3,5270,0.7940,0.8135
violation+judgment,alfworld,Llama-3.3-70B-Instruct,Mistral-7B-Instruct-v0.3,5301,0.7943,0.8135
violation+judgment,alfworld,Llama-3.3-70B-Instruct,Mistral-7B-Instruct-v0.3,5332,0.7944,0.8095
violation+judgment,alfworld,Llama-3.3-70B-Instruct,Mistral-7B-Instruct-v0.3,5363,0.7946,0.8151
violation+judgment,alfworld,Llama-3.3-70B-Instruct,Mistral-7B-Instruct-v0.3,5394,0.7947,0.8176
violation+judgment,alfworld,Llama-3.3-70B-Instruct,Mistral-7B-Instruct-v0.3,5425,0.7949,0.8176
violation+judgment,alfworld,Llama-3.3-70B-Instruct,Mistral-7B-Instruct-v0.3,5456,0.7951,0.8171
violation+judgment,alfworld,Llama-3.3-70B-Instruct,Mistral-7B-Instruct-v0.3,5487,0.7951,0.8176
violation+judgment,alfworld,Llama-3.3-70B-Instruct,Mistral-7B-Instruct-v0.3,5518,0.7952,0.8176
violation+judgment,alfworld,Llama-3.3-70B-Instruct,Mistral-7B-Instruct-v0.3,5549,0.7953,0.8176
violation+judgment,alfworld,Llama-3.3-70B-Instruct,Mistral-7B-Instruct-v0.3,5580,0.7955,0.8176
violation+judgment,alfworld,Llama-3.3-70B-Instruct,Mistral-7B-Instruct-v0.3,5611,0.7955,0.8176
violation+judgment,alfworld,Llama-3.3-70B-Instruct,Mistral-7B-Instruct-v0.3,5642,0.7956,0.8176
violation+judgment,alfworld,Llama-3.3-70B-Instruct,Mistral-7B-Instruct-v0.3,5673,0.7957,0.8176
violation+judgment,alfworld,Llama-3.3-70B-Instruct,Mistral-7B-Instruct-v0.3,5704,0.7957,0.8176
violation+judgment,alfworld,Llama-3.3-70B-Instruct,Mistral-7B-Instruct-v0.3,5735,0.7957,0.8176
violation+judgment,alfworld,Llama-3.3-70B-Instruct,Mistral-7B-Instruct-v0.3,5766,0.7958,0.8181
violation+judgment,alfworld,Llama-3.3-70B-Instruct,Mistral-7B-Instruct-v0.3,5797,0.7954,0.8178
violation+judgment,alfworld,Llama-3.3-70B-Instruct,Mistral-7B-Instruct-v0.3,5828,0.7955,0.8176
violation+judgment,alfworld,Llama-3.3-70B-Instruct,Mistral-7B-Instruct-v0.3,5859,0.7956,0.8176
violation+judgment,alfworld,Llama-3.3-70B-Instruct,Mistral-7B-Instruct-v0.3,5890,0.7956,0.8176
violation+judgment,alfworld,Llama-3.3-70B-Instruct,Mistral-7B-Instruct-v0.3,5921,0.7958,0.8176
violation+judgment,alfworld,Llama-3.3-70B-Instruct,Mistral-7B-Instruct-v0.3,5952,0.7957,0.8176
violation+judgment,alfworld,Llama-3.3-70B-Instruct,Mistral-7B-Instruct-v0.3,5983,0.7957,0.8176
violation+judgment,alfworld,Llama-3.3-70B-Instruct,Mistral-7B-Instruct-v0.3,6014,0.7958,0.8176
violation+judgment,alfworld,Llama-3.3-70B-Instruct,Mistral-7B-Instruct-v0.3,6045,0.7955,0.8176
violation+judgment,alfworld,Llama-3.3-70B-Instruct,Mistral-7B-Instruct-v0.3,6076,0.7953,0.8176
violation+judgment,alfworld,Llama-3.3-70B-Instruct,Mistral-7B-Instruct-v0.3,6107,0.7956,0.8176
violation+judgment,alfworld,Llama-3.3-70B-Instruct,Mistral-7B-Instruct-v0.3,6138,0.7955,0.8176
violation+judgment,alfworld,Llama-3.3-70B-Instruct,Mistral-7B-Instruct-v0.3,6169,0.7953,0.8176
violation+judgment,alfworld,Llama-3.3-70B-Instruct,Mistral-7B-Instruct-v0.3,6200,0.7953,0.8176
violation+judgment,alfworld,Llama-3.3-70B-Instruct,Phi-4-mini-instruct,0,0.6004,0.8520
violation+judgment,alfworld,Llama-3.3-70B-Instruct,Phi-4-mini-instruct,30,0.6004,0.8520
violation+judgment,alfworld,Llama-3.3-70B-Instruct,Phi-4-mini-instruct,60,0.6004,0.8520
violation+judgment,alfworld,Llama-3.3-70B-Instruct,Phi-4-mini-instruct,90,0.6004,0.8520
violation+judgment,alfworld,Llama-3.3-70B-Instruct,Phi-4-mini-instruct,120,0.8747,0.9628
violation+judgment,alfworld,Llama-3.3-70B-Instruct,Phi-4-mini-instruct,150,0.8691,0.9595
violation+judgment,alfworld,Llama-3.3-70B-Instruct,Phi-4-mini-instruct,180,0.8694,0.9555
violation+judgment,alfworld,Llama-3.3-70B-Instruct,Phi-4-mini-instruct,210,0.8722,0.9577
violation+judgment,alfworld,Llama-3.3-70B-Instruct,Phi-4-mini-instruct,240,0.8687,0.9550
violation+judgment,alfworld,Llama-3.3-70B-Instruct,Phi-4-mini-instruct,270,0.8694,0.9583
violation+judgment,alfworld,Llama-3.3-70B-Instruct,Phi-4-mini-instruct,300,0.8680,0.9547
violation+judgment,alfworld,Llama-3.3-70B-Instruct,Phi-4-mini-instruct,330,0.8662,0.9537
violation+judgment,alfworld,Llama-3.3-70B-Instruct,Phi-4-mini-instruct,360,0.8682,0.9594
violation+judgment,alfworld,Llama-3.3-70B-Instruct,Phi-4-mini-instruct,390,0.8693,0.9594
violation+judgment,alfworld,Llama-3.3-70B-Instruct,Phi-4-mini-instruct,420,0.8681,0.9585
violation+judgment,alfworld,Llama-3.3-70B-Instruct,Phi-4-mini-instruct,450,0.8703,0.9599
violation+judgment,alfworld,Llama-3.3-70B-Instruct,Phi-4-mini-instruct,480,0.8702,0.9617
violation+judgment,alfworld,Llama-3.3-70B-Instruct,Phi-4-mini-instruct,510,0.8677,0.9580
violation+judgment,alfworld,Llama-3.3-70B-Instruct,Phi-4-mini-instruct,540,0.8685,0.9584
violation+judgment,alfworld,Llama-3.3-70B-Instruct,Phi-4-mini-instruct,570,0.8697,0.9615
violation+judgment,alfworld,Llama-3.3-70B-Instruct,Phi-4-mini-instruct,600,0.8685,0.9600
violation+judgment,alfworld,Llama-3.3-70B-Instruct,Phi-4-mini-instruct,630,0.8676,0.9605
violation+judgment,alfworld,Llama-3.3-70B-Instruct,Phi-4-mini-instruct,660,0.8668,0.9601
violation+judgment,alfworld,Llama-3.3-70B-Instruct,Phi-4-mini-instruct,690,0.8667,0.9584
violation+judgment,alfworld,Llama-3.3-70B-Instruct,Phi-4-mini-instruct,720,0.8651,0.9545
violation+judgment,alfworld,Llama-3.3-70B-Instruct,Phi-4-mini-instruct,750,0.8662,0.9552
violation+judgment,alfworld,Llama-3.3-70B-Instruct,Phi-4-mini-instruct,780,0.8666,0.9572
violation+judgment,alfworld,Llama-3.3-70B-Instruct,Phi-4-mini-instruct,810,0.8662,0.9552
violation+judgment,alfworld,Llama-3.3-70B-Instruct,Phi-4-mini-instruct,840,0.8672,0.9564
violation+judgment,alfworld,Llama-3.3-70B-Instruct,Phi-4-mini-instruct,870,0.8653,0.9509
violation+judgment,alfworld,Llama-3.3-70B-Instruct,Phi-4-mini-instruct,900,0.8656,0.9530
violation+judgment,alfworld,Llama-3.3-70B-Instruct,Phi-4-mini-instruct,930,0.8662,0.9562
violation+judgment,alfworld,Llama-3.3-70B-Instruct,Phi-4-mini-instruct,960,0.8659,0.9564
violation+judgment,alfworld,Llama-3.3-70B-Instruct,Phi-4-mini-instruct,990,0.8652,0.9561
violation+judgment,alfworld,Llama-3.3-70B-Instruct,Phi-4-mini-instruct,1020,0.8648,0.9562
violation+judgment,alfworld,Llama-3.3-70B-Instruct,Phi-4-mini-instruct,1050,0.8650,0.9553
violation+judgment,alfworld,Llama-3.3-70B-Instruct,Phi-4-mini-instruct,1080,0.8657,0.9546
violation+judgment,alfworld,Llama-3.3-70B-Instruct,Phi-4-mini-instruct,1110,0.8655,0.9562
violation+judgment,alfworld,Llama-3.3-70B-Instruct,Phi-4-mini-instruct,1140,0.8655,0.9574
violation+judgment,alfworld,Llama-3.3-70B-Instruct,Phi-4-mini-instruct,1170,0.8659,0.9577
violation+judgment,alfworld,Llama-3.3-70B-Instruct,Phi-4-mini-instruct,1200,0.8652,0.9574
violation+judgment,alfworld,Llama-3.3-70B-Instruct,Phi-4-mini-instruct,1230,0.8654,0.9581
violation+judgment,alfworld,Llama-3.3-70B-Instruct,Phi-4-mini-instruct,1260,0.8647,0.9589
violation+judgment,alfworld,Llama-3.3-70B-Instruct,Phi-4-mini-instruct,1290,0.8648,0.9584
violation+judgment,alfworld,Llama-3.3-70B-Instruct,Phi-4-mini-instruct,1320,0.8650,0.9588
violation+judgment,alfworld,Llama-3.3-70B-Instruct,Phi-4-mini-instruct,1350,0.8648,0.9593
violation+judgment,alfworld,Llama-3.3-70B-Instruct,Phi-4-mini-instruct,1380,0.8650,0.9595
violation+judgment,alfworld,Llama-3.3-70B-Instruct,Phi-4-mini-instruct,1410,0.8655,0.9603
violation+judgment,alfworld,Llama-3.3-70B-Instruct,Phi-4-mini-instruct,1440,0.8656,0.9596
violation+judgment,alfworld,Llama-3.3-70B-Instruct,Phi-4-mini-instruct,1470,0.8653,0.9609
violation+judgment,alfworld,Llama-3.3-70B-Instruct,Phi-4-mini-instruct,1500,0.8652,0.9610
violation+judgment,alfworld,Llama-3.3-70B-Instruct,Phi-4-mini-instruct,1530,0.8651,0.9612
violation+judgment,alfworld,Llama-3.3-70B-Instruct,Phi-4-mini-instruct,1560,0.8642,0.9600
violation+judgment,alfworld,Llama-3.3-70B-Instruct,Phi-4-mini-instruct,1590,0.8638,0.9582
violation+judgment,alfworld,Llama-3.3-70B-Instruct,Phi-4-mini-instruct,1620,0.8634,0.9574
violation+judgment,alfworld,Llama-3.3-70B-Instruct,Phi-4-mini-instruct,1650,0.8638,0.9588
violation+judgment,alfworld,Llama-3.3-70B-Instruct,Phi-4-mini-instruct,1680,0.8639,0.9555
violation+judgment,alfworld,Llama-3.3-70B-Instruct,Phi-4-mini-instruct,1710,0.8639,0.9559
violation+judgment,alfworld,Llama-3.3-70B-Instruct,Phi-4-mini-instruct,1740,0.8636,0.9557
violation+judgment,alfworld,Llama-3.3-70B-Instruct,Phi-4-mini-instruct,1770,0.8632,0.9545
violation+judgment,alfworld,Llama-3.3-70B-Instruct,Phi-4-mini-instruct,1800,0.8627,0.9540
violation+judgment,alfworld,Llama-3.3-70B-Instruct,Phi-4-mini-instruct,1830,0.8628,0.9552
violation+judgment,alfworld,Llama-3.3-70B-Instruct,Phi-4-mini-instruct,1860,0.8628,0.9557
violation+judgment,alfworld,Llama-3.3-70B-Instruct,Phi-4-mini-instruct,1890,0.8631,0.9574
violation+judgment,alfworld,Llama-3.3-70B-Instruct,Phi-4-mini-instruct,1920,0.8636,0.9588
violation+judgment,alfworld,Llama-3.3-70B-Instruct,Phi-4-mini-instruct,1950,0.8634,0.9569
violation+judgment,alfworld,Llama-3.3-70B-Instruct,Phi-4-mini-instruct,1980,0.8636,0.9569
violation+judgment,alfworld,Llama-3.3-70B-Instruct,Phi-4-mini-instruct,2010,0.8639,0.9576
violation+judgment,alfworld,Llama-3.3-70B-Instruct,Phi-4-mini-instruct,2040,0.8639,0.9585
violation+judgment,alfworld,Llama-3.3-70B-Instruct,Phi-4-mini-instruct,2070,0.8641,0.9586
violation+judgment,alfworld,Llama-3.3-70B-Instruct,Phi-4-mini-instruct,2100,0.8639,0.9585
violation+judgment,alfworld,Llama-3.3-70B-Instruct,Phi-4-mini-instruct,2130,0.8640,0.9585
violation+judgment,alfworld,Llama-3.3-70B-Instruct,Phi-4-mini-instruct,2160,0.8642,0.9575
violation+judgment,alfworld,Llama-3.3-70B-Instruct,Phi-4-mini-instruct,2190,0.8641,0.9580
violation+judgment,alfworld,Llama-3.3-70B-Instruct,Phi-4-mini-instruct,2220,0.8644,0.9582
violation+judgment,alfworld,Llama-3.3-70B-Instruct,Phi-4-mini-instruct,2250,0.8644,0.9579
violation+judgment,alfworld,Llama-3.3-70B-Instruct,Phi-4-mini-instruct,2280,0.8640,0.9585
violation+judgment,alfworld,Llama-3.3-70B-Instruct,Phi-4-mini-instruct,2310,0.8640,0.9585
violation+judgment,alfworld,Llama-3.3-70B-Instruct,Phi-4-mini-instruct,2340,0.8643,0.9598
violation+judgment,alfworld,Llama-3.3-70B-Instruct,Phi-4-mini-instruct,2370,0.8643,0.9589
violation+judgment,alfworld,Llama-3.3-70B-Instruct,Phi-4-mini-instruct,2400,0.8642,0.9599
violation+judgment,alfworld,Llama-3.3-70B-Instruct,Phi-4-mini-instruct,2430,0.8642,0.9609
violation+judgment,alfworld,Llama-3.3-70B-Instruct,Phi-4-mini-instruct,2460,0.8641,0.9596
violation+judgment,alfworld,Llama-3.3-70B-Instruct,Phi-4-mini-instruct,2490,0.8641,0.9596
violation+judgment,alfworld,Llama-3.3-70B-Instruct,Phi-4-mini-instruct,2520,0.8641,0.9596
violation+judgment,alfworld,Llama-3.3-70B-Instruct,Phi-4-mini-instruct,2550,0.8640,0.9596
violation+judgment,alfworld,Llama-3.3-70B-Instruct,Phi-4-mini-instruct,2580,0.8640,0.9596
violation+judgment,alfworld,Llama-3.3-70B-Instruct,Phi-4-mini-instruct,2610,0.8642,0.9596
violation+judgment,alfworld,Llama-3.3-70B-Instruct,Phi-4-mini-instruct,2640,0.8642,0.9590
violation+judgment,alfworld,Llama-3.3-70B-Instruct,Phi-4-mini-instruct,2670,0.8640,0.9585
violation+judgment,alfworld,Llama-3.3-70B-Instruct,Phi-4-mini-instruct,2700,0.8638,0.9588
violation+judgment,alfworld,Llama-3.3-70B-Instruct,Phi-4-mini-instruct,2730,0.8640,0.9603
violation+judgment,alfworld,Llama-3.3-70B-Instruct,Phi-4-mini-instruct,2760,0.8639,0.9598
violation+judgment,alfworld,Llama-3.3-70B-Instruct,Phi-4-mini-instruct,2790,0.8639,0.9594
violation+judgment,alfworld,Llama-3.3-70B-Instruct,Phi-4-mini-instruct,2820,0.8638,0.9590
violation+judgment,alfworld,Llama-3.3-70B-Instruct,Phi-4-mini-instruct,2850,0.8638,0.9594
violation+judgment,alfworld,Llama-3.3-70B-Instruct,Phi-4-mini-instruct,2880,0.8639,0.9601
violation+judgment,alfworld,Llama-3.3-70B-Instruct,Phi-4-mini-instruct,2910,0.8639,0.9594
violation+judgment,alfworld,Llama-3.3-70B-Instruct,Phi-4-mini-instruct,2940,0.8640,0.9598
violation+judgment,alfworld,Llama-3.3-70B-Instruct,Phi-4-mini-instruct,2970,0.8639,0.9603
violation+judgment,alfworld,Llama-3.3-70B-Instruct,Phi-4-mini-instruct,3000,0.8640,0.9589
violation+judgment,alfworld,Llama-3.3-70B-Instruct,Phi-4-mini-instruct,3030,0.8640,0.9592
violation+judgment,alfworld,Llama-3.3-70B-Instruct,Phi-4-mini-instruct,3060,0.8642,0.9604
violation+judgment,alfworld,Llama-3.3-70B-Instruct,Phi-4-mini-instruct,3090,0.8642,0.9584
violation+judgment,alfworld,Llama-3.3-70B-Instruct,Phi-4-mini-instruct,3120,0.8641,0.9598
violation+judgment,alfworld,Llama-3.3-70B-Instruct,Phi-4-mini-instruct,3150,0.8640,0.9599
violation+judgment,alfworld,Llama-3.3-70B-Instruct,Phi-4-mini-instruct,3180,0.8642,0.9596
violation+judgment,alfworld,Llama-3.3-70B-Instruct,Phi-4-mini-instruct,3210,0.8644,0.9606
violation+judgment,alfworld,Llama-3.3-70B-Instruct,Phi-4-mini-instruct,3240,0.8643,0.9612
violation+judgment,alfworld,Llama-3.3-70B-Instruct,Phi-4-mini-instruct,3270,0.8642,0.9606
violation+judgment,alfworld,Llama-3.3-70B-Instruct,Phi-4-mini-instruct,3300,0.8640,0.9604
violation+judgment,alfworld,Llama-3.3-70B-Instruct,Phi-4-mini-instruct,3330,0.8637,0.9603
violation+judgment,alfworld,Llama-3.3-70B-Instruct,Phi-4-mini-instruct,3360,0.8637,0.9607
violation+judgment,alfworld,Llama-3.3-70B-Instruct,Phi-4-mini-instruct,3390,0.8637,0.9608
violation+judgment,alfworld,Llama-3.3-70B-Instruct,Phi-4-mini-instruct,3420,0.8638,0.9601
violation+judgment,alfworld,Llama-3.3-70B-Instruct,Phi-4-mini-instruct,3450,0.8638,0.9587
violation+judgment,alfworld,Llama-3.3-70B-Instruct,Phi-4-mini-instruct,3480,0.8638,0.9594
violation+judgment,alfworld,Llama-3.3-70B-Instruct,Phi-4-mini-instruct,3510,0.8639,0.9600
violation+judgment,alfworld,Llama-3.3-70B-Instruct,Phi-4-mini-instruct,3540,0.8638,0.9598
violation+judgment,alfworld,Llama-3.3-70B-Instruct,Phi-4-mini-instruct,3570,0.8641,0.9604
violation+judgment,alfworld,Llama-3.3-70B-Instruct,Phi-4-mini-instruct,3600,0.8641,0.9605
violation+judgment,alfworld,Llama-3.3-70B-Instruct,Phi-4-mini-instruct,3630,0.8642,0.9610
violation+judgment,alfworld,Llama-3.3-70B-Instruct,Phi-4-mini-instruct,3660,0.8642,0.9612
violation+judgment,alfworld,Llama-3.3-70B-Instruct,Phi-4-mini-instruct,3690,0.8641,0.9594
violation+judgment,alfworld,Llama-3.3-70B-Instruct,Phi-4-mini-instruct,3720,0.8643,0.9597
violation+judgment,alfworld,Llama-3.3-70B-Instruct,Phi-4-mini-instruct,3750,0.8644,0.9612
violation+judgment,alfworld,Llama-3.3-70B-Instruct,Phi-4-mini-instruct,3780,0.8643,0.9603
violation+judgment,alfworld,Llama-3.3-70B-Instruct,Phi-4-mini-instruct,3810,0.8642,0.9599
violation+judgment,alfworld,Llama-3.3-70B-Instruct,Phi-4-mini-instruct,3840,0.8642,0.9597
violation+judgment,alfworld,Llama-3.3-70B-Instruct,Phi-4-mini-instruct,3870,0.8641,0.9604
violation+judgment,alfworld,Llama-3.3-70B-Instruct,Phi-4-mini-instruct,3900,0.8642,0.9604
violation+judgment,alfworld,Llama-3.3-70B-Instruct,Phi-4-mini-instruct,3930,0.8644,0.9604
violation+judgment,alfworld,Llama-3.3-70B-Instruct,Phi-4-mini-instruct,3960,0.8645,0.9615
violation+judgment,alfworld,Llama-3.3-70B-Instruct,Phi-4-mini-instruct,3990,0.8644,0.9615
violation+judgment,alfworld,Llama-3.3-70B-Instruct,Phi-4-mini-instruct,4020,0.8645,0.9604
violation+judgment,alfworld,Llama-3.3-70B-Instruct,Phi-4-mini-instruct,4050,0.8647,0.9615
violation+judgment,alfworld,Llama-3.3-70B-Instruct,Phi-4-mini-instruct,4080,0.8646,0.9617
violation+judgment,alfworld,Llama-3.3-70B-Instruct,Phi-4-mini-instruct,4110,0.8645,0.9615
violation+judgment,alfworld,Llama-3.3-70B-Instruct,Phi-4-mini-instruct,4140,0.8642,0.9615
violation+judgment,alfworld,Llama-3.3-70B-Instruct,Phi-4-mini-instruct,4170,0.8642,0.9609
violation+judgment,alfworld,Llama-3.3-70B-Instruct,Phi-4-mini-instruct,4200,0.8643,0.9616
violation+judgment,alfworld,Llama-3.3-70B-Instruct,Phi-4-mini-instruct,4230,0.8644,0.9616
violation+judgment,alfworld,Llama-3.3-70B-Instruct,Phi-4-mini-instruct,4260,0.8642,0.9623
violation+judgment,alfworld,Llama-3.3-70B-Instruct,Phi-4-mini-instruct,4290,0.8644,0.9618
violation+judgment,alfworld,Llama-3.3-70B-Instruct,Phi-4-mini-instruct,4320,0.8643,0.9615
violation+judgment,alfworld,Llama-3.3-70B-Instruct,Phi-4-mini-instruct,4350,0.8644,0.9615
violation+judgment,alfworld,Llama-3.3-70B-Instruct,Phi-4-mini-instruct,4380,0.8646,0.9619
violation+judgment,alfworld,Llama-3.3-70B-Instruct,Phi-4-mini-instruct,4410,0.8645,0.9625
violation+judgment,alfworld,Llama-3.3-70B-Instruct,Phi-4-mini-instruct,4440,0.8646,0.9615
violation+judgment,alfworld,Llama-3.3-70B-Instruct,Phi-4-mini-instruct,4470,0.8648,0.9624
violation+judgment,alfworld,Llama-3.3-70B-Instruct,Phi-4-mini-instruct,4500,0.8647,0.9625
violation+judgment,alfworld,Llama-3.3-70B-Instruct,Phi-4-mini-instruct,4530,0.8648,0.9632
violation+judgment,alfworld,Llama-3.3-70B-Instruct,Phi-4-mini-instruct,4560,0.8649,0.9635
violation+judgment,alfworld,Llama-3.3-70B-Instruct,Phi-4-mini-instruct,4590,0.8648,0.9632
violation+judgment,alfworld,Llama-3.3-70B-Instruct,Phi-4-mini-instruct,4620,0.8649,0.9629
violation+judgment,alfworld,Llama-3.3-70B-Instruct,Phi-4-mini-instruct,4650,0.8650,0.9615
violation+judgment,alfworld,Llama-3.3-70B-Instruct,Phi-4-mini-instruct,4680,0.8652,0.9625
violation+judgment,alfworld,Llama-3.3-70B-Instruct,Phi-4-mini-instruct,4710,0.8653,0.9627
violation+judgment,alfworld,Llama-3.3-70B-Instruct,Phi-4-mini-instruct,4740,0.8653,0.9630
violation+judgment,alfworld,Llama-3.3-70B-Instruct,Phi-4-mini-instruct,4770,0.8654,0.9628
violation+judgment,alfworld,Llama-3.3-70B-Instruct,Phi-4-mini-instruct,4800,0.8653,0.9634
violation+judgment,alfworld,Llama-3.3-70B-Instruct,Phi-4-mini-instruct,4830,0.8654,0.9641
violation+judgment,alfworld,Llama-3.3-70B-Instruct,Phi-4-mini-instruct,4860,0.8656,0.9643
violation+judgment,alfworld,Llama-3.3-70B-Instruct,Phi-4-mini-instruct,4890,0.8656,0.9643
violation+judgment,alfworld,Llama-3.3-70B-Instruct,Phi-4-mini-instruct,4920,0.8654,0.9640
violation+judgment,alfworld,Llama-3.3-70B-Instruct,Phi-4-mini-instruct,4950,0.8655,0.9639
violation+judgment,alfworld,Llama-3.3-70B-Instruct,Phi-4-mini-instruct,4980,0.8655,0.9642
violation+judgment,alfworld,Llama-3.3-70B-Instruct,Phi-4-mini-instruct,5010,0.8655,0.9641
violation+judgment,alfworld,Llama-3.3-70B-Instruct,Phi-4-mini-instruct,5040,0.8654,0.9635
violation+judgment,alfworld,Llama-3.3-70B-Instruct,Phi-4-mini-instruct,5070,0.8655,0.9635
violation+judgment,alfworld,Llama-3.3-70B-Instruct,Phi-4-mini-instruct,5100,0.8655,0.9636
violation+judgment,alfworld,Llama-3.3-70B-Instruct,Phi-4-mini-instruct,5130,0.8654,0.9635
violation+judgment,alfworld,Llama-3.3-70B-Instruct,Phi-4-mini-instruct,5160,0.8655,0.9633
violation+judgment,alfworld,Llama-3.3-70B-Instruct,Phi-4-mini-instruct,5190,0.8655,0.9643
violation+judgment,alfworld,Llama-3.3-70B-Instruct,Phi-4-mini-instruct,5220,0.8656,0.9643
violation+judgment,alfworld,Llama-3.3-70B-Instruct,Phi-4-mini-instruct,5250,0.8657,0.9643
violation+judgment,alfworld,Llama-3.3-70B-Instruct,Phi-4-mini-instruct,5280,0.8656,0.9643
violation+judgment,alfworld,Llama-3.3-70B-Instruct,Phi-4-mini-instruct,5310,0.8656,0.9643
violation+judgment,alfworld,Llama-3.3-70B-Instruct,Phi-4-mini-instruct,5340,0.8657,0.9651
violation+judgment,alfworld,Llama-3.3-70B-Instruct,Phi-4-mini-instruct,5370,0.8658,0.9643
violation+judgment,alfworld,Llama-3.3-70B-Instruct,Phi-4-mini-instruct,5400,0.8657,0.9643
violation+judgment,alfworld,Llama-3.3-70B-Instruct,Phi-4-mini-instruct,5430,0.8658,0.9643
violation+judgment,alfworld,Llama-3.3-70B-Instruct,Phi-4-mini-instruct,5460,0.8659,0.9643
violation+judgment,alfworld,Llama-3.3-70B-Instruct,Phi-4-mini-instruct,5490,0.8659,0.9640
violation+judgment,alfworld,Llama-3.3-70B-Instruct,Phi-4-mini-instruct,5520,0.8658,0.9627
violation+judgment,alfworld,Llama-3.3-70B-Instruct,Phi-4-mini-instruct,5550,0.8660,0.9627
violation+judgment,alfworld,Llama-3.3-70B-Instruct,Phi-4-mini-instruct,5580,0.8658,0.9627
violation+judgment,alfworld,Llama-3.3-70B-Instruct,Phi-4-mini-instruct,5610,0.8657,0.9627
violation+judgment,alfworld,Llama-3.3-70B-Instruct,Phi-4-mini-instruct,5640,0.8658,0.9627
violation+judgment,alfworld,Llama-3.3-70B-Instruct,Phi-4-mini-instruct,5670,0.8657,0.9627
violation+judgment,alfworld,Llama-3.3-70B-Instruct,Phi-4-mini-instruct,5700,0.8655,0.9627
violation+judgment,alfworld,Llama-3.3-70B-Instruct,Phi-4-mini-instruct,5730,0.8655,0.9627
violation+judgment,alfworld,Llama-3.3-70B-Instruct,Phi-4-mini-instruct,5760,0.8654,0.9627
violation+judgment,alfworld,Llama-3.3-70B-Instruct,Phi-4-mini-instruct,5790,0.8653,0.9627
violation+judgment,alfworld,Llama-3.3-70B-Instruct,Phi-4-mini-instruct,5820,0.8655,0.9627
violation+judgment,alfworld,Llama-3.3-70B-Instruct,Phi-4-mini-instruct,5850,0.8653,0.9627
violation+judgment,alfworld,Llama-3.3-70B-Instruct,Phi-4-mini-instruct,5880,0.8651,0.9627
violation+judgment,alfworld,Llama-3.3-70B-Instruct,Phi-4-mini-instruct,5910,0.8653,0.9627
violation+judgment,alfworld,Llama-3.3-70B-Instruct,Phi-4-mini-instruct,5940,0.8652,0.9627
violation+judgment,alfworld,Llama-3.3-70B-Instruct,Phi-4-mini-instruct,5970,0.8652,0.9627
violation+judgment,alfworld,Llama-3.3-70B-Instruct,Phi-4-mini-instruct,6000,0.8653,0.9627
violation+judgment,alfworld,Llama-3.3-70B-Instruct,Qwen3.6-35B-A3B,0,0.6809,0.9770
violation+judgment,alfworld,Llama-3.3-70B-Instruct,Qwen3.6-35B-A3B,14,0.6809,0.9770
violation+judgment,alfworld,Llama-3.3-70B-Instruct,Qwen3.6-35B-A3B,28,0.6809,0.9770
violation+judgment,alfworld,Llama-3.3-70B-Instruct,Qwen3.6-35B-A3B,42,0.6809,0.9770
violation+judgment,alfworld,Llama-3.3-70B-Instruct,Qwen3.6-35B-A3B,56,0.6809,0.9770
violation+judgment,alfworld,Llama-3.3-70B-Instruct,Qwen3.6-35B-A3B,70,0.6809,0.9770
violation+judgment,alfworld,Llama-3.3-70B-Instruct,Qwen3.6-35B-A3B,84,0.6809,0.9770
violation+judgment,alfworld,Llama-3.3-70B-Instruct,Qwen3.6-35B-A3B,98,0.6809,0.9770
violation+judgment,alfworld,Llama-3.3-70B-Instruct,Qwen3.6-35B-A3B,112,0.3231,0.0077
violation+judgment,alfworld,Llama-3.3-70B-Instruct,Qwen3.6-35B-A3B,126,0.3224,0.0074
violation+judgment,alfworld,Llama-3.3-70B-Instruct,Qwen3.6-35B-A3B,140,0.3162,0.0068
violation+judgment,alfworld,Llama-3.3-70B-Instruct,Qwen3.6-35B-A3B,154,0.3130,0.0046
violation+judgment,alfworld,Llama-3.3-70B-Instruct,Qwen3.6-35B-A3B,168,0.3150,0.0056
violation+judgment,alfworld,Llama-3.3-70B-Instruct,Qwen3.6-35B-A3B,182,0.3174,0.0042
violation+judgment,alfworld,Llama-3.3-70B-Instruct,Qwen3.6-35B-A3B,196,0.3214,0.0042
violation+judgment,alfworld,Llama-3.3-70B-Instruct,Qwen3.6-35B-A3B,210,0.3200,0.0037
violation+judgment,alfworld,Llama-3.3-70B-Instruct,Qwen3.6-35B-A3B,224,0.3223,0.0029
violation+judgment,alfworld,Llama-3.3-70B-Instruct,Qwen3.6-35B-A3B,238,0.3213,0.0028
violation+judgment,alfworld,Llama-3.3-70B-Instruct,Qwen3.6-35B-A3B,252,0.3197,0.0032
violation+judgment,alfworld,Llama-3.3-70B-Instruct,Qwen3.6-35B-A3B,266,0.3217,0.0036
violation+judgment,alfworld,Llama-3.3-70B-Instruct,Qwen3.6-35B-A3B,280,0.3207,0.0037
violation+judgment,alfworld,Llama-3.3-70B-Instruct,Qwen3.6-35B-A3B,294,0.3197,0.0035
violation+judgment,alfworld,Llama-3.3-70B-Instruct,Qwen3.6-35B-A3B,308,0.3209,0.0036
violation+judgment,alfworld,Llama-3.3-70B-Instruct,Qwen3.6-35B-A3B,322,0.3211,0.0035
violation+judgment,alfworld,Llama-3.3-70B-Instruct,Qwen3.6-35B-A3B,336,0.3204,0.0030
violation+judgment,alfworld,Llama-3.3-70B-Instruct,Qwen3.6-35B-A3B,350,0.3210,0.0033
violation+judgment,alfworld,Llama-3.3-70B-Instruct,Qwen3.6-35B-A3B,364,0.3225,0.0035
violation+judgment,alfworld,Llama-3.3-70B-Instruct,Qwen3.6-35B-A3B,378,0.3203,0.0032
violation+judgment,alfworld,Llama-3.3-70B-Instruct,Qwen3.6-35B-A3B,392,0.3220,0.0036
violation+judgment,alfworld,Llama-3.3-70B-Instruct,Qwen3.6-35B-A3B,406,0.3213,0.0038
violation+judgment,alfworld,Llama-3.3-70B-Instruct,Qwen3.6-35B-A3B,420,0.3193,0.0035
violation+judgment,alfworld,Llama-3.3-70B-Instruct,Qwen3.6-35B-A3B,434,0.3175,0.0037
violation+judgment,alfworld,Llama-3.3-70B-Instruct,Qwen3.6-35B-A3B,448,0.3192,0.0037
violation+judgment,alfworld,Llama-3.3-70B-Instruct,Qwen3.6-35B-A3B,462,0.3198,0.0033
violation+judgment,alfworld,Llama-3.3-70B-Instruct,Qwen3.6-35B-A3B,476,0.3190,0.0034
violation+judgment,alfworld,Llama-3.3-70B-Instruct,Qwen3.6-35B-A3B,490,0.3191,0.0034
violation+judgment,alfworld,Llama-3.3-70B-Instruct,Qwen3.6-35B-A3B,504,0.3201,0.0038
violation+judgment,alfworld,Llama-3.3-70B-Instruct,Qwen3.6-35B-A3B,518,0.3186,0.0035
violation+judgment,alfworld,Llama-3.3-70B-Instruct,Qwen3.6-35B-A3B,532,0.3179,0.0037
violation+judgment,alfworld,Llama-3.3-70B-Instruct,Qwen3.6-35B-A3B,546,0.3173,0.0035
violation+judgment,alfworld,Llama-3.3-70B-Instruct,Qwen3.6-35B-A3B,560,0.3166,0.0033
violation+judgment,alfworld,Llama-3.3-70B-Instruct,Qwen3.6-35B-A3B,574,0.3168,0.0035
violation+judgment,alfworld,Llama-3.3-70B-Instruct,Qwen3.6-35B-A3B,588,0.3181,0.0033
violation+judgment,alfworld,Llama-3.3-70B-Instruct,Qwen3.6-35B-A3B,602,0.3188,0.0038
violation+judgment,alfworld,Llama-3.3-70B-Instruct,Qwen3.6-35B-A3B,616,0.3194,0.0037
violation+judgment,alfworld,Llama-3.3-70B-Instruct,Qwen3.6-35B-A3B,630,0.3204,0.0042
violation+judgment,alfworld,Llama-3.3-70B-Instruct,Qwen3.6-35B-A3B,644,0.3211,0.0043
violation+judgment,alfworld,Llama-3.3-70B-Instruct,Qwen3.6-35B-A3B,658,0.3205,0.0042
violation+judgment,alfworld,Llama-3.3-70B-Instruct,Qwen3.6-35B-A3B,672,0.3199,0.0043
violation+judgment,alfworld,Llama-3.3-70B-Instruct,Qwen3.6-35B-A3B,686,0.3201,0.0041
violation+judgment,alfworld,Llama-3.3-70B-Instruct,Qwen3.6-35B-A3B,700,0.3195,0.0039
violation+judgment,alfworld,Llama-3.3-70B-Instruct,Qwen3.6-35B-A3B,714,0.3195,0.0039
violation+judgment,alfworld,Llama-3.3-70B-Instruct,Qwen3.6-35B-A3B,728,0.3195,0.0040
violation+judgment,alfworld,Llama-3.3-70B-Instruct,Qwen3.6-35B-A3B,742,0.3185,0.0036
violation+judgment,alfworld,Llama-3.3-70B-Instruct,Qwen3.6-35B-A3B,756,0.3178,0.0036
violation+judgment,alfworld,Llama-3.3-70B-Instruct,Qwen3.6-35B-A3B,770,0.3191,0.0035
violation+judgment,alfworld,Llama-3.3-70B-Instruct,Qwen3.6-35B-A3B,784,0.3194,0.0035
violation+judgment,alfworld,Llama-3.3-70B-Instruct,Qwen3.6-35B-A3B,798,0.3197,0.0038
violation+judgment,alfworld,Llama-3.3-70B-Instruct,Qwen3.6-35B-A3B,812,0.3209,0.0037
violation+judgment,alfworld,Llama-3.3-70B-Instruct,Qwen3.6-35B-A3B,826,0.3220,0.0043
violation+judgment,alfworld,Llama-3.3-70B-Instruct,Qwen3.6-35B-A3B,840,0.3216,0.0043
violation+judgment,alfworld,Llama-3.3-70B-Instruct,Qwen3.6-35B-A3B,854,0.3221,0.0042
violation+judgment,alfworld,Llama-3.3-70B-Instruct,Qwen3.6-35B-A3B,868,0.3229,0.0041
violation+judgment,alfworld,Llama-3.3-70B-Instruct,Qwen3.6-35B-A3B,882,0.3219,0.0040
violation+judgment,alfworld,Llama-3.3-70B-Instruct,Qwen3.6-35B-A3B,896,0.3214,0.0039
violation+judgment,alfworld,Llama-3.3-70B-Instruct,Qwen3.6-35B-A3B,910,0.3213,0.0039
violation+judgment,alfworld,Llama-3.3-70B-Instruct,Qwen3.6-35B-A3B,924,0.3205,0.0036
violation+judgment,alfworld,Llama-3.3-70B-Instruct,Qwen3.6-35B-A3B,938,0.3199,0.0035
violation+judgment,alfworld,Llama-3.3-70B-Instruct,Qwen3.6-35B-A3B,952,0.3199,0.0035
violation+judgment,alfworld,Llama-3.3-70B-Instruct,Qwen3.6-35B-A3B,966,0.3193,0.0034
violation+judgment,alfworld,Llama-3.3-70B-Instruct,Qwen3.6-35B-A3B,980,0.3184,0.0034
violation+judgment,alfworld,Llama-3.3-70B-Instruct,Qwen3.6-35B-A3B,994,0.3173,0.0034
violation+judgment,alfworld,Llama-3.3-70B-Instruct,Qwen3.6-35B-A3B,1008,0.3164,0.0032
violation+judgment,alfworld,Llama-3.3-70B-Instruct,Qwen3.6-35B-A3B,1022,0.3159,0.0031
violation+judgment,alfworld,Llama-3.3-70B-Instruct,Qwen3.6-35B-A3B,1036,0.3160,0.0031
violation+judgment,alfworld,Llama-3.3-70B-Instruct,Qwen3.6-35B-A3B,1050,0.3168,0.0031
violation+judgment,alfworld,Llama-3.3-70B-Instruct,Qwen3.6-35B-A3B,1064,0.3166,0.0031
violation+judgment,alfworld,Llama-3.3-70B-Instruct,Qwen3.6-35B-A3B,1078,0.3164,0.0031
violation+judgment,alfworld,Llama-3.3-70B-Instruct,Qwen3.6-35B-A3B,1092,0.3160,0.0029
violation+judgment,alfworld,Llama-3.3-70B-Instruct,Qwen3.6-35B-A3B,1106,0.3157,0.0029
violation+judgment,alfworld,Llama-3.3-70B-Instruct,Qwen3.6-35B-A3B,1120,0.3155,0.0029
violation+judgment,alfworld,Llama-3.3-70B-Instruct,Qwen3.6-35B-A3B,1134,0.3154,0.0029
violation+judgment,alfworld,Llama-3.3-70B-Instruct,Qwen3.6-35B-A3B,1148,0.3152,0.0028
violation+judgment,alfworld,Llama-3.3-70B-Instruct,Qwen3.6-35B-A3B,1162,0.3147,0.0027
violation+judgment,alfworld,Llama-3.3-70B-Instruct,Qwen3.6-35B-A3B,1176,0.3148,0.0025
violation+judgment,alfworld,Llama-3.3-70B-Instruct,Qwen3.6-35B-A3B,1190,0.3145,0.0025
violation+judgment,alfworld,Llama-3.3-70B-Instruct,Qwen3.6-35B-A3B,1204,0.3141,0.0025
violation+judgment,alfworld,Llama-3.3-70B-Instruct,Qwen3.6-35B-A3B,1218,0.3142,0.0024
violation+judgment,alfworld,Llama-3.3-70B-Instruct,Qwen3.6-35B-A3B,1232,0.3146,0.0024
violation+judgment,alfworld,Llama-3.3-70B-Instruct,Qwen3.6-35B-A3B,1246,0.3143,0.0025
violation+judgment,alfworld,Llama-3.3-70B-Instruct,Qwen3.6-35B-A3B,1260,0.3137,0.0025
violation+judgment,alfworld,Llama-3.3-70B-Instruct,Qwen3.6-35B-A3B,1274,0.3133,0.0025
violation+judgment,alfworld,Llama-3.3-70B-Instruct,Qwen3.6-35B-A3B,1288,0.3128,0.0024
violation+judgment,alfworld,Llama-3.3-70B-Instruct,Qwen3.6-35B-A3B,1302,0.3125,0.0024
violation+judgment,alfworld,Llama-3.3-70B-Instruct,Qwen3.6-35B-A3B,1316,0.3122,0.0023
violation+judgment,alfworld,Llama-3.3-70B-Instruct,Qwen3.6-35B-A3B,1330,0.3117,0.0023
violation+judgment,alfworld,Llama-3.3-70B-Instruct,Qwen3.6-35B-A3B,1344,0.3118,0.0023
violation+judgment,alfworld,Llama-3.3-70B-Instruct,Qwen3.6-35B-A3B,1358,0.3116,0.0024
violation+judgment,alfworld,Llama-3.3-70B-Instruct,Qwen3.6-35B-A3B,1372,0.3110,0.0023
violation+judgment,alfworld,Llama-3.3-70B-Instruct,Qwen3.6-35B-A3B,1386,0.3105,0.0023
violation+judgment,alfworld,Llama-3.3-70B-Instruct,Qwen3.6-35B-A3B,1400,0.3106,0.0022
violation+judgment,alfworld,Llama-3.3-70B-Instruct,Qwen3.6-35B-A3B,1414,0.3109,0.0022
violation+judgment,alfworld,Llama-3.3-70B-Instruct,Qwen3.6-35B-A3B,1428,0.3108,0.0023
violation+judgment,alfworld,Llama-3.3-70B-Instruct,Qwen3.6-35B-A3B,1442,0.3108,0.0022
violation+judgment,alfworld,Llama-3.3-70B-Instruct,Qwen3.6-35B-A3B,1456,0.3112,0.0022
violation+judgment,alfworld,Llama-3.3-70B-Instruct,Qwen3.6-35B-A3B,1470,0.3111,0.0022
violation+judgment,alfworld,Llama-3.3-70B-Instruct,Qwen3.6-35B-A3B,1484,0.3112,0.0023
violation+judgment,alfworld,Llama-3.3-70B-Instruct,Qwen3.6-35B-A3B,1498,0.3113,0.0022
violation+judgment,alfworld,Llama-3.3-70B-Instruct,Qwen3.6-35B-A3B,1512,0.3115,0.0022
violation+judgment,alfworld,Llama-3.3-70B-Instruct,Qwen3.6-35B-A3B,1526,0.3117,0.0022
violation+judgment,alfworld,Llama-3.3-70B-Instruct,Qwen3.6-35B-A3B,1540,0.3113,0.0022
violation+judgment,alfworld,Llama-3.3-70B-Instruct,Qwen3.6-35B-A3B,1554,0.3108,0.0021
violation+judgment,alfworld,Llama-3.3-70B-Instruct,Qwen3.6-35B-A3B,1568,0.3102,0.0021
violation+judgment,alfworld,Llama-3.3-70B-Instruct,Qwen3.6-35B-A3B,1582,0.3108,0.0021
violation+judgment,alfworld,Llama-3.3-70B-Instruct,Qwen3.6-35B-A3B,1596,0.3105,0.0020
violation+judgment,alfworld,Llama-3.3-70B-Instruct,Qwen3.6-35B-A3B,1610,0.3107,0.0021
violation+judgment,alfworld,Llama-3.3-70B-Instruct,Qwen3.6-35B-A3B,1624,0.3111,0.0022
violation+judgment,alfworld,Llama-3.3-70B-Instruct,Qwen3.6-35B-A3B,1638,0.3111,0.0022
violation+judgment,alfworld,Llama-3.3-70B-Instruct,Qwen3.6-35B-A3B,1652,0.3106,0.0020
violation+judgment,alfworld,Llama-3.3-70B-Instruct,Qwen3.6-35B-A3B,1666,0.3102,0.0020
violation+judgment,alfworld,Llama-3.3-70B-Instruct,Qwen3.6-35B-A3B,1680,0.3098,0.0020
violation+judgment,alfworld,Llama-3.3-70B-Instruct,Qwen3.6-35B-A3B,1694,0.3090,0.0020
violation+judgment,alfworld,Llama-3.3-70B-Instruct,Qwen3.6-35B-A3B,1708,0.3085,0.0020
violation+judgment,alfworld,Llama-3.3-70B-Instruct,Qwen3.6-35B-A3B,1722,0.3087,0.0020
violation+judgment,alfworld,Llama-3.3-70B-Instruct,Qwen3.6-35B-A3B,1736,0.3087,0.0020
violation+judgment,alfworld,Llama-3.3-70B-Instruct,Qwen3.6-35B-A3B,1750,0.3087,0.0020
violation+judgment,alfworld,Llama-3.3-70B-Instruct,Qwen3.6-35B-A3B,1764,0.3088,0.0020
violation+judgment,alfworld,Llama-3.3-70B-Instruct,Qwen3.6-35B-A3B,1778,0.3084,0.0021
violation+judgment,alfworld,Llama-3.3-70B-Instruct,Qwen3.6-35B-A3B,1792,0.3082,0.0021
violation+judgment,alfworld,Llama-3.3-70B-Instruct,Qwen3.6-35B-A3B,1806,0.3082,0.0021
violation+judgment,alfworld,Llama-3.3-70B-Instruct,Qwen3.6-35B-A3B,1820,0.3080,0.0021
violation+judgment,alfworld,Llama-3.3-70B-Instruct,Qwen3.6-35B-A3B,1834,0.3080,0.0021
violation+judgment,alfworld,Llama-3.3-70B-Instruct,Qwen3.6-35B-A3B,1848,0.3083,0.0020
violation+judgment,alfworld,Llama-3.3-70B-Instruct,Qwen3.6-35B-A3B,1862,0.3080,0.0021
violation+judgment,alfworld,Llama-3.3-70B-Instruct,Qwen3.6-35B-A3B,1876,0.3080,0.0021
violation+judgment,alfworld,Llama-3.3-70B-Instruct,Qwen3.6-35B-A3B,1890,0.3085,0.0021
violation+judgment,alfworld,Llama-3.3-70B-Instruct,Qwen3.6-35B-A3B,1904,0.3091,0.0021
violation+judgment,alfworld,Llama-3.3-70B-Instruct,Qwen3.6-35B-A3B,1918,0.3091,0.0021
violation+judgment,alfworld,Llama-3.3-70B-Instruct,Qwen3.6-35B-A3B,1932,0.3088,0.0021
violation+judgment,alfworld,Llama-3.3-70B-Instruct,Qwen3.6-35B-A3B,1946,0.3088,0.0021
violation+judgment,alfworld,Llama-3.3-70B-Instruct,Qwen3.6-35B-A3B,1960,0.3088,0.0021
violation+judgment,alfworld,Llama-3.3-70B-Instruct,Qwen3.6-35B-A3B,1974,0.3089,0.0021
violation+judgment,alfworld,Llama-3.3-70B-Instruct,Qwen3.6-35B-A3B,1988,0.3090,0.0022
violation+judgment,alfworld,Llama-3.3-70B-Instruct,Qwen3.6-35B-A3B,2002,0.3091,0.0022
violation+judgment,alfworld,Llama-3.3-70B-Instruct,Qwen3.6-35B-A3B,2016,0.3093,0.0022
violation+judgment,alfworld,Llama-3.3-70B-Instruct,Qwen3.6-35B-A3B,2030,0.3095,0.0021
violation+judgment,alfworld,Llama-3.3-70B-Instruct,Qwen3.6-35B-A3B,2044,0.3097,0.0021
violation+judgment,alfworld,Llama-3.3-70B-Instruct,Qwen3.6-35B-A3B,2058,0.3097,0.0020
violation+judgment,alfworld,Llama-3.3-70B-Instruct,Qwen3.6-35B-A3B,2072,0.3102,0.0021
violation+judgment,alfworld,Llama-3.3-70B-Instruct,Qwen3.6-35B-A3B,2086,0.3100,0.0021
violation+judgment,alfworld,Llama-3.3-70B-Instruct,Qwen3.6-35B-A3B,2100,0.3096,0.0021
violation+judgment,alfworld,Llama-3.3-70B-Instruct,Qwen3.6-35B-A3B,2114,0.3095,0.0021
violation+judgment,alfworld,Llama-3.3-70B-Instruct,Qwen3.6-35B-A3B,2128,0.3098,0.0021
violation+judgment,alfworld,Llama-3.3-70B-Instruct,Qwen3.6-35B-A3B,2142,0.3101,0.0021
violation+judgment,alfworld,Llama-3.3-70B-Instruct,Qwen3.6-35B-A3B,2156,0.3100,0.0021
violation+judgment,alfworld,Llama-3.3-70B-Instruct,Qwen3.6-35B-A3B,2170,0.3102,0.0021
violation+judgment,alfworld,Llama-3.3-70B-Instruct,Qwen3.6-35B-A3B,2184,0.3105,0.0021
violation+judgment,alfworld,Llama-3.3-70B-Instruct,Qwen3.6-35B-A3B,2198,0.3102,0.0020
violation+judgment,alfworld,Llama-3.3-70B-Instruct,Qwen3.6-35B-A3B,2212,0.3098,0.0020
violation+judgment,alfworld,Llama-3.3-70B-Instruct,Qwen3.6-35B-A3B,2226,0.3099,0.0021
violation+judgment,alfworld,Llama-3.3-70B-Instruct,Qwen3.6-35B-A3B,2240,0.3099,0.0021
violation+judgment,alfworld,Llama-3.3-70B-Instruct,Qwen3.6-35B-A3B,2254,0.3097,0.0020
violation+judgment,alfworld,Llama-3.3-70B-Instruct,Qwen3.6-35B-A3B,2268,0.3095,0.0019
violation+judgment,alfworld,Llama-3.3-70B-Instruct,Qwen3.6-35B-A3B,2282,0.3094,0.0020
violation+judgment,alfworld,Llama-3.3-70B-Instruct,Qwen3.6-35B-A3B,2296,0.3094,0.0020
violation+judgment,alfworld,Llama-3.3-70B-Instruct,Qwen3.6-35B-A3B,2310,0.3092,0.0019
violation+judgment,alfworld,Llama-3.3-70B-Instruct,Qwen3.6-35B-A3B,2324,0.3090,0.0019
violation+judgment,alfworld,Llama-3.3-70B-Instruct,Qwen3.6-35B-A3B,2338,0.3090,0.0019
violation+judgment,alfworld,Llama-3.3-70B-Instruct,Qwen3.6-35B-A3B,2352,0.3087,0.0019
violation+judgment,alfworld,Llama-3.3-70B-Instruct,Qwen3.6-35B-A3B,2366,0.3087,0.0019
violation+judgment,alfworld,Llama-3.3-70B-Instruct,Qwen3.6-35B-A3B,2380,0.3089,0.0018
violation+judgment,alfworld,Llama-3.3-70B-Instruct,Qwen3.6-35B-A3B,2394,0.3088,0.0019
violation+judgment,alfworld,Llama-3.3-70B-Instruct,Qwen3.6-35B-A3B,2408,0.3088,0.0019
violation+judgment,alfworld,Llama-3.3-70B-Instruct,Qwen3.6-35B-A3B,2422,0.3087,0.0019
violation+judgment,alfworld,Llama-3.3-70B-Instruct,Qwen3.6-35B-A3B,2436,0.3084,0.0018
violation+judgment,alfworld,Llama-3.3-70B-Instruct,Qwen3.6-35B-A3B,2450,0.3080,0.0018
violation+judgment,alfworld,Llama-3.3-70B-Instruct,Qwen3.6-35B-A3B,2464,0.3080,0.0018
violation+judgment,alfworld,Llama-3.3-70B-Instruct,Qwen3.6-35B-A3B,2478,0.3079,0.0018
violation+judgment,alfworld,Llama-3.3-70B-Instruct,Qwen3.6-35B-A3B,2492,0.3077,0.0018
violation+judgment,alfworld,Llama-3.3-70B-Instruct,Qwen3.6-35B-A3B,2506,0.3078,0.0018
violation+judgment,alfworld,Llama-3.3-70B-Instruct,Qwen3.6-35B-A3B,2520,0.3077,0.0018
violation+judgment,alfworld,Llama-3.3-70B-Instruct,Qwen3.6-35B-A3B,2534,0.3077,0.0017
violation+judgment,alfworld,Llama-3.3-70B-Instruct,Qwen3.6-35B-A3B,2548,0.3079,0.0018
violation+judgment,alfworld,Llama-3.3-70B-Instruct,Qwen3.6-35B-A3B,2562,0.3084,0.0018
violation+judgment,alfworld,Llama-3.3-70B-Instruct,Qwen3.6-35B-A3B,2576,0.3082,0.0017
violation+judgment,alfworld,Llama-3.3-70B-Instruct,Qwen3.6-35B-A3B,2590,0.3082,0.0018
violation+judgment,alfworld,Llama-3.3-70B-Instruct,Qwen3.6-35B-A3B,2604,0.3085,0.0018
violation+judgment,alfworld,Llama-3.3-70B-Instruct,Qwen3.6-35B-A3B,2618,0.3091,0.0018
violation+judgment,alfworld,Llama-3.3-70B-Instruct,Qwen3.6-35B-A3B,2632,0.3096,0.0019
violation+judgment,alfworld,Llama-3.3-70B-Instruct,Qwen3.6-35B-A3B,2646,0.3098,0.0019
violation+judgment,alfworld,Llama-3.3-70B-Instruct,Qwen3.6-35B-A3B,2660,0.3099,0.0019
violation+judgment,alfworld,Llama-3.3-70B-Instruct,Qwen3.6-35B-A3B,2674,0.3100,0.0019
violation+judgment,alfworld,Llama-3.3-70B-Instruct,Qwen3.6-35B-A3B,2688,0.3101,0.0019
violation+judgment,alfworld,Llama-3.3-70B-Instruct,Qwen3.6-35B-A3B,2702,0.3101,0.0019
violation+judgment,alfworld,Llama-3.3-70B-Instruct,Qwen3.6-35B-A3B,2716,0.3105,0.0019
violation+judgment,alfworld,Llama-3.3-70B-Instruct,Qwen3.6-35B-A3B,2730,0.3108,0.0019
violation+judgment,alfworld,Llama-3.3-70B-Instruct,Qwen3.6-35B-A3B,2744,0.3113,0.0019
violation+judgment,alfworld,Llama-3.3-70B-Instruct,Qwen3.6-35B-A3B,2758,0.3113,0.0020
violation+judgment,alfworld,Llama-3.3-70B-Instruct,Qwen3.6-35B-A3B,2772,0.3112,0.0019
violation+judgment,alfworld,Llama-3.3-70B-Instruct,Qwen3.6-35B-A3B,2786,0.3111,0.0019
violation+judgment,alfworld,Llama-3.3-70B-Instruct,Qwen3.6-35B-A3B,2800,0.3114,0.0019
violation+judgment,alfworld,Llama-3.3-70B-Instruct,Qwen3.6-35B-A3B,2814,0.3117,0.0019
violation+judgment,alfworld,Llama-3.3-70B-Instruct,Qwen3.6-35B-A3B,2828,0.3118,0.0019
violation+judgment,alfworld,Llama-3.3-70B-Instruct,Qwen3.6-35B-A3B,2842,0.3118,0.0019
violation+judgment,alfworld,Llama-3.3-70B-Instruct,Qwen3.6-35B-A3B,2856,0.3118,0.0019
violation+judgment,alfworld,Llama-3.3-70B-Instruct,Qwen3.6-35B-A3B,2870,0.3120,0.0019
violation+judgment,alfworld,Llama-3.3-70B-Instruct,deepseek-v4-flash,0,0.6975,0.9399
violation+judgment,alfworld,Llama-3.3-70B-Instruct,deepseek-v4-flash,15,0.6975,0.9399
violation+judgment,alfworld,Llama-3.3-70B-Instruct,deepseek-v4-flash,30,0.6975,0.9399
violation+judgment,alfworld,Llama-3.3-70B-Instruct,deepseek-v4-flash,45,0.6975,0.9399
violation+judgment,alfworld,Llama-3.3-70B-Instruct,deepseek-v4-flash,60,0.6975,0.9399
violation+judgment,alfworld,Llama-3.3-70B-Instruct,deepseek-v4-flash,75,0.6975,0.9399
violation+judgment,alfworld,Llama-3.3-70B-Instruct,deepseek-v4-flash,90,0.6975,0.9399
violation+judgment,alfworld,Llama-3.3-70B-Instruct,deepseek-v4-flash,105,0.4310,0.0015
violation+judgment,alfworld,Llama-3.3-70B-Instruct,deepseek-v4-flash,120,0.4353,0.0017
violation+judgment,alfworld,Llama-3.3-70B-Instruct,deepseek-v4-flash,135,0.4306,0.0014
violation+judgment,alfworld,Llama-3.3-70B-Instruct,deepseek-v4-flash,150,0.4293,0.0022
violation+judgment,alfworld,Llama-3.3-70B-Instruct,deepseek-v4-flash,165,0.4259,0.0021
violation+judgment,alfworld,Llama-3.3-70B-Instruct,deepseek-v4-flash,180,0.4229,0.0015
violation+judgment,alfworld,Llama-3.3-70B-Instruct,deepseek-v4-flash,195,0.4198,0.0021
violation+judgment,alfworld,Llama-3.3-70B-Instruct,deepseek-v4-flash,210,0.4226,0.0019
violation+judgment,alfworld,Llama-3.3-70B-Instruct,deepseek-v4-flash,225,0.4244,0.0018
violation+judgment,alfworld,Llama-3.3-70B-Instruct,deepseek-v4-flash,240,0.4253,0.0013
violation+judgment,alfworld,Llama-3.3-70B-Instruct,deepseek-v4-flash,255,0.4266,0.0008
violation+judgment,alfworld,Llama-3.3-70B-Instruct,deepseek-v4-flash,270,0.4292,0.0006
violation+judgment,alfworld,Llama-3.3-70B-Instruct,deepseek-v4-flash,285,0.4308,0.0004
violation+judgment,alfworld,Llama-3.3-70B-Instruct,deepseek-v4-flash,300,0.4341,0.0004
violation+judgment,alfworld,Llama-3.3-70B-Instruct,deepseek-v4-flash,315,0.4345,0.0004
violation+judgment,alfworld,Llama-3.3-70B-Instruct,deepseek-v4-flash,330,0.4387,0.0005
violation+judgment,alfworld,Llama-3.3-70B-Instruct,deepseek-v4-flash,345,0.4426,0.0005
violation+judgment,alfworld,Llama-3.3-70B-Instruct,deepseek-v4-flash,360,0.4435,0.0005
violation+judgment,alfworld,Llama-3.3-70B-Instruct,deepseek-v4-flash,375,0.4440,0.0005
violation+judgment,alfworld,Llama-3.3-70B-Instruct,deepseek-v4-flash,390,0.4462,0.0006
violation+judgment,alfworld,Llama-3.3-70B-Instruct,deepseek-v4-flash,405,0.4470,0.0006
violation+judgment,alfworld,Llama-3.3-70B-Instruct,deepseek-v4-flash,420,0.4465,0.0006
violation+judgment,alfworld,Llama-3.3-70B-Instruct,deepseek-v4-flash,435,0.4492,0.0006
violation+judgment,alfworld,Llama-3.3-70B-Instruct,deepseek-v4-flash,450,0.4499,0.0006
violation+judgment,alfworld,Llama-3.3-70B-Instruct,deepseek-v4-flash,465,0.4505,0.0006
violation+judgment,alfworld,Llama-3.3-70B-Instruct,deepseek-v4-flash,480,0.4505,0.0006
violation+judgment,alfworld,Llama-3.3-70B-Instruct,deepseek-v4-flash,495,0.4487,0.0006
violation+judgment,alfworld,Llama-3.3-70B-Instruct,deepseek-v4-flash,510,0.4503,0.0006
violation+judgment,alfworld,Llama-3.3-70B-Instruct,deepseek-v4-flash,525,0.4497,0.0007
violation+judgment,alfworld,Llama-3.3-70B-Instruct,deepseek-v4-flash,540,0.4500,0.0007
violation+judgment,alfworld,Llama-3.3-70B-Instruct,deepseek-v4-flash,555,0.4489,0.0007
violation+judgment,alfworld,Llama-3.3-70B-Instruct,deepseek-v4-flash,570,0.4487,0.0007
violation+judgment,alfworld,Llama-3.3-70B-Instruct,deepseek-v4-flash,585,0.4484,0.0006
violation+judgment,alfworld,Llama-3.3-70B-Instruct,deepseek-v4-flash,600,0.4501,0.0007
violation+judgment,alfworld,Llama-3.3-70B-Instruct,deepseek-v4-flash,615,0.4486,0.0006
violation+judgment,alfworld,Llama-3.3-70B-Instruct,deepseek-v4-flash,630,0.4469,0.0006
violation+judgment,alfworld,Llama-3.3-70B-Instruct,deepseek-v4-flash,645,0.4458,0.0006
violation+judgment,alfworld,Llama-3.3-70B-Instruct,deepseek-v4-flash,660,0.4453,0.0006
violation+judgment,alfworld,Llama-3.3-70B-Instruct,deepseek-v4-flash,675,0.4460,0.0005
violation+judgment,alfworld,Llama-3.3-70B-Instruct,deepseek-v4-flash,690,0.4444,0.0005
violation+judgment,alfworld,Llama-3.3-70B-Instruct,deepseek-v4-flash,705,0.4448,0.0006
violation+judgment,alfworld,Llama-3.3-70B-Instruct,deepseek-v4-flash,720,0.4450,0.0006
violation+judgment,alfworld,Llama-3.3-70B-Instruct,deepseek-v4-flash,735,0.4445,0.0006
violation+judgment,alfworld,Llama-3.3-70B-Instruct,deepseek-v4-flash,750,0.4439,0.0006
violation+judgment,alfworld,Llama-3.3-70B-Instruct,deepseek-v4-flash,765,0.4429,0.0006
violation+judgment,alfworld,Llama-3.3-70B-Instruct,deepseek-v4-flash,780,0.4426,0.0006
violation+judgment,alfworld,Llama-3.3-70B-Instruct,deepseek-v4-flash,795,0.4420,0.0006
violation+judgment,alfworld,Llama-3.3-70B-Instruct,deepseek-v4-flash,810,0.4412,0.0006
violation+judgment,alfworld,Llama-3.3-70B-Instruct,deepseek-v4-flash,825,0.4405,0.0006
violation+judgment,alfworld,Llama-3.3-70B-Instruct,deepseek-v4-flash,840,0.4391,0.0006
violation+judgment,alfworld,Llama-3.3-70B-Instruct,deepseek-v4-flash,855,0.4380,0.0006
violation+judgment,alfworld,Llama-3.3-70B-Instruct,deepseek-v4-flash,870,0.4371,0.0006
violation+judgment,alfworld,Llama-3.3-70B-Instruct,deepseek-v4-flash,885,0.4375,0.0006
violation+judgment,alfworld,Llama-3.3-70B-Instruct,deepseek-v4-flash,900,0.4379,0.0006
violation+judgment,alfworld,Llama-3.3-70B-Instruct,deepseek-v4-flash,915,0.4385,0.0006
violation+judgment,alfworld,Llama-3.3-70B-Instruct,deepseek-v4-flash,930,0.4384,0.0006
violation+judgment,alfworld,Llama-3.3-70B-Instruct,deepseek-v4-flash,945,0.4376,0.0006
violation+judgment,alfworld,Llama-3.3-70B-Instruct,deepseek-v4-flash,960,0.4370,0.0006
violation+judgment,alfworld,Llama-3.3-70B-Instruct,deepseek-v4-flash,975,0.4366,0.0006
violation+judgment,alfworld,Llama-3.3-70B-Instruct,deepseek-v4-flash,990,0.4360,0.0006
violation+judgment,alfworld,Llama-3.3-70B-Instruct,deepseek-v4-flash,1005,0.4361,0.0005
violation+judgment,alfworld,Llama-3.3-70B-Instruct,deepseek-v4-flash,1020,0.4360,0.0006
violation+judgment,alfworld,Llama-3.3-70B-Instruct,deepseek-v4-flash,1035,0.4363,0.0006
violation+judgment,alfworld,Llama-3.3-70B-Instruct,deepseek-v4-flash,1050,0.4358,0.0006
violation+judgment,alfworld,Llama-3.3-70B-Instruct,deepseek-v4-flash,1065,0.4348,0.0005
violation+judgment,alfworld,Llama-3.3-70B-Instruct,deepseek-v4-flash,1080,0.4338,0.0005
violation+judgment,alfworld,Llama-3.3-70B-Instruct,deepseek-v4-flash,1095,0.4326,0.0005
violation+judgment,alfworld,Llama-3.3-70B-Instruct,deepseek-v4-flash,1110,0.4322,0.0005
violation+judgment,alfworld,Llama-3.3-70B-Instruct,deepseek-v4-flash,1125,0.4325,0.0005
violation+judgment,alfworld,Llama-3.3-70B-Instruct,deepseek-v4-flash,1140,0.4325,0.0005
violation+judgment,alfworld,Llama-3.3-70B-Instruct,deepseek-v4-flash,1155,0.4330,0.0005
violation+judgment,alfworld,Llama-3.3-70B-Instruct,deepseek-v4-flash,1170,0.4324,0.0005
violation+judgment,alfworld,Llama-3.3-70B-Instruct,deepseek-v4-flash,1185,0.4332,0.0005
violation+judgment,alfworld,Llama-3.3-70B-Instruct,deepseek-v4-flash,1200,0.4335,0.0005
violation+judgment,alfworld,Llama-3.3-70B-Instruct,deepseek-v4-flash,1215,0.4335,0.0005
violation+judgment,alfworld,Llama-3.3-70B-Instruct,deepseek-v4-flash,1230,0.4333,0.0005
violation+judgment,alfworld,Llama-3.3-70B-Instruct,deepseek-v4-flash,1245,0.4333,0.0005
violation+judgment,alfworld,Llama-3.3-70B-Instruct,deepseek-v4-flash,1260,0.4328,0.0005
violation+judgment,alfworld,Llama-3.3-70B-Instruct,deepseek-v4-flash,1275,0.4320,0.0005
violation+judgment,alfworld,Llama-3.3-70B-Instruct,deepseek-v4-flash,1290,0.4320,0.0005
violation+judgment,alfworld,Llama-3.3-70B-Instruct,deepseek-v4-flash,1305,0.4330,0.0005
violation+judgment,alfworld,Llama-3.3-70B-Instruct,deepseek-v4-flash,1320,0.4340,0.0005
violation+judgment,alfworld,Llama-3.3-70B-Instruct,deepseek-v4-flash,1335,0.4339,0.0005
violation+judgment,alfworld,Llama-3.3-70B-Instruct,deepseek-v4-flash,1350,0.4338,0.0005
violation+judgment,alfworld,Llama-3.3-70B-Instruct,deepseek-v4-flash,1365,0.4341,0.0005
violation+judgment,alfworld,Llama-3.3-70B-Instruct,deepseek-v4-flash,1380,0.4342,0.0005
violation+judgment,alfworld,Llama-3.3-70B-Instruct,deepseek-v4-flash,1395,0.4345,0.0005
violation+judgment,alfworld,Llama-3.3-70B-Instruct,deepseek-v4-flash,1410,0.4356,0.0005
violation+judgment,alfworld,Llama-3.3-70B-Instruct,deepseek-v4-flash,1425,0.4356,0.0005
violation+judgment,alfworld,Llama-3.3-70B-Instruct,deepseek-v4-flash,1440,0.4358,0.0005
violation+judgment,alfworld,Llama-3.3-70B-Instruct,deepseek-v4-flash,1455,0.4357,0.0005
violation+judgment,alfworld,Llama-3.3-70B-Instruct,deepseek-v4-flash,1470,0.4354,0.0005
violation+judgment,alfworld,Llama-3.3-70B-Instruct,deepseek-v4-flash,1485,0.4349,0.0005
violation+judgment,alfworld,Llama-3.3-70B-Instruct,deepseek-v4-flash,1500,0.4349,0.0005
violation+judgment,alfworld,Llama-3.3-70B-Instruct,deepseek-v4-flash,1515,0.4347,0.0005
violation+judgment,alfworld,Llama-3.3-70B-Instruct,deepseek-v4-flash,1530,0.4346,0.0005
violation+judgment,alfworld,Llama-3.3-70B-Instruct,deepseek-v4-flash,1545,0.4345,0.0005
violation+judgment,alfworld,Llama-3.3-70B-Instruct,deepseek-v4-flash,1560,0.4351,0.0005
violation+judgment,alfworld,Llama-3.3-70B-Instruct,deepseek-v4-flash,1575,0.4351,0.0005
violation+judgment,alfworld,Llama-3.3-70B-Instruct,deepseek-v4-flash,1590,0.4359,0.0005
violation+judgment,alfworld,Llama-3.3-70B-Instruct,deepseek-v4-flash,1605,0.4364,0.0005
violation+judgment,alfworld,Llama-3.3-70B-Instruct,deepseek-v4-flash,1620,0.4365,0.0005
violation+judgment,alfworld,Llama-3.3-70B-Instruct,deepseek-v4-flash,1635,0.4361,0.0005
violation+judgment,alfworld,Llama-3.3-70B-Instruct,deepseek-v4-flash,1650,0.4363,0.0005
violation+judgment,alfworld,Llama-3.3-70B-Instruct,deepseek-v4-flash,1665,0.4354,0.0005
violation+judgment,alfworld,Llama-3.3-70B-Instruct,deepseek-v4-flash,1680,0.4352,0.0005
violation+judgment,alfworld,Llama-3.3-70B-Instruct,deepseek-v4-flash,1695,0.4358,0.0005
violation+judgment,alfworld,Llama-3.3-70B-Instruct,deepseek-v4-flash,1710,0.4361,0.0005
violation+judgment,alfworld,Llama-3.3-70B-Instruct,deepseek-v4-flash,1725,0.4361,0.0005
violation+judgment,alfworld,Llama-3.3-70B-Instruct,deepseek-v4-flash,1740,0.4366,0.0005
violation+judgment,alfworld,Llama-3.3-70B-Instruct,deepseek-v4-flash,1755,0.4373,0.0005
violation+judgment,alfworld,Llama-3.3-70B-Instruct,deepseek-v4-flash,1770,0.4378,0.0005
violation+judgment,alfworld,Llama-3.3-70B-Instruct,deepseek-v4-flash,1785,0.4378,0.0005
violation+judgment,alfworld,Llama-3.3-70B-Instruct,deepseek-v4-flash,1800,0.4382,0.0005
violation+judgment,alfworld,Llama-3.3-70B-Instruct,deepseek-v4-flash,1815,0.4382,0.0005
violation+judgment,alfworld,Llama-3.3-70B-Instruct,deepseek-v4-flash,1830,0.4386,0.0005
violation+judgment,alfworld,Llama-3.3-70B-Instruct,deepseek-v4-flash,1845,0.4390,0.0005
violation+judgment,alfworld,Llama-3.3-70B-Instruct,deepseek-v4-flash,1860,0.4390,0.0005
violation+judgment,alfworld,Llama-3.3-70B-Instruct,deepseek-v4-flash,1875,0.4388,0.0005
violation+judgment,alfworld,Llama-3.3-70B-Instruct,deepseek-v4-flash,1890,0.4380,0.0005
violation+judgment,alfworld,Llama-3.3-70B-Instruct,deepseek-v4-flash,1905,0.4387,0.0005
violation+judgment,alfworld,Llama-3.3-70B-Instruct,deepseek-v4-flash,1920,0.4392,0.0005
violation+judgment,alfworld,Llama-3.3-70B-Instruct,deepseek-v4-flash,1935,0.4389,0.0005
violation+judgment,alfworld,Llama-3.3-70B-Instruct,deepseek-v4-flash,1950,0.4392,0.0005
violation+judgment,alfworld,Llama-3.3-70B-Instruct,deepseek-v4-flash,1965,0.4385,0.0006
violation+judgment,alfworld,Llama-3.3-70B-Instruct,deepseek-v4-flash,1980,0.4379,0.0005
violation+judgment,alfworld,Llama-3.3-70B-Instruct,deepseek-v4-flash,1995,0.4372,0.0005
violation+judgment,alfworld,Llama-3.3-70B-Instruct,deepseek-v4-flash,2010,0.4369,0.0005
violation+judgment,alfworld,Llama-3.3-70B-Instruct,deepseek-v4-flash,2025,0.4371,0.0005
violation+judgment,alfworld,Llama-3.3-70B-Instruct,deepseek-v4-flash,2040,0.4371,0.0005
violation+judgment,alfworld,Llama-3.3-70B-Instruct,deepseek-v4-flash,2055,0.4374,0.0005
violation+judgment,alfworld,Llama-3.3-70B-Instruct,deepseek-v4-flash,2070,0.4376,0.0005
violation+judgment,alfworld,Llama-3.3-70B-Instruct,deepseek-v4-flash,2085,0.4370,0.0005
violation+judgment,alfworld,Llama-3.3-70B-Instruct,deepseek-v4-flash,2100,0.4364,0.0005
violation+judgment,alfworld,Llama-3.3-70B-Instruct,deepseek-v4-flash,2115,0.4359,0.0005
violation+judgment,alfworld,Llama-3.3-70B-Instruct,deepseek-v4-flash,2130,0.4358,0.0005
violation+judgment,alfworld,Llama-3.3-70B-Instruct,deepseek-v4-flash,2145,0.4362,0.0005
violation+judgment,alfworld,Llama-3.3-70B-Instruct,deepseek-v4-flash,2160,0.4365,0.0005
violation+judgment,alfworld,Llama-3.3-70B-Instruct,deepseek-v4-flash,2175,0.4369,0.0005
violation+judgment,alfworld,Llama-3.3-70B-Instruct,deepseek-v4-flash,2190,0.4372,0.0005
violation+judgment,alfworld,Llama-3.3-70B-Instruct,deepseek-v4-flash,2205,0.4379,0.0005
violation+judgment,alfworld,Llama-3.3-70B-Instruct,deepseek-v4-flash,2220,0.4378,0.0005
violation+judgment,alfworld,Llama-3.3-70B-Instruct,deepseek-v4-flash,2235,0.4375,0.0005
violation+judgment,alfworld,Llama-3.3-70B-Instruct,deepseek-v4-flash,2250,0.4374,0.0005
violation+judgment,alfworld,Llama-3.3-70B-Instruct,deepseek-v4-flash,2265,0.4373,0.0005
violation+judgment,alfworld,Llama-3.3-70B-Instruct,deepseek-v4-flash,2280,0.4372,0.0005
violation+judgment,alfworld,Llama-3.3-70B-Instruct,deepseek-v4-flash,2295,0.4378,0.0005
violation+judgment,alfworld,Llama-3.3-70B-Instruct,deepseek-v4-flash,2310,0.4384,0.0005
violation+judgment,alfworld,Llama-3.3-70B-Instruct,deepseek-v4-flash,2325,0.4384,0.0005
violation+judgment,alfworld,Llama-3.3-70B-Instruct,deepseek-v4-flash,2340,0.4386,0.0005
violation+judgment,alfworld,Llama-3.3-70B-Instruct,deepseek-v4-flash,2355,0.4385,0.0005
violation+judgment,alfworld,Llama-3.3-70B-Instruct,deepseek-v4-flash,2370,0.4386,0.0005
violation+judgment,alfworld,Llama-3.3-70B-Instruct,deepseek-v4-flash,2385,0.4388,0.0005
violation+judgment,alfworld,Llama-3.3-70B-Instruct,deepseek-v4-flash,2400,0.4391,0.0005
violation+judgment,alfworld,Llama-3.3-70B-Instruct,deepseek-v4-flash,2415,0.4392,0.0005
violation+judgment,alfworld,Llama-3.3-70B-Instruct,deepseek-v4-flash,2430,0.4391,0.0005
violation+judgment,alfworld,Llama-3.3-70B-Instruct,deepseek-v4-flash,2445,0.4394,0.0005
violation+judgment,alfworld,Llama-3.3-70B-Instruct,deepseek-v4-flash,2460,0.4394,0.0005
violation+judgment,alfworld,Llama-3.3-70B-Instruct,deepseek-v4-flash,2475,0.4396,0.0005
violation+judgment,alfworld,Llama-3.3-70B-Instruct,deepseek-v4-flash,2490,0.4394,0.0005
violation+judgment,alfworld,Llama-3.3-70B-Instruct,deepseek-v4-flash,2505,0.4393,0.0005
violation+judgment,alfworld,Llama-3.3-70B-Instruct,deepseek-v4-flash,2520,0.4394,0.0005
violation+judgment,alfworld,Llama-3.3-70B-Instruct,deepseek-v4-flash,2535,0.4396,0.0005
violation+judgment,alfworld,Llama-3.3-70B-Instruct,deepseek-v4-flash,2550,0.4398,0.0005
violation+judgment,alfworld,Llama-3.3-70B-Instruct,deepseek-v4-flash,2565,0.4399,0.0005
violation+judgment,alfworld,Llama-3.3-70B-Instruct,deepseek-v4-flash,2580,0.4403,0.0005
violation+judgment,alfworld,Llama-3.3-70B-Instruct,deepseek-v4-flash,2595,0.4408,0.0005
violation+judgment,alfworld,Llama-3.3-70B-Instruct,deepseek-v4-flash,2610,0.4411,0.0005
violation+judgment,alfworld,Llama-3.3-70B-Instruct,deepseek-v4-flash,2625,0.4410,0.0005
violation+judgment,alfworld,Llama-3.3-70B-Instruct,deepseek-v4-flash,2640,0.4412,0.0005
violation+judgment,alfworld,Llama-3.3-70B-Instruct,deepseek-v4-flash,2655,0.4412,0.0005
violation+judgment,alfworld,Llama-3.3-70B-Instruct,deepseek-v4-flash,2670,0.4413,0.0005
violation+judgment,alfworld,Llama-3.3-70B-Instruct,deepseek-v4-flash,2685,0.4416,0.0005
violation+judgment,alfworld,Llama-3.3-70B-Instruct,deepseek-v4-flash,2700,0.4414,0.0005
violation+judgment,alfworld,Llama-3.3-70B-Instruct,deepseek-v4-flash,2715,0.4412,0.0005
violation+judgment,alfworld,Llama-3.3-70B-Instruct,deepseek-v4-flash,2730,0.4412,0.0005
violation+judgment,alfworld,Llama-3.3-70B-Instruct,deepseek-v4-flash,2745,0.4407,0.0005
violation+judgment,alfworld,Llama-3.3-70B-Instruct,deepseek-v4-flash,2760,0.4400,0.0005
violation+judgment,alfworld,Llama-3.3-70B-Instruct,deepseek-v4-flash,2775,0.4399,0.0005
violation+judgment,alfworld,Llama-3.3-70B-Instruct,deepseek-v4-flash,2790,0.4398,0.0005
violation+judgment,alfworld,Llama-3.3-70B-Instruct,deepseek-v4-flash,2805,0.4397,0.0005
violation+judgment,alfworld,Llama-3.3-70B-Instruct,deepseek-v4-flash,2820,0.4399,0.0005
violation+judgment,alfworld,Llama-3.3-70B-Instruct,deepseek-v4-flash,2835,0.4399,0.0005
violation+judgment,alfworld,Llama-3.3-70B-Instruct,deepseek-v4-flash,2850,0.4396,0.0005
violation+judgment,alfworld,Llama-3.3-70B-Instruct,deepseek-v4-flash,2865,0.4396,0.0005
violation+judgment,alfworld,Llama-3.3-70B-Instruct,deepseek-v4-flash,2880,0.4397,0.0005
violation+judgment,alfworld,Llama-3.3-70B-Instruct,deepseek-v4-flash,2895,0.4399,0.0005
violation+judgment,alfworld,Llama-3.3-70B-Instruct,deepseek-v4-flash,2910,0.4396,0.0004
violation+judgment,alfworld,Llama-3.3-70B-Instruct,deepseek-v4-flash,2925,0.4397,0.0005
violation+judgment,alfworld,Llama-3.3-70B-Instruct,deepseek-v4-flash,2940,0.4395,0.0005
violation+judgment,alfworld,Llama-3.3-70B-Instruct,deepseek-v4-flash,2955,0.4394,0.0005
violation+judgment,alfworld,Llama-3.3-70B-Instruct,deepseek-v4-flash,2970,0.4394,0.0005
violation+judgment,alfworld,Llama-3.3-70B-Instruct,deepseek-v4-flash,2985,0.4393,0.0005
violation+judgment,alfworld,Llama-3.3-70B-Instruct,deepseek-v4-flash,3000,0.4392,0.0005
violation+judgment,alfworld,Llama-3.3-70B-Instruct,deepseek-v4-flash,3015,0.4393,0.0005
violation+judgment,alfworld,Llama-3.3-70B-Instruct,deepseek-v4-flash,3030,0.4392,0.0005
violation+judgment,alfworld,Llama-3.3-70B-Instruct,deepseek-v4-flash,3045,0.4393,0.0004
violation+judgment,alfworld,Llama-3.3-70B-Instruct,deepseek-v4-flash,3060,0.4395,0.0004
violation+judgment,alfworld,Llama-3.3-70B-Instruct,gemma-3-4b-it,0,0.5833,0.8520
violation+judgment,alfworld,Llama-3.3-70B-Instruct,gemma-3-4b-it,32,0.5833,0.8520
violation+judgment,alfworld,Llama-3.3-70B-Instruct,gemma-3-4b-it,64,0.5833,0.8520
violation+judgment,alfworld,Llama-3.3-70B-Instruct,gemma-3-4b-it,96,0.5833,0.8520
violation+judgment,alfworld,Llama-3.3-70B-Instruct,gemma-3-4b-it,128,0.8584,0.9987
violation+judgment,alfworld,Llama-3.3-70B-Instruct,gemma-3-4b-it,160,0.8585,0.9977
violation+judgment,alfworld,Llama-3.3-70B-Instruct,gemma-3-4b-it,192,0.8603,0.9986
violation+judgment,alfworld,Llama-3.3-70B-Instruct,gemma-3-4b-it,224,0.8599,0.9982
violation+judgment,alfworld,Llama-3.3-70B-Instruct,gemma-3-4b-it,256,0.8581,0.9978
violation+judgment,alfworld,Llama-3.3-70B-Instruct,gemma-3-4b-it,288,0.8574,0.9980
violation+judgment,alfworld,Llama-3.3-70B-Instruct,gemma-3-4b-it,320,0.8586,0.9985
violation+judgment,alfworld,Llama-3.3-70B-Instruct,gemma-3-4b-it,352,0.8574,0.9984
violation+judgment,alfworld,Llama-3.3-70B-Instruct,gemma-3-4b-it,384,0.8584,0.9988
violation+judgment,alfworld,Llama-3.3-70B-Instruct,gemma-3-4b-it,416,0.8576,0.9991
violation+judgment,alfworld,Llama-3.3-70B-Instruct,gemma-3-4b-it,448,0.8568,0.9992
violation+judgment,alfworld,Llama-3.3-70B-Instruct,gemma-3-4b-it,480,0.8567,0.9991
violation+judgment,alfworld,Llama-3.3-70B-Instruct,gemma-3-4b-it,512,0.8580,0.9991
violation+judgment,alfworld,Llama-3.3-70B-Instruct,gemma-3-4b-it,544,0.8587,0.9991
violation+judgment,alfworld,Llama-3.3-70B-Instruct,gemma-3-4b-it,576,0.8591,0.9991
violation+judgment,alfworld,Llama-3.3-70B-Instruct,gemma-3-4b-it,608,0.8597,0.9991
violation+judgment,alfworld,Llama-3.3-70B-Instruct,gemma-3-4b-it,640,0.8596,0.9991
violation+judgment,alfworld,Llama-3.3-70B-Instruct,gemma-3-4b-it,672,0.8594,0.9990
violation+judgment,alfworld,Llama-3.3-70B-Instruct,gemma-3-4b-it,704,0.8592,0.9989
violation+judgment,alfworld,Llama-3.3-70B-Instruct,gemma-3-4b-it,736,0.8598,0.9990
violation+judgment,alfworld,Llama-3.3-70B-Instruct,gemma-3-4b-it,768,0.8597,0.9988
violation+judgment,alfworld,Llama-3.3-70B-Instruct,gemma-3-4b-it,800,0.8601,0.9990
violation+judgment,alfworld,Llama-3.3-70B-Instruct,gemma-3-4b-it,832,0.8606,0.9990
violation+judgment,alfworld,Llama-3.3-70B-Instruct,gemma-3-4b-it,864,0.8604,0.9991
violation+judgment,alfworld,Llama-3.3-70B-Instruct,gemma-3-4b-it,896,0.8607,0.9991
violation+judgment,alfworld,Llama-3.3-70B-Instruct,gemma-3-4b-it,928,0.8608,0.9992
violation+judgment,alfworld,Llama-3.3-70B-Instruct,gemma-3-4b-it,960,0.8606,0.9992
violation+judgment,alfworld,Llama-3.3-70B-Instruct,gemma-3-4b-it,992,0.8606,0.9992
violation+judgment,alfworld,Llama-3.3-70B-Instruct,gemma-3-4b-it,1024,0.8611,0.9992
violation+judgment,alfworld,Llama-3.3-70B-Instruct,gemma-3-4b-it,1056,0.8615,0.9992
violation+judgment,alfworld,Llama-3.3-70B-Instruct,gemma-3-4b-it,1088,0.8610,0.9992
violation+judgment,alfworld,Llama-3.3-70B-Instruct,gemma-3-4b-it,1120,0.8612,0.9992
violation+judgment,alfworld,Llama-3.3-70B-Instruct,gemma-3-4b-it,1152,0.8609,0.9992
violation+judgment,alfworld,Llama-3.3-70B-Instruct,gemma-3-4b-it,1184,0.8603,0.9991
violation+judgment,alfworld,Llama-3.3-70B-Instruct,gemma-3-4b-it,1216,0.8609,0.9992
violation+judgment,alfworld,Llama-3.3-70B-Instruct,gemma-3-4b-it,1248,0.8605,0.9991
violation+judgment,alfworld,Llama-3.3-70B-Instruct,gemma-3-4b-it,1280,0.8605,0.9991
violation+judgment,alfworld,Llama-3.3-70B-Instruct,gemma-3-4b-it,1312,0.8608,0.9991
violation+judgment,alfworld,Llama-3.3-70B-Instruct,gemma-3-4b-it,1344,0.8602,0.9991
violation+judgment,alfworld,Llama-3.3-70B-Instruct,gemma-3-4b-it,1376,0.8601,0.9991
violation+judgment,alfworld,Llama-3.3-70B-Instruct,gemma-3-4b-it,1408,0.8601,0.9991
violation+judgment,alfworld,Llama-3.3-70B-Instruct,gemma-3-4b-it,1440,0.8603,0.9992
violation+judgment,alfworld,Llama-3.3-70B-Instruct,gemma-3-4b-it,1472,0.8597,0.9991
violation+judgment,alfworld,Llama-3.3-70B-Instruct,gemma-3-4b-it,1504,0.8597,0.9992
violation+judgment,alfworld,Llama-3.3-70B-Instruct,gemma-3-4b-it,1536,0.8600,0.9992
violation+judgment,alfworld,Llama-3.3-70B-Instruct,gemma-3-4b-it,1568,0.8600,0.9992
violation+judgment,alfworld,Llama-3.3-70B-Instruct,gemma-3-4b-it,1600,0.8602,0.9991
violation+judgment,alfworld,Llama-3.3-70B-Instruct,gemma-3-4b-it,1632,0.8605,0.9992
violation+judgment,alfworld,Llama-3.3-70B-Instruct,gemma-3-4b-it,1664,0.8602,0.9991
violation+judgment,alfworld,Llama-3.3-70B-Instruct,gemma-3-4b-it,1696,0.8602,0.9992
violation+judgment,alfworld,Llama-3.3-70B-Instruct,gemma-3-4b-it,1728,0.8603,0.9992
violation+judgment,alfworld,Llama-3.3-70B-Instruct,gemma-3-4b-it,1760,0.8602,0.9992
violation+judgment,alfworld,Llama-3.3-70B-Instruct,gemma-3-4b-it,1792,0.8603,0.9992
violation+judgment,alfworld,Llama-3.3-70B-Instruct,gemma-3-4b-it,1824,0.8603,0.9992
violation+judgment,alfworld,Llama-3.3-70B-Instruct,gemma-3-4b-it,1856,0.8604,0.9992
violation+judgment,alfworld,Llama-3.3-70B-Instruct,gemma-3-4b-it,1888,0.8606,0.9991
violation+judgment,alfworld,Llama-3.3-70B-Instruct,gemma-3-4b-it,1920,0.8605,0.9991
violation+judgment,alfworld,Llama-3.3-70B-Instruct,gemma-3-4b-it,1952,0.8604,0.9991
violation+judgment,alfworld,Llama-3.3-70B-Instruct,gemma-3-4b-it,1984,0.8605,0.9991
violation+judgment,alfworld,Llama-3.3-70B-Instruct,gemma-3-4b-it,2016,0.8607,0.9992
violation+judgment,alfworld,Llama-3.3-70B-Instruct,gemma-3-4b-it,2048,0.8607,0.9992
violation+judgment,alfworld,Llama-3.3-70B-Instruct,gemma-3-4b-it,2080,0.8606,0.9992
violation+judgment,alfworld,Llama-3.3-70B-Instruct,gemma-3-4b-it,2112,0.8608,0.9992
violation+judgment,alfworld,Llama-3.3-70B-Instruct,gemma-3-4b-it,2144,0.8611,0.9992
violation+judgment,alfworld,Llama-3.3-70B-Instruct,gemma-3-4b-it,2176,0.8612,0.9993
violation+judgment,alfworld,Llama-3.3-70B-Instruct,gemma-3-4b-it,2208,0.8612,0.9993
violation+judgment,alfworld,Llama-3.3-70B-Instruct,gemma-3-4b-it,2240,0.8608,0.9993
violation+judgment,alfworld,Llama-3.3-70B-Instruct,gemma-3-4b-it,2272,0.8609,0.9993
violation+judgment,alfworld,Llama-3.3-70B-Instruct,gemma-3-4b-it,2304,0.8608,0.9993
violation+judgment,alfworld,Llama-3.3-70B-Instruct,gemma-3-4b-it,2336,0.8610,0.9993
violation+judgment,alfworld,Llama-3.3-70B-Instruct,gemma-3-4b-it,2368,0.8609,0.9993
violation+judgment,alfworld,Llama-3.3-70B-Instruct,gemma-3-4b-it,2400,0.8608,0.9993
violation+judgment,alfworld,Llama-3.3-70B-Instruct,gemma-3-4b-it,2432,0.8608,0.9993
violation+judgment,alfworld,Llama-3.3-70B-Instruct,gemma-3-4b-it,2464,0.8607,0.9993
violation+judgment,alfworld,Llama-3.3-70B-Instruct,gemma-3-4b-it,2496,0.8609,0.9993
violation+judgment,alfworld,Llama-3.3-70B-Instruct,gemma-3-4b-it,2528,0.8612,0.9994
violation+judgment,alfworld,Llama-3.3-70B-Instruct,gemma-3-4b-it,2560,0.8610,0.9993
violation+judgment,alfworld,Llama-3.3-70B-Instruct,gemma-3-4b-it,2592,0.8610,0.9993
violation+judgment,alfworld,Llama-3.3-70B-Instruct,gemma-3-4b-it,2624,0.8609,0.9993
violation+judgment,alfworld,Llama-3.3-70B-Instruct,gemma-3-4b-it,2656,0.8609,0.9993
violation+judgment,alfworld,Llama-3.3-70B-Instruct,gemma-3-4b-it,2688,0.8609,0.9993
violation+judgment,alfworld,Llama-3.3-70B-Instruct,gemma-3-4b-it,2720,0.8609,0.9993
violation+judgment,alfworld,Llama-3.3-70B-Instruct,gemma-3-4b-it,2752,0.8611,0.9993
violation+judgment,alfworld,Llama-3.3-70B-Instruct,gemma-3-4b-it,2784,0.8612,0.9993
violation+judgment,alfworld,Llama-3.3-70B-Instruct,gemma-3-4b-it,2816,0.8611,0.9993
violation+judgment,alfworld,Llama-3.3-70B-Instruct,gemma-3-4b-it,2848,0.8610,0.9993
violation+judgment,alfworld,Llama-3.3-70B-Instruct,gemma-3-4b-it,2880,0.8608,0.9993
violation+judgment,alfworld,Llama-3.3-70B-Instruct,gemma-3-4b-it,2912,0.8609,0.9993
violation+judgment,alfworld,Llama-3.3-70B-Instruct,gemma-3-4b-it,2944,0.8609,0.9993
violation+judgment,alfworld,Llama-3.3-70B-Instruct,gemma-3-4b-it,2976,0.8607,0.9993
violation+judgment,alfworld,Llama-3.3-70B-Instruct,gemma-3-4b-it,3008,0.8608,0.9993
violation+judgment,alfworld,Llama-3.3-70B-Instruct,gemma-3-4b-it,3040,0.8610,0.9993
violation+judgment,alfworld,Llama-3.3-70B-Instruct,gemma-3-4b-it,3072,0.8610,0.9993
violation+judgment,alfworld,Llama-3.3-70B-Instruct,gemma-3-4b-it,3104,0.8610,0.9993
violation+judgment,alfworld,Llama-3.3-70B-Instruct,gemma-3-4b-it,3136,0.8611,0.9993
violation+judgment,alfworld,Llama-3.3-70B-Instruct,gemma-3-4b-it,3168,0.8611,0.9993
violation+judgment,alfworld,Llama-3.3-70B-Instruct,gemma-3-4b-it,3200,0.8614,0.9993
violation+judgment,alfworld,Llama-3.3-70B-Instruct,gemma-3-4b-it,3232,0.8616,0.9993
violation+judgment,alfworld,Llama-3.3-70B-Instruct,gemma-3-4b-it,3264,0.8618,0.9994
violation+judgment,alfworld,Llama-3.3-70B-Instruct,gemma-3-4b-it,3296,0.8618,0.9994
violation+judgment,alfworld,Llama-3.3-70B-Instruct,gemma-3-4b-it,3328,0.8619,0.9994
violation+judgment,alfworld,Llama-3.3-70B-Instruct,gemma-3-4b-it,3360,0.8620,0.9994
violation+judgment,alfworld,Llama-3.3-70B-Instruct,gemma-3-4b-it,3392,0.8620,0.9994
violation+judgment,alfworld,Llama-3.3-70B-Instruct,gemma-3-4b-it,3424,0.8621,0.9994
violation+judgment,alfworld,Llama-3.3-70B-Instruct,gemma-3-4b-it,3456,0.8619,0.9994
violation+judgment,alfworld,Llama-3.3-70B-Instruct,gemma-3-4b-it,3488,0.8616,0.9994
violation+judgment,alfworld,Llama-3.3-70B-Instruct,gemma-3-4b-it,3520,0.8617,0.9994
violation+judgment,alfworld,Llama-3.3-70B-Instruct,gemma-3-4b-it,3552,0.8615,0.9994
violation+judgment,alfworld,Llama-3.3-70B-Instruct,gemma-3-4b-it,3584,0.8614,0.9993
violation+judgment,alfworld,Llama-3.3-70B-Instruct,gemma-3-4b-it,3616,0.8615,0.9993
violation+judgment,alfworld,Llama-3.3-70B-Instruct,gemma-3-4b-it,3648,0.8616,0.9993
violation+judgment,alfworld,Llama-3.3-70B-Instruct,gemma-3-4b-it,3680,0.8618,0.9994
violation+judgment,alfworld,Llama-3.3-70B-Instruct,gemma-3-4b-it,3712,0.8618,0.9993
violation+judgment,alfworld,Llama-3.3-70B-Instruct,gemma-3-4b-it,3744,0.8619,0.9994
violation+judgment,alfworld,Llama-3.3-70B-Instruct,gemma-3-4b-it,3776,0.8619,0.9994
violation+judgment,alfworld,Llama-3.3-70B-Instruct,gemma-3-4b-it,3808,0.8620,0.9994
violation+judgment,alfworld,Llama-3.3-70B-Instruct,gemma-3-4b-it,3840,0.8619,0.9994
violation+judgment,alfworld,Llama-3.3-70B-Instruct,gemma-3-4b-it,3872,0.8617,0.9994
violation+judgment,alfworld,Llama-3.3-70B-Instruct,gemma-3-4b-it,3904,0.8618,0.9994
violation+judgment,alfworld,Llama-3.3-70B-Instruct,gemma-3-4b-it,3936,0.8618,0.9994
violation+judgment,alfworld,Llama-3.3-70B-Instruct,gemma-3-4b-it,3968,0.8617,0.9994
violation+judgment,alfworld,Llama-3.3-70B-Instruct,gemma-3-4b-it,4000,0.8618,0.9994
violation+judgment,alfworld,Llama-3.3-70B-Instruct,gemma-3-4b-it,4032,0.8618,0.9994
violation+judgment,alfworld,Llama-3.3-70B-Instruct,gemma-3-4b-it,4064,0.8617,0.9994
violation+judgment,alfworld,Llama-3.3-70B-Instruct,gemma-3-4b-it,4096,0.8617,0.9994
violation+judgment,alfworld,Llama-3.3-70B-Instruct,gemma-3-4b-it,4128,0.8619,0.9994
violation+judgment,alfworld,Llama-3.3-70B-Instruct,gemma-3-4b-it,4160,0.8619,0.9994
violation+judgment,alfworld,Llama-3.3-70B-Instruct,gemma-3-4b-it,4192,0.8619,0.9994
violation+judgment,alfworld,Llama-3.3-70B-Instruct,gemma-3-4b-it,4224,0.8620,0.9994
violation+judgment,alfworld,Llama-3.3-70B-Instruct,gemma-3-4b-it,4256,0.8620,0.9994
violation+judgment,alfworld,Llama-3.3-70B-Instruct,gemma-3-4b-it,4288,0.8620,0.9994
violation+judgment,alfworld,Llama-3.3-70B-Instruct,gemma-3-4b-it,4320,0.8620,0.9994
violation+judgment,alfworld,Llama-3.3-70B-Instruct,gemma-3-4b-it,4352,0.8619,0.9994
violation+judgment,alfworld,Llama-3.3-70B-Instruct,gemma-3-4b-it,4384,0.8619,0.9994
violation+judgment,alfworld,Llama-3.3-70B-Instruct,gemma-3-4b-it,4416,0.8619,0.9994
violation+judgment,alfworld,Llama-3.3-70B-Instruct,gemma-3-4b-it,4448,0.8620,0.9994
violation+judgment,alfworld,Llama-3.3-70B-Instruct,gemma-3-4b-it,4480,0.8620,0.9994
violation+judgment,alfworld,Llama-3.3-70B-Instruct,gemma-3-4b-it,4512,0.8621,0.9994
violation+judgment,alfworld,Llama-3.3-70B-Instruct,gemma-3-4b-it,4544,0.8621,0.9994
violation+judgment,alfworld,Llama-3.3-70B-Instruct,gemma-3-4b-it,4576,0.8620,0.9994
violation+judgment,alfworld,Llama-3.3-70B-Instruct,gemma-3-4b-it,4608,0.8621,0.9994
violation+judgment,alfworld,Llama-3.3-70B-Instruct,gemma-3-4b-it,4640,0.8620,0.9994
violation+judgment,alfworld,Llama-3.3-70B-Instruct,gemma-3-4b-it,4672,0.8622,0.9994
violation+judgment,alfworld,Llama-3.3-70B-Instruct,gemma-3-4b-it,4704,0.8623,0.9994
violation+judgment,alfworld,Llama-3.3-70B-Instruct,gemma-3-4b-it,4736,0.8622,0.9994
violation+judgment,alfworld,Llama-3.3-70B-Instruct,gemma-3-4b-it,4768,0.8622,0.9994
violation+judgment,alfworld,Llama-3.3-70B-Instruct,gemma-3-4b-it,4800,0.8623,0.9994
violation+judgment,alfworld,Llama-3.3-70B-Instruct,gemma-3-4b-it,4832,0.8623,0.9994
violation+judgment,alfworld,Llama-3.3-70B-Instruct,gemma-3-4b-it,4864,0.8624,0.9995
violation+judgment,alfworld,Llama-3.3-70B-Instruct,gemma-3-4b-it,4896,0.8625,0.9994
violation+judgment,alfworld,Llama-3.3-70B-Instruct,gemma-3-4b-it,4928,0.8625,0.9994
violation+judgment,alfworld,Llama-3.3-70B-Instruct,gemma-3-4b-it,4960,0.8626,0.9995
violation+judgment,alfworld,Llama-3.3-70B-Instruct,gemma-3-4b-it,4992,0.8626,0.9995
violation+judgment,alfworld,Llama-3.3-70B-Instruct,gemma-3-4b-it,5024,0.8627,0.9995
violation+judgment,alfworld,Llama-3.3-70B-Instruct,gemma-3-4b-it,5056,0.8626,0.9995
violation+judgment,alfworld,Llama-3.3-70B-Instruct,gemma-3-4b-it,5088,0.8627,0.9995
violation+judgment,alfworld,Llama-3.3-70B-Instruct,gemma-3-4b-it,5120,0.8627,0.9995
violation+judgment,alfworld,Llama-3.3-70B-Instruct,gemma-3-4b-it,5152,0.8625,0.9995
violation+judgment,alfworld,Llama-3.3-70B-Instruct,gemma-3-4b-it,5184,0.8624,0.9994
violation+judgment,alfworld,Llama-3.3-70B-Instruct,gemma-3-4b-it,5216,0.8624,0.9994
violation+judgment,alfworld,Llama-3.3-70B-Instruct,gemma-3-4b-it,5248,0.8625,0.9994
violation+judgment,alfworld,Llama-3.3-70B-Instruct,gemma-3-4b-it,5280,0.8625,0.9995
violation+judgment,alfworld,Llama-3.3-70B-Instruct,gemma-3-4b-it,5312,0.8626,0.9995
violation+judgment,alfworld,Llama-3.3-70B-Instruct,gemma-3-4b-it,5344,0.8626,0.9995
violation+judgment,alfworld,Llama-3.3-70B-Instruct,gemma-3-4b-it,5376,0.8626,0.9995
violation+judgment,alfworld,Llama-3.3-70B-Instruct,gemma-3-4b-it,5408,0.8626,0.9995
violation+judgment,alfworld,Llama-3.3-70B-Instruct,gemma-3-4b-it,5440,0.8626,0.9995
violation+judgment,alfworld,Llama-3.3-70B-Instruct,gemma-3-4b-it,5472,0.8626,0.9995
violation+judgment,alfworld,Llama-3.3-70B-Instruct,gemma-3-4b-it,5504,0.8626,0.9995
violation+judgment,alfworld,Llama-3.3-70B-Instruct,gemma-3-4b-it,5536,0.8627,0.9995
violation+judgment,alfworld,Llama-3.3-70B-Instruct,gemma-3-4b-it,5568,0.8628,0.9995
violation+judgment,alfworld,Llama-3.3-70B-Instruct,gemma-3-4b-it,5600,0.8628,0.9994
violation+judgment,alfworld,Llama-3.3-70B-Instruct,gemma-3-4b-it,5632,0.8627,0.9995
violation+judgment,alfworld,Llama-3.3-70B-Instruct,gemma-3-4b-it,5664,0.8627,0.9995
violation+judgment,alfworld,Llama-3.3-70B-Instruct,gemma-3-4b-it,5696,0.8626,0.9995
violation+judgment,alfworld,Llama-3.3-70B-Instruct,gemma-3-4b-it,5728,0.8625,0.9994
violation+judgment,alfworld,Llama-3.3-70B-Instruct,gemma-3-4b-it,5760,0.8625,0.9994
violation+judgment,alfworld,Llama-3.3-70B-Instruct,gemma-3-4b-it,5792,0.8626,0.9995
violation+judgment,alfworld,Llama-3.3-70B-Instruct,gemma-3-4b-it,5824,0.8625,0.9994
violation+judgment,alfworld,Llama-3.3-70B-Instruct,gemma-3-4b-it,5856,0.8626,0.9994
violation+judgment,alfworld,Llama-3.3-70B-Instruct,gemma-3-4b-it,5888,0.8626,0.9994
violation+judgment,alfworld,Llama-3.3-70B-Instruct,gemma-3-4b-it,5920,0.8626,0.9994
violation+judgment,alfworld,Llama-3.3-70B-Instruct,gemma-3-4b-it,5952,0.8626,0.9994
violation+judgment,alfworld,Llama-3.3-70B-Instruct,gemma-3-4b-it,5984,0.8628,0.9995
violation+judgment,alfworld,Llama-3.3-70B-Instruct,gemma-3-4b-it,6016,0.8627,0.9994
violation+judgment,alfworld,Llama-3.3-70B-Instruct,gemma-3-4b-it,6048,0.8627,0.9995
violation+judgment,alfworld,Llama-3.3-70B-Instruct,gemma-3-4b-it,6080,0.8629,0.9995
violation+judgment,alfworld,Llama-3.3-70B-Instruct,gemma-3-4b-it,6112,0.8628,0.9994
violation+judgment,alfworld,Llama-3.3-70B-Instruct,gemma-3-4b-it,6144,0.8628,0.9994
violation+judgment,alfworld,Llama-3.3-70B-Instruct,gemma-3-4b-it,6176,0.8629,0.9994
violation+judgment,alfworld,Llama-3.3-70B-Instruct,gemma-3-4b-it,6208,0.8628,0.9994
violation+judgment,alfworld,Llama-3.3-70B-Instruct,gemma-3-4b-it,6240,0.8628,0.9994
violation+judgment,alfworld,Llama-3.3-70B-Instruct,gemma-3-4b-it,6272,0.8628,0.9994
violation+judgment,alfworld,Llama-3.3-70B-Instruct,gemma-3-4b-it,6304,0.8629,0.9994
violation+judgment,alfworld,Llama-3.3-70B-Instruct,gemma-3-4b-it,6336,0.8627,0.9994
violation+judgment,alfworld,Llama-3.3-70B-Instruct,gemma-3-4b-it,6368,0.8627,0.9994
violation+judgment,alfworld,Llama-3.3-70B-Instruct,gemma-3-4b-it,6400,0.8628,0.9994
violation+judgment,alfworld,Llama-3.3-70B-Instruct,gemma-3-4b-it,6432,0.8628,0.9994
violation+judgment,alfworld,Llama-3.3-70B-Instruct,gemma-3-4b-it,6464,0.8629,0.9994
violation+judgment,alfworld,Llama-3.3-70B-Instruct,gemma-3-4b-it,6496,0.8629,0.9994
violation+judgment,alfworld,Qwen3.6-35B-A3B,Llama-3.3-70B-Instruct,0,0.6587,0.7761
violation+judgment,alfworld,Qwen3.6-35B-A3B,Llama-3.3-70B-Instruct,21,0.6587,0.7761
violation+judgment,alfworld,Qwen3.6-35B-A3B,Llama-3.3-70B-Instruct,42,0.6587,0.7761
violation+judgment,alfworld,Qwen3.6-35B-A3B,Llama-3.3-70B-Instruct,63,0.6587,0.7761
violation+judgment,alfworld,Qwen3.6-35B-A3B,Llama-3.3-70B-Instruct,84,0.6587,0.7761
violation+judgment,alfworld,Qwen3.6-35B-A3B,Llama-3.3-70B-Instruct,105,0.6516,0.5773
violation+judgment,alfworld,Qwen3.6-35B-A3B,Llama-3.3-70B-Instruct,126,0.6749,0.5968
violation+judgment,alfworld,Qwen3.6-35B-A3B,Llama-3.3-70B-Instruct,147,0.6843,0.6097
violation+judgment,alfworld,Qwen3.6-35B-A3B,Llama-3.3-70B-Instruct,168,0.6754,0.6063
violation+judgment,alfworld,Qwen3.6-35B-A3B,Llama-3.3-70B-Instruct,189,0.6827,0.6076
violation+judgment,alfworld,Qwen3.6-35B-A3B,Llama-3.3-70B-Instruct,210,0.6757,0.6085
violation+judgment,alfworld,Qwen3.6-35B-A3B,Llama-3.3-70B-Instruct,231,0.6845,0.6102
violation+judgment,alfworld,Qwen3.6-35B-A3B,Llama-3.3-70B-Instruct,252,0.6753,0.6012
violation+judgment,alfworld,Qwen3.6-35B-A3B,Llama-3.3-70B-Instruct,273,0.6743,0.6033
violation+judgment,alfworld,Qwen3.6-35B-A3B,Llama-3.3-70B-Instruct,294,0.6717,0.6009
violation+judgment,alfworld,Qwen3.6-35B-A3B,Llama-3.3-70B-Instruct,315,0.6663,0.5978
violation+judgment,alfworld,Qwen3.6-35B-A3B,Llama-3.3-70B-Instruct,336,0.6650,0.6000
violation+judgment,alfworld,Qwen3.6-35B-A3B,Llama-3.3-70B-Instruct,357,0.6688,0.6021
violation+judgment,alfworld,Qwen3.6-35B-A3B,Llama-3.3-70B-Instruct,378,0.6668,0.5993
violation+judgment,alfworld,Qwen3.6-35B-A3B,Llama-3.3-70B-Instruct,399,0.6697,0.6012
violation+judgment,alfworld,Qwen3.6-35B-A3B,Llama-3.3-70B-Instruct,420,0.6708,0.6013
violation+judgment,alfworld,Qwen3.6-35B-A3B,Llama-3.3-70B-Instruct,441,0.6655,0.6014
violation+judgment,alfworld,Qwen3.6-35B-A3B,Llama-3.3-70B-Instruct,462,0.6646,0.6003
violation+judgment,alfworld,Qwen3.6-35B-A3B,Llama-3.3-70B-Instruct,483,0.6638,0.6041
violation+judgment,alfworld,Qwen3.6-35B-A3B,Llama-3.3-70B-Instruct,504,0.6665,0.6005
violation+judgment,alfworld,Qwen3.6-35B-A3B,Llama-3.3-70B-Instruct,525,0.6697,0.6020
violation+judgment,alfworld,Qwen3.6-35B-A3B,Llama-3.3-70B-Instruct,546,0.6696,0.6032
violation+judgment,alfworld,Qwen3.6-35B-A3B,Llama-3.3-70B-Instruct,567,0.6698,0.6051
violation+judgment,alfworld,Qwen3.6-35B-A3B,Llama-3.3-70B-Instruct,588,0.6670,0.6008
violation+judgment,alfworld,Qwen3.6-35B-A3B,Llama-3.3-70B-Instruct,609,0.6674,0.6010
violation+judgment,alfworld,Qwen3.6-35B-A3B,Llama-3.3-70B-Instruct,630,0.6669,0.6020
violation+judgment,alfworld,Qwen3.6-35B-A3B,Llama-3.3-70B-Instruct,651,0.6683,0.6020
violation+judgment,alfworld,Qwen3.6-35B-A3B,Llama-3.3-70B-Instruct,672,0.6675,0.6039
violation+judgment,alfworld,Qwen3.6-35B-A3B,Llama-3.3-70B-Instruct,693,0.6682,0.6066
violation+judgment,alfworld,Qwen3.6-35B-A3B,Llama-3.3-70B-Instruct,714,0.6661,0.6010
violation+judgment,alfworld,Qwen3.6-35B-A3B,Llama-3.3-70B-Instruct,735,0.6630,0.5992
violation+judgment,alfworld,Qwen3.6-35B-A3B,Llama-3.3-70B-Instruct,756,0.6623,0.5997
violation+judgment,alfworld,Qwen3.6-35B-A3B,Llama-3.3-70B-Instruct,777,0.6589,0.5949
violation+judgment,alfworld,Qwen3.6-35B-A3B,Llama-3.3-70B-Instruct,798,0.6596,0.5947
violation+judgment,alfworld,Qwen3.6-35B-A3B,Llama-3.3-70B-Instruct,819,0.6573,0.5916
violation+judgment,alfworld,Qwen3.6-35B-A3B,Llama-3.3-70B-Instruct,840,0.6546,0.5901
violation+judgment,alfworld,Qwen3.6-35B-A3B,Llama-3.3-70B-Instruct,861,0.6532,0.5873
violation+judgment,alfworld,Qwen3.6-35B-A3B,Llama-3.3-70B-Instruct,882,0.6518,0.5869
violation+judgment,alfworld,Qwen3.6-35B-A3B,Llama-3.3-70B-Instruct,903,0.6524,0.5880
violation+judgment,alfworld,Qwen3.6-35B-A3B,Llama-3.3-70B-Instruct,924,0.6535,0.5881
violation+judgment,alfworld,Qwen3.6-35B-A3B,Llama-3.3-70B-Instruct,945,0.6522,0.5895
violation+judgment,alfworld,Qwen3.6-35B-A3B,Llama-3.3-70B-Instruct,966,0.6506,0.5896
violation+judgment,alfworld,Qwen3.6-35B-A3B,Llama-3.3-70B-Instruct,987,0.6502,0.5900
violation+judgment,alfworld,Qwen3.6-35B-A3B,Llama-3.3-70B-Instruct,1008,0.6500,0.5894
violation+judgment,alfworld,Qwen3.6-35B-A3B,Llama-3.3-70B-Instruct,1029,0.6506,0.5901
violation+judgment,alfworld,Qwen3.6-35B-A3B,Llama-3.3-70B-Instruct,1050,0.6518,0.5900
violation+judgment,alfworld,Qwen3.6-35B-A3B,Llama-3.3-70B-Instruct,1071,0.6516,0.5895
violation+judgment,alfworld,Qwen3.6-35B-A3B,Llama-3.3-70B-Instruct,1092,0.6512,0.5872
violation+judgment,alfworld,Qwen3.6-35B-A3B,Llama-3.3-70B-Instruct,1113,0.6500,0.5845
violation+judgment,alfworld,Qwen3.6-35B-A3B,Llama-3.3-70B-Instruct,1134,0.6498,0.5850
violation+judgment,alfworld,Qwen3.6-35B-A3B,Llama-3.3-70B-Instruct,1155,0.6495,0.5850
violation+judgment,alfworld,Qwen3.6-35B-A3B,Llama-3.3-70B-Instruct,1176,0.6492,0.5887
violation+judgment,alfworld,Qwen3.6-35B-A3B,Llama-3.3-70B-Instruct,1197,0.6479,0.5883
violation+judgment,alfworld,Qwen3.6-35B-A3B,Llama-3.3-70B-Instruct,1218,0.6478,0.5859
violation+judgment,alfworld,Qwen3.6-35B-A3B,Llama-3.3-70B-Instruct,1239,0.6464,0.5860
violation+judgment,alfworld,Qwen3.6-35B-A3B,Llama-3.3-70B-Instruct,1260,0.6447,0.5853
violation+judgment,alfworld,Qwen3.6-35B-A3B,Llama-3.3-70B-Instruct,1281,0.6420,0.5837
violation+judgment,alfworld,Qwen3.6-35B-A3B,Llama-3.3-70B-Instruct,1302,0.6406,0.5836
violation+judgment,alfworld,Qwen3.6-35B-A3B,Llama-3.3-70B-Instruct,1323,0.6395,0.5836
violation+judgment,alfworld,Qwen3.6-35B-A3B,Llama-3.3-70B-Instruct,1344,0.6381,0.5833
violation+judgment,alfworld,Qwen3.6-35B-A3B,Llama-3.3-70B-Instruct,1365,0.6392,0.5829
violation+judgment,alfworld,Qwen3.6-35B-A3B,Llama-3.3-70B-Instruct,1386,0.6387,0.5820
violation+judgment,alfworld,Qwen3.6-35B-A3B,Llama-3.3-70B-Instruct,1407,0.6377,0.5819
violation+judgment,alfworld,Qwen3.6-35B-A3B,Llama-3.3-70B-Instruct,1428,0.6377,0.5816
violation+judgment,alfworld,Qwen3.6-35B-A3B,Llama-3.3-70B-Instruct,1449,0.6359,0.5788
violation+judgment,alfworld,Qwen3.6-35B-A3B,Llama-3.3-70B-Instruct,1470,0.6361,0.5766
violation+judgment,alfworld,Qwen3.6-35B-A3B,Llama-3.3-70B-Instruct,1491,0.6343,0.5731
violation+judgment,alfworld,Qwen3.6-35B-A3B,Llama-3.3-70B-Instruct,1512,0.6349,0.5716
violation+judgment,alfworld,Qwen3.6-35B-A3B,Llama-3.3-70B-Instruct,1533,0.6360,0.5741
violation+judgment,alfworld,Qwen3.6-35B-A3B,Llama-3.3-70B-Instruct,1554,0.6358,0.5753
violation+judgment,alfworld,Qwen3.6-35B-A3B,Llama-3.3-70B-Instruct,1575,0.6365,0.5788
violation+judgment,alfworld,Qwen3.6-35B-A3B,Llama-3.3-70B-Instruct,1596,0.6363,0.5782
violation+judgment,alfworld,Qwen3.6-35B-A3B,Llama-3.3-70B-Instruct,1617,0.6349,0.5715
violation+judgment,alfworld,Qwen3.6-35B-A3B,Llama-3.3-70B-Instruct,1638,0.6349,0.5724
violation+judgment,alfworld,Qwen3.6-35B-A3B,Llama-3.3-70B-Instruct,1659,0.6330,0.5704
violation+judgment,alfworld,Qwen3.6-35B-A3B,Llama-3.3-70B-Instruct,1680,0.6326,0.5698
violation+judgment,alfworld,Qwen3.6-35B-A3B,Llama-3.3-70B-Instruct,1701,0.6324,0.5699
violation+judgment,alfworld,Qwen3.6-35B-A3B,Llama-3.3-70B-Instruct,1722,0.6317,0.5696
violation+judgment,alfworld,Qwen3.6-35B-A3B,Llama-3.3-70B-Instruct,1743,0.6303,0.5687
violation+judgment,alfworld,Qwen3.6-35B-A3B,Llama-3.3-70B-Instruct,1764,0.6301,0.5672
violation+judgment,alfworld,Qwen3.6-35B-A3B,Llama-3.3-70B-Instruct,1785,0.6309,0.5674
violation+judgment,alfworld,Qwen3.6-35B-A3B,Llama-3.3-70B-Instruct,1806,0.6315,0.5679
violation+judgment,alfworld,Qwen3.6-35B-A3B,Llama-3.3-70B-Instruct,1827,0.6310,0.5694
violation+judgment,alfworld,Qwen3.6-35B-A3B,Llama-3.3-70B-Instruct,1848,0.6324,0.5695
violation+judgment,alfworld,Qwen3.6-35B-A3B,Llama-3.3-70B-Instruct,1869,0.6328,0.5695
violation+judgment,alfworld,Qwen3.6-35B-A3B,Llama-3.3-70B-Instruct,1890,0.6333,0.5701
violation+judgment,alfworld,Qwen3.6-35B-A3B,Llama-3.3-70B-Instruct,1911,0.6329,0.5698
violation+judgment,alfworld,Qwen3.6-35B-A3B,Llama-3.3-70B-Instruct,1932,0.6320,0.5696
violation+judgment,alfworld,Qwen3.6-35B-A3B,Llama-3.3-70B-Instruct,1953,0.6316,0.5692
violation+judgment,alfworld,Qwen3.6-35B-A3B,Llama-3.3-70B-Instruct,1974,0.6313,0.5682
violation+judgment,alfworld,Qwen3.6-35B-A3B,Llama-3.3-70B-Instruct,1995,0.6314,0.5682
violation+judgment,alfworld,Qwen3.6-35B-A3B,Llama-3.3-70B-Instruct,2016,0.6316,0.5687
violation+judgment,alfworld,Qwen3.6-35B-A3B,Llama-3.3-70B-Instruct,2037,0.6323,0.5701
violation+judgment,alfworld,Qwen3.6-35B-A3B,Llama-3.3-70B-Instruct,2058,0.6331,0.5700
violation+judgment,alfworld,Qwen3.6-35B-A3B,Llama-3.3-70B-Instruct,2079,0.6323,0.5699
violation+judgment,alfworld,Qwen3.6-35B-A3B,Llama-3.3-70B-Instruct,2100,0.6321,0.5697
violation+judgment,alfworld,Qwen3.6-35B-A3B,Llama-3.3-70B-Instruct,2121,0.6314,0.5695
violation+judgment,alfworld,Qwen3.6-35B-A3B,Llama-3.3-70B-Instruct,2142,0.6322,0.5697
violation+judgment,alfworld,Qwen3.6-35B-A3B,Llama-3.3-70B-Instruct,2163,0.6333,0.5703
violation+judgment,alfworld,Qwen3.6-35B-A3B,Llama-3.3-70B-Instruct,2184,0.6335,0.5708
violation+judgment,alfworld,Qwen3.6-35B-A3B,Llama-3.3-70B-Instruct,2205,0.6336,0.5700
violation+judgment,alfworld,Qwen3.6-35B-A3B,Llama-3.3-70B-Instruct,2226,0.6341,0.5715
violation+judgment,alfworld,Qwen3.6-35B-A3B,Llama-3.3-70B-Instruct,2247,0.6343,0.5717
violation+judgment,alfworld,Qwen3.6-35B-A3B,Llama-3.3-70B-Instruct,2268,0.6339,0.5715
violation+judgment,alfworld,Qwen3.6-35B-A3B,Llama-3.3-70B-Instruct,2289,0.6332,0.5708
violation+judgment,alfworld,Qwen3.6-35B-A3B,Llama-3.3-70B-Instruct,2310,0.6315,0.5702
violation+judgment,alfworld,Qwen3.6-35B-A3B,Llama-3.3-70B-Instruct,2331,0.6314,0.5704
violation+judgment,alfworld,Qwen3.6-35B-A3B,Llama-3.3-70B-Instruct,2352,0.6306,0.5701
violation+judgment,alfworld,Qwen3.6-35B-A3B,Llama-3.3-70B-Instruct,2373,0.6297,0.5697
violation+judgment,alfworld,Qwen3.6-35B-A3B,Llama-3.3-70B-Instruct,2394,0.6300,0.5696
violation+judgment,alfworld,Qwen3.6-35B-A3B,Llama-3.3-70B-Instruct,2415,0.6304,0.5698
violation+judgment,alfworld,Qwen3.6-35B-A3B,Llama-3.3-70B-Instruct,2436,0.6306,0.5702
violation+judgment,alfworld,Qwen3.6-35B-A3B,Llama-3.3-70B-Instruct,2457,0.6306,0.5697
violation+judgment,alfworld,Qwen3.6-35B-A3B,Llama-3.3-70B-Instruct,2478,0.6303,0.5705
violation+judgment,alfworld,Qwen3.6-35B-A3B,Llama-3.3-70B-Instruct,2499,0.6293,0.5694
violation+judgment,alfworld,Qwen3.6-35B-A3B,Llama-3.3-70B-Instruct,2520,0.6290,0.5692
violation+judgment,alfworld,Qwen3.6-35B-A3B,Llama-3.3-70B-Instruct,2541,0.6283,0.5690
violation+judgment,alfworld,Qwen3.6-35B-A3B,Llama-3.3-70B-Instruct,2562,0.6282,0.5693
violation+judgment,alfworld,Qwen3.6-35B-A3B,Llama-3.3-70B-Instruct,2583,0.6286,0.5704
violation+judgment,alfworld,Qwen3.6-35B-A3B,Llama-3.3-70B-Instruct,2604,0.6296,0.5713
violation+judgment,alfworld,Qwen3.6-35B-A3B,Llama-3.3-70B-Instruct,2625,0.6294,0.5720
violation+judgment,alfworld,Qwen3.6-35B-A3B,Llama-3.3-70B-Instruct,2646,0.6291,0.5707
violation+judgment,alfworld,Qwen3.6-35B-A3B,Llama-3.3-70B-Instruct,2667,0.6282,0.5700
violation+judgment,alfworld,Qwen3.6-35B-A3B,Llama-3.3-70B-Instruct,2688,0.6278,0.5697
violation+judgment,alfworld,Qwen3.6-35B-A3B,Llama-3.3-70B-Instruct,2709,0.6273,0.5703
violation+judgment,alfworld,Qwen3.6-35B-A3B,Llama-3.3-70B-Instruct,2730,0.6272,0.5701
violation+judgment,alfworld,Qwen3.6-35B-A3B,Llama-3.3-70B-Instruct,2751,0.6280,0.5708
violation+judgment,alfworld,Qwen3.6-35B-A3B,Llama-3.3-70B-Instruct,2772,0.6283,0.5700
violation+judgment,alfworld,Qwen3.6-35B-A3B,Llama-3.3-70B-Instruct,2793,0.6285,0.5703
violation+judgment,alfworld,Qwen3.6-35B-A3B,Llama-3.3-70B-Instruct,2814,0.6284,0.5706
violation+judgment,alfworld,Qwen3.6-35B-A3B,Llama-3.3-70B-Instruct,2835,0.6281,0.5682
violation+judgment,alfworld,Qwen3.6-35B-A3B,Llama-3.3-70B-Instruct,2856,0.6282,0.5677
violation+judgment,alfworld,Qwen3.6-35B-A3B,Llama-3.3-70B-Instruct,2877,0.6286,0.5698
violation+judgment,alfworld,Qwen3.6-35B-A3B,Llama-3.3-70B-Instruct,2898,0.6287,0.5691
violation+judgment,alfworld,Qwen3.6-35B-A3B,Llama-3.3-70B-Instruct,2919,0.6294,0.5686
violation+judgment,alfworld,Qwen3.6-35B-A3B,Llama-3.3-70B-Instruct,2940,0.6294,0.5685
violation+judgment,alfworld,Qwen3.6-35B-A3B,Llama-3.3-70B-Instruct,2961,0.6286,0.5677
violation+judgment,alfworld,Qwen3.6-35B-A3B,Llama-3.3-70B-Instruct,2982,0.6286,0.5667
violation+judgment,alfworld,Qwen3.6-35B-A3B,Llama-3.3-70B-Instruct,3003,0.6293,0.5669
violation+judgment,alfworld,Qwen3.6-35B-A3B,Llama-3.3-70B-Instruct,3024,0.6306,0.5681
violation+judgment,alfworld,Qwen3.6-35B-A3B,Llama-3.3-70B-Instruct,3045,0.6310,0.5689
violation+judgment,alfworld,Qwen3.6-35B-A3B,Llama-3.3-70B-Instruct,3066,0.6313,0.5690
violation+judgment,alfworld,Qwen3.6-35B-A3B,Llama-3.3-70B-Instruct,3087,0.6309,0.5689
violation+judgment,alfworld,Qwen3.6-35B-A3B,Llama-3.3-70B-Instruct,3108,0.6305,0.5694
violation+judgment,alfworld,Qwen3.6-35B-A3B,Llama-3.3-70B-Instruct,3129,0.6301,0.5688
violation+judgment,alfworld,Qwen3.6-35B-A3B,Llama-3.3-70B-Instruct,3150,0.6303,0.5689
violation+judgment,alfworld,Qwen3.6-35B-A3B,Llama-3.3-70B-Instruct,3171,0.6306,0.5689
violation+judgment,alfworld,Qwen3.6-35B-A3B,Llama-3.3-70B-Instruct,3192,0.6309,0.5689
violation+judgment,alfworld,Qwen3.6-35B-A3B,Llama-3.3-70B-Instruct,3213,0.6315,0.5691
violation+judgment,alfworld,Qwen3.6-35B-A3B,Llama-3.3-70B-Instruct,3234,0.6318,0.5690
violation+judgment,alfworld,Qwen3.6-35B-A3B,Llama-3.3-70B-Instruct,3255,0.6324,0.5696
violation+judgment,alfworld,Qwen3.6-35B-A3B,Llama-3.3-70B-Instruct,3276,0.6327,0.5699
violation+judgment,alfworld,Qwen3.6-35B-A3B,Llama-3.3-70B-Instruct,3297,0.6328,0.5703
violation+judgment,alfworld,Qwen3.6-35B-A3B,Llama-3.3-70B-Instruct,3318,0.6333,0.5705
violation+judgment,alfworld,Qwen3.6-35B-A3B,Llama-3.3-70B-Instruct,3339,0.6333,0.5713
violation+judgment,alfworld,Qwen3.6-35B-A3B,Llama-3.3-70B-Instruct,3360,0.6333,0.5716
violation+judgment,alfworld,Qwen3.6-35B-A3B,Llama-3.3-70B-Instruct,3381,0.6330,0.5716
violation+judgment,alfworld,Qwen3.6-35B-A3B,Llama-3.3-70B-Instruct,3402,0.6328,0.5714
violation+judgment,alfworld,Qwen3.6-35B-A3B,Llama-3.3-70B-Instruct,3423,0.6325,0.5698
violation+judgment,alfworld,Qwen3.6-35B-A3B,Llama-3.3-70B-Instruct,3444,0.6323,0.5673
violation+judgment,alfworld,Qwen3.6-35B-A3B,Llama-3.3-70B-Instruct,3465,0.6323,0.5677
violation+judgment,alfworld,Qwen3.6-35B-A3B,Llama-3.3-70B-Instruct,3486,0.6323,0.5673
violation+judgment,alfworld,Qwen3.6-35B-A3B,Llama-3.3-70B-Instruct,3507,0.6327,0.5679
violation+judgment,alfworld,Qwen3.6-35B-A3B,Llama-3.3-70B-Instruct,3528,0.6321,0.5686
violation+judgment,alfworld,Qwen3.6-35B-A3B,Llama-3.3-70B-Instruct,3549,0.6314,0.5689
violation+judgment,alfworld,Qwen3.6-35B-A3B,Llama-3.3-70B-Instruct,3570,0.6314,0.5689
violation+judgment,alfworld,Qwen3.6-35B-A3B,Llama-3.3-70B-Instruct,3591,0.6314,0.5697
violation+judgment,alfworld,Qwen3.6-35B-A3B,Llama-3.3-70B-Instruct,3612,0.6320,0.5703
violation+judgment,alfworld,Qwen3.6-35B-A3B,Llama-3.3-70B-Instruct,3633,0.6327,0.5714
violation+judgment,alfworld,Qwen3.6-35B-A3B,Llama-3.3-70B-Instruct,3654,0.6333,0.5708
violation+judgment,alfworld,Qwen3.6-35B-A3B,Llama-3.3-70B-Instruct,3675,0.6335,0.5702
violation+judgment,alfworld,Qwen3.6-35B-A3B,Llama-3.3-70B-Instruct,3696,0.6335,0.5700
violation+judgment,alfworld,Qwen3.6-35B-A3B,Llama-3.3-70B-Instruct,3717,0.6341,0.5692
violation+judgment,alfworld,Qwen3.6-35B-A3B,Llama-3.3-70B-Instruct,3738,0.6344,0.5698
violation+judgment,alfworld,Qwen3.6-35B-A3B,Llama-3.3-70B-Instruct,3759,0.6345,0.5698
violation+judgment,alfworld,Qwen3.6-35B-A3B,Llama-3.3-70B-Instruct,3780,0.6346,0.5704
violation+judgment,alfworld,Qwen3.6-35B-A3B,Llama-3.3-70B-Instruct,3801,0.6341,0.5695
violation+judgment,alfworld,Qwen3.6-35B-A3B,Llama-3.3-70B-Instruct,3822,0.6336,0.5683
violation+judgment,alfworld,Qwen3.6-35B-A3B,Llama-3.3-70B-Instruct,3843,0.6343,0.5682
violation+judgment,alfworld,Qwen3.6-35B-A3B,Llama-3.3-70B-Instruct,3864,0.6343,0.5676
violation+judgment,alfworld,Qwen3.6-35B-A3B,Llama-3.3-70B-Instruct,3885,0.6347,0.5683
violation+judgment,alfworld,Qwen3.6-35B-A3B,Llama-3.3-70B-Instruct,3906,0.6351,0.5686
violation+judgment,alfworld,Qwen3.6-35B-A3B,Llama-3.3-70B-Instruct,3927,0.6349,0.5689
violation+judgment,alfworld,Qwen3.6-35B-A3B,Llama-3.3-70B-Instruct,3948,0.6348,0.5689
violation+judgment,alfworld,Qwen3.6-35B-A3B,Llama-3.3-70B-Instruct,3969,0.6347,0.5696
violation+judgment,alfworld,Qwen3.6-35B-A3B,Llama-3.3-70B-Instruct,3990,0.6351,0.5698
violation+judgment,alfworld,Qwen3.6-35B-A3B,Llama-3.3-70B-Instruct,4011,0.6355,0.5697
violation+judgment,alfworld,Qwen3.6-35B-A3B,Llama-3.3-70B-Instruct,4032,0.6366,0.5696
violation+judgment,alfworld,Qwen3.6-35B-A3B,Llama-3.3-70B-Instruct,4053,0.6373,0.5711
violation+judgment,alfworld,Qwen3.6-35B-A3B,Llama-3.3-70B-Instruct,4074,0.6376,0.5719
violation+judgment,alfworld,Qwen3.6-35B-A3B,Llama-3.3-70B-Instruct,4095,0.6378,0.5708
violation+judgment,alfworld,Qwen3.6-35B-A3B,Llama-3.3-70B-Instruct,4116,0.6379,0.5706
violation+judgment,alfworld,Qwen3.6-35B-A3B,Llama-3.3-70B-Instruct,4137,0.6383,0.5715
violation+judgment,alfworld,Qwen3.6-35B-A3B,Llama-3.3-70B-Instruct,4158,0.6383,0.5711
violation+judgment,alfworld,Qwen3.6-35B-A3B,Llama-3.3-70B-Instruct,4179,0.6380,0.5700
violation+judgment,alfworld,Qwen3.6-35B-A3B,Llama-3.3-70B-Instruct,4200,0.6379,0.5689
violation+judgment,alfworld,Qwen3.6-35B-A3B,Llama-3.3-70B-Instruct,4221,0.6380,0.5692
violation+judgment,alfworld,Qwen3.6-35B-A3B,Llama-3.3-70B-Instruct,4242,0.6379,0.5695
violation+judgment,alfworld,Qwen3.6-35B-A3B,Llama-3.3-70B-Instruct,4263,0.6380,0.5681
violation+judgment,alfworld,Qwen3.6-35B-A3B,Llama-3.3-70B-Instruct,4284,0.6382,0.5684
violation+judgment,alfworld,Qwen3.6-35B-A3B,Mistral-7B-Instruct-v0.3,0,0.6054,0.7906
violation+judgment,alfworld,Qwen3.6-35B-A3B,Mistral-7B-Instruct-v0.3,31,0.6054,0.7906
violation+judgment,alfworld,Qwen3.6-35B-A3B,Mistral-7B-Instruct-v0.3,62,0.6054,0.7906
violation+judgment,alfworld,Qwen3.6-35B-A3B,Mistral-7B-Instruct-v0.3,93,0.6054,0.7906
violation+judgment,alfworld,Qwen3.6-35B-A3B,Mistral-7B-Instruct-v0.3,124,0.7855,0.7288
violation+judgment,alfworld,Qwen3.6-35B-A3B,Mistral-7B-Instruct-v0.3,155,0.7789,0.7239
violation+judgment,alfworld,Qwen3.6-35B-A3B,Mistral-7B-Instruct-v0.3,186,0.7867,0.7269
violation+judgment,alfworld,Qwen3.6-35B-A3B,Mistral-7B-Instruct-v0.3,217,0.7813,0.7204
violation+judgment,alfworld,Qwen3.6-35B-A3B,Mistral-7B-Instruct-v0.3,248,0.7779,0.7189
violation+judgment,alfworld,Qwen3.6-35B-A3B,Mistral-7B-Instruct-v0.3,279,0.7857,0.7329
violation+judgment,alfworld,Qwen3.6-35B-A3B,Mistral-7B-Instruct-v0.3,310,0.7809,0.7279
violation+judgment,alfworld,Qwen3.6-35B-A3B,Mistral-7B-Instruct-v0.3,341,0.7793,0.7257
violation+judgment,alfworld,Qwen3.6-35B-A3B,Mistral-7B-Instruct-v0.3,372,0.7841,0.7271
violation+judgment,alfworld,Qwen3.6-35B-A3B,Mistral-7B-Instruct-v0.3,403,0.7795,0.7240
violation+judgment,alfworld,Qwen3.6-35B-A3B,Mistral-7B-Instruct-v0.3,434,0.7782,0.7257
violation+judgment,alfworld,Qwen3.6-35B-A3B,Mistral-7B-Instruct-v0.3,465,0.7803,0.7275
violation+judgment,alfworld,Qwen3.6-35B-A3B,Mistral-7B-Instruct-v0.3,496,0.7762,0.7221
violation+judgment,alfworld,Qwen3.6-35B-A3B,Mistral-7B-Instruct-v0.3,527,0.7782,0.7262
violation+judgment,alfworld,Qwen3.6-35B-A3B,Mistral-7B-Instruct-v0.3,558,0.7794,0.7279
violation+judgment,alfworld,Qwen3.6-35B-A3B,Mistral-7B-Instruct-v0.3,589,0.7791,0.7270
violation+judgment,alfworld,Qwen3.6-35B-A3B,Mistral-7B-Instruct-v0.3,620,0.7805,0.7272
violation+judgment,alfworld,Qwen3.6-35B-A3B,Mistral-7B-Instruct-v0.3,651,0.7822,0.7262
violation+judgment,alfworld,Qwen3.6-35B-A3B,Mistral-7B-Instruct-v0.3,682,0.7814,0.7262
violation+judgment,alfworld,Qwen3.6-35B-A3B,Mistral-7B-Instruct-v0.3,713,0.7835,0.7283
violation+judgment,alfworld,Qwen3.6-35B-A3B,Mistral-7B-Instruct-v0.3,744,0.7841,0.7298
violation+judgment,alfworld,Qwen3.6-35B-A3B,Mistral-7B-Instruct-v0.3,775,0.7836,0.7309
violation+judgment,alfworld,Qwen3.6-35B-A3B,Mistral-7B-Instruct-v0.3,806,0.7842,0.7323
violation+judgment,alfworld,Qwen3.6-35B-A3B,Mistral-7B-Instruct-v0.3,837,0.7849,0.7338
violation+judgment,alfworld,Qwen3.6-35B-A3B,Mistral-7B-Instruct-v0.3,868,0.7839,0.7322
violation+judgment,alfworld,Qwen3.6-35B-A3B,Mistral-7B-Instruct-v0.3,899,0.7838,0.7319
violation+judgment,alfworld,Qwen3.6-35B-A3B,Mistral-7B-Instruct-v0.3,930,0.7832,0.7300
violation+judgment,alfworld,Qwen3.6-35B-A3B,Mistral-7B-Instruct-v0.3,961,0.7819,0.7296
violation+judgment,alfworld,Qwen3.6-35B-A3B,Mistral-7B-Instruct-v0.3,992,0.7832,0.7304
violation+judgment,alfworld,Qwen3.6-35B-A3B,Mistral-7B-Instruct-v0.3,1023,0.7818,0.7311
violation+judgment,alfworld,Qwen3.6-35B-A3B,Mistral-7B-Instruct-v0.3,1054,0.7796,0.7312
violation+judgment,alfworld,Qwen3.6-35B-A3B,Mistral-7B-Instruct-v0.3,1085,0.7801,0.7314
violation+judgment,alfworld,Qwen3.6-35B-A3B,Mistral-7B-Instruct-v0.3,1116,0.7795,0.7314
violation+judgment,alfworld,Qwen3.6-35B-A3B,Mistral-7B-Instruct-v0.3,1147,0.7799,0.7327
violation+judgment,alfworld,Qwen3.6-35B-A3B,Mistral-7B-Instruct-v0.3,1178,0.7807,0.7331
violation+judgment,alfworld,Qwen3.6-35B-A3B,Mistral-7B-Instruct-v0.3,1209,0.7794,0.7319
violation+judgment,alfworld,Qwen3.6-35B-A3B,Mistral-7B-Instruct-v0.3,1240,0.7788,0.7307
violation+judgment,alfworld,Qwen3.6-35B-A3B,Mistral-7B-Instruct-v0.3,1271,0.7782,0.7296
violation+judgment,alfworld,Qwen3.6-35B-A3B,Mistral-7B-Instruct-v0.3,1302,0.7770,0.7298
violation+judgment,alfworld,Qwen3.6-35B-A3B,Mistral-7B-Instruct-v0.3,1333,0.7765,0.7298
violation+judgment,alfworld,Qwen3.6-35B-A3B,Mistral-7B-Instruct-v0.3,1364,0.7775,0.7311
violation+judgment,alfworld,Qwen3.6-35B-A3B,Mistral-7B-Instruct-v0.3,1395,0.7766,0.7297
violation+judgment,alfworld,Qwen3.6-35B-A3B,Mistral-7B-Instruct-v0.3,1426,0.7763,0.7284
violation+judgment,alfworld,Qwen3.6-35B-A3B,Mistral-7B-Instruct-v0.3,1457,0.7771,0.7295
violation+judgment,alfworld,Qwen3.6-35B-A3B,Mistral-7B-Instruct-v0.3,1488,0.7765,0.7291
violation+judgment,alfworld,Qwen3.6-35B-A3B,Mistral-7B-Instruct-v0.3,1519,0.7762,0.7281
violation+judgment,alfworld,Qwen3.6-35B-A3B,Mistral-7B-Instruct-v0.3,1550,0.7755,0.7271
violation+judgment,alfworld,Qwen3.6-35B-A3B,Mistral-7B-Instruct-v0.3,1581,0.7754,0.7265
violation+judgment,alfworld,Qwen3.6-35B-A3B,Mistral-7B-Instruct-v0.3,1612,0.7745,0.7272
violation+judgment,alfworld,Qwen3.6-35B-A3B,Mistral-7B-Instruct-v0.3,1643,0.7741,0.7261
violation+judgment,alfworld,Qwen3.6-35B-A3B,Mistral-7B-Instruct-v0.3,1674,0.7741,0.7255
violation+judgment,alfworld,Qwen3.6-35B-A3B,Mistral-7B-Instruct-v0.3,1705,0.7734,0.7248
violation+judgment,alfworld,Qwen3.6-35B-A3B,Mistral-7B-Instruct-v0.3,1736,0.7727,0.7244
violation+judgment,alfworld,Qwen3.6-35B-A3B,Mistral-7B-Instruct-v0.3,1767,0.7724,0.7240
violation+judgment,alfworld,Qwen3.6-35B-A3B,Mistral-7B-Instruct-v0.3,1798,0.7722,0.7241
violation+judgment,alfworld,Qwen3.6-35B-A3B,Mistral-7B-Instruct-v0.3,1829,0.7715,0.7242
violation+judgment,alfworld,Qwen3.6-35B-A3B,Mistral-7B-Instruct-v0.3,1860,0.7709,0.7227
violation+judgment,alfworld,Qwen3.6-35B-A3B,Mistral-7B-Instruct-v0.3,1891,0.7704,0.7214
violation+judgment,alfworld,Qwen3.6-35B-A3B,Mistral-7B-Instruct-v0.3,1922,0.7708,0.7228
violation+judgment,alfworld,Qwen3.6-35B-A3B,Mistral-7B-Instruct-v0.3,1953,0.7712,0.7237
violation+judgment,alfworld,Qwen3.6-35B-A3B,Mistral-7B-Instruct-v0.3,1984,0.7710,0.7229
violation+judgment,alfworld,Qwen3.6-35B-A3B,Mistral-7B-Instruct-v0.3,2015,0.7711,0.7226
violation+judgment,alfworld,Qwen3.6-35B-A3B,Mistral-7B-Instruct-v0.3,2046,0.7709,0.7225
violation+judgment,alfworld,Qwen3.6-35B-A3B,Mistral-7B-Instruct-v0.3,2077,0.7707,0.7224
violation+judgment,alfworld,Qwen3.6-35B-A3B,Mistral-7B-Instruct-v0.3,2108,0.7706,0.7223
violation+judgment,alfworld,Qwen3.6-35B-A3B,Mistral-7B-Instruct-v0.3,2139,0.7698,0.7217
violation+judgment,alfworld,Qwen3.6-35B-A3B,Mistral-7B-Instruct-v0.3,2170,0.7698,0.7218
violation+judgment,alfworld,Qwen3.6-35B-A3B,Mistral-7B-Instruct-v0.3,2201,0.7700,0.7223
violation+judgment,alfworld,Qwen3.6-35B-A3B,Mistral-7B-Instruct-v0.3,2232,0.7701,0.7222
violation+judgment,alfworld,Qwen3.6-35B-A3B,Mistral-7B-Instruct-v0.3,2263,0.7697,0.7221
violation+judgment,alfworld,Qwen3.6-35B-A3B,Mistral-7B-Instruct-v0.3,2294,0.7699,0.7223
violation+judgment,alfworld,Qwen3.6-35B-A3B,Mistral-7B-Instruct-v0.3,2325,0.7699,0.7223
violation+judgment,alfworld,Qwen3.6-35B-A3B,Mistral-7B-Instruct-v0.3,2356,0.7701,0.7225
violation+judgment,alfworld,Qwen3.6-35B-A3B,Mistral-7B-Instruct-v0.3,2387,0.7696,0.7223
violation+judgment,alfworld,Qwen3.6-35B-A3B,Mistral-7B-Instruct-v0.3,2418,0.7695,0.7236
violation+judgment,alfworld,Qwen3.6-35B-A3B,Mistral-7B-Instruct-v0.3,2449,0.7690,0.7236
violation+judgment,alfworld,Qwen3.6-35B-A3B,Mistral-7B-Instruct-v0.3,2480,0.7688,0.7235
violation+judgment,alfworld,Qwen3.6-35B-A3B,Mistral-7B-Instruct-v0.3,2511,0.7696,0.7240
violation+judgment,alfworld,Qwen3.6-35B-A3B,Mistral-7B-Instruct-v0.3,2542,0.7698,0.7239
violation+judgment,alfworld,Qwen3.6-35B-A3B,Mistral-7B-Instruct-v0.3,2573,0.7696,0.7239
violation+judgment,alfworld,Qwen3.6-35B-A3B,Mistral-7B-Instruct-v0.3,2604,0.7697,0.7238
violation+judgment,alfworld,Qwen3.6-35B-A3B,Mistral-7B-Instruct-v0.3,2635,0.7700,0.7239
violation+judgment,alfworld,Qwen3.6-35B-A3B,Mistral-7B-Instruct-v0.3,2666,0.7701,0.7239
violation+judgment,alfworld,Qwen3.6-35B-A3B,Mistral-7B-Instruct-v0.3,2697,0.7690,0.7238
violation+judgment,alfworld,Qwen3.6-35B-A3B,Mistral-7B-Instruct-v0.3,2728,0.7692,0.7235
violation+judgment,alfworld,Qwen3.6-35B-A3B,Mistral-7B-Instruct-v0.3,2759,0.7696,0.7247
violation+judgment,alfworld,Qwen3.6-35B-A3B,Mistral-7B-Instruct-v0.3,2790,0.7694,0.7244
violation+judgment,alfworld,Qwen3.6-35B-A3B,Mistral-7B-Instruct-v0.3,2821,0.7691,0.7244
violation+judgment,alfworld,Qwen3.6-35B-A3B,Mistral-7B-Instruct-v0.3,2852,0.7692,0.7244
violation+judgment,alfworld,Qwen3.6-35B-A3B,Mistral-7B-Instruct-v0.3,2883,0.7690,0.7248
violation+judgment,alfworld,Qwen3.6-35B-A3B,Mistral-7B-Instruct-v0.3,2914,0.7690,0.7252
violation+judgment,alfworld,Qwen3.6-35B-A3B,Mistral-7B-Instruct-v0.3,2945,0.7694,0.7252
violation+judgment,alfworld,Qwen3.6-35B-A3B,Mistral-7B-Instruct-v0.3,2976,0.7698,0.7242
violation+judgment,alfworld,Qwen3.6-35B-A3B,Mistral-7B-Instruct-v0.3,3007,0.7699,0.7242
violation+judgment,alfworld,Qwen3.6-35B-A3B,Mistral-7B-Instruct-v0.3,3038,0.7700,0.7244
violation+judgment,alfworld,Qwen3.6-35B-A3B,Mistral-7B-Instruct-v0.3,3069,0.7704,0.7245
violation+judgment,alfworld,Qwen3.6-35B-A3B,Mistral-7B-Instruct-v0.3,3100,0.7705,0.7245
violation+judgment,alfworld,Qwen3.6-35B-A3B,Mistral-7B-Instruct-v0.3,3131,0.7708,0.7247
violation+judgment,alfworld,Qwen3.6-35B-A3B,Mistral-7B-Instruct-v0.3,3162,0.7709,0.7249
violation+judgment,alfworld,Qwen3.6-35B-A3B,Mistral-7B-Instruct-v0.3,3193,0.7705,0.7248
violation+judgment,alfworld,Qwen3.6-35B-A3B,Mistral-7B-Instruct-v0.3,3224,0.7702,0.7247
violation+judgment,alfworld,Qwen3.6-35B-A3B,Mistral-7B-Instruct-v0.3,3255,0.7705,0.7248
violation+judgment,alfworld,Qwen3.6-35B-A3B,Mistral-7B-Instruct-v0.3,3286,0.7707,0.7249
violation+judgment,alfworld,Qwen3.6-35B-A3B,Mistral-7B-Instruct-v0.3,3317,0.7711,0.7262
violation+judgment,alfworld,Qwen3.6-35B-A3B,Mistral-7B-Instruct-v0.3,3348,0.7712,0.7263
violation+judgment,alfworld,Qwen3.6-35B-A3B,Mistral-7B-Instruct-v0.3,3379,0.7711,0.7265
violation+judgment,alfworld,Qwen3.6-35B-A3B,Mistral-7B-Instruct-v0.3,3410,0.7715,0.7266
violation+judgment,alfworld,Qwen3.6-35B-A3B,Mistral-7B-Instruct-v0.3,3441,0.7710,0.7267
violation+judgment,alfworld,Qwen3.6-35B-A3B,Mistral-7B-Instruct-v0.3,3472,0.7709,0.7269
violation+judgment,alfworld,Qwen3.6-35B-A3B,Mistral-7B-Instruct-v0.3,3503,0.7711,0.7268
violation+judgment,alfworld,Qwen3.6-35B-A3B,Mistral-7B-Instruct-v0.3,3534,0.7713,0.7269
violation+judgment,alfworld,Qwen3.6-35B-A3B,Mistral-7B-Instruct-v0.3,3565,0.7707,0.7264
violation+judgment,alfworld,Qwen3.6-35B-A3B,Mistral-7B-Instruct-v0.3,3596,0.7706,0.7263
violation+judgment,alfworld,Qwen3.6-35B-A3B,Mistral-7B-Instruct-v0.3,3627,0.7709,0.7264
violation+judgment,alfworld,Qwen3.6-35B-A3B,Mistral-7B-Instruct-v0.3,3658,0.7709,0.7262
violation+judgment,alfworld,Qwen3.6-35B-A3B,Mistral-7B-Instruct-v0.3,3689,0.7709,0.7262
violation+judgment,alfworld,Qwen3.6-35B-A3B,Mistral-7B-Instruct-v0.3,3720,0.7707,0.7259
violation+judgment,alfworld,Qwen3.6-35B-A3B,Mistral-7B-Instruct-v0.3,3751,0.7705,0.7247
violation+judgment,alfworld,Qwen3.6-35B-A3B,Mistral-7B-Instruct-v0.3,3782,0.7706,0.7252
violation+judgment,alfworld,Qwen3.6-35B-A3B,Mistral-7B-Instruct-v0.3,3813,0.7705,0.7256
violation+judgment,alfworld,Qwen3.6-35B-A3B,Mistral-7B-Instruct-v0.3,3844,0.7703,0.7254
violation+judgment,alfworld,Qwen3.6-35B-A3B,Mistral-7B-Instruct-v0.3,3875,0.7701,0.7256
violation+judgment,alfworld,Qwen3.6-35B-A3B,Mistral-7B-Instruct-v0.3,3906,0.7702,0.7258
violation+judgment,alfworld,Qwen3.6-35B-A3B,Mistral-7B-Instruct-v0.3,3937,0.7703,0.7258
violation+judgment,alfworld,Qwen3.6-35B-A3B,Mistral-7B-Instruct-v0.3,3968,0.7707,0.7249
violation+judgment,alfworld,Qwen3.6-35B-A3B,Mistral-7B-Instruct-v0.3,3999,0.7704,0.7248
violation+judgment,alfworld,Qwen3.6-35B-A3B,Mistral-7B-Instruct-v0.3,4030,0.7704,0.7248
violation+judgment,alfworld,Qwen3.6-35B-A3B,Mistral-7B-Instruct-v0.3,4061,0.7709,0.7255
violation+judgment,alfworld,Qwen3.6-35B-A3B,Mistral-7B-Instruct-v0.3,4092,0.7711,0.7260
violation+judgment,alfworld,Qwen3.6-35B-A3B,Mistral-7B-Instruct-v0.3,4123,0.7708,0.7262
violation+judgment,alfworld,Qwen3.6-35B-A3B,Mistral-7B-Instruct-v0.3,4154,0.7706,0.7263
violation+judgment,alfworld,Qwen3.6-35B-A3B,Mistral-7B-Instruct-v0.3,4185,0.7701,0.7262
violation+judgment,alfworld,Qwen3.6-35B-A3B,Mistral-7B-Instruct-v0.3,4216,0.7697,0.7261
violation+judgment,alfworld,Qwen3.6-35B-A3B,Mistral-7B-Instruct-v0.3,4247,0.7700,0.7262
violation+judgment,alfworld,Qwen3.6-35B-A3B,Mistral-7B-Instruct-v0.3,4278,0.7702,0.7263
violation+judgment,alfworld,Qwen3.6-35B-A3B,Mistral-7B-Instruct-v0.3,4309,0.7704,0.7265
violation+judgment,alfworld,Qwen3.6-35B-A3B,Mistral-7B-Instruct-v0.3,4340,0.7707,0.7266
violation+judgment,alfworld,Qwen3.6-35B-A3B,Mistral-7B-Instruct-v0.3,4371,0.7705,0.7265
violation+judgment,alfworld,Qwen3.6-35B-A3B,Mistral-7B-Instruct-v0.3,4402,0.7704,0.7265
violation+judgment,alfworld,Qwen3.6-35B-A3B,Mistral-7B-Instruct-v0.3,4433,0.7701,0.7265
violation+judgment,alfworld,Qwen3.6-35B-A3B,Mistral-7B-Instruct-v0.3,4464,0.7699,0.7261
violation+judgment,alfworld,Qwen3.6-35B-A3B,Mistral-7B-Instruct-v0.3,4495,0.7699,0.7263
violation+judgment,alfworld,Qwen3.6-35B-A3B,Mistral-7B-Instruct-v0.3,4526,0.7698,0.7262
violation+judgment,alfworld,Qwen3.6-35B-A3B,Mistral-7B-Instruct-v0.3,4557,0.7696,0.7263
violation+judgment,alfworld,Qwen3.6-35B-A3B,Mistral-7B-Instruct-v0.3,4588,0.7695,0.7261
violation+judgment,alfworld,Qwen3.6-35B-A3B,Mistral-7B-Instruct-v0.3,4619,0.7695,0.7262
violation+judgment,alfworld,Qwen3.6-35B-A3B,Mistral-7B-Instruct-v0.3,4650,0.7696,0.7263
violation+judgment,alfworld,Qwen3.6-35B-A3B,Mistral-7B-Instruct-v0.3,4681,0.7694,0.7263
violation+judgment,alfworld,Qwen3.6-35B-A3B,Mistral-7B-Instruct-v0.3,4712,0.7697,0.7264
violation+judgment,alfworld,Qwen3.6-35B-A3B,Mistral-7B-Instruct-v0.3,4743,0.7696,0.7264
violation+judgment,alfworld,Qwen3.6-35B-A3B,Mistral-7B-Instruct-v0.3,4774,0.7695,0.7264
violation+judgment,alfworld,Qwen3.6-35B-A3B,Mistral-7B-Instruct-v0.3,4805,0.7699,0.7265
violation+judgment,alfworld,Qwen3.6-35B-A3B,Mistral-7B-Instruct-v0.3,4836,0.7698,0.7266
violation+judgment,alfworld,Qwen3.6-35B-A3B,Mistral-7B-Instruct-v0.3,4867,0.7699,0.7266
violation+judgment,alfworld,Qwen3.6-35B-A3B,Mistral-7B-Instruct-v0.3,4898,0.7700,0.7267
violation+judgment,alfworld,Qwen3.6-35B-A3B,Mistral-7B-Instruct-v0.3,4929,0.7700,0.7268
violation+judgment,alfworld,Qwen3.6-35B-A3B,Mistral-7B-Instruct-v0.3,4960,0.7702,0.7269
violation+judgment,alfworld,Qwen3.6-35B-A3B,Mistral-7B-Instruct-v0.3,4991,0.7706,0.7271
violation+judgment,alfworld,Qwen3.6-35B-A3B,Mistral-7B-Instruct-v0.3,5022,0.7705,0.7270
violation+judgment,alfworld,Qwen3.6-35B-A3B,Mistral-7B-Instruct-v0.3,5053,0.7704,0.7271
violation+judgment,alfworld,Qwen3.6-35B-A3B,Mistral-7B-Instruct-v0.3,5084,0.7705,0.7271
violation+judgment,alfworld,Qwen3.6-35B-A3B,Mistral-7B-Instruct-v0.3,5115,0.7705,0.7272
violation+judgment,alfworld,Qwen3.6-35B-A3B,Mistral-7B-Instruct-v0.3,5146,0.7704,0.7272
violation+judgment,alfworld,Qwen3.6-35B-A3B,Mistral-7B-Instruct-v0.3,5177,0.7702,0.7270
violation+judgment,alfworld,Qwen3.6-35B-A3B,Mistral-7B-Instruct-v0.3,5208,0.7700,0.7271
violation+judgment,alfworld,Qwen3.6-35B-A3B,Mistral-7B-Instruct-v0.3,5239,0.7703,0.7273
violation+judgment,alfworld,Qwen3.6-35B-A3B,Mistral-7B-Instruct-v0.3,5270,0.7707,0.7275
violation+judgment,alfworld,Qwen3.6-35B-A3B,Mistral-7B-Instruct-v0.3,5301,0.7709,0.7275
violation+judgment,alfworld,Qwen3.6-35B-A3B,Mistral-7B-Instruct-v0.3,5332,0.7710,0.7275
violation+judgment,alfworld,Qwen3.6-35B-A3B,Mistral-7B-Instruct-v0.3,5363,0.7711,0.7276
violation+judgment,alfworld,Qwen3.6-35B-A3B,Mistral-7B-Instruct-v0.3,5394,0.7714,0.7277
violation+judgment,alfworld,Qwen3.6-35B-A3B,Mistral-7B-Instruct-v0.3,5425,0.7715,0.7278
violation+judgment,alfworld,Qwen3.6-35B-A3B,Mistral-7B-Instruct-v0.3,5456,0.7716,0.7278
violation+judgment,alfworld,Qwen3.6-35B-A3B,Mistral-7B-Instruct-v0.3,5487,0.7715,0.7278
violation+judgment,alfworld,Qwen3.6-35B-A3B,Mistral-7B-Instruct-v0.3,5518,0.7716,0.7278
violation+judgment,alfworld,Qwen3.6-35B-A3B,Mistral-7B-Instruct-v0.3,5549,0.7719,0.7279
violation+judgment,alfworld,Qwen3.6-35B-A3B,Mistral-7B-Instruct-v0.3,5580,0.7721,0.7279
violation+judgment,alfworld,Qwen3.6-35B-A3B,Mistral-7B-Instruct-v0.3,5611,0.7721,0.7280
violation+judgment,alfworld,Qwen3.6-35B-A3B,Mistral-7B-Instruct-v0.3,5642,0.7721,0.7280
violation+judgment,alfworld,Qwen3.6-35B-A3B,Mistral-7B-Instruct-v0.3,5673,0.7723,0.7281
violation+judgment,alfworld,Qwen3.6-35B-A3B,Mistral-7B-Instruct-v0.3,5704,0.7725,0.7282
violation+judgment,alfworld,Qwen3.6-35B-A3B,Mistral-7B-Instruct-v0.3,5735,0.7726,0.7282
violation+judgment,alfworld,Qwen3.6-35B-A3B,Mistral-7B-Instruct-v0.3,5766,0.7726,0.7282
violation+judgment,alfworld,Qwen3.6-35B-A3B,Mistral-7B-Instruct-v0.3,5797,0.7723,0.7279
violation+judgment,alfworld,Qwen3.6-35B-A3B,Mistral-7B-Instruct-v0.3,5828,0.7726,0.7281
violation+judgment,alfworld,Qwen3.6-35B-A3B,Mistral-7B-Instruct-v0.3,5859,0.7728,0.7281
violation+judgment,alfworld,Qwen3.6-35B-A3B,Mistral-7B-Instruct-v0.3,5890,0.7729,0.7281
violation+judgment,alfworld,Qwen3.6-35B-A3B,Mistral-7B-Instruct-v0.3,5921,0.7730,0.7283
violation+judgment,alfworld,Qwen3.6-35B-A3B,Mistral-7B-Instruct-v0.3,5952,0.7731,0.7282
violation+judgment,alfworld,Qwen3.6-35B-A3B,Mistral-7B-Instruct-v0.3,5983,0.7728,0.7281
violation+judgment,alfworld,Qwen3.6-35B-A3B,Mistral-7B-Instruct-v0.3,6014,0.7729,0.7282
violation+judgment,alfworld,Qwen3.6-35B-A3B,Mistral-7B-Instruct-v0.3,6045,0.7728,0.7282
violation+judgment,alfworld,Qwen3.6-35B-A3B,Mistral-7B-Instruct-v0.3,6076,0.7728,0.7282
violation+judgment,alfworld,Qwen3.6-35B-A3B,Mistral-7B-Instruct-v0.3,6107,0.7731,0.7282
violation+judgment,alfworld,Qwen3.6-35B-A3B,Mistral-7B-Instruct-v0.3,6138,0.7730,0.7283
violation+judgment,alfworld,Qwen3.6-35B-A3B,Mistral-7B-Instruct-v0.3,6169,0.7728,0.7282
violation+judgment,alfworld,Qwen3.6-35B-A3B,Mistral-7B-Instruct-v0.3,6200,0.7729,0.7281
violation+judgment,alfworld,Qwen3.6-35B-A3B,Phi-4-mini-instruct,0,0.6004,0.7547
violation+judgment,alfworld,Qwen3.6-35B-A3B,Phi-4-mini-instruct,30,0.6004,0.7547
violation+judgment,alfworld,Qwen3.6-35B-A3B,Phi-4-mini-instruct,60,0.6004,0.7547
violation+judgment,alfworld,Qwen3.6-35B-A3B,Phi-4-mini-instruct,90,0.6004,0.7547
violation+judgment,alfworld,Qwen3.6-35B-A3B,Phi-4-mini-instruct,120,0.8575,0.7705
violation+judgment,alfworld,Qwen3.6-35B-A3B,Phi-4-mini-instruct,150,0.8546,0.7645
violation+judgment,alfworld,Qwen3.6-35B-A3B,Phi-4-mini-instruct,180,0.8610,0.7684
violation+judgment,alfworld,Qwen3.6-35B-A3B,Phi-4-mini-instruct,210,0.8611,0.7682
violation+judgment,alfworld,Qwen3.6-35B-A3B,Phi-4-mini-instruct,240,0.8549,0.7674
violation+judgment,alfworld,Qwen3.6-35B-A3B,Phi-4-mini-instruct,270,0.8570,0.7647
violation+judgment,alfworld,Qwen3.6-35B-A3B,Phi-4-mini-instruct,300,0.8570,0.7691
violation+judgment,alfworld,Qwen3.6-35B-A3B,Phi-4-mini-instruct,330,0.8550,0.7641
violation+judgment,alfworld,Qwen3.6-35B-A3B,Phi-4-mini-instruct,360,0.8557,0.7655
violation+judgment,alfworld,Qwen3.6-35B-A3B,Phi-4-mini-instruct,390,0.8571,0.7657
violation+judgment,alfworld,Qwen3.6-35B-A3B,Phi-4-mini-instruct,420,0.8564,0.7661
violation+judgment,alfworld,Qwen3.6-35B-A3B,Phi-4-mini-instruct,450,0.8595,0.7682
violation+judgment,alfworld,Qwen3.6-35B-A3B,Phi-4-mini-instruct,480,0.8598,0.7691
violation+judgment,alfworld,Qwen3.6-35B-A3B,Phi-4-mini-instruct,510,0.8562,0.7661
violation+judgment,alfworld,Qwen3.6-35B-A3B,Phi-4-mini-instruct,540,0.8554,0.7649
violation+judgment,alfworld,Qwen3.6-35B-A3B,Phi-4-mini-instruct,570,0.8573,0.7665
violation+judgment,alfworld,Qwen3.6-35B-A3B,Phi-4-mini-instruct,600,0.8568,0.7648
violation+judgment,alfworld,Qwen3.6-35B-A3B,Phi-4-mini-instruct,630,0.8557,0.7594
violation+judgment,alfworld,Qwen3.6-35B-A3B,Phi-4-mini-instruct,660,0.8545,0.7596
violation+judgment,alfworld,Qwen3.6-35B-A3B,Phi-4-mini-instruct,690,0.8540,0.7587
violation+judgment,alfworld,Qwen3.6-35B-A3B,Phi-4-mini-instruct,720,0.8519,0.7554
violation+judgment,alfworld,Qwen3.6-35B-A3B,Phi-4-mini-instruct,750,0.8523,0.7568
violation+judgment,alfworld,Qwen3.6-35B-A3B,Phi-4-mini-instruct,780,0.8528,0.7566
violation+judgment,alfworld,Qwen3.6-35B-A3B,Phi-4-mini-instruct,810,0.8517,0.7554
violation+judgment,alfworld,Qwen3.6-35B-A3B,Phi-4-mini-instruct,840,0.8522,0.7557
violation+judgment,alfworld,Qwen3.6-35B-A3B,Phi-4-mini-instruct,870,0.8513,0.7550
violation+judgment,alfworld,Qwen3.6-35B-A3B,Phi-4-mini-instruct,900,0.8508,0.7529
violation+judgment,alfworld,Qwen3.6-35B-A3B,Phi-4-mini-instruct,930,0.8516,0.7549
violation+judgment,alfworld,Qwen3.6-35B-A3B,Phi-4-mini-instruct,960,0.8507,0.7540
violation+judgment,alfworld,Qwen3.6-35B-A3B,Phi-4-mini-instruct,990,0.8498,0.7537
violation+judgment,alfworld,Qwen3.6-35B-A3B,Phi-4-mini-instruct,1020,0.8492,0.7542
violation+judgment,alfworld,Qwen3.6-35B-A3B,Phi-4-mini-instruct,1050,0.8494,0.7535
violation+judgment,alfworld,Qwen3.6-35B-A3B,Phi-4-mini-instruct,1080,0.8502,0.7537
violation+judgment,alfworld,Qwen3.6-35B-A3B,Phi-4-mini-instruct,1110,0.8502,0.7530
violation+judgment,alfworld,Qwen3.6-35B-A3B,Phi-4-mini-instruct,1140,0.8500,0.7524
violation+judgment,alfworld,Qwen3.6-35B-A3B,Phi-4-mini-instruct,1170,0.8500,0.7511
violation+judgment,alfworld,Qwen3.6-35B-A3B,Phi-4-mini-instruct,1200,0.8489,0.7488
violation+judgment,alfworld,Qwen3.6-35B-A3B,Phi-4-mini-instruct,1230,0.8493,0.7496
violation+judgment,alfworld,Qwen3.6-35B-A3B,Phi-4-mini-instruct,1260,0.8482,0.7486
violation+judgment,alfworld,Qwen3.6-35B-A3B,Phi-4-mini-instruct,1290,0.8480,0.7479
violation+judgment,alfworld,Qwen3.6-35B-A3B,Phi-4-mini-instruct,1320,0.8482,0.7487
violation+judgment,alfworld,Qwen3.6-35B-A3B,Phi-4-mini-instruct,1350,0.8482,0.7474
violation+judgment,alfworld,Qwen3.6-35B-A3B,Phi-4-mini-instruct,1380,0.8486,0.7473
violation+judgment,alfworld,Qwen3.6-35B-A3B,Phi-4-mini-instruct,1410,0.8492,0.7477
violation+judgment,alfworld,Qwen3.6-35B-A3B,Phi-4-mini-instruct,1440,0.8497,0.7483
violation+judgment,alfworld,Qwen3.6-35B-A3B,Phi-4-mini-instruct,1470,0.8496,0.7496
violation+judgment,alfworld,Qwen3.6-35B-A3B,Phi-4-mini-instruct,1500,0.8494,0.7491
violation+judgment,alfworld,Qwen3.6-35B-A3B,Phi-4-mini-instruct,1530,0.8498,0.7494
violation+judgment,alfworld,Qwen3.6-35B-A3B,Phi-4-mini-instruct,1560,0.8497,0.7484
violation+judgment,alfworld,Qwen3.6-35B-A3B,Phi-4-mini-instruct,1590,0.8488,0.7468
violation+judgment,alfworld,Qwen3.6-35B-A3B,Phi-4-mini-instruct,1620,0.8484,0.7462
violation+judgment,alfworld,Qwen3.6-35B-A3B,Phi-4-mini-instruct,1650,0.8489,0.7473
violation+judgment,alfworld,Qwen3.6-35B-A3B,Phi-4-mini-instruct,1680,0.8491,0.7482
violation+judgment,alfworld,Qwen3.6-35B-A3B,Phi-4-mini-instruct,1710,0.8492,0.7493
violation+judgment,alfworld,Qwen3.6-35B-A3B,Phi-4-mini-instruct,1740,0.8493,0.7497
violation+judgment,alfworld,Qwen3.6-35B-A3B,Phi-4-mini-instruct,1770,0.8488,0.7494
violation+judgment,alfworld,Qwen3.6-35B-A3B,Phi-4-mini-instruct,1800,0.8475,0.7476
violation+judgment,alfworld,Qwen3.6-35B-A3B,Phi-4-mini-instruct,1830,0.8472,0.7478
violation+judgment,alfworld,Qwen3.6-35B-A3B,Phi-4-mini-instruct,1860,0.8467,0.7480
violation+judgment,alfworld,Qwen3.6-35B-A3B,Phi-4-mini-instruct,1890,0.8468,0.7486
violation+judgment,alfworld,Qwen3.6-35B-A3B,Phi-4-mini-instruct,1920,0.8470,0.7496
violation+judgment,alfworld,Qwen3.6-35B-A3B,Phi-4-mini-instruct,1950,0.8466,0.7491
violation+judgment,alfworld,Qwen3.6-35B-A3B,Phi-4-mini-instruct,1980,0.8468,0.7485
violation+judgment,alfworld,Qwen3.6-35B-A3B,Phi-4-mini-instruct,2010,0.8472,0.7482
violation+judgment,alfworld,Qwen3.6-35B-A3B,Phi-4-mini-instruct,2040,0.8470,0.7479
violation+judgment,alfworld,Qwen3.6-35B-A3B,Phi-4-mini-instruct,2070,0.8473,0.7484
violation+judgment,alfworld,Qwen3.6-35B-A3B,Phi-4-mini-instruct,2100,0.8473,0.7480
violation+judgment,alfworld,Qwen3.6-35B-A3B,Phi-4-mini-instruct,2130,0.8475,0.7485
violation+judgment,alfworld,Qwen3.6-35B-A3B,Phi-4-mini-instruct,2160,0.8478,0.7492
violation+judgment,alfworld,Qwen3.6-35B-A3B,Phi-4-mini-instruct,2190,0.8476,0.7489
violation+judgment,alfworld,Qwen3.6-35B-A3B,Phi-4-mini-instruct,2220,0.8477,0.7502
violation+judgment,alfworld,Qwen3.6-35B-A3B,Phi-4-mini-instruct,2250,0.8478,0.7512
violation+judgment,alfworld,Qwen3.6-35B-A3B,Phi-4-mini-instruct,2280,0.8472,0.7509
violation+judgment,alfworld,Qwen3.6-35B-A3B,Phi-4-mini-instruct,2310,0.8471,0.7503
violation+judgment,alfworld,Qwen3.6-35B-A3B,Phi-4-mini-instruct,2340,0.8475,0.7506
violation+judgment,alfworld,Qwen3.6-35B-A3B,Phi-4-mini-instruct,2370,0.8471,0.7495
violation+judgment,alfworld,Qwen3.6-35B-A3B,Phi-4-mini-instruct,2400,0.8469,0.7490
violation+judgment,alfworld,Qwen3.6-35B-A3B,Phi-4-mini-instruct,2430,0.8471,0.7502
violation+judgment,alfworld,Qwen3.6-35B-A3B,Phi-4-mini-instruct,2460,0.8468,0.7496
violation+judgment,alfworld,Qwen3.6-35B-A3B,Phi-4-mini-instruct,2490,0.8470,0.7497
violation+judgment,alfworld,Qwen3.6-35B-A3B,Phi-4-mini-instruct,2520,0.8468,0.7490
violation+judgment,alfworld,Qwen3.6-35B-A3B,Phi-4-mini-instruct,2550,0.8465,0.7494
violation+judgment,alfworld,Qwen3.6-35B-A3B,Phi-4-mini-instruct,2580,0.8463,0.7481
violation+judgment,alfworld,Qwen3.6-35B-A3B,Phi-4-mini-instruct,2610,0.8466,0.7479
violation+judgment,alfworld,Qwen3.6-35B-A3B,Phi-4-mini-instruct,2640,0.8466,0.7477
violation+judgment,alfworld,Qwen3.6-35B-A3B,Phi-4-mini-instruct,2670,0.8466,0.7475
violation+judgment,alfworld,Qwen3.6-35B-A3B,Phi-4-mini-instruct,2700,0.8465,0.7476
violation+judgment,alfworld,Qwen3.6-35B-A3B,Phi-4-mini-instruct,2730,0.8467,0.7482
violation+judgment,alfworld,Qwen3.6-35B-A3B,Phi-4-mini-instruct,2760,0.8467,0.7482
violation+judgment,alfworld,Qwen3.6-35B-A3B,Phi-4-mini-instruct,2790,0.8469,0.7483
violation+judgment,alfworld,Qwen3.6-35B-A3B,Phi-4-mini-instruct,2820,0.8468,0.7487
violation+judgment,alfworld,Qwen3.6-35B-A3B,Phi-4-mini-instruct,2850,0.8470,0.7495
violation+judgment,alfworld,Qwen3.6-35B-A3B,Phi-4-mini-instruct,2880,0.8470,0.7494
violation+judgment,alfworld,Qwen3.6-35B-A3B,Phi-4-mini-instruct,2910,0.8471,0.7501
violation+judgment,alfworld,Qwen3.6-35B-A3B,Phi-4-mini-instruct,2940,0.8473,0.7495
violation+judgment,alfworld,Qwen3.6-35B-A3B,Phi-4-mini-instruct,2970,0.8467,0.7484
violation+judgment,alfworld,Qwen3.6-35B-A3B,Phi-4-mini-instruct,3000,0.8467,0.7485
violation+judgment,alfworld,Qwen3.6-35B-A3B,Phi-4-mini-instruct,3030,0.8466,0.7487
violation+judgment,alfworld,Qwen3.6-35B-A3B,Phi-4-mini-instruct,3060,0.8464,0.7484
violation+judgment,alfworld,Qwen3.6-35B-A3B,Phi-4-mini-instruct,3090,0.8464,0.7477
violation+judgment,alfworld,Qwen3.6-35B-A3B,Phi-4-mini-instruct,3120,0.8463,0.7475
violation+judgment,alfworld,Qwen3.6-35B-A3B,Phi-4-mini-instruct,3150,0.8462,0.7476
violation+judgment,alfworld,Qwen3.6-35B-A3B,Phi-4-mini-instruct,3180,0.8464,0.7478
violation+judgment,alfworld,Qwen3.6-35B-A3B,Phi-4-mini-instruct,3210,0.8468,0.7482
violation+judgment,alfworld,Qwen3.6-35B-A3B,Phi-4-mini-instruct,3240,0.8468,0.7484
violation+judgment,alfworld,Qwen3.6-35B-A3B,Phi-4-mini-instruct,3270,0.8465,0.7483
violation+judgment,alfworld,Qwen3.6-35B-A3B,Phi-4-mini-instruct,3300,0.8465,0.7486
violation+judgment,alfworld,Qwen3.6-35B-A3B,Phi-4-mini-instruct,3330,0.8462,0.7488
violation+judgment,alfworld,Qwen3.6-35B-A3B,Phi-4-mini-instruct,3360,0.8460,0.7485
violation+judgment,alfworld,Qwen3.6-35B-A3B,Phi-4-mini-instruct,3390,0.8462,0.7485
violation+judgment,alfworld,Qwen3.6-35B-A3B,Phi-4-mini-instruct,3420,0.8464,0.7492
violation+judgment,alfworld,Qwen3.6-35B-A3B,Phi-4-mini-instruct,3450,0.8465,0.7493
violation+judgment,alfworld,Qwen3.6-35B-A3B,Phi-4-mini-instruct,3480,0.8465,0.7494
violation+judgment,alfworld,Qwen3.6-35B-A3B,Phi-4-mini-instruct,3510,0.8467,0.7496
violation+judgment,alfworld,Qwen3.6-35B-A3B,Phi-4-mini-instruct,3540,0.8467,0.7494
violation+judgment,alfworld,Qwen3.6-35B-A3B,Phi-4-mini-instruct,3570,0.8469,0.7498
violation+judgment,alfworld,Qwen3.6-35B-A3B,Phi-4-mini-instruct,3600,0.8470,0.7499
violation+judgment,alfworld,Qwen3.6-35B-A3B,Phi-4-mini-instruct,3630,0.8470,0.7504
violation+judgment,alfworld,Qwen3.6-35B-A3B,Phi-4-mini-instruct,3660,0.8467,0.7505
violation+judgment,alfworld,Qwen3.6-35B-A3B,Phi-4-mini-instruct,3690,0.8465,0.7505
violation+judgment,alfworld,Qwen3.6-35B-A3B,Phi-4-mini-instruct,3720,0.8465,0.7508
violation+judgment,alfworld,Qwen3.6-35B-A3B,Phi-4-mini-instruct,3750,0.8466,0.7507
violation+judgment,alfworld,Qwen3.6-35B-A3B,Phi-4-mini-instruct,3780,0.8465,0.7506
violation+judgment,alfworld,Qwen3.6-35B-A3B,Phi-4-mini-instruct,3810,0.8465,0.7507
violation+judgment,alfworld,Qwen3.6-35B-A3B,Phi-4-mini-instruct,3840,0.8466,0.7506
violation+judgment,alfworld,Qwen3.6-35B-A3B,Phi-4-mini-instruct,3870,0.8466,0.7506
violation+judgment,alfworld,Qwen3.6-35B-A3B,Phi-4-mini-instruct,3900,0.8466,0.7505
violation+judgment,alfworld,Qwen3.6-35B-A3B,Phi-4-mini-instruct,3930,0.8468,0.7507
violation+judgment,alfworld,Qwen3.6-35B-A3B,Phi-4-mini-instruct,3960,0.8469,0.7506
violation+judgment,alfworld,Qwen3.6-35B-A3B,Phi-4-mini-instruct,3990,0.8470,0.7508
violation+judgment,alfworld,Qwen3.6-35B-A3B,Phi-4-mini-instruct,4020,0.8471,0.7506
violation+judgment,alfworld,Qwen3.6-35B-A3B,Phi-4-mini-instruct,4050,0.8473,0.7507
violation+judgment,alfworld,Qwen3.6-35B-A3B,Phi-4-mini-instruct,4080,0.8470,0.7506
violation+judgment,alfworld,Qwen3.6-35B-A3B,Phi-4-mini-instruct,4110,0.8470,0.7506
violation+judgment,alfworld,Qwen3.6-35B-A3B,Phi-4-mini-instruct,4140,0.8468,0.7502
violation+judgment,alfworld,Qwen3.6-35B-A3B,Phi-4-mini-instruct,4170,0.8467,0.7502
violation+judgment,alfworld,Qwen3.6-35B-A3B,Phi-4-mini-instruct,4200,0.8469,0.7503
violation+judgment,alfworld,Qwen3.6-35B-A3B,Phi-4-mini-instruct,4230,0.8468,0.7505
violation+judgment,alfworld,Qwen3.6-35B-A3B,Phi-4-mini-instruct,4260,0.8466,0.7504
violation+judgment,alfworld,Qwen3.6-35B-A3B,Phi-4-mini-instruct,4290,0.8466,0.7502
violation+judgment,alfworld,Qwen3.6-35B-A3B,Phi-4-mini-instruct,4320,0.8464,0.7503
violation+judgment,alfworld,Qwen3.6-35B-A3B,Phi-4-mini-instruct,4350,0.8465,0.7503
violation+judgment,alfworld,Qwen3.6-35B-A3B,Phi-4-mini-instruct,4380,0.8466,0.7504
violation+judgment,alfworld,Qwen3.6-35B-A3B,Phi-4-mini-instruct,4410,0.8465,0.7504
violation+judgment,alfworld,Qwen3.6-35B-A3B,Phi-4-mini-instruct,4440,0.8465,0.7503
violation+judgment,alfworld,Qwen3.6-35B-A3B,Phi-4-mini-instruct,4470,0.8467,0.7504
violation+judgment,alfworld,Qwen3.6-35B-A3B,Phi-4-mini-instruct,4500,0.8466,0.7503
violation+judgment,alfworld,Qwen3.6-35B-A3B,Phi-4-mini-instruct,4530,0.8468,0.7505
violation+judgment,alfworld,Qwen3.6-35B-A3B,Phi-4-mini-instruct,4560,0.8470,0.7506
violation+judgment,alfworld,Qwen3.6-35B-A3B,Phi-4-mini-instruct,4590,0.8470,0.7506
violation+judgment,alfworld,Qwen3.6-35B-A3B,Phi-4-mini-instruct,4620,0.8471,0.7506
violation+judgment,alfworld,Qwen3.6-35B-A3B,Phi-4-mini-instruct,4650,0.8471,0.7506
violation+judgment,alfworld,Qwen3.6-35B-A3B,Phi-4-mini-instruct,4680,0.8474,0.7506
violation+judgment,alfworld,Qwen3.6-35B-A3B,Phi-4-mini-instruct,4710,0.8474,0.7506
violation+judgment,alfworld,Qwen3.6-35B-A3B,Phi-4-mini-instruct,4740,0.8475,0.7507
violation+judgment,alfworld,Qwen3.6-35B-A3B,Phi-4-mini-instruct,4770,0.8475,0.7507
violation+judgment,alfworld,Qwen3.6-35B-A3B,Phi-4-mini-instruct,4800,0.8473,0.7507
violation+judgment,alfworld,Qwen3.6-35B-A3B,Phi-4-mini-instruct,4830,0.8474,0.7507
violation+judgment,alfworld,Qwen3.6-35B-A3B,Phi-4-mini-instruct,4860,0.8477,0.7507
violation+judgment,alfworld,Qwen3.6-35B-A3B,Phi-4-mini-instruct,4890,0.8476,0.7508
violation+judgment,alfworld,Qwen3.6-35B-A3B,Phi-4-mini-instruct,4920,0.8475,0.7509
violation+judgment,alfworld,Qwen3.6-35B-A3B,Phi-4-mini-instruct,4950,0.8477,0.7508
violation+judgment,alfworld,Qwen3.6-35B-A3B,Phi-4-mini-instruct,4980,0.8476,0.7508
violation+judgment,alfworld,Qwen3.6-35B-A3B,Phi-4-mini-instruct,5010,0.8475,0.7507
violation+judgment,alfworld,Qwen3.6-35B-A3B,Phi-4-mini-instruct,5040,0.8475,0.7508
violation+judgment,alfworld,Qwen3.6-35B-A3B,Phi-4-mini-instruct,5070,0.8476,0.7508
violation+judgment,alfworld,Qwen3.6-35B-A3B,Phi-4-mini-instruct,5100,0.8476,0.7507
violation+judgment,alfworld,Qwen3.6-35B-A3B,Phi-4-mini-instruct,5130,0.8475,0.7507
violation+judgment,alfworld,Qwen3.6-35B-A3B,Phi-4-mini-instruct,5160,0.8476,0.7507
violation+judgment,alfworld,Qwen3.6-35B-A3B,Phi-4-mini-instruct,5190,0.8477,0.7507
violation+judgment,alfworld,Qwen3.6-35B-A3B,Phi-4-mini-instruct,5220,0.8478,0.7509
violation+judgment,alfworld,Qwen3.6-35B-A3B,Phi-4-mini-instruct,5250,0.8479,0.7510
violation+judgment,alfworld,Qwen3.6-35B-A3B,Phi-4-mini-instruct,5280,0.8478,0.7510
violation+judgment,alfworld,Qwen3.6-35B-A3B,Phi-4-mini-instruct,5310,0.8477,0.7510
violation+judgment,alfworld,Qwen3.6-35B-A3B,Phi-4-mini-instruct,5340,0.8477,0.7510
violation+judgment,alfworld,Qwen3.6-35B-A3B,Phi-4-mini-instruct,5370,0.8478,0.7510
violation+judgment,alfworld,Qwen3.6-35B-A3B,Phi-4-mini-instruct,5400,0.8478,0.7509
violation+judgment,alfworld,Qwen3.6-35B-A3B,Phi-4-mini-instruct,5430,0.8478,0.7510
violation+judgment,alfworld,Qwen3.6-35B-A3B,Phi-4-mini-instruct,5460,0.8480,0.7510
violation+judgment,alfworld,Qwen3.6-35B-A3B,Phi-4-mini-instruct,5490,0.8479,0.7509
violation+judgment,alfworld,Qwen3.6-35B-A3B,Phi-4-mini-instruct,5520,0.8479,0.7509
violation+judgment,alfworld,Qwen3.6-35B-A3B,Phi-4-mini-instruct,5550,0.8480,0.7509
violation+judgment,alfworld,Qwen3.6-35B-A3B,Phi-4-mini-instruct,5580,0.8478,0.7507
violation+judgment,alfworld,Qwen3.6-35B-A3B,Phi-4-mini-instruct,5610,0.8476,0.7506
violation+judgment,alfworld,Qwen3.6-35B-A3B,Phi-4-mini-instruct,5640,0.8477,0.7507
violation+judgment,alfworld,Qwen3.6-35B-A3B,Phi-4-mini-instruct,5670,0.8477,0.7507
violation+judgment,alfworld,Qwen3.6-35B-A3B,Phi-4-mini-instruct,5700,0.8477,0.7508
violation+judgment,alfworld,Qwen3.6-35B-A3B,Phi-4-mini-instruct,5730,0.8479,0.7508
violation+judgment,alfworld,Qwen3.6-35B-A3B,Phi-4-mini-instruct,5760,0.8479,0.7508
violation+judgment,alfworld,Qwen3.6-35B-A3B,Phi-4-mini-instruct,5790,0.8479,0.7507
violation+judgment,alfworld,Qwen3.6-35B-A3B,Phi-4-mini-instruct,5820,0.8480,0.7507
violation+judgment,alfworld,Qwen3.6-35B-A3B,Phi-4-mini-instruct,5850,0.8478,0.7505
violation+judgment,alfworld,Qwen3.6-35B-A3B,Phi-4-mini-instruct,5880,0.8477,0.7505
violation+judgment,alfworld,Qwen3.6-35B-A3B,Phi-4-mini-instruct,5910,0.8478,0.7505
violation+judgment,alfworld,Qwen3.6-35B-A3B,Phi-4-mini-instruct,5940,0.8476,0.7506
violation+judgment,alfworld,Qwen3.6-35B-A3B,Phi-4-mini-instruct,5970,0.8476,0.7505
violation+judgment,alfworld,Qwen3.6-35B-A3B,Phi-4-mini-instruct,6000,0.8479,0.7507
violation+judgment,alfworld,Qwen3.6-35B-A3B,Qwen3.6-35B-A3B,0,0.6809,0.7937
violation+judgment,alfworld,Qwen3.6-35B-A3B,Qwen3.6-35B-A3B,14,0.6809,0.7937
violation+judgment,alfworld,Qwen3.6-35B-A3B,Qwen3.6-35B-A3B,28,0.6809,0.7937
violation+judgment,alfworld,Qwen3.6-35B-A3B,Qwen3.6-35B-A3B,42,0.6809,0.7937
violation+judgment,alfworld,Qwen3.6-35B-A3B,Qwen3.6-35B-A3B,56,0.6809,0.7937
violation+judgment,alfworld,Qwen3.6-35B-A3B,Qwen3.6-35B-A3B,70,0.6809,0.7937
violation+judgment,alfworld,Qwen3.6-35B-A3B,Qwen3.6-35B-A3B,84,0.6809,0.7937
violation+judgment,alfworld,Qwen3.6-35B-A3B,Qwen3.6-35B-A3B,98,0.6809,0.7937
violation+judgment,alfworld,Qwen3.6-35B-A3B,Qwen3.6-35B-A3B,112,0.2808,0.6284
violation+judgment,alfworld,Qwen3.6-35B-A3B,Qwen3.6-35B-A3B,126,0.2730,0.6325
violation+judgment,alfworld,Qwen3.6-35B-A3B,Qwen3.6-35B-A3B,140,0.2636,0.6348
violation+judgment,alfworld,Qwen3.6-35B-A3B,Qwen3.6-35B-A3B,154,0.2608,0.6363
violation+judgment,alfworld,Qwen3.6-35B-A3B,Qwen3.6-35B-A3B,168,0.2639,0.6365
violation+judgment,alfworld,Qwen3.6-35B-A3B,Qwen3.6-35B-A3B,182,0.2679,0.6347
violation+judgment,alfworld,Qwen3.6-35B-A3B,Qwen3.6-35B-A3B,196,0.2731,0.6343
violation+judgment,alfworld,Qwen3.6-35B-A3B,Qwen3.6-35B-A3B,210,0.2744,0.6335
violation+judgment,alfworld,Qwen3.6-35B-A3B,Qwen3.6-35B-A3B,224,0.2697,0.6320
violation+judgment,alfworld,Qwen3.6-35B-A3B,Qwen3.6-35B-A3B,238,0.2664,0.6346
violation+judgment,alfworld,Qwen3.6-35B-A3B,Qwen3.6-35B-A3B,252,0.2640,0.6335
violation+judgment,alfworld,Qwen3.6-35B-A3B,Qwen3.6-35B-A3B,266,0.2701,0.6366
violation+judgment,alfworld,Qwen3.6-35B-A3B,Qwen3.6-35B-A3B,280,0.2667,0.6367
violation+judgment,alfworld,Qwen3.6-35B-A3B,Qwen3.6-35B-A3B,294,0.2664,0.6350
violation+judgment,alfworld,Qwen3.6-35B-A3B,Qwen3.6-35B-A3B,308,0.2687,0.6377
violation+judgment,alfworld,Qwen3.6-35B-A3B,Qwen3.6-35B-A3B,322,0.2670,0.6322
violation+judgment,alfworld,Qwen3.6-35B-A3B,Qwen3.6-35B-A3B,336,0.2639,0.6309
violation+judgment,alfworld,Qwen3.6-35B-A3B,Qwen3.6-35B-A3B,350,0.2650,0.6284
violation+judgment,alfworld,Qwen3.6-35B-A3B,Qwen3.6-35B-A3B,364,0.2666,0.6297
violation+judgment,alfworld,Qwen3.6-35B-A3B,Qwen3.6-35B-A3B,378,0.2642,0.6273
violation+judgment,alfworld,Qwen3.6-35B-A3B,Qwen3.6-35B-A3B,392,0.2673,0.6273
violation+judgment,alfworld,Qwen3.6-35B-A3B,Qwen3.6-35B-A3B,406,0.2709,0.6316
violation+judgment,alfworld,Qwen3.6-35B-A3B,Qwen3.6-35B-A3B,420,0.2720,0.6290
violation+judgment,alfworld,Qwen3.6-35B-A3B,Qwen3.6-35B-A3B,434,0.2709,0.6264
violation+judgment,alfworld,Qwen3.6-35B-A3B,Qwen3.6-35B-A3B,448,0.2710,0.6265
violation+judgment,alfworld,Qwen3.6-35B-A3B,Qwen3.6-35B-A3B,462,0.2714,0.6296
violation+judgment,alfworld,Qwen3.6-35B-A3B,Qwen3.6-35B-A3B,476,0.2692,0.6304
violation+judgment,alfworld,Qwen3.6-35B-A3B,Qwen3.6-35B-A3B,490,0.2690,0.6271
violation+judgment,alfworld,Qwen3.6-35B-A3B,Qwen3.6-35B-A3B,504,0.2699,0.6269
violation+judgment,alfworld,Qwen3.6-35B-A3B,Qwen3.6-35B-A3B,518,0.2695,0.6252
violation+judgment,alfworld,Qwen3.6-35B-A3B,Qwen3.6-35B-A3B,532,0.2708,0.6275
violation+judgment,alfworld,Qwen3.6-35B-A3B,Qwen3.6-35B-A3B,546,0.2704,0.6252
violation+judgment,alfworld,Qwen3.6-35B-A3B,Qwen3.6-35B-A3B,560,0.2695,0.6284
violation+judgment,alfworld,Qwen3.6-35B-A3B,Qwen3.6-35B-A3B,574,0.2684,0.6265
violation+judgment,alfworld,Qwen3.6-35B-A3B,Qwen3.6-35B-A3B,588,0.2679,0.6259
violation+judgment,alfworld,Qwen3.6-35B-A3B,Qwen3.6-35B-A3B,602,0.2679,0.6267
violation+judgment,alfworld,Qwen3.6-35B-A3B,Qwen3.6-35B-A3B,616,0.2676,0.6280
violation+judgment,alfworld,Qwen3.6-35B-A3B,Qwen3.6-35B-A3B,630,0.2700,0.6278
violation+judgment,alfworld,Qwen3.6-35B-A3B,Qwen3.6-35B-A3B,644,0.2710,0.6270
violation+judgment,alfworld,Qwen3.6-35B-A3B,Qwen3.6-35B-A3B,658,0.2694,0.6273
violation+judgment,alfworld,Qwen3.6-35B-A3B,Qwen3.6-35B-A3B,672,0.2685,0.6277
violation+judgment,alfworld,Qwen3.6-35B-A3B,Qwen3.6-35B-A3B,686,0.2690,0.6283
violation+judgment,alfworld,Qwen3.6-35B-A3B,Qwen3.6-35B-A3B,700,0.2697,0.6282
violation+judgment,alfworld,Qwen3.6-35B-A3B,Qwen3.6-35B-A3B,714,0.2692,0.6265
violation+judgment,alfworld,Qwen3.6-35B-A3B,Qwen3.6-35B-A3B,728,0.2692,0.6277
violation+judgment,alfworld,Qwen3.6-35B-A3B,Qwen3.6-35B-A3B,742,0.2667,0.6264
violation+judgment,alfworld,Qwen3.6-35B-A3B,Qwen3.6-35B-A3B,756,0.2661,0.6263
violation+judgment,alfworld,Qwen3.6-35B-A3B,Qwen3.6-35B-A3B,770,0.2668,0.6275
violation+judgment,alfworld,Qwen3.6-35B-A3B,Qwen3.6-35B-A3B,784,0.2667,0.6286
violation+judgment,alfworld,Qwen3.6-35B-A3B,Qwen3.6-35B-A3B,798,0.2671,0.6285
violation+judgment,alfworld,Qwen3.6-35B-A3B,Qwen3.6-35B-A3B,812,0.2693,0.6285
violation+judgment,alfworld,Qwen3.6-35B-A3B,Qwen3.6-35B-A3B,826,0.2715,0.6290
violation+judgment,alfworld,Qwen3.6-35B-A3B,Qwen3.6-35B-A3B,840,0.2702,0.6296
violation+judgment,alfworld,Qwen3.6-35B-A3B,Qwen3.6-35B-A3B,854,0.2710,0.6293
violation+judgment,alfworld,Qwen3.6-35B-A3B,Qwen3.6-35B-A3B,868,0.2710,0.6291
violation+judgment,alfworld,Qwen3.6-35B-A3B,Qwen3.6-35B-A3B,882,0.2695,0.6290
violation+judgment,alfworld,Qwen3.6-35B-A3B,Qwen3.6-35B-A3B,896,0.2701,0.6288
violation+judgment,alfworld,Qwen3.6-35B-A3B,Qwen3.6-35B-A3B,910,0.2714,0.6294
violation+judgment,alfworld,Qwen3.6-35B-A3B,Qwen3.6-35B-A3B,924,0.2711,0.6286
violation+judgment,alfworld,Qwen3.6-35B-A3B,Qwen3.6-35B-A3B,938,0.2688,0.6283
violation+judgment,alfworld,Qwen3.6-35B-A3B,Qwen3.6-35B-A3B,952,0.2688,0.6282
violation+judgment,alfworld,Qwen3.6-35B-A3B,Qwen3.6-35B-A3B,966,0.2674,0.6286
violation+judgment,alfworld,Qwen3.6-35B-A3B,Qwen3.6-35B-A3B,980,0.2662,0.6286
violation+judgment,alfworld,Qwen3.6-35B-A3B,Qwen3.6-35B-A3B,994,0.2649,0.6282
violation+judgment,alfworld,Qwen3.6-35B-A3B,Qwen3.6-35B-A3B,1008,0.2641,0.6283
violation+judgment,alfworld,Qwen3.6-35B-A3B,Qwen3.6-35B-A3B,1022,0.2630,0.6300
violation+judgment,alfworld,Qwen3.6-35B-A3B,Qwen3.6-35B-A3B,1036,0.2630,0.6294
violation+judgment,alfworld,Qwen3.6-35B-A3B,Qwen3.6-35B-A3B,1050,0.2634,0.6303
violation+judgment,alfworld,Qwen3.6-35B-A3B,Qwen3.6-35B-A3B,1064,0.2627,0.6305
violation+judgment,alfworld,Qwen3.6-35B-A3B,Qwen3.6-35B-A3B,1078,0.2633,0.6299
violation+judgment,alfworld,Qwen3.6-35B-A3B,Qwen3.6-35B-A3B,1092,0.2629,0.6299
violation+judgment,alfworld,Qwen3.6-35B-A3B,Qwen3.6-35B-A3B,1106,0.2625,0.6284
violation+judgment,alfworld,Qwen3.6-35B-A3B,Qwen3.6-35B-A3B,1120,0.2612,0.6303
violation+judgment,alfworld,Qwen3.6-35B-A3B,Qwen3.6-35B-A3B,1134,0.2603,0.6340
violation+judgment,alfworld,Qwen3.6-35B-A3B,Qwen3.6-35B-A3B,1148,0.2602,0.6339
violation+judgment,alfworld,Qwen3.6-35B-A3B,Qwen3.6-35B-A3B,1162,0.2599,0.6329
violation+judgment,alfworld,Qwen3.6-35B-A3B,Qwen3.6-35B-A3B,1176,0.2608,0.6321
violation+judgment,alfworld,Qwen3.6-35B-A3B,Qwen3.6-35B-A3B,1190,0.2602,0.6325
violation+judgment,alfworld,Qwen3.6-35B-A3B,Qwen3.6-35B-A3B,1204,0.2603,0.6304
violation+judgment,alfworld,Qwen3.6-35B-A3B,Qwen3.6-35B-A3B,1218,0.2603,0.6286
violation+judgment,alfworld,Qwen3.6-35B-A3B,Qwen3.6-35B-A3B,1232,0.2606,0.6270
violation+judgment,alfworld,Qwen3.6-35B-A3B,Qwen3.6-35B-A3B,1246,0.2603,0.6285
violation+judgment,alfworld,Qwen3.6-35B-A3B,Qwen3.6-35B-A3B,1260,0.2604,0.6290
violation+judgment,alfworld,Qwen3.6-35B-A3B,Qwen3.6-35B-A3B,1274,0.2602,0.6277
violation+judgment,alfworld,Qwen3.6-35B-A3B,Qwen3.6-35B-A3B,1288,0.2591,0.6268
violation+judgment,alfworld,Qwen3.6-35B-A3B,Qwen3.6-35B-A3B,1302,0.2582,0.6269
violation+judgment,alfworld,Qwen3.6-35B-A3B,Qwen3.6-35B-A3B,1316,0.2581,0.6268
violation+judgment,alfworld,Qwen3.6-35B-A3B,Qwen3.6-35B-A3B,1330,0.2580,0.6267
violation+judgment,alfworld,Qwen3.6-35B-A3B,Qwen3.6-35B-A3B,1344,0.2584,0.6267
violation+judgment,alfworld,Qwen3.6-35B-A3B,Qwen3.6-35B-A3B,1358,0.2584,0.6266
violation+judgment,alfworld,Qwen3.6-35B-A3B,Qwen3.6-35B-A3B,1372,0.2576,0.6267
violation+judgment,alfworld,Qwen3.6-35B-A3B,Qwen3.6-35B-A3B,1386,0.2561,0.6268
violation+judgment,alfworld,Qwen3.6-35B-A3B,Qwen3.6-35B-A3B,1400,0.2552,0.6268
violation+judgment,alfworld,Qwen3.6-35B-A3B,Qwen3.6-35B-A3B,1414,0.2549,0.6266
violation+judgment,alfworld,Qwen3.6-35B-A3B,Qwen3.6-35B-A3B,1428,0.2545,0.6254
violation+judgment,alfworld,Qwen3.6-35B-A3B,Qwen3.6-35B-A3B,1442,0.2543,0.6263
violation+judgment,alfworld,Qwen3.6-35B-A3B,Qwen3.6-35B-A3B,1456,0.2542,0.6262
violation+judgment,alfworld,Qwen3.6-35B-A3B,Qwen3.6-35B-A3B,1470,0.2534,0.6263
violation+judgment,alfworld,Qwen3.6-35B-A3B,Qwen3.6-35B-A3B,1484,0.2530,0.6262
violation+judgment,alfworld,Qwen3.6-35B-A3B,Qwen3.6-35B-A3B,1498,0.2523,0.6263
violation+judgment,alfworld,Qwen3.6-35B-A3B,Qwen3.6-35B-A3B,1512,0.2521,0.6261
violation+judgment,alfworld,Qwen3.6-35B-A3B,Qwen3.6-35B-A3B,1526,0.2521,0.6262
violation+judgment,alfworld,Qwen3.6-35B-A3B,Qwen3.6-35B-A3B,1540,0.2513,0.6262
violation+judgment,alfworld,Qwen3.6-35B-A3B,Qwen3.6-35B-A3B,1554,0.2502,0.6257
violation+judgment,alfworld,Qwen3.6-35B-A3B,Qwen3.6-35B-A3B,1568,0.2490,0.6252
violation+judgment,alfworld,Qwen3.6-35B-A3B,Qwen3.6-35B-A3B,1582,0.2493,0.6253
violation+judgment,alfworld,Qwen3.6-35B-A3B,Qwen3.6-35B-A3B,1596,0.2490,0.6252
violation+judgment,alfworld,Qwen3.6-35B-A3B,Qwen3.6-35B-A3B,1610,0.2488,0.6249
violation+judgment,alfworld,Qwen3.6-35B-A3B,Qwen3.6-35B-A3B,1624,0.2486,0.6239
violation+judgment,alfworld,Qwen3.6-35B-A3B,Qwen3.6-35B-A3B,1638,0.2487,0.6239
violation+judgment,alfworld,Qwen3.6-35B-A3B,Qwen3.6-35B-A3B,1652,0.2471,0.6239
violation+judgment,alfworld,Qwen3.6-35B-A3B,Qwen3.6-35B-A3B,1666,0.2464,0.6238
violation+judgment,alfworld,Qwen3.6-35B-A3B,Qwen3.6-35B-A3B,1680,0.2457,0.6237
violation+judgment,alfworld,Qwen3.6-35B-A3B,Qwen3.6-35B-A3B,1694,0.2450,0.6238
violation+judgment,alfworld,Qwen3.6-35B-A3B,Qwen3.6-35B-A3B,1708,0.2453,0.6236
violation+judgment,alfworld,Qwen3.6-35B-A3B,Qwen3.6-35B-A3B,1722,0.2457,0.6237
violation+judgment,alfworld,Qwen3.6-35B-A3B,Qwen3.6-35B-A3B,1736,0.2458,0.6239
violation+judgment,alfworld,Qwen3.6-35B-A3B,Qwen3.6-35B-A3B,1750,0.2464,0.6238
violation+judgment,alfworld,Qwen3.6-35B-A3B,Qwen3.6-35B-A3B,1764,0.2469,0.6238
violation+judgment,alfworld,Qwen3.6-35B-A3B,Qwen3.6-35B-A3B,1778,0.2464,0.6237
violation+judgment,alfworld,Qwen3.6-35B-A3B,Qwen3.6-35B-A3B,1792,0.2463,0.6238
violation+judgment,alfworld,Qwen3.6-35B-A3B,Qwen3.6-35B-A3B,1806,0.2462,0.6237
violation+judgment,alfworld,Qwen3.6-35B-A3B,Qwen3.6-35B-A3B,1820,0.2457,0.6234
violation+judgment,alfworld,Qwen3.6-35B-A3B,Qwen3.6-35B-A3B,1834,0.2454,0.6236
violation+judgment,alfworld,Qwen3.6-35B-A3B,Qwen3.6-35B-A3B,1848,0.2459,0.6234
violation+judgment,alfworld,Qwen3.6-35B-A3B,Qwen3.6-35B-A3B,1862,0.2456,0.6216
violation+judgment,alfworld,Qwen3.6-35B-A3B,Qwen3.6-35B-A3B,1876,0.2459,0.6217
violation+judgment,alfworld,Qwen3.6-35B-A3B,Qwen3.6-35B-A3B,1890,0.2467,0.6219
violation+judgment,alfworld,Qwen3.6-35B-A3B,Qwen3.6-35B-A3B,1904,0.2480,0.6218
violation+judgment,alfworld,Qwen3.6-35B-A3B,Qwen3.6-35B-A3B,1918,0.2485,0.6217
violation+judgment,alfworld,Qwen3.6-35B-A3B,Qwen3.6-35B-A3B,1932,0.2483,0.6216
violation+judgment,alfworld,Qwen3.6-35B-A3B,Qwen3.6-35B-A3B,1946,0.2485,0.6216
violation+judgment,alfworld,Qwen3.6-35B-A3B,Qwen3.6-35B-A3B,1960,0.2483,0.6216
violation+judgment,alfworld,Qwen3.6-35B-A3B,Qwen3.6-35B-A3B,1974,0.2482,0.6217
violation+judgment,alfworld,Qwen3.6-35B-A3B,Qwen3.6-35B-A3B,1988,0.2486,0.6216
violation+judgment,alfworld,Qwen3.6-35B-A3B,Qwen3.6-35B-A3B,2002,0.2491,0.6220
violation+judgment,alfworld,Qwen3.6-35B-A3B,Qwen3.6-35B-A3B,2016,0.2499,0.6219
violation+judgment,alfworld,Qwen3.6-35B-A3B,Qwen3.6-35B-A3B,2030,0.2505,0.6232
violation+judgment,alfworld,Qwen3.6-35B-A3B,Qwen3.6-35B-A3B,2044,0.2508,0.6221
violation+judgment,alfworld,Qwen3.6-35B-A3B,Qwen3.6-35B-A3B,2058,0.2503,0.6217
violation+judgment,alfworld,Qwen3.6-35B-A3B,Qwen3.6-35B-A3B,2072,0.2504,0.6229
violation+judgment,alfworld,Qwen3.6-35B-A3B,Qwen3.6-35B-A3B,2086,0.2501,0.6233
violation+judgment,alfworld,Qwen3.6-35B-A3B,Qwen3.6-35B-A3B,2100,0.2495,0.6234
violation+judgment,alfworld,Qwen3.6-35B-A3B,Qwen3.6-35B-A3B,2114,0.2491,0.6234
violation+judgment,alfworld,Qwen3.6-35B-A3B,Qwen3.6-35B-A3B,2128,0.2491,0.6238
violation+judgment,alfworld,Qwen3.6-35B-A3B,Qwen3.6-35B-A3B,2142,0.2493,0.6237
violation+judgment,alfworld,Qwen3.6-35B-A3B,Qwen3.6-35B-A3B,2156,0.2493,0.6239
violation+judgment,alfworld,Qwen3.6-35B-A3B,Qwen3.6-35B-A3B,2170,0.2499,0.6239
violation+judgment,alfworld,Qwen3.6-35B-A3B,Qwen3.6-35B-A3B,2184,0.2502,0.6239
violation+judgment,alfworld,Qwen3.6-35B-A3B,Qwen3.6-35B-A3B,2198,0.2495,0.6240
violation+judgment,alfworld,Qwen3.6-35B-A3B,Qwen3.6-35B-A3B,2212,0.2487,0.6235
violation+judgment,alfworld,Qwen3.6-35B-A3B,Qwen3.6-35B-A3B,2226,0.2490,0.6238
violation+judgment,alfworld,Qwen3.6-35B-A3B,Qwen3.6-35B-A3B,2240,0.2490,0.6240
violation+judgment,alfworld,Qwen3.6-35B-A3B,Qwen3.6-35B-A3B,2254,0.2484,0.6240
violation+judgment,alfworld,Qwen3.6-35B-A3B,Qwen3.6-35B-A3B,2268,0.2477,0.6236
violation+judgment,alfworld,Qwen3.6-35B-A3B,Qwen3.6-35B-A3B,2282,0.2474,0.6235
violation+judgment,alfworld,Qwen3.6-35B-A3B,Qwen3.6-35B-A3B,2296,0.2474,0.6235
violation+judgment,alfworld,Qwen3.6-35B-A3B,Qwen3.6-35B-A3B,2310,0.2470,0.6239
violation+judgment,alfworld,Qwen3.6-35B-A3B,Qwen3.6-35B-A3B,2324,0.2463,0.6239
violation+judgment,alfworld,Qwen3.6-35B-A3B,Qwen3.6-35B-A3B,2338,0.2461,0.6239
violation+judgment,alfworld,Qwen3.6-35B-A3B,Qwen3.6-35B-A3B,2352,0.2459,0.6235
violation+judgment,alfworld,Qwen3.6-35B-A3B,Qwen3.6-35B-A3B,2366,0.2462,0.6235
violation+judgment,alfworld,Qwen3.6-35B-A3B,Qwen3.6-35B-A3B,2380,0.2463,0.6236
violation+judgment,alfworld,Qwen3.6-35B-A3B,Qwen3.6-35B-A3B,2394,0.2462,0.6227
violation+judgment,alfworld,Qwen3.6-35B-A3B,Qwen3.6-35B-A3B,2408,0.2463,0.6227
violation+judgment,alfworld,Qwen3.6-35B-A3B,Qwen3.6-35B-A3B,2422,0.2464,0.6222
violation+judgment,alfworld,Qwen3.6-35B-A3B,Qwen3.6-35B-A3B,2436,0.2463,0.6220
violation+judgment,alfworld,Qwen3.6-35B-A3B,Qwen3.6-35B-A3B,2450,0.2462,0.6220
violation+judgment,alfworld,Qwen3.6-35B-A3B,Qwen3.6-35B-A3B,2464,0.2462,0.6220
violation+judgment,alfworld,Qwen3.6-35B-A3B,Qwen3.6-35B-A3B,2478,0.2461,0.6220
violation+judgment,alfworld,Qwen3.6-35B-A3B,Qwen3.6-35B-A3B,2492,0.2462,0.6220
violation+judgment,alfworld,Qwen3.6-35B-A3B,Qwen3.6-35B-A3B,2506,0.2460,0.6220
violation+judgment,alfworld,Qwen3.6-35B-A3B,Qwen3.6-35B-A3B,2520,0.2459,0.6220
violation+judgment,alfworld,Qwen3.6-35B-A3B,Qwen3.6-35B-A3B,2534,0.2463,0.6219
violation+judgment,alfworld,Qwen3.6-35B-A3B,Qwen3.6-35B-A3B,2548,0.2470,0.6220
violation+judgment,alfworld,Qwen3.6-35B-A3B,Qwen3.6-35B-A3B,2562,0.2475,0.6220
violation+judgment,alfworld,Qwen3.6-35B-A3B,Qwen3.6-35B-A3B,2576,0.2474,0.6220
violation+judgment,alfworld,Qwen3.6-35B-A3B,Qwen3.6-35B-A3B,2590,0.2475,0.6220
violation+judgment,alfworld,Qwen3.6-35B-A3B,Qwen3.6-35B-A3B,2604,0.2476,0.6220
violation+judgment,alfworld,Qwen3.6-35B-A3B,Qwen3.6-35B-A3B,2618,0.2480,0.6220
violation+judgment,alfworld,Qwen3.6-35B-A3B,Qwen3.6-35B-A3B,2632,0.2483,0.6220
violation+judgment,alfworld,Qwen3.6-35B-A3B,Qwen3.6-35B-A3B,2646,0.2484,0.6221
violation+judgment,alfworld,Qwen3.6-35B-A3B,Qwen3.6-35B-A3B,2660,0.2486,0.6221
violation+judgment,alfworld,Qwen3.6-35B-A3B,Qwen3.6-35B-A3B,2674,0.2491,0.6221
violation+judgment,alfworld,Qwen3.6-35B-A3B,Qwen3.6-35B-A3B,2688,0.2494,0.6221
violation+judgment,alfworld,Qwen3.6-35B-A3B,Qwen3.6-35B-A3B,2702,0.2494,0.6221
violation+judgment,alfworld,Qwen3.6-35B-A3B,Qwen3.6-35B-A3B,2716,0.2498,0.6221
violation+judgment,alfworld,Qwen3.6-35B-A3B,Qwen3.6-35B-A3B,2730,0.2507,0.6221
violation+judgment,alfworld,Qwen3.6-35B-A3B,Qwen3.6-35B-A3B,2744,0.2512,0.6221
violation+judgment,alfworld,Qwen3.6-35B-A3B,Qwen3.6-35B-A3B,2758,0.2510,0.6220
violation+judgment,alfworld,Qwen3.6-35B-A3B,Qwen3.6-35B-A3B,2772,0.2506,0.6221
violation+judgment,alfworld,Qwen3.6-35B-A3B,Qwen3.6-35B-A3B,2786,0.2503,0.6220
violation+judgment,alfworld,Qwen3.6-35B-A3B,Qwen3.6-35B-A3B,2800,0.2505,0.6220
violation+judgment,alfworld,Qwen3.6-35B-A3B,Qwen3.6-35B-A3B,2814,0.2508,0.6220
violation+judgment,alfworld,Qwen3.6-35B-A3B,Qwen3.6-35B-A3B,2828,0.2512,0.6221
violation+judgment,alfworld,Qwen3.6-35B-A3B,Qwen3.6-35B-A3B,2842,0.2514,0.6221
violation+judgment,alfworld,Qwen3.6-35B-A3B,Qwen3.6-35B-A3B,2856,0.2512,0.6222
violation+judgment,alfworld,Qwen3.6-35B-A3B,Qwen3.6-35B-A3B,2870,0.2513,0.6222
violation+judgment,alfworld,Qwen3.6-35B-A3B,deepseek-v4-flash,0,0.6975,0.7674
violation+judgment,alfworld,Qwen3.6-35B-A3B,deepseek-v4-flash,15,0.6975,0.7674
violation+judgment,alfworld,Qwen3.6-35B-A3B,deepseek-v4-flash,30,0.6975,0.7674
violation+judgment,alfworld,Qwen3.6-35B-A3B,deepseek-v4-flash,45,0.6975,0.7674
violation+judgment,alfworld,Qwen3.6-35B-A3B,deepseek-v4-flash,60,0.6975,0.7674
violation+judgment,alfworld,Qwen3.6-35B-A3B,deepseek-v4-flash,75,0.6975,0.7674
violation+judgment,alfworld,Qwen3.6-35B-A3B,deepseek-v4-flash,90,0.6975,0.7674
violation+judgment,alfworld,Qwen3.6-35B-A3B,deepseek-v4-flash,105,0.4331,0.4837
violation+judgment,alfworld,Qwen3.6-35B-A3B,deepseek-v4-flash,120,0.4348,0.4837
violation+judgment,alfworld,Qwen3.6-35B-A3B,deepseek-v4-flash,135,0.4263,0.4793
violation+judgment,alfworld,Qwen3.6-35B-A3B,deepseek-v4-flash,150,0.4193,0.4781
violation+judgment,alfworld,Qwen3.6-35B-A3B,deepseek-v4-flash,165,0.4159,0.4677
violation+judgment,alfworld,Qwen3.6-35B-A3B,deepseek-v4-flash,180,0.4134,0.4606
violation+judgment,alfworld,Qwen3.6-35B-A3B,deepseek-v4-flash,195,0.4088,0.4586
violation+judgment,alfworld,Qwen3.6-35B-A3B,deepseek-v4-flash,210,0.4127,0.4619
violation+judgment,alfworld,Qwen3.6-35B-A3B,deepseek-v4-flash,225,0.4124,0.4703
violation+judgment,alfworld,Qwen3.6-35B-A3B,deepseek-v4-flash,240,0.4101,0.4698
violation+judgment,alfworld,Qwen3.6-35B-A3B,deepseek-v4-flash,255,0.4107,0.4686
violation+judgment,alfworld,Qwen3.6-35B-A3B,deepseek-v4-flash,270,0.4148,0.4637
violation+judgment,alfworld,Qwen3.6-35B-A3B,deepseek-v4-flash,285,0.4157,0.4618
violation+judgment,alfworld,Qwen3.6-35B-A3B,deepseek-v4-flash,300,0.4186,0.4670
violation+judgment,alfworld,Qwen3.6-35B-A3B,deepseek-v4-flash,315,0.4186,0.4716
violation+judgment,alfworld,Qwen3.6-35B-A3B,deepseek-v4-flash,330,0.4216,0.4741
violation+judgment,alfworld,Qwen3.6-35B-A3B,deepseek-v4-flash,345,0.4277,0.4788
violation+judgment,alfworld,Qwen3.6-35B-A3B,deepseek-v4-flash,360,0.4283,0.4727
violation+judgment,alfworld,Qwen3.6-35B-A3B,deepseek-v4-flash,375,0.4291,0.4760
violation+judgment,alfworld,Qwen3.6-35B-A3B,deepseek-v4-flash,390,0.4329,0.4772
violation+judgment,alfworld,Qwen3.6-35B-A3B,deepseek-v4-flash,405,0.4343,0.4738
violation+judgment,alfworld,Qwen3.6-35B-A3B,deepseek-v4-flash,420,0.4343,0.4777
violation+judgment,alfworld,Qwen3.6-35B-A3B,deepseek-v4-flash,435,0.4390,0.4812
violation+judgment,alfworld,Qwen3.6-35B-A3B,deepseek-v4-flash,450,0.4386,0.4814
violation+judgment,alfworld,Qwen3.6-35B-A3B,deepseek-v4-flash,465,0.4406,0.4848
violation+judgment,alfworld,Qwen3.6-35B-A3B,deepseek-v4-flash,480,0.4425,0.4853
violation+judgment,alfworld,Qwen3.6-35B-A3B,deepseek-v4-flash,495,0.4413,0.4850
violation+judgment,alfworld,Qwen3.6-35B-A3B,deepseek-v4-flash,510,0.4412,0.4813
violation+judgment,alfworld,Qwen3.6-35B-A3B,deepseek-v4-flash,525,0.4397,0.4805
violation+judgment,alfworld,Qwen3.6-35B-A3B,deepseek-v4-flash,540,0.4413,0.4821
violation+judgment,alfworld,Qwen3.6-35B-A3B,deepseek-v4-flash,555,0.4413,0.4844
violation+judgment,alfworld,Qwen3.6-35B-A3B,deepseek-v4-flash,570,0.4420,0.4849
violation+judgment,alfworld,Qwen3.6-35B-A3B,deepseek-v4-flash,585,0.4424,0.4861
violation+judgment,alfworld,Qwen3.6-35B-A3B,deepseek-v4-flash,600,0.4437,0.4884
violation+judgment,alfworld,Qwen3.6-35B-A3B,deepseek-v4-flash,615,0.4412,0.4864
violation+judgment,alfworld,Qwen3.6-35B-A3B,deepseek-v4-flash,630,0.4389,0.4860
violation+judgment,alfworld,Qwen3.6-35B-A3B,deepseek-v4-flash,645,0.4373,0.4800
violation+judgment,alfworld,Qwen3.6-35B-A3B,deepseek-v4-flash,660,0.4360,0.4798
violation+judgment,alfworld,Qwen3.6-35B-A3B,deepseek-v4-flash,675,0.4362,0.4833
violation+judgment,alfworld,Qwen3.6-35B-A3B,deepseek-v4-flash,690,0.4346,0.4791
violation+judgment,alfworld,Qwen3.6-35B-A3B,deepseek-v4-flash,705,0.4343,0.4788
violation+judgment,alfworld,Qwen3.6-35B-A3B,deepseek-v4-flash,720,0.4352,0.4778
violation+judgment,alfworld,Qwen3.6-35B-A3B,deepseek-v4-flash,735,0.4347,0.4736
violation+judgment,alfworld,Qwen3.6-35B-A3B,deepseek-v4-flash,750,0.4342,0.4737
violation+judgment,alfworld,Qwen3.6-35B-A3B,deepseek-v4-flash,765,0.4321,0.4753
violation+judgment,alfworld,Qwen3.6-35B-A3B,deepseek-v4-flash,780,0.4307,0.4745
violation+judgment,alfworld,Qwen3.6-35B-A3B,deepseek-v4-flash,795,0.4292,0.4731
violation+judgment,alfworld,Qwen3.6-35B-A3B,deepseek-v4-flash,810,0.4282,0.4743
violation+judgment,alfworld,Qwen3.6-35B-A3B,deepseek-v4-flash,825,0.4275,0.4765
violation+judgment,alfworld,Qwen3.6-35B-A3B,deepseek-v4-flash,840,0.4264,0.4729
violation+judgment,alfworld,Qwen3.6-35B-A3B,deepseek-v4-flash,855,0.4249,0.4720
violation+judgment,alfworld,Qwen3.6-35B-A3B,deepseek-v4-flash,870,0.4248,0.4722
violation+judgment,alfworld,Qwen3.6-35B-A3B,deepseek-v4-flash,885,0.4253,0.4712
violation+judgment,alfworld,Qwen3.6-35B-A3B,deepseek-v4-flash,900,0.4249,0.4741
violation+judgment,alfworld,Qwen3.6-35B-A3B,deepseek-v4-flash,915,0.4249,0.4754
violation+judgment,alfworld,Qwen3.6-35B-A3B,deepseek-v4-flash,930,0.4236,0.4746
violation+judgment,alfworld,Qwen3.6-35B-A3B,deepseek-v4-flash,945,0.4225,0.4731
violation+judgment,alfworld,Qwen3.6-35B-A3B,deepseek-v4-flash,960,0.4216,0.4674
violation+judgment,alfworld,Qwen3.6-35B-A3B,deepseek-v4-flash,975,0.4212,0.4670
violation+judgment,alfworld,Qwen3.6-35B-A3B,deepseek-v4-flash,990,0.4206,0.4673
violation+judgment,alfworld,Qwen3.6-35B-A3B,deepseek-v4-flash,1005,0.4208,0.4686
violation+judgment,alfworld,Qwen3.6-35B-A3B,deepseek-v4-flash,1020,0.4213,0.4684
violation+judgment,alfworld,Qwen3.6-35B-A3B,deepseek-v4-flash,1035,0.4214,0.4698
violation+judgment,alfworld,Qwen3.6-35B-A3B,deepseek-v4-flash,1050,0.4212,0.4713
violation+judgment,alfworld,Qwen3.6-35B-A3B,deepseek-v4-flash,1065,0.4203,0.4696
violation+judgment,alfworld,Qwen3.6-35B-A3B,deepseek-v4-flash,1080,0.4185,0.4690
violation+judgment,alfworld,Qwen3.6-35B-A3B,deepseek-v4-flash,1095,0.4176,0.4673
violation+judgment,alfworld,Qwen3.6-35B-A3B,deepseek-v4-flash,1110,0.4178,0.4699
violation+judgment,alfworld,Qwen3.6-35B-A3B,deepseek-v4-flash,1125,0.4190,0.4697
violation+judgment,alfworld,Qwen3.6-35B-A3B,deepseek-v4-flash,1140,0.4194,0.4719
violation+judgment,alfworld,Qwen3.6-35B-A3B,deepseek-v4-flash,1155,0.4196,0.4705
violation+judgment,alfworld,Qwen3.6-35B-A3B,deepseek-v4-flash,1170,0.4195,0.4711
violation+judgment,alfworld,Qwen3.6-35B-A3B,deepseek-v4-flash,1185,0.4209,0.4705
violation+judgment,alfworld,Qwen3.6-35B-A3B,deepseek-v4-flash,1200,0.4215,0.4700
violation+judgment,alfworld,Qwen3.6-35B-A3B,deepseek-v4-flash,1215,0.4216,0.4702
violation+judgment,alfworld,Qwen3.6-35B-A3B,deepseek-v4-flash,1230,0.4214,0.4725
violation+judgment,alfworld,Qwen3.6-35B-A3B,deepseek-v4-flash,1245,0.4219,0.4724
violation+judgment,alfworld,Qwen3.6-35B-A3B,deepseek-v4-flash,1260,0.4212,0.4722
violation+judgment,alfworld,Qwen3.6-35B-A3B,deepseek-v4-flash,1275,0.4197,0.4704
violation+judgment,alfworld,Qwen3.6-35B-A3B,deepseek-v4-flash,1290,0.4194,0.4703
violation+judgment,alfworld,Qwen3.6-35B-A3B,deepseek-v4-flash,1305,0.4204,0.4703
violation+judgment,alfworld,Qwen3.6-35B-A3B,deepseek-v4-flash,1320,0.4217,0.4704
violation+judgment,alfworld,Qwen3.6-35B-A3B,deepseek-v4-flash,1335,0.4215,0.4705
violation+judgment,alfworld,Qwen3.6-35B-A3B,deepseek-v4-flash,1350,0.4208,0.4697
violation+judgment,alfworld,Qwen3.6-35B-A3B,deepseek-v4-flash,1365,0.4210,0.4705
violation+judgment,alfworld,Qwen3.6-35B-A3B,deepseek-v4-flash,1380,0.4218,0.4698
violation+judgment,alfworld,Qwen3.6-35B-A3B,deepseek-v4-flash,1395,0.4218,0.4691
violation+judgment,alfworld,Qwen3.6-35B-A3B,deepseek-v4-flash,1410,0.4227,0.4698
violation+judgment,alfworld,Qwen3.6-35B-A3B,deepseek-v4-flash,1425,0.4226,0.4701
violation+judgment,alfworld,Qwen3.6-35B-A3B,deepseek-v4-flash,1440,0.4221,0.4682
violation+judgment,alfworld,Qwen3.6-35B-A3B,deepseek-v4-flash,1455,0.4217,0.4680
violation+judgment,alfworld,Qwen3.6-35B-A3B,deepseek-v4-flash,1470,0.4210,0.4686
violation+judgment,alfworld,Qwen3.6-35B-A3B,deepseek-v4-flash,1485,0.4200,0.4682
violation+judgment,alfworld,Qwen3.6-35B-A3B,deepseek-v4-flash,1500,0.4199,0.4675
violation+judgment,alfworld,Qwen3.6-35B-A3B,deepseek-v4-flash,1515,0.4198,0.4676
violation+judgment,alfworld,Qwen3.6-35B-A3B,deepseek-v4-flash,1530,0.4198,0.4686
violation+judgment,alfworld,Qwen3.6-35B-A3B,deepseek-v4-flash,1545,0.4204,0.4704
violation+judgment,alfworld,Qwen3.6-35B-A3B,deepseek-v4-flash,1560,0.4215,0.4731
violation+judgment,alfworld,Qwen3.6-35B-A3B,deepseek-v4-flash,1575,0.4221,0.4722
violation+judgment,alfworld,Qwen3.6-35B-A3B,deepseek-v4-flash,1590,0.4229,0.4727
violation+judgment,alfworld,Qwen3.6-35B-A3B,deepseek-v4-flash,1605,0.4239,0.4728
violation+judgment,alfworld,Qwen3.6-35B-A3B,deepseek-v4-flash,1620,0.4241,0.4723
violation+judgment,alfworld,Qwen3.6-35B-A3B,deepseek-v4-flash,1635,0.4239,0.4723
violation+judgment,alfworld,Qwen3.6-35B-A3B,deepseek-v4-flash,1650,0.4239,0.4717
violation+judgment,alfworld,Qwen3.6-35B-A3B,deepseek-v4-flash,1665,0.4230,0.4717
violation+judgment,alfworld,Qwen3.6-35B-A3B,deepseek-v4-flash,1680,0.4227,0.4717
violation+judgment,alfworld,Qwen3.6-35B-A3B,deepseek-v4-flash,1695,0.4237,0.4708
violation+judgment,alfworld,Qwen3.6-35B-A3B,deepseek-v4-flash,1710,0.4239,0.4722
violation+judgment,alfworld,Qwen3.6-35B-A3B,deepseek-v4-flash,1725,0.4238,0.4723
violation+judgment,alfworld,Qwen3.6-35B-A3B,deepseek-v4-flash,1740,0.4244,0.4726
violation+judgment,alfworld,Qwen3.6-35B-A3B,deepseek-v4-flash,1755,0.4251,0.4720
violation+judgment,alfworld,Qwen3.6-35B-A3B,deepseek-v4-flash,1770,0.4256,0.4723
violation+judgment,alfworld,Qwen3.6-35B-A3B,deepseek-v4-flash,1785,0.4252,0.4722
violation+judgment,alfworld,Qwen3.6-35B-A3B,deepseek-v4-flash,1800,0.4257,0.4725
violation+judgment,alfworld,Qwen3.6-35B-A3B,deepseek-v4-flash,1815,0.4256,0.4721
violation+judgment,alfworld,Qwen3.6-35B-A3B,deepseek-v4-flash,1830,0.4260,0.4722
violation+judgment,alfworld,Qwen3.6-35B-A3B,deepseek-v4-flash,1845,0.4266,0.4726
violation+judgment,alfworld,Qwen3.6-35B-A3B,deepseek-v4-flash,1860,0.4267,0.4716
violation+judgment,alfworld,Qwen3.6-35B-A3B,deepseek-v4-flash,1875,0.4264,0.4724
violation+judgment,alfworld,Qwen3.6-35B-A3B,deepseek-v4-flash,1890,0.4260,0.4726
violation+judgment,alfworld,Qwen3.6-35B-A3B,deepseek-v4-flash,1905,0.4270,0.4726
violation+judgment,alfworld,Qwen3.6-35B-A3B,deepseek-v4-flash,1920,0.4275,0.4724
violation+judgment,alfworld,Qwen3.6-35B-A3B,deepseek-v4-flash,1935,0.4270,0.4722
violation+judgment,alfworld,Qwen3.6-35B-A3B,deepseek-v4-flash,1950,0.4271,0.4703
violation+judgment,alfworld,Qwen3.6-35B-A3B,deepseek-v4-flash,1965,0.4262,0.4700
violation+judgment,alfworld,Qwen3.6-35B-A3B,deepseek-v4-flash,1980,0.4257,0.4692
violation+judgment,alfworld,Qwen3.6-35B-A3B,deepseek-v4-flash,1995,0.4249,0.4691
violation+judgment,alfworld,Qwen3.6-35B-A3B,deepseek-v4-flash,2010,0.4245,0.4686
violation+judgment,alfworld,Qwen3.6-35B-A3B,deepseek-v4-flash,2025,0.4245,0.4678
violation+judgment,alfworld,Qwen3.6-35B-A3B,deepseek-v4-flash,2040,0.4245,0.4701
violation+judgment,alfworld,Qwen3.6-35B-A3B,deepseek-v4-flash,2055,0.4247,0.4698
violation+judgment,alfworld,Qwen3.6-35B-A3B,deepseek-v4-flash,2070,0.4245,0.4691
violation+judgment,alfworld,Qwen3.6-35B-A3B,deepseek-v4-flash,2085,0.4236,0.4671
violation+judgment,alfworld,Qwen3.6-35B-A3B,deepseek-v4-flash,2100,0.4231,0.4672
violation+judgment,alfworld,Qwen3.6-35B-A3B,deepseek-v4-flash,2115,0.4225,0.4667
violation+judgment,alfworld,Qwen3.6-35B-A3B,deepseek-v4-flash,2130,0.4223,0.4662
violation+judgment,alfworld,Qwen3.6-35B-A3B,deepseek-v4-flash,2145,0.4224,0.4663
violation+judgment,alfworld,Qwen3.6-35B-A3B,deepseek-v4-flash,2160,0.4224,0.4659
violation+judgment,alfworld,Qwen3.6-35B-A3B,deepseek-v4-flash,2175,0.4227,0.4646
violation+judgment,alfworld,Qwen3.6-35B-A3B,deepseek-v4-flash,2190,0.4226,0.4643
violation+judgment,alfworld,Qwen3.6-35B-A3B,deepseek-v4-flash,2205,0.4231,0.4645
violation+judgment,alfworld,Qwen3.6-35B-A3B,deepseek-v4-flash,2220,0.4230,0.4644
violation+judgment,alfworld,Qwen3.6-35B-A3B,deepseek-v4-flash,2235,0.4228,0.4650
violation+judgment,alfworld,Qwen3.6-35B-A3B,deepseek-v4-flash,2250,0.4229,0.4682
violation+judgment,alfworld,Qwen3.6-35B-A3B,deepseek-v4-flash,2265,0.4228,0.4684
violation+judgment,alfworld,Qwen3.6-35B-A3B,deepseek-v4-flash,2280,0.4227,0.4686
violation+judgment,alfworld,Qwen3.6-35B-A3B,deepseek-v4-flash,2295,0.4233,0.4685
violation+judgment,alfworld,Qwen3.6-35B-A3B,deepseek-v4-flash,2310,0.4236,0.4682
violation+judgment,alfworld,Qwen3.6-35B-A3B,deepseek-v4-flash,2325,0.4231,0.4670
violation+judgment,alfworld,Qwen3.6-35B-A3B,deepseek-v4-flash,2340,0.4235,0.4686
violation+judgment,alfworld,Qwen3.6-35B-A3B,deepseek-v4-flash,2355,0.4238,0.4688
violation+judgment,alfworld,Qwen3.6-35B-A3B,deepseek-v4-flash,2370,0.4239,0.4691
violation+judgment,alfworld,Qwen3.6-35B-A3B,deepseek-v4-flash,2385,0.4244,0.4696
violation+judgment,alfworld,Qwen3.6-35B-A3B,deepseek-v4-flash,2400,0.4246,0.4698
violation+judgment,alfworld,Qwen3.6-35B-A3B,deepseek-v4-flash,2415,0.4244,0.4706
violation+judgment,alfworld,Qwen3.6-35B-A3B,deepseek-v4-flash,2430,0.4246,0.4702
violation+judgment,alfworld,Qwen3.6-35B-A3B,deepseek-v4-flash,2445,0.4253,0.4702
violation+judgment,alfworld,Qwen3.6-35B-A3B,deepseek-v4-flash,2460,0.4254,0.4697
violation+judgment,alfworld,Qwen3.6-35B-A3B,deepseek-v4-flash,2475,0.4254,0.4697
violation+judgment,alfworld,Qwen3.6-35B-A3B,deepseek-v4-flash,2490,0.4249,0.4697
violation+judgment,alfworld,Qwen3.6-35B-A3B,deepseek-v4-flash,2505,0.4247,0.4699
violation+judgment,alfworld,Qwen3.6-35B-A3B,deepseek-v4-flash,2520,0.4253,0.4701
violation+judgment,alfworld,Qwen3.6-35B-A3B,deepseek-v4-flash,2535,0.4255,0.4703
violation+judgment,alfworld,Qwen3.6-35B-A3B,deepseek-v4-flash,2550,0.4256,0.4698
violation+judgment,alfworld,Qwen3.6-35B-A3B,deepseek-v4-flash,2565,0.4256,0.4699
violation+judgment,alfworld,Qwen3.6-35B-A3B,deepseek-v4-flash,2580,0.4261,0.4700
violation+judgment,alfworld,Qwen3.6-35B-A3B,deepseek-v4-flash,2595,0.4268,0.4701
violation+judgment,alfworld,Qwen3.6-35B-A3B,deepseek-v4-flash,2610,0.4274,0.4704
violation+judgment,alfworld,Qwen3.6-35B-A3B,deepseek-v4-flash,2625,0.4276,0.4706
violation+judgment,alfworld,Qwen3.6-35B-A3B,deepseek-v4-flash,2640,0.4277,0.4706
violation+judgment,alfworld,Qwen3.6-35B-A3B,deepseek-v4-flash,2655,0.4275,0.4707
violation+judgment,alfworld,Qwen3.6-35B-A3B,deepseek-v4-flash,2670,0.4275,0.4713
violation+judgment,alfworld,Qwen3.6-35B-A3B,deepseek-v4-flash,2685,0.4279,0.4718
violation+judgment,alfworld,Qwen3.6-35B-A3B,deepseek-v4-flash,2700,0.4276,0.4717
violation+judgment,alfworld,Qwen3.6-35B-A3B,deepseek-v4-flash,2715,0.4276,0.4720
violation+judgment,alfworld,Qwen3.6-35B-A3B,deepseek-v4-flash,2730,0.4276,0.4724
violation+judgment,alfworld,Qwen3.6-35B-A3B,deepseek-v4-flash,2745,0.4269,0.4716
violation+judgment,alfworld,Qwen3.6-35B-A3B,deepseek-v4-flash,2760,0.4261,0.4697
violation+judgment,alfworld,Qwen3.6-35B-A3B,deepseek-v4-flash,2775,0.4262,0.4696
violation+judgment,alfworld,Qwen3.6-35B-A3B,deepseek-v4-flash,2790,0.4260,0.4696
violation+judgment,alfworld,Qwen3.6-35B-A3B,deepseek-v4-flash,2805,0.4259,0.4697
violation+judgment,alfworld,Qwen3.6-35B-A3B,deepseek-v4-flash,2820,0.4261,0.4701
violation+judgment,alfworld,Qwen3.6-35B-A3B,deepseek-v4-flash,2835,0.4261,0.4702
violation+judgment,alfworld,Qwen3.6-35B-A3B,deepseek-v4-flash,2850,0.4255,0.4697
violation+judgment,alfworld,Qwen3.6-35B-A3B,deepseek-v4-flash,2865,0.4253,0.4689
violation+judgment,alfworld,Qwen3.6-35B-A3B,deepseek-v4-flash,2880,0.4254,0.4682
violation+judgment,alfworld,Qwen3.6-35B-A3B,deepseek-v4-flash,2895,0.4253,0.4682
violation+judgment,alfworld,Qwen3.6-35B-A3B,deepseek-v4-flash,2910,0.4249,0.4676
violation+judgment,alfworld,Qwen3.6-35B-A3B,deepseek-v4-flash,2925,0.4249,0.4676
violation+judgment,alfworld,Qwen3.6-35B-A3B,deepseek-v4-flash,2940,0.4248,0.4676
violation+judgment,alfworld,Qwen3.6-35B-A3B,deepseek-v4-flash,2955,0.4247,0.4676
violation+judgment,alfworld,Qwen3.6-35B-A3B,deepseek-v4-flash,2970,0.4246,0.4676
violation+judgment,alfworld,Qwen3.6-35B-A3B,deepseek-v4-flash,2985,0.4243,0.4678
violation+judgment,alfworld,Qwen3.6-35B-A3B,deepseek-v4-flash,3000,0.4241,0.4678
violation+judgment,alfworld,Qwen3.6-35B-A3B,deepseek-v4-flash,3015,0.4243,0.4680
violation+judgment,alfworld,Qwen3.6-35B-A3B,deepseek-v4-flash,3030,0.4239,0.4681
violation+judgment,alfworld,Qwen3.6-35B-A3B,deepseek-v4-flash,3045,0.4238,0.4678
violation+judgment,alfworld,Qwen3.6-35B-A3B,deepseek-v4-flash,3060,0.4238,0.4673
violation+judgment,alfworld,Qwen3.6-35B-A3B,gemma-3-4b-it,0,0.5833,0.7642
violation+judgment,alfworld,Qwen3.6-35B-A3B,gemma-3-4b-it,32,0.5833,0.7642
violation+judgment,alfworld,Qwen3.6-35B-A3B,gemma-3-4b-it,64,0.5833,0.7642
violation+judgment,alfworld,Qwen3.6-35B-A3B,gemma-3-4b-it,96,0.5833,0.7642
violation+judgment,alfworld,Qwen3.6-35B-A3B,gemma-3-4b-it,128,0.8161,0.8232
violation+judgment,alfworld,Qwen3.6-35B-A3B,gemma-3-4b-it,160,0.8192,0.8314
violation+judgment,alfworld,Qwen3.6-35B-A3B,gemma-3-4b-it,192,0.8246,0.8385
violation+judgment,alfworld,Qwen3.6-35B-A3B,gemma-3-4b-it,224,0.8212,0.8294
violation+judgment,alfworld,Qwen3.6-35B-A3B,gemma-3-4b-it,256,0.8208,0.8289
violation+judgment,alfworld,Qwen3.6-35B-A3B,gemma-3-4b-it,288,0.8226,0.8333
violation+judgment,alfworld,Qwen3.6-35B-A3B,gemma-3-4b-it,320,0.8195,0.8218
violation+judgment,alfworld,Qwen3.6-35B-A3B,gemma-3-4b-it,352,0.8173,0.8142
violation+judgment,alfworld,Qwen3.6-35B-A3B,gemma-3-4b-it,384,0.8193,0.8158
violation+judgment,alfworld,Qwen3.6-35B-A3B,gemma-3-4b-it,416,0.8188,0.8169
violation+judgment,alfworld,Qwen3.6-35B-A3B,gemma-3-4b-it,448,0.8186,0.8177
violation+judgment,alfworld,Qwen3.6-35B-A3B,gemma-3-4b-it,480,0.8191,0.8180
violation+judgment,alfworld,Qwen3.6-35B-A3B,gemma-3-4b-it,512,0.8214,0.8212
violation+judgment,alfworld,Qwen3.6-35B-A3B,gemma-3-4b-it,544,0.8224,0.8224
violation+judgment,alfworld,Qwen3.6-35B-A3B,gemma-3-4b-it,576,0.8226,0.8229
violation+judgment,alfworld,Qwen3.6-35B-A3B,gemma-3-4b-it,608,0.8235,0.8232
violation+judgment,alfworld,Qwen3.6-35B-A3B,gemma-3-4b-it,640,0.8235,0.8230
violation+judgment,alfworld,Qwen3.6-35B-A3B,gemma-3-4b-it,672,0.8239,0.8220
violation+judgment,alfworld,Qwen3.6-35B-A3B,gemma-3-4b-it,704,0.8246,0.8245
violation+judgment,alfworld,Qwen3.6-35B-A3B,gemma-3-4b-it,736,0.8250,0.8223
violation+judgment,alfworld,Qwen3.6-35B-A3B,gemma-3-4b-it,768,0.8242,0.8196
violation+judgment,alfworld,Qwen3.6-35B-A3B,gemma-3-4b-it,800,0.8255,0.8218
violation+judgment,alfworld,Qwen3.6-35B-A3B,gemma-3-4b-it,832,0.8258,0.8213
violation+judgment,alfworld,Qwen3.6-35B-A3B,gemma-3-4b-it,864,0.8253,0.8202
violation+judgment,alfworld,Qwen3.6-35B-A3B,gemma-3-4b-it,896,0.8245,0.8198
violation+judgment,alfworld,Qwen3.6-35B-A3B,gemma-3-4b-it,928,0.8244,0.8192
violation+judgment,alfworld,Qwen3.6-35B-A3B,gemma-3-4b-it,960,0.8241,0.8190
violation+judgment,alfworld,Qwen3.6-35B-A3B,gemma-3-4b-it,992,0.8247,0.8191
violation+judgment,alfworld,Qwen3.6-35B-A3B,gemma-3-4b-it,1024,0.8259,0.8198
violation+judgment,alfworld,Qwen3.6-35B-A3B,gemma-3-4b-it,1056,0.8264,0.8203
violation+judgment,alfworld,Qwen3.6-35B-A3B,gemma-3-4b-it,1088,0.8257,0.8193
violation+judgment,alfworld,Qwen3.6-35B-A3B,gemma-3-4b-it,1120,0.8263,0.8198
violation+judgment,alfworld,Qwen3.6-35B-A3B,gemma-3-4b-it,1152,0.8265,0.8209
violation+judgment,alfworld,Qwen3.6-35B-A3B,gemma-3-4b-it,1184,0.8256,0.8202
violation+judgment,alfworld,Qwen3.6-35B-A3B,gemma-3-4b-it,1216,0.8269,0.8200
violation+judgment,alfworld,Qwen3.6-35B-A3B,gemma-3-4b-it,1248,0.8268,0.8217
violation+judgment,alfworld,Qwen3.6-35B-A3B,gemma-3-4b-it,1280,0.8264,0.8216
violation+judgment,alfworld,Qwen3.6-35B-A3B,gemma-3-4b-it,1312,0.8263,0.8218
violation+judgment,alfworld,Qwen3.6-35B-A3B,gemma-3-4b-it,1344,0.8257,0.8200
violation+judgment,alfworld,Qwen3.6-35B-A3B,gemma-3-4b-it,1376,0.8257,0.8197
violation+judgment,alfworld,Qwen3.6-35B-A3B,gemma-3-4b-it,1408,0.8251,0.8195
violation+judgment,alfworld,Qwen3.6-35B-A3B,gemma-3-4b-it,1440,0.8251,0.8185
violation+judgment,alfworld,Qwen3.6-35B-A3B,gemma-3-4b-it,1472,0.8243,0.8185
violation+judgment,alfworld,Qwen3.6-35B-A3B,gemma-3-4b-it,1504,0.8245,0.8191
violation+judgment,alfworld,Qwen3.6-35B-A3B,gemma-3-4b-it,1536,0.8248,0.8194
violation+judgment,alfworld,Qwen3.6-35B-A3B,gemma-3-4b-it,1568,0.8246,0.8189
violation+judgment,alfworld,Qwen3.6-35B-A3B,gemma-3-4b-it,1600,0.8247,0.8195
violation+judgment,alfworld,Qwen3.6-35B-A3B,gemma-3-4b-it,1632,0.8252,0.8198
violation+judgment,alfworld,Qwen3.6-35B-A3B,gemma-3-4b-it,1664,0.8251,0.8193
violation+judgment,alfworld,Qwen3.6-35B-A3B,gemma-3-4b-it,1696,0.8248,0.8192
violation+judgment,alfworld,Qwen3.6-35B-A3B,gemma-3-4b-it,1728,0.8252,0.8199
violation+judgment,alfworld,Qwen3.6-35B-A3B,gemma-3-4b-it,1760,0.8252,0.8201
violation+judgment,alfworld,Qwen3.6-35B-A3B,gemma-3-4b-it,1792,0.8253,0.8204
violation+judgment,alfworld,Qwen3.6-35B-A3B,gemma-3-4b-it,1824,0.8257,0.8206
violation+judgment,alfworld,Qwen3.6-35B-A3B,gemma-3-4b-it,1856,0.8257,0.8207
violation+judgment,alfworld,Qwen3.6-35B-A3B,gemma-3-4b-it,1888,0.8255,0.8197
violation+judgment,alfworld,Qwen3.6-35B-A3B,gemma-3-4b-it,1920,0.8254,0.8197
violation+judgment,alfworld,Qwen3.6-35B-A3B,gemma-3-4b-it,1952,0.8252,0.8192
violation+judgment,alfworld,Qwen3.6-35B-A3B,gemma-3-4b-it,1984,0.8254,0.8190
violation+judgment,alfworld,Qwen3.6-35B-A3B,gemma-3-4b-it,2016,0.8258,0.8200
violation+judgment,alfworld,Qwen3.6-35B-A3B,gemma-3-4b-it,2048,0.8256,0.8200
violation+judgment,alfworld,Qwen3.6-35B-A3B,gemma-3-4b-it,2080,0.8256,0.8201
violation+judgment,alfworld,Qwen3.6-35B-A3B,gemma-3-4b-it,2112,0.8257,0.8204
violation+judgment,alfworld,Qwen3.6-35B-A3B,gemma-3-4b-it,2144,0.8259,0.8207
violation+judgment,alfworld,Qwen3.6-35B-A3B,gemma-3-4b-it,2176,0.8260,0.8209
violation+judgment,alfworld,Qwen3.6-35B-A3B,gemma-3-4b-it,2208,0.8263,0.8214
violation+judgment,alfworld,Qwen3.6-35B-A3B,gemma-3-4b-it,2240,0.8258,0.8208
violation+judgment,alfworld,Qwen3.6-35B-A3B,gemma-3-4b-it,2272,0.8262,0.8212
violation+judgment,alfworld,Qwen3.6-35B-A3B,gemma-3-4b-it,2304,0.8262,0.8209
violation+judgment,alfworld,Qwen3.6-35B-A3B,gemma-3-4b-it,2336,0.8268,0.8223
violation+judgment,alfworld,Qwen3.6-35B-A3B,gemma-3-4b-it,2368,0.8265,0.8216
violation+judgment,alfworld,Qwen3.6-35B-A3B,gemma-3-4b-it,2400,0.8262,0.8206
violation+judgment,alfworld,Qwen3.6-35B-A3B,gemma-3-4b-it,2432,0.8264,0.8200
violation+judgment,alfworld,Qwen3.6-35B-A3B,gemma-3-4b-it,2464,0.8263,0.8194
violation+judgment,alfworld,Qwen3.6-35B-A3B,gemma-3-4b-it,2496,0.8262,0.8189
violation+judgment,alfworld,Qwen3.6-35B-A3B,gemma-3-4b-it,2528,0.8267,0.8199
violation+judgment,alfworld,Qwen3.6-35B-A3B,gemma-3-4b-it,2560,0.8264,0.8202
violation+judgment,alfworld,Qwen3.6-35B-A3B,gemma-3-4b-it,2592,0.8264,0.8203
violation+judgment,alfworld,Qwen3.6-35B-A3B,gemma-3-4b-it,2624,0.8264,0.8205
violation+judgment,alfworld,Qwen3.6-35B-A3B,gemma-3-4b-it,2656,0.8264,0.8207
violation+judgment,alfworld,Qwen3.6-35B-A3B,gemma-3-4b-it,2688,0.8265,0.8208
violation+judgment,alfworld,Qwen3.6-35B-A3B,gemma-3-4b-it,2720,0.8266,0.8209
violation+judgment,alfworld,Qwen3.6-35B-A3B,gemma-3-4b-it,2752,0.8267,0.8207
violation+judgment,alfworld,Qwen3.6-35B-A3B,gemma-3-4b-it,2784,0.8268,0.8211
violation+judgment,alfworld,Qwen3.6-35B-A3B,gemma-3-4b-it,2816,0.8267,0.8204
violation+judgment,alfworld,Qwen3.6-35B-A3B,gemma-3-4b-it,2848,0.8266,0.8202
violation+judgment,alfworld,Qwen3.6-35B-A3B,gemma-3-4b-it,2880,0.8264,0.8205
violation+judgment,alfworld,Qwen3.6-35B-A3B,gemma-3-4b-it,2912,0.8264,0.8209
violation+judgment,alfworld,Qwen3.6-35B-A3B,gemma-3-4b-it,2944,0.8266,0.8211
violation+judgment,alfworld,Qwen3.6-35B-A3B,gemma-3-4b-it,2976,0.8265,0.8214
violation+judgment,alfworld,Qwen3.6-35B-A3B,gemma-3-4b-it,3008,0.8267,0.8218
violation+judgment,alfworld,Qwen3.6-35B-A3B,gemma-3-4b-it,3040,0.8269,0.8220
violation+judgment,alfworld,Qwen3.6-35B-A3B,gemma-3-4b-it,3072,0.8270,0.8222
violation+judgment,alfworld,Qwen3.6-35B-A3B,gemma-3-4b-it,3104,0.8270,0.8224
violation+judgment,alfworld,Qwen3.6-35B-A3B,gemma-3-4b-it,3136,0.8272,0.8225
violation+judgment,alfworld,Qwen3.6-35B-A3B,gemma-3-4b-it,3168,0.8273,0.8225
violation+judgment,alfworld,Qwen3.6-35B-A3B,gemma-3-4b-it,3200,0.8277,0.8230
violation+judgment,alfworld,Qwen3.6-35B-A3B,gemma-3-4b-it,3232,0.8278,0.8222
violation+judgment,alfworld,Qwen3.6-35B-A3B,gemma-3-4b-it,3264,0.8281,0.8227
violation+judgment,alfworld,Qwen3.6-35B-A3B,gemma-3-4b-it,3296,0.8281,0.8230
violation+judgment,alfworld,Qwen3.6-35B-A3B,gemma-3-4b-it,3328,0.8280,0.8227
violation+judgment,alfworld,Qwen3.6-35B-A3B,gemma-3-4b-it,3360,0.8279,0.8225
violation+judgment,alfworld,Qwen3.6-35B-A3B,gemma-3-4b-it,3392,0.8280,0.8225
violation+judgment,alfworld,Qwen3.6-35B-A3B,gemma-3-4b-it,3424,0.8282,0.8229
violation+judgment,alfworld,Qwen3.6-35B-A3B,gemma-3-4b-it,3456,0.8279,0.8226
violation+judgment,alfworld,Qwen3.6-35B-A3B,gemma-3-4b-it,3488,0.8277,0.8225
violation+judgment,alfworld,Qwen3.6-35B-A3B,gemma-3-4b-it,3520,0.8281,0.8227
violation+judgment,alfworld,Qwen3.6-35B-A3B,gemma-3-4b-it,3552,0.8278,0.8226
violation+judgment,alfworld,Qwen3.6-35B-A3B,gemma-3-4b-it,3584,0.8275,0.8221
violation+judgment,alfworld,Qwen3.6-35B-A3B,gemma-3-4b-it,3616,0.8276,0.8222
violation+judgment,alfworld,Qwen3.6-35B-A3B,gemma-3-4b-it,3648,0.8278,0.8222
violation+judgment,alfworld,Qwen3.6-35B-A3B,gemma-3-4b-it,3680,0.8279,0.8218
violation+judgment,alfworld,Qwen3.6-35B-A3B,gemma-3-4b-it,3712,0.8282,0.8222
violation+judgment,alfworld,Qwen3.6-35B-A3B,gemma-3-4b-it,3744,0.8284,0.8228
violation+judgment,alfworld,Qwen3.6-35B-A3B,gemma-3-4b-it,3776,0.8280,0.8220
violation+judgment,alfworld,Qwen3.6-35B-A3B,gemma-3-4b-it,3808,0.8281,0.8220
violation+judgment,alfworld,Qwen3.6-35B-A3B,gemma-3-4b-it,3840,0.8281,0.8227
violation+judgment,alfworld,Qwen3.6-35B-A3B,gemma-3-4b-it,3872,0.8280,0.8229
violation+judgment,alfworld,Qwen3.6-35B-A3B,gemma-3-4b-it,3904,0.8279,0.8224
violation+judgment,alfworld,Qwen3.6-35B-A3B,gemma-3-4b-it,3936,0.8279,0.8224
violation+judgment,alfworld,Qwen3.6-35B-A3B,gemma-3-4b-it,3968,0.8276,0.8218
violation+judgment,alfworld,Qwen3.6-35B-A3B,gemma-3-4b-it,4000,0.8276,0.8218
violation+judgment,alfworld,Qwen3.6-35B-A3B,gemma-3-4b-it,4032,0.8276,0.8223
violation+judgment,alfworld,Qwen3.6-35B-A3B,gemma-3-4b-it,4064,0.8275,0.8224
violation+judgment,alfworld,Qwen3.6-35B-A3B,gemma-3-4b-it,4096,0.8277,0.8226
violation+judgment,alfworld,Qwen3.6-35B-A3B,gemma-3-4b-it,4128,0.8278,0.8223
violation+judgment,alfworld,Qwen3.6-35B-A3B,gemma-3-4b-it,4160,0.8278,0.8225
violation+judgment,alfworld,Qwen3.6-35B-A3B,gemma-3-4b-it,4192,0.8279,0.8230
violation+judgment,alfworld,Qwen3.6-35B-A3B,gemma-3-4b-it,4224,0.8282,0.8231
violation+judgment,alfworld,Qwen3.6-35B-A3B,gemma-3-4b-it,4256,0.8282,0.8230
violation+judgment,alfworld,Qwen3.6-35B-A3B,gemma-3-4b-it,4288,0.8284,0.8237
violation+judgment,alfworld,Qwen3.6-35B-A3B,gemma-3-4b-it,4320,0.8286,0.8242
violation+judgment,alfworld,Qwen3.6-35B-A3B,gemma-3-4b-it,4352,0.8287,0.8246
violation+judgment,alfworld,Qwen3.6-35B-A3B,gemma-3-4b-it,4384,0.8288,0.8245
violation+judgment,alfworld,Qwen3.6-35B-A3B,gemma-3-4b-it,4416,0.8290,0.8252
violation+judgment,alfworld,Qwen3.6-35B-A3B,gemma-3-4b-it,4448,0.8292,0.8258
violation+judgment,alfworld,Qwen3.6-35B-A3B,gemma-3-4b-it,4480,0.8293,0.8256
violation+judgment,alfworld,Qwen3.6-35B-A3B,gemma-3-4b-it,4512,0.8295,0.8259
violation+judgment,alfworld,Qwen3.6-35B-A3B,gemma-3-4b-it,4544,0.8294,0.8257
violation+judgment,alfworld,Qwen3.6-35B-A3B,gemma-3-4b-it,4576,0.8293,0.8258
violation+judgment,alfworld,Qwen3.6-35B-A3B,gemma-3-4b-it,4608,0.8295,0.8260
violation+judgment,alfworld,Qwen3.6-35B-A3B,gemma-3-4b-it,4640,0.8293,0.8258
violation+judgment,alfworld,Qwen3.6-35B-A3B,gemma-3-4b-it,4672,0.8294,0.8257
violation+judgment,alfworld,Qwen3.6-35B-A3B,gemma-3-4b-it,4704,0.8295,0.8259
violation+judgment,alfworld,Qwen3.6-35B-A3B,gemma-3-4b-it,4736,0.8295,0.8261
violation+judgment,alfworld,Qwen3.6-35B-A3B,gemma-3-4b-it,4768,0.8295,0.8262
violation+judgment,alfworld,Qwen3.6-35B-A3B,gemma-3-4b-it,4800,0.8297,0.8263
violation+judgment,alfworld,Qwen3.6-35B-A3B,gemma-3-4b-it,4832,0.8299,0.8264
violation+judgment,alfworld,Qwen3.6-35B-A3B,gemma-3-4b-it,4864,0.8300,0.8268
violation+judgment,alfworld,Qwen3.6-35B-A3B,gemma-3-4b-it,4896,0.8302,0.8270
violation+judgment,alfworld,Qwen3.6-35B-A3B,gemma-3-4b-it,4928,0.8302,0.8271
violation+judgment,alfworld,Qwen3.6-35B-A3B,gemma-3-4b-it,4960,0.8303,0.8272
violation+judgment,alfworld,Qwen3.6-35B-A3B,gemma-3-4b-it,4992,0.8303,0.8269
violation+judgment,alfworld,Qwen3.6-35B-A3B,gemma-3-4b-it,5024,0.8304,0.8270
violation+judgment,alfworld,Qwen3.6-35B-A3B,gemma-3-4b-it,5056,0.8303,0.8272
violation+judgment,alfworld,Qwen3.6-35B-A3B,gemma-3-4b-it,5088,0.8303,0.8271
violation+judgment,alfworld,Qwen3.6-35B-A3B,gemma-3-4b-it,5120,0.8304,0.8272
violation+judgment,alfworld,Qwen3.6-35B-A3B,gemma-3-4b-it,5152,0.8302,0.8271
violation+judgment,alfworld,Qwen3.6-35B-A3B,gemma-3-4b-it,5184,0.8301,0.8270
violation+judgment,alfworld,Qwen3.6-35B-A3B,gemma-3-4b-it,5216,0.8301,0.8270
violation+judgment,alfworld,Qwen3.6-35B-A3B,gemma-3-4b-it,5248,0.8300,0.8270
violation+judgment,alfworld,Qwen3.6-35B-A3B,gemma-3-4b-it,5280,0.8301,0.8272
violation+judgment,alfworld,Qwen3.6-35B-A3B,gemma-3-4b-it,5312,0.8301,0.8273
violation+judgment,alfworld,Qwen3.6-35B-A3B,gemma-3-4b-it,5344,0.8302,0.8273
violation+judgment,alfworld,Qwen3.6-35B-A3B,gemma-3-4b-it,5376,0.8303,0.8275
violation+judgment,alfworld,Qwen3.6-35B-A3B,gemma-3-4b-it,5408,0.8304,0.8280
violation+judgment,alfworld,Qwen3.6-35B-A3B,gemma-3-4b-it,5440,0.8302,0.8277
violation+judgment,alfworld,Qwen3.6-35B-A3B,gemma-3-4b-it,5472,0.8302,0.8276
violation+judgment,alfworld,Qwen3.6-35B-A3B,gemma-3-4b-it,5504,0.8302,0.8279
violation+judgment,alfworld,Qwen3.6-35B-A3B,gemma-3-4b-it,5536,0.8304,0.8280
violation+judgment,alfworld,Qwen3.6-35B-A3B,gemma-3-4b-it,5568,0.8304,0.8281
violation+judgment,alfworld,Qwen3.6-35B-A3B,gemma-3-4b-it,5600,0.8304,0.8280
violation+judgment,alfworld,Qwen3.6-35B-A3B,gemma-3-4b-it,5632,0.8303,0.8280
violation+judgment,alfworld,Qwen3.6-35B-A3B,gemma-3-4b-it,5664,0.8304,0.8281
violation+judgment,alfworld,Qwen3.6-35B-A3B,gemma-3-4b-it,5696,0.8304,0.8281
violation+judgment,alfworld,Qwen3.6-35B-A3B,gemma-3-4b-it,5728,0.8301,0.8279
violation+judgment,alfworld,Qwen3.6-35B-A3B,gemma-3-4b-it,5760,0.8301,0.8278
violation+judgment,alfworld,Qwen3.6-35B-A3B,gemma-3-4b-it,5792,0.8302,0.8278
violation+judgment,alfworld,Qwen3.6-35B-A3B,gemma-3-4b-it,5824,0.8303,0.8278
violation+judgment,alfworld,Qwen3.6-35B-A3B,gemma-3-4b-it,5856,0.8303,0.8279
violation+judgment,alfworld,Qwen3.6-35B-A3B,gemma-3-4b-it,5888,0.8304,0.8278
violation+judgment,alfworld,Qwen3.6-35B-A3B,gemma-3-4b-it,5920,0.8302,0.8278
violation+judgment,alfworld,Qwen3.6-35B-A3B,gemma-3-4b-it,5952,0.8303,0.8278
violation+judgment,alfworld,Qwen3.6-35B-A3B,gemma-3-4b-it,5984,0.8306,0.8279
violation+judgment,alfworld,Qwen3.6-35B-A3B,gemma-3-4b-it,6016,0.8305,0.8280
violation+judgment,alfworld,Qwen3.6-35B-A3B,gemma-3-4b-it,6048,0.8305,0.8279
violation+judgment,alfworld,Qwen3.6-35B-A3B,gemma-3-4b-it,6080,0.8306,0.8281
violation+judgment,alfworld,Qwen3.6-35B-A3B,gemma-3-4b-it,6112,0.8307,0.8283
violation+judgment,alfworld,Qwen3.6-35B-A3B,gemma-3-4b-it,6144,0.8306,0.8281
violation+judgment,alfworld,Qwen3.6-35B-A3B,gemma-3-4b-it,6176,0.8307,0.8281
violation+judgment,alfworld,Qwen3.6-35B-A3B,gemma-3-4b-it,6208,0.8305,0.8279
violation+judgment,alfworld,Qwen3.6-35B-A3B,gemma-3-4b-it,6240,0.8303,0.8276
violation+judgment,alfworld,Qwen3.6-35B-A3B,gemma-3-4b-it,6272,0.8303,0.8276
violation+judgment,alfworld,Qwen3.6-35B-A3B,gemma-3-4b-it,6304,0.8305,0.8278
violation+judgment,alfworld,Qwen3.6-35B-A3B,gemma-3-4b-it,6336,0.8303,0.8277
violation+judgment,alfworld,Qwen3.6-35B-A3B,gemma-3-4b-it,6368,0.8304,0.8277
violation+judgment,alfworld,Qwen3.6-35B-A3B,gemma-3-4b-it,6400,0.8305,0.8277
violation+judgment,alfworld,Qwen3.6-35B-A3B,gemma-3-4b-it,6432,0.8305,0.8278
violation+judgment,alfworld,Qwen3.6-35B-A3B,gemma-3-4b-it,6464,0.8307,0.8278
violation+judgment,alfworld,Qwen3.6-35B-A3B,gemma-3-4b-it,6496,0.8306,0.8279
violation+judgment,hotpotqa,Llama-3.3-70B-Instruct,Llama-3.3-70B-Instruct,0,0.4295,0.8520
violation+judgment,hotpotqa,Llama-3.3-70B-Instruct,Llama-3.3-70B-Instruct,9,0.4295,0.8520
violation+judgment,hotpotqa,Llama-3.3-70B-Instruct,Llama-3.3-70B-Instruct,18,0.4295,0.8520
violation+judgment,hotpotqa,Llama-3.3-70B-Instruct,Llama-3.3-70B-Instruct,27,0.4295,0.8520
violation+judgment,hotpotqa,Llama-3.3-70B-Instruct,Llama-3.3-70B-Instruct,36,0.4295,0.8520
violation+judgment,hotpotqa,Llama-3.3-70B-Instruct,Llama-3.3-70B-Instruct,45,0.4295,0.8520
violation+judgment,hotpotqa,Llama-3.3-70B-Instruct,Llama-3.3-70B-Instruct,54,0.4295,0.8520
violation+judgment,hotpotqa,Llama-3.3-70B-Instruct,Llama-3.3-70B-Instruct,63,0.4295,0.8520
violation+judgment,hotpotqa,Llama-3.3-70B-Instruct,Llama-3.3-70B-Instruct,72,0.4295,0.8520
violation+judgment,hotpotqa,Llama-3.3-70B-Instruct,Llama-3.3-70B-Instruct,81,0.4295,0.8520
violation+judgment,hotpotqa,Llama-3.3-70B-Instruct,Llama-3.3-70B-Instruct,90,0.4295,0.8520
violation+judgment,hotpotqa,Llama-3.3-70B-Instruct,Llama-3.3-70B-Instruct,99,0.4295,0.8520
violation+judgment,hotpotqa,Llama-3.3-70B-Instruct,Llama-3.3-70B-Instruct,108,0.1833,0.0937
violation+judgment,hotpotqa,Llama-3.3-70B-Instruct,Llama-3.3-70B-Instruct,117,0.1785,0.0837
violation+judgment,hotpotqa,Llama-3.3-70B-Instruct,Llama-3.3-70B-Instruct,126,0.1795,0.0928
violation+judgment,hotpotqa,Llama-3.3-70B-Instruct,Llama-3.3-70B-Instruct,135,0.1756,0.0829
violation+judgment,hotpotqa,Llama-3.3-70B-Instruct,Llama-3.3-70B-Instruct,144,0.1739,0.0799
violation+judgment,hotpotqa,Llama-3.3-70B-Instruct,Llama-3.3-70B-Instruct,153,0.1761,0.0779
violation+judgment,hotpotqa,Llama-3.3-70B-Instruct,Llama-3.3-70B-Instruct,162,0.1767,0.0801
violation+judgment,hotpotqa,Llama-3.3-70B-Instruct,Llama-3.3-70B-Instruct,171,0.1793,0.0872
violation+judgment,hotpotqa,Llama-3.3-70B-Instruct,Llama-3.3-70B-Instruct,180,0.1778,0.0833
violation+judgment,hotpotqa,Llama-3.3-70B-Instruct,Llama-3.3-70B-Instruct,189,0.1748,0.0863
violation+judgment,hotpotqa,Llama-3.3-70B-Instruct,Llama-3.3-70B-Instruct,198,0.1747,0.0845
violation+judgment,hotpotqa,Llama-3.3-70B-Instruct,Llama-3.3-70B-Instruct,207,0.1741,0.0929
violation+judgment,hotpotqa,Llama-3.3-70B-Instruct,Llama-3.3-70B-Instruct,216,0.1734,0.0882
violation+judgment,hotpotqa,Llama-3.3-70B-Instruct,Llama-3.3-70B-Instruct,225,0.1724,0.0858
violation+judgment,hotpotqa,Llama-3.3-70B-Instruct,Llama-3.3-70B-Instruct,234,0.1723,0.0841
violation+judgment,hotpotqa,Llama-3.3-70B-Instruct,Llama-3.3-70B-Instruct,243,0.1726,0.0834
violation+judgment,hotpotqa,Llama-3.3-70B-Instruct,Llama-3.3-70B-Instruct,252,0.1726,0.0809
violation+judgment,hotpotqa,Llama-3.3-70B-Instruct,Llama-3.3-70B-Instruct,261,0.1735,0.0823
violation+judgment,hotpotqa,Llama-3.3-70B-Instruct,Llama-3.3-70B-Instruct,270,0.1748,0.0829
violation+judgment,hotpotqa,Llama-3.3-70B-Instruct,Llama-3.3-70B-Instruct,279,0.1765,0.0813
violation+judgment,hotpotqa,Llama-3.3-70B-Instruct,Llama-3.3-70B-Instruct,288,0.1770,0.0798
violation+judgment,hotpotqa,Llama-3.3-70B-Instruct,Llama-3.3-70B-Instruct,297,0.1755,0.0796
violation+judgment,hotpotqa,Llama-3.3-70B-Instruct,Llama-3.3-70B-Instruct,306,0.1753,0.0759
violation+judgment,hotpotqa,Llama-3.3-70B-Instruct,Llama-3.3-70B-Instruct,315,0.1751,0.0723
violation+judgment,hotpotqa,Llama-3.3-70B-Instruct,Llama-3.3-70B-Instruct,324,0.1750,0.0716
violation+judgment,hotpotqa,Llama-3.3-70B-Instruct,Llama-3.3-70B-Instruct,333,0.1748,0.0723
violation+judgment,hotpotqa,Llama-3.3-70B-Instruct,Llama-3.3-70B-Instruct,342,0.1753,0.0737
violation+judgment,hotpotqa,Llama-3.3-70B-Instruct,Llama-3.3-70B-Instruct,351,0.1753,0.0721
violation+judgment,hotpotqa,Llama-3.3-70B-Instruct,Llama-3.3-70B-Instruct,360,0.1753,0.0728
violation+judgment,hotpotqa,Llama-3.3-70B-Instruct,Llama-3.3-70B-Instruct,369,0.1772,0.0736
violation+judgment,hotpotqa,Llama-3.3-70B-Instruct,Llama-3.3-70B-Instruct,378,0.1780,0.0733
violation+judgment,hotpotqa,Llama-3.3-70B-Instruct,Llama-3.3-70B-Instruct,387,0.1770,0.0748
violation+judgment,hotpotqa,Llama-3.3-70B-Instruct,Llama-3.3-70B-Instruct,396,0.1771,0.0756
violation+judgment,hotpotqa,Llama-3.3-70B-Instruct,Llama-3.3-70B-Instruct,405,0.1772,0.0772
violation+judgment,hotpotqa,Llama-3.3-70B-Instruct,Llama-3.3-70B-Instruct,414,0.1769,0.0757
violation+judgment,hotpotqa,Llama-3.3-70B-Instruct,Llama-3.3-70B-Instruct,423,0.1769,0.0765
violation+judgment,hotpotqa,Llama-3.3-70B-Instruct,Llama-3.3-70B-Instruct,432,0.1768,0.0739
violation+judgment,hotpotqa,Llama-3.3-70B-Instruct,Llama-3.3-70B-Instruct,441,0.1777,0.0739
violation+judgment,hotpotqa,Llama-3.3-70B-Instruct,Llama-3.3-70B-Instruct,450,0.1793,0.0789
violation+judgment,hotpotqa,Llama-3.3-70B-Instruct,Llama-3.3-70B-Instruct,459,0.1793,0.0830
violation+judgment,hotpotqa,Llama-3.3-70B-Instruct,Llama-3.3-70B-Instruct,468,0.1789,0.0813
violation+judgment,hotpotqa,Llama-3.3-70B-Instruct,Llama-3.3-70B-Instruct,477,0.1799,0.0813
violation+judgment,hotpotqa,Llama-3.3-70B-Instruct,Llama-3.3-70B-Instruct,486,0.1792,0.0814
violation+judgment,hotpotqa,Llama-3.3-70B-Instruct,Llama-3.3-70B-Instruct,495,0.1804,0.0834
violation+judgment,hotpotqa,Llama-3.3-70B-Instruct,Llama-3.3-70B-Instruct,504,0.1791,0.0826
violation+judgment,hotpotqa,Llama-3.3-70B-Instruct,Llama-3.3-70B-Instruct,513,0.1790,0.0845
violation+judgment,hotpotqa,Llama-3.3-70B-Instruct,Llama-3.3-70B-Instruct,522,0.1800,0.0838
violation+judgment,hotpotqa,Llama-3.3-70B-Instruct,Llama-3.3-70B-Instruct,531,0.1792,0.0845
violation+judgment,hotpotqa,Llama-3.3-70B-Instruct,Llama-3.3-70B-Instruct,540,0.1791,0.0815
violation+judgment,hotpotqa,Llama-3.3-70B-Instruct,Llama-3.3-70B-Instruct,549,0.1781,0.0782
violation+judgment,hotpotqa,Llama-3.3-70B-Instruct,Llama-3.3-70B-Instruct,558,0.1788,0.0781
violation+judgment,hotpotqa,Llama-3.3-70B-Instruct,Llama-3.3-70B-Instruct,567,0.1796,0.0766
violation+judgment,hotpotqa,Llama-3.3-70B-Instruct,Llama-3.3-70B-Instruct,576,0.1797,0.0783
violation+judgment,hotpotqa,Llama-3.3-70B-Instruct,Llama-3.3-70B-Instruct,585,0.1793,0.0773
violation+judgment,hotpotqa,Llama-3.3-70B-Instruct,Llama-3.3-70B-Instruct,594,0.1786,0.0770
violation+judgment,hotpotqa,Llama-3.3-70B-Instruct,Llama-3.3-70B-Instruct,603,0.1778,0.0736
violation+judgment,hotpotqa,Llama-3.3-70B-Instruct,Llama-3.3-70B-Instruct,612,0.1783,0.0732
violation+judgment,hotpotqa,Llama-3.3-70B-Instruct,Llama-3.3-70B-Instruct,621,0.1782,0.0748
violation+judgment,hotpotqa,Llama-3.3-70B-Instruct,Llama-3.3-70B-Instruct,630,0.1776,0.0742
violation+judgment,hotpotqa,Llama-3.3-70B-Instruct,Llama-3.3-70B-Instruct,639,0.1783,0.0767
violation+judgment,hotpotqa,Llama-3.3-70B-Instruct,Llama-3.3-70B-Instruct,648,0.1793,0.0797
violation+judgment,hotpotqa,Llama-3.3-70B-Instruct,Llama-3.3-70B-Instruct,657,0.1798,0.0782
violation+judgment,hotpotqa,Llama-3.3-70B-Instruct,Llama-3.3-70B-Instruct,666,0.1799,0.0775
violation+judgment,hotpotqa,Llama-3.3-70B-Instruct,Llama-3.3-70B-Instruct,675,0.1799,0.0762
violation+judgment,hotpotqa,Llama-3.3-70B-Instruct,Llama-3.3-70B-Instruct,684,0.1799,0.0784
violation+judgment,hotpotqa,Llama-3.3-70B-Instruct,Llama-3.3-70B-Instruct,693,0.1795,0.0788
violation+judgment,hotpotqa,Llama-3.3-70B-Instruct,Llama-3.3-70B-Instruct,702,0.1794,0.0779
violation+judgment,hotpotqa,Llama-3.3-70B-Instruct,Llama-3.3-70B-Instruct,711,0.1804,0.0817
violation+judgment,hotpotqa,Llama-3.3-70B-Instruct,Llama-3.3-70B-Instruct,720,0.1799,0.0832
violation+judgment,hotpotqa,Llama-3.3-70B-Instruct,Llama-3.3-70B-Instruct,729,0.1800,0.0808
violation+judgment,hotpotqa,Llama-3.3-70B-Instruct,Llama-3.3-70B-Instruct,738,0.1803,0.0847
violation+judgment,hotpotqa,Llama-3.3-70B-Instruct,Llama-3.3-70B-Instruct,747,0.1797,0.0844
violation+judgment,hotpotqa,Llama-3.3-70B-Instruct,Llama-3.3-70B-Instruct,756,0.1796,0.0840
violation+judgment,hotpotqa,Llama-3.3-70B-Instruct,Llama-3.3-70B-Instruct,765,0.1801,0.0843
violation+judgment,hotpotqa,Llama-3.3-70B-Instruct,Llama-3.3-70B-Instruct,774,0.1793,0.0814
violation+judgment,hotpotqa,Llama-3.3-70B-Instruct,Llama-3.3-70B-Instruct,783,0.1783,0.0827
violation+judgment,hotpotqa,Llama-3.3-70B-Instruct,Llama-3.3-70B-Instruct,792,0.1780,0.0818
violation+judgment,hotpotqa,Llama-3.3-70B-Instruct,Llama-3.3-70B-Instruct,801,0.1778,0.0805
violation+judgment,hotpotqa,Llama-3.3-70B-Instruct,Llama-3.3-70B-Instruct,810,0.1781,0.0797
violation+judgment,hotpotqa,Llama-3.3-70B-Instruct,Llama-3.3-70B-Instruct,819,0.1786,0.0830
violation+judgment,hotpotqa,Llama-3.3-70B-Instruct,Llama-3.3-70B-Instruct,828,0.1790,0.0817
violation+judgment,hotpotqa,Llama-3.3-70B-Instruct,Llama-3.3-70B-Instruct,837,0.1796,0.0827
violation+judgment,hotpotqa,Llama-3.3-70B-Instruct,Llama-3.3-70B-Instruct,846,0.1796,0.0851
violation+judgment,hotpotqa,Llama-3.3-70B-Instruct,Llama-3.3-70B-Instruct,855,0.1799,0.0851
violation+judgment,hotpotqa,Llama-3.3-70B-Instruct,Llama-3.3-70B-Instruct,864,0.1798,0.0847
violation+judgment,hotpotqa,Llama-3.3-70B-Instruct,Llama-3.3-70B-Instruct,873,0.1798,0.0873
violation+judgment,hotpotqa,Llama-3.3-70B-Instruct,Llama-3.3-70B-Instruct,882,0.1799,0.0874
violation+judgment,hotpotqa,Llama-3.3-70B-Instruct,Llama-3.3-70B-Instruct,891,0.1799,0.0857
violation+judgment,hotpotqa,Llama-3.3-70B-Instruct,Llama-3.3-70B-Instruct,900,0.1802,0.0873
violation+judgment,hotpotqa,Llama-3.3-70B-Instruct,Llama-3.3-70B-Instruct,909,0.1799,0.0837
violation+judgment,hotpotqa,Llama-3.3-70B-Instruct,Llama-3.3-70B-Instruct,918,0.1808,0.0821
violation+judgment,hotpotqa,Llama-3.3-70B-Instruct,Llama-3.3-70B-Instruct,927,0.1807,0.0830
violation+judgment,hotpotqa,Llama-3.3-70B-Instruct,Llama-3.3-70B-Instruct,936,0.1810,0.0836
violation+judgment,hotpotqa,Llama-3.3-70B-Instruct,Llama-3.3-70B-Instruct,945,0.1809,0.0842
violation+judgment,hotpotqa,Llama-3.3-70B-Instruct,Llama-3.3-70B-Instruct,954,0.1808,0.0856
violation+judgment,hotpotqa,Llama-3.3-70B-Instruct,Llama-3.3-70B-Instruct,963,0.1800,0.0850
violation+judgment,hotpotqa,Llama-3.3-70B-Instruct,Llama-3.3-70B-Instruct,972,0.1796,0.0833
violation+judgment,hotpotqa,Llama-3.3-70B-Instruct,Llama-3.3-70B-Instruct,981,0.1794,0.0822
violation+judgment,hotpotqa,Llama-3.3-70B-Instruct,Llama-3.3-70B-Instruct,990,0.1800,0.0825
violation+judgment,hotpotqa,Llama-3.3-70B-Instruct,Llama-3.3-70B-Instruct,999,0.1796,0.0838
violation+judgment,hotpotqa,Llama-3.3-70B-Instruct,Llama-3.3-70B-Instruct,1008,0.1793,0.0833
violation+judgment,hotpotqa,Llama-3.3-70B-Instruct,Llama-3.3-70B-Instruct,1017,0.1792,0.0833
violation+judgment,hotpotqa,Llama-3.3-70B-Instruct,Llama-3.3-70B-Instruct,1026,0.1792,0.0833
violation+judgment,hotpotqa,Llama-3.3-70B-Instruct,Llama-3.3-70B-Instruct,1035,0.1789,0.0833
violation+judgment,hotpotqa,Llama-3.3-70B-Instruct,Llama-3.3-70B-Instruct,1044,0.1793,0.0828
violation+judgment,hotpotqa,Llama-3.3-70B-Instruct,Llama-3.3-70B-Instruct,1053,0.1792,0.0840
violation+judgment,hotpotqa,Llama-3.3-70B-Instruct,Llama-3.3-70B-Instruct,1062,0.1795,0.0848
violation+judgment,hotpotqa,Llama-3.3-70B-Instruct,Llama-3.3-70B-Instruct,1071,0.1794,0.0836
violation+judgment,hotpotqa,Llama-3.3-70B-Instruct,Llama-3.3-70B-Instruct,1080,0.1787,0.0832
violation+judgment,hotpotqa,Llama-3.3-70B-Instruct,Llama-3.3-70B-Instruct,1089,0.1784,0.0824
violation+judgment,hotpotqa,Llama-3.3-70B-Instruct,Llama-3.3-70B-Instruct,1098,0.1781,0.0825
violation+judgment,hotpotqa,Llama-3.3-70B-Instruct,Llama-3.3-70B-Instruct,1107,0.1784,0.0822
violation+judgment,hotpotqa,Llama-3.3-70B-Instruct,Llama-3.3-70B-Instruct,1116,0.1785,0.0836
violation+judgment,hotpotqa,Llama-3.3-70B-Instruct,Llama-3.3-70B-Instruct,1125,0.1786,0.0841
violation+judgment,hotpotqa,Llama-3.3-70B-Instruct,Llama-3.3-70B-Instruct,1134,0.1787,0.0843
violation+judgment,hotpotqa,Llama-3.3-70B-Instruct,Llama-3.3-70B-Instruct,1143,0.1787,0.0845
violation+judgment,hotpotqa,Llama-3.3-70B-Instruct,Llama-3.3-70B-Instruct,1152,0.1781,0.0829
violation+judgment,hotpotqa,Llama-3.3-70B-Instruct,Llama-3.3-70B-Instruct,1161,0.1781,0.0805
violation+judgment,hotpotqa,Llama-3.3-70B-Instruct,Llama-3.3-70B-Instruct,1170,0.1777,0.0788
violation+judgment,hotpotqa,Llama-3.3-70B-Instruct,Llama-3.3-70B-Instruct,1179,0.1779,0.0767
violation+judgment,hotpotqa,Llama-3.3-70B-Instruct,Llama-3.3-70B-Instruct,1188,0.1780,0.0766
violation+judgment,hotpotqa,Llama-3.3-70B-Instruct,Llama-3.3-70B-Instruct,1197,0.1780,0.0766
violation+judgment,hotpotqa,Llama-3.3-70B-Instruct,Llama-3.3-70B-Instruct,1206,0.1784,0.0761
violation+judgment,hotpotqa,Llama-3.3-70B-Instruct,Llama-3.3-70B-Instruct,1215,0.1788,0.0765
violation+judgment,hotpotqa,Llama-3.3-70B-Instruct,Llama-3.3-70B-Instruct,1224,0.1789,0.0759
violation+judgment,hotpotqa,Llama-3.3-70B-Instruct,Llama-3.3-70B-Instruct,1233,0.1789,0.0751
violation+judgment,hotpotqa,Llama-3.3-70B-Instruct,Llama-3.3-70B-Instruct,1242,0.1790,0.0748
violation+judgment,hotpotqa,Llama-3.3-70B-Instruct,Llama-3.3-70B-Instruct,1251,0.1795,0.0759
violation+judgment,hotpotqa,Llama-3.3-70B-Instruct,Llama-3.3-70B-Instruct,1260,0.1794,0.0769
violation+judgment,hotpotqa,Llama-3.3-70B-Instruct,Llama-3.3-70B-Instruct,1269,0.1790,0.0770
violation+judgment,hotpotqa,Llama-3.3-70B-Instruct,Llama-3.3-70B-Instruct,1278,0.1789,0.0770
violation+judgment,hotpotqa,Llama-3.3-70B-Instruct,Llama-3.3-70B-Instruct,1287,0.1789,0.0763
violation+judgment,hotpotqa,Llama-3.3-70B-Instruct,Llama-3.3-70B-Instruct,1296,0.1796,0.0771
violation+judgment,hotpotqa,Llama-3.3-70B-Instruct,Llama-3.3-70B-Instruct,1305,0.1795,0.0763
violation+judgment,hotpotqa,Llama-3.3-70B-Instruct,Llama-3.3-70B-Instruct,1314,0.1796,0.0765
violation+judgment,hotpotqa,Llama-3.3-70B-Instruct,Llama-3.3-70B-Instruct,1323,0.1796,0.0773
violation+judgment,hotpotqa,Llama-3.3-70B-Instruct,Llama-3.3-70B-Instruct,1332,0.1799,0.0779
violation+judgment,hotpotqa,Llama-3.3-70B-Instruct,Llama-3.3-70B-Instruct,1341,0.1796,0.0780
violation+judgment,hotpotqa,Llama-3.3-70B-Instruct,Llama-3.3-70B-Instruct,1350,0.1796,0.0770
violation+judgment,hotpotqa,Llama-3.3-70B-Instruct,Llama-3.3-70B-Instruct,1359,0.1793,0.0771
violation+judgment,hotpotqa,Llama-3.3-70B-Instruct,Llama-3.3-70B-Instruct,1368,0.1797,0.0769
violation+judgment,hotpotqa,Llama-3.3-70B-Instruct,Llama-3.3-70B-Instruct,1377,0.1797,0.0754
violation+judgment,hotpotqa,Llama-3.3-70B-Instruct,Llama-3.3-70B-Instruct,1386,0.1800,0.0750
violation+judgment,hotpotqa,Llama-3.3-70B-Instruct,Llama-3.3-70B-Instruct,1395,0.1798,0.0754
violation+judgment,hotpotqa,Llama-3.3-70B-Instruct,Llama-3.3-70B-Instruct,1404,0.1797,0.0746
violation+judgment,hotpotqa,Llama-3.3-70B-Instruct,Llama-3.3-70B-Instruct,1413,0.1796,0.0748
violation+judgment,hotpotqa,Llama-3.3-70B-Instruct,Llama-3.3-70B-Instruct,1422,0.1800,0.0748
violation+judgment,hotpotqa,Llama-3.3-70B-Instruct,Llama-3.3-70B-Instruct,1431,0.1804,0.0750
violation+judgment,hotpotqa,Llama-3.3-70B-Instruct,Llama-3.3-70B-Instruct,1440,0.1804,0.0743
violation+judgment,hotpotqa,Llama-3.3-70B-Instruct,Llama-3.3-70B-Instruct,1449,0.1804,0.0741
violation+judgment,hotpotqa,Llama-3.3-70B-Instruct,Llama-3.3-70B-Instruct,1458,0.1805,0.0745
violation+judgment,hotpotqa,Llama-3.3-70B-Instruct,Llama-3.3-70B-Instruct,1467,0.1804,0.0745
violation+judgment,hotpotqa,Llama-3.3-70B-Instruct,Llama-3.3-70B-Instruct,1476,0.1802,0.0752
violation+judgment,hotpotqa,Llama-3.3-70B-Instruct,Llama-3.3-70B-Instruct,1485,0.1801,0.0758
violation+judgment,hotpotqa,Llama-3.3-70B-Instruct,Llama-3.3-70B-Instruct,1494,0.1805,0.0754
violation+judgment,hotpotqa,Llama-3.3-70B-Instruct,Llama-3.3-70B-Instruct,1503,0.1805,0.0747
violation+judgment,hotpotqa,Llama-3.3-70B-Instruct,Llama-3.3-70B-Instruct,1512,0.1805,0.0747
violation+judgment,hotpotqa,Llama-3.3-70B-Instruct,Llama-3.3-70B-Instruct,1521,0.1803,0.0743
violation+judgment,hotpotqa,Llama-3.3-70B-Instruct,Llama-3.3-70B-Instruct,1530,0.1801,0.0739
violation+judgment,hotpotqa,Llama-3.3-70B-Instruct,Llama-3.3-70B-Instruct,1539,0.1801,0.0747
violation+judgment,hotpotqa,Llama-3.3-70B-Instruct,Llama-3.3-70B-Instruct,1548,0.1799,0.0740
violation+judgment,hotpotqa,Llama-3.3-70B-Instruct,Llama-3.3-70B-Instruct,1557,0.1798,0.0747
violation+judgment,hotpotqa,Llama-3.3-70B-Instruct,Llama-3.3-70B-Instruct,1566,0.1798,0.0768
violation+judgment,hotpotqa,Llama-3.3-70B-Instruct,Llama-3.3-70B-Instruct,1575,0.1800,0.0764
violation+judgment,hotpotqa,Llama-3.3-70B-Instruct,Llama-3.3-70B-Instruct,1584,0.1800,0.0771
violation+judgment,hotpotqa,Llama-3.3-70B-Instruct,Llama-3.3-70B-Instruct,1593,0.1800,0.0778
violation+judgment,hotpotqa,Llama-3.3-70B-Instruct,Llama-3.3-70B-Instruct,1602,0.1800,0.0778
violation+judgment,hotpotqa,Llama-3.3-70B-Instruct,Llama-3.3-70B-Instruct,1611,0.1800,0.0778
violation+judgment,hotpotqa,Llama-3.3-70B-Instruct,Llama-3.3-70B-Instruct,1620,0.1803,0.0778
violation+judgment,hotpotqa,Llama-3.3-70B-Instruct,Llama-3.3-70B-Instruct,1629,0.1802,0.0778
violation+judgment,hotpotqa,Llama-3.3-70B-Instruct,Llama-3.3-70B-Instruct,1638,0.1804,0.0770
violation+judgment,hotpotqa,Llama-3.3-70B-Instruct,Llama-3.3-70B-Instruct,1647,0.1803,0.0771
violation+judgment,hotpotqa,Llama-3.3-70B-Instruct,Llama-3.3-70B-Instruct,1656,0.1803,0.0765
violation+judgment,hotpotqa,Llama-3.3-70B-Instruct,Llama-3.3-70B-Instruct,1665,0.1804,0.0755
violation+judgment,hotpotqa,Llama-3.3-70B-Instruct,Llama-3.3-70B-Instruct,1674,0.1803,0.0743
violation+judgment,hotpotqa,Llama-3.3-70B-Instruct,Llama-3.3-70B-Instruct,1683,0.1802,0.0753
violation+judgment,hotpotqa,Llama-3.3-70B-Instruct,Llama-3.3-70B-Instruct,1692,0.1802,0.0747
violation+judgment,hotpotqa,Llama-3.3-70B-Instruct,Llama-3.3-70B-Instruct,1701,0.1799,0.0743
violation+judgment,hotpotqa,Llama-3.3-70B-Instruct,Llama-3.3-70B-Instruct,1710,0.1801,0.0743
violation+judgment,hotpotqa,Llama-3.3-70B-Instruct,Llama-3.3-70B-Instruct,1719,0.1799,0.0743
violation+judgment,hotpotqa,Llama-3.3-70B-Instruct,Llama-3.3-70B-Instruct,1728,0.1803,0.0743
violation+judgment,hotpotqa,Llama-3.3-70B-Instruct,Llama-3.3-70B-Instruct,1737,0.1808,0.0743
violation+judgment,hotpotqa,Llama-3.3-70B-Instruct,Llama-3.3-70B-Instruct,1746,0.1806,0.0743
violation+judgment,hotpotqa,Llama-3.3-70B-Instruct,Llama-3.3-70B-Instruct,1755,0.1804,0.0743
violation+judgment,hotpotqa,Llama-3.3-70B-Instruct,Llama-3.3-70B-Instruct,1764,0.1804,0.0743
violation+judgment,hotpotqa,Llama-3.3-70B-Instruct,Llama-3.3-70B-Instruct,1773,0.1802,0.0743
violation+judgment,hotpotqa,Llama-3.3-70B-Instruct,Llama-3.3-70B-Instruct,1782,0.1803,0.0743
violation+judgment,hotpotqa,Llama-3.3-70B-Instruct,Llama-3.3-70B-Instruct,1791,0.1805,0.0746
violation+judgment,hotpotqa,Llama-3.3-70B-Instruct,Llama-3.3-70B-Instruct,1800,0.1806,0.0743
violation+judgment,hotpotqa,Llama-3.3-70B-Instruct,Llama-3.3-70B-Instruct,1809,0.1810,0.0759
violation+judgment,hotpotqa,Llama-3.3-70B-Instruct,Llama-3.3-70B-Instruct,1818,0.1815,0.0759
violation+judgment,hotpotqa,Llama-3.3-70B-Instruct,Llama-3.3-70B-Instruct,1827,0.1812,0.0759
violation+judgment,hotpotqa,Llama-3.3-70B-Instruct,Llama-3.3-70B-Instruct,1836,0.1811,0.0759
violation+judgment,hotpotqa,Llama-3.3-70B-Instruct,Llama-3.3-70B-Instruct,1845,0.1810,0.0759
violation+judgment,hotpotqa,Llama-3.3-70B-Instruct,Llama-3.3-70B-Instruct,1854,0.1807,0.0759
violation+judgment,hotpotqa,Llama-3.3-70B-Instruct,Llama-3.3-70B-Instruct,1863,0.1808,0.0759
violation+judgment,hotpotqa,Llama-3.3-70B-Instruct,Llama-3.3-70B-Instruct,1872,0.1810,0.0759
violation+judgment,hotpotqa,Llama-3.3-70B-Instruct,Mistral-7B-Instruct-v0.3,0,0.3347,0.5622
violation+judgment,hotpotqa,Llama-3.3-70B-Instruct,Mistral-7B-Instruct-v0.3,13,0.3347,0.5622
violation+judgment,hotpotqa,Llama-3.3-70B-Instruct,Mistral-7B-Instruct-v0.3,26,0.3347,0.5622
violation+judgment,hotpotqa,Llama-3.3-70B-Instruct,Mistral-7B-Instruct-v0.3,39,0.3347,0.5622
violation+judgment,hotpotqa,Llama-3.3-70B-Instruct,Mistral-7B-Instruct-v0.3,52,0.3347,0.5622
violation+judgment,hotpotqa,Llama-3.3-70B-Instruct,Mistral-7B-Instruct-v0.3,65,0.3347,0.5622
violation+judgment,hotpotqa,Llama-3.3-70B-Instruct,Mistral-7B-Instruct-v0.3,78,0.3347,0.5622
violation+judgment,hotpotqa,Llama-3.3-70B-Instruct,Mistral-7B-Instruct-v0.3,91,0.3347,0.5622
violation+judgment,hotpotqa,Llama-3.3-70B-Instruct,Mistral-7B-Instruct-v0.3,104,0.5944,0.5286
violation+judgment,hotpotqa,Llama-3.3-70B-Instruct,Mistral-7B-Instruct-v0.3,117,0.6019,0.5614
violation+judgment,hotpotqa,Llama-3.3-70B-Instruct,Mistral-7B-Instruct-v0.3,130,0.6044,0.5841
violation+judgment,hotpotqa,Llama-3.3-70B-Instruct,Mistral-7B-Instruct-v0.3,143,0.6105,0.5901
violation+judgment,hotpotqa,Llama-3.3-70B-Instruct,Mistral-7B-Instruct-v0.3,156,0.6072,0.6049
violation+judgment,hotpotqa,Llama-3.3-70B-Instruct,Mistral-7B-Instruct-v0.3,169,0.6089,0.6380
violation+judgment,hotpotqa,Llama-3.3-70B-Instruct,Mistral-7B-Instruct-v0.3,182,0.6052,0.6269
violation+judgment,hotpotqa,Llama-3.3-70B-Instruct,Mistral-7B-Instruct-v0.3,195,0.6047,0.6246
violation+judgment,hotpotqa,Llama-3.3-70B-Instruct,Mistral-7B-Instruct-v0.3,208,0.6027,0.6206
violation+judgment,hotpotqa,Llama-3.3-70B-Instruct,Mistral-7B-Instruct-v0.3,221,0.6090,0.6247
violation+judgment,hotpotqa,Llama-3.3-70B-Instruct,Mistral-7B-Instruct-v0.3,234,0.6069,0.6260
violation+judgment,hotpotqa,Llama-3.3-70B-Instruct,Mistral-7B-Instruct-v0.3,247,0.6079,0.6241
violation+judgment,hotpotqa,Llama-3.3-70B-Instruct,Mistral-7B-Instruct-v0.3,260,0.6090,0.6270
violation+judgment,hotpotqa,Llama-3.3-70B-Instruct,Mistral-7B-Instruct-v0.3,273,0.6076,0.6311
violation+judgment,hotpotqa,Llama-3.3-70B-Instruct,Mistral-7B-Instruct-v0.3,286,0.6072,0.6257
violation+judgment,hotpotqa,Llama-3.3-70B-Instruct,Mistral-7B-Instruct-v0.3,299,0.6070,0.6332
violation+judgment,hotpotqa,Llama-3.3-70B-Instruct,Mistral-7B-Instruct-v0.3,312,0.6077,0.6356
violation+judgment,hotpotqa,Llama-3.3-70B-Instruct,Mistral-7B-Instruct-v0.3,325,0.6079,0.6229
violation+judgment,hotpotqa,Llama-3.3-70B-Instruct,Mistral-7B-Instruct-v0.3,338,0.6058,0.6181
violation+judgment,hotpotqa,Llama-3.3-70B-Instruct,Mistral-7B-Instruct-v0.3,351,0.6072,0.6206
violation+judgment,hotpotqa,Llama-3.3-70B-Instruct,Mistral-7B-Instruct-v0.3,364,0.6055,0.6205
violation+judgment,hotpotqa,Llama-3.3-70B-Instruct,Mistral-7B-Instruct-v0.3,377,0.6046,0.6169
violation+judgment,hotpotqa,Llama-3.3-70B-Instruct,Mistral-7B-Instruct-v0.3,390,0.6019,0.6102
violation+judgment,hotpotqa,Llama-3.3-70B-Instruct,Mistral-7B-Instruct-v0.3,403,0.6042,0.6159
violation+judgment,hotpotqa,Llama-3.3-70B-Instruct,Mistral-7B-Instruct-v0.3,416,0.6061,0.6143
violation+judgment,hotpotqa,Llama-3.3-70B-Instruct,Mistral-7B-Instruct-v0.3,429,0.6059,0.6151
violation+judgment,hotpotqa,Llama-3.3-70B-Instruct,Mistral-7B-Instruct-v0.3,442,0.6040,0.6159
violation+judgment,hotpotqa,Llama-3.3-70B-Instruct,Mistral-7B-Instruct-v0.3,455,0.6032,0.6155
violation+judgment,hotpotqa,Llama-3.3-70B-Instruct,Mistral-7B-Instruct-v0.3,468,0.6032,0.6070
violation+judgment,hotpotqa,Llama-3.3-70B-Instruct,Mistral-7B-Instruct-v0.3,481,0.6024,0.6110
violation+judgment,hotpotqa,Llama-3.3-70B-Instruct,Mistral-7B-Instruct-v0.3,494,0.6012,0.6080
violation+judgment,hotpotqa,Llama-3.3-70B-Instruct,Mistral-7B-Instruct-v0.3,507,0.6024,0.6099
violation+judgment,hotpotqa,Llama-3.3-70B-Instruct,Mistral-7B-Instruct-v0.3,520,0.6017,0.6100
violation+judgment,hotpotqa,Llama-3.3-70B-Instruct,Mistral-7B-Instruct-v0.3,533,0.6022,0.6088
violation+judgment,hotpotqa,Llama-3.3-70B-Instruct,Mistral-7B-Instruct-v0.3,546,0.6021,0.6052
violation+judgment,hotpotqa,Llama-3.3-70B-Instruct,Mistral-7B-Instruct-v0.3,559,0.6012,0.6019
violation+judgment,hotpotqa,Llama-3.3-70B-Instruct,Mistral-7B-Instruct-v0.3,572,0.6020,0.6043
violation+judgment,hotpotqa,Llama-3.3-70B-Instruct,Mistral-7B-Instruct-v0.3,585,0.6026,0.6095
violation+judgment,hotpotqa,Llama-3.3-70B-Instruct,Mistral-7B-Instruct-v0.3,598,0.6040,0.6090
violation+judgment,hotpotqa,Llama-3.3-70B-Instruct,Mistral-7B-Instruct-v0.3,611,0.6039,0.6069
violation+judgment,hotpotqa,Llama-3.3-70B-Instruct,Mistral-7B-Instruct-v0.3,624,0.6043,0.6083
violation+judgment,hotpotqa,Llama-3.3-70B-Instruct,Mistral-7B-Instruct-v0.3,637,0.6037,0.6097
violation+judgment,hotpotqa,Llama-3.3-70B-Instruct,Mistral-7B-Instruct-v0.3,650,0.6030,0.6088
violation+judgment,hotpotqa,Llama-3.3-70B-Instruct,Mistral-7B-Instruct-v0.3,663,0.6028,0.6100
violation+judgment,hotpotqa,Llama-3.3-70B-Instruct,Mistral-7B-Instruct-v0.3,676,0.6025,0.6068
violation+judgment,hotpotqa,Llama-3.3-70B-Instruct,Mistral-7B-Instruct-v0.3,689,0.6029,0.6045
violation+judgment,hotpotqa,Llama-3.3-70B-Instruct,Mistral-7B-Instruct-v0.3,702,0.6033,0.6031
violation+judgment,hotpotqa,Llama-3.3-70B-Instruct,Mistral-7B-Instruct-v0.3,715,0.6039,0.6028
violation+judgment,hotpotqa,Llama-3.3-70B-Instruct,Mistral-7B-Instruct-v0.3,728,0.6036,0.6010
violation+judgment,hotpotqa,Llama-3.3-70B-Instruct,Mistral-7B-Instruct-v0.3,741,0.6035,0.6029
violation+judgment,hotpotqa,Llama-3.3-70B-Instruct,Mistral-7B-Instruct-v0.3,754,0.6030,0.6022
violation+judgment,hotpotqa,Llama-3.3-70B-Instruct,Mistral-7B-Instruct-v0.3,767,0.6017,0.6026
violation+judgment,hotpotqa,Llama-3.3-70B-Instruct,Mistral-7B-Instruct-v0.3,780,0.6013,0.6017
violation+judgment,hotpotqa,Llama-3.3-70B-Instruct,Mistral-7B-Instruct-v0.3,793,0.6007,0.5979
violation+judgment,hotpotqa,Llama-3.3-70B-Instruct,Mistral-7B-Instruct-v0.3,806,0.6002,0.6018
violation+judgment,hotpotqa,Llama-3.3-70B-Instruct,Mistral-7B-Instruct-v0.3,819,0.6007,0.6032
violation+judgment,hotpotqa,Llama-3.3-70B-Instruct,Mistral-7B-Instruct-v0.3,832,0.6010,0.5999
violation+judgment,hotpotqa,Llama-3.3-70B-Instruct,Mistral-7B-Instruct-v0.3,845,0.6013,0.6019
violation+judgment,hotpotqa,Llama-3.3-70B-Instruct,Mistral-7B-Instruct-v0.3,858,0.6006,0.6000
violation+judgment,hotpotqa,Llama-3.3-70B-Instruct,Mistral-7B-Instruct-v0.3,871,0.6005,0.5978
violation+judgment,hotpotqa,Llama-3.3-70B-Instruct,Mistral-7B-Instruct-v0.3,884,0.6009,0.6000
violation+judgment,hotpotqa,Llama-3.3-70B-Instruct,Mistral-7B-Instruct-v0.3,897,0.6017,0.6047
violation+judgment,hotpotqa,Llama-3.3-70B-Instruct,Mistral-7B-Instruct-v0.3,910,0.6014,0.6052
violation+judgment,hotpotqa,Llama-3.3-70B-Instruct,Mistral-7B-Instruct-v0.3,923,0.6010,0.5964
violation+judgment,hotpotqa,Llama-3.3-70B-Instruct,Mistral-7B-Instruct-v0.3,936,0.6018,0.5956
violation+judgment,hotpotqa,Llama-3.3-70B-Instruct,Mistral-7B-Instruct-v0.3,949,0.6013,0.5903
violation+judgment,hotpotqa,Llama-3.3-70B-Instruct,Mistral-7B-Instruct-v0.3,962,0.6018,0.5878
violation+judgment,hotpotqa,Llama-3.3-70B-Instruct,Mistral-7B-Instruct-v0.3,975,0.6009,0.5833
violation+judgment,hotpotqa,Llama-3.3-70B-Instruct,Mistral-7B-Instruct-v0.3,988,0.6001,0.5821
violation+judgment,hotpotqa,Llama-3.3-70B-Instruct,Mistral-7B-Instruct-v0.3,1001,0.6005,0.5821
violation+judgment,hotpotqa,Llama-3.3-70B-Instruct,Mistral-7B-Instruct-v0.3,1014,0.6010,0.5859
violation+judgment,hotpotqa,Llama-3.3-70B-Instruct,Mistral-7B-Instruct-v0.3,1027,0.6020,0.5858
violation+judgment,hotpotqa,Llama-3.3-70B-Instruct,Mistral-7B-Instruct-v0.3,1040,0.6021,0.5886
violation+judgment,hotpotqa,Llama-3.3-70B-Instruct,Mistral-7B-Instruct-v0.3,1053,0.6021,0.5854
violation+judgment,hotpotqa,Llama-3.3-70B-Instruct,Mistral-7B-Instruct-v0.3,1066,0.6027,0.5881
violation+judgment,hotpotqa,Llama-3.3-70B-Instruct,Mistral-7B-Instruct-v0.3,1079,0.6028,0.5897
violation+judgment,hotpotqa,Llama-3.3-70B-Instruct,Mistral-7B-Instruct-v0.3,1092,0.6024,0.5889
violation+judgment,hotpotqa,Llama-3.3-70B-Instruct,Mistral-7B-Instruct-v0.3,1105,0.6018,0.5864
violation+judgment,hotpotqa,Llama-3.3-70B-Instruct,Mistral-7B-Instruct-v0.3,1118,0.6016,0.5813
violation+judgment,hotpotqa,Llama-3.3-70B-Instruct,Mistral-7B-Instruct-v0.3,1131,0.6023,0.5876
violation+judgment,hotpotqa,Llama-3.3-70B-Instruct,Mistral-7B-Instruct-v0.3,1144,0.6028,0.5882
violation+judgment,hotpotqa,Llama-3.3-70B-Instruct,Mistral-7B-Instruct-v0.3,1157,0.6033,0.5877
violation+judgment,hotpotqa,Llama-3.3-70B-Instruct,Mistral-7B-Instruct-v0.3,1170,0.6030,0.5903
violation+judgment,hotpotqa,Llama-3.3-70B-Instruct,Mistral-7B-Instruct-v0.3,1183,0.6037,0.5961
violation+judgment,hotpotqa,Llama-3.3-70B-Instruct,Mistral-7B-Instruct-v0.3,1196,0.6039,0.5920
violation+judgment,hotpotqa,Llama-3.3-70B-Instruct,Mistral-7B-Instruct-v0.3,1209,0.6037,0.5898
violation+judgment,hotpotqa,Llama-3.3-70B-Instruct,Mistral-7B-Instruct-v0.3,1222,0.6030,0.5854
violation+judgment,hotpotqa,Llama-3.3-70B-Instruct,Mistral-7B-Instruct-v0.3,1235,0.6032,0.5804
violation+judgment,hotpotqa,Llama-3.3-70B-Instruct,Mistral-7B-Instruct-v0.3,1248,0.6025,0.5763
violation+judgment,hotpotqa,Llama-3.3-70B-Instruct,Mistral-7B-Instruct-v0.3,1261,0.6028,0.5749
violation+judgment,hotpotqa,Llama-3.3-70B-Instruct,Mistral-7B-Instruct-v0.3,1274,0.6027,0.5770
violation+judgment,hotpotqa,Llama-3.3-70B-Instruct,Mistral-7B-Instruct-v0.3,1287,0.6019,0.5781
violation+judgment,hotpotqa,Llama-3.3-70B-Instruct,Mistral-7B-Instruct-v0.3,1300,0.6020,0.5778
violation+judgment,hotpotqa,Llama-3.3-70B-Instruct,Mistral-7B-Instruct-v0.3,1313,0.6021,0.5753
violation+judgment,hotpotqa,Llama-3.3-70B-Instruct,Mistral-7B-Instruct-v0.3,1326,0.6019,0.5722
violation+judgment,hotpotqa,Llama-3.3-70B-Instruct,Mistral-7B-Instruct-v0.3,1339,0.6013,0.5818
violation+judgment,hotpotqa,Llama-3.3-70B-Instruct,Mistral-7B-Instruct-v0.3,1352,0.6010,0.5786
violation+judgment,hotpotqa,Llama-3.3-70B-Instruct,Mistral-7B-Instruct-v0.3,1365,0.6010,0.5780
violation+judgment,hotpotqa,Llama-3.3-70B-Instruct,Mistral-7B-Instruct-v0.3,1378,0.6011,0.5741
violation+judgment,hotpotqa,Llama-3.3-70B-Instruct,Mistral-7B-Instruct-v0.3,1391,0.6006,0.5750
violation+judgment,hotpotqa,Llama-3.3-70B-Instruct,Mistral-7B-Instruct-v0.3,1404,0.6010,0.5729
violation+judgment,hotpotqa,Llama-3.3-70B-Instruct,Mistral-7B-Instruct-v0.3,1417,0.6006,0.5702
violation+judgment,hotpotqa,Llama-3.3-70B-Instruct,Mistral-7B-Instruct-v0.3,1430,0.6003,0.5709
violation+judgment,hotpotqa,Llama-3.3-70B-Instruct,Mistral-7B-Instruct-v0.3,1443,0.6003,0.5733
violation+judgment,hotpotqa,Llama-3.3-70B-Instruct,Mistral-7B-Instruct-v0.3,1456,0.6001,0.5734
violation+judgment,hotpotqa,Llama-3.3-70B-Instruct,Mistral-7B-Instruct-v0.3,1469,0.6004,0.5721
violation+judgment,hotpotqa,Llama-3.3-70B-Instruct,Mistral-7B-Instruct-v0.3,1482,0.6003,0.5687
violation+judgment,hotpotqa,Llama-3.3-70B-Instruct,Mistral-7B-Instruct-v0.3,1495,0.6001,0.5687
violation+judgment,hotpotqa,Llama-3.3-70B-Instruct,Mistral-7B-Instruct-v0.3,1508,0.6002,0.5722
violation+judgment,hotpotqa,Llama-3.3-70B-Instruct,Mistral-7B-Instruct-v0.3,1521,0.6002,0.5742
violation+judgment,hotpotqa,Llama-3.3-70B-Instruct,Mistral-7B-Instruct-v0.3,1534,0.6007,0.5741
violation+judgment,hotpotqa,Llama-3.3-70B-Instruct,Mistral-7B-Instruct-v0.3,1547,0.6004,0.5747
violation+judgment,hotpotqa,Llama-3.3-70B-Instruct,Mistral-7B-Instruct-v0.3,1560,0.6003,0.5751
violation+judgment,hotpotqa,Llama-3.3-70B-Instruct,Mistral-7B-Instruct-v0.3,1573,0.5996,0.5736
violation+judgment,hotpotqa,Llama-3.3-70B-Instruct,Mistral-7B-Instruct-v0.3,1586,0.5995,0.5742
violation+judgment,hotpotqa,Llama-3.3-70B-Instruct,Mistral-7B-Instruct-v0.3,1599,0.5991,0.5734
violation+judgment,hotpotqa,Llama-3.3-70B-Instruct,Mistral-7B-Instruct-v0.3,1612,0.5999,0.5760
violation+judgment,hotpotqa,Llama-3.3-70B-Instruct,Mistral-7B-Instruct-v0.3,1625,0.6001,0.5751
violation+judgment,hotpotqa,Llama-3.3-70B-Instruct,Mistral-7B-Instruct-v0.3,1638,0.6001,0.5740
violation+judgment,hotpotqa,Llama-3.3-70B-Instruct,Mistral-7B-Instruct-v0.3,1651,0.5998,0.5727
violation+judgment,hotpotqa,Llama-3.3-70B-Instruct,Mistral-7B-Instruct-v0.3,1664,0.5996,0.5725
violation+judgment,hotpotqa,Llama-3.3-70B-Instruct,Mistral-7B-Instruct-v0.3,1677,0.5997,0.5742
violation+judgment,hotpotqa,Llama-3.3-70B-Instruct,Mistral-7B-Instruct-v0.3,1690,0.6000,0.5742
violation+judgment,hotpotqa,Llama-3.3-70B-Instruct,Mistral-7B-Instruct-v0.3,1703,0.6002,0.5720
violation+judgment,hotpotqa,Llama-3.3-70B-Instruct,Mistral-7B-Instruct-v0.3,1716,0.6005,0.5714
violation+judgment,hotpotqa,Llama-3.3-70B-Instruct,Mistral-7B-Instruct-v0.3,1729,0.6007,0.5734
violation+judgment,hotpotqa,Llama-3.3-70B-Instruct,Mistral-7B-Instruct-v0.3,1742,0.6004,0.5723
violation+judgment,hotpotqa,Llama-3.3-70B-Instruct,Mistral-7B-Instruct-v0.3,1755,0.6004,0.5724
violation+judgment,hotpotqa,Llama-3.3-70B-Instruct,Mistral-7B-Instruct-v0.3,1768,0.6005,0.5742
violation+judgment,hotpotqa,Llama-3.3-70B-Instruct,Mistral-7B-Instruct-v0.3,1781,0.6007,0.5754
violation+judgment,hotpotqa,Llama-3.3-70B-Instruct,Mistral-7B-Instruct-v0.3,1794,0.6008,0.5788
violation+judgment,hotpotqa,Llama-3.3-70B-Instruct,Mistral-7B-Instruct-v0.3,1807,0.6001,0.5803
violation+judgment,hotpotqa,Llama-3.3-70B-Instruct,Mistral-7B-Instruct-v0.3,1820,0.6001,0.5788
violation+judgment,hotpotqa,Llama-3.3-70B-Instruct,Mistral-7B-Instruct-v0.3,1833,0.5999,0.5798
violation+judgment,hotpotqa,Llama-3.3-70B-Instruct,Mistral-7B-Instruct-v0.3,1846,0.5994,0.5753
violation+judgment,hotpotqa,Llama-3.3-70B-Instruct,Mistral-7B-Instruct-v0.3,1859,0.5995,0.5742
violation+judgment,hotpotqa,Llama-3.3-70B-Instruct,Mistral-7B-Instruct-v0.3,1872,0.5997,0.5792
violation+judgment,hotpotqa,Llama-3.3-70B-Instruct,Mistral-7B-Instruct-v0.3,1885,0.5995,0.5767
violation+judgment,hotpotqa,Llama-3.3-70B-Instruct,Mistral-7B-Instruct-v0.3,1898,0.5996,0.5784
violation+judgment,hotpotqa,Llama-3.3-70B-Instruct,Mistral-7B-Instruct-v0.3,1911,0.5994,0.5759
violation+judgment,hotpotqa,Llama-3.3-70B-Instruct,Mistral-7B-Instruct-v0.3,1924,0.5996,0.5760
violation+judgment,hotpotqa,Llama-3.3-70B-Instruct,Mistral-7B-Instruct-v0.3,1937,0.5996,0.5747
violation+judgment,hotpotqa,Llama-3.3-70B-Instruct,Mistral-7B-Instruct-v0.3,1950,0.5997,0.5760
violation+judgment,hotpotqa,Llama-3.3-70B-Instruct,Mistral-7B-Instruct-v0.3,1963,0.5997,0.5739
violation+judgment,hotpotqa,Llama-3.3-70B-Instruct,Mistral-7B-Instruct-v0.3,1976,0.5996,0.5754
violation+judgment,hotpotqa,Llama-3.3-70B-Instruct,Mistral-7B-Instruct-v0.3,1989,0.5995,0.5746
violation+judgment,hotpotqa,Llama-3.3-70B-Instruct,Mistral-7B-Instruct-v0.3,2002,0.5996,0.5759
violation+judgment,hotpotqa,Llama-3.3-70B-Instruct,Mistral-7B-Instruct-v0.3,2015,0.5999,0.5827
violation+judgment,hotpotqa,Llama-3.3-70B-Instruct,Mistral-7B-Instruct-v0.3,2028,0.5996,0.5729
violation+judgment,hotpotqa,Llama-3.3-70B-Instruct,Mistral-7B-Instruct-v0.3,2041,0.5994,0.5724
violation+judgment,hotpotqa,Llama-3.3-70B-Instruct,Mistral-7B-Instruct-v0.3,2054,0.5994,0.5727
violation+judgment,hotpotqa,Llama-3.3-70B-Instruct,Mistral-7B-Instruct-v0.3,2067,0.5993,0.5744
violation+judgment,hotpotqa,Llama-3.3-70B-Instruct,Mistral-7B-Instruct-v0.3,2080,0.5994,0.5743
violation+judgment,hotpotqa,Llama-3.3-70B-Instruct,Mistral-7B-Instruct-v0.3,2093,0.5995,0.5762
violation+judgment,hotpotqa,Llama-3.3-70B-Instruct,Mistral-7B-Instruct-v0.3,2106,0.5993,0.5751
violation+judgment,hotpotqa,Llama-3.3-70B-Instruct,Mistral-7B-Instruct-v0.3,2119,0.5994,0.5758
violation+judgment,hotpotqa,Llama-3.3-70B-Instruct,Mistral-7B-Instruct-v0.3,2132,0.5991,0.5736
violation+judgment,hotpotqa,Llama-3.3-70B-Instruct,Mistral-7B-Instruct-v0.3,2145,0.5992,0.5728
violation+judgment,hotpotqa,Llama-3.3-70B-Instruct,Mistral-7B-Instruct-v0.3,2158,0.5989,0.5715
violation+judgment,hotpotqa,Llama-3.3-70B-Instruct,Mistral-7B-Instruct-v0.3,2171,0.5989,0.5719
violation+judgment,hotpotqa,Llama-3.3-70B-Instruct,Mistral-7B-Instruct-v0.3,2184,0.5988,0.5701
violation+judgment,hotpotqa,Llama-3.3-70B-Instruct,Mistral-7B-Instruct-v0.3,2197,0.5988,0.5712
violation+judgment,hotpotqa,Llama-3.3-70B-Instruct,Mistral-7B-Instruct-v0.3,2210,0.5987,0.5711
violation+judgment,hotpotqa,Llama-3.3-70B-Instruct,Mistral-7B-Instruct-v0.3,2223,0.5983,0.5723
violation+judgment,hotpotqa,Llama-3.3-70B-Instruct,Mistral-7B-Instruct-v0.3,2236,0.5982,0.5742
violation+judgment,hotpotqa,Llama-3.3-70B-Instruct,Mistral-7B-Instruct-v0.3,2249,0.5983,0.5742
violation+judgment,hotpotqa,Llama-3.3-70B-Instruct,Mistral-7B-Instruct-v0.3,2262,0.5981,0.5732
violation+judgment,hotpotqa,Llama-3.3-70B-Instruct,Mistral-7B-Instruct-v0.3,2275,0.5977,0.5705
violation+judgment,hotpotqa,Llama-3.3-70B-Instruct,Mistral-7B-Instruct-v0.3,2288,0.5976,0.5661
violation+judgment,hotpotqa,Llama-3.3-70B-Instruct,Mistral-7B-Instruct-v0.3,2301,0.5974,0.5662
violation+judgment,hotpotqa,Llama-3.3-70B-Instruct,Mistral-7B-Instruct-v0.3,2314,0.5976,0.5626
violation+judgment,hotpotqa,Llama-3.3-70B-Instruct,Mistral-7B-Instruct-v0.3,2327,0.5979,0.5626
violation+judgment,hotpotqa,Llama-3.3-70B-Instruct,Mistral-7B-Instruct-v0.3,2340,0.5978,0.5639
violation+judgment,hotpotqa,Llama-3.3-70B-Instruct,Mistral-7B-Instruct-v0.3,2353,0.5973,0.5645
violation+judgment,hotpotqa,Llama-3.3-70B-Instruct,Mistral-7B-Instruct-v0.3,2366,0.5973,0.5651
violation+judgment,hotpotqa,Llama-3.3-70B-Instruct,Mistral-7B-Instruct-v0.3,2379,0.5974,0.5631
violation+judgment,hotpotqa,Llama-3.3-70B-Instruct,Mistral-7B-Instruct-v0.3,2392,0.5978,0.5622
violation+judgment,hotpotqa,Llama-3.3-70B-Instruct,Mistral-7B-Instruct-v0.3,2405,0.5975,0.5622
violation+judgment,hotpotqa,Llama-3.3-70B-Instruct,Mistral-7B-Instruct-v0.3,2418,0.5974,0.5622
violation+judgment,hotpotqa,Llama-3.3-70B-Instruct,Mistral-7B-Instruct-v0.3,2431,0.5975,0.5646
violation+judgment,hotpotqa,Llama-3.3-70B-Instruct,Mistral-7B-Instruct-v0.3,2444,0.5975,0.5651
violation+judgment,hotpotqa,Llama-3.3-70B-Instruct,Mistral-7B-Instruct-v0.3,2457,0.5972,0.5622
violation+judgment,hotpotqa,Llama-3.3-70B-Instruct,Mistral-7B-Instruct-v0.3,2470,0.5969,0.5622
violation+judgment,hotpotqa,Llama-3.3-70B-Instruct,Mistral-7B-Instruct-v0.3,2483,0.5971,0.5622
violation+judgment,hotpotqa,Llama-3.3-70B-Instruct,Mistral-7B-Instruct-v0.3,2496,0.5972,0.5622
violation+judgment,hotpotqa,Llama-3.3-70B-Instruct,Mistral-7B-Instruct-v0.3,2509,0.5976,0.5622
violation+judgment,hotpotqa,Llama-3.3-70B-Instruct,Mistral-7B-Instruct-v0.3,2522,0.5975,0.5622
violation+judgment,hotpotqa,Llama-3.3-70B-Instruct,Mistral-7B-Instruct-v0.3,2535,0.5974,0.5622
violation+judgment,hotpotqa,Llama-3.3-70B-Instruct,Mistral-7B-Instruct-v0.3,2548,0.5973,0.5622
violation+judgment,hotpotqa,Llama-3.3-70B-Instruct,Mistral-7B-Instruct-v0.3,2561,0.5972,0.5622
violation+judgment,hotpotqa,Llama-3.3-70B-Instruct,Mistral-7B-Instruct-v0.3,2574,0.5972,0.5622
violation+judgment,hotpotqa,Llama-3.3-70B-Instruct,Mistral-7B-Instruct-v0.3,2587,0.5969,0.5622
violation+judgment,hotpotqa,Llama-3.3-70B-Instruct,Mistral-7B-Instruct-v0.3,2600,0.5968,0.5622
violation+judgment,hotpotqa,Llama-3.3-70B-Instruct,Mistral-7B-Instruct-v0.3,2613,0.5971,0.5622
violation+judgment,hotpotqa,Llama-3.3-70B-Instruct,Phi-4-mini-instruct,0,0.3323,0.8808
violation+judgment,hotpotqa,Llama-3.3-70B-Instruct,Phi-4-mini-instruct,11,0.3323,0.8808
violation+judgment,hotpotqa,Llama-3.3-70B-Instruct,Phi-4-mini-instruct,22,0.3323,0.8808
violation+judgment,hotpotqa,Llama-3.3-70B-Instruct,Phi-4-mini-instruct,33,0.3323,0.8808
violation+judgment,hotpotqa,Llama-3.3-70B-Instruct,Phi-4-mini-instruct,44,0.3323,0.8808
violation+judgment,hotpotqa,Llama-3.3-70B-Instruct,Phi-4-mini-instruct,55,0.3323,0.8808
violation+judgment,hotpotqa,Llama-3.3-70B-Instruct,Phi-4-mini-instruct,66,0.3323,0.8808
violation+judgment,hotpotqa,Llama-3.3-70B-Instruct,Phi-4-mini-instruct,77,0.3323,0.8808
violation+judgment,hotpotqa,Llama-3.3-70B-Instruct,Phi-4-mini-instruct,88,0.3323,0.8808
violation+judgment,hotpotqa,Llama-3.3-70B-Instruct,Phi-4-mini-instruct,99,0.3323,0.8808
violation+judgment,hotpotqa,Llama-3.3-70B-Instruct,Phi-4-mini-instruct,110,0.5288,0.8228
violation+judgment,hotpotqa,Llama-3.3-70B-Instruct,Phi-4-mini-instruct,121,0.5282,0.8237
violation+judgment,hotpotqa,Llama-3.3-70B-Instruct,Phi-4-mini-instruct,132,0.5301,0.8290
violation+judgment,hotpotqa,Llama-3.3-70B-Instruct,Phi-4-mini-instruct,143,0.5247,0.8161
violation+judgment,hotpotqa,Llama-3.3-70B-Instruct,Phi-4-mini-instruct,154,0.5250,0.8172
violation+judgment,hotpotqa,Llama-3.3-70B-Instruct,Phi-4-mini-instruct,165,0.5281,0.8190
violation+judgment,hotpotqa,Llama-3.3-70B-Instruct,Phi-4-mini-instruct,176,0.5281,0.8301
violation+judgment,hotpotqa,Llama-3.3-70B-Instruct,Phi-4-mini-instruct,187,0.5308,0.8456
violation+judgment,hotpotqa,Llama-3.3-70B-Instruct,Phi-4-mini-instruct,198,0.5295,0.8361
violation+judgment,hotpotqa,Llama-3.3-70B-Instruct,Phi-4-mini-instruct,209,0.5342,0.8436
violation+judgment,hotpotqa,Llama-3.3-70B-Instruct,Phi-4-mini-instruct,220,0.5340,0.8458
violation+judgment,hotpotqa,Llama-3.3-70B-Instruct,Phi-4-mini-instruct,231,0.5353,0.8417
violation+judgment,hotpotqa,Llama-3.3-70B-Instruct,Phi-4-mini-instruct,242,0.5360,0.8449
violation+judgment,hotpotqa,Llama-3.3-70B-Instruct,Phi-4-mini-instruct,253,0.5344,0.8418
violation+judgment,hotpotqa,Llama-3.3-70B-Instruct,Phi-4-mini-instruct,264,0.5336,0.8410
violation+judgment,hotpotqa,Llama-3.3-70B-Instruct,Phi-4-mini-instruct,275,0.5339,0.8422
violation+judgment,hotpotqa,Llama-3.3-70B-Instruct,Phi-4-mini-instruct,286,0.5354,0.8433
violation+judgment,hotpotqa,Llama-3.3-70B-Instruct,Phi-4-mini-instruct,297,0.5351,0.8458
violation+judgment,hotpotqa,Llama-3.3-70B-Instruct,Phi-4-mini-instruct,308,0.5349,0.8468
violation+judgment,hotpotqa,Llama-3.3-70B-Instruct,Phi-4-mini-instruct,319,0.5332,0.8465
violation+judgment,hotpotqa,Llama-3.3-70B-Instruct,Phi-4-mini-instruct,330,0.5318,0.8432
violation+judgment,hotpotqa,Llama-3.3-70B-Instruct,Phi-4-mini-instruct,341,0.5309,0.8414
violation+judgment,hotpotqa,Llama-3.3-70B-Instruct,Phi-4-mini-instruct,352,0.5316,0.8434
violation+judgment,hotpotqa,Llama-3.3-70B-Instruct,Phi-4-mini-instruct,363,0.5313,0.8405
violation+judgment,hotpotqa,Llama-3.3-70B-Instruct,Phi-4-mini-instruct,374,0.5336,0.8407
violation+judgment,hotpotqa,Llama-3.3-70B-Instruct,Phi-4-mini-instruct,385,0.5339,0.8381
violation+judgment,hotpotqa,Llama-3.3-70B-Instruct,Phi-4-mini-instruct,396,0.5344,0.8379
violation+judgment,hotpotqa,Llama-3.3-70B-Instruct,Phi-4-mini-instruct,407,0.5342,0.8371
violation+judgment,hotpotqa,Llama-3.3-70B-Instruct,Phi-4-mini-instruct,418,0.5331,0.8299
violation+judgment,hotpotqa,Llama-3.3-70B-Instruct,Phi-4-mini-instruct,429,0.5340,0.8298
violation+judgment,hotpotqa,Llama-3.3-70B-Instruct,Phi-4-mini-instruct,440,0.5348,0.8316
violation+judgment,hotpotqa,Llama-3.3-70B-Instruct,Phi-4-mini-instruct,451,0.5374,0.8346
violation+judgment,hotpotqa,Llama-3.3-70B-Instruct,Phi-4-mini-instruct,462,0.5377,0.8313
violation+judgment,hotpotqa,Llama-3.3-70B-Instruct,Phi-4-mini-instruct,473,0.5368,0.8329
violation+judgment,hotpotqa,Llama-3.3-70B-Instruct,Phi-4-mini-instruct,484,0.5375,0.8315
violation+judgment,hotpotqa,Llama-3.3-70B-Instruct,Phi-4-mini-instruct,495,0.5374,0.8340
violation+judgment,hotpotqa,Llama-3.3-70B-Instruct,Phi-4-mini-instruct,506,0.5371,0.8327
violation+judgment,hotpotqa,Llama-3.3-70B-Instruct,Phi-4-mini-instruct,517,0.5365,0.8340
violation+judgment,hotpotqa,Llama-3.3-70B-Instruct,Phi-4-mini-instruct,528,0.5361,0.8330
violation+judgment,hotpotqa,Llama-3.3-70B-Instruct,Phi-4-mini-instruct,539,0.5364,0.8316
violation+judgment,hotpotqa,Llama-3.3-70B-Instruct,Phi-4-mini-instruct,550,0.5356,0.8312
violation+judgment,hotpotqa,Llama-3.3-70B-Instruct,Phi-4-mini-instruct,561,0.5371,0.8291
violation+judgment,hotpotqa,Llama-3.3-70B-Instruct,Phi-4-mini-instruct,572,0.5386,0.8366
violation+judgment,hotpotqa,Llama-3.3-70B-Instruct,Phi-4-mini-instruct,583,0.5384,0.8347
violation+judgment,hotpotqa,Llama-3.3-70B-Instruct,Phi-4-mini-instruct,594,0.5382,0.8396
violation+judgment,hotpotqa,Llama-3.3-70B-Instruct,Phi-4-mini-instruct,605,0.5379,0.8385
violation+judgment,hotpotqa,Llama-3.3-70B-Instruct,Phi-4-mini-instruct,616,0.5370,0.8370
violation+judgment,hotpotqa,Llama-3.3-70B-Instruct,Phi-4-mini-instruct,627,0.5374,0.8405
violation+judgment,hotpotqa,Llama-3.3-70B-Instruct,Phi-4-mini-instruct,638,0.5374,0.8433
violation+judgment,hotpotqa,Llama-3.3-70B-Instruct,Phi-4-mini-instruct,649,0.5366,0.8404
violation+judgment,hotpotqa,Llama-3.3-70B-Instruct,Phi-4-mini-instruct,660,0.5362,0.8440
violation+judgment,hotpotqa,Llama-3.3-70B-Instruct,Phi-4-mini-instruct,671,0.5357,0.8391
violation+judgment,hotpotqa,Llama-3.3-70B-Instruct,Phi-4-mini-instruct,682,0.5373,0.8490
violation+judgment,hotpotqa,Llama-3.3-70B-Instruct,Phi-4-mini-instruct,693,0.5369,0.8483
violation+judgment,hotpotqa,Llama-3.3-70B-Instruct,Phi-4-mini-instruct,704,0.5367,0.8411
violation+judgment,hotpotqa,Llama-3.3-70B-Instruct,Phi-4-mini-instruct,715,0.5375,0.8413
violation+judgment,hotpotqa,Llama-3.3-70B-Instruct,Phi-4-mini-instruct,726,0.5388,0.8402
violation+judgment,hotpotqa,Llama-3.3-70B-Instruct,Phi-4-mini-instruct,737,0.5396,0.8393
violation+judgment,hotpotqa,Llama-3.3-70B-Instruct,Phi-4-mini-instruct,748,0.5401,0.8423
violation+judgment,hotpotqa,Llama-3.3-70B-Instruct,Phi-4-mini-instruct,759,0.5401,0.8395
violation+judgment,hotpotqa,Llama-3.3-70B-Instruct,Phi-4-mini-instruct,770,0.5401,0.8404
violation+judgment,hotpotqa,Llama-3.3-70B-Instruct,Phi-4-mini-instruct,781,0.5408,0.8408
violation+judgment,hotpotqa,Llama-3.3-70B-Instruct,Phi-4-mini-instruct,792,0.5399,0.8420
violation+judgment,hotpotqa,Llama-3.3-70B-Instruct,Phi-4-mini-instruct,803,0.5401,0.8501
violation+judgment,hotpotqa,Llama-3.3-70B-Instruct,Phi-4-mini-instruct,814,0.5399,0.8547
violation+judgment,hotpotqa,Llama-3.3-70B-Instruct,Phi-4-mini-instruct,825,0.5401,0.8594
violation+judgment,hotpotqa,Llama-3.3-70B-Instruct,Phi-4-mini-instruct,836,0.5400,0.8578
violation+judgment,hotpotqa,Llama-3.3-70B-Instruct,Phi-4-mini-instruct,847,0.5405,0.8618
violation+judgment,hotpotqa,Llama-3.3-70B-Instruct,Phi-4-mini-instruct,858,0.5398,0.8637
violation+judgment,hotpotqa,Llama-3.3-70B-Instruct,Phi-4-mini-instruct,869,0.5405,0.8650
violation+judgment,hotpotqa,Llama-3.3-70B-Instruct,Phi-4-mini-instruct,880,0.5403,0.8633
violation+judgment,hotpotqa,Llama-3.3-70B-Instruct,Phi-4-mini-instruct,891,0.5398,0.8637
violation+judgment,hotpotqa,Llama-3.3-70B-Instruct,Phi-4-mini-instruct,902,0.5400,0.8625
violation+judgment,hotpotqa,Llama-3.3-70B-Instruct,Phi-4-mini-instruct,913,0.5401,0.8651
violation+judgment,hotpotqa,Llama-3.3-70B-Instruct,Phi-4-mini-instruct,924,0.5398,0.8646
violation+judgment,hotpotqa,Llama-3.3-70B-Instruct,Phi-4-mini-instruct,935,0.5403,0.8679
violation+judgment,hotpotqa,Llama-3.3-70B-Instruct,Phi-4-mini-instruct,946,0.5401,0.8668
violation+judgment,hotpotqa,Llama-3.3-70B-Instruct,Phi-4-mini-instruct,957,0.5390,0.8626
violation+judgment,hotpotqa,Llama-3.3-70B-Instruct,Phi-4-mini-instruct,968,0.5389,0.8632
violation+judgment,hotpotqa,Llama-3.3-70B-Instruct,Phi-4-mini-instruct,979,0.5386,0.8630
violation+judgment,hotpotqa,Llama-3.3-70B-Instruct,Phi-4-mini-instruct,990,0.5386,0.8606
violation+judgment,hotpotqa,Llama-3.3-70B-Instruct,Phi-4-mini-instruct,1001,0.5385,0.8632
violation+judgment,hotpotqa,Llama-3.3-70B-Instruct,Phi-4-mini-instruct,1012,0.5389,0.8637
violation+judgment,hotpotqa,Llama-3.3-70B-Instruct,Phi-4-mini-instruct,1023,0.5388,0.8642
violation+judgment,hotpotqa,Llama-3.3-70B-Instruct,Phi-4-mini-instruct,1034,0.5385,0.8651
violation+judgment,hotpotqa,Llama-3.3-70B-Instruct,Phi-4-mini-instruct,1045,0.5384,0.8658
violation+judgment,hotpotqa,Llama-3.3-70B-Instruct,Phi-4-mini-instruct,1056,0.5382,0.8651
violation+judgment,hotpotqa,Llama-3.3-70B-Instruct,Phi-4-mini-instruct,1067,0.5384,0.8653
violation+judgment,hotpotqa,Llama-3.3-70B-Instruct,Phi-4-mini-instruct,1078,0.5385,0.8642
violation+judgment,hotpotqa,Llama-3.3-70B-Instruct,Phi-4-mini-instruct,1089,0.5382,0.8648
violation+judgment,hotpotqa,Llama-3.3-70B-Instruct,Phi-4-mini-instruct,1100,0.5378,0.8648
violation+judgment,hotpotqa,Llama-3.3-70B-Instruct,Phi-4-mini-instruct,1111,0.5367,0.8618
violation+judgment,hotpotqa,Llama-3.3-70B-Instruct,Phi-4-mini-instruct,1122,0.5364,0.8616
violation+judgment,hotpotqa,Llama-3.3-70B-Instruct,Phi-4-mini-instruct,1133,0.5365,0.8624
violation+judgment,hotpotqa,Llama-3.3-70B-Instruct,Phi-4-mini-instruct,1144,0.5373,0.8624
violation+judgment,hotpotqa,Llama-3.3-70B-Instruct,Phi-4-mini-instruct,1155,0.5380,0.8631
violation+judgment,hotpotqa,Llama-3.3-70B-Instruct,Phi-4-mini-instruct,1166,0.5380,0.8629
violation+judgment,hotpotqa,Llama-3.3-70B-Instruct,Phi-4-mini-instruct,1177,0.5378,0.8632
violation+judgment,hotpotqa,Llama-3.3-70B-Instruct,Phi-4-mini-instruct,1188,0.5378,0.8594
violation+judgment,hotpotqa,Llama-3.3-70B-Instruct,Phi-4-mini-instruct,1199,0.5378,0.8606
violation+judgment,hotpotqa,Llama-3.3-70B-Instruct,Phi-4-mini-instruct,1210,0.5367,0.8604
violation+judgment,hotpotqa,Llama-3.3-70B-Instruct,Phi-4-mini-instruct,1221,0.5369,0.8612
violation+judgment,hotpotqa,Llama-3.3-70B-Instruct,Phi-4-mini-instruct,1232,0.5367,0.8599
violation+judgment,hotpotqa,Llama-3.3-70B-Instruct,Phi-4-mini-instruct,1243,0.5374,0.8601
violation+judgment,hotpotqa,Llama-3.3-70B-Instruct,Phi-4-mini-instruct,1254,0.5377,0.8618
violation+judgment,hotpotqa,Llama-3.3-70B-Instruct,Phi-4-mini-instruct,1265,0.5376,0.8622
violation+judgment,hotpotqa,Llama-3.3-70B-Instruct,Phi-4-mini-instruct,1276,0.5377,0.8621
violation+judgment,hotpotqa,Llama-3.3-70B-Instruct,Phi-4-mini-instruct,1287,0.5381,0.8606
violation+judgment,hotpotqa,Llama-3.3-70B-Instruct,Phi-4-mini-instruct,1298,0.5379,0.8606
violation+judgment,hotpotqa,Llama-3.3-70B-Instruct,Phi-4-mini-instruct,1309,0.5379,0.8606
violation+judgment,hotpotqa,Llama-3.3-70B-Instruct,Phi-4-mini-instruct,1320,0.5379,0.8606
violation+judgment,hotpotqa,Llama-3.3-70B-Instruct,Phi-4-mini-instruct,1331,0.5377,0.8613
violation+judgment,hotpotqa,Llama-3.3-70B-Instruct,Phi-4-mini-instruct,1342,0.5375,0.8619
violation+judgment,hotpotqa,Llama-3.3-70B-Instruct,Phi-4-mini-instruct,1353,0.5381,0.8634
violation+judgment,hotpotqa,Llama-3.3-70B-Instruct,Phi-4-mini-instruct,1364,0.5385,0.8622
violation+judgment,hotpotqa,Llama-3.3-70B-Instruct,Phi-4-mini-instruct,1375,0.5392,0.8606
violation+judgment,hotpotqa,Llama-3.3-70B-Instruct,Phi-4-mini-instruct,1386,0.5388,0.8611
violation+judgment,hotpotqa,Llama-3.3-70B-Instruct,Phi-4-mini-instruct,1397,0.5384,0.8611
violation+judgment,hotpotqa,Llama-3.3-70B-Instruct,Phi-4-mini-instruct,1408,0.5390,0.8606
violation+judgment,hotpotqa,Llama-3.3-70B-Instruct,Phi-4-mini-instruct,1419,0.5393,0.8607
violation+judgment,hotpotqa,Llama-3.3-70B-Instruct,Phi-4-mini-instruct,1430,0.5390,0.8606
violation+judgment,hotpotqa,Llama-3.3-70B-Instruct,Phi-4-mini-instruct,1441,0.5393,0.8606
violation+judgment,hotpotqa,Llama-3.3-70B-Instruct,Phi-4-mini-instruct,1452,0.5398,0.8606
violation+judgment,hotpotqa,Llama-3.3-70B-Instruct,Phi-4-mini-instruct,1463,0.5395,0.8610
violation+judgment,hotpotqa,Llama-3.3-70B-Instruct,Phi-4-mini-instruct,1474,0.5394,0.8621
violation+judgment,hotpotqa,Llama-3.3-70B-Instruct,Phi-4-mini-instruct,1485,0.5392,0.8632
violation+judgment,hotpotqa,Llama-3.3-70B-Instruct,Phi-4-mini-instruct,1496,0.5396,0.8621
violation+judgment,hotpotqa,Llama-3.3-70B-Instruct,Phi-4-mini-instruct,1507,0.5391,0.8599
violation+judgment,hotpotqa,Llama-3.3-70B-Instruct,Phi-4-mini-instruct,1518,0.5386,0.8589
violation+judgment,hotpotqa,Llama-3.3-70B-Instruct,Phi-4-mini-instruct,1529,0.5383,0.8575
violation+judgment,hotpotqa,Llama-3.3-70B-Instruct,Phi-4-mini-instruct,1540,0.5385,0.8583
violation+judgment,hotpotqa,Llama-3.3-70B-Instruct,Phi-4-mini-instruct,1551,0.5383,0.8557
violation+judgment,hotpotqa,Llama-3.3-70B-Instruct,Phi-4-mini-instruct,1562,0.5383,0.8571
violation+judgment,hotpotqa,Llama-3.3-70B-Instruct,Phi-4-mini-instruct,1573,0.5381,0.8568
violation+judgment,hotpotqa,Llama-3.3-70B-Instruct,Phi-4-mini-instruct,1584,0.5382,0.8549
violation+judgment,hotpotqa,Llama-3.3-70B-Instruct,Phi-4-mini-instruct,1595,0.5386,0.8568
violation+judgment,hotpotqa,Llama-3.3-70B-Instruct,Phi-4-mini-instruct,1606,0.5388,0.8588
violation+judgment,hotpotqa,Llama-3.3-70B-Instruct,Phi-4-mini-instruct,1617,0.5383,0.8581
violation+judgment,hotpotqa,Llama-3.3-70B-Instruct,Phi-4-mini-instruct,1628,0.5382,0.8577
violation+judgment,hotpotqa,Llama-3.3-70B-Instruct,Phi-4-mini-instruct,1639,0.5378,0.8577
violation+judgment,hotpotqa,Llama-3.3-70B-Instruct,Phi-4-mini-instruct,1650,0.5377,0.8577
violation+judgment,hotpotqa,Llama-3.3-70B-Instruct,Phi-4-mini-instruct,1661,0.5372,0.8577
violation+judgment,hotpotqa,Llama-3.3-70B-Instruct,Phi-4-mini-instruct,1672,0.5372,0.8577
violation+judgment,hotpotqa,Llama-3.3-70B-Instruct,Phi-4-mini-instruct,1683,0.5367,0.8577
violation+judgment,hotpotqa,Llama-3.3-70B-Instruct,Phi-4-mini-instruct,1694,0.5367,0.8577
violation+judgment,hotpotqa,Llama-3.3-70B-Instruct,Phi-4-mini-instruct,1705,0.5364,0.8577
violation+judgment,hotpotqa,Llama-3.3-70B-Instruct,Phi-4-mini-instruct,1716,0.5369,0.8577
violation+judgment,hotpotqa,Llama-3.3-70B-Instruct,Phi-4-mini-instruct,1727,0.5369,0.8577
violation+judgment,hotpotqa,Llama-3.3-70B-Instruct,Phi-4-mini-instruct,1738,0.5371,0.8577
violation+judgment,hotpotqa,Llama-3.3-70B-Instruct,Phi-4-mini-instruct,1749,0.5369,0.8577
violation+judgment,hotpotqa,Llama-3.3-70B-Instruct,Phi-4-mini-instruct,1760,0.5365,0.8577
violation+judgment,hotpotqa,Llama-3.3-70B-Instruct,Phi-4-mini-instruct,1771,0.5362,0.8563
violation+judgment,hotpotqa,Llama-3.3-70B-Instruct,Phi-4-mini-instruct,1782,0.5364,0.8559
violation+judgment,hotpotqa,Llama-3.3-70B-Instruct,Phi-4-mini-instruct,1793,0.5362,0.8559
violation+judgment,hotpotqa,Llama-3.3-70B-Instruct,Phi-4-mini-instruct,1804,0.5363,0.8543
violation+judgment,hotpotqa,Llama-3.3-70B-Instruct,Phi-4-mini-instruct,1815,0.5357,0.8522
violation+judgment,hotpotqa,Llama-3.3-70B-Instruct,Phi-4-mini-instruct,1826,0.5354,0.8520
violation+judgment,hotpotqa,Llama-3.3-70B-Instruct,Phi-4-mini-instruct,1837,0.5351,0.8514
violation+judgment,hotpotqa,Llama-3.3-70B-Instruct,Phi-4-mini-instruct,1848,0.5353,0.8521
violation+judgment,hotpotqa,Llama-3.3-70B-Instruct,Phi-4-mini-instruct,1859,0.5352,0.8520
violation+judgment,hotpotqa,Llama-3.3-70B-Instruct,Phi-4-mini-instruct,1870,0.5356,0.8525
violation+judgment,hotpotqa,Llama-3.3-70B-Instruct,Phi-4-mini-instruct,1881,0.5357,0.8533
violation+judgment,hotpotqa,Llama-3.3-70B-Instruct,Phi-4-mini-instruct,1892,0.5357,0.8520
violation+judgment,hotpotqa,Llama-3.3-70B-Instruct,Phi-4-mini-instruct,1903,0.5359,0.8520
violation+judgment,hotpotqa,Llama-3.3-70B-Instruct,Phi-4-mini-instruct,1914,0.5358,0.8530
violation+judgment,hotpotqa,Llama-3.3-70B-Instruct,Phi-4-mini-instruct,1925,0.5356,0.8520
violation+judgment,hotpotqa,Llama-3.3-70B-Instruct,Phi-4-mini-instruct,1936,0.5351,0.8520
violation+judgment,hotpotqa,Llama-3.3-70B-Instruct,Phi-4-mini-instruct,1947,0.5349,0.8520
violation+judgment,hotpotqa,Llama-3.3-70B-Instruct,Phi-4-mini-instruct,1958,0.5346,0.8520
violation+judgment,hotpotqa,Llama-3.3-70B-Instruct,Phi-4-mini-instruct,1969,0.5343,0.8520
violation+judgment,hotpotqa,Llama-3.3-70B-Instruct,Phi-4-mini-instruct,1980,0.5340,0.8520
violation+judgment,hotpotqa,Llama-3.3-70B-Instruct,Phi-4-mini-instruct,1991,0.5340,0.8520
violation+judgment,hotpotqa,Llama-3.3-70B-Instruct,Phi-4-mini-instruct,2002,0.5341,0.8520
violation+judgment,hotpotqa,Llama-3.3-70B-Instruct,Phi-4-mini-instruct,2013,0.5340,0.8520
violation+judgment,hotpotqa,Llama-3.3-70B-Instruct,Phi-4-mini-instruct,2024,0.5339,0.8520
violation+judgment,hotpotqa,Llama-3.3-70B-Instruct,Phi-4-mini-instruct,2035,0.5339,0.8520
violation+judgment,hotpotqa,Llama-3.3-70B-Instruct,Phi-4-mini-instruct,2046,0.5341,0.8520
violation+judgment,hotpotqa,Llama-3.3-70B-Instruct,Phi-4-mini-instruct,2057,0.5342,0.8520
violation+judgment,hotpotqa,Llama-3.3-70B-Instruct,Phi-4-mini-instruct,2068,0.5340,0.8520
violation+judgment,hotpotqa,Llama-3.3-70B-Instruct,Phi-4-mini-instruct,2079,0.5339,0.8520
violation+judgment,hotpotqa,Llama-3.3-70B-Instruct,Phi-4-mini-instruct,2090,0.5342,0.8520
violation+judgment,hotpotqa,Llama-3.3-70B-Instruct,Phi-4-mini-instruct,2101,0.5342,0.8520
violation+judgment,hotpotqa,Llama-3.3-70B-Instruct,Phi-4-mini-instruct,2112,0.5339,0.8520
violation+judgment,hotpotqa,Llama-3.3-70B-Instruct,Phi-4-mini-instruct,2123,0.5340,0.8520
violation+judgment,hotpotqa,Llama-3.3-70B-Instruct,Phi-4-mini-instruct,2134,0.5340,0.8520
violation+judgment,hotpotqa,Llama-3.3-70B-Instruct,Phi-4-mini-instruct,2145,0.5337,0.8520
violation+judgment,hotpotqa,Llama-3.3-70B-Instruct,Phi-4-mini-instruct,2156,0.5336,0.8520
violation+judgment,hotpotqa,Llama-3.3-70B-Instruct,Phi-4-mini-instruct,2167,0.5336,0.8520
violation+judgment,hotpotqa,Llama-3.3-70B-Instruct,Phi-4-mini-instruct,2178,0.5334,0.8520
violation+judgment,hotpotqa,Llama-3.3-70B-Instruct,Phi-4-mini-instruct,2189,0.5336,0.8520
violation+judgment,hotpotqa,Llama-3.3-70B-Instruct,Phi-4-mini-instruct,2200,0.5336,0.8520
violation+judgment,hotpotqa,Llama-3.3-70B-Instruct,Phi-4-mini-instruct,2211,0.5335,0.8520
violation+judgment,hotpotqa,Llama-3.3-70B-Instruct,Phi-4-mini-instruct,2222,0.5334,0.8520
violation+judgment,hotpotqa,Llama-3.3-70B-Instruct,Phi-4-mini-instruct,2233,0.5334,0.8520
violation+judgment,hotpotqa,Llama-3.3-70B-Instruct,Phi-4-mini-instruct,2244,0.5332,0.8520
violation+judgment,hotpotqa,Llama-3.3-70B-Instruct,Phi-4-mini-instruct,2255,0.5335,0.8520
violation+judgment,hotpotqa,Llama-3.3-70B-Instruct,Phi-4-mini-instruct,2266,0.5335,0.8520
violation+judgment,hotpotqa,Llama-3.3-70B-Instruct,Phi-4-mini-instruct,2277,0.5335,0.8520
violation+judgment,hotpotqa,Llama-3.3-70B-Instruct,Qwen3.6-35B-A3B,0,0.4486,0.7773
violation+judgment,hotpotqa,Llama-3.3-70B-Instruct,Qwen3.6-35B-A3B,8,0.4486,0.7773
violation+judgment,hotpotqa,Llama-3.3-70B-Instruct,Qwen3.6-35B-A3B,16,0.4486,0.7773
violation+judgment,hotpotqa,Llama-3.3-70B-Instruct,Qwen3.6-35B-A3B,24,0.4486,0.7773
violation+judgment,hotpotqa,Llama-3.3-70B-Instruct,Qwen3.6-35B-A3B,32,0.4486,0.7773
violation+judgment,hotpotqa,Llama-3.3-70B-Instruct,Qwen3.6-35B-A3B,40,0.4486,0.7773
violation+judgment,hotpotqa,Llama-3.3-70B-Instruct,Qwen3.6-35B-A3B,48,0.4486,0.7773
violation+judgment,hotpotqa,Llama-3.3-70B-Instruct,Qwen3.6-35B-A3B,56,0.4486,0.7773
violation+judgment,hotpotqa,Llama-3.3-70B-Instruct,Qwen3.6-35B-A3B,64,0.4486,0.7773
violation+judgment,hotpotqa,Llama-3.3-70B-Instruct,Qwen3.6-35B-A3B,72,0.4486,0.7773
violation+judgment,hotpotqa,Llama-3.3-70B-Instruct,Qwen3.6-35B-A3B,80,0.4486,0.7773
violation+judgment,hotpotqa,Llama-3.3-70B-Instruct,Qwen3.6-35B-A3B,88,0.4486,0.7773
violation+judgment,hotpotqa,Llama-3.3-70B-Instruct,Qwen3.6-35B-A3B,96,0.4486,0.7773
violation+judgment,hotpotqa,Llama-3.3-70B-Instruct,Qwen3.6-35B-A3B,104,0.1130,0.0092
violation+judgment,hotpotqa,Llama-3.3-70B-Instruct,Qwen3.6-35B-A3B,112,0.1098,0.0080
violation+judgment,hotpotqa,Llama-3.3-70B-Instruct,Qwen3.6-35B-A3B,120,0.1069,0.0079
violation+judgment,hotpotqa,Llama-3.3-70B-Instruct,Qwen3.6-35B-A3B,128,0.1053,0.0062
violation+judgment,hotpotqa,Llama-3.3-70B-Instruct,Qwen3.6-35B-A3B,136,0.1040,0.0052
violation+judgment,hotpotqa,Llama-3.3-70B-Instruct,Qwen3.6-35B-A3B,144,0.1045,0.0043
violation+judgment,hotpotqa,Llama-3.3-70B-Instruct,Qwen3.6-35B-A3B,152,0.1045,0.0049
violation+judgment,hotpotqa,Llama-3.3-70B-Instruct,Qwen3.6-35B-A3B,160,0.1033,0.0058
violation+judgment,hotpotqa,Llama-3.3-70B-Instruct,Qwen3.6-35B-A3B,168,0.1069,0.0053
violation+judgment,hotpotqa,Llama-3.3-70B-Instruct,Qwen3.6-35B-A3B,176,0.1074,0.0060
violation+judgment,hotpotqa,Llama-3.3-70B-Instruct,Qwen3.6-35B-A3B,184,0.1069,0.0065
violation+judgment,hotpotqa,Llama-3.3-70B-Instruct,Qwen3.6-35B-A3B,192,0.1056,0.0052
violation+judgment,hotpotqa,Llama-3.3-70B-Instruct,Qwen3.6-35B-A3B,200,0.1052,0.0047
violation+judgment,hotpotqa,Llama-3.3-70B-Instruct,Qwen3.6-35B-A3B,208,0.1041,0.0043
violation+judgment,hotpotqa,Llama-3.3-70B-Instruct,Qwen3.6-35B-A3B,216,0.1041,0.0040
violation+judgment,hotpotqa,Llama-3.3-70B-Instruct,Qwen3.6-35B-A3B,224,0.1042,0.0037
violation+judgment,hotpotqa,Llama-3.3-70B-Instruct,Qwen3.6-35B-A3B,232,0.1036,0.0033
violation+judgment,hotpotqa,Llama-3.3-70B-Instruct,Qwen3.6-35B-A3B,240,0.1038,0.0030
violation+judgment,hotpotqa,Llama-3.3-70B-Instruct,Qwen3.6-35B-A3B,248,0.1040,0.0028
violation+judgment,hotpotqa,Llama-3.3-70B-Instruct,Qwen3.6-35B-A3B,256,0.1039,0.0027
violation+judgment,hotpotqa,Llama-3.3-70B-Instruct,Qwen3.6-35B-A3B,264,0.1048,0.0029
violation+judgment,hotpotqa,Llama-3.3-70B-Instruct,Qwen3.6-35B-A3B,272,0.1042,0.0031
violation+judgment,hotpotqa,Llama-3.3-70B-Instruct,Qwen3.6-35B-A3B,280,0.1038,0.0031
violation+judgment,hotpotqa,Llama-3.3-70B-Instruct,Qwen3.6-35B-A3B,288,0.1035,0.0028
violation+judgment,hotpotqa,Llama-3.3-70B-Instruct,Qwen3.6-35B-A3B,296,0.1034,0.0030
violation+judgment,hotpotqa,Llama-3.3-70B-Instruct,Qwen3.6-35B-A3B,304,0.1041,0.0029
violation+judgment,hotpotqa,Llama-3.3-70B-Instruct,Qwen3.6-35B-A3B,312,0.1040,0.0029
violation+judgment,hotpotqa,Llama-3.3-70B-Instruct,Qwen3.6-35B-A3B,320,0.1043,0.0030
violation+judgment,hotpotqa,Llama-3.3-70B-Instruct,Qwen3.6-35B-A3B,328,0.1047,0.0028
violation+judgment,hotpotqa,Llama-3.3-70B-Instruct,Qwen3.6-35B-A3B,336,0.1049,0.0030
violation+judgment,hotpotqa,Llama-3.3-70B-Instruct,Qwen3.6-35B-A3B,344,0.1049,0.0028
violation+judgment,hotpotqa,Llama-3.3-70B-Instruct,Qwen3.6-35B-A3B,352,0.1045,0.0028
violation+judgment,hotpotqa,Llama-3.3-70B-Instruct,Qwen3.6-35B-A3B,360,0.1042,0.0030
violation+judgment,hotpotqa,Llama-3.3-70B-Instruct,Qwen3.6-35B-A3B,368,0.1037,0.0030
violation+judgment,hotpotqa,Llama-3.3-70B-Instruct,Qwen3.6-35B-A3B,376,0.1041,0.0029
violation+judgment,hotpotqa,Llama-3.3-70B-Instruct,Qwen3.6-35B-A3B,384,0.1041,0.0027
violation+judgment,hotpotqa,Llama-3.3-70B-Instruct,Qwen3.6-35B-A3B,392,0.1040,0.0025
violation+judgment,hotpotqa,Llama-3.3-70B-Instruct,Qwen3.6-35B-A3B,400,0.1043,0.0028
violation+judgment,hotpotqa,Llama-3.3-70B-Instruct,Qwen3.6-35B-A3B,408,0.1040,0.0027
violation+judgment,hotpotqa,Llama-3.3-70B-Instruct,Qwen3.6-35B-A3B,416,0.1041,0.0028
violation+judgment,hotpotqa,Llama-3.3-70B-Instruct,Qwen3.6-35B-A3B,424,0.1043,0.0029
violation+judgment,hotpotqa,Llama-3.3-70B-Instruct,Qwen3.6-35B-A3B,432,0.1044,0.0029
violation+judgment,hotpotqa,Llama-3.3-70B-Instruct,Qwen3.6-35B-A3B,440,0.1046,0.0028
violation+judgment,hotpotqa,Llama-3.3-70B-Instruct,Qwen3.6-35B-A3B,448,0.1053,0.0027
violation+judgment,hotpotqa,Llama-3.3-70B-Instruct,Qwen3.6-35B-A3B,456,0.1054,0.0028
violation+judgment,hotpotqa,Llama-3.3-70B-Instruct,Qwen3.6-35B-A3B,464,0.1059,0.0027
violation+judgment,hotpotqa,Llama-3.3-70B-Instruct,Qwen3.6-35B-A3B,472,0.1059,0.0029
violation+judgment,hotpotqa,Llama-3.3-70B-Instruct,Qwen3.6-35B-A3B,480,0.1066,0.0029
violation+judgment,hotpotqa,Llama-3.3-70B-Instruct,Qwen3.6-35B-A3B,488,0.1072,0.0030
violation+judgment,hotpotqa,Llama-3.3-70B-Instruct,Qwen3.6-35B-A3B,496,0.1071,0.0029
violation+judgment,hotpotqa,Llama-3.3-70B-Instruct,Qwen3.6-35B-A3B,504,0.1071,0.0028
violation+judgment,hotpotqa,Llama-3.3-70B-Instruct,Qwen3.6-35B-A3B,512,0.1075,0.0028
violation+judgment,hotpotqa,Llama-3.3-70B-Instruct,Qwen3.6-35B-A3B,520,0.1070,0.0029
violation+judgment,hotpotqa,Llama-3.3-70B-Instruct,Qwen3.6-35B-A3B,528,0.1076,0.0029
violation+judgment,hotpotqa,Llama-3.3-70B-Instruct,Qwen3.6-35B-A3B,536,0.1075,0.0028
violation+judgment,hotpotqa,Llama-3.3-70B-Instruct,Qwen3.6-35B-A3B,544,0.1080,0.0028
violation+judgment,hotpotqa,Llama-3.3-70B-Instruct,Qwen3.6-35B-A3B,552,0.1079,0.0028
violation+judgment,hotpotqa,Llama-3.3-70B-Instruct,Qwen3.6-35B-A3B,560,0.1073,0.0027
violation+judgment,hotpotqa,Llama-3.3-70B-Instruct,Qwen3.6-35B-A3B,568,0.1075,0.0027
violation+judgment,hotpotqa,Llama-3.3-70B-Instruct,Qwen3.6-35B-A3B,576,0.1073,0.0026
violation+judgment,hotpotqa,Llama-3.3-70B-Instruct,Qwen3.6-35B-A3B,584,0.1081,0.0027
violation+judgment,hotpotqa,Llama-3.3-70B-Instruct,Qwen3.6-35B-A3B,592,0.1079,0.0027
violation+judgment,hotpotqa,Llama-3.3-70B-Instruct,Qwen3.6-35B-A3B,600,0.1079,0.0030
violation+judgment,hotpotqa,Llama-3.3-70B-Instruct,Qwen3.6-35B-A3B,608,0.1076,0.0031
violation+judgment,hotpotqa,Llama-3.3-70B-Instruct,Qwen3.6-35B-A3B,616,0.1080,0.0031
violation+judgment,hotpotqa,Llama-3.3-70B-Instruct,Qwen3.6-35B-A3B,624,0.1079,0.0030
violation+judgment,hotpotqa,Llama-3.3-70B-Instruct,Qwen3.6-35B-A3B,632,0.1080,0.0033
violation+judgment,hotpotqa,Llama-3.3-70B-Instruct,Qwen3.6-35B-A3B,640,0.1082,0.0033
violation+judgment,hotpotqa,Llama-3.3-70B-Instruct,Qwen3.6-35B-A3B,648,0.1087,0.0032
violation+judgment,hotpotqa,Llama-3.3-70B-Instruct,Qwen3.6-35B-A3B,656,0.1086,0.0031
violation+judgment,hotpotqa,Llama-3.3-70B-Instruct,Qwen3.6-35B-A3B,664,0.1087,0.0030
violation+judgment,hotpotqa,Llama-3.3-70B-Instruct,Qwen3.6-35B-A3B,672,0.1087,0.0029
violation+judgment,hotpotqa,Llama-3.3-70B-Instruct,Qwen3.6-35B-A3B,680,0.1083,0.0029
violation+judgment,hotpotqa,Llama-3.3-70B-Instruct,Qwen3.6-35B-A3B,688,0.1080,0.0029
violation+judgment,hotpotqa,Llama-3.3-70B-Instruct,Qwen3.6-35B-A3B,696,0.1080,0.0028
violation+judgment,hotpotqa,Llama-3.3-70B-Instruct,Qwen3.6-35B-A3B,704,0.1078,0.0027
violation+judgment,hotpotqa,Llama-3.3-70B-Instruct,Qwen3.6-35B-A3B,712,0.1080,0.0026
violation+judgment,hotpotqa,Llama-3.3-70B-Instruct,Qwen3.6-35B-A3B,720,0.1082,0.0028
violation+judgment,hotpotqa,Llama-3.3-70B-Instruct,Qwen3.6-35B-A3B,728,0.1080,0.0026
violation+judgment,hotpotqa,Llama-3.3-70B-Instruct,Qwen3.6-35B-A3B,736,0.1079,0.0026
violation+judgment,hotpotqa,Llama-3.3-70B-Instruct,Qwen3.6-35B-A3B,744,0.1083,0.0026
violation+judgment,hotpotqa,Llama-3.3-70B-Instruct,Qwen3.6-35B-A3B,752,0.1085,0.0026
violation+judgment,hotpotqa,Llama-3.3-70B-Instruct,Qwen3.6-35B-A3B,760,0.1083,0.0026
violation+judgment,hotpotqa,Llama-3.3-70B-Instruct,Qwen3.6-35B-A3B,768,0.1084,0.0027
violation+judgment,hotpotqa,Llama-3.3-70B-Instruct,Qwen3.6-35B-A3B,776,0.1083,0.0028
violation+judgment,hotpotqa,Llama-3.3-70B-Instruct,Qwen3.6-35B-A3B,784,0.1083,0.0028
violation+judgment,hotpotqa,Llama-3.3-70B-Instruct,Qwen3.6-35B-A3B,792,0.1081,0.0027
violation+judgment,hotpotqa,Llama-3.3-70B-Instruct,Qwen3.6-35B-A3B,800,0.1080,0.0028
violation+judgment,hotpotqa,Llama-3.3-70B-Instruct,Qwen3.6-35B-A3B,808,0.1080,0.0027
violation+judgment,hotpotqa,Llama-3.3-70B-Instruct,Qwen3.6-35B-A3B,816,0.1079,0.0027
violation+judgment,hotpotqa,Llama-3.3-70B-Instruct,Qwen3.6-35B-A3B,824,0.1081,0.0029
violation+judgment,hotpotqa,Llama-3.3-70B-Instruct,Qwen3.6-35B-A3B,832,0.1081,0.0031
violation+judgment,hotpotqa,Llama-3.3-70B-Instruct,Qwen3.6-35B-A3B,840,0.1084,0.0030
violation+judgment,hotpotqa,Llama-3.3-70B-Instruct,Qwen3.6-35B-A3B,848,0.1086,0.0031
violation+judgment,hotpotqa,Llama-3.3-70B-Instruct,Qwen3.6-35B-A3B,856,0.1085,0.0032
violation+judgment,hotpotqa,Llama-3.3-70B-Instruct,Qwen3.6-35B-A3B,864,0.1087,0.0032
violation+judgment,hotpotqa,Llama-3.3-70B-Instruct,Qwen3.6-35B-A3B,872,0.1090,0.0032
violation+judgment,hotpotqa,Llama-3.3-70B-Instruct,Qwen3.6-35B-A3B,880,0.1089,0.0032
violation+judgment,hotpotqa,Llama-3.3-70B-Instruct,Qwen3.6-35B-A3B,888,0.1091,0.0031
violation+judgment,hotpotqa,Llama-3.3-70B-Instruct,Qwen3.6-35B-A3B,896,0.1090,0.0031
violation+judgment,hotpotqa,Llama-3.3-70B-Instruct,Qwen3.6-35B-A3B,904,0.1088,0.0031
violation+judgment,hotpotqa,Llama-3.3-70B-Instruct,Qwen3.6-35B-A3B,912,0.1085,0.0030
violation+judgment,hotpotqa,Llama-3.3-70B-Instruct,Qwen3.6-35B-A3B,920,0.1087,0.0029
violation+judgment,hotpotqa,Llama-3.3-70B-Instruct,Qwen3.6-35B-A3B,928,0.1083,0.0029
violation+judgment,hotpotqa,Llama-3.3-70B-Instruct,Qwen3.6-35B-A3B,936,0.1083,0.0029
violation+judgment,hotpotqa,Llama-3.3-70B-Instruct,Qwen3.6-35B-A3B,944,0.1079,0.0030
violation+judgment,hotpotqa,Llama-3.3-70B-Instruct,Qwen3.6-35B-A3B,952,0.1081,0.0030
violation+judgment,hotpotqa,Llama-3.3-70B-Instruct,Qwen3.6-35B-A3B,960,0.1080,0.0029
violation+judgment,hotpotqa,Llama-3.3-70B-Instruct,Qwen3.6-35B-A3B,968,0.1078,0.0029
violation+judgment,hotpotqa,Llama-3.3-70B-Instruct,Qwen3.6-35B-A3B,976,0.1077,0.0028
violation+judgment,hotpotqa,Llama-3.3-70B-Instruct,Qwen3.6-35B-A3B,984,0.1080,0.0028
violation+judgment,hotpotqa,Llama-3.3-70B-Instruct,Qwen3.6-35B-A3B,992,0.1081,0.0029
violation+judgment,hotpotqa,Llama-3.3-70B-Instruct,Qwen3.6-35B-A3B,1000,0.1083,0.0028
violation+judgment,hotpotqa,Llama-3.3-70B-Instruct,Qwen3.6-35B-A3B,1008,0.1085,0.0029
violation+judgment,hotpotqa,Llama-3.3-70B-Instruct,Qwen3.6-35B-A3B,1016,0.1086,0.0029
violation+judgment,hotpotqa,Llama-3.3-70B-Instruct,Qwen3.6-35B-A3B,1024,0.1086,0.0028
violation+judgment,hotpotqa,Llama-3.3-70B-Instruct,Qwen3.6-35B-A3B,1032,0.1085,0.0029
violation+judgment,hotpotqa,Llama-3.3-70B-Instruct,Qwen3.6-35B-A3B,1040,0.1083,0.0028
violation+judgment,hotpotqa,Llama-3.3-70B-Instruct,Qwen3.6-35B-A3B,1048,0.1082,0.0028
violation+judgment,hotpotqa,Llama-3.3-70B-Instruct,Qwen3.6-35B-A3B,1056,0.1080,0.0027
violation+judgment,hotpotqa,Llama-3.3-70B-Instruct,Qwen3.6-35B-A3B,1064,0.1077,0.0026
violation+judgment,hotpotqa,Llama-3.3-70B-Instruct,Qwen3.6-35B-A3B,1072,0.1078,0.0027
violation+judgment,hotpotqa,Llama-3.3-70B-Instruct,Qwen3.6-35B-A3B,1080,0.1079,0.0028
violation+judgment,hotpotqa,Llama-3.3-70B-Instruct,Qwen3.6-35B-A3B,1088,0.1078,0.0027
violation+judgment,hotpotqa,Llama-3.3-70B-Instruct,Qwen3.6-35B-A3B,1096,0.1077,0.0028
violation+judgment,hotpotqa,Llama-3.3-70B-Instruct,Qwen3.6-35B-A3B,1104,0.1077,0.0027
violation+judgment,hotpotqa,Llama-3.3-70B-Instruct,Qwen3.6-35B-A3B,1112,0.1080,0.0028
violation+judgment,hotpotqa,Llama-3.3-70B-Instruct,Qwen3.6-35B-A3B,1120,0.1081,0.0028
violation+judgment,hotpotqa,Llama-3.3-70B-Instruct,Qwen3.6-35B-A3B,1128,0.1079,0.0028
violation+judgment,hotpotqa,Llama-3.3-70B-Instruct,Qwen3.6-35B-A3B,1136,0.1079,0.0028
violation+judgment,hotpotqa,Llama-3.3-70B-Instruct,Qwen3.6-35B-A3B,1144,0.1076,0.0027
violation+judgment,hotpotqa,Llama-3.3-70B-Instruct,Qwen3.6-35B-A3B,1152,0.1076,0.0027
violation+judgment,hotpotqa,Llama-3.3-70B-Instruct,Qwen3.6-35B-A3B,1160,0.1078,0.0026
violation+judgment,hotpotqa,Llama-3.3-70B-Instruct,Qwen3.6-35B-A3B,1168,0.1076,0.0026
violation+judgment,hotpotqa,Llama-3.3-70B-Instruct,Qwen3.6-35B-A3B,1176,0.1079,0.0026
violation+judgment,hotpotqa,Llama-3.3-70B-Instruct,Qwen3.6-35B-A3B,1184,0.1079,0.0026
violation+judgment,hotpotqa,Llama-3.3-70B-Instruct,Qwen3.6-35B-A3B,1192,0.1081,0.0027
violation+judgment,hotpotqa,Llama-3.3-70B-Instruct,Qwen3.6-35B-A3B,1200,0.1083,0.0027
violation+judgment,hotpotqa,Llama-3.3-70B-Instruct,Qwen3.6-35B-A3B,1208,0.1086,0.0028
violation+judgment,hotpotqa,Llama-3.3-70B-Instruct,Qwen3.6-35B-A3B,1216,0.1085,0.0028
violation+judgment,hotpotqa,Llama-3.3-70B-Instruct,Qwen3.6-35B-A3B,1224,0.1085,0.0028
violation+judgment,hotpotqa,Llama-3.3-70B-Instruct,Qwen3.6-35B-A3B,1232,0.1083,0.0029
violation+judgment,hotpotqa,Llama-3.3-70B-Instruct,Qwen3.6-35B-A3B,1240,0.1085,0.0029
violation+judgment,hotpotqa,Llama-3.3-70B-Instruct,Qwen3.6-35B-A3B,1248,0.1085,0.0029
violation+judgment,hotpotqa,Llama-3.3-70B-Instruct,Qwen3.6-35B-A3B,1256,0.1084,0.0029
violation+judgment,hotpotqa,Llama-3.3-70B-Instruct,Qwen3.6-35B-A3B,1264,0.1087,0.0029
violation+judgment,hotpotqa,Llama-3.3-70B-Instruct,Qwen3.6-35B-A3B,1272,0.1086,0.0028
violation+judgment,hotpotqa,Llama-3.3-70B-Instruct,Qwen3.6-35B-A3B,1280,0.1087,0.0028
violation+judgment,hotpotqa,Llama-3.3-70B-Instruct,Qwen3.6-35B-A3B,1288,0.1088,0.0028
violation+judgment,hotpotqa,Llama-3.3-70B-Instruct,Qwen3.6-35B-A3B,1296,0.1086,0.0027
violation+judgment,hotpotqa,Llama-3.3-70B-Instruct,Qwen3.6-35B-A3B,1304,0.1086,0.0027
violation+judgment,hotpotqa,Llama-3.3-70B-Instruct,Qwen3.6-35B-A3B,1312,0.1086,0.0028
violation+judgment,hotpotqa,Llama-3.3-70B-Instruct,Qwen3.6-35B-A3B,1320,0.1084,0.0028
violation+judgment,hotpotqa,Llama-3.3-70B-Instruct,Qwen3.6-35B-A3B,1328,0.1083,0.0027
violation+judgment,hotpotqa,Llama-3.3-70B-Instruct,Qwen3.6-35B-A3B,1336,0.1082,0.0026
violation+judgment,hotpotqa,Llama-3.3-70B-Instruct,Qwen3.6-35B-A3B,1344,0.1083,0.0026
violation+judgment,hotpotqa,Llama-3.3-70B-Instruct,Qwen3.6-35B-A3B,1352,0.1083,0.0028
violation+judgment,hotpotqa,Llama-3.3-70B-Instruct,Qwen3.6-35B-A3B,1360,0.1084,0.0028
violation+judgment,hotpotqa,Llama-3.3-70B-Instruct,Qwen3.6-35B-A3B,1368,0.1084,0.0027
violation+judgment,hotpotqa,Llama-3.3-70B-Instruct,Qwen3.6-35B-A3B,1376,0.1084,0.0026
violation+judgment,hotpotqa,Llama-3.3-70B-Instruct,Qwen3.6-35B-A3B,1384,0.1083,0.0026
violation+judgment,hotpotqa,Llama-3.3-70B-Instruct,Qwen3.6-35B-A3B,1392,0.1083,0.0026
violation+judgment,hotpotqa,Llama-3.3-70B-Instruct,Qwen3.6-35B-A3B,1400,0.1081,0.0026
violation+judgment,hotpotqa,Llama-3.3-70B-Instruct,Qwen3.6-35B-A3B,1408,0.1081,0.0026
violation+judgment,hotpotqa,Llama-3.3-70B-Instruct,Qwen3.6-35B-A3B,1416,0.1081,0.0026
violation+judgment,hotpotqa,Llama-3.3-70B-Instruct,Qwen3.6-35B-A3B,1424,0.1082,0.0026
violation+judgment,hotpotqa,Llama-3.3-70B-Instruct,Qwen3.6-35B-A3B,1432,0.1082,0.0026
violation+judgment,hotpotqa,Llama-3.3-70B-Instruct,Qwen3.6-35B-A3B,1440,0.1084,0.0027
violation+judgment,hotpotqa,Llama-3.3-70B-Instruct,Qwen3.6-35B-A3B,1448,0.1085,0.0027
violation+judgment,hotpotqa,Llama-3.3-70B-Instruct,Qwen3.6-35B-A3B,1456,0.1085,0.0027
violation+judgment,hotpotqa,Llama-3.3-70B-Instruct,Qwen3.6-35B-A3B,1464,0.1085,0.0027
violation+judgment,hotpotqa,Llama-3.3-70B-Instruct,Qwen3.6-35B-A3B,1472,0.1084,0.0028
violation+judgment,hotpotqa,Llama-3.3-70B-Instruct,Qwen3.6-35B-A3B,1480,0.1084,0.0027
violation+judgment,hotpotqa,Llama-3.3-70B-Instruct,Qwen3.6-35B-A3B,1488,0.1084,0.0027
violation+judgment,hotpotqa,Llama-3.3-70B-Instruct,Qwen3.6-35B-A3B,1496,0.1083,0.0026
violation+judgment,hotpotqa,Llama-3.3-70B-Instruct,Qwen3.6-35B-A3B,1504,0.1083,0.0026
violation+judgment,hotpotqa,Llama-3.3-70B-Instruct,Qwen3.6-35B-A3B,1512,0.1083,0.0027
violation+judgment,hotpotqa,Llama-3.3-70B-Instruct,Qwen3.6-35B-A3B,1520,0.1086,0.0026
violation+judgment,hotpotqa,Llama-3.3-70B-Instruct,Qwen3.6-35B-A3B,1528,0.1084,0.0026
violation+judgment,hotpotqa,Llama-3.3-70B-Instruct,Qwen3.6-35B-A3B,1536,0.1083,0.0027
violation+judgment,hotpotqa,Llama-3.3-70B-Instruct,Qwen3.6-35B-A3B,1544,0.1082,0.0026
violation+judgment,hotpotqa,Llama-3.3-70B-Instruct,Qwen3.6-35B-A3B,1552,0.1084,0.0026
violation+judgment,hotpotqa,Llama-3.3-70B-Instruct,Qwen3.6-35B-A3B,1560,0.1088,0.0026
violation+judgment,hotpotqa,Llama-3.3-70B-Instruct,Qwen3.6-35B-A3B,1568,0.1090,0.0028
violation+judgment,hotpotqa,Llama-3.3-70B-Instruct,Qwen3.6-35B-A3B,1576,0.1089,0.0028
violation+judgment,hotpotqa,Llama-3.3-70B-Instruct,Qwen3.6-35B-A3B,1584,0.1088,0.0028
violation+judgment,hotpotqa,Llama-3.3-70B-Instruct,Qwen3.6-35B-A3B,1592,0.1088,0.0028
violation+judgment,hotpotqa,Llama-3.3-70B-Instruct,Qwen3.6-35B-A3B,1600,0.1092,0.0029
violation+judgment,hotpotqa,Llama-3.3-70B-Instruct,Qwen3.6-35B-A3B,1608,0.1095,0.0029
violation+judgment,hotpotqa,Llama-3.3-70B-Instruct,Qwen3.6-35B-A3B,1616,0.1095,0.0030
violation+judgment,hotpotqa,Llama-3.3-70B-Instruct,Qwen3.6-35B-A3B,1624,0.1095,0.0030
violation+judgment,hotpotqa,Llama-3.3-70B-Instruct,Qwen3.6-35B-A3B,1632,0.1093,0.0029
violation+judgment,hotpotqa,Llama-3.3-70B-Instruct,Qwen3.6-35B-A3B,1640,0.1094,0.0029
violation+judgment,hotpotqa,Llama-3.3-70B-Instruct,Qwen3.6-35B-A3B,1648,0.1097,0.0029
violation+judgment,hotpotqa,Llama-3.3-70B-Instruct,Qwen3.6-35B-A3B,1656,0.1099,0.0030
violation+judgment,hotpotqa,Llama-3.3-70B-Instruct,Qwen3.6-35B-A3B,1664,0.1098,0.0029
violation+judgment,hotpotqa,Llama-3.3-70B-Instruct,Qwen3.6-35B-A3B,1672,0.1101,0.0029
violation+judgment,hotpotqa,Llama-3.3-70B-Instruct,Qwen3.6-35B-A3B,1680,0.1100,0.0030
violation+judgment,hotpotqa,Llama-3.3-70B-Instruct,Qwen3.6-35B-A3B,1688,0.1102,0.0030
violation+judgment,hotpotqa,Llama-3.3-70B-Instruct,Qwen3.6-35B-A3B,1696,0.1105,0.0030
violation+judgment,hotpotqa,Llama-3.3-70B-Instruct,Qwen3.6-35B-A3B,1704,0.1106,0.0030
violation+judgment,hotpotqa,Llama-3.3-70B-Instruct,Qwen3.6-35B-A3B,1712,0.1106,0.0030
violation+judgment,hotpotqa,Llama-3.3-70B-Instruct,Qwen3.6-35B-A3B,1720,0.1105,0.0030
violation+judgment,hotpotqa,Llama-3.3-70B-Instruct,Qwen3.6-35B-A3B,1728,0.1103,0.0031
violation+judgment,hotpotqa,Llama-3.3-70B-Instruct,Qwen3.6-35B-A3B,1736,0.1104,0.0031
violation+judgment,hotpotqa,Llama-3.3-70B-Instruct,Qwen3.6-35B-A3B,1744,0.1104,0.0031
violation+judgment,hotpotqa,Llama-3.3-70B-Instruct,Qwen3.6-35B-A3B,1752,0.1104,0.0030
violation+judgment,hotpotqa,Llama-3.3-70B-Instruct,Qwen3.6-35B-A3B,1760,0.1105,0.0032
violation+judgment,hotpotqa,Llama-3.3-70B-Instruct,Qwen3.6-35B-A3B,1768,0.1105,0.0031
violation+judgment,hotpotqa,Llama-3.3-70B-Instruct,Qwen3.6-35B-A3B,1776,0.1106,0.0032
violation+judgment,hotpotqa,Llama-3.3-70B-Instruct,Qwen3.6-35B-A3B,1784,0.1108,0.0032
violation+judgment,hotpotqa,Llama-3.3-70B-Instruct,gemma-3-4b-it,0,0.3550,0.8520
violation+judgment,hotpotqa,Llama-3.3-70B-Instruct,gemma-3-4b-it,11,0.3550,0.8520
violation+judgment,hotpotqa,Llama-3.3-70B-Instruct,gemma-3-4b-it,22,0.3550,0.8520
violation+judgment,hotpotqa,Llama-3.3-70B-Instruct,gemma-3-4b-it,33,0.3550,0.8520
violation+judgment,hotpotqa,Llama-3.3-70B-Instruct,gemma-3-4b-it,44,0.3550,0.8520
violation+judgment,hotpotqa,Llama-3.3-70B-Instruct,gemma-3-4b-it,55,0.3550,0.8520
violation+judgment,hotpotqa,Llama-3.3-70B-Instruct,gemma-3-4b-it,66,0.3550,0.8520
violation+judgment,hotpotqa,Llama-3.3-70B-Instruct,gemma-3-4b-it,77,0.3550,0.8520
violation+judgment,hotpotqa,Llama-3.3-70B-Instruct,gemma-3-4b-it,88,0.3550,0.8520
violation+judgment,hotpotqa,Llama-3.3-70B-Instruct,gemma-3-4b-it,99,0.3550,0.8520
violation+judgment,hotpotqa,Llama-3.3-70B-Instruct,gemma-3-4b-it,110,0.4891,0.5774
violation+judgment,hotpotqa,Llama-3.3-70B-Instruct,gemma-3-4b-it,121,0.4893,0.5818
violation+judgment,hotpotqa,Llama-3.3-70B-Instruct,gemma-3-4b-it,132,0.4939,0.5855
violation+judgment,hotpotqa,Llama-3.3-70B-Instruct,gemma-3-4b-it,143,0.4869,0.5679
violation+judgment,hotpotqa,Llama-3.3-70B-Instruct,gemma-3-4b-it,154,0.4883,0.5787
violation+judgment,hotpotqa,Llama-3.3-70B-Instruct,gemma-3-4b-it,165,0.4868,0.5565
violation+judgment,hotpotqa,Llama-3.3-70B-Instruct,gemma-3-4b-it,176,0.4928,0.5734
violation+judgment,hotpotqa,Llama-3.3-70B-Instruct,gemma-3-4b-it,187,0.4939,0.5776
violation+judgment,hotpotqa,Llama-3.3-70B-Instruct,gemma-3-4b-it,198,0.4982,0.6026
violation+judgment,hotpotqa,Llama-3.3-70B-Instruct,gemma-3-4b-it,209,0.4949,0.5999
violation+judgment,hotpotqa,Llama-3.3-70B-Instruct,gemma-3-4b-it,220,0.4947,0.6072
violation+judgment,hotpotqa,Llama-3.3-70B-Instruct,gemma-3-4b-it,231,0.4969,0.5986
violation+judgment,hotpotqa,Llama-3.3-70B-Instruct,gemma-3-4b-it,242,0.5025,0.6094
violation+judgment,hotpotqa,Llama-3.3-70B-Instruct,gemma-3-4b-it,253,0.5002,0.5911
violation+judgment,hotpotqa,Llama-3.3-70B-Instruct,gemma-3-4b-it,264,0.4989,0.5813
violation+judgment,hotpotqa,Llama-3.3-70B-Instruct,gemma-3-4b-it,275,0.4971,0.5760
violation+judgment,hotpotqa,Llama-3.3-70B-Instruct,gemma-3-4b-it,286,0.4988,0.5711
violation+judgment,hotpotqa,Llama-3.3-70B-Instruct,gemma-3-4b-it,297,0.4961,0.5691
violation+judgment,hotpotqa,Llama-3.3-70B-Instruct,gemma-3-4b-it,308,0.4923,0.5546
violation+judgment,hotpotqa,Llama-3.3-70B-Instruct,gemma-3-4b-it,319,0.4942,0.5460
violation+judgment,hotpotqa,Llama-3.3-70B-Instruct,gemma-3-4b-it,330,0.4978,0.5656
violation+judgment,hotpotqa,Llama-3.3-70B-Instruct,gemma-3-4b-it,341,0.4986,0.5797
violation+judgment,hotpotqa,Llama-3.3-70B-Instruct,gemma-3-4b-it,352,0.4966,0.5725
violation+judgment,hotpotqa,Llama-3.3-70B-Instruct,gemma-3-4b-it,363,0.4938,0.5684
violation+judgment,hotpotqa,Llama-3.3-70B-Instruct,gemma-3-4b-it,374,0.4938,0.5816
violation+judgment,hotpotqa,Llama-3.3-70B-Instruct,gemma-3-4b-it,385,0.4934,0.5768
violation+judgment,hotpotqa,Llama-3.3-70B-Instruct,gemma-3-4b-it,396,0.4943,0.5801
violation+judgment,hotpotqa,Llama-3.3-70B-Instruct,gemma-3-4b-it,407,0.4955,0.5958
violation+judgment,hotpotqa,Llama-3.3-70B-Instruct,gemma-3-4b-it,418,0.4954,0.5910
violation+judgment,hotpotqa,Llama-3.3-70B-Instruct,gemma-3-4b-it,429,0.4954,0.5880
violation+judgment,hotpotqa,Llama-3.3-70B-Instruct,gemma-3-4b-it,440,0.4959,0.5899
violation+judgment,hotpotqa,Llama-3.3-70B-Instruct,gemma-3-4b-it,451,0.4958,0.5889
violation+judgment,hotpotqa,Llama-3.3-70B-Instruct,gemma-3-4b-it,462,0.4950,0.5845
violation+judgment,hotpotqa,Llama-3.3-70B-Instruct,gemma-3-4b-it,473,0.4947,0.5826
violation+judgment,hotpotqa,Llama-3.3-70B-Instruct,gemma-3-4b-it,484,0.4963,0.5809
violation+judgment,hotpotqa,Llama-3.3-70B-Instruct,gemma-3-4b-it,495,0.4970,0.5820
violation+judgment,hotpotqa,Llama-3.3-70B-Instruct,gemma-3-4b-it,506,0.4959,0.5786
violation+judgment,hotpotqa,Llama-3.3-70B-Instruct,gemma-3-4b-it,517,0.4948,0.5644
violation+judgment,hotpotqa,Llama-3.3-70B-Instruct,gemma-3-4b-it,528,0.4962,0.5744
violation+judgment,hotpotqa,Llama-3.3-70B-Instruct,gemma-3-4b-it,539,0.4961,0.5735
violation+judgment,hotpotqa,Llama-3.3-70B-Instruct,gemma-3-4b-it,550,0.4951,0.5699
violation+judgment,hotpotqa,Llama-3.3-70B-Instruct,gemma-3-4b-it,561,0.4953,0.5741
violation+judgment,hotpotqa,Llama-3.3-70B-Instruct,gemma-3-4b-it,572,0.4946,0.5789
violation+judgment,hotpotqa,Llama-3.3-70B-Instruct,gemma-3-4b-it,583,0.4926,0.5772
violation+judgment,hotpotqa,Llama-3.3-70B-Instruct,gemma-3-4b-it,594,0.4920,0.5716
violation+judgment,hotpotqa,Llama-3.3-70B-Instruct,gemma-3-4b-it,605,0.4920,0.5754
violation+judgment,hotpotqa,Llama-3.3-70B-Instruct,gemma-3-4b-it,616,0.4937,0.5847
violation+judgment,hotpotqa,Llama-3.3-70B-Instruct,gemma-3-4b-it,627,0.4924,0.5833
violation+judgment,hotpotqa,Llama-3.3-70B-Instruct,gemma-3-4b-it,638,0.4934,0.5824
violation+judgment,hotpotqa,Llama-3.3-70B-Instruct,gemma-3-4b-it,649,0.4937,0.5793
violation+judgment,hotpotqa,Llama-3.3-70B-Instruct,gemma-3-4b-it,660,0.4925,0.5809
violation+judgment,hotpotqa,Llama-3.3-70B-Instruct,gemma-3-4b-it,671,0.4907,0.5811
violation+judgment,hotpotqa,Llama-3.3-70B-Instruct,gemma-3-4b-it,682,0.4910,0.5777
violation+judgment,hotpotqa,Llama-3.3-70B-Instruct,gemma-3-4b-it,693,0.4896,0.5684
violation+judgment,hotpotqa,Llama-3.3-70B-Instruct,gemma-3-4b-it,704,0.4884,0.5643
violation+judgment,hotpotqa,Llama-3.3-70B-Instruct,gemma-3-4b-it,715,0.4892,0.5599
violation+judgment,hotpotqa,Llama-3.3-70B-Instruct,gemma-3-4b-it,726,0.4879,0.5507
violation+judgment,hotpotqa,Llama-3.3-70B-Instruct,gemma-3-4b-it,737,0.4885,0.5540
violation+judgment,hotpotqa,Llama-3.3-70B-Instruct,gemma-3-4b-it,748,0.4882,0.5571
violation+judgment,hotpotqa,Llama-3.3-70B-Instruct,gemma-3-4b-it,759,0.4886,0.5587
violation+judgment,hotpotqa,Llama-3.3-70B-Instruct,gemma-3-4b-it,770,0.4890,0.5598
violation+judgment,hotpotqa,Llama-3.3-70B-Instruct,gemma-3-4b-it,781,0.4873,0.5523
violation+judgment,hotpotqa,Llama-3.3-70B-Instruct,gemma-3-4b-it,792,0.4862,0.5382
violation+judgment,hotpotqa,Llama-3.3-70B-Instruct,gemma-3-4b-it,803,0.4870,0.5407
violation+judgment,hotpotqa,Llama-3.3-70B-Instruct,gemma-3-4b-it,814,0.4863,0.5437
violation+judgment,hotpotqa,Llama-3.3-70B-Instruct,gemma-3-4b-it,825,0.4871,0.5448
violation+judgment,hotpotqa,Llama-3.3-70B-Instruct,gemma-3-4b-it,836,0.4874,0.5489
violation+judgment,hotpotqa,Llama-3.3-70B-Instruct,gemma-3-4b-it,847,0.4861,0.5420
violation+judgment,hotpotqa,Llama-3.3-70B-Instruct,gemma-3-4b-it,858,0.4860,0.5455
violation+judgment,hotpotqa,Llama-3.3-70B-Instruct,gemma-3-4b-it,869,0.4855,0.5426
violation+judgment,hotpotqa,Llama-3.3-70B-Instruct,gemma-3-4b-it,880,0.4859,0.5441
violation+judgment,hotpotqa,Llama-3.3-70B-Instruct,gemma-3-4b-it,891,0.4859,0.5419
violation+judgment,hotpotqa,Llama-3.3-70B-Instruct,gemma-3-4b-it,902,0.4856,0.5454
violation+judgment,hotpotqa,Llama-3.3-70B-Instruct,gemma-3-4b-it,913,0.4852,0.5417
violation+judgment,hotpotqa,Llama-3.3-70B-Instruct,gemma-3-4b-it,924,0.4853,0.5458
violation+judgment,hotpotqa,Llama-3.3-70B-Instruct,gemma-3-4b-it,935,0.4849,0.5436
violation+judgment,hotpotqa,Llama-3.3-70B-Instruct,gemma-3-4b-it,946,0.4841,0.5460
violation+judgment,hotpotqa,Llama-3.3-70B-Instruct,gemma-3-4b-it,957,0.4842,0.5455
violation+judgment,hotpotqa,Llama-3.3-70B-Instruct,gemma-3-4b-it,968,0.4844,0.5436
violation+judgment,hotpotqa,Llama-3.3-70B-Instruct,gemma-3-4b-it,979,0.4837,0.5415
violation+judgment,hotpotqa,Llama-3.3-70B-Instruct,gemma-3-4b-it,990,0.4842,0.5443
violation+judgment,hotpotqa,Llama-3.3-70B-Instruct,gemma-3-4b-it,1001,0.4844,0.5407
violation+judgment,hotpotqa,Llama-3.3-70B-Instruct,gemma-3-4b-it,1012,0.4839,0.5380
violation+judgment,hotpotqa,Llama-3.3-70B-Instruct,gemma-3-4b-it,1023,0.4844,0.5353
violation+judgment,hotpotqa,Llama-3.3-70B-Instruct,gemma-3-4b-it,1034,0.4846,0.5392
violation+judgment,hotpotqa,Llama-3.3-70B-Instruct,gemma-3-4b-it,1045,0.4849,0.5352
violation+judgment,hotpotqa,Llama-3.3-70B-Instruct,gemma-3-4b-it,1056,0.4844,0.5326
violation+judgment,hotpotqa,Llama-3.3-70B-Instruct,gemma-3-4b-it,1067,0.4848,0.5338
violation+judgment,hotpotqa,Llama-3.3-70B-Instruct,gemma-3-4b-it,1078,0.4857,0.5332
violation+judgment,hotpotqa,Llama-3.3-70B-Instruct,gemma-3-4b-it,1089,0.4844,0.5379
violation+judgment,hotpotqa,Llama-3.3-70B-Instruct,gemma-3-4b-it,1100,0.4851,0.5415
violation+judgment,hotpotqa,Llama-3.3-70B-Instruct,gemma-3-4b-it,1111,0.4858,0.5406
violation+judgment,hotpotqa,Llama-3.3-70B-Instruct,gemma-3-4b-it,1122,0.4865,0.5447
violation+judgment,hotpotqa,Llama-3.3-70B-Instruct,gemma-3-4b-it,1133,0.4863,0.5487
violation+judgment,hotpotqa,Llama-3.3-70B-Instruct,gemma-3-4b-it,1144,0.4862,0.5451
violation+judgment,hotpotqa,Llama-3.3-70B-Instruct,gemma-3-4b-it,1155,0.4862,0.5462
violation+judgment,hotpotqa,Llama-3.3-70B-Instruct,gemma-3-4b-it,1166,0.4858,0.5443
violation+judgment,hotpotqa,Llama-3.3-70B-Instruct,gemma-3-4b-it,1177,0.4854,0.5398
violation+judgment,hotpotqa,Llama-3.3-70B-Instruct,gemma-3-4b-it,1188,0.4862,0.5365
violation+judgment,hotpotqa,Llama-3.3-70B-Instruct,gemma-3-4b-it,1199,0.4869,0.5369
violation+judgment,hotpotqa,Llama-3.3-70B-Instruct,gemma-3-4b-it,1210,0.4863,0.5378
violation+judgment,hotpotqa,Llama-3.3-70B-Instruct,gemma-3-4b-it,1221,0.4866,0.5383
violation+judgment,hotpotqa,Llama-3.3-70B-Instruct,gemma-3-4b-it,1232,0.4860,0.5360
violation+judgment,hotpotqa,Llama-3.3-70B-Instruct,gemma-3-4b-it,1243,0.4854,0.5341
violation+judgment,hotpotqa,Llama-3.3-70B-Instruct,gemma-3-4b-it,1254,0.4848,0.5379
violation+judgment,hotpotqa,Llama-3.3-70B-Instruct,gemma-3-4b-it,1265,0.4841,0.5373
violation+judgment,hotpotqa,Llama-3.3-70B-Instruct,gemma-3-4b-it,1276,0.4841,0.5397
violation+judgment,hotpotqa,Llama-3.3-70B-Instruct,gemma-3-4b-it,1287,0.4837,0.5373
violation+judgment,hotpotqa,Llama-3.3-70B-Instruct,gemma-3-4b-it,1298,0.4838,0.5420
violation+judgment,hotpotqa,Llama-3.3-70B-Instruct,gemma-3-4b-it,1309,0.4829,0.5410
violation+judgment,hotpotqa,Llama-3.3-70B-Instruct,gemma-3-4b-it,1320,0.4831,0.5381
violation+judgment,hotpotqa,Llama-3.3-70B-Instruct,gemma-3-4b-it,1331,0.4833,0.5371
violation+judgment,hotpotqa,Llama-3.3-70B-Instruct,gemma-3-4b-it,1342,0.4831,0.5400
violation+judgment,hotpotqa,Llama-3.3-70B-Instruct,gemma-3-4b-it,1353,0.4829,0.5370
violation+judgment,hotpotqa,Llama-3.3-70B-Instruct,gemma-3-4b-it,1364,0.4830,0.5312
violation+judgment,hotpotqa,Llama-3.3-70B-Instruct,gemma-3-4b-it,1375,0.4834,0.5347
violation+judgment,hotpotqa,Llama-3.3-70B-Instruct,gemma-3-4b-it,1386,0.4829,0.5339
violation+judgment,hotpotqa,Llama-3.3-70B-Instruct,gemma-3-4b-it,1397,0.4828,0.5325
violation+judgment,hotpotqa,Llama-3.3-70B-Instruct,gemma-3-4b-it,1408,0.4828,0.5373
violation+judgment,hotpotqa,Llama-3.3-70B-Instruct,gemma-3-4b-it,1419,0.4831,0.5361
violation+judgment,hotpotqa,Llama-3.3-70B-Instruct,gemma-3-4b-it,1430,0.4834,0.5417
violation+judgment,hotpotqa,Llama-3.3-70B-Instruct,gemma-3-4b-it,1441,0.4838,0.5408
violation+judgment,hotpotqa,Llama-3.3-70B-Instruct,gemma-3-4b-it,1452,0.4842,0.5451
violation+judgment,hotpotqa,Llama-3.3-70B-Instruct,gemma-3-4b-it,1463,0.4845,0.5444
violation+judgment,hotpotqa,Llama-3.3-70B-Instruct,gemma-3-4b-it,1474,0.4840,0.5402
violation+judgment,hotpotqa,Llama-3.3-70B-Instruct,gemma-3-4b-it,1485,0.4841,0.5363
violation+judgment,hotpotqa,Llama-3.3-70B-Instruct,gemma-3-4b-it,1496,0.4837,0.5350
violation+judgment,hotpotqa,Llama-3.3-70B-Instruct,gemma-3-4b-it,1507,0.4834,0.5338
violation+judgment,hotpotqa,Llama-3.3-70B-Instruct,gemma-3-4b-it,1518,0.4835,0.5362
violation+judgment,hotpotqa,Llama-3.3-70B-Instruct,gemma-3-4b-it,1529,0.4839,0.5426
violation+judgment,hotpotqa,Llama-3.3-70B-Instruct,gemma-3-4b-it,1540,0.4840,0.5417
violation+judgment,hotpotqa,Llama-3.3-70B-Instruct,gemma-3-4b-it,1551,0.4835,0.5400
violation+judgment,hotpotqa,Llama-3.3-70B-Instruct,gemma-3-4b-it,1562,0.4830,0.5298
violation+judgment,hotpotqa,Llama-3.3-70B-Instruct,gemma-3-4b-it,1573,0.4829,0.5336
violation+judgment,hotpotqa,Llama-3.3-70B-Instruct,gemma-3-4b-it,1584,0.4830,0.5363
violation+judgment,hotpotqa,Llama-3.3-70B-Instruct,gemma-3-4b-it,1595,0.4826,0.5391
violation+judgment,hotpotqa,Llama-3.3-70B-Instruct,gemma-3-4b-it,1606,0.4827,0.5421
violation+judgment,hotpotqa,Llama-3.3-70B-Instruct,gemma-3-4b-it,1617,0.4827,0.5439
violation+judgment,hotpotqa,Llama-3.3-70B-Instruct,gemma-3-4b-it,1628,0.4822,0.5353
violation+judgment,hotpotqa,Llama-3.3-70B-Instruct,gemma-3-4b-it,1639,0.4822,0.5385
violation+judgment,hotpotqa,Llama-3.3-70B-Instruct,gemma-3-4b-it,1650,0.4825,0.5422
violation+judgment,hotpotqa,Llama-3.3-70B-Instruct,gemma-3-4b-it,1661,0.4830,0.5432
violation+judgment,hotpotqa,Llama-3.3-70B-Instruct,gemma-3-4b-it,1672,0.4830,0.5424
violation+judgment,hotpotqa,Llama-3.3-70B-Instruct,gemma-3-4b-it,1683,0.4832,0.5432
violation+judgment,hotpotqa,Llama-3.3-70B-Instruct,gemma-3-4b-it,1694,0.4836,0.5460
violation+judgment,hotpotqa,Llama-3.3-70B-Instruct,gemma-3-4b-it,1705,0.4830,0.5422
violation+judgment,hotpotqa,Llama-3.3-70B-Instruct,gemma-3-4b-it,1716,0.4825,0.5427
violation+judgment,hotpotqa,Llama-3.3-70B-Instruct,gemma-3-4b-it,1727,0.4821,0.5398
violation+judgment,hotpotqa,Llama-3.3-70B-Instruct,gemma-3-4b-it,1738,0.4821,0.5383
violation+judgment,hotpotqa,Llama-3.3-70B-Instruct,gemma-3-4b-it,1749,0.4820,0.5366
violation+judgment,hotpotqa,Llama-3.3-70B-Instruct,gemma-3-4b-it,1760,0.4817,0.5410
violation+judgment,hotpotqa,Llama-3.3-70B-Instruct,gemma-3-4b-it,1771,0.4817,0.5467
violation+judgment,hotpotqa,Llama-3.3-70B-Instruct,gemma-3-4b-it,1782,0.4820,0.5509
violation+judgment,hotpotqa,Llama-3.3-70B-Instruct,gemma-3-4b-it,1793,0.4825,0.5514
violation+judgment,hotpotqa,Llama-3.3-70B-Instruct,gemma-3-4b-it,1804,0.4825,0.5481
violation+judgment,hotpotqa,Llama-3.3-70B-Instruct,gemma-3-4b-it,1815,0.4828,0.5502
violation+judgment,hotpotqa,Llama-3.3-70B-Instruct,gemma-3-4b-it,1826,0.4827,0.5474
violation+judgment,hotpotqa,Llama-3.3-70B-Instruct,gemma-3-4b-it,1837,0.4827,0.5481
violation+judgment,hotpotqa,Llama-3.3-70B-Instruct,gemma-3-4b-it,1848,0.4827,0.5483
violation+judgment,hotpotqa,Llama-3.3-70B-Instruct,gemma-3-4b-it,1859,0.4827,0.5542
violation+judgment,hotpotqa,Llama-3.3-70B-Instruct,gemma-3-4b-it,1870,0.4821,0.5502
violation+judgment,hotpotqa,Llama-3.3-70B-Instruct,gemma-3-4b-it,1881,0.4822,0.5537
violation+judgment,hotpotqa,Llama-3.3-70B-Instruct,gemma-3-4b-it,1892,0.4823,0.5512
violation+judgment,hotpotqa,Llama-3.3-70B-Instruct,gemma-3-4b-it,1903,0.4819,0.5513
violation+judgment,hotpotqa,Llama-3.3-70B-Instruct,gemma-3-4b-it,1914,0.4816,0.5499
violation+judgment,hotpotqa,Llama-3.3-70B-Instruct,gemma-3-4b-it,1925,0.4822,0.5514
violation+judgment,hotpotqa,Llama-3.3-70B-Instruct,gemma-3-4b-it,1936,0.4820,0.5544
violation+judgment,hotpotqa,Llama-3.3-70B-Instruct,gemma-3-4b-it,1947,0.4817,0.5528
violation+judgment,hotpotqa,Llama-3.3-70B-Instruct,gemma-3-4b-it,1958,0.4823,0.5546
violation+judgment,hotpotqa,Llama-3.3-70B-Instruct,gemma-3-4b-it,1969,0.4824,0.5493
violation+judgment,hotpotqa,Llama-3.3-70B-Instruct,gemma-3-4b-it,1980,0.4824,0.5529
violation+judgment,hotpotqa,Llama-3.3-70B-Instruct,gemma-3-4b-it,1991,0.4824,0.5506
violation+judgment,hotpotqa,Llama-3.3-70B-Instruct,gemma-3-4b-it,2002,0.4823,0.5469
violation+judgment,hotpotqa,Llama-3.3-70B-Instruct,gemma-3-4b-it,2013,0.4825,0.5505
violation+judgment,hotpotqa,Llama-3.3-70B-Instruct,gemma-3-4b-it,2024,0.4823,0.5506
violation+judgment,hotpotqa,Llama-3.3-70B-Instruct,gemma-3-4b-it,2035,0.4823,0.5541
violation+judgment,hotpotqa,Llama-3.3-70B-Instruct,gemma-3-4b-it,2046,0.4817,0.5504
violation+judgment,hotpotqa,Llama-3.3-70B-Instruct,gemma-3-4b-it,2057,0.4819,0.5520
violation+judgment,hotpotqa,Llama-3.3-70B-Instruct,gemma-3-4b-it,2068,0.4821,0.5554
violation+judgment,hotpotqa,Llama-3.3-70B-Instruct,gemma-3-4b-it,2079,0.4821,0.5545
violation+judgment,hotpotqa,Llama-3.3-70B-Instruct,gemma-3-4b-it,2090,0.4823,0.5542
violation+judgment,hotpotqa,Llama-3.3-70B-Instruct,gemma-3-4b-it,2101,0.4825,0.5529
violation+judgment,hotpotqa,Llama-3.3-70B-Instruct,gemma-3-4b-it,2112,0.4825,0.5537
violation+judgment,hotpotqa,Llama-3.3-70B-Instruct,gemma-3-4b-it,2123,0.4828,0.5582
violation+judgment,hotpotqa,Llama-3.3-70B-Instruct,gemma-3-4b-it,2134,0.4832,0.5590
violation+judgment,hotpotqa,Llama-3.3-70B-Instruct,gemma-3-4b-it,2145,0.4826,0.5556
violation+judgment,hotpotqa,Llama-3.3-70B-Instruct,gemma-3-4b-it,2156,0.4824,0.5580
violation+judgment,hotpotqa,Llama-3.3-70B-Instruct,gemma-3-4b-it,2167,0.4819,0.5583
violation+judgment,hotpotqa,Llama-3.3-70B-Instruct,gemma-3-4b-it,2178,0.4816,0.5596
violation+judgment,hotpotqa,Llama-3.3-70B-Instruct,gemma-3-4b-it,2189,0.4814,0.5612
violation+judgment,hotpotqa,Llama-3.3-70B-Instruct,gemma-3-4b-it,2200,0.4813,0.5603
violation+judgment,hotpotqa,Llama-3.3-70B-Instruct,gemma-3-4b-it,2211,0.4816,0.5622
violation+judgment,hotpotqa,Llama-3.3-70B-Instruct,gemma-3-4b-it,2222,0.4815,0.5622
violation+judgment,hotpotqa,Llama-3.3-70B-Instruct,gemma-3-4b-it,2233,0.4819,0.5622
violation+judgment,hotpotqa,Llama-3.3-70B-Instruct,gemma-3-4b-it,2244,0.4824,0.5622
violation+judgment,hotpotqa,Qwen3.6-35B-A3B,Llama-3.3-70B-Instruct,0,0.4295,0.7974
violation+judgment,hotpotqa,Qwen3.6-35B-A3B,Llama-3.3-70B-Instruct,9,0.4295,0.7974
violation+judgment,hotpotqa,Qwen3.6-35B-A3B,Llama-3.3-70B-Instruct,18,0.4295,0.7974
violation+judgment,hotpotqa,Qwen3.6-35B-A3B,Llama-3.3-70B-Instruct,27,0.4295,0.7974
violation+judgment,hotpotqa,Qwen3.6-35B-A3B,Llama-3.3-70B-Instruct,36,0.4295,0.7974
violation+judgment,hotpotqa,Qwen3.6-35B-A3B,Llama-3.3-70B-Instruct,45,0.4295,0.7974
violation+judgment,hotpotqa,Qwen3.6-35B-A3B,Llama-3.3-70B-Instruct,54,0.4295,0.7974
violation+judgment,hotpotqa,Qwen3.6-35B-A3B,Llama-3.3-70B-Instruct,63,0.4295,0.7974
violation+judgment,hotpotqa,Qwen3.6-35B-A3B,Llama-3.3-70B-Instruct,72,0.4295,0.7974
violation+judgment,hotpotqa,Qwen3.6-35B-A3B,Llama-3.3-70B-Instruct,81,0.4295,0.7974
violation+judgment,hotpotqa,Qwen3.6-35B-A3B,Llama-3.3-70B-Instruct,90,0.4295,0.7974
violation+judgment,hotpotqa,Qwen3.6-35B-A3B,Llama-3.3-70B-Instruct,99,0.4295,0.7974
violation+judgment,hotpotqa,Qwen3.6-35B-A3B,Llama-3.3-70B-Instruct,108,0.2358,0.6646
violation+judgment,hotpotqa,Qwen3.6-35B-A3B,Llama-3.3-70B-Instruct,117,0.2357,0.6639
violation+judgment,hotpotqa,Qwen3.6-35B-A3B,Llama-3.3-70B-Instruct,126,0.2373,0.6604
violation+judgment,hotpotqa,Qwen3.6-35B-A3B,Llama-3.3-70B-Instruct,135,0.2392,0.6629
violation+judgment,hotpotqa,Qwen3.6-35B-A3B,Llama-3.3-70B-Instruct,144,0.2386,0.6640
violation+judgment,hotpotqa,Qwen3.6-35B-A3B,Llama-3.3-70B-Instruct,153,0.2441,0.6581
violation+judgment,hotpotqa,Qwen3.6-35B-A3B,Llama-3.3-70B-Instruct,162,0.2448,0.6603
violation+judgment,hotpotqa,Qwen3.6-35B-A3B,Llama-3.3-70B-Instruct,171,0.2469,0.6626
violation+judgment,hotpotqa,Qwen3.6-35B-A3B,Llama-3.3-70B-Instruct,180,0.2493,0.6568
violation+judgment,hotpotqa,Qwen3.6-35B-A3B,Llama-3.3-70B-Instruct,189,0.2471,0.6577
violation+judgment,hotpotqa,Qwen3.6-35B-A3B,Llama-3.3-70B-Instruct,198,0.2488,0.6579
violation+judgment,hotpotqa,Qwen3.6-35B-A3B,Llama-3.3-70B-Instruct,207,0.2474,0.6601
violation+judgment,hotpotqa,Qwen3.6-35B-A3B,Llama-3.3-70B-Instruct,216,0.2453,0.6607
violation+judgment,hotpotqa,Qwen3.6-35B-A3B,Llama-3.3-70B-Instruct,225,0.2439,0.6621
violation+judgment,hotpotqa,Qwen3.6-35B-A3B,Llama-3.3-70B-Instruct,234,0.2419,0.6593
violation+judgment,hotpotqa,Qwen3.6-35B-A3B,Llama-3.3-70B-Instruct,243,0.2413,0.6586
violation+judgment,hotpotqa,Qwen3.6-35B-A3B,Llama-3.3-70B-Instruct,252,0.2394,0.6580
violation+judgment,hotpotqa,Qwen3.6-35B-A3B,Llama-3.3-70B-Instruct,261,0.2398,0.6609
violation+judgment,hotpotqa,Qwen3.6-35B-A3B,Llama-3.3-70B-Instruct,270,0.2406,0.6634
violation+judgment,hotpotqa,Qwen3.6-35B-A3B,Llama-3.3-70B-Instruct,279,0.2394,0.6637
violation+judgment,hotpotqa,Qwen3.6-35B-A3B,Llama-3.3-70B-Instruct,288,0.2406,0.6657
violation+judgment,hotpotqa,Qwen3.6-35B-A3B,Llama-3.3-70B-Instruct,297,0.2400,0.6639
violation+judgment,hotpotqa,Qwen3.6-35B-A3B,Llama-3.3-70B-Instruct,306,0.2399,0.6613
violation+judgment,hotpotqa,Qwen3.6-35B-A3B,Llama-3.3-70B-Instruct,315,0.2390,0.6590
violation+judgment,hotpotqa,Qwen3.6-35B-A3B,Llama-3.3-70B-Instruct,324,0.2398,0.6593
violation+judgment,hotpotqa,Qwen3.6-35B-A3B,Llama-3.3-70B-Instruct,333,0.2399,0.6607
violation+judgment,hotpotqa,Qwen3.6-35B-A3B,Llama-3.3-70B-Instruct,342,0.2408,0.6609
violation+judgment,hotpotqa,Qwen3.6-35B-A3B,Llama-3.3-70B-Instruct,351,0.2402,0.6576
violation+judgment,hotpotqa,Qwen3.6-35B-A3B,Llama-3.3-70B-Instruct,360,0.2409,0.6576
violation+judgment,hotpotqa,Qwen3.6-35B-A3B,Llama-3.3-70B-Instruct,369,0.2411,0.6614
violation+judgment,hotpotqa,Qwen3.6-35B-A3B,Llama-3.3-70B-Instruct,378,0.2408,0.6633
violation+judgment,hotpotqa,Qwen3.6-35B-A3B,Llama-3.3-70B-Instruct,387,0.2396,0.6628
violation+judgment,hotpotqa,Qwen3.6-35B-A3B,Llama-3.3-70B-Instruct,396,0.2397,0.6645
violation+judgment,hotpotqa,Qwen3.6-35B-A3B,Llama-3.3-70B-Instruct,405,0.2412,0.6646
violation+judgment,hotpotqa,Qwen3.6-35B-A3B,Llama-3.3-70B-Instruct,414,0.2423,0.6646
violation+judgment,hotpotqa,Qwen3.6-35B-A3B,Llama-3.3-70B-Instruct,423,0.2421,0.6637
violation+judgment,hotpotqa,Qwen3.6-35B-A3B,Llama-3.3-70B-Instruct,432,0.2425,0.6644
violation+judgment,hotpotqa,Qwen3.6-35B-A3B,Llama-3.3-70B-Instruct,441,0.2433,0.6626
violation+judgment,hotpotqa,Qwen3.6-35B-A3B,Llama-3.3-70B-Instruct,450,0.2437,0.6625
violation+judgment,hotpotqa,Qwen3.6-35B-A3B,Llama-3.3-70B-Instruct,459,0.2437,0.6627
violation+judgment,hotpotqa,Qwen3.6-35B-A3B,Llama-3.3-70B-Instruct,468,0.2432,0.6641
violation+judgment,hotpotqa,Qwen3.6-35B-A3B,Llama-3.3-70B-Instruct,477,0.2448,0.6654
violation+judgment,hotpotqa,Qwen3.6-35B-A3B,Llama-3.3-70B-Instruct,486,0.2439,0.6668
violation+judgment,hotpotqa,Qwen3.6-35B-A3B,Llama-3.3-70B-Instruct,495,0.2445,0.6645
violation+judgment,hotpotqa,Qwen3.6-35B-A3B,Llama-3.3-70B-Instruct,504,0.2434,0.6635
violation+judgment,hotpotqa,Qwen3.6-35B-A3B,Llama-3.3-70B-Instruct,513,0.2421,0.6667
violation+judgment,hotpotqa,Qwen3.6-35B-A3B,Llama-3.3-70B-Instruct,522,0.2427,0.6665
violation+judgment,hotpotqa,Qwen3.6-35B-A3B,Llama-3.3-70B-Instruct,531,0.2420,0.6630
violation+judgment,hotpotqa,Qwen3.6-35B-A3B,Llama-3.3-70B-Instruct,540,0.2406,0.6652
violation+judgment,hotpotqa,Qwen3.6-35B-A3B,Llama-3.3-70B-Instruct,549,0.2399,0.6633
violation+judgment,hotpotqa,Qwen3.6-35B-A3B,Llama-3.3-70B-Instruct,558,0.2404,0.6630
violation+judgment,hotpotqa,Qwen3.6-35B-A3B,Llama-3.3-70B-Instruct,567,0.2401,0.6649
violation+judgment,hotpotqa,Qwen3.6-35B-A3B,Llama-3.3-70B-Instruct,576,0.2402,0.6649
violation+judgment,hotpotqa,Qwen3.6-35B-A3B,Llama-3.3-70B-Instruct,585,0.2399,0.6653
violation+judgment,hotpotqa,Qwen3.6-35B-A3B,Llama-3.3-70B-Instruct,594,0.2385,0.6658
violation+judgment,hotpotqa,Qwen3.6-35B-A3B,Llama-3.3-70B-Instruct,603,0.2381,0.6657
violation+judgment,hotpotqa,Qwen3.6-35B-A3B,Llama-3.3-70B-Instruct,612,0.2386,0.6658
violation+judgment,hotpotqa,Qwen3.6-35B-A3B,Llama-3.3-70B-Instruct,621,0.2386,0.6657
violation+judgment,hotpotqa,Qwen3.6-35B-A3B,Llama-3.3-70B-Instruct,630,0.2375,0.6657
violation+judgment,hotpotqa,Qwen3.6-35B-A3B,Llama-3.3-70B-Instruct,639,0.2386,0.6699
violation+judgment,hotpotqa,Qwen3.6-35B-A3B,Llama-3.3-70B-Instruct,648,0.2391,0.6685
violation+judgment,hotpotqa,Qwen3.6-35B-A3B,Llama-3.3-70B-Instruct,657,0.2395,0.6694
violation+judgment,hotpotqa,Qwen3.6-35B-A3B,Llama-3.3-70B-Instruct,666,0.2387,0.6706
violation+judgment,hotpotqa,Qwen3.6-35B-A3B,Llama-3.3-70B-Instruct,675,0.2387,0.6688
violation+judgment,hotpotqa,Qwen3.6-35B-A3B,Llama-3.3-70B-Instruct,684,0.2395,0.6700
violation+judgment,hotpotqa,Qwen3.6-35B-A3B,Llama-3.3-70B-Instruct,693,0.2392,0.6703
violation+judgment,hotpotqa,Qwen3.6-35B-A3B,Llama-3.3-70B-Instruct,702,0.2396,0.6689
violation+judgment,hotpotqa,Qwen3.6-35B-A3B,Llama-3.3-70B-Instruct,711,0.2410,0.6687
violation+judgment,hotpotqa,Qwen3.6-35B-A3B,Llama-3.3-70B-Instruct,720,0.2410,0.6687
violation+judgment,hotpotqa,Qwen3.6-35B-A3B,Llama-3.3-70B-Instruct,729,0.2412,0.6707
violation+judgment,hotpotqa,Qwen3.6-35B-A3B,Llama-3.3-70B-Instruct,738,0.2422,0.6707
violation+judgment,hotpotqa,Qwen3.6-35B-A3B,Llama-3.3-70B-Instruct,747,0.2422,0.6685
violation+judgment,hotpotqa,Qwen3.6-35B-A3B,Llama-3.3-70B-Instruct,756,0.2415,0.6684
violation+judgment,hotpotqa,Qwen3.6-35B-A3B,Llama-3.3-70B-Instruct,765,0.2423,0.6683
violation+judgment,hotpotqa,Qwen3.6-35B-A3B,Llama-3.3-70B-Instruct,774,0.2411,0.6683
violation+judgment,hotpotqa,Qwen3.6-35B-A3B,Llama-3.3-70B-Instruct,783,0.2403,0.6683
violation+judgment,hotpotqa,Qwen3.6-35B-A3B,Llama-3.3-70B-Instruct,792,0.2398,0.6683
violation+judgment,hotpotqa,Qwen3.6-35B-A3B,Llama-3.3-70B-Instruct,801,0.2398,0.6683
violation+judgment,hotpotqa,Qwen3.6-35B-A3B,Llama-3.3-70B-Instruct,810,0.2401,0.6665
violation+judgment,hotpotqa,Qwen3.6-35B-A3B,Llama-3.3-70B-Instruct,819,0.2399,0.6659
violation+judgment,hotpotqa,Qwen3.6-35B-A3B,Llama-3.3-70B-Instruct,828,0.2401,0.6659
violation+judgment,hotpotqa,Qwen3.6-35B-A3B,Llama-3.3-70B-Instruct,837,0.2406,0.6664
violation+judgment,hotpotqa,Qwen3.6-35B-A3B,Llama-3.3-70B-Instruct,846,0.2420,0.6678
violation+judgment,hotpotqa,Qwen3.6-35B-A3B,Llama-3.3-70B-Instruct,855,0.2422,0.6684
violation+judgment,hotpotqa,Qwen3.6-35B-A3B,Llama-3.3-70B-Instruct,864,0.2420,0.6684
violation+judgment,hotpotqa,Qwen3.6-35B-A3B,Llama-3.3-70B-Instruct,873,0.2420,0.6683
violation+judgment,hotpotqa,Qwen3.6-35B-A3B,Llama-3.3-70B-Instruct,882,0.2426,0.6685
violation+judgment,hotpotqa,Qwen3.6-35B-A3B,Llama-3.3-70B-Instruct,891,0.2424,0.6683
violation+judgment,hotpotqa,Qwen3.6-35B-A3B,Llama-3.3-70B-Instruct,900,0.2427,0.6678
violation+judgment,hotpotqa,Qwen3.6-35B-A3B,Llama-3.3-70B-Instruct,909,0.2426,0.6660
violation+judgment,hotpotqa,Qwen3.6-35B-A3B,Llama-3.3-70B-Instruct,918,0.2426,0.6657
violation+judgment,hotpotqa,Qwen3.6-35B-A3B,Llama-3.3-70B-Instruct,927,0.2430,0.6657
violation+judgment,hotpotqa,Qwen3.6-35B-A3B,Llama-3.3-70B-Instruct,936,0.2436,0.6658
violation+judgment,hotpotqa,Qwen3.6-35B-A3B,Llama-3.3-70B-Instruct,945,0.2437,0.6667
violation+judgment,hotpotqa,Qwen3.6-35B-A3B,Llama-3.3-70B-Instruct,954,0.2430,0.6680
violation+judgment,hotpotqa,Qwen3.6-35B-A3B,Llama-3.3-70B-Instruct,963,0.2422,0.6692
violation+judgment,hotpotqa,Qwen3.6-35B-A3B,Llama-3.3-70B-Instruct,972,0.2419,0.6697
violation+judgment,hotpotqa,Qwen3.6-35B-A3B,Llama-3.3-70B-Instruct,981,0.2421,0.6698
violation+judgment,hotpotqa,Qwen3.6-35B-A3B,Llama-3.3-70B-Instruct,990,0.2430,0.6698
violation+judgment,hotpotqa,Qwen3.6-35B-A3B,Llama-3.3-70B-Instruct,999,0.2430,0.6696
violation+judgment,hotpotqa,Qwen3.6-35B-A3B,Llama-3.3-70B-Instruct,1008,0.2426,0.6676
violation+judgment,hotpotqa,Qwen3.6-35B-A3B,Llama-3.3-70B-Instruct,1017,0.2426,0.6682
violation+judgment,hotpotqa,Qwen3.6-35B-A3B,Llama-3.3-70B-Instruct,1026,0.2431,0.6677
violation+judgment,hotpotqa,Qwen3.6-35B-A3B,Llama-3.3-70B-Instruct,1035,0.2432,0.6666
violation+judgment,hotpotqa,Qwen3.6-35B-A3B,Llama-3.3-70B-Instruct,1044,0.2435,0.6658
violation+judgment,hotpotqa,Qwen3.6-35B-A3B,Llama-3.3-70B-Instruct,1053,0.2432,0.6660
violation+judgment,hotpotqa,Qwen3.6-35B-A3B,Llama-3.3-70B-Instruct,1062,0.2440,0.6660
violation+judgment,hotpotqa,Qwen3.6-35B-A3B,Llama-3.3-70B-Instruct,1071,0.2435,0.6674
violation+judgment,hotpotqa,Qwen3.6-35B-A3B,Llama-3.3-70B-Instruct,1080,0.2425,0.6676
violation+judgment,hotpotqa,Qwen3.6-35B-A3B,Llama-3.3-70B-Instruct,1089,0.2421,0.6687
violation+judgment,hotpotqa,Qwen3.6-35B-A3B,Llama-3.3-70B-Instruct,1098,0.2415,0.6677
violation+judgment,hotpotqa,Qwen3.6-35B-A3B,Llama-3.3-70B-Instruct,1107,0.2416,0.6676
violation+judgment,hotpotqa,Qwen3.6-35B-A3B,Llama-3.3-70B-Instruct,1116,0.2418,0.6674
violation+judgment,hotpotqa,Qwen3.6-35B-A3B,Llama-3.3-70B-Instruct,1125,0.2419,0.6675
violation+judgment,hotpotqa,Qwen3.6-35B-A3B,Llama-3.3-70B-Instruct,1134,0.2423,0.6721
violation+judgment,hotpotqa,Qwen3.6-35B-A3B,Llama-3.3-70B-Instruct,1143,0.2423,0.6738
violation+judgment,hotpotqa,Qwen3.6-35B-A3B,Llama-3.3-70B-Instruct,1152,0.2413,0.6724
violation+judgment,hotpotqa,Qwen3.6-35B-A3B,Llama-3.3-70B-Instruct,1161,0.2414,0.6726
violation+judgment,hotpotqa,Qwen3.6-35B-A3B,Llama-3.3-70B-Instruct,1170,0.2412,0.6743
violation+judgment,hotpotqa,Qwen3.6-35B-A3B,Llama-3.3-70B-Instruct,1179,0.2414,0.6749
violation+judgment,hotpotqa,Qwen3.6-35B-A3B,Llama-3.3-70B-Instruct,1188,0.2413,0.6748
violation+judgment,hotpotqa,Qwen3.6-35B-A3B,Llama-3.3-70B-Instruct,1197,0.2417,0.6747
violation+judgment,hotpotqa,Qwen3.6-35B-A3B,Llama-3.3-70B-Instruct,1206,0.2420,0.6748
violation+judgment,hotpotqa,Qwen3.6-35B-A3B,Llama-3.3-70B-Instruct,1215,0.2421,0.6750
violation+judgment,hotpotqa,Qwen3.6-35B-A3B,Llama-3.3-70B-Instruct,1224,0.2421,0.6754
violation+judgment,hotpotqa,Qwen3.6-35B-A3B,Llama-3.3-70B-Instruct,1233,0.2418,0.6753
violation+judgment,hotpotqa,Qwen3.6-35B-A3B,Llama-3.3-70B-Instruct,1242,0.2419,0.6756
violation+judgment,hotpotqa,Qwen3.6-35B-A3B,Llama-3.3-70B-Instruct,1251,0.2419,0.6755
violation+judgment,hotpotqa,Qwen3.6-35B-A3B,Llama-3.3-70B-Instruct,1260,0.2422,0.6741
violation+judgment,hotpotqa,Qwen3.6-35B-A3B,Llama-3.3-70B-Instruct,1269,0.2419,0.6733
violation+judgment,hotpotqa,Qwen3.6-35B-A3B,Llama-3.3-70B-Instruct,1278,0.2417,0.6731
violation+judgment,hotpotqa,Qwen3.6-35B-A3B,Llama-3.3-70B-Instruct,1287,0.2422,0.6744
violation+judgment,hotpotqa,Qwen3.6-35B-A3B,Llama-3.3-70B-Instruct,1296,0.2428,0.6754
violation+judgment,hotpotqa,Qwen3.6-35B-A3B,Llama-3.3-70B-Instruct,1305,0.2429,0.6754
violation+judgment,hotpotqa,Qwen3.6-35B-A3B,Llama-3.3-70B-Instruct,1314,0.2432,0.6734
violation+judgment,hotpotqa,Qwen3.6-35B-A3B,Llama-3.3-70B-Instruct,1323,0.2430,0.6742
violation+judgment,hotpotqa,Qwen3.6-35B-A3B,Llama-3.3-70B-Instruct,1332,0.2436,0.6738
violation+judgment,hotpotqa,Qwen3.6-35B-A3B,Llama-3.3-70B-Instruct,1341,0.2430,0.6750
violation+judgment,hotpotqa,Qwen3.6-35B-A3B,Llama-3.3-70B-Instruct,1350,0.2431,0.6752
violation+judgment,hotpotqa,Qwen3.6-35B-A3B,Llama-3.3-70B-Instruct,1359,0.2426,0.6753
violation+judgment,hotpotqa,Qwen3.6-35B-A3B,Llama-3.3-70B-Instruct,1368,0.2429,0.6755
violation+judgment,hotpotqa,Qwen3.6-35B-A3B,Llama-3.3-70B-Instruct,1377,0.2425,0.6755
violation+judgment,hotpotqa,Qwen3.6-35B-A3B,Llama-3.3-70B-Instruct,1386,0.2425,0.6753
violation+judgment,hotpotqa,Qwen3.6-35B-A3B,Llama-3.3-70B-Instruct,1395,0.2420,0.6753
violation+judgment,hotpotqa,Qwen3.6-35B-A3B,Llama-3.3-70B-Instruct,1404,0.2421,0.6753
violation+judgment,hotpotqa,Qwen3.6-35B-A3B,Llama-3.3-70B-Instruct,1413,0.2421,0.6752
violation+judgment,hotpotqa,Qwen3.6-35B-A3B,Llama-3.3-70B-Instruct,1422,0.2422,0.6753
violation+judgment,hotpotqa,Qwen3.6-35B-A3B,Llama-3.3-70B-Instruct,1431,0.2424,0.6754
violation+judgment,hotpotqa,Qwen3.6-35B-A3B,Llama-3.3-70B-Instruct,1440,0.2422,0.6756
violation+judgment,hotpotqa,Qwen3.6-35B-A3B,Llama-3.3-70B-Instruct,1449,0.2422,0.6755
violation+judgment,hotpotqa,Qwen3.6-35B-A3B,Llama-3.3-70B-Instruct,1458,0.2419,0.6754
violation+judgment,hotpotqa,Qwen3.6-35B-A3B,Llama-3.3-70B-Instruct,1467,0.2423,0.6748
violation+judgment,hotpotqa,Qwen3.6-35B-A3B,Llama-3.3-70B-Instruct,1476,0.2423,0.6738
violation+judgment,hotpotqa,Qwen3.6-35B-A3B,Llama-3.3-70B-Instruct,1485,0.2423,0.6733
violation+judgment,hotpotqa,Qwen3.6-35B-A3B,Llama-3.3-70B-Instruct,1494,0.2427,0.6754
violation+judgment,hotpotqa,Qwen3.6-35B-A3B,Llama-3.3-70B-Instruct,1503,0.2422,0.6750
violation+judgment,hotpotqa,Qwen3.6-35B-A3B,Llama-3.3-70B-Instruct,1512,0.2424,0.6743
violation+judgment,hotpotqa,Qwen3.6-35B-A3B,Llama-3.3-70B-Instruct,1521,0.2424,0.6754
violation+judgment,hotpotqa,Qwen3.6-35B-A3B,Llama-3.3-70B-Instruct,1530,0.2424,0.6744
violation+judgment,hotpotqa,Qwen3.6-35B-A3B,Llama-3.3-70B-Instruct,1539,0.2427,0.6755
violation+judgment,hotpotqa,Qwen3.6-35B-A3B,Llama-3.3-70B-Instruct,1548,0.2425,0.6756
violation+judgment,hotpotqa,Qwen3.6-35B-A3B,Llama-3.3-70B-Instruct,1557,0.2425,0.6756
violation+judgment,hotpotqa,Qwen3.6-35B-A3B,Llama-3.3-70B-Instruct,1566,0.2427,0.6758
violation+judgment,hotpotqa,Qwen3.6-35B-A3B,Llama-3.3-70B-Instruct,1575,0.2427,0.6757
violation+judgment,hotpotqa,Qwen3.6-35B-A3B,Llama-3.3-70B-Instruct,1584,0.2430,0.6757
violation+judgment,hotpotqa,Qwen3.6-35B-A3B,Llama-3.3-70B-Instruct,1593,0.2430,0.6757
violation+judgment,hotpotqa,Qwen3.6-35B-A3B,Llama-3.3-70B-Instruct,1602,0.2430,0.6757
violation+judgment,hotpotqa,Qwen3.6-35B-A3B,Llama-3.3-70B-Instruct,1611,0.2433,0.6757
violation+judgment,hotpotqa,Qwen3.6-35B-A3B,Llama-3.3-70B-Instruct,1620,0.2431,0.6757
violation+judgment,hotpotqa,Qwen3.6-35B-A3B,Llama-3.3-70B-Instruct,1629,0.2432,0.6758
violation+judgment,hotpotqa,Qwen3.6-35B-A3B,Llama-3.3-70B-Instruct,1638,0.2434,0.6758
violation+judgment,hotpotqa,Qwen3.6-35B-A3B,Llama-3.3-70B-Instruct,1647,0.2435,0.6757
violation+judgment,hotpotqa,Qwen3.6-35B-A3B,Llama-3.3-70B-Instruct,1656,0.2435,0.6757
violation+judgment,hotpotqa,Qwen3.6-35B-A3B,Llama-3.3-70B-Instruct,1665,0.2436,0.6757
violation+judgment,hotpotqa,Qwen3.6-35B-A3B,Llama-3.3-70B-Instruct,1674,0.2435,0.6757
violation+judgment,hotpotqa,Qwen3.6-35B-A3B,Llama-3.3-70B-Instruct,1683,0.2431,0.6757
violation+judgment,hotpotqa,Qwen3.6-35B-A3B,Llama-3.3-70B-Instruct,1692,0.2429,0.6758
violation+judgment,hotpotqa,Qwen3.6-35B-A3B,Llama-3.3-70B-Instruct,1701,0.2428,0.6757
violation+judgment,hotpotqa,Qwen3.6-35B-A3B,Llama-3.3-70B-Instruct,1710,0.2429,0.6758
violation+judgment,hotpotqa,Qwen3.6-35B-A3B,Llama-3.3-70B-Instruct,1719,0.2431,0.6758
violation+judgment,hotpotqa,Qwen3.6-35B-A3B,Llama-3.3-70B-Instruct,1728,0.2433,0.6759
violation+judgment,hotpotqa,Qwen3.6-35B-A3B,Llama-3.3-70B-Instruct,1737,0.2435,0.6759
violation+judgment,hotpotqa,Qwen3.6-35B-A3B,Llama-3.3-70B-Instruct,1746,0.2433,0.6759
violation+judgment,hotpotqa,Qwen3.6-35B-A3B,Llama-3.3-70B-Instruct,1755,0.2432,0.6759
violation+judgment,hotpotqa,Qwen3.6-35B-A3B,Llama-3.3-70B-Instruct,1764,0.2432,0.6759
violation+judgment,hotpotqa,Qwen3.6-35B-A3B,Llama-3.3-70B-Instruct,1773,0.2433,0.6758
violation+judgment,hotpotqa,Qwen3.6-35B-A3B,Llama-3.3-70B-Instruct,1782,0.2433,0.6758
violation+judgment,hotpotqa,Qwen3.6-35B-A3B,Llama-3.3-70B-Instruct,1791,0.2437,0.6758
violation+judgment,hotpotqa,Qwen3.6-35B-A3B,Llama-3.3-70B-Instruct,1800,0.2436,0.6758
violation+judgment,hotpotqa,Qwen3.6-35B-A3B,Llama-3.3-70B-Instruct,1809,0.2440,0.6759
violation+judgment,hotpotqa,Qwen3.6-35B-A3B,Llama-3.3-70B-Instruct,1818,0.2442,0.6759
violation+judgment,hotpotqa,Qwen3.6-35B-A3B,Llama-3.3-70B-Instruct,1827,0.2439,0.6759
violation+judgment,hotpotqa,Qwen3.6-35B-A3B,Llama-3.3-70B-Instruct,1836,0.2442,0.6759
violation+judgment,hotpotqa,Qwen3.6-35B-A3B,Llama-3.3-70B-Instruct,1845,0.2445,0.6759
violation+judgment,hotpotqa,Qwen3.6-35B-A3B,Llama-3.3-70B-Instruct,1854,0.2444,0.6759
violation+judgment,hotpotqa,Qwen3.6-35B-A3B,Llama-3.3-70B-Instruct,1863,0.2443,0.6759
violation+judgment,hotpotqa,Qwen3.6-35B-A3B,Llama-3.3-70B-Instruct,1872,0.2445,0.6759
violation+judgment,hotpotqa,Qwen3.6-35B-A3B,Mistral-7B-Instruct-v0.3,0,0.3347,0.7757
violation+judgment,hotpotqa,Qwen3.6-35B-A3B,Mistral-7B-Instruct-v0.3,13,0.3347,0.7757
violation+judgment,hotpotqa,Qwen3.6-35B-A3B,Mistral-7B-Instruct-v0.3,26,0.3347,0.7757
violation+judgment,hotpotqa,Qwen3.6-35B-A3B,Mistral-7B-Instruct-v0.3,39,0.3347,0.7757
violation+judgment,hotpotqa,Qwen3.6-35B-A3B,Mistral-7B-Instruct-v0.3,52,0.3347,0.7757
violation+judgment,hotpotqa,Qwen3.6-35B-A3B,Mistral-7B-Instruct-v0.3,65,0.3347,0.7757
violation+judgment,hotpotqa,Qwen3.6-35B-A3B,Mistral-7B-Instruct-v0.3,78,0.3347,0.7757
violation+judgment,hotpotqa,Qwen3.6-35B-A3B,Mistral-7B-Instruct-v0.3,91,0.3347,0.7757
violation+judgment,hotpotqa,Qwen3.6-35B-A3B,Mistral-7B-Instruct-v0.3,104,0.5926,0.7661
violation+judgment,hotpotqa,Qwen3.6-35B-A3B,Mistral-7B-Instruct-v0.3,117,0.5983,0.7708
violation+judgment,hotpotqa,Qwen3.6-35B-A3B,Mistral-7B-Instruct-v0.3,130,0.6044,0.7655
violation+judgment,hotpotqa,Qwen3.6-35B-A3B,Mistral-7B-Instruct-v0.3,143,0.6074,0.7671
violation+judgment,hotpotqa,Qwen3.6-35B-A3B,Mistral-7B-Instruct-v0.3,156,0.6090,0.7711
violation+judgment,hotpotqa,Qwen3.6-35B-A3B,Mistral-7B-Instruct-v0.3,169,0.6112,0.7706
violation+judgment,hotpotqa,Qwen3.6-35B-A3B,Mistral-7B-Instruct-v0.3,182,0.6125,0.7718
violation+judgment,hotpotqa,Qwen3.6-35B-A3B,Mistral-7B-Instruct-v0.3,195,0.6121,0.7739
violation+judgment,hotpotqa,Qwen3.6-35B-A3B,Mistral-7B-Instruct-v0.3,208,0.6113,0.7732
violation+judgment,hotpotqa,Qwen3.6-35B-A3B,Mistral-7B-Instruct-v0.3,221,0.6168,0.7716
violation+judgment,hotpotqa,Qwen3.6-35B-A3B,Mistral-7B-Instruct-v0.3,234,0.6129,0.7731
violation+judgment,hotpotqa,Qwen3.6-35B-A3B,Mistral-7B-Instruct-v0.3,247,0.6146,0.7713
violation+judgment,hotpotqa,Qwen3.6-35B-A3B,Mistral-7B-Instruct-v0.3,260,0.6157,0.7718
violation+judgment,hotpotqa,Qwen3.6-35B-A3B,Mistral-7B-Instruct-v0.3,273,0.6149,0.7736
violation+judgment,hotpotqa,Qwen3.6-35B-A3B,Mistral-7B-Instruct-v0.3,286,0.6160,0.7758
violation+judgment,hotpotqa,Qwen3.6-35B-A3B,Mistral-7B-Instruct-v0.3,299,0.6140,0.7764
violation+judgment,hotpotqa,Qwen3.6-35B-A3B,Mistral-7B-Instruct-v0.3,312,0.6142,0.7792
violation+judgment,hotpotqa,Qwen3.6-35B-A3B,Mistral-7B-Instruct-v0.3,325,0.6142,0.7782
violation+judgment,hotpotqa,Qwen3.6-35B-A3B,Mistral-7B-Instruct-v0.3,338,0.6107,0.7740
violation+judgment,hotpotqa,Qwen3.6-35B-A3B,Mistral-7B-Instruct-v0.3,351,0.6120,0.7727
violation+judgment,hotpotqa,Qwen3.6-35B-A3B,Mistral-7B-Instruct-v0.3,364,0.6107,0.7727
violation+judgment,hotpotqa,Qwen3.6-35B-A3B,Mistral-7B-Instruct-v0.3,377,0.6108,0.7726
violation+judgment,hotpotqa,Qwen3.6-35B-A3B,Mistral-7B-Instruct-v0.3,390,0.6073,0.7707
violation+judgment,hotpotqa,Qwen3.6-35B-A3B,Mistral-7B-Instruct-v0.3,403,0.6092,0.7726
violation+judgment,hotpotqa,Qwen3.6-35B-A3B,Mistral-7B-Instruct-v0.3,416,0.6106,0.7721
violation+judgment,hotpotqa,Qwen3.6-35B-A3B,Mistral-7B-Instruct-v0.3,429,0.6109,0.7722
violation+judgment,hotpotqa,Qwen3.6-35B-A3B,Mistral-7B-Instruct-v0.3,442,0.6111,0.7706
violation+judgment,hotpotqa,Qwen3.6-35B-A3B,Mistral-7B-Instruct-v0.3,455,0.6106,0.7689
violation+judgment,hotpotqa,Qwen3.6-35B-A3B,Mistral-7B-Instruct-v0.3,468,0.6118,0.7708
violation+judgment,hotpotqa,Qwen3.6-35B-A3B,Mistral-7B-Instruct-v0.3,481,0.6112,0.7717
violation+judgment,hotpotqa,Qwen3.6-35B-A3B,Mistral-7B-Instruct-v0.3,494,0.6114,0.7715
violation+judgment,hotpotqa,Qwen3.6-35B-A3B,Mistral-7B-Instruct-v0.3,507,0.6124,0.7722
violation+judgment,hotpotqa,Qwen3.6-35B-A3B,Mistral-7B-Instruct-v0.3,520,0.6111,0.7720
violation+judgment,hotpotqa,Qwen3.6-35B-A3B,Mistral-7B-Instruct-v0.3,533,0.6118,0.7715
violation+judgment,hotpotqa,Qwen3.6-35B-A3B,Mistral-7B-Instruct-v0.3,546,0.6114,0.7717
violation+judgment,hotpotqa,Qwen3.6-35B-A3B,Mistral-7B-Instruct-v0.3,559,0.6108,0.7707
violation+judgment,hotpotqa,Qwen3.6-35B-A3B,Mistral-7B-Instruct-v0.3,572,0.6112,0.7706
violation+judgment,hotpotqa,Qwen3.6-35B-A3B,Mistral-7B-Instruct-v0.3,585,0.6116,0.7704
violation+judgment,hotpotqa,Qwen3.6-35B-A3B,Mistral-7B-Instruct-v0.3,598,0.6129,0.7704
violation+judgment,hotpotqa,Qwen3.6-35B-A3B,Mistral-7B-Instruct-v0.3,611,0.6120,0.7706
violation+judgment,hotpotqa,Qwen3.6-35B-A3B,Mistral-7B-Instruct-v0.3,624,0.6127,0.7726
violation+judgment,hotpotqa,Qwen3.6-35B-A3B,Mistral-7B-Instruct-v0.3,637,0.6115,0.7719
violation+judgment,hotpotqa,Qwen3.6-35B-A3B,Mistral-7B-Instruct-v0.3,650,0.6111,0.7705
violation+judgment,hotpotqa,Qwen3.6-35B-A3B,Mistral-7B-Instruct-v0.3,663,0.6102,0.7705
violation+judgment,hotpotqa,Qwen3.6-35B-A3B,Mistral-7B-Instruct-v0.3,676,0.6093,0.7720
violation+judgment,hotpotqa,Qwen3.6-35B-A3B,Mistral-7B-Instruct-v0.3,689,0.6090,0.7725
violation+judgment,hotpotqa,Qwen3.6-35B-A3B,Mistral-7B-Instruct-v0.3,702,0.6089,0.7727
violation+judgment,hotpotqa,Qwen3.6-35B-A3B,Mistral-7B-Instruct-v0.3,715,0.6091,0.7736
violation+judgment,hotpotqa,Qwen3.6-35B-A3B,Mistral-7B-Instruct-v0.3,728,0.6093,0.7741
violation+judgment,hotpotqa,Qwen3.6-35B-A3B,Mistral-7B-Instruct-v0.3,741,0.6100,0.7723
violation+judgment,hotpotqa,Qwen3.6-35B-A3B,Mistral-7B-Instruct-v0.3,754,0.6097,0.7726
violation+judgment,hotpotqa,Qwen3.6-35B-A3B,Mistral-7B-Instruct-v0.3,767,0.6087,0.7720
violation+judgment,hotpotqa,Qwen3.6-35B-A3B,Mistral-7B-Instruct-v0.3,780,0.6087,0.7730
violation+judgment,hotpotqa,Qwen3.6-35B-A3B,Mistral-7B-Instruct-v0.3,793,0.6087,0.7724
violation+judgment,hotpotqa,Qwen3.6-35B-A3B,Mistral-7B-Instruct-v0.3,806,0.6083,0.7733
violation+judgment,hotpotqa,Qwen3.6-35B-A3B,Mistral-7B-Instruct-v0.3,819,0.6090,0.7735
violation+judgment,hotpotqa,Qwen3.6-35B-A3B,Mistral-7B-Instruct-v0.3,832,0.6096,0.7732
violation+judgment,hotpotqa,Qwen3.6-35B-A3B,Mistral-7B-Instruct-v0.3,845,0.6091,0.7718
violation+judgment,hotpotqa,Qwen3.6-35B-A3B,Mistral-7B-Instruct-v0.3,858,0.6086,0.7720
violation+judgment,hotpotqa,Qwen3.6-35B-A3B,Mistral-7B-Instruct-v0.3,871,0.6087,0.7731
violation+judgment,hotpotqa,Qwen3.6-35B-A3B,Mistral-7B-Instruct-v0.3,884,0.6088,0.7723
violation+judgment,hotpotqa,Qwen3.6-35B-A3B,Mistral-7B-Instruct-v0.3,897,0.6095,0.7698
violation+judgment,hotpotqa,Qwen3.6-35B-A3B,Mistral-7B-Instruct-v0.3,910,0.6093,0.7666
violation+judgment,hotpotqa,Qwen3.6-35B-A3B,Mistral-7B-Instruct-v0.3,923,0.6095,0.7680
violation+judgment,hotpotqa,Qwen3.6-35B-A3B,Mistral-7B-Instruct-v0.3,936,0.6098,0.7694
violation+judgment,hotpotqa,Qwen3.6-35B-A3B,Mistral-7B-Instruct-v0.3,949,0.6090,0.7690
violation+judgment,hotpotqa,Qwen3.6-35B-A3B,Mistral-7B-Instruct-v0.3,962,0.6098,0.7693
violation+judgment,hotpotqa,Qwen3.6-35B-A3B,Mistral-7B-Instruct-v0.3,975,0.6092,0.7693
violation+judgment,hotpotqa,Qwen3.6-35B-A3B,Mistral-7B-Instruct-v0.3,988,0.6087,0.7693
violation+judgment,hotpotqa,Qwen3.6-35B-A3B,Mistral-7B-Instruct-v0.3,1001,0.6093,0.7704
violation+judgment,hotpotqa,Qwen3.6-35B-A3B,Mistral-7B-Instruct-v0.3,1014,0.6096,0.7699
violation+judgment,hotpotqa,Qwen3.6-35B-A3B,Mistral-7B-Instruct-v0.3,1027,0.6099,0.7710
violation+judgment,hotpotqa,Qwen3.6-35B-A3B,Mistral-7B-Instruct-v0.3,1040,0.6097,0.7714
violation+judgment,hotpotqa,Qwen3.6-35B-A3B,Mistral-7B-Instruct-v0.3,1053,0.6094,0.7701
violation+judgment,hotpotqa,Qwen3.6-35B-A3B,Mistral-7B-Instruct-v0.3,1066,0.6098,0.7709
violation+judgment,hotpotqa,Qwen3.6-35B-A3B,Mistral-7B-Instruct-v0.3,1079,0.6101,0.7696
violation+judgment,hotpotqa,Qwen3.6-35B-A3B,Mistral-7B-Instruct-v0.3,1092,0.6103,0.7694
violation+judgment,hotpotqa,Qwen3.6-35B-A3B,Mistral-7B-Instruct-v0.3,1105,0.6094,0.7695
violation+judgment,hotpotqa,Qwen3.6-35B-A3B,Mistral-7B-Instruct-v0.3,1118,0.6092,0.7697
violation+judgment,hotpotqa,Qwen3.6-35B-A3B,Mistral-7B-Instruct-v0.3,1131,0.6094,0.7683
violation+judgment,hotpotqa,Qwen3.6-35B-A3B,Mistral-7B-Instruct-v0.3,1144,0.6095,0.7683
violation+judgment,hotpotqa,Qwen3.6-35B-A3B,Mistral-7B-Instruct-v0.3,1157,0.6100,0.7692
violation+judgment,hotpotqa,Qwen3.6-35B-A3B,Mistral-7B-Instruct-v0.3,1170,0.6097,0.7709
violation+judgment,hotpotqa,Qwen3.6-35B-A3B,Mistral-7B-Instruct-v0.3,1183,0.6101,0.7706
violation+judgment,hotpotqa,Qwen3.6-35B-A3B,Mistral-7B-Instruct-v0.3,1196,0.6103,0.7700
violation+judgment,hotpotqa,Qwen3.6-35B-A3B,Mistral-7B-Instruct-v0.3,1209,0.6109,0.7712
violation+judgment,hotpotqa,Qwen3.6-35B-A3B,Mistral-7B-Instruct-v0.3,1222,0.6104,0.7713
violation+judgment,hotpotqa,Qwen3.6-35B-A3B,Mistral-7B-Instruct-v0.3,1235,0.6108,0.7698
violation+judgment,hotpotqa,Qwen3.6-35B-A3B,Mistral-7B-Instruct-v0.3,1248,0.6104,0.7697
violation+judgment,hotpotqa,Qwen3.6-35B-A3B,Mistral-7B-Instruct-v0.3,1261,0.6107,0.7698
violation+judgment,hotpotqa,Qwen3.6-35B-A3B,Mistral-7B-Instruct-v0.3,1274,0.6109,0.7699
violation+judgment,hotpotqa,Qwen3.6-35B-A3B,Mistral-7B-Instruct-v0.3,1287,0.6105,0.7697
violation+judgment,hotpotqa,Qwen3.6-35B-A3B,Mistral-7B-Instruct-v0.3,1300,0.6109,0.7699
violation+judgment,hotpotqa,Qwen3.6-35B-A3B,Mistral-7B-Instruct-v0.3,1313,0.6111,0.7698
violation+judgment,hotpotqa,Qwen3.6-35B-A3B,Mistral-7B-Instruct-v0.3,1326,0.6106,0.7698
violation+judgment,hotpotqa,Qwen3.6-35B-A3B,Mistral-7B-Instruct-v0.3,1339,0.6105,0.7699
violation+judgment,hotpotqa,Qwen3.6-35B-A3B,Mistral-7B-Instruct-v0.3,1352,0.6100,0.7696
violation+judgment,hotpotqa,Qwen3.6-35B-A3B,Mistral-7B-Instruct-v0.3,1365,0.6102,0.7696
violation+judgment,hotpotqa,Qwen3.6-35B-A3B,Mistral-7B-Instruct-v0.3,1378,0.6100,0.7679
violation+judgment,hotpotqa,Qwen3.6-35B-A3B,Mistral-7B-Instruct-v0.3,1391,0.6094,0.7679
violation+judgment,hotpotqa,Qwen3.6-35B-A3B,Mistral-7B-Instruct-v0.3,1404,0.6094,0.7680
violation+judgment,hotpotqa,Qwen3.6-35B-A3B,Mistral-7B-Instruct-v0.3,1417,0.6089,0.7690
violation+judgment,hotpotqa,Qwen3.6-35B-A3B,Mistral-7B-Instruct-v0.3,1430,0.6085,0.7696
violation+judgment,hotpotqa,Qwen3.6-35B-A3B,Mistral-7B-Instruct-v0.3,1443,0.6087,0.7679
violation+judgment,hotpotqa,Qwen3.6-35B-A3B,Mistral-7B-Instruct-v0.3,1456,0.6088,0.7682
violation+judgment,hotpotqa,Qwen3.6-35B-A3B,Mistral-7B-Instruct-v0.3,1469,0.6088,0.7695
violation+judgment,hotpotqa,Qwen3.6-35B-A3B,Mistral-7B-Instruct-v0.3,1482,0.6087,0.7693
violation+judgment,hotpotqa,Qwen3.6-35B-A3B,Mistral-7B-Instruct-v0.3,1495,0.6087,0.7693
violation+judgment,hotpotqa,Qwen3.6-35B-A3B,Mistral-7B-Instruct-v0.3,1508,0.6092,0.7694
violation+judgment,hotpotqa,Qwen3.6-35B-A3B,Mistral-7B-Instruct-v0.3,1521,0.6093,0.7702
violation+judgment,hotpotqa,Qwen3.6-35B-A3B,Mistral-7B-Instruct-v0.3,1534,0.6097,0.7695
violation+judgment,hotpotqa,Qwen3.6-35B-A3B,Mistral-7B-Instruct-v0.3,1547,0.6094,0.7691
violation+judgment,hotpotqa,Qwen3.6-35B-A3B,Mistral-7B-Instruct-v0.3,1560,0.6097,0.7692
violation+judgment,hotpotqa,Qwen3.6-35B-A3B,Mistral-7B-Instruct-v0.3,1573,0.6091,0.7693
violation+judgment,hotpotqa,Qwen3.6-35B-A3B,Mistral-7B-Instruct-v0.3,1586,0.6088,0.7697
violation+judgment,hotpotqa,Qwen3.6-35B-A3B,Mistral-7B-Instruct-v0.3,1599,0.6083,0.7704
violation+judgment,hotpotqa,Qwen3.6-35B-A3B,Mistral-7B-Instruct-v0.3,1612,0.6088,0.7699
violation+judgment,hotpotqa,Qwen3.6-35B-A3B,Mistral-7B-Instruct-v0.3,1625,0.6092,0.7707
violation+judgment,hotpotqa,Qwen3.6-35B-A3B,Mistral-7B-Instruct-v0.3,1638,0.6097,0.7707
violation+judgment,hotpotqa,Qwen3.6-35B-A3B,Mistral-7B-Instruct-v0.3,1651,0.6098,0.7703
violation+judgment,hotpotqa,Qwen3.6-35B-A3B,Mistral-7B-Instruct-v0.3,1664,0.6098,0.7706
violation+judgment,hotpotqa,Qwen3.6-35B-A3B,Mistral-7B-Instruct-v0.3,1677,0.6101,0.7703
violation+judgment,hotpotqa,Qwen3.6-35B-A3B,Mistral-7B-Instruct-v0.3,1690,0.6104,0.7704
violation+judgment,hotpotqa,Qwen3.6-35B-A3B,Mistral-7B-Instruct-v0.3,1703,0.6106,0.7700
violation+judgment,hotpotqa,Qwen3.6-35B-A3B,Mistral-7B-Instruct-v0.3,1716,0.6106,0.7701
violation+judgment,hotpotqa,Qwen3.6-35B-A3B,Mistral-7B-Instruct-v0.3,1729,0.6109,0.7707
violation+judgment,hotpotqa,Qwen3.6-35B-A3B,Mistral-7B-Instruct-v0.3,1742,0.6108,0.7709
violation+judgment,hotpotqa,Qwen3.6-35B-A3B,Mistral-7B-Instruct-v0.3,1755,0.6109,0.7704
violation+judgment,hotpotqa,Qwen3.6-35B-A3B,Mistral-7B-Instruct-v0.3,1768,0.6110,0.7708
violation+judgment,hotpotqa,Qwen3.6-35B-A3B,Mistral-7B-Instruct-v0.3,1781,0.6113,0.7709
violation+judgment,hotpotqa,Qwen3.6-35B-A3B,Mistral-7B-Instruct-v0.3,1794,0.6116,0.7709
violation+judgment,hotpotqa,Qwen3.6-35B-A3B,Mistral-7B-Instruct-v0.3,1807,0.6113,0.7709
violation+judgment,hotpotqa,Qwen3.6-35B-A3B,Mistral-7B-Instruct-v0.3,1820,0.6114,0.7705
violation+judgment,hotpotqa,Qwen3.6-35B-A3B,Mistral-7B-Instruct-v0.3,1833,0.6108,0.7706
violation+judgment,hotpotqa,Qwen3.6-35B-A3B,Mistral-7B-Instruct-v0.3,1846,0.6107,0.7701
violation+judgment,hotpotqa,Qwen3.6-35B-A3B,Mistral-7B-Instruct-v0.3,1859,0.6106,0.7709
violation+judgment,hotpotqa,Qwen3.6-35B-A3B,Mistral-7B-Instruct-v0.3,1872,0.6108,0.7708
violation+judgment,hotpotqa,Qwen3.6-35B-A3B,Mistral-7B-Instruct-v0.3,1885,0.6107,0.7710
violation+judgment,hotpotqa,Qwen3.6-35B-A3B,Mistral-7B-Instruct-v0.3,1898,0.6109,0.7713
violation+judgment,hotpotqa,Qwen3.6-35B-A3B,Mistral-7B-Instruct-v0.3,1911,0.6103,0.7710
violation+judgment,hotpotqa,Qwen3.6-35B-A3B,Mistral-7B-Instruct-v0.3,1924,0.6104,0.7710
violation+judgment,hotpotqa,Qwen3.6-35B-A3B,Mistral-7B-Instruct-v0.3,1937,0.6105,0.7709
violation+judgment,hotpotqa,Qwen3.6-35B-A3B,Mistral-7B-Instruct-v0.3,1950,0.6107,0.7709
violation+judgment,hotpotqa,Qwen3.6-35B-A3B,Mistral-7B-Instruct-v0.3,1963,0.6104,0.7715
violation+judgment,hotpotqa,Qwen3.6-35B-A3B,Mistral-7B-Instruct-v0.3,1976,0.6104,0.7726
violation+judgment,hotpotqa,Qwen3.6-35B-A3B,Mistral-7B-Instruct-v0.3,1989,0.6106,0.7725
violation+judgment,hotpotqa,Qwen3.6-35B-A3B,Mistral-7B-Instruct-v0.3,2002,0.6106,0.7725
violation+judgment,hotpotqa,Qwen3.6-35B-A3B,Mistral-7B-Instruct-v0.3,2015,0.6106,0.7725
violation+judgment,hotpotqa,Qwen3.6-35B-A3B,Mistral-7B-Instruct-v0.3,2028,0.6103,0.7724
violation+judgment,hotpotqa,Qwen3.6-35B-A3B,Mistral-7B-Instruct-v0.3,2041,0.6100,0.7724
violation+judgment,hotpotqa,Qwen3.6-35B-A3B,Mistral-7B-Instruct-v0.3,2054,0.6103,0.7722
violation+judgment,hotpotqa,Qwen3.6-35B-A3B,Mistral-7B-Instruct-v0.3,2067,0.6102,0.7723
violation+judgment,hotpotqa,Qwen3.6-35B-A3B,Mistral-7B-Instruct-v0.3,2080,0.6099,0.7723
violation+judgment,hotpotqa,Qwen3.6-35B-A3B,Mistral-7B-Instruct-v0.3,2093,0.6100,0.7722
violation+judgment,hotpotqa,Qwen3.6-35B-A3B,Mistral-7B-Instruct-v0.3,2106,0.6101,0.7722
violation+judgment,hotpotqa,Qwen3.6-35B-A3B,Mistral-7B-Instruct-v0.3,2119,0.6101,0.7722
violation+judgment,hotpotqa,Qwen3.6-35B-A3B,Mistral-7B-Instruct-v0.3,2132,0.6098,0.7725
violation+judgment,hotpotqa,Qwen3.6-35B-A3B,Mistral-7B-Instruct-v0.3,2145,0.6097,0.7725
violation+judgment,hotpotqa,Qwen3.6-35B-A3B,Mistral-7B-Instruct-v0.3,2158,0.6094,0.7724
violation+judgment,hotpotqa,Qwen3.6-35B-A3B,Mistral-7B-Instruct-v0.3,2171,0.6095,0.7724
violation+judgment,hotpotqa,Qwen3.6-35B-A3B,Mistral-7B-Instruct-v0.3,2184,0.6095,0.7723
violation+judgment,hotpotqa,Qwen3.6-35B-A3B,Mistral-7B-Instruct-v0.3,2197,0.6093,0.7727
violation+judgment,hotpotqa,Qwen3.6-35B-A3B,Mistral-7B-Instruct-v0.3,2210,0.6091,0.7725
violation+judgment,hotpotqa,Qwen3.6-35B-A3B,Mistral-7B-Instruct-v0.3,2223,0.6093,0.7725
violation+judgment,hotpotqa,Qwen3.6-35B-A3B,Mistral-7B-Instruct-v0.3,2236,0.6092,0.7723
violation+judgment,hotpotqa,Qwen3.6-35B-A3B,Mistral-7B-Instruct-v0.3,2249,0.6089,0.7723
violation+judgment,hotpotqa,Qwen3.6-35B-A3B,Mistral-7B-Instruct-v0.3,2262,0.6086,0.7721
violation+judgment,hotpotqa,Qwen3.6-35B-A3B,Mistral-7B-Instruct-v0.3,2275,0.6083,0.7724
violation+judgment,hotpotqa,Qwen3.6-35B-A3B,Mistral-7B-Instruct-v0.3,2288,0.6080,0.7726
violation+judgment,hotpotqa,Qwen3.6-35B-A3B,Mistral-7B-Instruct-v0.3,2301,0.6082,0.7726
violation+judgment,hotpotqa,Qwen3.6-35B-A3B,Mistral-7B-Instruct-v0.3,2314,0.6084,0.7726
violation+judgment,hotpotqa,Qwen3.6-35B-A3B,Mistral-7B-Instruct-v0.3,2327,0.6088,0.7727
violation+judgment,hotpotqa,Qwen3.6-35B-A3B,Mistral-7B-Instruct-v0.3,2340,0.6085,0.7728
violation+judgment,hotpotqa,Qwen3.6-35B-A3B,Mistral-7B-Instruct-v0.3,2353,0.6078,0.7730
violation+judgment,hotpotqa,Qwen3.6-35B-A3B,Mistral-7B-Instruct-v0.3,2366,0.6075,0.7730
violation+judgment,hotpotqa,Qwen3.6-35B-A3B,Mistral-7B-Instruct-v0.3,2379,0.6076,0.7730
violation+judgment,hotpotqa,Qwen3.6-35B-A3B,Mistral-7B-Instruct-v0.3,2392,0.6079,0.7731
violation+judgment,hotpotqa,Qwen3.6-35B-A3B,Mistral-7B-Instruct-v0.3,2405,0.6077,0.7732
violation+judgment,hotpotqa,Qwen3.6-35B-A3B,Mistral-7B-Instruct-v0.3,2418,0.6077,0.7731
violation+judgment,hotpotqa,Qwen3.6-35B-A3B,Mistral-7B-Instruct-v0.3,2431,0.6074,0.7732
violation+judgment,hotpotqa,Qwen3.6-35B-A3B,Mistral-7B-Instruct-v0.3,2444,0.6072,0.7732
violation+judgment,hotpotqa,Qwen3.6-35B-A3B,Mistral-7B-Instruct-v0.3,2457,0.6069,0.7732
violation+judgment,hotpotqa,Qwen3.6-35B-A3B,Mistral-7B-Instruct-v0.3,2470,0.6071,0.7732
violation+judgment,hotpotqa,Qwen3.6-35B-A3B,Mistral-7B-Instruct-v0.3,2483,0.6072,0.7732
violation+judgment,hotpotqa,Qwen3.6-35B-A3B,Mistral-7B-Instruct-v0.3,2496,0.6072,0.7733
violation+judgment,hotpotqa,Qwen3.6-35B-A3B,Mistral-7B-Instruct-v0.3,2509,0.6076,0.7732
violation+judgment,hotpotqa,Qwen3.6-35B-A3B,Mistral-7B-Instruct-v0.3,2522,0.6076,0.7733
violation+judgment,hotpotqa,Qwen3.6-35B-A3B,Mistral-7B-Instruct-v0.3,2535,0.6073,0.7733
violation+judgment,hotpotqa,Qwen3.6-35B-A3B,Mistral-7B-Instruct-v0.3,2548,0.6076,0.7734
violation+judgment,hotpotqa,Qwen3.6-35B-A3B,Mistral-7B-Instruct-v0.3,2561,0.6076,0.7734
violation+judgment,hotpotqa,Qwen3.6-35B-A3B,Mistral-7B-Instruct-v0.3,2574,0.6077,0.7734
violation+judgment,hotpotqa,Qwen3.6-35B-A3B,Mistral-7B-Instruct-v0.3,2587,0.6072,0.7734
violation+judgment,hotpotqa,Qwen3.6-35B-A3B,Mistral-7B-Instruct-v0.3,2600,0.6071,0.7733
violation+judgment,hotpotqa,Qwen3.6-35B-A3B,Mistral-7B-Instruct-v0.3,2613,0.6073,0.7734
violation+judgment,hotpotqa,Qwen3.6-35B-A3B,Phi-4-mini-instruct,0,0.3323,0.8118
violation+judgment,hotpotqa,Qwen3.6-35B-A3B,Phi-4-mini-instruct,11,0.3323,0.8118
violation+judgment,hotpotqa,Qwen3.6-35B-A3B,Phi-4-mini-instruct,22,0.3323,0.8118
violation+judgment,hotpotqa,Qwen3.6-35B-A3B,Phi-4-mini-instruct,33,0.3323,0.8118
violation+judgment,hotpotqa,Qwen3.6-35B-A3B,Phi-4-mini-instruct,44,0.3323,0.8118
violation+judgment,hotpotqa,Qwen3.6-35B-A3B,Phi-4-mini-instruct,55,0.3323,0.8118
violation+judgment,hotpotqa,Qwen3.6-35B-A3B,Phi-4-mini-instruct,66,0.3323,0.8118
violation+judgment,hotpotqa,Qwen3.6-35B-A3B,Phi-4-mini-instruct,77,0.3323,0.8118
violation+judgment,hotpotqa,Qwen3.6-35B-A3B,Phi-4-mini-instruct,88,0.3323,0.8118
violation+judgment,hotpotqa,Qwen3.6-35B-A3B,Phi-4-mini-instruct,99,0.3323,0.8118
violation+judgment,hotpotqa,Qwen3.6-35B-A3B,Phi-4-mini-instruct,110,0.5070,0.8224
violation+judgment,hotpotqa,Qwen3.6-35B-A3B,Phi-4-mini-instruct,121,0.5090,0.8175
violation+judgment,hotpotqa,Qwen3.6-35B-A3B,Phi-4-mini-instruct,132,0.5119,0.8132
violation+judgment,hotpotqa,Qwen3.6-35B-A3B,Phi-4-mini-instruct,143,0.5106,0.8147
violation+judgment,hotpotqa,Qwen3.6-35B-A3B,Phi-4-mini-instruct,154,0.5071,0.8134
violation+judgment,hotpotqa,Qwen3.6-35B-A3B,Phi-4-mini-instruct,165,0.5110,0.8158
violation+judgment,hotpotqa,Qwen3.6-35B-A3B,Phi-4-mini-instruct,176,0.5125,0.8127
violation+judgment,hotpotqa,Qwen3.6-35B-A3B,Phi-4-mini-instruct,187,0.5143,0.8059
violation+judgment,hotpotqa,Qwen3.6-35B-A3B,Phi-4-mini-instruct,198,0.5141,0.8066
violation+judgment,hotpotqa,Qwen3.6-35B-A3B,Phi-4-mini-instruct,209,0.5180,0.8131
violation+judgment,hotpotqa,Qwen3.6-35B-A3B,Phi-4-mini-instruct,220,0.5192,0.8137
violation+judgment,hotpotqa,Qwen3.6-35B-A3B,Phi-4-mini-instruct,231,0.5206,0.8142
violation+judgment,hotpotqa,Qwen3.6-35B-A3B,Phi-4-mini-instruct,242,0.5216,0.8140
violation+judgment,hotpotqa,Qwen3.6-35B-A3B,Phi-4-mini-instruct,253,0.5214,0.8154
violation+judgment,hotpotqa,Qwen3.6-35B-A3B,Phi-4-mini-instruct,264,0.5218,0.8133
violation+judgment,hotpotqa,Qwen3.6-35B-A3B,Phi-4-mini-instruct,275,0.5223,0.8148
violation+judgment,hotpotqa,Qwen3.6-35B-A3B,Phi-4-mini-instruct,286,0.5228,0.8149
violation+judgment,hotpotqa,Qwen3.6-35B-A3B,Phi-4-mini-instruct,297,0.5229,0.8149
violation+judgment,hotpotqa,Qwen3.6-35B-A3B,Phi-4-mini-instruct,308,0.5245,0.8182
violation+judgment,hotpotqa,Qwen3.6-35B-A3B,Phi-4-mini-instruct,319,0.5245,0.8165
violation+judgment,hotpotqa,Qwen3.6-35B-A3B,Phi-4-mini-instruct,330,0.5239,0.8170
violation+judgment,hotpotqa,Qwen3.6-35B-A3B,Phi-4-mini-instruct,341,0.5233,0.8158
violation+judgment,hotpotqa,Qwen3.6-35B-A3B,Phi-4-mini-instruct,352,0.5240,0.8167
violation+judgment,hotpotqa,Qwen3.6-35B-A3B,Phi-4-mini-instruct,363,0.5248,0.8174
violation+judgment,hotpotqa,Qwen3.6-35B-A3B,Phi-4-mini-instruct,374,0.5275,0.8169
violation+judgment,hotpotqa,Qwen3.6-35B-A3B,Phi-4-mini-instruct,385,0.5280,0.8172
violation+judgment,hotpotqa,Qwen3.6-35B-A3B,Phi-4-mini-instruct,396,0.5285,0.8198
violation+judgment,hotpotqa,Qwen3.6-35B-A3B,Phi-4-mini-instruct,407,0.5275,0.8209
violation+judgment,hotpotqa,Qwen3.6-35B-A3B,Phi-4-mini-instruct,418,0.5264,0.8209
violation+judgment,hotpotqa,Qwen3.6-35B-A3B,Phi-4-mini-instruct,429,0.5267,0.8222
violation+judgment,hotpotqa,Qwen3.6-35B-A3B,Phi-4-mini-instruct,440,0.5263,0.8212
violation+judgment,hotpotqa,Qwen3.6-35B-A3B,Phi-4-mini-instruct,451,0.5284,0.8243
violation+judgment,hotpotqa,Qwen3.6-35B-A3B,Phi-4-mini-instruct,462,0.5287,0.8240
violation+judgment,hotpotqa,Qwen3.6-35B-A3B,Phi-4-mini-instruct,473,0.5282,0.8218
violation+judgment,hotpotqa,Qwen3.6-35B-A3B,Phi-4-mini-instruct,484,0.5308,0.8216
violation+judgment,hotpotqa,Qwen3.6-35B-A3B,Phi-4-mini-instruct,495,0.5311,0.8226
violation+judgment,hotpotqa,Qwen3.6-35B-A3B,Phi-4-mini-instruct,506,0.5305,0.8236
violation+judgment,hotpotqa,Qwen3.6-35B-A3B,Phi-4-mini-instruct,517,0.5291,0.8237
violation+judgment,hotpotqa,Qwen3.6-35B-A3B,Phi-4-mini-instruct,528,0.5282,0.8225
violation+judgment,hotpotqa,Qwen3.6-35B-A3B,Phi-4-mini-instruct,539,0.5280,0.8205
violation+judgment,hotpotqa,Qwen3.6-35B-A3B,Phi-4-mini-instruct,550,0.5275,0.8222
violation+judgment,hotpotqa,Qwen3.6-35B-A3B,Phi-4-mini-instruct,561,0.5279,0.8214
violation+judgment,hotpotqa,Qwen3.6-35B-A3B,Phi-4-mini-instruct,572,0.5290,0.8228
violation+judgment,hotpotqa,Qwen3.6-35B-A3B,Phi-4-mini-instruct,583,0.5297,0.8222
violation+judgment,hotpotqa,Qwen3.6-35B-A3B,Phi-4-mini-instruct,594,0.5297,0.8206
violation+judgment,hotpotqa,Qwen3.6-35B-A3B,Phi-4-mini-instruct,605,0.5295,0.8216
violation+judgment,hotpotqa,Qwen3.6-35B-A3B,Phi-4-mini-instruct,616,0.5290,0.8211
violation+judgment,hotpotqa,Qwen3.6-35B-A3B,Phi-4-mini-instruct,627,0.5295,0.8217
violation+judgment,hotpotqa,Qwen3.6-35B-A3B,Phi-4-mini-instruct,638,0.5294,0.8222
violation+judgment,hotpotqa,Qwen3.6-35B-A3B,Phi-4-mini-instruct,649,0.5295,0.8206
violation+judgment,hotpotqa,Qwen3.6-35B-A3B,Phi-4-mini-instruct,660,0.5291,0.8206
violation+judgment,hotpotqa,Qwen3.6-35B-A3B,Phi-4-mini-instruct,671,0.5290,0.8213
violation+judgment,hotpotqa,Qwen3.6-35B-A3B,Phi-4-mini-instruct,682,0.5305,0.8210
violation+judgment,hotpotqa,Qwen3.6-35B-A3B,Phi-4-mini-instruct,693,0.5301,0.8207
violation+judgment,hotpotqa,Qwen3.6-35B-A3B,Phi-4-mini-instruct,704,0.5294,0.8214
violation+judgment,hotpotqa,Qwen3.6-35B-A3B,Phi-4-mini-instruct,715,0.5297,0.8215
violation+judgment,hotpotqa,Qwen3.6-35B-A3B,Phi-4-mini-instruct,726,0.5309,0.8215
violation+judgment,hotpotqa,Qwen3.6-35B-A3B,Phi-4-mini-instruct,737,0.5320,0.8218
violation+judgment,hotpotqa,Qwen3.6-35B-A3B,Phi-4-mini-instruct,748,0.5321,0.8237
violation+judgment,hotpotqa,Qwen3.6-35B-A3B,Phi-4-mini-instruct,759,0.5321,0.8233
violation+judgment,hotpotqa,Qwen3.6-35B-A3B,Phi-4-mini-instruct,770,0.5319,0.8244
violation+judgment,hotpotqa,Qwen3.6-35B-A3B,Phi-4-mini-instruct,781,0.5324,0.8252
violation+judgment,hotpotqa,Qwen3.6-35B-A3B,Phi-4-mini-instruct,792,0.5311,0.8263
violation+judgment,hotpotqa,Qwen3.6-35B-A3B,Phi-4-mini-instruct,803,0.5309,0.8258
violation+judgment,hotpotqa,Qwen3.6-35B-A3B,Phi-4-mini-instruct,814,0.5310,0.8252
violation+judgment,hotpotqa,Qwen3.6-35B-A3B,Phi-4-mini-instruct,825,0.5314,0.8263
violation+judgment,hotpotqa,Qwen3.6-35B-A3B,Phi-4-mini-instruct,836,0.5315,0.8255
violation+judgment,hotpotqa,Qwen3.6-35B-A3B,Phi-4-mini-instruct,847,0.5318,0.8246
violation+judgment,hotpotqa,Qwen3.6-35B-A3B,Phi-4-mini-instruct,858,0.5313,0.8241
violation+judgment,hotpotqa,Qwen3.6-35B-A3B,Phi-4-mini-instruct,869,0.5319,0.8241
violation+judgment,hotpotqa,Qwen3.6-35B-A3B,Phi-4-mini-instruct,880,0.5318,0.8230
violation+judgment,hotpotqa,Qwen3.6-35B-A3B,Phi-4-mini-instruct,891,0.5316,0.8226
violation+judgment,hotpotqa,Qwen3.6-35B-A3B,Phi-4-mini-instruct,902,0.5316,0.8229
violation+judgment,hotpotqa,Qwen3.6-35B-A3B,Phi-4-mini-instruct,913,0.5316,0.8238
violation+judgment,hotpotqa,Qwen3.6-35B-A3B,Phi-4-mini-instruct,924,0.5313,0.8239
violation+judgment,hotpotqa,Qwen3.6-35B-A3B,Phi-4-mini-instruct,935,0.5318,0.8245
violation+judgment,hotpotqa,Qwen3.6-35B-A3B,Phi-4-mini-instruct,946,0.5325,0.8224
violation+judgment,hotpotqa,Qwen3.6-35B-A3B,Phi-4-mini-instruct,957,0.5320,0.8217
violation+judgment,hotpotqa,Qwen3.6-35B-A3B,Phi-4-mini-instruct,968,0.5319,0.8225
violation+judgment,hotpotqa,Qwen3.6-35B-A3B,Phi-4-mini-instruct,979,0.5320,0.8212
violation+judgment,hotpotqa,Qwen3.6-35B-A3B,Phi-4-mini-instruct,990,0.5316,0.8208
violation+judgment,hotpotqa,Qwen3.6-35B-A3B,Phi-4-mini-instruct,1001,0.5317,0.8208
violation+judgment,hotpotqa,Qwen3.6-35B-A3B,Phi-4-mini-instruct,1012,0.5319,0.8209
violation+judgment,hotpotqa,Qwen3.6-35B-A3B,Phi-4-mini-instruct,1023,0.5320,0.8208
violation+judgment,hotpotqa,Qwen3.6-35B-A3B,Phi-4-mini-instruct,1034,0.5323,0.8207
violation+judgment,hotpotqa,Qwen3.6-35B-A3B,Phi-4-mini-instruct,1045,0.5323,0.8206
violation+judgment,hotpotqa,Qwen3.6-35B-A3B,Phi-4-mini-instruct,1056,0.5324,0.8216
violation+judgment,hotpotqa,Qwen3.6-35B-A3B,Phi-4-mini-instruct,1067,0.5330,0.8209
violation+judgment,hotpotqa,Qwen3.6-35B-A3B,Phi-4-mini-instruct,1078,0.5332,0.8221
violation+judgment,hotpotqa,Qwen3.6-35B-A3B,Phi-4-mini-instruct,1089,0.5328,0.8213
violation+judgment,hotpotqa,Qwen3.6-35B-A3B,Phi-4-mini-instruct,1100,0.5330,0.8200
violation+judgment,hotpotqa,Qwen3.6-35B-A3B,Phi-4-mini-instruct,1111,0.5322,0.8201
violation+judgment,hotpotqa,Qwen3.6-35B-A3B,Phi-4-mini-instruct,1122,0.5319,0.8187
violation+judgment,hotpotqa,Qwen3.6-35B-A3B,Phi-4-mini-instruct,1133,0.5318,0.8177
violation+judgment,hotpotqa,Qwen3.6-35B-A3B,Phi-4-mini-instruct,1144,0.5327,0.8177
violation+judgment,hotpotqa,Qwen3.6-35B-A3B,Phi-4-mini-instruct,1155,0.5335,0.8174
violation+judgment,hotpotqa,Qwen3.6-35B-A3B,Phi-4-mini-instruct,1166,0.5340,0.8188
violation+judgment,hotpotqa,Qwen3.6-35B-A3B,Phi-4-mini-instruct,1177,0.5333,0.8192
violation+judgment,hotpotqa,Qwen3.6-35B-A3B,Phi-4-mini-instruct,1188,0.5334,0.8186
violation+judgment,hotpotqa,Qwen3.6-35B-A3B,Phi-4-mini-instruct,1199,0.5335,0.8181
violation+judgment,hotpotqa,Qwen3.6-35B-A3B,Phi-4-mini-instruct,1210,0.5330,0.8184
violation+judgment,hotpotqa,Qwen3.6-35B-A3B,Phi-4-mini-instruct,1221,0.5335,0.8183
violation+judgment,hotpotqa,Qwen3.6-35B-A3B,Phi-4-mini-instruct,1232,0.5333,0.8186
violation+judgment,hotpotqa,Qwen3.6-35B-A3B,Phi-4-mini-instruct,1243,0.5340,0.8186
violation+judgment,hotpotqa,Qwen3.6-35B-A3B,Phi-4-mini-instruct,1254,0.5340,0.8189
violation+judgment,hotpotqa,Qwen3.6-35B-A3B,Phi-4-mini-instruct,1265,0.5339,0.8188
violation+judgment,hotpotqa,Qwen3.6-35B-A3B,Phi-4-mini-instruct,1276,0.5341,0.8189
violation+judgment,hotpotqa,Qwen3.6-35B-A3B,Phi-4-mini-instruct,1287,0.5343,0.8202
violation+judgment,hotpotqa,Qwen3.6-35B-A3B,Phi-4-mini-instruct,1298,0.5344,0.8200
violation+judgment,hotpotqa,Qwen3.6-35B-A3B,Phi-4-mini-instruct,1309,0.5343,0.8215
violation+judgment,hotpotqa,Qwen3.6-35B-A3B,Phi-4-mini-instruct,1320,0.5342,0.8201
violation+judgment,hotpotqa,Qwen3.6-35B-A3B,Phi-4-mini-instruct,1331,0.5341,0.8201
violation+judgment,hotpotqa,Qwen3.6-35B-A3B,Phi-4-mini-instruct,1342,0.5338,0.8214
violation+judgment,hotpotqa,Qwen3.6-35B-A3B,Phi-4-mini-instruct,1353,0.5341,0.8218
violation+judgment,hotpotqa,Qwen3.6-35B-A3B,Phi-4-mini-instruct,1364,0.5341,0.8216
violation+judgment,hotpotqa,Qwen3.6-35B-A3B,Phi-4-mini-instruct,1375,0.5346,0.8215
violation+judgment,hotpotqa,Qwen3.6-35B-A3B,Phi-4-mini-instruct,1386,0.5345,0.8221
violation+judgment,hotpotqa,Qwen3.6-35B-A3B,Phi-4-mini-instruct,1397,0.5342,0.8216
violation+judgment,hotpotqa,Qwen3.6-35B-A3B,Phi-4-mini-instruct,1408,0.5348,0.8218
violation+judgment,hotpotqa,Qwen3.6-35B-A3B,Phi-4-mini-instruct,1419,0.5350,0.8217
violation+judgment,hotpotqa,Qwen3.6-35B-A3B,Phi-4-mini-instruct,1430,0.5348,0.8206
violation+judgment,hotpotqa,Qwen3.6-35B-A3B,Phi-4-mini-instruct,1441,0.5350,0.8211
violation+judgment,hotpotqa,Qwen3.6-35B-A3B,Phi-4-mini-instruct,1452,0.5353,0.8206
violation+judgment,hotpotqa,Qwen3.6-35B-A3B,Phi-4-mini-instruct,1463,0.5348,0.8205
violation+judgment,hotpotqa,Qwen3.6-35B-A3B,Phi-4-mini-instruct,1474,0.5346,0.8205
violation+judgment,hotpotqa,Qwen3.6-35B-A3B,Phi-4-mini-instruct,1485,0.5345,0.8205
violation+judgment,hotpotqa,Qwen3.6-35B-A3B,Phi-4-mini-instruct,1496,0.5352,0.8204
violation+judgment,hotpotqa,Qwen3.6-35B-A3B,Phi-4-mini-instruct,1507,0.5347,0.8192
violation+judgment,hotpotqa,Qwen3.6-35B-A3B,Phi-4-mini-instruct,1518,0.5345,0.8190
violation+judgment,hotpotqa,Qwen3.6-35B-A3B,Phi-4-mini-instruct,1529,0.5343,0.8190
violation+judgment,hotpotqa,Qwen3.6-35B-A3B,Phi-4-mini-instruct,1540,0.5344,0.8190
violation+judgment,hotpotqa,Qwen3.6-35B-A3B,Phi-4-mini-instruct,1551,0.5341,0.8191
violation+judgment,hotpotqa,Qwen3.6-35B-A3B,Phi-4-mini-instruct,1562,0.5342,0.8191
violation+judgment,hotpotqa,Qwen3.6-35B-A3B,Phi-4-mini-instruct,1573,0.5340,0.8190
violation+judgment,hotpotqa,Qwen3.6-35B-A3B,Phi-4-mini-instruct,1584,0.5338,0.8196
violation+judgment,hotpotqa,Qwen3.6-35B-A3B,Phi-4-mini-instruct,1595,0.5340,0.8200
violation+judgment,hotpotqa,Qwen3.6-35B-A3B,Phi-4-mini-instruct,1606,0.5340,0.8198
violation+judgment,hotpotqa,Qwen3.6-35B-A3B,Phi-4-mini-instruct,1617,0.5335,0.8191
violation+judgment,hotpotqa,Qwen3.6-35B-A3B,Phi-4-mini-instruct,1628,0.5333,0.8195
violation+judgment,hotpotqa,Qwen3.6-35B-A3B,Phi-4-mini-instruct,1639,0.5331,0.8192
violation+judgment,hotpotqa,Qwen3.6-35B-A3B,Phi-4-mini-instruct,1650,0.5332,0.8209
violation+judgment,hotpotqa,Qwen3.6-35B-A3B,Phi-4-mini-instruct,1661,0.5329,0.8204
violation+judgment,hotpotqa,Qwen3.6-35B-A3B,Phi-4-mini-instruct,1672,0.5330,0.8205
violation+judgment,hotpotqa,Qwen3.6-35B-A3B,Phi-4-mini-instruct,1683,0.5323,0.8205
violation+judgment,hotpotqa,Qwen3.6-35B-A3B,Phi-4-mini-instruct,1694,0.5323,0.8201
violation+judgment,hotpotqa,Qwen3.6-35B-A3B,Phi-4-mini-instruct,1705,0.5318,0.8205
violation+judgment,hotpotqa,Qwen3.6-35B-A3B,Phi-4-mini-instruct,1716,0.5321,0.8193
violation+judgment,hotpotqa,Qwen3.6-35B-A3B,Phi-4-mini-instruct,1727,0.5319,0.8196
violation+judgment,hotpotqa,Qwen3.6-35B-A3B,Phi-4-mini-instruct,1738,0.5320,0.8203
violation+judgment,hotpotqa,Qwen3.6-35B-A3B,Phi-4-mini-instruct,1749,0.5316,0.8205
violation+judgment,hotpotqa,Qwen3.6-35B-A3B,Phi-4-mini-instruct,1760,0.5310,0.8206
violation+judgment,hotpotqa,Qwen3.6-35B-A3B,Phi-4-mini-instruct,1771,0.5304,0.8204
violation+judgment,hotpotqa,Qwen3.6-35B-A3B,Phi-4-mini-instruct,1782,0.5308,0.8204
violation+judgment,hotpotqa,Qwen3.6-35B-A3B,Phi-4-mini-instruct,1793,0.5304,0.8204
violation+judgment,hotpotqa,Qwen3.6-35B-A3B,Phi-4-mini-instruct,1804,0.5307,0.8203
violation+judgment,hotpotqa,Qwen3.6-35B-A3B,Phi-4-mini-instruct,1815,0.5301,0.8197
violation+judgment,hotpotqa,Qwen3.6-35B-A3B,Phi-4-mini-instruct,1826,0.5301,0.8192
violation+judgment,hotpotqa,Qwen3.6-35B-A3B,Phi-4-mini-instruct,1837,0.5297,0.8192
violation+judgment,hotpotqa,Qwen3.6-35B-A3B,Phi-4-mini-instruct,1848,0.5299,0.8189
violation+judgment,hotpotqa,Qwen3.6-35B-A3B,Phi-4-mini-instruct,1859,0.5299,0.8190
violation+judgment,hotpotqa,Qwen3.6-35B-A3B,Phi-4-mini-instruct,1870,0.5302,0.8190
violation+judgment,hotpotqa,Qwen3.6-35B-A3B,Phi-4-mini-instruct,1881,0.5304,0.8183
violation+judgment,hotpotqa,Qwen3.6-35B-A3B,Phi-4-mini-instruct,1892,0.5304,0.8189
violation+judgment,hotpotqa,Qwen3.6-35B-A3B,Phi-4-mini-instruct,1903,0.5306,0.8185
violation+judgment,hotpotqa,Qwen3.6-35B-A3B,Phi-4-mini-instruct,1914,0.5306,0.8184
violation+judgment,hotpotqa,Qwen3.6-35B-A3B,Phi-4-mini-instruct,1925,0.5304,0.8176
violation+judgment,hotpotqa,Qwen3.6-35B-A3B,Phi-4-mini-instruct,1936,0.5300,0.8182
violation+judgment,hotpotqa,Qwen3.6-35B-A3B,Phi-4-mini-instruct,1947,0.5297,0.8187
violation+judgment,hotpotqa,Qwen3.6-35B-A3B,Phi-4-mini-instruct,1958,0.5296,0.8187
violation+judgment,hotpotqa,Qwen3.6-35B-A3B,Phi-4-mini-instruct,1969,0.5294,0.8187
violation+judgment,hotpotqa,Qwen3.6-35B-A3B,Phi-4-mini-instruct,1980,0.5292,0.8188
violation+judgment,hotpotqa,Qwen3.6-35B-A3B,Phi-4-mini-instruct,1991,0.5292,0.8187
violation+judgment,hotpotqa,Qwen3.6-35B-A3B,Phi-4-mini-instruct,2002,0.5296,0.8188
violation+judgment,hotpotqa,Qwen3.6-35B-A3B,Phi-4-mini-instruct,2013,0.5296,0.8186
violation+judgment,hotpotqa,Qwen3.6-35B-A3B,Phi-4-mini-instruct,2024,0.5293,0.8180
violation+judgment,hotpotqa,Qwen3.6-35B-A3B,Phi-4-mini-instruct,2035,0.5293,0.8185
violation+judgment,hotpotqa,Qwen3.6-35B-A3B,Phi-4-mini-instruct,2046,0.5294,0.8187
violation+judgment,hotpotqa,Qwen3.6-35B-A3B,Phi-4-mini-instruct,2057,0.5296,0.8183
violation+judgment,hotpotqa,Qwen3.6-35B-A3B,Phi-4-mini-instruct,2068,0.5294,0.8176
violation+judgment,hotpotqa,Qwen3.6-35B-A3B,Phi-4-mini-instruct,2079,0.5293,0.8175
violation+judgment,hotpotqa,Qwen3.6-35B-A3B,Phi-4-mini-instruct,2090,0.5296,0.8173
violation+judgment,hotpotqa,Qwen3.6-35B-A3B,Phi-4-mini-instruct,2101,0.5297,0.8173
violation+judgment,hotpotqa,Qwen3.6-35B-A3B,Phi-4-mini-instruct,2112,0.5295,0.8173
violation+judgment,hotpotqa,Qwen3.6-35B-A3B,Phi-4-mini-instruct,2123,0.5298,0.8172
violation+judgment,hotpotqa,Qwen3.6-35B-A3B,Phi-4-mini-instruct,2134,0.5295,0.8172
violation+judgment,hotpotqa,Qwen3.6-35B-A3B,Phi-4-mini-instruct,2145,0.5293,0.8172
violation+judgment,hotpotqa,Qwen3.6-35B-A3B,Phi-4-mini-instruct,2156,0.5292,0.8172
violation+judgment,hotpotqa,Qwen3.6-35B-A3B,Phi-4-mini-instruct,2167,0.5293,0.8170
violation+judgment,hotpotqa,Qwen3.6-35B-A3B,Phi-4-mini-instruct,2178,0.5291,0.8160
violation+judgment,hotpotqa,Qwen3.6-35B-A3B,Phi-4-mini-instruct,2189,0.5294,0.8160
violation+judgment,hotpotqa,Qwen3.6-35B-A3B,Phi-4-mini-instruct,2200,0.5294,0.8161
violation+judgment,hotpotqa,Qwen3.6-35B-A3B,Phi-4-mini-instruct,2211,0.5294,0.8161
violation+judgment,hotpotqa,Qwen3.6-35B-A3B,Phi-4-mini-instruct,2222,0.5295,0.8161
violation+judgment,hotpotqa,Qwen3.6-35B-A3B,Phi-4-mini-instruct,2233,0.5294,0.8160
violation+judgment,hotpotqa,Qwen3.6-35B-A3B,Phi-4-mini-instruct,2244,0.5294,0.8160
violation+judgment,hotpotqa,Qwen3.6-35B-A3B,Phi-4-mini-instruct,2255,0.5295,0.8160
violation+judgment,hotpotqa,Qwen3.6-35B-A3B,Phi-4-mini-instruct,2266,0.5297,0.8160
violation+judgment,hotpotqa,Qwen3.6-35B-A3B,Phi-4-mini-instruct,2277,0.5296,0.8160
violation+judgment,hotpotqa,Qwen3.6-35B-A3B,Qwen3.6-35B-A3B,0,0.4486,0.7966
violation+judgment,hotpotqa,Qwen3.6-35B-A3B,Qwen3.6-35B-A3B,8,0.4486,0.7966
violation+judgment,hotpotqa,Qwen3.6-35B-A3B,Qwen3.6-35B-A3B,16,0.4486,0.7966
violation+judgment,hotpotqa,Qwen3.6-35B-A3B,Qwen3.6-35B-A3B,24,0.4486,0.7966
violation+judgment,hotpotqa,Qwen3.6-35B-A3B,Qwen3.6-35B-A3B,32,0.4486,0.7966
violation+judgment,hotpotqa,Qwen3.6-35B-A3B,Qwen3.6-35B-A3B,40,0.4486,0.7966
violation+judgment,hotpotqa,Qwen3.6-35B-A3B,Qwen3.6-35B-A3B,48,0.4486,0.7966
violation+judgment,hotpotqa,Qwen3.6-35B-A3B,Qwen3.6-35B-A3B,56,0.4486,0.7966
violation+judgment,hotpotqa,Qwen3.6-35B-A3B,Qwen3.6-35B-A3B,64,0.4486,0.7966
violation+judgment,hotpotqa,Qwen3.6-35B-A3B,Qwen3.6-35B-A3B,72,0.4486,0.7966
violation+judgment,hotpotqa,Qwen3.6-35B-A3B,Qwen3.6-35B-A3B,80,0.4486,0.7966
violation+judgment,hotpotqa,Qwen3.6-35B-A3B,Qwen3.6-35B-A3B,88,0.4486,0.7966
violation+judgment,hotpotqa,Qwen3.6-35B-A3B,Qwen3.6-35B-A3B,96,0.4486,0.7966
violation+judgment,hotpotqa,Qwen3.6-35B-A3B,Qwen3.6-35B-A3B,104,0.0618,0.7736
violation+judgment,hotpotqa,Qwen3.6-35B-A3B,Qwen3.6-35B-A3B,112,0.0540,0.7787
violation+judgment,hotpotqa,Qwen3.6-35B-A3B,Qwen3.6-35B-A3B,120,0.0492,0.7844
violation+judgment,hotpotqa,Qwen3.6-35B-A3B,Qwen3.6-35B-A3B,128,0.0477,0.7931
violation+judgment,hotpotqa,Qwen3.6-35B-A3B,Qwen3.6-35B-A3B,136,0.0473,0.8002
violation+judgment,hotpotqa,Qwen3.6-35B-A3B,Qwen3.6-35B-A3B,144,0.0456,0.8035
violation+judgment,hotpotqa,Qwen3.6-35B-A3B,Qwen3.6-35B-A3B,152,0.0431,0.8090
violation+judgment,hotpotqa,Qwen3.6-35B-A3B,Qwen3.6-35B-A3B,160,0.0428,0.8043
violation+judgment,hotpotqa,Qwen3.6-35B-A3B,Qwen3.6-35B-A3B,168,0.0444,0.8107
violation+judgment,hotpotqa,Qwen3.6-35B-A3B,Qwen3.6-35B-A3B,176,0.0442,0.8087
violation+judgment,hotpotqa,Qwen3.6-35B-A3B,Qwen3.6-35B-A3B,184,0.0434,0.8103
violation+judgment,hotpotqa,Qwen3.6-35B-A3B,Qwen3.6-35B-A3B,192,0.0423,0.8114
violation+judgment,hotpotqa,Qwen3.6-35B-A3B,Qwen3.6-35B-A3B,200,0.0414,0.8142
violation+judgment,hotpotqa,Qwen3.6-35B-A3B,Qwen3.6-35B-A3B,208,0.0383,0.8189
violation+judgment,hotpotqa,Qwen3.6-35B-A3B,Qwen3.6-35B-A3B,216,0.0367,0.8202
violation+judgment,hotpotqa,Qwen3.6-35B-A3B,Qwen3.6-35B-A3B,224,0.0371,0.8210
violation+judgment,hotpotqa,Qwen3.6-35B-A3B,Qwen3.6-35B-A3B,232,0.0351,0.8237
violation+judgment,hotpotqa,Qwen3.6-35B-A3B,Qwen3.6-35B-A3B,240,0.0352,0.8205
violation+judgment,hotpotqa,Qwen3.6-35B-A3B,Qwen3.6-35B-A3B,248,0.0350,0.8215
violation+judgment,hotpotqa,Qwen3.6-35B-A3B,Qwen3.6-35B-A3B,256,0.0354,0.8234
violation+judgment,hotpotqa,Qwen3.6-35B-A3B,Qwen3.6-35B-A3B,264,0.0350,0.8250
violation+judgment,hotpotqa,Qwen3.6-35B-A3B,Qwen3.6-35B-A3B,272,0.0355,0.8252
violation+judgment,hotpotqa,Qwen3.6-35B-A3B,Qwen3.6-35B-A3B,280,0.0356,0.8247
violation+judgment,hotpotqa,Qwen3.6-35B-A3B,Qwen3.6-35B-A3B,288,0.0352,0.8262
violation+judgment,hotpotqa,Qwen3.6-35B-A3B,Qwen3.6-35B-A3B,296,0.0360,0.8276
violation+judgment,hotpotqa,Qwen3.6-35B-A3B,Qwen3.6-35B-A3B,304,0.0358,0.8272
violation+judgment,hotpotqa,Qwen3.6-35B-A3B,Qwen3.6-35B-A3B,312,0.0350,0.8305
violation+judgment,hotpotqa,Qwen3.6-35B-A3B,Qwen3.6-35B-A3B,320,0.0346,0.8293
violation+judgment,hotpotqa,Qwen3.6-35B-A3B,Qwen3.6-35B-A3B,328,0.0353,0.8298
violation+judgment,hotpotqa,Qwen3.6-35B-A3B,Qwen3.6-35B-A3B,336,0.0348,0.8295
violation+judgment,hotpotqa,Qwen3.6-35B-A3B,Qwen3.6-35B-A3B,344,0.0352,0.8279
violation+judgment,hotpotqa,Qwen3.6-35B-A3B,Qwen3.6-35B-A3B,352,0.0348,0.8265
violation+judgment,hotpotqa,Qwen3.6-35B-A3B,Qwen3.6-35B-A3B,360,0.0337,0.8298
violation+judgment,hotpotqa,Qwen3.6-35B-A3B,Qwen3.6-35B-A3B,368,0.0320,0.8309
violation+judgment,hotpotqa,Qwen3.6-35B-A3B,Qwen3.6-35B-A3B,376,0.0319,0.8305
violation+judgment,hotpotqa,Qwen3.6-35B-A3B,Qwen3.6-35B-A3B,384,0.0319,0.8297
violation+judgment,hotpotqa,Qwen3.6-35B-A3B,Qwen3.6-35B-A3B,392,0.0333,0.8293
violation+judgment,hotpotqa,Qwen3.6-35B-A3B,Qwen3.6-35B-A3B,400,0.0349,0.8271
violation+judgment,hotpotqa,Qwen3.6-35B-A3B,Qwen3.6-35B-A3B,408,0.0334,0.8289
violation+judgment,hotpotqa,Qwen3.6-35B-A3B,Qwen3.6-35B-A3B,416,0.0333,0.8309
violation+judgment,hotpotqa,Qwen3.6-35B-A3B,Qwen3.6-35B-A3B,424,0.0326,0.8304
violation+judgment,hotpotqa,Qwen3.6-35B-A3B,Qwen3.6-35B-A3B,432,0.0336,0.8295
violation+judgment,hotpotqa,Qwen3.6-35B-A3B,Qwen3.6-35B-A3B,440,0.0331,0.8311
violation+judgment,hotpotqa,Qwen3.6-35B-A3B,Qwen3.6-35B-A3B,448,0.0329,0.8318
violation+judgment,hotpotqa,Qwen3.6-35B-A3B,Qwen3.6-35B-A3B,456,0.0334,0.8322
violation+judgment,hotpotqa,Qwen3.6-35B-A3B,Qwen3.6-35B-A3B,464,0.0332,0.8317
violation+judgment,hotpotqa,Qwen3.6-35B-A3B,Qwen3.6-35B-A3B,472,0.0334,0.8306
violation+judgment,hotpotqa,Qwen3.6-35B-A3B,Qwen3.6-35B-A3B,480,0.0337,0.8293
violation+judgment,hotpotqa,Qwen3.6-35B-A3B,Qwen3.6-35B-A3B,488,0.0337,0.8280
violation+judgment,hotpotqa,Qwen3.6-35B-A3B,Qwen3.6-35B-A3B,496,0.0331,0.8279
violation+judgment,hotpotqa,Qwen3.6-35B-A3B,Qwen3.6-35B-A3B,504,0.0328,0.8289
violation+judgment,hotpotqa,Qwen3.6-35B-A3B,Qwen3.6-35B-A3B,512,0.0328,0.8285
violation+judgment,hotpotqa,Qwen3.6-35B-A3B,Qwen3.6-35B-A3B,520,0.0328,0.8273
violation+judgment,hotpotqa,Qwen3.6-35B-A3B,Qwen3.6-35B-A3B,528,0.0331,0.8257
violation+judgment,hotpotqa,Qwen3.6-35B-A3B,Qwen3.6-35B-A3B,536,0.0326,0.8262
violation+judgment,hotpotqa,Qwen3.6-35B-A3B,Qwen3.6-35B-A3B,544,0.0318,0.8276
violation+judgment,hotpotqa,Qwen3.6-35B-A3B,Qwen3.6-35B-A3B,552,0.0315,0.8291
violation+judgment,hotpotqa,Qwen3.6-35B-A3B,Qwen3.6-35B-A3B,560,0.0310,0.8286
violation+judgment,hotpotqa,Qwen3.6-35B-A3B,Qwen3.6-35B-A3B,568,0.0311,0.8269
violation+judgment,hotpotqa,Qwen3.6-35B-A3B,Qwen3.6-35B-A3B,576,0.0299,0.8306
violation+judgment,hotpotqa,Qwen3.6-35B-A3B,Qwen3.6-35B-A3B,584,0.0302,0.8296
violation+judgment,hotpotqa,Qwen3.6-35B-A3B,Qwen3.6-35B-A3B,592,0.0302,0.8331
violation+judgment,hotpotqa,Qwen3.6-35B-A3B,Qwen3.6-35B-A3B,600,0.0306,0.8309
violation+judgment,hotpotqa,Qwen3.6-35B-A3B,Qwen3.6-35B-A3B,608,0.0320,0.8303
violation+judgment,hotpotqa,Qwen3.6-35B-A3B,Qwen3.6-35B-A3B,616,0.0328,0.8274
violation+judgment,hotpotqa,Qwen3.6-35B-A3B,Qwen3.6-35B-A3B,624,0.0331,0.8284
violation+judgment,hotpotqa,Qwen3.6-35B-A3B,Qwen3.6-35B-A3B,632,0.0332,0.8282
violation+judgment,hotpotqa,Qwen3.6-35B-A3B,Qwen3.6-35B-A3B,640,0.0336,0.8292
violation+judgment,hotpotqa,Qwen3.6-35B-A3B,Qwen3.6-35B-A3B,648,0.0343,0.8277
violation+judgment,hotpotqa,Qwen3.6-35B-A3B,Qwen3.6-35B-A3B,656,0.0343,0.8283
violation+judgment,hotpotqa,Qwen3.6-35B-A3B,Qwen3.6-35B-A3B,664,0.0350,0.8282
violation+judgment,hotpotqa,Qwen3.6-35B-A3B,Qwen3.6-35B-A3B,672,0.0354,0.8277
violation+judgment,hotpotqa,Qwen3.6-35B-A3B,Qwen3.6-35B-A3B,680,0.0354,0.8271
violation+judgment,hotpotqa,Qwen3.6-35B-A3B,Qwen3.6-35B-A3B,688,0.0342,0.8281
violation+judgment,hotpotqa,Qwen3.6-35B-A3B,Qwen3.6-35B-A3B,696,0.0342,0.8278
violation+judgment,hotpotqa,Qwen3.6-35B-A3B,Qwen3.6-35B-A3B,704,0.0342,0.8273
violation+judgment,hotpotqa,Qwen3.6-35B-A3B,Qwen3.6-35B-A3B,712,0.0343,0.8269
violation+judgment,hotpotqa,Qwen3.6-35B-A3B,Qwen3.6-35B-A3B,720,0.0347,0.8258
violation+judgment,hotpotqa,Qwen3.6-35B-A3B,Qwen3.6-35B-A3B,728,0.0336,0.8257
violation+judgment,hotpotqa,Qwen3.6-35B-A3B,Qwen3.6-35B-A3B,736,0.0331,0.8269
violation+judgment,hotpotqa,Qwen3.6-35B-A3B,Qwen3.6-35B-A3B,744,0.0345,0.8254
violation+judgment,hotpotqa,Qwen3.6-35B-A3B,Qwen3.6-35B-A3B,752,0.0347,0.8253
violation+judgment,hotpotqa,Qwen3.6-35B-A3B,Qwen3.6-35B-A3B,760,0.0345,0.8257
violation+judgment,hotpotqa,Qwen3.6-35B-A3B,Qwen3.6-35B-A3B,768,0.0344,0.8262
violation+judgment,hotpotqa,Qwen3.6-35B-A3B,Qwen3.6-35B-A3B,776,0.0345,0.8263
violation+judgment,hotpotqa,Qwen3.6-35B-A3B,Qwen3.6-35B-A3B,784,0.0341,0.8266
violation+judgment,hotpotqa,Qwen3.6-35B-A3B,Qwen3.6-35B-A3B,792,0.0337,0.8256
violation+judgment,hotpotqa,Qwen3.6-35B-A3B,Qwen3.6-35B-A3B,800,0.0341,0.8265
violation+judgment,hotpotqa,Qwen3.6-35B-A3B,Qwen3.6-35B-A3B,808,0.0337,0.8271
violation+judgment,hotpotqa,Qwen3.6-35B-A3B,Qwen3.6-35B-A3B,816,0.0333,0.8264
violation+judgment,hotpotqa,Qwen3.6-35B-A3B,Qwen3.6-35B-A3B,824,0.0337,0.8269
violation+judgment,hotpotqa,Qwen3.6-35B-A3B,Qwen3.6-35B-A3B,832,0.0342,0.8280
violation+judgment,hotpotqa,Qwen3.6-35B-A3B,Qwen3.6-35B-A3B,840,0.0342,0.8286
violation+judgment,hotpotqa,Qwen3.6-35B-A3B,Qwen3.6-35B-A3B,848,0.0348,0.8263
violation+judgment,hotpotqa,Qwen3.6-35B-A3B,Qwen3.6-35B-A3B,856,0.0343,0.8260
violation+judgment,hotpotqa,Qwen3.6-35B-A3B,Qwen3.6-35B-A3B,864,0.0348,0.8248
violation+judgment,hotpotqa,Qwen3.6-35B-A3B,Qwen3.6-35B-A3B,872,0.0348,0.8251
violation+judgment,hotpotqa,Qwen3.6-35B-A3B,Qwen3.6-35B-A3B,880,0.0347,0.8256
violation+judgment,hotpotqa,Qwen3.6-35B-A3B,Qwen3.6-35B-A3B,888,0.0348,0.8263
violation+judgment,hotpotqa,Qwen3.6-35B-A3B,Qwen3.6-35B-A3B,896,0.0350,0.8245
violation+judgment,hotpotqa,Qwen3.6-35B-A3B,Qwen3.6-35B-A3B,904,0.0352,0.8247
violation+judgment,hotpotqa,Qwen3.6-35B-A3B,Qwen3.6-35B-A3B,912,0.0342,0.8268
violation+judgment,hotpotqa,Qwen3.6-35B-A3B,Qwen3.6-35B-A3B,920,0.0344,0.8281
violation+judgment,hotpotqa,Qwen3.6-35B-A3B,Qwen3.6-35B-A3B,928,0.0338,0.8283
violation+judgment,hotpotqa,Qwen3.6-35B-A3B,Qwen3.6-35B-A3B,936,0.0348,0.8266
violation+judgment,hotpotqa,Qwen3.6-35B-A3B,Qwen3.6-35B-A3B,944,0.0346,0.8269
violation+judgment,hotpotqa,Qwen3.6-35B-A3B,Qwen3.6-35B-A3B,952,0.0348,0.8260
violation+judgment,hotpotqa,Qwen3.6-35B-A3B,Qwen3.6-35B-A3B,960,0.0353,0.8252
violation+judgment,hotpotqa,Qwen3.6-35B-A3B,Qwen3.6-35B-A3B,968,0.0356,0.8238
violation+judgment,hotpotqa,Qwen3.6-35B-A3B,Qwen3.6-35B-A3B,976,0.0352,0.8236
violation+judgment,hotpotqa,Qwen3.6-35B-A3B,Qwen3.6-35B-A3B,984,0.0358,0.8232
violation+judgment,hotpotqa,Qwen3.6-35B-A3B,Qwen3.6-35B-A3B,992,0.0362,0.8224
violation+judgment,hotpotqa,Qwen3.6-35B-A3B,Qwen3.6-35B-A3B,1000,0.0365,0.8217
violation+judgment,hotpotqa,Qwen3.6-35B-A3B,Qwen3.6-35B-A3B,1008,0.0365,0.8211
violation+judgment,hotpotqa,Qwen3.6-35B-A3B,Qwen3.6-35B-A3B,1016,0.0361,0.8227
violation+judgment,hotpotqa,Qwen3.6-35B-A3B,Qwen3.6-35B-A3B,1024,0.0358,0.8224
violation+judgment,hotpotqa,Qwen3.6-35B-A3B,Qwen3.6-35B-A3B,1032,0.0354,0.8247
violation+judgment,hotpotqa,Qwen3.6-35B-A3B,Qwen3.6-35B-A3B,1040,0.0359,0.8224
violation+judgment,hotpotqa,Qwen3.6-35B-A3B,Qwen3.6-35B-A3B,1048,0.0356,0.8248
violation+judgment,hotpotqa,Qwen3.6-35B-A3B,Qwen3.6-35B-A3B,1056,0.0359,0.8235
violation+judgment,hotpotqa,Qwen3.6-35B-A3B,Qwen3.6-35B-A3B,1064,0.0355,0.8258
violation+judgment,hotpotqa,Qwen3.6-35B-A3B,Qwen3.6-35B-A3B,1072,0.0356,0.8240
violation+judgment,hotpotqa,Qwen3.6-35B-A3B,Qwen3.6-35B-A3B,1080,0.0351,0.8242
violation+judgment,hotpotqa,Qwen3.6-35B-A3B,Qwen3.6-35B-A3B,1088,0.0350,0.8230
violation+judgment,hotpotqa,Qwen3.6-35B-A3B,Qwen3.6-35B-A3B,1096,0.0351,0.8241
violation+judgment,hotpotqa,Qwen3.6-35B-A3B,Qwen3.6-35B-A3B,1104,0.0349,0.8256
violation+judgment,hotpotqa,Qwen3.6-35B-A3B,Qwen3.6-35B-A3B,1112,0.0353,0.8239
violation+judgment,hotpotqa,Qwen3.6-35B-A3B,Qwen3.6-35B-A3B,1120,0.0355,0.8245
violation+judgment,hotpotqa,Qwen3.6-35B-A3B,Qwen3.6-35B-A3B,1128,0.0349,0.8255
violation+judgment,hotpotqa,Qwen3.6-35B-A3B,Qwen3.6-35B-A3B,1136,0.0346,0.8259
violation+judgment,hotpotqa,Qwen3.6-35B-A3B,Qwen3.6-35B-A3B,1144,0.0346,0.8237
violation+judgment,hotpotqa,Qwen3.6-35B-A3B,Qwen3.6-35B-A3B,1152,0.0346,0.8254
violation+judgment,hotpotqa,Qwen3.6-35B-A3B,Qwen3.6-35B-A3B,1160,0.0350,0.8221
violation+judgment,hotpotqa,Qwen3.6-35B-A3B,Qwen3.6-35B-A3B,1168,0.0349,0.8227
violation+judgment,hotpotqa,Qwen3.6-35B-A3B,Qwen3.6-35B-A3B,1176,0.0350,0.8224
violation+judgment,hotpotqa,Qwen3.6-35B-A3B,Qwen3.6-35B-A3B,1184,0.0350,0.8238
violation+judgment,hotpotqa,Qwen3.6-35B-A3B,Qwen3.6-35B-A3B,1192,0.0349,0.8249
violation+judgment,hotpotqa,Qwen3.6-35B-A3B,Qwen3.6-35B-A3B,1200,0.0353,0.8237
violation+judgment,hotpotqa,Qwen3.6-35B-A3B,Qwen3.6-35B-A3B,1208,0.0356,0.8249
violation+judgment,hotpotqa,Qwen3.6-35B-A3B,Qwen3.6-35B-A3B,1216,0.0355,0.8243
violation+judgment,hotpotqa,Qwen3.6-35B-A3B,Qwen3.6-35B-A3B,1224,0.0358,0.8238
violation+judgment,hotpotqa,Qwen3.6-35B-A3B,Qwen3.6-35B-A3B,1232,0.0362,0.8236
violation+judgment,hotpotqa,Qwen3.6-35B-A3B,Qwen3.6-35B-A3B,1240,0.0366,0.8230
violation+judgment,hotpotqa,Qwen3.6-35B-A3B,Qwen3.6-35B-A3B,1248,0.0363,0.8222
violation+judgment,hotpotqa,Qwen3.6-35B-A3B,Qwen3.6-35B-A3B,1256,0.0360,0.8233
violation+judgment,hotpotqa,Qwen3.6-35B-A3B,Qwen3.6-35B-A3B,1264,0.0361,0.8239
violation+judgment,hotpotqa,Qwen3.6-35B-A3B,Qwen3.6-35B-A3B,1272,0.0360,0.8241
violation+judgment,hotpotqa,Qwen3.6-35B-A3B,Qwen3.6-35B-A3B,1280,0.0362,0.8246
violation+judgment,hotpotqa,Qwen3.6-35B-A3B,Qwen3.6-35B-A3B,1288,0.0364,0.8236
violation+judgment,hotpotqa,Qwen3.6-35B-A3B,Qwen3.6-35B-A3B,1296,0.0362,0.8235
violation+judgment,hotpotqa,Qwen3.6-35B-A3B,Qwen3.6-35B-A3B,1304,0.0361,0.8236
violation+judgment,hotpotqa,Qwen3.6-35B-A3B,Qwen3.6-35B-A3B,1312,0.0363,0.8235
violation+judgment,hotpotqa,Qwen3.6-35B-A3B,Qwen3.6-35B-A3B,1320,0.0363,0.8232
violation+judgment,hotpotqa,Qwen3.6-35B-A3B,Qwen3.6-35B-A3B,1328,0.0362,0.8224
violation+judgment,hotpotqa,Qwen3.6-35B-A3B,Qwen3.6-35B-A3B,1336,0.0361,0.8231
violation+judgment,hotpotqa,Qwen3.6-35B-A3B,Qwen3.6-35B-A3B,1344,0.0365,0.8223
violation+judgment,hotpotqa,Qwen3.6-35B-A3B,Qwen3.6-35B-A3B,1352,0.0366,0.8220
violation+judgment,hotpotqa,Qwen3.6-35B-A3B,Qwen3.6-35B-A3B,1360,0.0368,0.8218
violation+judgment,hotpotqa,Qwen3.6-35B-A3B,Qwen3.6-35B-A3B,1368,0.0367,0.8214
violation+judgment,hotpotqa,Qwen3.6-35B-A3B,Qwen3.6-35B-A3B,1376,0.0364,0.8214
violation+judgment,hotpotqa,Qwen3.6-35B-A3B,Qwen3.6-35B-A3B,1384,0.0362,0.8222
violation+judgment,hotpotqa,Qwen3.6-35B-A3B,Qwen3.6-35B-A3B,1392,0.0360,0.8230
violation+judgment,hotpotqa,Qwen3.6-35B-A3B,Qwen3.6-35B-A3B,1400,0.0360,0.8212
violation+judgment,hotpotqa,Qwen3.6-35B-A3B,Qwen3.6-35B-A3B,1408,0.0353,0.8234
violation+judgment,hotpotqa,Qwen3.6-35B-A3B,Qwen3.6-35B-A3B,1416,0.0356,0.8235
violation+judgment,hotpotqa,Qwen3.6-35B-A3B,Qwen3.6-35B-A3B,1424,0.0355,0.8240
violation+judgment,hotpotqa,Qwen3.6-35B-A3B,Qwen3.6-35B-A3B,1432,0.0354,0.8238
violation+judgment,hotpotqa,Qwen3.6-35B-A3B,Qwen3.6-35B-A3B,1440,0.0355,0.8234
violation+judgment,hotpotqa,Qwen3.6-35B-A3B,Qwen3.6-35B-A3B,1448,0.0355,0.8262
violation+judgment,hotpotqa,Qwen3.6-35B-A3B,Qwen3.6-35B-A3B,1456,0.0352,0.8273
violation+judgment,hotpotqa,Qwen3.6-35B-A3B,Qwen3.6-35B-A3B,1464,0.0354,0.8256
violation+judgment,hotpotqa,Qwen3.6-35B-A3B,Qwen3.6-35B-A3B,1472,0.0353,0.8255
violation+judgment,hotpotqa,Qwen3.6-35B-A3B,Qwen3.6-35B-A3B,1480,0.0354,0.8258
violation+judgment,hotpotqa,Qwen3.6-35B-A3B,Qwen3.6-35B-A3B,1488,0.0348,0.8269
violation+judgment,hotpotqa,Qwen3.6-35B-A3B,Qwen3.6-35B-A3B,1496,0.0349,0.8266
violation+judgment,hotpotqa,Qwen3.6-35B-A3B,Qwen3.6-35B-A3B,1504,0.0349,0.8264
violation+judgment,hotpotqa,Qwen3.6-35B-A3B,Qwen3.6-35B-A3B,1512,0.0348,0.8278
violation+judgment,hotpotqa,Qwen3.6-35B-A3B,Qwen3.6-35B-A3B,1520,0.0351,0.8257
violation+judgment,hotpotqa,Qwen3.6-35B-A3B,Qwen3.6-35B-A3B,1528,0.0349,0.8244
violation+judgment,hotpotqa,Qwen3.6-35B-A3B,Qwen3.6-35B-A3B,1536,0.0346,0.8270
violation+judgment,hotpotqa,Qwen3.6-35B-A3B,Qwen3.6-35B-A3B,1544,0.0345,0.8255
violation+judgment,hotpotqa,Qwen3.6-35B-A3B,Qwen3.6-35B-A3B,1552,0.0345,0.8257
violation+judgment,hotpotqa,Qwen3.6-35B-A3B,Qwen3.6-35B-A3B,1560,0.0347,0.8249
violation+judgment,hotpotqa,Qwen3.6-35B-A3B,Qwen3.6-35B-A3B,1568,0.0354,0.8235
violation+judgment,hotpotqa,Qwen3.6-35B-A3B,Qwen3.6-35B-A3B,1576,0.0352,0.8238
violation+judgment,hotpotqa,Qwen3.6-35B-A3B,Qwen3.6-35B-A3B,1584,0.0351,0.8242
violation+judgment,hotpotqa,Qwen3.6-35B-A3B,Qwen3.6-35B-A3B,1592,0.0351,0.8238
violation+judgment,hotpotqa,Qwen3.6-35B-A3B,Qwen3.6-35B-A3B,1600,0.0356,0.8222
violation+judgment,hotpotqa,Qwen3.6-35B-A3B,Qwen3.6-35B-A3B,1608,0.0355,0.8242
violation+judgment,hotpotqa,Qwen3.6-35B-A3B,Qwen3.6-35B-A3B,1616,0.0356,0.8222
violation+judgment,hotpotqa,Qwen3.6-35B-A3B,Qwen3.6-35B-A3B,1624,0.0356,0.8229
violation+judgment,hotpotqa,Qwen3.6-35B-A3B,Qwen3.6-35B-A3B,1632,0.0352,0.8242
violation+judgment,hotpotqa,Qwen3.6-35B-A3B,Qwen3.6-35B-A3B,1640,0.0351,0.8247
violation+judgment,hotpotqa,Qwen3.6-35B-A3B,Qwen3.6-35B-A3B,1648,0.0353,0.8244
violation+judgment,hotpotqa,Qwen3.6-35B-A3B,Qwen3.6-35B-A3B,1656,0.0352,0.8249
violation+judgment,hotpotqa,Qwen3.6-35B-A3B,Qwen3.6-35B-A3B,1664,0.0348,0.8258
violation+judgment,hotpotqa,Qwen3.6-35B-A3B,Qwen3.6-35B-A3B,1672,0.0351,0.8250
violation+judgment,hotpotqa,Qwen3.6-35B-A3B,Qwen3.6-35B-A3B,1680,0.0350,0.8240
violation+judgment,hotpotqa,Qwen3.6-35B-A3B,Qwen3.6-35B-A3B,1688,0.0354,0.8247
violation+judgment,hotpotqa,Qwen3.6-35B-A3B,Qwen3.6-35B-A3B,1696,0.0356,0.8244
violation+judgment,hotpotqa,Qwen3.6-35B-A3B,Qwen3.6-35B-A3B,1704,0.0358,0.8236
violation+judgment,hotpotqa,Qwen3.6-35B-A3B,Qwen3.6-35B-A3B,1712,0.0356,0.8230
violation+judgment,hotpotqa,Qwen3.6-35B-A3B,Qwen3.6-35B-A3B,1720,0.0356,0.8232
violation+judgment,hotpotqa,Qwen3.6-35B-A3B,Qwen3.6-35B-A3B,1728,0.0355,0.8239
violation+judgment,hotpotqa,Qwen3.6-35B-A3B,Qwen3.6-35B-A3B,1736,0.0354,0.8219
violation+judgment,hotpotqa,Qwen3.6-35B-A3B,Qwen3.6-35B-A3B,1744,0.0355,0.8208
violation+judgment,hotpotqa,Qwen3.6-35B-A3B,Qwen3.6-35B-A3B,1752,0.0353,0.8243
violation+judgment,hotpotqa,Qwen3.6-35B-A3B,Qwen3.6-35B-A3B,1760,0.0351,0.8247
violation+judgment,hotpotqa,Qwen3.6-35B-A3B,Qwen3.6-35B-A3B,1768,0.0352,0.8220
violation+judgment,hotpotqa,Qwen3.6-35B-A3B,Qwen3.6-35B-A3B,1776,0.0354,0.8220
violation+judgment,hotpotqa,Qwen3.6-35B-A3B,Qwen3.6-35B-A3B,1784,0.0355,0.8194
violation+judgment,hotpotqa,Qwen3.6-35B-A3B,gemma-3-4b-it,0,0.3550,0.8146
violation+judgment,hotpotqa,Qwen3.6-35B-A3B,gemma-3-4b-it,11,0.3550,0.8146
violation+judgment,hotpotqa,Qwen3.6-35B-A3B,gemma-3-4b-it,22,0.3550,0.8146
violation+judgment,hotpotqa,Qwen3.6-35B-A3B,gemma-3-4b-it,33,0.3550,0.8146
violation+judgment,hotpotqa,Qwen3.6-35B-A3B,gemma-3-4b-it,44,0.3550,0.8146
violation+judgment,hotpotqa,Qwen3.6-35B-A3B,gemma-3-4b-it,55,0.3550,0.8146
violation+judgment,hotpotqa,Qwen3.6-35B-A3B,gemma-3-4b-it,66,0.3550,0.8146
violation+judgment,hotpotqa,Qwen3.6-35B-A3B,gemma-3-4b-it,77,0.3550,0.8146
violation+judgment,hotpotqa,Qwen3.6-35B-A3B,gemma-3-4b-it,88,0.3550,0.8146
violation+judgment,hotpotqa,Qwen3.6-35B-A3B,gemma-3-4b-it,99,0.3550,0.8146
violation+judgment,hotpotqa,Qwen3.6-35B-A3B,gemma-3-4b-it,110,0.4479,0.7875
violation+judgment,hotpotqa,Qwen3.6-35B-A3B,gemma-3-4b-it,121,0.4482,0.7926
violation+judgment,hotpotqa,Qwen3.6-35B-A3B,gemma-3-4b-it,132,0.4525,0.7928
violation+judgment,hotpotqa,Qwen3.6-35B-A3B,gemma-3-4b-it,143,0.4460,0.7912
violation+judgment,hotpotqa,Qwen3.6-35B-A3B,gemma-3-4b-it,154,0.4483,0.7925
violation+judgment,hotpotqa,Qwen3.6-35B-A3B,gemma-3-4b-it,165,0.4496,0.7898
violation+judgment,hotpotqa,Qwen3.6-35B-A3B,gemma-3-4b-it,176,0.4536,0.7934
violation+judgment,hotpotqa,Qwen3.6-35B-A3B,gemma-3-4b-it,187,0.4578,0.7952
violation+judgment,hotpotqa,Qwen3.6-35B-A3B,gemma-3-4b-it,198,0.4599,0.7981
violation+judgment,hotpotqa,Qwen3.6-35B-A3B,gemma-3-4b-it,209,0.4553,0.7980
violation+judgment,hotpotqa,Qwen3.6-35B-A3B,gemma-3-4b-it,220,0.4568,0.7959
violation+judgment,hotpotqa,Qwen3.6-35B-A3B,gemma-3-4b-it,231,0.4583,0.7933
violation+judgment,hotpotqa,Qwen3.6-35B-A3B,gemma-3-4b-it,242,0.4629,0.7948
violation+judgment,hotpotqa,Qwen3.6-35B-A3B,gemma-3-4b-it,253,0.4607,0.7952
violation+judgment,hotpotqa,Qwen3.6-35B-A3B,gemma-3-4b-it,264,0.4599,0.7969
violation+judgment,hotpotqa,Qwen3.6-35B-A3B,gemma-3-4b-it,275,0.4599,0.7971
violation+judgment,hotpotqa,Qwen3.6-35B-A3B,gemma-3-4b-it,286,0.4598,0.7966
violation+judgment,hotpotqa,Qwen3.6-35B-A3B,gemma-3-4b-it,297,0.4576,0.7976
violation+judgment,hotpotqa,Qwen3.6-35B-A3B,gemma-3-4b-it,308,0.4537,0.7980
violation+judgment,hotpotqa,Qwen3.6-35B-A3B,gemma-3-4b-it,319,0.4556,0.7958
violation+judgment,hotpotqa,Qwen3.6-35B-A3B,gemma-3-4b-it,330,0.4593,0.7989
violation+judgment,hotpotqa,Qwen3.6-35B-A3B,gemma-3-4b-it,341,0.4596,0.7981
violation+judgment,hotpotqa,Qwen3.6-35B-A3B,gemma-3-4b-it,352,0.4577,0.7982
violation+judgment,hotpotqa,Qwen3.6-35B-A3B,gemma-3-4b-it,363,0.4547,0.7994
violation+judgment,hotpotqa,Qwen3.6-35B-A3B,gemma-3-4b-it,374,0.4547,0.8011
violation+judgment,hotpotqa,Qwen3.6-35B-A3B,gemma-3-4b-it,385,0.4560,0.8006
violation+judgment,hotpotqa,Qwen3.6-35B-A3B,gemma-3-4b-it,396,0.4565,0.8035
violation+judgment,hotpotqa,Qwen3.6-35B-A3B,gemma-3-4b-it,407,0.4566,0.7990
violation+judgment,hotpotqa,Qwen3.6-35B-A3B,gemma-3-4b-it,418,0.4561,0.7986
violation+judgment,hotpotqa,Qwen3.6-35B-A3B,gemma-3-4b-it,429,0.4573,0.7987
violation+judgment,hotpotqa,Qwen3.6-35B-A3B,gemma-3-4b-it,440,0.4569,0.7958
violation+judgment,hotpotqa,Qwen3.6-35B-A3B,gemma-3-4b-it,451,0.4570,0.8000
violation+judgment,hotpotqa,Qwen3.6-35B-A3B,gemma-3-4b-it,462,0.4567,0.7974
violation+judgment,hotpotqa,Qwen3.6-35B-A3B,gemma-3-4b-it,473,0.4564,0.8004
violation+judgment,hotpotqa,Qwen3.6-35B-A3B,gemma-3-4b-it,484,0.4577,0.8005
violation+judgment,hotpotqa,Qwen3.6-35B-A3B,gemma-3-4b-it,495,0.4593,0.8023
violation+judgment,hotpotqa,Qwen3.6-35B-A3B,gemma-3-4b-it,506,0.4584,0.8015
violation+judgment,hotpotqa,Qwen3.6-35B-A3B,gemma-3-4b-it,517,0.4584,0.8014
violation+judgment,hotpotqa,Qwen3.6-35B-A3B,gemma-3-4b-it,528,0.4589,0.8013
violation+judgment,hotpotqa,Qwen3.6-35B-A3B,gemma-3-4b-it,539,0.4583,0.8009
violation+judgment,hotpotqa,Qwen3.6-35B-A3B,gemma-3-4b-it,550,0.4573,0.8010
violation+judgment,hotpotqa,Qwen3.6-35B-A3B,gemma-3-4b-it,561,0.4579,0.8007
violation+judgment,hotpotqa,Qwen3.6-35B-A3B,gemma-3-4b-it,572,0.4572,0.8012
violation+judgment,hotpotqa,Qwen3.6-35B-A3B,gemma-3-4b-it,583,0.4554,0.8010
violation+judgment,hotpotqa,Qwen3.6-35B-A3B,gemma-3-4b-it,594,0.4546,0.8028
violation+judgment,hotpotqa,Qwen3.6-35B-A3B,gemma-3-4b-it,605,0.4555,0.8020
violation+judgment,hotpotqa,Qwen3.6-35B-A3B,gemma-3-4b-it,616,0.4566,0.8019
violation+judgment,hotpotqa,Qwen3.6-35B-A3B,gemma-3-4b-it,627,0.4552,0.8002
violation+judgment,hotpotqa,Qwen3.6-35B-A3B,gemma-3-4b-it,638,0.4564,0.8015
violation+judgment,hotpotqa,Qwen3.6-35B-A3B,gemma-3-4b-it,649,0.4569,0.8015
violation+judgment,hotpotqa,Qwen3.6-35B-A3B,gemma-3-4b-it,660,0.4563,0.7997
violation+judgment,hotpotqa,Qwen3.6-35B-A3B,gemma-3-4b-it,671,0.4552,0.7988
violation+judgment,hotpotqa,Qwen3.6-35B-A3B,gemma-3-4b-it,682,0.4552,0.7979
violation+judgment,hotpotqa,Qwen3.6-35B-A3B,gemma-3-4b-it,693,0.4540,0.7983
violation+judgment,hotpotqa,Qwen3.6-35B-A3B,gemma-3-4b-it,704,0.4530,0.7975
violation+judgment,hotpotqa,Qwen3.6-35B-A3B,gemma-3-4b-it,715,0.4542,0.7976
violation+judgment,hotpotqa,Qwen3.6-35B-A3B,gemma-3-4b-it,726,0.4532,0.8003
violation+judgment,hotpotqa,Qwen3.6-35B-A3B,gemma-3-4b-it,737,0.4538,0.8002
violation+judgment,hotpotqa,Qwen3.6-35B-A3B,gemma-3-4b-it,748,0.4536,0.7990
violation+judgment,hotpotqa,Qwen3.6-35B-A3B,gemma-3-4b-it,759,0.4543,0.8002
violation+judgment,hotpotqa,Qwen3.6-35B-A3B,gemma-3-4b-it,770,0.4542,0.7994
violation+judgment,hotpotqa,Qwen3.6-35B-A3B,gemma-3-4b-it,781,0.4534,0.7995
violation+judgment,hotpotqa,Qwen3.6-35B-A3B,gemma-3-4b-it,792,0.4528,0.8020
violation+judgment,hotpotqa,Qwen3.6-35B-A3B,gemma-3-4b-it,803,0.4541,0.8010
violation+judgment,hotpotqa,Qwen3.6-35B-A3B,gemma-3-4b-it,814,0.4538,0.8004
violation+judgment,hotpotqa,Qwen3.6-35B-A3B,gemma-3-4b-it,825,0.4548,0.7983
violation+judgment,hotpotqa,Qwen3.6-35B-A3B,gemma-3-4b-it,836,0.4556,0.7982
violation+judgment,hotpotqa,Qwen3.6-35B-A3B,gemma-3-4b-it,847,0.4546,0.7953
violation+judgment,hotpotqa,Qwen3.6-35B-A3B,gemma-3-4b-it,858,0.4552,0.7948
violation+judgment,hotpotqa,Qwen3.6-35B-A3B,gemma-3-4b-it,869,0.4548,0.7968
violation+judgment,hotpotqa,Qwen3.6-35B-A3B,gemma-3-4b-it,880,0.4550,0.7970
violation+judgment,hotpotqa,Qwen3.6-35B-A3B,gemma-3-4b-it,891,0.4558,0.7946
violation+judgment,hotpotqa,Qwen3.6-35B-A3B,gemma-3-4b-it,902,0.4558,0.7953
violation+judgment,hotpotqa,Qwen3.6-35B-A3B,gemma-3-4b-it,913,0.4553,0.7954
violation+judgment,hotpotqa,Qwen3.6-35B-A3B,gemma-3-4b-it,924,0.4555,0.7954
violation+judgment,hotpotqa,Qwen3.6-35B-A3B,gemma-3-4b-it,935,0.4555,0.7952
violation+judgment,hotpotqa,Qwen3.6-35B-A3B,gemma-3-4b-it,946,0.4550,0.7966
violation+judgment,hotpotqa,Qwen3.6-35B-A3B,gemma-3-4b-it,957,0.4555,0.7935
violation+judgment,hotpotqa,Qwen3.6-35B-A3B,gemma-3-4b-it,968,0.4557,0.7929
violation+judgment,hotpotqa,Qwen3.6-35B-A3B,gemma-3-4b-it,979,0.4548,0.7933
violation+judgment,hotpotqa,Qwen3.6-35B-A3B,gemma-3-4b-it,990,0.4558,0.7931
violation+judgment,hotpotqa,Qwen3.6-35B-A3B,gemma-3-4b-it,1001,0.4561,0.7932
violation+judgment,hotpotqa,Qwen3.6-35B-A3B,gemma-3-4b-it,1012,0.4555,0.7918
violation+judgment,hotpotqa,Qwen3.6-35B-A3B,gemma-3-4b-it,1023,0.4562,0.7918
violation+judgment,hotpotqa,Qwen3.6-35B-A3B,gemma-3-4b-it,1034,0.4563,0.7929
violation+judgment,hotpotqa,Qwen3.6-35B-A3B,gemma-3-4b-it,1045,0.4565,0.7931
violation+judgment,hotpotqa,Qwen3.6-35B-A3B,gemma-3-4b-it,1056,0.4559,0.7916
violation+judgment,hotpotqa,Qwen3.6-35B-A3B,gemma-3-4b-it,1067,0.4561,0.7916
violation+judgment,hotpotqa,Qwen3.6-35B-A3B,gemma-3-4b-it,1078,0.4570,0.7919
violation+judgment,hotpotqa,Qwen3.6-35B-A3B,gemma-3-4b-it,1089,0.4559,0.7923
violation+judgment,hotpotqa,Qwen3.6-35B-A3B,gemma-3-4b-it,1100,0.4565,0.7924
violation+judgment,hotpotqa,Qwen3.6-35B-A3B,gemma-3-4b-it,1111,0.4572,0.7926
violation+judgment,hotpotqa,Qwen3.6-35B-A3B,gemma-3-4b-it,1122,0.4580,0.7916
violation+judgment,hotpotqa,Qwen3.6-35B-A3B,gemma-3-4b-it,1133,0.4576,0.7917
violation+judgment,hotpotqa,Qwen3.6-35B-A3B,gemma-3-4b-it,1144,0.4576,0.7926
violation+judgment,hotpotqa,Qwen3.6-35B-A3B,gemma-3-4b-it,1155,0.4578,0.7938
violation+judgment,hotpotqa,Qwen3.6-35B-A3B,gemma-3-4b-it,1166,0.4574,0.7939
violation+judgment,hotpotqa,Qwen3.6-35B-A3B,gemma-3-4b-it,1177,0.4573,0.7939
violation+judgment,hotpotqa,Qwen3.6-35B-A3B,gemma-3-4b-it,1188,0.4579,0.7942
violation+judgment,hotpotqa,Qwen3.6-35B-A3B,gemma-3-4b-it,1199,0.4589,0.7953
violation+judgment,hotpotqa,Qwen3.6-35B-A3B,gemma-3-4b-it,1210,0.4581,0.7940
violation+judgment,hotpotqa,Qwen3.6-35B-A3B,gemma-3-4b-it,1221,0.4585,0.7949
violation+judgment,hotpotqa,Qwen3.6-35B-A3B,gemma-3-4b-it,1232,0.4580,0.7953
violation+judgment,hotpotqa,Qwen3.6-35B-A3B,gemma-3-4b-it,1243,0.4578,0.7956
violation+judgment,hotpotqa,Qwen3.6-35B-A3B,gemma-3-4b-it,1254,0.4573,0.7966
violation+judgment,hotpotqa,Qwen3.6-35B-A3B,gemma-3-4b-it,1265,0.4571,0.7965
violation+judgment,hotpotqa,Qwen3.6-35B-A3B,gemma-3-4b-it,1276,0.4568,0.7960
violation+judgment,hotpotqa,Qwen3.6-35B-A3B,gemma-3-4b-it,1287,0.4565,0.7952
violation+judgment,hotpotqa,Qwen3.6-35B-A3B,gemma-3-4b-it,1298,0.4564,0.7944
violation+judgment,hotpotqa,Qwen3.6-35B-A3B,gemma-3-4b-it,1309,0.4560,0.7947
violation+judgment,hotpotqa,Qwen3.6-35B-A3B,gemma-3-4b-it,1320,0.4562,0.7940
violation+judgment,hotpotqa,Qwen3.6-35B-A3B,gemma-3-4b-it,1331,0.4568,0.7951
violation+judgment,hotpotqa,Qwen3.6-35B-A3B,gemma-3-4b-it,1342,0.4565,0.7918
violation+judgment,hotpotqa,Qwen3.6-35B-A3B,gemma-3-4b-it,1353,0.4565,0.7920
violation+judgment,hotpotqa,Qwen3.6-35B-A3B,gemma-3-4b-it,1364,0.4566,0.7926
violation+judgment,hotpotqa,Qwen3.6-35B-A3B,gemma-3-4b-it,1375,0.4569,0.7919
violation+judgment,hotpotqa,Qwen3.6-35B-A3B,gemma-3-4b-it,1386,0.4568,0.7916
violation+judgment,hotpotqa,Qwen3.6-35B-A3B,gemma-3-4b-it,1397,0.4567,0.7915
violation+judgment,hotpotqa,Qwen3.6-35B-A3B,gemma-3-4b-it,1408,0.4563,0.7923
violation+judgment,hotpotqa,Qwen3.6-35B-A3B,gemma-3-4b-it,1419,0.4566,0.7925
violation+judgment,hotpotqa,Qwen3.6-35B-A3B,gemma-3-4b-it,1430,0.4567,0.7925
violation+judgment,hotpotqa,Qwen3.6-35B-A3B,gemma-3-4b-it,1441,0.4568,0.7919
violation+judgment,hotpotqa,Qwen3.6-35B-A3B,gemma-3-4b-it,1452,0.4568,0.7928
violation+judgment,hotpotqa,Qwen3.6-35B-A3B,gemma-3-4b-it,1463,0.4568,0.7918
violation+judgment,hotpotqa,Qwen3.6-35B-A3B,gemma-3-4b-it,1474,0.4566,0.7917
violation+judgment,hotpotqa,Qwen3.6-35B-A3B,gemma-3-4b-it,1485,0.4568,0.7917
violation+judgment,hotpotqa,Qwen3.6-35B-A3B,gemma-3-4b-it,1496,0.4562,0.7916
violation+judgment,hotpotqa,Qwen3.6-35B-A3B,gemma-3-4b-it,1507,0.4557,0.7917
violation+judgment,hotpotqa,Qwen3.6-35B-A3B,gemma-3-4b-it,1518,0.4557,0.7916
violation+judgment,hotpotqa,Qwen3.6-35B-A3B,gemma-3-4b-it,1529,0.4557,0.7916
violation+judgment,hotpotqa,Qwen3.6-35B-A3B,gemma-3-4b-it,1540,0.4556,0.7912
violation+judgment,hotpotqa,Qwen3.6-35B-A3B,gemma-3-4b-it,1551,0.4553,0.7915
violation+judgment,hotpotqa,Qwen3.6-35B-A3B,gemma-3-4b-it,1562,0.4549,0.7915
violation+judgment,hotpotqa,Qwen3.6-35B-A3B,gemma-3-4b-it,1573,0.4549,0.7915
violation+judgment,hotpotqa,Qwen3.6-35B-A3B,gemma-3-4b-it,1584,0.4549,0.7916
violation+judgment,hotpotqa,Qwen3.6-35B-A3B,gemma-3-4b-it,1595,0.4547,0.7915
violation+judgment,hotpotqa,Qwen3.6-35B-A3B,gemma-3-4b-it,1606,0.4548,0.7908
violation+judgment,hotpotqa,Qwen3.6-35B-A3B,gemma-3-4b-it,1617,0.4547,0.7908
violation+judgment,hotpotqa,Qwen3.6-35B-A3B,gemma-3-4b-it,1628,0.4541,0.7905
violation+judgment,hotpotqa,Qwen3.6-35B-A3B,gemma-3-4b-it,1639,0.4541,0.7898
violation+judgment,hotpotqa,Qwen3.6-35B-A3B,gemma-3-4b-it,1650,0.4540,0.7895
violation+judgment,hotpotqa,Qwen3.6-35B-A3B,gemma-3-4b-it,1661,0.4545,0.7895
violation+judgment,hotpotqa,Qwen3.6-35B-A3B,gemma-3-4b-it,1672,0.4545,0.7895
violation+judgment,hotpotqa,Qwen3.6-35B-A3B,gemma-3-4b-it,1683,0.4545,0.7891
violation+judgment,hotpotqa,Qwen3.6-35B-A3B,gemma-3-4b-it,1694,0.4548,0.7892
violation+judgment,hotpotqa,Qwen3.6-35B-A3B,gemma-3-4b-it,1705,0.4547,0.7902
violation+judgment,hotpotqa,Qwen3.6-35B-A3B,gemma-3-4b-it,1716,0.4543,0.7905
violation+judgment,hotpotqa,Qwen3.6-35B-A3B,gemma-3-4b-it,1727,0.4540,0.7907
violation+judgment,hotpotqa,Qwen3.6-35B-A3B,gemma-3-4b-it,1738,0.4539,0.7904
violation+judgment,hotpotqa,Qwen3.6-35B-A3B,gemma-3-4b-it,1749,0.4539,0.7902
violation+judgment,hotpotqa,Qwen3.6-35B-A3B,gemma-3-4b-it,1760,0.4538,0.7900
violation+judgment,hotpotqa,Qwen3.6-35B-A3B,gemma-3-4b-it,1771,0.4541,0.7898
violation+judgment,hotpotqa,Qwen3.6-35B-A3B,gemma-3-4b-it,1782,0.4542,0.7888
violation+judgment,hotpotqa,Qwen3.6-35B-A3B,gemma-3-4b-it,1793,0.4545,0.7885
violation+judgment,hotpotqa,Qwen3.6-35B-A3B,gemma-3-4b-it,1804,0.4544,0.7890
violation+judgment,hotpotqa,Qwen3.6-35B-A3B,gemma-3-4b-it,1815,0.4546,0.7894
violation+judgment,hotpotqa,Qwen3.6-35B-A3B,gemma-3-4b-it,1826,0.4544,0.7882
violation+judgment,hotpotqa,Qwen3.6-35B-A3B,gemma-3-4b-it,1837,0.4543,0.7887
violation+judgment,hotpotqa,Qwen3.6-35B-A3B,gemma-3-4b-it,1848,0.4543,0.7888
violation+judgment,hotpotqa,Qwen3.6-35B-A3B,gemma-3-4b-it,1859,0.4543,0.7890
violation+judgment,hotpotqa,Qwen3.6-35B-A3B,gemma-3-4b-it,1870,0.4538,0.7884
violation+judgment,hotpotqa,Qwen3.6-35B-A3B,gemma-3-4b-it,1881,0.4537,0.7885
violation+judgment,hotpotqa,Qwen3.6-35B-A3B,gemma-3-4b-it,1892,0.4540,0.7891
violation+judgment,hotpotqa,Qwen3.6-35B-A3B,gemma-3-4b-it,1903,0.4534,0.7903
violation+judgment,hotpotqa,Qwen3.6-35B-A3B,gemma-3-4b-it,1914,0.4532,0.7901
violation+judgment,hotpotqa,Qwen3.6-35B-A3B,gemma-3-4b-it,1925,0.4537,0.7909
violation+judgment,hotpotqa,Qwen3.6-35B-A3B,gemma-3-4b-it,1936,0.4534,0.7911
violation+judgment,hotpotqa,Qwen3.6-35B-A3B,gemma-3-4b-it,1947,0.4534,0.7907
violation+judgment,hotpotqa,Qwen3.6-35B-A3B,gemma-3-4b-it,1958,0.4540,0.7914
violation+judgment,hotpotqa,Qwen3.6-35B-A3B,gemma-3-4b-it,1969,0.4538,0.7912
violation+judgment,hotpotqa,Qwen3.6-35B-A3B,gemma-3-4b-it,1980,0.4539,0.7917
violation+judgment,hotpotqa,Qwen3.6-35B-A3B,gemma-3-4b-it,1991,0.4543,0.7919
violation+judgment,hotpotqa,Qwen3.6-35B-A3B,gemma-3-4b-it,2002,0.4543,0.7920
violation+judgment,hotpotqa,Qwen3.6-35B-A3B,gemma-3-4b-it,2013,0.4545,0.7923
violation+judgment,hotpotqa,Qwen3.6-35B-A3B,gemma-3-4b-it,2024,0.4546,0.7919
violation+judgment,hotpotqa,Qwen3.6-35B-A3B,gemma-3-4b-it,2035,0.4548,0.7920
violation+judgment,hotpotqa,Qwen3.6-35B-A3B,gemma-3-4b-it,2046,0.4542,0.7913
violation+judgment,hotpotqa,Qwen3.6-35B-A3B,gemma-3-4b-it,2057,0.4542,0.7913
violation+judgment,hotpotqa,Qwen3.6-35B-A3B,gemma-3-4b-it,2068,0.4545,0.7926
violation+judgment,hotpotqa,Qwen3.6-35B-A3B,gemma-3-4b-it,2079,0.4547,0.7928
violation+judgment,hotpotqa,Qwen3.6-35B-A3B,gemma-3-4b-it,2090,0.4549,0.7926
violation+judgment,hotpotqa,Qwen3.6-35B-A3B,gemma-3-4b-it,2101,0.4550,0.7922
violation+judgment,hotpotqa,Qwen3.6-35B-A3B,gemma-3-4b-it,2112,0.4553,0.7926
violation+judgment,hotpotqa,Qwen3.6-35B-A3B,gemma-3-4b-it,2123,0.4555,0.7931
violation+judgment,hotpotqa,Qwen3.6-35B-A3B,gemma-3-4b-it,2134,0.4559,0.7930
violation+judgment,hotpotqa,Qwen3.6-35B-A3B,gemma-3-4b-it,2145,0.4556,0.7933
violation+judgment,hotpotqa,Qwen3.6-35B-A3B,gemma-3-4b-it,2156,0.4555,0.7929
violation+judgment,hotpotqa,Qwen3.6-35B-A3B,gemma-3-4b-it,2167,0.4553,0.7931
violation+judgment,hotpotqa,Qwen3.6-35B-A3B,gemma-3-4b-it,2178,0.4552,0.7930
violation+judgment,hotpotqa,Qwen3.6-35B-A3B,gemma-3-4b-it,2189,0.4550,0.7931
violation+judgment,hotpotqa,Qwen3.6-35B-A3B,gemma-3-4b-it,2200,0.4550,0.7938
violation+judgment,hotpotqa,Qwen3.6-35B-A3B,gemma-3-4b-it,2211,0.4553,0.7939
violation+judgment,hotpotqa,Qwen3.6-35B-A3B,gemma-3-4b-it,2222,0.4553,0.7936
violation+judgment,hotpotqa,Qwen3.6-35B-A3B,gemma-3-4b-it,2233,0.4557,0.7939
violation+judgment,hotpotqa,Qwen3.6-35B-A3B,gemma-3-4b-it,2244,0.4561,0.7944
