task_id,step_idx,MTE_A,MTE_T,MaxTE_A,MaxTE_T,PPL_A,PPL_T,SP_A,SP_T,chat_ingen_J,posthoc_num_A,posthoc_num_T,ptrue_A,ptrue_R,ptrue_T,sep_verbalized_A,sep_verbalized_T,tau,loop_flag,obs_changed,in_admissible,judge_correct_frac,judge_n_valid
1009,1,0.3791312424473011,0.48395126827831575,0.9728098749934373,2.122240818390882,1.3168632407890246,1.316595572480687,0.8894205052556823,0.9995477973824591,0.0,0.050000000000000044,0.050000000000000044,0.500027091946105,0.49997836114331673,0.5621556184951197,0.25,0.25,"{'I': 1, 'W': 0, 'R': 1, 'C': 'free'}",False,True,True,1.0,3
1009,2,0.4807279025463932,0.8409972636812242,0.9681528485477131,2.324300788269131,1.182658066466701,1.9608807781134396,0.5677808464153465,0.9999999991409605,0.0,0.010000000000000009,0.0,0.02931026565297891,0.006691782994872727,0.017985357697579737,0.050000000000000044,0.050000000000000044,"{'I': 0, 'W': 1, 'R': 0, 'C': 'costly'}",False,True,True,1.0,3
1084,1,0.27357453969298356,0.658156111534679,0.9824282008205966,2.0840138418984564,1.2334032873075302,1.4976076036246755,0.7697157219359378,0.9999999961902695,0.1,0.050000000000000044,0.050000000000000044,0.9820116242639737,0.7771852552823039,0.43782929117901337,1.0,0.25,"{'I': 0, 'W': 1, 'R': 0, 'C': 'costly'}",False,True,True,0.0,3
110,1,0.5873456836144193,0.7503568334052948,1.322937183328513,2.1048820865753144,1.9402060779975798,1.6866023386670286,0.9974333346168205,0.9999999808764611,0.25,0.050000000000000044,0.050000000000000044,0.09534241960951584,0.060060073925954076,0.2226769965916827,0.25,0.25,"{'I': 1, 'W': 0, 'R': 1, 'C': 'free'}",False,True,True,1.0,3
110,2,0.30115103252111586,1.010032625710666,0.9538001742150938,2.1383323915346666,1.3506836696115148,2.0639010633689336,0.9331629676644319,0.9999999999999706,0.25,0.050000000000000044,0.30000000000000004,0.4377963005197877,0.4377713915002729,0.320840582194904,0.5,1.0,"{'I': 1, 'W': 0, 'R': 1, 'C': 'free'}",False,True,True,0.0,3
110,3,0.14517069425248777,0.8915241216813635,0.6958604288043727,2.1311220817165584,1.080895308920262,1.7416407164879486,0.5034679208917214,0.9999999999997048,0.25,0.050000000000000044,0.0,0.11919659281839796,0.1824001123469005,0.2226964353913469,0.30000000000000004,1.0,"{'I': 1, 'W': 0, 'R': 1, 'C': 'free'}",True,False,True,0.0,3
110,4,0.1309582439363555,1.0502560263537595,0.7474274334500703,2.3822733682434545,1.077276757647267,1.900799566515778,0.48825407864388626,1.0,0.25,0.050000000000000044,0.050000000000000044,0.04742264493693155,0.0373212682603765,0.0600870173364841,0.25,0.30000000000000004,"{'I': 1, 'W': 0, 'R': 1, 'C': 'free'}",False,True,True,0.0,3
110,5,0.05033237100023612,0.9530424033587045,0.28949074065444336,2.4332563525493067,1.0118969558452073,1.8665020535601915,0.1009716325358272,1.0,0.25,0.050000000000000044,0.050000000000000044,0.18243297487915205,0.07584846796355697,0.1480678981233079,0.4,1.0,"{'I': 1, 'W': 0, 'R': 1, 'C': 'free'}",True,False,True,0.0,3
110,6,0.265529891338866,1.0013952175821317,0.8491691392849896,2.3886239377265204,1.253361393457683,1.9722640402951819,0.7941903153548853,1.0,0.1,0.050000000000000044,0.050000000000000044,0.029310937559814114,0.02930717531299395,0.0373255438249541,0.25,0.5,"{'I': 1, 'W': 0, 'R': 1, 'C': 'free'}",False,True,True,0.0,3
110,7,0.2730032885639648,0.9723241666085399,1.0403692634203792,2.554294680234353,1.2720326280725889,1.9646056664036626,0.8144280885263695,1.0,0.1,0.050000000000000044,0.050000000000000044,0.01798528411280169,0.022974913036918947,0.037326446586897905,0.4,0.25,"{'I': 1, 'W': 0, 'R': 1, 'C': 'free'}",True,False,True,0.0,3
1107,1,0.029833690291047113,0.6255154128498234,0.16125518909064807,2.118232561860804,1.0061500397635328,1.5548585005894047,0.047866138832819316,0.9999999984786825,0.0,0.050000000000000044,0.050000000000000044,0.005220077662251029,0.017985283673445145,0.017985074711132965,0.050000000000000044,0.050000000000000044,"{'I': 1, 'W': 0, 'R': 1, 'C': 'free'}",False,True,True,1.0,3
1107,2,0.1067280785280936,0.5537900910478056,0.7791594370989106,2.0332557426413405,1.039888817552925,1.418735806439015,0.26868457175409743,0.9999999955800651,0.0,0.050000000000000044,0.0,0.006692503014277739,0.00521981604736856,0.006692495889977153,0.050000000000000044,0.050000000000000044,"{'I': 1, 'W': 0, 'R': 1, 'C': 'free'}",False,True,True,1.0,3
1107,3,0.26472001448220756,0.6421223469207221,0.8995616559186228,2.4782076406744347,1.2761310188152666,1.5569553208095905,0.8578202066313481,0.9999999999981329,0.0,0.050000000000000044,0.010000000000000009,0.006692797874531541,0.00669198949881094,0.0052199851566107755,0.050000000000000044,0.050000000000000044,"{'I': 1, 'W': 0, 'R': 1, 'C': 'free'}",False,True,True,0.0,3
1107,4,0.22877618105389122,0.7034767185853531,1.3216886707509035,2.1659126619929863,1.138520595172063,1.5168857641152826,0.8745283117648608,0.9999999968723737,0.0,0.050000000000000044,0.010000000000000009,0.001926685753189986,0.00247245530316952,0.0031724837195099983,0.050000000000000044,0.050000000000000044,"{'I': 0, 'W': 1, 'R': 0, 'C': 'costly'}",False,True,True,1.0,3
1112,1,0.02763463996476031,0.7529610708127461,0.13361925175662562,1.9972810413373865,1.0060903384711462,1.5275371578851191,0.029903120398880323,0.9999999563153699,0.0,0.050000000000000044,0.050000000000000044,0.98593576966703,0.81744477113773,0.14804594675590907,0.25,0.25,"{'I': 0, 'W': 1, 'R': 0, 'C': 'costly'}",False,True,True,0.0,3
1114,1,0.010908356966756395,0.7369504035505515,0.05455518354703735,2.3307131413562314,1.001649527167251,1.5952130982719972,0.011470879319324667,0.9999999997065591,0.0,0.050000000000000044,0.050000000000000044,0.017985715177466027,0.03732262582076196,0.04742141027764745,0.25,0.25,"{'I': 1, 'W': 0, 'R': 1, 'C': 'free'}",False,True,True,1.0,3
1114,2,0.36927838485781567,0.7718793867568902,1.5000225021608977,2.628894959608215,1.2127450351810218,1.6283959128686143,0.7408128522366948,0.9999999999999976,0.1,0.050000000000000044,0.050000000000000044,0.5621786431838629,0.07585472139693619,0.0758562875220961,0.30000000000000004,0.4,"{'I': 1, 'W': 0, 'R': 1, 'C': 'free'}",False,True,True,1.0,3
1114,3,0.46206626786149957,0.6122739733641913,1.9147862376863969,2.480845203341251,1.4626589084129369,1.4501010504120573,0.930176988564912,0.9999999999777303,0.0,0.050000000000000044,0.050000000000000044,0.037323684164732134,0.00857706508687744,0.03732607944107382,0.050000000000000044,0.09999999999999998,"{'I': 1, 'W': 0, 'R': 1, 'C': 'free'}",True,False,True,0.0,3
1114,4,0.42611642106073583,0.9010828146146963,1.3063317035454125,2.368751274435292,1.2301203398802942,1.815679689123092,0.8739554696506568,1.0,0.1,0.050000000000000044,0.050000000000000044,0.11921401017646006,0.02297532255024611,0.09536070408968887,0.25,0.25,"{'I': 1, 'W': 0, 'R': 1, 'C': 'free'}",False,True,True,0.0,3
1114,5,0.5568619020367288,0.5131967394097594,1.5869381648772483,2.246943186623858,1.4012675173388205,1.4128890982031415,0.9657398348460317,0.999999999999999,0.1,0.050000000000000044,0.050000000000000044,0.2689740634769553,0.18241132404749424,0.09536455631238773,0.09999999999999998,0.25,"{'I': 1, 'W': 0, 'R': 1, 'C': 'free'}",False,False,True,0.0,3
1114,6,0.11466093787944301,0.7099414642392542,0.4346138281628931,1.9435589986337747,1.0319942896081418,1.6140577994594454,0.2701610146529778,0.9999999999999982,0.1,0.050000000000000044,0.050000000000000044,0.022977773821604455,0.01098563464053544,0.04742985695135398,0.09999999999999998,0.050000000000000044,"{'I': 1, 'W': 0, 'R': 1, 'C': 'free'}",True,False,True,0.0,3
1114,7,0.6636378014182088,0.9315463111158029,2.0416017305303518,2.6078808085947984,2.114013288788576,1.9499636862228305,0.9947003643952539,1.0,0.1,0.09999999999999998,0.050000000000000044,0.18243237432299822,0.09533301455812897,0.2690181443105479,0.30000000000000004,0.25,"{'I': 1, 'W': 0, 'R': 1, 'C': 'free'}",False,True,True,1.0,3
1129,1,0.39779955923827526,0.6058049251838417,1.0809655782740988,1.5115445271131003,1.3395962227563976,1.5257752712847445,0.9598868338158913,0.9999999915585931,0.1,0.050000000000000044,0.030000000000000027,0.26892991513421166,0.26890085671399966,0.32079806157415536,0.25,0.25,"{'I': 1, 'W': 0, 'R': 1, 'C': 'free'}",False,True,True,1.0,3
1129,2,0.13544413377483722,0.6474310222471025,0.6169583445382093,2.3374033483430408,1.0455797460368912,1.5512797169944086,0.3875491822095315,0.9999999999999987,0.1,0.050000000000000044,0.0,0.2226924478487298,0.09534102903648965,0.679192385630398,0.25,1.0,"{'I': 1, 'W': 0, 'R': 1, 'C': 'free'}",True,False,True,0.0,3
1129,3,0.07211470602658512,0.867844931376994,0.390211025891812,2.3717720113720566,1.0141566567506675,1.6588611261921637,0.1432689678713872,0.9999999663907377,0.0,0.050000000000000044,0.09999999999999998,0.11920398640862019,0.22268649370641405,0.37754221682644734,0.09999999999999998,1.0,"{'I': 1, 'W': 0, 'R': 1, 'C': 'free'}",True,False,True,0.0,3
1129,4,0.04527544724263671,1.1259702973070207,0.28127788281962185,2.4094571064320727,1.0083523124673608,2.005389756636574,0.08743309358210372,0.9999999997863817,0.1,0.75,0.050000000000000044,0.5000026571613895,0.32080282019577294,0.4378263302857661,1.0,1.0,"{'I': 1, 'W': 0, 'R': 1, 'C': 'free'}",True,False,True,0.0,3
1129,5,0.053075330995049165,0.8632052713399269,0.2370411397323182,2.525968571317339,1.011878741584152,1.815557920563971,0.1008259759050788,1.0,0.0,0.050000000000000044,0.050000000000000044,0.11920009508416773,0.06008364052708747,0.37754168995709503,0.5,0.75,"{'I': 1, 'W': 0, 'R': 1, 'C': 'free'}",False,True,True,1.0,3
1129,6,0.3310142035805253,0.796700810798958,1.165430280750487,2.41834721031984,1.1405950113313317,1.8108942368352332,0.7937364980872434,0.9999999999999998,0.25,0.050000000000000044,0.09999999999999998,0.09535563241084757,0.11920015461879221,0.02931285482690493,0.4,0.25,"{'I': 1, 'W': 0, 'R': 1, 'C': 'free'}",False,True,True,0.3333333333333333,3
1129,7,0.182553371269947,0.9649038188098791,1.1440241949001972,2.4746805405050654,1.1044393928476637,1.983049562413746,0.5910002871315709,1.0,0.25,0.050000000000000044,0.050000000000000044,0.047427550837321905,0.029310578639529954,0.32086490015464614,0.4,1.0,"{'I': 1, 'W': 0, 'R': 1, 'C': 'free'}",False,True,True,1.0,3
1139,1,0.11525758881001796,0.6076678354696101,0.24185683102750977,2.7432651759576414,1.0265606920477472,1.5284649276664979,0.09954611294401239,0.9999999721050614,0.0,0.050000000000000044,0.050000000000000044,0.9241451874350293,0.9525572356136596,0.777319338353342,0.25,0.75,"{'I': 1, 'W': 0, 'R': 1, 'C': 'free'}",False,True,True,0.0,3
1139,2,0.18381786969593514,0.7679085750483684,0.601174922343795,2.393056913089058,1.054276402957209,1.627916296782706,0.3092536528587071,0.9999999998159547,0.0,1.0,0.0,0.5621610240421548,0.26893345204715174,0.3208097685305285,1.0,1.0,"{'I': 1, 'W': 0, 'R': 1, 'C': 'free'}",False,True,True,1.0,3
1139,3,0.22575934827875122,1.0297298423321437,0.6026695487510519,2.48698511032477,1.1041492881584207,2.123485482490557,0.39065813705783303,1.0,0.3,0.050000000000000044,0.0,0.14803998086897494,0.09533570783848189,0.26896767884323447,0.30000000000000004,0.9,"{'I': 1, 'W': 0, 'R': 1, 'C': 'free'}",False,True,True,0.3333333333333333,3
1139,4,0.8748486813201383,0.9892829148302349,2.1892028224216573,2.6181631860352272,1.8346918653247783,2.024127871818907,0.9999999999998783,1.0,0.5,0.9,1.0,0.9626846677259311,0.9241354374493002,0.6792271520450274,0.8,0.8,"{'I': 1, 'W': 0, 'R': 1, 'C': 'free'}",False,True,True,0.3333333333333333,3
1139,5,0.6837540557591335,0.9211162495758365,1.5401960066580787,2.5202370590321506,1.3283777484091455,1.9908634332296122,0.7582357735364911,1.0,0.2,0.050000000000000044,0.0,0.2689541752792726,0.14801728931710975,0.5623297498477504,1.0,1.0,"{'I': 1, 'W': 0, 'R': 1, 'C': 'free'}",False,True,True,0.0,3
1139,6,0.41242699982957426,1.0948133707994023,1.2498229180243383,2.553669284755158,1.2844336587161953,2.35355224332079,0.8266123120242057,1.0,0.5,1.0,1.0,0.7772961432038862,0.5621584131720017,0.43783633780824466,1.0,1.0,"{'I': 1, 'W': 0, 'R': 1, 'C': 'free'}",False,True,True,0.3333333333333333,3
1139,7,0.314863472208315,1.0568881894278137,2.020172565361287,2.5451119201839805,1.1958523085237711,2.126616994485401,0.7140716775358568,1.0,0.3,1.0,1.0,0.7310978357938123,0.6791553440698096,0.8176061285071712,1.0,1.0,"{'I': 1, 'W': 0, 'R': 1, 'C': 'free'}",True,True,True,0.0,3
1143,1,0.0472895909668116,0.7532263792689755,0.2371700099803658,2.577031410504457,1.0101235525655803,1.6400866092756945,0.06808024567291937,0.9999999999999709,0.0,0.050000000000000044,0.050000000000000044,0.047424118133479305,0.06008116537519728,0.1480359035786202,0.25,0.25,"{'I': 1, 'W': 0, 'R': 1, 'C': 'free'}",False,True,True,1.0,3
1143,2,0.21785762688775695,0.871809648708086,1.0131043434472198,2.533636037214296,1.079039022008708,1.672326647917118,0.5326648000967914,1.0,0.1,1.0,1.0,0.8519435963380204,0.7310176358167988,0.3208152741378674,0.8,0.9,"{'I': 1, 'W': 0, 'R': 1, 'C': 'free'}",False,True,True,0.6666666666666666,3
1143,3,0.11553010254052973,0.7614143368284909,0.727075075228344,2.5552641853024185,1.0851227300341015,1.647389394815042,0.558214566058596,0.9999999999980367,0.3,1.0,0.0,0.817589270087552,0.43779159441674587,0.8175731016670866,0.75,0.9,"{'I': 1, 'W': 0, 'R': 1, 'C': 'free'}",False,True,True,0.6666666666666666,3
1143,4,0.527870461142174,0.871473501486867,2.4308209644822805,2.4281656489709493,1.3986900446675423,1.7279043139021402,0.9872467547559466,1.0,0.3,0.9,1.0,0.8807939362868333,0.7772672911534276,0.96267079234698,1.0,0.9,"{'I': 1, 'W': 0, 'R': 1, 'C': 'free'}",False,True,True,0.6666666666666666,3
1143,5,0.24057067227212953,0.7240161605235427,0.9127816586380796,2.3230118855515154,1.0838513736346038,1.6083251985158329,0.6489301938997967,0.9999999999701508,0.3,0.050000000000000044,1.0,0.2226857372815888,0.26887940537025956,0.9399131098717841,0.7,1.0,"{'I': 1, 'W': 0, 'R': 1, 'C': 'free'}",True,False,True,0.0,3
1143,6,0.035601173108652746,0.6842341440323015,0.36353779583025775,2.5102568118166935,1.009328973076039,1.4552037961719548,0.1137129977075717,0.9999999848763476,0.0,0.050000000000000044,1.0,0.03732429786036687,0.18240066075859337,0.6791776187916073,1.0,1.0,"{'I': 1, 'W': 0, 'R': 1, 'C': 'free'}",False,True,True,0.0,3
1143,7,0.3708790435044592,0.728561508547345,0.9883895466405702,2.5593132193627524,1.236838582170767,1.5826474616048838,0.8523672254542842,1.0,0.3,0.050000000000000044,0.050000000000000044,0.49998250443737424,0.22268812907248883,0.18242289771853182,0.7,0.7,"{'I': 1, 'W': 0, 'R': 1, 'C': 'free'}",False,True,True,0.3333333333333333,3
1146,1,0.0624664096237555,1.0866398680068998,0.4044294446894784,2.4873943855439267,1.0196824549720658,2.0901819038884772,0.1275403053371471,0.9999999999999918,0.1,0.050000000000000044,0.050000000000000044,0.03732593339614201,0.0600815626379671,0.37752780282055104,0.25,0.5,"{'I': 1, 'W': 0, 'R': 1, 'C': 'free'}",False,True,True,1.0,3
1146,2,0.0451337007832341,1.1362243347997996,0.22099084886411416,2.370555619041764,1.0080869623346205,2.2299492768801636,0.05482110884762981,0.9999999999644246,0.0,0.09999999999999998,0.0,0.01406318438145957,0.047424220996538057,0.43781723803216344,0.050000000000000044,0.25,"{'I': 1, 'W': 0, 'R': 1, 'C': 'free'}",True,False,True,0.0,3
1146,3,0.08830551233405119,0.7870238690282771,0.4392969617335169,2.4922363651208856,1.0281783793845898,1.6172261215597492,0.17677087056290075,0.9999999999999976,0.0,0.050000000000000044,0.0,0.09534210099788581,0.07585309583017791,0.6791793782463735,0.5,1.0,"{'I': 1, 'W': 0, 'R': 1, 'C': 'free'}",True,False,True,0.0,3
1146,4,0.32351043677817515,0.8870119282518776,1.1375284050314407,2.640515134235052,1.3067828707694897,1.7491802603070785,0.8463346434261783,0.9999999999999984,0.05,0.9,0.7,0.8175780135212934,0.6224396030556832,0.6224547913715591,1.0,1.0,"{'I': 1, 'W': 0, 'R': 1, 'C': 'free'}",True,False,True,0.0,3
1146,5,0.5514738951162358,0.8674876388058529,1.46741121575048,2.449419659759332,1.2696229907816545,1.743505484048303,0.7612456291309199,1.0,0.3,0.050000000000000044,0.050000000000000044,0.029311320537707714,0.03732493187040254,0.3208207498205061,0.25,1.0,"{'I': 1, 'W': 0, 'R': 1, 'C': 'free'}",False,True,True,0.6666666666666666,3
1146,6,0.05923391478733158,0.9831370503291098,0.2335324426140189,2.1558500269057537,1.0134851960212128,1.9792666136181598,0.07722558650284361,1.0,0.1,0.050000000000000044,0.050000000000000044,0.004070020783955182,0.0031724299072116756,0.022976706474870524,0.09999999999999998,0.25,"{'I': 1, 'W': 0, 'R': 1, 'C': 'free'}",True,False,True,0.0,3
1146,7,0.03463553981809508,0.8938061851926503,0.13073603899859,2.365778568257802,1.0054969487362173,1.802311388518504,0.03235633477570754,1.0,0.05,0.050000000000000044,0.050000000000000044,0.0953428798774925,0.06008251882055776,0.09535235078248673,0.09999999999999998,1.0,"{'I': 1, 'W': 0, 'R': 1, 'C': 'free'}",True,False,True,0.0,3
1162,1,0.004666748570716596,0.5195707619769396,0.02505527942631797,2.0547358330433982,1.0006074190439815,1.3842404930363477,0.004241621283673558,0.9999983769702812,0.0,0.050000000000000044,0.030000000000000027,0.060086567691438886,0.09534069187588422,0.09534535356470941,0.25,0.050000000000000044,"{'I': 1, 'W': 0, 'R': 1, 'C': 'free'}",False,True,True,1.0,3
1162,2,0.04424156034408862,0.4569670361075415,0.28184115151316286,1.7283738976090302,1.0121569312418714,1.3079581766965929,0.08110682575329298,0.9999783106911999,0.0,0.010000000000000009,0.0,0.01798579106791167,0.022976871241887548,0.01406341168663253,0.050000000000000044,0.050000000000000044,"{'I': 1, 'W': 0, 'R': 1, 'C': 'free'}",False,True,True,1.0,3
1162,3,0.35682570919125817,0.7171344500973851,0.9770997975816529,2.0163934568665667,1.1222312608746388,1.5738460166052228,0.4381916511992001,0.9999999791803861,0.05,0.050000000000000044,0.050000000000000044,0.562213309144113,0.04742481218589066,0.014064095015175668,0.050000000000000044,0.09999999999999998,"{'I': 0, 'W': 1, 'R': 0, 'C': 'costly'}",False,True,True,1.0,3
1176,1,0.2518719632303558,0.5263707234867566,1.0143579899086281,2.246573514091601,1.2379639040017787,1.4670315948224415,0.8817175855666759,0.9999999897457105,0.0,0.050000000000000044,0.050000000000000044,0.029310648504790062,0.09533645730814179,0.06008040704461213,0.25,0.25,"{'I': 1, 'W': 0, 'R': 1, 'C': 'free'}",False,True,True,1.0,3
1176,2,0.005292753458066627,0.9519155356187837,0.025238948675226035,2.532545705259129,1.0006859870624774,1.9420018995048243,0.006152760695379067,1.0,0.0,0.09999999999999998,0.0,0.060085275064068654,0.148026048444981,0.22273028676607404,0.30000000000000004,0.4,"{'I': 1, 'W': 0, 'R': 1, 'C': 'free'}",False,True,True,0.3333333333333333,3
1176,3,0.08996289435720335,0.7263666818461918,0.5402599537299759,2.102692759067272,1.0388463210414844,1.6301695453527958,0.23415504250273167,0.999999999994355,0.05,0.050000000000000044,0.050000000000000044,0.029314005745411677,0.03732331357320482,0.11923063284688107,0.050000000000000044,0.09999999999999998,"{'I': 1, 'W': 0, 'R': 1, 'C': 'free'}",False,True,True,1.0,3
1176,4,0.14121878537485455,0.50924092731337,0.5448566006342117,2.3507716081904504,1.0478526664250418,1.3311074318781821,0.37338935082429814,0.9999999993569718,0.25,0.050000000000000044,0.050000000000000044,0.11920756665043858,0.2226904249821575,0.562215947085809,0.30000000000000004,0.4,"{'I': 1, 'W': 0, 'R': 1, 'C': 'free'}",False,True,True,0.6666666666666666,3
1176,5,0.28954027327597825,0.805605542620521,0.8427438307044032,2.621690632091007,1.2159671005969102,1.8214485365050181,0.7455823559133343,1.0,0.1,0.050000000000000044,0.010000000000000009,0.2690035617918504,0.07585595846974615,0.04743443045753248,0.09999999999999998,0.30000000000000004,"{'I': 0, 'W': 1, 'R': 0, 'C': 'costly'}",False,True,True,1.0,3
1187,1,0.12591124903047643,0.7946690545704632,0.6497907992915074,2.420098738432492,1.0429919900387152,1.9367671831357778,0.22319115649585186,0.9999999999999988,0.25,0.050000000000000044,0.050000000000000044,0.07585745976508655,0.1191969714752492,0.11919509374446866,0.25,0.25,"{'I': 1, 'W': 0, 'R': 1, 'C': 'free'}",False,True,True,1.0,3
1187,2,0.19719535094522966,0.5245948329963066,0.6033670066209564,2.30960205463585,1.0813112818315629,1.3875867554346133,0.46495029826965806,0.9999999922165581,0.0,0.050000000000000044,0.0,0.014062979822798194,0.03732517657666485,0.037326555169381735,0.050000000000000044,0.25,"{'I': 1, 'W': 0, 'R': 1, 'C': 'free'}",False,True,True,1.0,3
1187,3,0.15889939564254163,0.5814021883783503,0.5514851348103433,2.105691426383635,1.05697545785207,1.5730014830327328,0.35808019888972087,0.9999999999961121,0.05,0.050000000000000044,0.050000000000000044,0.006692504149920373,0.010986059220962706,0.008577326291193534,0.050000000000000044,0.050000000000000044,"{'I': 1, 'W': 0, 'R': 1, 'C': 'free'}",True,False,True,0.0,3
1187,4,0.029443035781920895,0.7194346285493988,0.16867285019209854,2.5594251118334093,1.0063251733228684,1.8110653000640935,0.043176919591793705,1.0,0.05,0.050000000000000044,0.050000000000000044,0.029311185856251313,0.0373230754140304,0.008577351962986304,0.050000000000000044,0.050000000000000044,"{'I': 1, 'W': 0, 'R': 1, 'C': 'free'}",False,True,True,0.0,3
1187,5,0.18345522920254737,0.531826666685416,0.8300938308914594,2.181097867988346,1.094768400320363,1.442344424531763,0.8753798776203746,0.9999999995879687,0.05,0.050000000000000044,0.010000000000000009,0.004069977511580807,0.006691772730950057,0.004069673443867529,0.050000000000000044,0.050000000000000044,"{'I': 0, 'W': 1, 'R': 0, 'C': 'costly'}",False,True,True,1.0,3
119,1,0.06264448781241305,0.6702319819174117,0.20358470983301152,2.2115895621803725,1.0106407350710693,1.6122518733888895,0.05154658419742797,0.9999999980599246,0.0,0.050000000000000044,0.030000000000000027,0.07585329295221957,0.09532060749213873,0.06008347837241744,0.050000000000000044,0.050000000000000044,"{'I': 1, 'W': 0, 'R': 1, 'C': 'free'}",False,True,True,0.0,3
119,2,0.00427763131469799,0.8290332876773967,0.012304121668686765,2.138843319741712,1.0005281088866778,1.697521323413175,0.0026363660981224557,0.999999973932635,0.0,0.0,0.0,0.04742275654307984,0.04741869861882275,0.07585474868710754,0.050000000000000044,0.09999999999999998,"{'I': 1, 'W': 0, 'R': 1, 'C': 'free'}",False,True,True,1.0,3
119,3,0.014862249669962548,0.8716452208309916,0.05105316079192372,1.989229549297065,1.0021501440429814,1.5500649161112772,0.010681719846509563,0.9999994770577381,0.0,0.050000000000000044,0.010000000000000009,0.14805005277659114,0.3208020635907969,0.26894178446296413,0.050000000000000044,1.0,"{'I': 1, 'W': 0, 'R': 1, 'C': 'free'}",False,True,True,0.0,3
119,4,0.05697923482718592,0.5457493535850372,0.3274718220603378,2.016138432766873,1.0174365768975928,1.3459902607995815,0.09852036311184387,0.9999448409568858,0.0,0.050000000000000044,0.050000000000000044,0.014062929548146717,0.01098539482270549,0.017985754812643133,0.050000000000000044,0.050000000000000044,"{'I': 1, 'W': 0, 'R': 1, 'C': 'free'}",False,True,True,0.0,3
119,5,0.0016549843986411333,0.6971312294452533,0.0077298512877025044,2.169048583280481,1.000190815540958,1.5496536985243223,0.001144129012667694,0.9999999999466261,0.0,0.050000000000000044,0.050000000000000044,0.01406298522945499,0.010986472986793665,0.029311916909177782,0.09999999999999998,0.09999999999999998,"{'I': 1, 'W': 0, 'R': 1, 'C': 'free'}",False,True,True,1.0,3
119,6,0.08281640423898397,0.5546430577311554,0.44371402728117343,2.6612165565405737,1.02178400502191,1.4167047258624603,0.24433083638347985,0.9999999999818379,0.0,0.050000000000000044,0.0,0.005219482349026461,0.005217845168160897,0.004069794869769926,0.050000000000000044,0.050000000000000044,"{'I': 0, 'W': 1, 'R': 0, 'C': 'costly'}",False,True,True,1.0,3
12,1,0.7501221605582113,0.696469653524603,2.039336303589487,2.527159376141507,1.4646238091222648,1.5689200561855585,0.9527728996545057,0.9999999999999979,0.2,0.050000000000000044,0.050000000000000044,0.9707019626100057,0.9241166652278162,0.7773339751896399,0.4,0.25,"{'I': 1, 'W': 0, 'R': 1, 'C': 'free'}",False,True,True,1.0,3
12,2,0.2823401284134229,0.9115054611800988,1.516774514794784,2.318642295048323,1.1275790460255402,1.851072144666378,0.7632794073551195,1.0,0.25,0.09999999999999998,0.0,0.11919832458269733,0.06007890716878805,0.6791875883970366,0.30000000000000004,1.0,"{'I': 1, 'W': 0, 'R': 1, 'C': 'free'}",False,True,True,1.0,3
12,3,0.30029544483848175,1.1429830556073262,1.5439838867834341,2.691772587594927,1.1480167878645309,2.041654059745464,0.809181212224371,1.0,0.0,0.050000000000000044,0.09999999999999998,0.5621274774698112,0.2689031292856901,0.4378660019738329,0.7,0.8,"{'I': 1, 'W': 0, 'R': 1, 'C': 'free'}",True,False,True,0.0,3
12,4,0.5366183552913233,1.2725540239323585,2.1675528301693743,2.7101880637026206,1.5390363641994629,2.751927103142399,0.9963207055822241,1.0,0.3,0.9,0.7,0.3775617573264732,0.43777755495513965,0.37773900754057876,0.7,0.7,"{'I': 1, 'W': 0, 'R': 1, 'C': 'free'}",False,True,True,1.0,3
12,5,0.19339381866745242,0.9079911520318004,1.4038305715329138,2.4248917233330336,1.0609076385157332,1.8033796539821088,0.5363486724036268,1.0,0.5,1.0,0.75,0.8519652099991758,0.4999863387938256,0.37757995219431145,1.0,0.75,"{'I': 1, 'W': 0, 'R': 1, 'C': 'free'}",True,False,True,0.0,3
12,6,0.38515219795100136,1.0589945788058026,1.3748252078988537,2.687551923032863,1.4248966934409728,2.030837402476825,0.9857242328366204,1.0,0.3,0.9,0.75,0.3775450687767617,0.18242414837106752,0.3775535295067454,0.7,0.8,"{'I': 1, 'W': 0, 'R': 1, 'C': 'free'}",False,True,True,0.0,3
12,7,0.18624102364419923,1.1231865919002146,0.8961980762632775,2.503177705163938,1.0768594021032372,1.9801668329862419,0.6181146969414854,1.0,0.3,1.0,0.050000000000000044,0.18243793149763882,0.11920075222980493,0.11920522884275338,0.7,0.75,"{'I': 1, 'W': 0, 'R': 1, 'C': 'free'}",False,True,True,0.0,3
1217,1,0.09632222944639143,0.6027389839133619,0.6645084148842912,1.7733339699665416,1.0579459646773763,1.504302815696945,0.32585146454507474,0.999999996924561,0.0,0.050000000000000044,0.030000000000000027,0.037325443753621075,0.07585259363850146,0.07584778582295565,0.25,0.25,"{'I': 1, 'W': 0, 'R': 1, 'C': 'free'}",False,True,True,1.0,3
1217,2,0.34984018968222375,0.9605871620473313,1.8586462553685554,2.4929431733083454,1.1646532379877266,2.0021457195288495,0.8130019933981482,1.0,0.5,0.050000000000000044,0.050000000000000044,0.4378472720517348,0.11919491043003325,0.11920273344046863,0.5,0.5,"{'I': 1, 'W': 0, 'R': 1, 'C': 'free'}",False,True,True,0.3333333333333333,3
1217,3,0.49816953385708507,0.7618624061774488,1.1121486535211385,2.137285780256995,1.3244125073855522,1.6986632285966525,0.7545948724582248,1.0,0.3,0.050000000000000044,0.09999999999999998,0.09534715329739409,0.022976574691511563,0.22270928955321648,0.7,0.7,"{'I': 1, 'W': 0, 'R': 1, 'C': 'free'}",False,True,True,1.0,3
1217,4,0.854564420913246,0.7023431838304702,1.4292827684881502,2.2182631828670476,2.599623064108335,1.5075147276928558,0.9915773628232187,0.9999999999999999,0.05,0.050000000000000044,0.050000000000000044,0.010986523362596111,0.010985094125460731,0.01098648929755142,0.19999999999999996,0.19999999999999996,"{'I': 1, 'W': 0, 'R': 1, 'C': 'free'}",False,True,True,0.0,3
1217,5,0.3296655709988164,0.7606111260800669,0.7985254738089191,2.420641261840233,1.1091620057659932,1.8072508326920322,0.46293099010035743,0.9999999999984963,0.05,0.050000000000000044,0.010000000000000009,0.010986019324804927,0.006691961708686772,0.017986332569279312,0.09999999999999998,0.050000000000000044,"{'I': 1, 'W': 0, 'R': 1, 'C': 'free'}",False,True,True,0.6666666666666666,3
1217,6,0.1673855717063513,0.7797674493061637,0.9648452793244998,2.647810000424538,1.0614189755999166,1.7250525526834923,0.7461351881402314,1.0,0.01,0.050000000000000044,0.050000000000000044,0.004069980524566529,0.00669174222540393,0.004069786388629678,0.050000000000000044,0.050000000000000044,"{'I': 0, 'W': 1, 'R': 0, 'C': 'costly'}",False,True,True,1.0,3
1222,1,0.23375159645891333,0.764690704445115,0.7868727230257668,2.109900329079584,1.098197436281422,1.6005071882369657,0.429944097453557,0.99999999897041,0.05,0.050000000000000044,0.030000000000000027,0.03732555317590185,0.07584898284173262,0.22268280442668542,0.050000000000000044,0.050000000000000044,"{'I': 1, 'W': 0, 'R': 1, 'C': 'free'}",False,True,True,1.0,3
1222,2,0.2791427219394811,0.7802558991499812,1.0832090190119545,2.3213509276340454,1.0804210047994725,1.7540517186983697,0.371302277787006,0.9999986101032746,0.0,0.050000000000000044,0.0,0.047423410787790075,0.037324365269828574,0.6791722582584765,0.050000000000000044,0.050000000000000044,"{'I': 1, 'W': 0, 'R': 1, 'C': 'free'}",True,False,True,0.0,3
1222,3,0.4609449470740189,0.7581623712497852,1.6691721496666496,2.345833991222841,1.451998548519837,1.6791390078066128,0.9921577689929965,0.9999999999998521,0.25,0.050000000000000044,0.010000000000000009,0.37755413244614444,0.3208040152417359,0.22270557331462582,0.050000000000000044,0.09999999999999998,"{'I': 1, 'W': 0, 'R': 1, 'C': 'free'}",False,True,True,0.3333333333333333,3
1222,4,0.35217630582128706,0.6834762247932338,1.9026560919263558,2.4947591830385116,1.2195841026757055,1.7475133900226205,0.9769868185895428,0.9999999999999994,0.05,0.0,0.010000000000000009,0.01798524749361134,0.022974553197997547,0.037324464799845095,0.050000000000000044,0.050000000000000044,"{'I': 0, 'W': 1, 'R': 0, 'C': 'costly'}",False,True,True,0.0,3
1224,1,0.10900125432818773,0.49259075956491083,0.5733810825380781,2.0252015910100485,1.0325582780395606,1.30552836542438,0.3406582845078424,0.9999972314204153,0.0,0.050000000000000044,0.09999999999999998,0.679175132283089,0.6791309810627211,0.3775034017587814,0.25,0.25,"{'I': 1, 'W': 0, 'R': 1, 'C': 'free'}",False,True,True,1.0,3
1224,2,0.11814403338393532,0.761928313505254,0.803544581916351,2.196340653604678,1.036105216122738,1.6622623221128499,0.34663829067824914,0.9999999999999999,0.1,0.050000000000000044,0.0,0.11919901031955424,0.0474220121254118,0.2689356301298444,0.30000000000000004,0.75,"{'I': 1, 'W': 0, 'R': 1, 'C': 'free'}",False,True,True,0.3333333333333333,3
1224,3,0.07960943344518713,0.712044901842971,0.8022596127722055,1.92224402978651,1.0450486309685776,1.5852703980110272,0.41066532846560533,0.9999984260068121,0.2,0.050000000000000044,0.0,0.09534511240381072,0.14804157701383988,0.4999906620336127,0.4,1.0,"{'I': 1, 'W': 0, 'R': 1, 'C': 'free'}",True,False,True,0.0,3
1224,4,0.08806734808764992,0.7506353214358734,0.49315313434932345,2.4913252358312428,1.028030543401576,1.553415538666568,0.28232505613082337,0.9999999999997629,0.25,0.75,0.050000000000000044,0.11919759194376887,0.022975486018549648,0.06008692753965017,1.0,0.75,"{'I': 1, 'W': 0, 'R': 1, 'C': 'free'}",False,True,True,0.3333333333333333,3
1224,5,0.07003341771411405,0.7175107532616771,0.6758241481076788,2.5735668290259475,1.0288321268163365,1.6399558291698406,0.30893121720940664,0.9999999999999708,0.2,0.050000000000000044,0.050000000000000044,0.07585819913445087,0.03732560555089827,0.18241943262999907,0.5,0.75,"{'I': 1, 'W': 0, 'R': 1, 'C': 'free'}",True,True,True,0.0,3
1224,6,0.12342088046797196,0.9831464881879086,0.6957691592520227,2.277223455665067,1.1064831003383293,2.0113856052888623,0.6714455431268633,0.9999999999999999,0.25,0.050000000000000044,0.19999999999999996,0.18243155299403194,0.017985213745608065,0.18242105238628478,0.7,1.0,"{'I': 1, 'W': 0, 'R': 1, 'C': 'free'}",False,True,True,1.0,3
1224,7,0.34143506390327255,0.5598186943250744,1.580995524835508,2.143552459548372,1.1910921769860252,1.4523876517278702,0.8539165875002789,0.9999978762136519,0.5,0.050000000000000044,0.050000000000000044,0.6224647249723534,0.22268121441452304,0.5622174319147877,0.7,1.0,"{'I': 1, 'W': 0, 'R': 1, 'C': 'free'}",False,True,True,1.0,3
1237,1,0.00777268762172048,0.3968508158833304,0.03479000894087632,1.5523448458793554,1.000960240916901,1.256515998543736,0.005742131662023309,0.9999826245958473,0.0,0.050000000000000044,0.030000000000000027,0.0373257322732761,0.0373247316256162,0.07585482299937193,0.050000000000000044,0.050000000000000044,"{'I': 1, 'W': 0, 'R': 1, 'C': 'free'}",False,True,True,1.0,3
1237,2,0.26414465900499856,0.30216373823892145,1.0418973270551724,2.0209981164738235,1.096804685084973,1.2219865547067004,0.4762851100879314,0.999986686873408,0.0,0.050000000000000044,0.0,0.03732696312186873,0.029310829263066555,0.6791765552542596,0.050000000000000044,0.09999999999999998,"{'I': 1, 'W': 0, 'R': 1, 'C': 'free'}",False,True,True,1.0,3
1237,3,0.19463655926170084,0.5162618985706503,0.8349294108419552,1.7433472791048539,1.0534872634695747,1.4278016049620756,0.49205201987152536,0.9999999999115722,0.0,0.050000000000000044,0.010000000000000009,0.22269419104957125,0.04742183389627761,0.0373288081354156,0.050000000000000044,0.050000000000000044,"{'I': 0, 'W': 1, 'R': 0, 'C': 'costly'}",False,True,True,1.0,3
1245,1,0.0005109575292409872,0.6394032460946469,0.000861970434127416,2.21284730435436,1.0000463482307407,1.3993931457420694,0.0002317089348099488,0.9999999639360628,0.0,0.050000000000000044,0.050000000000000044,0.014063052406084435,0.022976190924288695,0.01798533607250569,0.050000000000000044,0.25,"{'I': 1, 'W': 0, 'R': 1, 'C': 'free'}",False,True,True,1.0,3
1245,2,0.11769180239469793,0.5466686557339403,0.549420259509238,2.171776819398056,1.036181769711737,1.3796083588521304,0.16281726353397574,0.9999999991761049,0.0,0.050000000000000044,0.030000000000000027,0.0040700599460750785,0.006692273294569012,0.006692506307532153,0.050000000000000044,0.050000000000000044,"{'I': 1, 'W': 0, 'R': 1, 'C': 'free'}",True,False,True,0.0,3
1245,3,0.2967309786832185,0.6114140026430349,0.9639918554698153,2.4948409256944877,1.1312864757351746,1.532221327474951,0.4603191303649429,0.9999999999999807,0.05,0.050000000000000044,0.010000000000000009,0.06008380849696084,0.09534118756075598,0.060090242687073976,0.050000000000000044,0.25,"{'I': 1, 'W': 0, 'R': 1, 'C': 'free'}",True,False,True,0.0,3
1245,4,0.38672126933648227,0.7470523260491492,1.6463919272260492,2.4914163882081137,1.2091580084718139,1.6049015299315232,0.7353824747037259,0.9999999999999828,0.25,0.050000000000000044,0.050000000000000044,0.06008612407027136,0.03732508503095163,0.06008752581861413,0.25,0.25,"{'I': 1, 'W': 0, 'R': 1, 'C': 'free'}",False,True,True,0.6666666666666666,3
1245,5,0.013292621569431852,0.6245331263833119,0.031217714784561337,2.373539816902306,1.0016771348744304,1.3653488357627497,0.011661580849577025,0.9999999999018315,0.1,0.050000000000000044,0.050000000000000044,0.037326211097794194,0.04742455219708807,0.1480478351975504,0.5,0.7,"{'I': 1, 'W': 0, 'R': 1, 'C': 'free'}",True,False,True,0.0,3
1245,6,0.005665076283314016,0.7107739751308177,0.017150900971913685,2.3521806681632738,1.0006577968454218,1.6127560100718354,0.004592486280003416,1.0,0.25,0.09999999999999998,0.0,0.07585753006677814,0.017985314676558686,0.18243824191538346,0.4,0.8,"{'I': 1, 'W': 0, 'R': 1, 'C': 'free'}",True,False,True,0.0,3
1245,7,0.1905962480801427,0.5808024564910538,0.6069100939578745,2.3381399912672802,1.0543371924141396,1.3823189279712944,0.30953238705602304,0.9999999999999977,0.1,1.0,0.050000000000000044,0.1480560285486384,0.14804288223369888,0.377543396249677,0.8,0.75,"{'I': 1, 'W': 0, 'R': 1, 'C': 'free'}",True,False,True,0.0,3
1270,1,0.025534774284551354,0.6716688176145825,0.11205842760915859,2.3976752338343346,1.0037940014491435,1.432969223290651,0.026159509930973934,0.9999998086559795,0.0,0.050000000000000044,0.030000000000000027,0.22269667788787487,0.222690978549287,0.1824210643954258,0.25,0.25,"{'I': 1, 'W': 0, 'R': 1, 'C': 'free'}",False,True,True,1.0,3
1270,2,0.21155231751342923,0.7018099792455603,0.8733100594973628,2.232772929400613,1.0914219744091624,1.7029102419248532,0.5449430429054583,1.0,0.25,0.050000000000000044,0.0,0.14804912952285398,0.07585450776631576,0.32082935317111194,0.4,0.4,"{'I': 1, 'W': 0, 'R': 1, 'C': 'free'}",False,True,True,1.0,3
1270,3,0.5161063486229315,0.6832752514576633,1.5677950368037794,2.3975627507336377,1.2764428442938551,1.4611980212822562,0.7048837424376277,0.9999999987244135,0.05,0.050000000000000044,0.09999999999999998,0.5622158665234833,0.26892514649162724,0.6792180386011349,0.25,0.4,"{'I': 1, 'W': 0, 'R': 1, 'C': 'free'}",False,True,True,0.3333333333333333,3
1270,4,0.21369627679797354,0.5499816449381123,0.9089335029520613,2.097962377369426,1.1187837382788726,1.3216917865024966,0.42948210124299313,0.9999938141158646,0.0,0.050000000000000044,0.050000000000000044,0.008577206859800648,0.008576801487726457,0.014063635680462414,0.050000000000000044,0.25,"{'I': 1, 'W': 0, 'R': 1, 'C': 'free'}",False,True,True,0.0,3
1270,5,0.2654951293903231,0.5507904773652756,1.0703193664301693,2.1460709073867106,1.2202079793379066,1.340899117906386,0.6303159641797239,0.9999919803429484,0.0,0.050000000000000044,0.050000000000000044,0.017984353625014923,0.006692360070940747,0.022977569844030977,0.09999999999999998,0.09999999999999998,"{'I': 1, 'W': 0, 'R': 1, 'C': 'free'}",False,True,True,0.0,3
1270,6,0.2522264781121094,0.5657668412183314,0.9124359964220901,1.7756850106561197,1.1147764533846185,1.4642757752547966,0.4191539159865576,0.9997728583929228,0.0,0.050000000000000044,0.050000000000000044,0.03732541667888345,0.010986311396643168,0.029312792353112387,0.09999999999999998,0.050000000000000044,"{'I': 1, 'W': 0, 'R': 1, 'C': 'free'}",False,True,True,0.0,3
1270,7,0.12992835244570933,0.6670201204494831,0.4722837955160462,2.205829644357129,1.0301149042725177,1.515639237591996,0.13787220722543048,0.9999998627987459,0.0,0.050000000000000044,0.050000000000000044,0.01798396241799673,0.006692364812925894,0.014063482884006606,0.050000000000000044,0.09999999999999998,"{'I': 1, 'W': 0, 'R': 1, 'C': 'free'}",True,False,True,0.0,3
129,1,0.33741135511310777,0.6681668127895094,1.3604575415046967,2.1919205655708422,1.2892377201254164,1.4903722057006081,0.9778688007722349,0.9999999995613846,0.3,0.050000000000000044,0.050000000000000044,0.32081882384349714,0.14803488084436506,0.11919542042834173,0.4,0.25,"{'I': 1, 'W': 0, 'R': 1, 'C': 'free'}",False,True,True,1.0,3
129,2,0.023344805119502238,0.7019893438486131,0.05668149350309303,2.532243906887279,1.0037281012185852,1.4894464864044572,0.04367171342305931,0.9999999999999856,0.25,0.050000000000000044,0.0,0.0066928113281784895,0.010985198619564119,0.02931039087849152,0.25,0.4,"{'I': 1, 'W': 0, 'R': 1, 'C': 'free'}",False,True,True,0.6666666666666666,3
129,3,0.1842185850070535,0.708810027171365,0.9439255109913038,2.459044568808035,1.1265099314431786,1.6035067144026105,0.5656349977457518,1.0,0.25,0.050000000000000044,0.0,0.18243447230855905,0.0953355945608444,0.029312891171403555,0.30000000000000004,0.25,"{'I': 1, 'W': 0, 'R': 1, 'C': 'free'}",False,True,True,0.3333333333333333,3
129,4,0.48366392560777316,0.7059605227970879,1.0550425520427167,2.597929594989587,1.2194310647544733,1.6284269953275294,0.92414998116916,1.0,0.1,0.0,0.050000000000000044,0.8175803778556651,0.3774856549420572,0.2227249975238669,0.30000000000000004,0.30000000000000004,"{'I': 1, 'W': 0, 'R': 1, 'C': 'free'}",False,True,True,0.3333333333333333,3
129,5,0.2825588802392494,0.6522427793394728,1.1412346624609098,2.056880644232662,1.1131905318257134,1.500265486641823,0.5279223134853426,0.9999999999394312,0.1,0.050000000000000044,0.010000000000000009,0.3775509316694256,0.11917903418724311,0.09536532438350549,0.09999999999999998,0.25,"{'I': 1, 'W': 0, 'R': 1, 'C': 'free'}",True,True,True,0.0,3
129,6,0.19848587599510542,0.7816446939473743,1.3320919263135438,2.5898114312890637,1.0903133069031161,1.697325180599655,0.8372869309229296,0.9999999999999999,0.1,0.050000000000000044,0.050000000000000044,0.022976756279660126,0.010985679765860573,0.06008831597669802,0.19999999999999996,0.19999999999999996,"{'I': 0, 'W': 1, 'R': 0, 'C': 'costly'}",False,True,True,0.0,3
1307,1,0.034286096660687354,0.617882768737373,0.19757188950279275,2.083542388163477,1.0084041807216775,1.42701508350571,0.04897447184868797,0.9999885636888123,0.5,0.050000000000000044,0.030000000000000027,0.8807912685315029,0.18240158260393952,0.04742279231091042,0.25,0.25,"{'I': 1, 'W': 0, 'R': 1, 'C': 'free'}",False,True,True,0.3333333333333333,3
1307,2,0.02469969038976816,0.6398579374788241,0.12656363159192408,2.235295395730396,1.0042506353737326,1.4248776812741366,0.025128646337430727,0.9999999987952412,0.0,0.0,0.0,0.02931091794871224,0.07584920054131454,0.09534696658183571,0.050000000000000044,1.0,"{'I': 1, 'W': 0, 'R': 1, 'C': 'free'}",False,True,True,1.0,3
1307,3,0.0034235722692009586,0.7811615277429751,0.01531112294162779,2.2589156097600838,1.0004044235289276,1.6653601975167023,0.0024231101482153905,1.0,0.0,0.050000000000000044,0.0,0.004070041867987448,0.010986221583650478,0.029310771254846407,0.050000000000000044,0.25,"{'I': 1, 'W': 0, 'R': 1, 'C': 'free'}",True,False,True,0.0,3
1307,4,0.516978082699084,0.9335323451005818,1.4903692326809734,2.4697139935896226,1.3845315904029436,1.8227307140235542,0.9259411361451142,1.0,0.25,0.050000000000000044,0.050000000000000044,0.09535081889423197,0.18237666948204076,0.22269316919681298,0.30000000000000004,0.7,"{'I': 1, 'W': 0, 'R': 1, 'C': 'free'}",False,True,True,0.3333333333333333,3
1307,5,0.06063180360735392,0.7940599527852342,0.3731671102313691,2.4034290236211846,1.016085634717504,1.6854180527055203,0.11984834748104889,0.9999999999999993,0.1,0.050000000000000044,0.010000000000000009,0.1191937103663443,0.09532939336141208,0.18241957122045765,0.09999999999999998,0.7,"{'I': 1, 'W': 0, 'R': 1, 'C': 'free'}",True,False,True,0.0,3
1307,6,0.13429291888498626,0.7936429241301333,0.4947994855271115,2.3049360152163487,1.0429664825047535,1.7826747457976408,0.28577148492584004,0.9999999999910293,0.0,0.050000000000000044,0.050000000000000044,0.11920475067322915,0.14800513365560425,0.11920317664815207,0.09999999999999998,0.8,"{'I': 1, 'W': 0, 'R': 1, 'C': 'free'}",True,False,True,0.0,3
1307,7,0.703031468217224,1.0453066532632176,1.854900835678407,2.55695239731911,1.75046569216687,2.1171729297049042,0.9987917501219009,1.0,0.5,1.0,0.0,0.904639146564945,0.8174972375443643,0.1192006444369304,0.9,1.0,"{'I': 1, 'W': 0, 'R': 1, 'C': 'free'}",False,False,True,0.0,3
1320,1,0.004031356314358751,0.46206550149391806,0.014892740824760532,1.6315563399767534,1.0005131834196161,1.4952831149329282,0.0025619714651675674,0.9999994871899248,0.0,0.050000000000000044,0.030000000000000027,0.4378451526605334,0.14787820449443395,0.0600816966682949,0.19999999999999996,0.050000000000000044,"{'I': 0, 'W': 1, 'R': 0, 'C': 'costly'}",False,True,True,0.0,3
1335,1,0.24998486804674064,0.5875979800609162,0.7962479067467269,2.067244886185607,1.1413394117911462,1.3753371921346913,0.4836717006394259,0.9999999994671752,0.25,0.050000000000000044,0.050000000000000044,0.06008481897538858,0.07585196170927162,0.32080686614123594,0.25,0.25,"{'I': 1, 'W': 0, 'R': 1, 'C': 'free'}",False,True,True,1.0,3
1335,2,0.19389101376668552,1.1609864790361106,0.8083974643740846,2.661397016074224,1.0550746092589762,2.2510502999337367,0.34876965893464607,1.0,0.0,0.09999999999999998,0.30000000000000004,0.04742557454620299,0.06008139911289441,0.32083658967119844,0.4,0.75,"{'I': 1, 'W': 0, 'R': 1, 'C': 'free'}",False,True,True,1.0,3
1335,3,0.14883481681934396,0.8363724410925715,0.37193115768233287,2.3416320794461982,1.04823055693566,1.920901417643154,0.2098383971690897,1.0,0.25,0.050000000000000044,0.0,0.06008522913243244,0.014063333644068966,0.14805951004785037,0.050000000000000044,0.25,"{'I': 1, 'W': 0, 'R': 1, 'C': 'free'}",False,True,True,0.3333333333333333,3
1335,4,0.7343293881296326,0.7708187010569894,1.9249873272746607,2.462700346871799,1.6390180253368563,1.715677780304796,0.997339304088644,1.0,0.25,0.050000000000000044,0.050000000000000044,0.6791737171364803,0.22267083139936575,0.3775924537298666,1.0,0.75,"{'I': 1, 'W': 0, 'R': 1, 'C': 'free'}",False,True,True,0.0,3
1335,5,0.17487113445843316,0.5408750392426916,0.6388002613673514,2.1878637726179146,1.0694731821575798,1.4715261540420745,0.5533562979078464,0.9999999999999946,0.1,0.050000000000000044,0.010000000000000009,0.37753475681459026,0.07584894233028987,0.37758556021302936,1.0,1.0,"{'I': 1, 'W': 0, 'R': 1, 'C': 'free'}",True,False,True,0.0,3
1335,6,0.17988307663078917,0.8554233157419253,0.7895007236701607,2.287484891172417,1.0904765897738864,1.740521248560194,0.6463254249125364,0.9999999999996947,0.0,0.09999999999999998,0.0,0.5001013429174901,0.3775485734918975,0.5002155320795505,1.0,1.0,"{'I': 1, 'W': 0, 'R': 1, 'C': 'free'}",True,False,True,0.0,3
1335,7,0.1346127755152905,0.5344053525059689,0.6515442235063673,2.2087212204929654,1.0370817193984658,1.3342207131403543,0.3539825464374208,0.9999999903299533,0.0,0.07999999999999996,0.050000000000000044,0.1824526834073672,0.0953290703624383,0.4378835179069402,0.09999999999999998,1.0,"{'I': 1, 'W': 0, 'R': 1, 'C': 'free'}",True,False,True,0.0,3
136,1,0.0950351330062134,0.5291378299026226,0.44059044879431103,2.184060178360486,1.0265981899421592,1.3272679118421,0.14572630270907228,0.9999839817600149,0.1,0.050000000000000044,0.010000000000000009,0.8519710852156832,0.377525247626032,0.0293116035384252,0.25,0.050000000000000044,,False,True,False,0.0,3
136,2,0.7058039412374821,0.8690448813979739,1.5764620810099237,2.6993722474357478,1.5639614548564462,1.8177939581555072,0.9563064146554273,0.9999999999999996,0.25,0.09999999999999998,0.0,0.09535044973,0.26893025652315206,0.9525811957775172,0.30000000000000004,0.9,"{'I': 1, 'W': 0, 'R': 1, 'C': 'free'}",False,True,True,1.0,3
136,3,0.23341329741763228,1.0000992773320212,1.0642865829938126,2.5261562209595385,1.1000593731041282,2.07956007549856,0.4357088421586901,1.0,0.0,0.050000000000000044,0.0,0.008577096093153545,0.04741856971473302,0.11922720611863903,0.050000000000000044,0.25,"{'I': 1, 'W': 0, 'R': 1, 'C': 'free'}",False,True,True,1.0,3
136,4,0.37348495317167746,0.8422914854966795,1.5092112934951631,2.5178523379873923,1.1443179386303546,1.8299328753773347,0.5546312268849063,0.9999999999999989,0.0,0.0,0.0,0.06008497208732492,0.02297317238229091,0.037327094278838444,0.050000000000000044,0.050000000000000044,"{'I': 0, 'W': 1, 'R': 0, 'C': 'costly'}",False,True,True,1.0,3
1391,1,0.01300819853185957,0.5232729355737341,0.05886093152379298,2.235696794281759,1.0019361744739417,1.3808475089367422,0.013448862469476852,0.9999975216013277,0.0,0.050000000000000044,0.050000000000000044,0.047425568069045854,0.14803385527479956,0.022975721289158143,0.25,0.25,"{'I': 1, 'W': 0, 'R': 1, 'C': 'free'}",False,True,True,1.0,3
1391,2,0.10333436749653205,0.7235039022283682,0.4459420424458129,1.818438442169638,1.026617599512608,1.6492770873073763,0.1230870693712941,0.9999999966461116,0.75,0.050000000000000044,0.050000000000000044,0.2227040439535559,0.22268839786485375,0.26896273918359564,0.25,0.4,"{'I': 1, 'W': 0, 'R': 1, 'C': 'free'}",False,True,True,1.0,3
1391,3,0.33246339443264816,0.7977144940402223,1.3574930931699698,2.077033331430131,1.303129173123133,1.7587666810839147,0.8797457980520169,0.9999999999996878,0.0,0.050000000000000044,0.0,0.2689913824529609,0.1191912980993521,0.32084123171407053,0.4,1.0,"{'I': 1, 'W': 0, 'R': 1, 'C': 'free'}",False,True,True,0.6666666666666666,3
1391,4,0.13808819624031698,0.777636711395275,0.5420822621156346,2.1662384450834016,1.0579639248282307,1.6813347631860467,0.24552352186527215,0.999999987349629,0.25,0.050000000000000044,0.050000000000000044,0.01798567861477843,0.014063144966349094,0.060087255405871315,0.19999999999999996,0.4,"{'I': 1, 'W': 0, 'R': 1, 'C': 'free'}",False,True,True,1.0,3
1391,5,0.02447159524785636,0.9121617092997629,0.1338632099042916,2.1853784865421275,1.0041014863503694,1.9626650959688565,0.032214478996588136,0.9999999999999994,0.0,0.050000000000000044,0.0,0.09534995860821971,0.029311167021637368,0.26896321579667887,1.0,1.0,"{'I': 1, 'W': 0, 'R': 1, 'C': 'free'}",True,True,True,0.0,3
1391,6,0.19392482186675875,0.9359444651314658,0.9774600598576417,2.713826614980738,1.0907767461415978,1.90537171802321,0.5009856513063825,1.0,0.3,0.050000000000000044,0.0,0.1480433809856196,0.06008449147045162,0.5000100797974545,0.4,0.8,"{'I': 1, 'W': 0, 'R': 1, 'C': 'free'}",False,True,True,1.0,3
1391,7,0.24047506216686423,0.7254306998704708,1.0646605357232541,2.2948389791399064,1.0812942510563672,1.6459392244034774,0.3743425271184927,1.0,0.05,0.050000000000000044,0.050000000000000044,0.014063051540632365,0.01098626771312346,0.014063095947053022,0.050000000000000044,0.09999999999999998,"{'I': 0, 'W': 1, 'R': 0, 'C': 'costly'}",False,True,True,1.0,3
1399,1,0.005433998161056534,0.5593578496718862,0.02284910491772883,1.5920965914832372,1.0007383650048929,1.460251489557332,0.004418763693934236,0.9999991755265842,0.0,0.050000000000000044,0.030000000000000027,0.008577355323987212,0.037324185423676395,0.0179849880836889,0.050000000000000044,0.050000000000000044,"{'I': 1, 'W': 0, 'R': 1, 'C': 'free'}",False,True,True,1.0,3
1399,2,0.34065304222056797,0.5603210188029839,0.9634568022460511,1.750823185933369,1.106346949474755,1.4101610425521027,0.5544778935077177,0.9999999998593094,0.05,0.050000000000000044,0.050000000000000044,0.14804281117177087,0.11918766276435916,0.11920972081459676,0.050000000000000044,0.050000000000000044,"{'I': 1, 'W': 0, 'R': 1, 'C': 'free'}",False,True,True,0.0,3
1399,3,0.09162770439454285,0.7389785777861467,0.6387012772487752,2.152162478606104,1.051334905684066,1.5082221724724532,0.33000535796707464,0.9999987098375311,0.0,0.050000000000000044,0.010000000000000009,0.010985967178647844,0.01798220073774036,0.010986588892150805,0.050000000000000044,0.050000000000000044,"{'I': 1, 'W': 0, 'R': 1, 'C': 'free'}",True,False,True,0.0,3
1399,4,0.0380808223311696,0.5905440294232029,0.1966749033616356,1.85509848438305,1.0078391282690604,1.4449353020828832,0.06055734101059862,0.9999999988818772,0.0,0.050000000000000044,0.050000000000000044,0.09532556989444282,0.09529908134303652,0.09535871674869796,0.050000000000000044,0.050000000000000044,"{'I': 1, 'W': 0, 'R': 1, 'C': 'free'}",True,False,True,0.0,3
1399,5,0.025204746685046363,0.5626140036398359,0.06662587404192924,1.5860407141501551,1.0036880187484805,1.519403114975672,0.02902045561401534,0.9999999987467942,0.0,0.050000000000000044,0.010000000000000009,0.060071838201154006,0.04740528561172386,0.037326981733130586,0.09999999999999998,0.050000000000000044,"{'I': 1, 'W': 0, 'R': 1, 'C': 'free'}",True,False,True,0.0,3
1399,6,0.044941910907860726,0.6553516800351588,0.1812360364103021,1.8514216691540153,1.0080339289686122,1.4570369705330726,0.0620087235605169,0.9999999065099437,0.0,0.050000000000000044,0.0,0.09532020974578854,0.11915453760699027,0.11920300855528662,0.09999999999999998,0.09999999999999998,"{'I': 1, 'W': 0, 'R': 1, 'C': 'free'}",True,False,True,0.0,3
1399,7,0.03464528995564877,0.5353091074715175,0.1715801213341189,1.8763519895014191,1.00656250206885,1.3514485714006454,0.050982937223036484,0.9999992880944242,0.0,0.050000000000000044,0.050000000000000044,0.11918991458221982,0.14801641396642268,0.07585762168640929,0.09999999999999998,0.25,"{'I': 1, 'W': 0, 'R': 1, 'C': 'free'}",True,False,True,0.0,3
1429,1,0.11501284674145963,0.501602264458897,0.6876127703868545,1.6443349778606784,1.1008272290618435,1.3813332150930582,0.43806637529131764,0.9999999300514361,0.0,0.050000000000000044,0.030000000000000027,0.022975783075102646,0.03732184357642891,0.09534140798617627,0.050000000000000044,0.050000000000000044,"{'I': 1, 'W': 0, 'R': 1, 'C': 'free'}",False,True,True,1.0,3
1429,2,0.007149691705253869,0.4296956574358378,0.014256886794600862,1.8483375943619305,1.0008697683829968,1.3575275011911268,0.004337517448588124,0.9999998302461852,0.0,0.050000000000000044,0.050000000000000044,0.010986064909170378,0.006692525187733507,0.11920729433602442,0.050000000000000044,0.25,"{'I': 1, 'W': 0, 'R': 1, 'C': 'free'}",False,True,True,1.0,3
1429,3,0.34546017289095954,0.5818738459403971,0.9319522194291388,1.7795678398119035,1.253542521036516,1.5922622194938554,0.6769240355788813,0.9999999967236733,0.0,0.050000000000000044,0.010000000000000009,0.0052199964116983,0.005219839861137734,0.029311995473873687,0.050000000000000044,0.050000000000000044,"{'I': 1, 'W': 0, 'R': 1, 'C': 'free'}",True,False,True,0.0,3
1429,4,0.2440628199417242,0.6607230625530969,1.1035080952217462,1.8768354815700867,1.1074246756789268,1.521239058397307,0.9481333368185761,0.9999999484651166,0.05,0.050000000000000044,0.010000000000000009,0.014062031282392213,0.0052186181862662225,0.022977738475109147,0.050000000000000044,0.050000000000000044,"{'I': 0, 'W': 1, 'R': 0, 'C': 'costly'}",False,True,True,1.0,3
1439,1,0.08528841360219583,0.6865112111358646,0.4069066748137195,2.1382125729273613,1.0196061314888036,1.6238108419763368,0.1438684690464106,0.999999999793286,0.0,0.050000000000000044,0.050000000000000044,0.010986393890417098,0.02297441819755855,0.07584436731964934,0.050000000000000044,0.050000000000000044,"{'I': 1, 'W': 0, 'R': 1, 'C': 'free'}",False,True,True,1.0,3
1439,2,0.4449563738696929,0.69771564357791,2.2029085364540704,2.3355552529363135,1.2489797868521302,1.8081776782442776,0.9306038973320794,1.0,0.1,0.050000000000000044,0.0,0.07585640034736768,0.095343156672585,0.14804673145999636,0.050000000000000044,0.25,"{'I': 1, 'W': 0, 'R': 1, 'C': 'free'}",False,True,True,1.0,3
1439,3,0.3549572075231323,0.6763275379128134,1.2674728561050428,2.2910299956400944,1.284585896941509,1.4934550884369364,0.8651363832885198,0.9999999999985714,0.0,0.050000000000000044,0.050000000000000044,0.09534687721251243,0.07584456961909648,0.2689538083254641,0.09999999999999998,0.25,"{'I': 1, 'W': 0, 'R': 1, 'C': 'free'}",True,True,True,0.0,3
1439,4,0.6533555099795854,0.8323291075599883,1.8167412299266887,2.6941010324529002,1.449474295540595,1.6410758709737183,0.9755716114773598,0.9999999990782859,0.05,0.050000000000000044,0.050000000000000044,0.3775036751469545,0.09533690938046513,0.2226973335319606,0.09999999999999998,0.050000000000000044,"{'I': 0, 'W': 1, 'R': 0, 'C': 'costly'}",False,True,True,0.0,3
1447,1,0.08528468764514785,0.8441716041783844,0.34941875579188103,2.474539759450234,1.019582507751172,1.7596964698645654,0.10984477761376155,1.0,0.1,0.050000000000000044,0.050000000000000044,0.8519422380011156,0.6789011718089518,0.32077691134623554,0.25,0.25,"{'I': 0, 'W': 1, 'R': 0, 'C': 'costly'}",False,True,True,0.0,3
1466,1,0.01848544887849946,0.46238589125884944,0.05776363769886402,1.702183608439364,1.0028266715984222,1.302249144406141,0.016793494850332547,0.9999883008441359,0.0,0.050000000000000044,0.030000000000000027,0.03732617410747228,0.06008229830734458,0.09534297390134325,0.25,0.050000000000000044,"{'I': 1, 'W': 0, 'R': 1, 'C': 'free'}",False,True,True,1.0,3
1466,2,0.13060690519033602,0.7282701086637495,0.6493762542744144,1.7812702674238128,1.0422004133125773,1.576694763300023,0.18671306681219024,0.9999999805981735,0.0,0.050000000000000044,0.050000000000000044,0.022976888879777654,0.07585096841964072,0.7310606758361954,0.25,0.4,"{'I': 1, 'W': 0, 'R': 1, 'C': 'free'}",False,True,True,1.0,3
1466,3,0.39232676893616764,0.40433836203884604,1.2494523531831165,1.9209618363789882,1.2990597830562072,1.2936360825160336,0.9269351290999311,0.9999957044555877,0.05,0.050000000000000044,0.010000000000000009,0.0066924422170973755,0.0066918774606820235,0.006692309319866042,0.050000000000000044,0.050000000000000044,"{'I': 0, 'W': 1, 'R': 0, 'C': 'costly'}",False,True,True,0.0,3
1490,1,0.010001701489408878,0.6097032074552606,0.05214063458227716,1.6592549802656866,1.0016232396216838,1.3286061928849948,0.00968434333066559,0.9999520122414947,0.0,0.050000000000000044,0.030000000000000027,0.008577322869144534,0.02297604325934178,0.060083970357746534,0.050000000000000044,0.25,"{'I': 1, 'W': 0, 'R': 1, 'C': 'free'}",False,True,True,1.0,3
1490,2,0.04574403395138887,1.2736458364017618,0.3545907733888096,2.3628415305478554,1.010516304489302,2.2785630672582937,0.08985607735306678,1.0,0.1,0.0,0.0,0.06008495193253883,0.017982425903060085,0.06008517944441957,0.4,1.0,"{'I': 1, 'W': 0, 'R': 1, 'C': 'free'}",False,True,True,1.0,3
1490,3,0.38848019233320324,0.9019035787222521,1.2547380490610076,2.374566617362145,1.2284858897476738,1.754851888920208,0.9153634545113487,0.999999999998923,0.5,0.050000000000000044,0.19999999999999996,0.679263470818918,0.37752346533484393,0.22270910517889345,0.30000000000000004,0.8,"{'I': 1, 'W': 0, 'R': 1, 'C': 'free'}",False,True,True,0.3333333333333333,3
1490,4,0.304592613570474,1.4848305229549106,1.3149815404823089,2.3170495441453354,1.205952286883311,2.7741798838465566,0.8943088812577523,1.0,0.5,0.050000000000000044,0.050000000000000044,0.2227145432751142,0.0600719042688794,0.11921225293675328,1.0,0.75,"{'I': 1, 'W': 0, 'R': 1, 'C': 'free'}",False,True,True,0.0,3
1490,5,0.2758680016814736,1.194822462615244,1.1058560217215883,2.028740911371724,1.1093681045524006,2.044136511990832,0.7121992666968109,0.9999999999722883,0.5,0.050000000000000044,0.010000000000000009,0.5000371450382193,0.07584849051440289,0.26895754413453016,1.0,0.75,"{'I': 1, 'W': 0, 'R': 1, 'C': 'free'}",True,True,True,0.0,3
1490,6,0.38012291144489946,0.7880161335386896,1.459956364802164,2.22199121292178,1.2670884142276697,1.5600174464186571,0.8812215316374447,0.9999999996559221,0.1,0.050000000000000044,0.0,0.02297632004850387,0.010986345007862932,0.22271263840885924,0.4,1.0,"{'I': 1, 'W': 0, 'R': 1, 'C': 'free'}",False,True,True,0.6666666666666666,3
1490,7,0.23359178555513577,0.6431548748377554,0.7545460550635026,1.9378127923152495,1.1005758826766427,1.4499060186700548,0.5778954102516196,0.9999952599288295,0.25,0.050000000000000044,0.050000000000000044,0.03732467281119719,0.03732134530564893,0.5001237429031974,0.4,1.0,"{'I': 1, 'W': 0, 'R': 1, 'C': 'free'}",False,True,True,0.0,3
1496,1,0.053997385427989604,0.8406991657390515,0.2896645891990347,1.9390496311159964,1.0113819018050387,1.6098850437104628,0.06565141385881468,0.9999999640759878,0.1,0.050000000000000044,0.050000000000000044,0.005219942142665472,0.017985189763481978,0.07585516213396282,0.050000000000000044,0.050000000000000044,"{'I': 1, 'W': 0, 'R': 1, 'C': 'free'}",False,True,True,1.0,3
1496,2,0.3800373365660587,0.4852468703154833,1.0816176673747042,1.612591958415513,1.2727421136234327,1.4022014526623117,0.9295541459553173,0.9999986585221936,0.0,0.050000000000000044,0.0,0.03732687175631075,0.022976692194165378,0.06008721231542803,0.050000000000000044,0.050000000000000044,"{'I': 1, 'W': 0, 'R': 1, 'C': 'free'}",False,True,True,0.3333333333333333,3
1496,3,0.0685741590970705,0.5475524821509513,0.29130962244966185,2.0537601903821576,1.0129752480545764,1.4299792046780766,0.13221361718127211,0.9999999993152273,0.05,0.050000000000000044,0.0,0.022975081471989366,0.017983010628050747,0.060086872885018336,0.19999999999999996,0.19999999999999996,"{'I': 1, 'W': 0, 'R': 1, 'C': 'free'}",True,False,True,0.0,3
1496,4,0.2804054936238602,0.9074782552260647,0.9324774255446191,2.365266163587075,1.291406010077159,1.9507175716330418,0.9535221145613384,1.0,0.0,0.050000000000000044,0.050000000000000044,0.07585837755270475,0.04742158575564979,0.32083527657164684,0.19999999999999996,0.8,"{'I': 1, 'W': 0, 'R': 1, 'C': 'free'}",False,True,True,1.0,3
1496,5,0.04083764829551251,0.8731808378309361,0.20231993741468537,2.4174630752769626,1.0083523466039996,1.8539943753834291,0.0949923708135072,1.0,0.2,0.050000000000000044,0.050000000000000044,0.14805647369803665,0.047425933833395814,0.3209117089726756,0.30000000000000004,0.7,"{'I': 1, 'W': 0, 'R': 1, 'C': 'free'}",False,True,True,0.0,3
1496,6,0.13354632741323155,0.5215089324001709,0.9974046806159832,1.9853288063306032,1.0667124597850044,1.4972312031290618,0.539285813968815,0.9999983576439777,0.0,0.9,0.0,0.9046979394690808,0.6224436264500461,0.37759411246238317,0.7,1.0,"{'I': 0, 'W': 1, 'R': 0, 'C': 'costly'}",False,True,True,0.0,3
151,1,0.38834532955455553,0.6371765903987929,1.586662517125177,2.6751382422998495,1.1933487799935734,1.6192958702613176,0.6537453301833706,0.9999999998548997,0.25,0.050000000000000044,0.050000000000000044,0.07585573975816938,0.07584914054553323,0.22266836328207398,0.25,0.25,"{'I': 1, 'W': 0, 'R': 1, 'C': 'free'}",False,True,True,1.0,3
151,2,0.0341791710082584,0.779924811029699,0.10980030951322656,2.1165568264322547,1.006483903444872,1.7096632544900312,0.038035604772814646,0.9999999999977381,0.05,0.050000000000000044,0.0,0.00406988614068189,0.014062164411474723,0.04742372097903974,0.050000000000000044,0.050000000000000044,"{'I': 1, 'W': 0, 'R': 1, 'C': 'free'}",True,False,True,0.0,3
151,3,0.13210557760110236,0.6109770308909694,0.5837571716085106,2.4445607187390896,1.041149692079533,1.526901824425684,0.18260095697371415,1.0,0.05,0.050000000000000044,0.010000000000000009,0.010985044890915367,0.005219225857999279,0.010985214991467407,0.050000000000000044,0.050000000000000044,"{'I': 0, 'W': 1, 'R': 0, 'C': 'costly'}",False,True,True,1.0,3
1515,1,0.08041084288296743,0.5538674485942385,0.3736661985865857,1.8169068159394233,1.0266308293059287,1.4330957541119902,0.1231435700992114,0.9999999684652092,0.0,0.050000000000000044,0.030000000000000027,0.03732562926562273,0.06008361491639526,0.14803088119463528,0.050000000000000044,0.25,"{'I': 1, 'W': 0, 'R': 1, 'C': 'free'}",False,True,True,1.0,3
1515,2,0.06016147882855398,0.6840826936249376,0.36951374481101396,1.9297148278862086,1.0194425532850384,1.6634771078096033,0.12610210107373254,0.9999999999980675,0.05,0.050000000000000044,0.030000000000000027,0.04742280296563665,0.14802350230635003,0.14804361041314837,0.050000000000000044,0.25,"{'I': 1, 'W': 0, 'R': 1, 'C': 'free'}",False,True,True,1.0,3
1515,3,0.6897024678122496,0.7603293187521164,1.479390157361092,2.175541097328301,1.3860068316824226,1.6746503662288916,0.947020035668033,1.0,0.25,0.050000000000000044,0.010000000000000009,0.148052905716987,0.2688864787851777,0.017986126261099775,0.19999999999999996,0.15000000000000002,"{'I': 1, 'W': 0, 'R': 1, 'C': 'free'}",False,True,True,0.0,3
1515,4,0.09366572058213374,0.7107899194487702,0.5051498272622009,2.499266868539714,1.0218961382410143,1.5224786378892925,0.17711493821441937,1.0,0.25,0.050000000000000044,0.050000000000000044,0.04741494177301751,0.11917417911134562,0.06008816501593586,0.19999999999999996,0.25,"{'I': 1, 'W': 0, 'R': 1, 'C': 'free'}",True,False,True,0.0,3
1515,5,0.45434490986616183,0.9285934354342474,0.7705999581397531,2.6025019769459243,1.148056882158499,1.9758715356321246,0.7113780591167891,1.0,0.1,0.050000000000000044,0.050000000000000044,0.14803053941076375,0.3206785840220453,0.09534497354936113,0.25,0.25,"{'I': 1, 'W': 0, 'R': 1, 'C': 'free'}",True,False,True,0.0,3
1515,6,0.10993361875732438,0.7582610608449986,0.33794731785689547,2.3799560201606247,1.0270138542361966,1.5490762203363615,0.2132925185310134,0.9999999999989397,0.1,0.050000000000000044,0.050000000000000044,0.06008104233423985,0.0953243954181966,0.04742439683329619,0.25,0.25,"{'I': 1, 'W': 0, 'R': 1, 'C': 'free'}",True,False,True,0.0,3
1515,7,0.12082380599927307,0.92341804480995,0.42534188690463703,2.5136646699890606,1.0352977979690572,1.7201105613348717,0.2681663284819781,1.0,0.1,0.050000000000000044,0.050000000000000044,0.14802934390718958,0.18236123436227564,0.09534188975202389,0.050000000000000044,0.25,"{'I': 1, 'W': 0, 'R': 1, 'C': 'free'}",True,False,True,0.0,3
1533,1,0.6527295006835261,0.8862145995798933,1.6715808528484366,2.409261273231339,1.5160418334240147,1.7531935370232377,0.9176368613534075,0.9999999998993124,0.0,0.050000000000000044,0.050000000000000044,0.18241718725373582,0.11917866176355103,0.43781018001985594,0.25,0.25,"{'I': 1, 'W': 0, 'R': 1, 'C': 'free'}",False,True,True,1.0,3
1533,2,0.24063842420288828,0.9566754427237255,0.6295453237891805,2.7674378840933205,1.6661418603922673,1.8084258098235573,0.9221174574566404,0.9999999999999583,0.0,0.0,0.0,0.014063061360088665,0.03732369336794385,0.11919788794347257,0.050000000000000044,0.4,"{'I': 1, 'W': 0, 'R': 1, 'C': 'free'}",False,True,True,0.0,3
1533,3,0.2703584292972046,1.1275998912932321,0.8579797975049855,2.647851487109888,1.1122446827944559,2.1470478350964783,0.47180051844234705,1.0,0.05,0.050000000000000044,0.09999999999999998,0.14805541520464716,0.0953390897525018,0.7773013805159101,0.30000000000000004,0.8,"{'I': 1, 'W': 0, 'R': 1, 'C': 'free'}",False,True,True,1.0,3
1533,4,0.6323684394697497,0.8941442365097264,2.1531751572256854,2.2449749595775566,1.3796701901215902,1.8581379318796107,0.8949071827596963,1.0,0.25,0.050000000000000044,0.050000000000000044,0.500027274492268,0.32081223973342177,0.7310653405314894,0.30000000000000004,0.75,"{'I': 1, 'W': 0, 'R': 1, 'C': 'free'}",False,True,True,1.0,3
1533,5,0.3240908657121872,0.8012947487693061,0.9837655653155939,2.2743466605766596,1.1726114429623635,1.6380407205307657,0.7614316381232729,1.0,0.25,0.050000000000000044,0.050000000000000044,0.14805019236199496,0.07585270637736782,0.07585867963905134,0.30000000000000004,0.25,"{'I': 1, 'W': 0, 'R': 1, 'C': 'free'}",False,True,True,0.6666666666666666,3
1533,6,0.33469090477575564,0.7736855830675083,1.0646876809641266,2.434054620005068,1.3677514793542984,1.7520035931356788,0.9183525821322593,1.0,0.5,1.0,0.0,0.9399070956724235,0.9046206920624117,0.43784323806796044,0.75,0.7,"{'I': 1, 'W': 0, 'R': 1, 'C': 'free'}",False,True,True,1.0,3
1533,7,0.23588103495686574,0.8540875604932483,0.7272138203203697,2.4906878839859967,1.1560464568120081,1.68736784083574,0.6865287582496491,0.9999999999999999,0.1,1.0,0.050000000000000044,0.4377921178097363,0.3207351211898098,0.43785463501803784,0.8,0.8,"{'I': 1, 'W': 0, 'R': 1, 'C': 'free'}",False,True,True,0.0,3
1534,1,0.18154937482131656,0.49223751557229944,0.5234902720662433,1.4550963105061412,1.0472659725552047,1.249727112618478,0.2061927958547033,0.9999819675142213,0.0,0.050000000000000044,0.030000000000000027,0.060083529182398565,0.04742054665991947,0.18240283485960299,0.050000000000000044,0.050000000000000044,"{'I': 1, 'W': 0, 'R': 1, 'C': 'free'}",False,True,True,0.6666666666666666,3
1534,2,0.1486618609680639,0.568328538163281,0.7397978261848716,1.9413150300047828,1.0401546821579755,1.4184558074252758,0.24087288947818986,0.9999999999979574,0.1,1.0,0.0,0.9525739175577783,0.8175542468552394,0.9399116814215079,0.09999999999999998,1.0,"{'I': 1, 'W': 0, 'R': 1, 'C': 'free'}",False,True,True,1.0,3
1534,3,0.03313151559861001,0.7428099395971973,0.19126051151315465,2.332824506397047,1.0074647020987275,1.7067013699760278,0.057760539820314816,1.0,0.0,0.050000000000000044,0.0,0.04742505954291442,0.04742131387133984,0.14804798512152917,0.30000000000000004,0.25,"{'I': 1, 'W': 0, 'R': 1, 'C': 'free'}",False,True,True,1.0,3
1534,4,0.11383031434809057,0.7315649647101673,0.7067985614062696,2.4974019659529194,1.0962433095214974,1.5803664497693772,0.5205488625658882,1.0,0.1,0.050000000000000044,0.050000000000000044,0.04742323034413376,0.029310099484704234,0.04742619749106291,0.19999999999999996,0.4,"{'I': 1, 'W': 0, 'R': 1, 'C': 'free'}",False,True,True,1.0,3
1534,5,0.15546422902897622,0.5346009877110566,0.5741513691426189,2.4595211022946364,1.06002483867113,1.4502314080265772,0.37270523202711325,1.0,0.0,0.050000000000000044,0.050000000000000044,0.022977175515660624,0.029309535628992935,0.2689766846750657,0.09999999999999998,0.25,"{'I': 1, 'W': 0, 'R': 1, 'C': 'free'}",True,False,True,0.0,3
1534,6,0.2877583303602436,0.7131853484216832,1.2792334461660282,2.379928805210551,1.2103873367650284,1.668989470480547,0.9952343998470058,1.0,0.05,0.050000000000000044,0.0,0.008577296698200792,0.004069805850296423,0.06008971427495222,0.09999999999999998,0.09999999999999998,"{'I': 0, 'W': 1, 'R': 0, 'C': 'costly'}",False,True,True,1.0,3
1538,1,0.34643257938017163,0.6518766275689627,1.571168144582959,2.36137121298736,1.1738724156338591,1.557165446096542,0.6178141397070088,0.9999999996236457,0.05,0.050000000000000044,0.050000000000000044,0.9890016933618054,0.988991947375805,0.7310333424136537,1.0,0.5,"{'I': 0, 'W': 1, 'R': 0, 'C': 'costly'}",False,True,True,0.0,3
1548,1,0.0017368313100698252,0.5704226083834936,0.008070842120932377,2.031820849556736,1.0001867666443007,1.4114163765353651,0.001119867713109124,0.9999985430351849,0.2,0.050000000000000044,0.030000000000000027,0.9933079577961939,0.9706630929085583,0.037324909903413764,1.0,0.050000000000000044,,False,True,False,0.0,3
1548,2,0.03493398736339699,0.7225706719412672,0.17278771988373262,2.3735104510409877,1.0067838764502857,1.6497845556583592,0.03975403808094158,0.9999999999981848,0.0,0.010000000000000009,0.0,0.014063269234932087,0.04741374216232724,0.1192062885680785,0.050000000000000044,0.4,"{'I': 1, 'W': 0, 'R': 1, 'C': 'free'}",False,True,True,1.0,3
1548,3,0.14751393879091548,0.685631491468449,0.6376503587111012,2.103316466173528,1.0642063025747133,1.4919372502995436,0.3115933765181137,0.9999999999999999,0.0,0.050000000000000044,0.050000000000000044,0.07585645883686423,0.1191964571380611,0.11920808776315549,0.050000000000000044,0.9,"{'I': 1, 'W': 0, 'R': 1, 'C': 'free'}",True,False,True,0.0,3
1548,4,0.09398098992553709,0.8828286585650256,0.7396780281714203,2.3257197962517795,1.0468662529293595,1.806265842164461,0.5409609838164886,0.9999999999995274,0.0,0.75,0.050000000000000044,0.9047186944160669,0.9046338223733366,0.5621899792638978,0.9,0.9,,True,True,False,0.0,3
1548,5,0.07786800246311569,0.9271454597672549,0.5943322209098347,2.54967695137271,1.0260336000198913,2.0610286803875266,0.35396940205792604,1.0,0.2,0.050000000000000044,0.050000000000000044,0.6226043208344584,0.32083561449792086,0.3208722596704725,0.9,0.9,,True,False,False,0.0,3
1548,6,0.04015156743749042,0.8065835543771326,0.19565642651600768,2.2307163277949136,1.008339836698384,1.672723075532961,0.06428283217729491,1.0,0.0,0.050000000000000044,0.75,0.0758570117482387,0.22270032233736126,0.4379724661920174,1.0,0.9,"{'I': 1, 'W': 0, 'R': 1, 'C': 'free'}",False,True,True,1.0,3
1548,7,0.20824996722861683,1.0416531649102518,0.7307021562087678,2.672195945268674,1.0888978840901933,1.9649240709998372,0.49405562857965524,1.0,0.1,0.050000000000000044,0.050000000000000044,0.037328992116886166,0.14805807630096238,0.32088214813846694,0.4,0.9,"{'I': 1, 'W': 0, 'R': 1, 'C': 'free'}",True,False,True,0.0,3
1551,1,0.010210712992802188,0.7551209022237325,0.05524447724377894,1.8485092695647012,1.0013805383185124,1.745579287055554,0.010976009193452763,0.9999999996332616,0.25,0.050000000000000044,0.050000000000000044,0.02931160544884095,0.07585000987066047,0.09533535927678248,0.25,0.25,"{'I': 1, 'W': 0, 'R': 1, 'C': 'free'}",False,True,True,1.0,3
1551,2,0.47899410810934634,0.5111075488979527,1.2871318916057595,2.2518596752083684,1.3712476118380788,1.5167657331024895,0.9200031426406189,0.9999999999999822,0.05,0.050000000000000044,0.050000000000000044,0.09534228271416936,0.022971717287654413,0.029309781355314736,0.050000000000000044,0.050000000000000044,"{'I': 1, 'W': 0, 'R': 1, 'C': 'free'}",False,True,True,0.0,3
1551,3,0.20129866942405306,0.7654087665389945,1.6700427461704423,2.550331964067031,1.0932416576109047,1.5547533639685138,0.6861733909470489,0.9999999997388291,0.0,0.050000000000000044,0.010000000000000009,0.004069355596534178,0.004068921722900082,0.006691707839184863,0.050000000000000044,0.010000000000000009,"{'I': 0, 'W': 1, 'R': 0, 'C': 'costly'}",False,True,True,1.0,3
1557,1,0.32218656513901495,1.0106424766006041,0.9189770396926145,2.389684855293241,1.283282702412919,1.9954904885057339,0.7760938833604706,0.999999999999999,0.1,0.050000000000000044,0.050000000000000044,0.9525694676487394,0.6224069054778556,0.562166235453446,0.5,0.25,"{'I': 1, 'W': 0, 'R': 1, 'C': 'free'}",False,True,True,1.0,3
1557,2,0.7769420317696224,0.7730012449826533,1.7108230014127896,2.0461680917761687,1.6118799054239077,1.6193158357117252,0.9780548501540297,0.999999999999895,0.3,0.050000000000000044,0.030000000000000027,0.8175582187035914,0.32079907493161014,0.1191976934841575,0.25,0.25,"{'I': 1, 'W': 0, 'R': 1, 'C': 'free'}",False,True,True,0.3333333333333333,3
1557,3,0.10551287061551617,0.9298982864169272,0.2778339155922058,2.2570803792594454,1.025493069759842,1.8396355973932348,0.1824051224278852,0.9999999999742529,0.2,0.050000000000000044,0.09999999999999998,0.2689428951294248,0.0953408803677368,0.2689399954266089,0.050000000000000044,0.25,"{'I': 1, 'W': 0, 'R': 1, 'C': 'free'}",True,False,True,0.0,3
1557,4,0.11573458318707656,0.8389622522671684,0.5337656182643239,2.4942349273355164,1.0463819540925416,1.75922908946574,0.3042101799381034,0.9999999999970498,0.25,0.050000000000000044,0.050000000000000044,0.26895259428330603,0.18238285610039623,0.11920263511836923,0.19999999999999996,0.30000000000000004,"{'I': 1, 'W': 0, 'R': 1, 'C': 'free'}",True,False,True,0.0,3
1557,5,0.0625533237504274,0.9049546612562613,0.2506807712954289,2.235455510135781,1.0126269930965746,1.917793544701714,0.07252331704173276,1.0,0.1,0.050000000000000044,0.0,0.11921642995427006,0.07584555925959649,0.2227113252575698,0.09999999999999998,0.75,"{'I': 1, 'W': 0, 'R': 1, 'C': 'free'}",False,True,True,1.0,3
1557,6,0.193729611236116,1.0152073066041671,0.8535194880501694,2.376100566182162,1.1293283317622915,1.9606015577370206,0.5731665613665169,1.0,0.1,0.050000000000000044,0.09999999999999998,0.06008514026824577,0.01798283100475138,0.04742376927954456,0.25,0.5,"{'I': 1, 'W': 0, 'R': 1, 'C': 'free'}",False,False,True,0.0,3
1557,7,0.6565661241488051,0.7295638464324607,1.338959394984361,2.2757722676776106,1.4330677663136584,1.6637648289409357,0.9194375052011489,1.0,0.3,0.050000000000000044,0.050000000000000044,0.4378363551274066,0.22267566880435896,0.2227056671979671,0.30000000000000004,0.75,"{'I': 1, 'W': 0, 'R': 1, 'C': 'free'}",False,True,True,0.3333333333333333,3
156,1,0.020042375188025124,0.43448782498470595,0.08069532509204057,2.0071673524432123,1.0032209614154155,1.2645649768447995,0.01910975988152752,0.9999741388238593,0.0,0.050000000000000044,0.030000000000000027,0.14804074764421582,0.11919294895185914,0.6791428401747491,0.25,0.050000000000000044,"{'I': 1, 'W': 0, 'R': 1, 'C': 'free'}",False,True,True,1.0,3
156,2,0.27061582796573774,0.635908026774339,1.0528996024149662,2.1870551540116385,1.1631342621536016,1.5162130301382706,0.5961492376024994,0.9999999999994892,0.0,0.050000000000000044,0.030000000000000027,0.1824059316121066,0.07583648526524422,0.029309657044656198,0.050000000000000044,0.050000000000000044,"{'I': 1, 'W': 0, 'R': 1, 'C': 'free'}",False,True,True,1.0,3
156,3,0.22628016971911993,0.7394709706489494,0.89122594461045,1.994441982711169,1.0844341906845678,1.8563984479231563,0.5178621980327556,0.9999999986390239,0.2,0.050000000000000044,0.050000000000000044,0.43779885516309863,0.22267738930151568,0.1480620283495416,0.25,0.09999999999999998,"{'I': 1, 'W': 0, 'R': 1, 'C': 'free'}",False,True,True,1.0,3
156,4,0.3702838745908803,0.7060912299978447,1.6755594271477043,2.2915262161376324,1.1976170948588118,1.678618204219527,0.8026949862704165,1.0,0.05,0.050000000000000044,0.050000000000000044,0.14805149596699566,0.14802489833791926,0.0758840154530078,0.050000000000000044,0.050000000000000044,"{'I': 1, 'W': 0, 'R': 1, 'C': 'free'}",False,True,True,0.0,3
156,5,0.1763671349389927,0.46195700711591703,0.8498133427230902,2.0776567831244073,1.0607254088751796,1.43069393878249,0.6737552521902472,0.9999999999814956,0.05,0.050000000000000044,0.010000000000000009,0.006691945589155035,0.006690211085268713,0.00857641633373267,0.050000000000000044,0.050000000000000044,"{'I': 0, 'W': 1, 'R': 0, 'C': 'costly'}",False,True,True,1.0,3
1560,1,0.14904432374182605,0.5085940485622856,0.6106566383971906,1.6514208266318455,1.053617256176304,1.2863416379502957,0.4068408270111974,0.9999906758569578,0.3,0.050000000000000044,0.050000000000000044,0.6791960795791584,0.7772692853761468,0.22269261799036047,0.4,0.25,"{'I': 1, 'W': 0, 'R': 1, 'C': 'free'}",False,True,True,1.0,3
1560,2,0.36349547388689757,0.5057008195994139,1.0429910447583501,1.7820511199618219,1.1611998057579598,1.4653020971008386,0.5920957099664388,0.9999999983935769,0.05,0.050000000000000044,0.0,0.0024726176128148413,0.00406997613215372,0.010986636120877245,0.050000000000000044,0.050000000000000044,"{'I': 1, 'W': 0, 'R': 1, 'C': 'free'}",False,True,True,1.0,3
1560,3,0.32519131830566506,0.5254009892028312,1.0101704364312103,1.7871214976994347,1.4779244023357474,1.3520620548244122,0.9798869561363422,0.9999982775424946,0.05,0.050000000000000044,0.010000000000000009,0.0024726338627845124,0.0031724918049547694,0.008577110312372509,0.050000000000000044,0.050000000000000044,"{'I': 1, 'W': 0, 'R': 1, 'C': 'free'}",False,True,True,0.0,3
1560,4,0.17410494164055182,0.8176345692814796,0.8800695914787204,2.1233719361615604,1.0646837274129908,1.5434078814362633,0.3134434706980225,0.999999397251068,0.01,0.0,0.0,0.003172405327306751,0.003172518296353288,0.005219679561423639,0.050000000000000044,0.050000000000000044,"{'I': 0, 'W': 1, 'R': 0, 'C': 'costly'}",False,True,True,1.0,3
1574,1,0.8059218465337549,0.7899366454849057,2.4898061739841504,2.7052745452345035,1.73037247985418,1.864681842836697,0.9627469012483324,0.9999999999999705,0.1,0.050000000000000044,0.050000000000000044,0.32080682184173026,0.3774947878989396,0.43782474478741984,0.25,0.25,"{'I': 1, 'W': 0, 'R': 1, 'C': 'free'}",False,True,True,0.0,3
1574,2,0.21758125424431307,1.0916194014592633,0.6460546405899941,2.675809072378748,1.245232807278192,2.257368699611874,0.7317765929675047,1.0,0.1,0.050000000000000044,0.050000000000000044,0.0600845072612798,0.06008172258498172,0.060085317682307585,0.30000000000000004,0.4,"{'I': 1, 'W': 0, 'R': 1, 'C': 'free'}",False,True,True,0.0,3
1574,3,0.025147973292916462,0.8101779893998738,0.10093572984955786,2.4428421828451485,1.0036860994718886,1.7923714565085664,0.021834044542318964,1.0,0.25,0.050000000000000044,0.09999999999999998,0.3775329734120833,0.4999835963824422,0.37757842365391864,0.30000000000000004,0.7,"{'I': 1, 'W': 0, 'R': 1, 'C': 'free'}",False,True,True,0.0,3
1574,4,0.29815085937660696,0.9267455548422702,1.126103398442189,2.57625933831478,1.1008946123721006,1.9021405664605293,0.4382727119583446,1.0,0.2,0.050000000000000044,0.050000000000000044,0.43781277056929807,0.3774889758080861,0.32084585762007706,0.7,0.75,"{'I': 1, 'W': 0, 'R': 1, 'C': 'free'}",True,False,True,0.0,3
1574,5,0.8105501952230798,0.6631734867669034,2.2969552378313876,2.510488446070259,1.7087598816763443,1.6443816022532418,0.9919486139980973,1.0,0.2,0.050000000000000044,0.050000000000000044,0.4378272890487832,0.320819400338553,0.6224859337390211,0.5,1.0,"{'I': 1, 'W': 0, 'R': 1, 'C': 'free'}",False,True,True,1.0,3
1574,6,0.027491055499125745,1.1332371910232848,0.1631379706770387,2.515205933492388,1.0058402760538738,1.951003795243974,0.051059888942441956,0.9999999999993556,0.0,0.09999999999999998,0.09999999999999998,0.008577425883683844,0.006692657429504751,0.18242215548058338,0.4,0.5,"{'I': 1, 'W': 0, 'R': 1, 'C': 'free'}",True,False,True,0.0,3
1574,7,0.17676825100858318,0.7979692455228042,0.7903207325397791,2.477437410207469,1.0443660749804236,1.8060206961295777,0.32341058745281026,1.0,0.1,1.0,0.050000000000000044,0.2689548525794087,0.26892193569662703,0.18243345889951082,0.8,1.0,"{'I': 1, 'W': 0, 'R': 1, 'C': 'free'}",False,True,True,0.0,3
1614,1,0.11874140773536931,0.46381521652996566,0.5296768097992816,1.5662975749863604,1.249878225227586,1.3302606147473535,0.8320970279937008,0.9999995222214865,0.25,0.050000000000000044,0.050000000000000044,0.03732635338121331,0.11919259491035296,0.14803824881544508,0.25,0.25,"{'I': 1, 'W': 0, 'R': 1, 'C': 'free'}",False,True,True,1.0,3
1614,2,0.2535525260269351,0.5847616657151848,1.2258569705209996,2.461130193712954,1.0960779812171004,1.517673191363324,0.5199700081071444,0.9999999999983273,0.3,0.050000000000000044,0.0,0.047425747170926874,0.09534461066759967,0.3208203971603707,0.050000000000000044,0.25,"{'I': 1, 'W': 0, 'R': 1, 'C': 'free'}",False,True,True,1.0,3
1614,3,0.45532779108525023,0.617273574968618,1.2349286721553907,2.259617698275974,1.2267882521119045,1.5921136066588466,0.8944315106845662,0.9999999999802587,0.1,0.050000000000000044,0.050000000000000044,0.1480537676667494,0.14803849733974492,0.2689731618026927,0.25,0.09999999999999998,"{'I': 1, 'W': 0, 'R': 1, 'C': 'free'}",False,True,True,0.0,3
1614,4,0.1909420158427756,0.6569728207667714,0.6477985618990615,2.0724114566542644,1.0588956279975041,1.4551587295771866,0.467137334335351,0.9999999779599459,0.05,0.050000000000000044,0.050000000000000044,0.07585690492874625,0.029310675222268188,0.07586493929330429,0.09999999999999998,0.050000000000000044,"{'I': 1, 'W': 0, 'R': 1, 'C': 'free'}",True,False,True,0.0,3
1614,5,0.15763144606490234,0.6944807840210515,0.9274570775640436,2.5592246755578163,1.172112578135416,1.5453614303438403,0.9076450658137791,0.9999999999929656,0.05,0.050000000000000044,0.010000000000000009,0.04742294774880634,0.014062435769570985,0.017986597123077593,0.09999999999999998,0.050000000000000044,"{'I': 1, 'W': 0, 'R': 1, 'C': 'free'}",False,True,True,0.0,3
1614,6,0.0692495483812281,0.6703020530249661,0.5398028795097913,2.3778838907706836,1.1162818058179904,1.4777041377278497,0.9110849284997616,0.9999998353732426,0.05,0.050000000000000044,0.0,0.005219941474594988,0.006692075814760362,0.014063227086308154,0.09999999999999998,0.050000000000000044,"{'I': 0, 'W': 1, 'R': 0, 'C': 'costly'}",False,True,True,0.6666666666666666,3
1621,1,0.21076415741625965,0.713093306598983,0.9056721289222164,2.3699031517089963,1.0643484827456775,1.6086510018282272,0.5554608550410371,0.9999999998770207,0.1,0.050000000000000044,0.010000000000000009,0.32080881911511633,0.1824041564730309,0.32080226022307895,0.75,0.75,"{'I': 1, 'W': 0, 'R': 1, 'C': 'free'}",False,True,True,1.0,3
1621,2,0.09835142945586035,0.6886210847933814,0.5582645177610843,2.2597106585981117,1.0332659530529056,1.6576784129689506,0.3465047285412256,1.0,0.1,1.0,0.030000000000000027,0.8519284321851353,0.6224242152526677,0.3208289274560765,0.9,0.7,"{'I': 1, 'W': 0, 'R': 1, 'C': 'free'}",False,True,True,0.0,3
1621,3,0.11218997195303833,0.7826139508013115,0.6455870950537761,2.383728476441073,1.0470598658360086,1.7509827162968365,0.3970054954001294,1.0,0.05,0.050000000000000044,0.010000000000000009,0.22268951382089744,0.14801217717209317,0.14804805441556113,0.09999999999999998,1.0,"{'I': 1, 'W': 0, 'R': 1, 'C': 'free'}",False,True,True,1.0,3
1621,4,0.07085687606007661,0.7597585113257402,0.4013121337508181,2.71569089462157,1.016961267289593,1.706605549245152,0.22297710736892662,1.0,0.1,0.050000000000000044,0.050000000000000044,0.06008306876736668,0.047420933105039614,0.2689790329336747,0.30000000000000004,0.75,"{'I': 1, 'W': 0, 'R': 1, 'C': 'free'}",False,True,True,1.0,3
1621,5,0.11134693764592604,0.6123882602639303,0.6942978163374232,2.3211961287067164,1.0551965370320135,1.5639066552329004,0.4462253514945983,1.0,0.05,0.050000000000000044,0.050000000000000044,0.037324332133890054,0.022970010414208132,0.06008429695816015,0.09999999999999998,0.25,"{'I': 1, 'W': 0, 'R': 1, 'C': 'free'}",False,True,True,1.0,3
1621,6,0.19607154572602656,0.6992418399099269,0.9216352473866263,2.237447892737028,1.070553829099269,1.692674550696224,0.6403563783955016,1.0,0.05,0.050000000000000044,0.050000000000000044,0.06008560051285378,0.06006506498958556,0.0953562290565925,0.25,0.25,"{'I': 1, 'W': 0, 'R': 1, 'C': 'free'}",False,True,True,0.0,3
1621,7,0.21491371670183446,0.5270378445657349,1.4243590268266602,2.3376490045400224,1.1007065656069044,1.4345643521789395,0.953600833856059,1.0,0.1,0.050000000000000044,0.050000000000000044,0.3775039746108882,0.2226763847648675,0.32083118537309496,0.09999999999999998,1.0,"{'I': 0, 'W': 1, 'R': 0, 'C': 'costly'}",False,True,True,0.3333333333333333,3
1636,1,0.20752776284439792,0.5990742695571053,1.4433736670640553,1.5640245454578374,1.103226303019369,1.440513662131466,0.5442956875977165,0.9999993426114757,0.25,0.050000000000000044,0.050000000000000044,0.6224555521764795,0.5621086054239901,0.7310569890003893,0.4,0.25,"{'I': 1, 'W': 0, 'R': 1, 'C': 'free'}",False,True,True,1.0,3
1636,2,0.5212991365195228,0.5203883546748513,1.352566828278713,2.394951241595114,1.2430616594821928,1.3909059081618325,0.7289533953594638,0.9999995046651128,0.1,0.050000000000000044,0.050000000000000044,0.11920360110738869,0.09534034612509483,0.22270310795928777,0.25,0.09999999999999998,"{'I': 1, 'W': 0, 'R': 1, 'C': 'free'}",False,True,True,1.0,3
1636,3,0.32613261241535535,0.6048813695760697,1.1857274102251207,2.421632684232976,1.1787775165879655,1.3770129853202304,0.7317465908001828,0.9999999966520434,0.01,0.050000000000000044,0.050000000000000044,0.014062804481228297,0.004069381719045542,0.010985328470959168,0.050000000000000044,0.050000000000000044,"{'I': 0, 'W': 1, 'R': 0, 'C': 'costly'}",False,True,True,1.0,3
166,1,0.04802353677916842,0.7084703795506943,0.2273845188538878,2.1089862733285636,1.0099080728927377,1.4436104410920003,0.07584408110571483,0.999999903572843,0.0,0.050000000000000044,0.030000000000000027,0.09534629117789149,0.0953397282811991,0.268926108647293,0.050000000000000044,0.050000000000000044,"{'I': 1, 'W': 0, 'R': 1, 'C': 'free'}",False,True,True,1.0,3
166,2,0.36901089968319617,0.801393222435221,1.8804119793773115,2.264116581303442,1.2025556110292002,1.6572731725415264,0.8685250117888005,0.9999999999999946,0.0,0.010000000000000009,0.0,0.1824098229158404,0.006691986004725785,0.010986362063546553,0.050000000000000044,0.010000000000000009,"{'I': 0, 'W': 1, 'R': 0, 'C': 'costly'}",False,True,True,0.0,3
1669,1,0.11970268002420686,0.828219375624473,0.7978165638732486,2.3676489428119805,1.080502437528003,1.793301140863882,0.46173766336676125,1.0,0.0,0.050000000000000044,0.30000000000000004,0.4378205965768056,0.37750632312713545,0.5622847710725247,0.5,0.75,"{'I': 1, 'W': 0, 'R': 1, 'C': 'free'}",False,True,True,1.0,3
1669,2,0.19081724937306913,0.9224346282139827,0.7433668066143309,2.55425257957596,1.0812649304920696,2.092280573968104,0.5049934526076862,1.0,0.1,0.050000000000000044,0.030000000000000027,0.11920410796748862,0.0758476807303933,0.02297663159447709,0.25,0.050000000000000044,"{'I': 1, 'W': 0, 'R': 1, 'C': 'free'}",False,True,True,0.3333333333333333,3
1669,3,0.06434486161454199,0.8167770257525652,0.3420113370478659,2.3922646361741604,1.0134763070402868,1.6445119856218773,0.11350233146937527,0.9999999999999999,0.1,0.050000000000000044,0.010000000000000009,0.11920164145455694,0.09532964748486135,0.09534923870030605,0.25,0.25,"{'I': 1, 'W': 0, 'R': 1, 'C': 'free'}",True,False,True,0.0,3
1669,4,0.39387337644542625,0.9204016339688631,1.8835010274489736,2.3084725167242137,1.369310757636453,1.798718503279049,0.9568500994535034,1.0,0.3,0.050000000000000044,0.050000000000000044,0.07585824243221972,0.1824131483049224,0.04742713397333352,0.30000000000000004,0.75,"{'I': 1, 'W': 0, 'R': 1, 'C': 'free'}",False,True,True,0.3333333333333333,3
1669,5,0.03799136182831716,0.9173526538851335,0.13440264969251525,2.379533810500903,1.0065340746579468,1.9176108092312534,0.05693057831161852,1.0,0.2,0.050000000000000044,0.010000000000000009,0.22269227950117834,0.14803428244537492,0.14805595789811607,0.5,0.75,"{'I': 1, 'W': 0, 'R': 1, 'C': 'free'}",True,True,True,0.0,3
1669,6,0.16201062352202403,0.9020589744498276,0.608101633981425,2.666918298657842,1.0423954847534107,1.8261841522903997,0.31181166590119425,1.0,0.3,0.050000000000000044,0.030000000000000027,0.8175790731770435,0.43780475350863307,0.1824394162839652,0.7,0.8,"{'I': 1, 'W': 0, 'R': 1, 'C': 'free'}",True,False,True,0.0,3
1669,7,0.18400161372861545,1.083271072374484,0.8806653365658368,2.2750687161214906,1.2356527457480686,1.9610296625589223,0.87948652362843,0.9999999999999993,0.3,0.050000000000000044,0.050000000000000044,0.22271818770320478,0.047423771994793695,0.26894085720990957,0.7,0.75,"{'I': 1, 'W': 0, 'R': 1, 'C': 'free'}",False,True,True,0.0,3
1707,1,0.5222467069114313,0.5863272616946975,1.2511446757380635,1.9947426328835924,1.2946387790343972,1.4987067548696555,0.9021270911287609,0.9999996848746038,0.25,0.050000000000000044,0.050000000000000044,0.37752681661403836,0.22266848217243349,0.2689317748841649,0.25,0.050000000000000044,"{'I': 1, 'W': 0, 'R': 1, 'C': 'free'}",False,True,True,1.0,3
1707,2,0.014826170319687715,0.9750764258426629,0.08159315168994127,2.5155982158588017,1.002316555790739,1.941662578024358,0.013787332258816676,0.9999999999999994,0.05,0.050000000000000044,0.050000000000000044,0.09534236890518298,0.060082309206164614,0.18242209935835518,0.25,0.4,"{'I': 1, 'W': 0, 'R': 1, 'C': 'free'}",False,True,True,0.0,3
1707,3,0.043634952714893746,0.7976042717981551,0.09280753246349922,2.4820595561678327,1.00749971816401,1.6384878774647869,0.06503446927368983,1.0,0.1,0.050000000000000044,0.050000000000000044,0.1191990684999832,0.029308674494830014,0.43783354730795493,0.09999999999999998,1.0,"{'I': 1, 'W': 0, 'R': 1, 'C': 'free'}",False,True,True,1.0,3
1707,4,0.07021012817073818,1.0583811404154142,0.4306554368101327,2.477220020645047,1.0193715794862035,2.2014352298714424,0.15859069587625985,1.0,0.05,0.050000000000000044,0.050000000000000044,0.037326371888991385,0.03732367169135502,0.11920772315829997,0.19999999999999996,0.4,"{'I': 1, 'W': 0, 'R': 1, 'C': 'free'}",True,False,True,0.0,3
1707,5,0.0754250368796649,0.9221415704378372,0.2419603595728087,2.708186202760145,1.015765750185847,1.9382026126170366,0.1313238175814121,1.0,0.2,0.050000000000000044,0.050000000000000044,0.18242297572674665,0.03732490313399419,0.5621911592603576,0.25,1.0,"{'I': 1, 'W': 0, 'R': 1, 'C': 'free'}",True,False,True,0.0,3
1707,6,0.07247538181501474,1.0103546687279779,0.2860599296767191,2.7655824058247256,1.014849969588995,2.017507726058968,0.12424341284194496,1.0,0.25,0.050000000000000044,0.09999999999999998,0.07585963104456678,0.060078735165266704,0.1824664548712503,0.30000000000000004,0.5,"{'I': 1, 'W': 0, 'R': 1, 'C': 'free'}",True,False,True,0.0,3
1707,7,0.06258699936944043,0.819958530236332,0.37823555068218045,2.4770975274600966,1.0178399150217834,1.8419034292897705,0.14712634619832854,1.0,0.0,0.050000000000000044,0.050000000000000044,0.11919345670902455,0.09534507786347679,0.6224779763498809,0.09999999999999998,1.0,"{'I': 1, 'W': 0, 'R': 1, 'C': 'free'}",True,False,True,0.0,3
1720,1,0.187779366113315,0.6831527762851075,0.56732906241824,2.1961261763467155,1.0584007903905788,1.5160065273392929,0.36496340052142673,0.9999999993915213,0.05,0.050000000000000044,0.050000000000000044,0.02297697259204834,0.06008251568182294,0.037323828547170604,0.050000000000000044,0.050000000000000044,"{'I': 1, 'W': 0, 'R': 1, 'C': 'free'}",False,True,True,1.0,3
1720,2,0.023600798306966948,0.9539723363465026,0.11807073752273028,2.3898799775249477,1.003866299416965,1.837492943956508,0.03785339598861692,1.0,0.0,0.050000000000000044,0.050000000000000044,0.00669268892688098,0.01098651977887302,0.01798490937111518,0.050000000000000044,0.19999999999999996,"{'I': 1, 'W': 0, 'R': 1, 'C': 'free'}",False,True,True,1.0,3
1720,3,0.18324106388240025,0.7794057475643538,0.6817121376142565,2.3303686372976067,1.064302167996463,1.695400040950701,0.5266083010184506,1.0,0.25,0.050000000000000044,0.010000000000000009,0.09535355096303787,0.07585264762815806,0.499998184876164,0.5,1.0,"{'I': 1, 'W': 0, 'R': 1, 'C': 'free'}",False,True,True,0.6666666666666666,3
1720,4,0.008974206962648697,0.813803168764698,0.04352096333381475,2.622917684345811,1.001209570356387,1.6089287627635065,0.01440136681273374,0.9999999999241953,0.0,0.050000000000000044,0.050000000000000044,0.017987028182048927,0.01406336970206721,0.2689348841251728,0.09999999999999998,1.0,"{'I': 1, 'W': 0, 'R': 1, 'C': 'free'}",False,True,True,0.0,3
1720,5,0.013554842336660546,0.907870371762655,0.07975065771923934,2.5591094709444646,1.001929620189634,1.6448475026824412,0.022867610881709743,0.9999999977354891,0.0,0.050000000000000044,0.050000000000000044,0.014063719191539257,0.005219979542902687,0.11920121730235432,0.09999999999999998,0.25,"{'I': 1, 'W': 0, 'R': 1, 'C': 'free'}",True,False,True,0.0,3
1720,6,0.04193986633843367,0.638173028260844,0.3273034112184987,2.6022458134942683,1.0108913130313946,1.5196405563847337,0.12189504878040291,1.0,0.05,0.050000000000000044,0.050000000000000044,0.0040701504308949185,0.002472555510249777,0.03732663198982782,0.09999999999999998,0.09999999999999998,"{'I': 1, 'W': 0, 'R': 1, 'C': 'free'}",False,True,True,0.6666666666666666,3
1720,7,0.05810222800554544,1.0825450717159149,0.5019974602137529,2.657694972400081,1.0199446943253023,2.0962026401437637,0.21099360653442323,1.0,0.1,0.050000000000000044,0.050000000000000044,0.047424277503928254,0.02297684722593883,0.32081787132067996,0.4,0.7,"{'I': 1, 'W': 0, 'R': 1, 'C': 'free'}",True,False,True,0.0,3
1727,1,0.11574972294973404,0.6236281409084801,0.48598279633994196,2.214409177916501,1.0335660762054533,1.5846083694153292,0.23211881128138545,0.9999999995985157,0.2,0.050000000000000044,0.050000000000000044,0.49998411874321264,0.2689054261753251,0.9399063901703142,0.4,0.5,"{'I': 1, 'W': 0, 'R': 1, 'C': 'free'}",False,True,True,1.0,3
1727,2,0.17730577712271306,1.030363652863761,0.9777001900685117,2.61924468634355,1.0536760562731229,1.9627192008989935,0.34182238147269606,0.9999999999999912,0.1,1.0,0.8,0.2689428736616985,0.3207851195319132,0.3208200819462433,0.7,0.9,"{'I': 1, 'W': 0, 'R': 1, 'C': 'free'}",True,False,True,0.0,3
1727,3,0.19486820873864813,0.9546316851389353,0.6571203387530873,2.541126805652203,1.0597777392157293,1.877663470156442,0.44043302960441144,0.9999999999999265,0.3,0.050000000000000044,0.0,0.8807933993290651,0.320809639919798,0.49999543227610693,0.5,1.0,"{'I': 1, 'W': 0, 'R': 1, 'C': 'free'}",False,True,True,1.0,3
1727,4,0.15057546293922328,0.871487116989514,0.7004517669643998,2.6084072930945577,1.0886811156760503,1.820377828883695,0.7432035799775001,1.0,0.2,0.050000000000000044,0.050000000000000044,0.047423668808509616,0.060083027576065096,0.5000383562409215,0.09999999999999998,0.75,"{'I': 1, 'W': 0, 'R': 1, 'C': 'free'}",False,True,True,0.6666666666666666,3
1727,5,0.32595568048453843,0.8649380168133939,1.3263613623338502,2.5466957227644533,1.1652675541704927,1.7866716192274295,0.7833575995205033,1.0,0.5,1.0,0.0,0.9241566525639372,0.49998654586792224,0.2227031282805267,1.0,0.75,"{'I': 1, 'W': 0, 'R': 1, 'C': 'free'}",True,True,True,0.0,3
1727,6,0.05812900865879561,0.8536726667725202,0.2879075220139526,2.317811332870455,1.0139064967038354,1.6186360840704463,0.1289944114768936,0.9999999999995427,0.1,0.09999999999999998,0.0,0.5000044208784433,0.22268045001200248,0.3208262591432723,1.0,1.0,"{'I': 1, 'W': 0, 'R': 1, 'C': 'free'}",True,False,True,0.0,3
1727,7,0.5542636040094289,0.9209210068832203,1.6420805133162977,2.3210202458603337,1.4242990724911906,1.8413659879364261,0.9899264044343248,1.0,0.25,1.0,0.050000000000000044,0.8519648242714676,0.731031763652934,0.37754808464078166,0.7,1.0,"{'I': 1, 'W': 0, 'R': 1, 'C': 'free'}",False,True,True,0.3333333333333333,3
1748,1,0.009845187589833807,0.38195716463749496,0.05063955378091908,1.6264290797776024,1.0013443537232278,1.2987898555008646,0.009360075433734849,0.9999940129737713,0.1,0.050000000000000044,0.010000000000000009,0.43780306269192804,0.18236286075239364,0.09534287351195202,0.050000000000000044,0.050000000000000044,"{'I': 1, 'W': 0, 'R': 1, 'C': 'free'}",False,True,True,0.0,3
1748,2,0.00235445864962549,0.6766664184577537,0.011135601472529314,1.6882164082120468,1.0002485170152677,1.5378324473016691,0.0017378910955617721,0.9999999940296043,0.0,0.050000000000000044,0.0,0.0953478158383077,0.060081437430640136,0.1824239387051468,0.050000000000000044,0.09999999999999998,"{'I': 1, 'W': 0, 'R': 1, 'C': 'free'}",False,True,True,1.0,3
1748,3,0.7611279769197888,0.5158113985386757,1.7795276439131222,2.1541847372861085,1.4411051695907449,1.3738168835591082,0.7681445570931082,0.9999958238616727,0.0,0.050000000000000044,0.0,0.26894451265899855,0.18238823815586458,0.3208876407170377,0.050000000000000044,0.09999999999999998,"{'I': 1, 'W': 0, 'R': 1, 'C': 'free'}",False,True,True,0.3333333333333333,3
1748,4,0.3590845896115037,0.6354049971282043,0.5616924344553462,1.8281828978051846,1.121812262051718,1.5460772384526749,0.36857864066750223,0.9999986390780484,0.0,0.050000000000000044,0.050000000000000044,0.04741667519968059,0.029302896965709018,0.09534718568069642,0.050000000000000044,0.09999999999999998,"{'I': 1, 'W': 0, 'R': 1, 'C': 'free'}",True,True,True,0.0,3
1748,5,0.45531422920495235,0.4016230593537449,0.948352421624073,1.916357789781579,1.1533722385974745,1.2154787241195881,0.4349042713125081,0.9986860170932774,0.0,0.050000000000000044,0.050000000000000044,0.02930972906877028,0.03732142813893881,0.06008480149489597,0.09999999999999998,0.09999999999999998,"{'I': 1, 'W': 0, 'R': 1, 'C': 'free'}",True,False,True,0.0,3
1748,6,0.5143424644897674,0.45267033501263865,1.2483793555194456,1.8635057817758152,1.2552886292783616,1.3377942877755742,0.5972592074026533,0.9999325236050944,0.0,0.050000000000000044,0.010000000000000009,0.01798519243788754,0.02930695379580502,0.029311067865054184,0.09999999999999998,0.09999999999999998,"{'I': 1, 'W': 0, 'R': 1, 'C': 'free'}",True,False,True,0.0,3
1748,7,0.29617055528959124,0.4391052225057713,0.7936561513834827,2.0848030286222428,1.0797674748113637,1.2894301344093242,0.26433679539180177,0.9999361908429798,0.0,0.050000000000000044,0.050000000000000044,0.022975056210916292,0.04741491587027306,0.11919954712609224,0.050000000000000044,0.09999999999999998,"{'I': 1, 'W': 0, 'R': 1, 'C': 'free'}",True,False,True,0.0,3
1757,1,0.1262087254698895,0.7246288348703955,0.567568630215265,1.8699302153439425,1.0463808240634715,1.6919120938795302,0.2028296465066406,0.9999999709241264,0.0,0.050000000000000044,0.0,0.43781287595894336,0.09533933606983562,0.18241755453505734,0.050000000000000044,0.050000000000000044,"{'I': 1, 'W': 0, 'R': 1, 'C': 'free'}",False,True,True,1.0,3
1757,2,0.43104217652105037,0.5952066371702752,1.3862475707124018,2.0431853473081953,1.3035737474486364,1.4728370402022213,0.7343425670878203,0.9999938736137716,0.0,0.0,0.0,0.14804321027914547,0.09534069934416184,0.06008655149209254,0.050000000000000044,0.050000000000000044,"{'I': 1, 'W': 0, 'R': 1, 'C': 'free'}",True,False,True,0.0,3
1757,3,0.07989591474633029,0.3393628113259326,0.3184884878964399,2.0038952613996317,1.019311112819107,1.241885737834512,0.12531297012373654,0.9999998316853368,0.0,0.050000000000000044,0.0,0.017985151365115436,0.010986469083310055,0.029311073030241986,0.050000000000000044,0.09999999999999998,"{'I': 1, 'W': 0, 'R': 1, 'C': 'free'}",False,True,True,1.0,3
1757,4,0.42923644263682387,0.7545076043156184,0.6926354408315828,2.325969233198068,1.1929797619661189,1.6033250929004788,0.6531022024319783,0.9999999997688014,0.0,0.050000000000000044,0.050000000000000044,0.060084443479904465,0.006692410253279818,0.04742673061192324,0.050000000000000044,0.050000000000000044,"{'I': 0, 'W': 1, 'R': 0, 'C': 'costly'}",False,True,True,1.0,3
1768,1,0.3789675353241471,0.8669567188912379,1.2887948185490863,2.0722420296684696,1.1397032266249116,1.541555640259732,0.5996336623798821,0.9999964585340794,0.1,0.050000000000000044,0.050000000000000044,0.11919931381947371,0.11919570350252998,0.22268701722935128,0.25,0.25,"{'I': 1, 'W': 0, 'R': 1, 'C': 'free'}",False,True,True,1.0,3
1768,2,0.08649188901311759,0.7168304901104321,0.3690154119896988,2.3554543648648245,1.0220101479974544,1.6006436021261634,0.21296742028894222,1.0,0.2,0.050000000000000044,0.0,0.008577502705825964,0.014062782672914349,0.02931184243446771,0.25,0.25,"{'I': 1, 'W': 0, 'R': 1, 'C': 'free'}",False,True,True,1.0,3
1768,3,0.03982887971765029,0.9214959371495065,0.1614486970639109,2.692336861812428,1.006639761613456,1.8658613667327688,0.07020948450324371,1.0,0.05,0.050000000000000044,0.0,0.010986491903773111,0.008576332029232827,0.01798587117128778,0.050000000000000044,0.25,"{'I': 1, 'W': 0, 'R': 1, 'C': 'free'}",False,True,True,0.0,3
1768,4,0.14230389156079368,0.9200974515066631,0.8440456758271216,2.5098815955675615,1.0701118898550617,1.9239382323182466,0.37770591390433295,1.0,0.05,0.050000000000000044,0.050000000000000044,0.008577688037025823,0.02930782235066921,0.01798549634012553,0.19999999999999996,0.25,"{'I': 1, 'W': 0, 'R': 1, 'C': 'free'}",False,True,True,1.0,3
1768,5,0.5951785744885729,0.8409995896378976,1.8879245801441542,2.5547485418733564,1.557900851878249,1.9100453143966585,0.992378121221591,1.0,0.1,0.050000000000000044,0.010000000000000009,0.017986418022891224,0.010985377157834663,0.02931216978104702,0.25,0.25,"{'I': 1, 'W': 0, 'R': 1, 'C': 'free'}",False,True,True,0.3333333333333333,3
1768,6,0.16925775850148728,1.1232551158579211,0.7657548512240467,2.529558501302542,1.0758954924766326,2.086932810839743,0.5527719528137585,1.0,0.3,0.050000000000000044,0.0,0.18244577709813087,0.07584942036504641,0.32089660909124335,0.30000000000000004,0.7,"{'I': 1, 'W': 0, 'R': 1, 'C': 'free'}",False,True,True,0.0,3
1768,7,0.6277804987939564,0.7662164337995913,1.2019346818662824,2.2807202877651287,1.483177700022627,1.8707801746263413,0.7933538818145642,0.9999999999868451,0.1,0.050000000000000044,0.050000000000000044,0.32081024227570004,0.02930317120481117,0.11923061219701726,0.09999999999999998,0.25,"{'I': 0, 'W': 1, 'R': 0, 'C': 'costly'}",False,True,True,0.0,3
1771,1,0.020136987586731925,0.6095424921556847,0.10288941654730642,2.0798262532446987,1.0032462582346282,1.599498752929682,0.019258149205172992,0.9999999999845527,0.0,0.050000000000000044,0.050000000000000044,0.03732601019575349,0.09533105649905811,0.18241474715528275,0.25,0.25,"{'I': 1, 'W': 0, 'R': 1, 'C': 'free'}",False,True,True,1.0,3
1771,2,0.08727787309012687,0.6935940420884096,0.6003471127095357,2.278224530486673,1.0463181943996565,1.6442056890465748,0.27162746932545545,0.9999999999999999,0.0,0.050000000000000044,0.050000000000000044,0.037326137717028925,0.11919575700655231,0.14804857441777122,0.050000000000000044,0.25,"{'I': 1, 'W': 0, 'R': 1, 'C': 'free'}",False,True,True,1.0,3
1771,3,0.15948071371902692,0.7819123822994118,1.3845874667426117,2.211886282104805,1.0935195591345528,1.8889745841871777,0.8720650435703936,1.0,0.0,0.050000000000000044,0.010000000000000009,0.006692433423496461,0.006691938921611788,0.010985588367474968,0.050000000000000044,0.050000000000000044,"{'I': 0, 'W': 1, 'R': 0, 'C': 'costly'}",False,True,True,1.0,3
1781,1,0.043374037472331574,0.6957510530553672,0.1812316504133556,2.3136332783103857,1.0073395703843646,1.584847662551751,0.035903450250020286,0.9999999999601298,0.0,0.050000000000000044,0.050000000000000044,0.017985436894166266,0.03732432989822657,0.09533882031055814,0.050000000000000044,0.25,"{'I': 1, 'W': 0, 'R': 1, 'C': 'free'}",False,True,True,1.0,3
1781,2,0.3639576681646005,0.8303389751267721,1.4133817936377255,2.2667871108174222,1.2983062128115705,1.8395017055353833,0.9265099324421301,0.999999999999893,0.25,0.09999999999999998,0.050000000000000044,0.6224726775655491,0.26892139623481237,0.7310522285107135,0.25,0.4,"{'I': 1, 'W': 0, 'R': 1, 'C': 'free'}",False,True,True,1.0,3
1781,3,0.17908241419361176,0.9802387586820788,0.6597649789703405,2.411401701944344,1.0725239191236693,2.087977868357381,0.5034875587202294,1.0,0.1,0.050000000000000044,0.050000000000000044,0.03732795065601504,0.02931105576247016,0.02931271930204962,0.25,0.25,"{'I': 1, 'W': 0, 'R': 1, 'C': 'free'}",False,True,True,1.0,3
1781,4,0.13366474513362758,0.9834845677709517,0.5989392679186869,2.788110529631193,1.0425960721504341,1.8596879950229737,0.3410701898891655,1.0,0.05,0.050000000000000044,0.050000000000000044,0.18242650971174437,0.07584865124799965,0.03732711163278487,0.19999999999999996,0.25,"{'I': 1, 'W': 0, 'R': 1, 'C': 'free'}",True,False,True,0.0,3
1781,5,0.06468982696387579,0.9677176708985967,0.3887641292565683,2.5335846019098383,1.0145874470218996,1.9814329870530034,0.134822626775165,1.0,0.0,0.050000000000000044,0.050000000000000044,0.5000399737049533,0.18240540581454553,0.14806641954611727,1.0,1.0,"{'I': 1, 'W': 0, 'R': 1, 'C': 'free'}",True,False,True,0.0,3
1781,6,0.712297601816759,0.9313075260016206,1.9878881302851525,2.6165678147699993,1.4661161644873724,1.9882428238211223,0.8993092193837182,1.0,0.2,0.09999999999999998,0.0,0.3208041937756297,0.22268485753535133,0.32084821056717955,0.30000000000000004,1.0,"{'I': 1, 'W': 0, 'R': 1, 'C': 'free'}",False,True,True,0.6666666666666666,3
1781,7,0.24945082563551155,1.07280806589676,1.1049235458025093,2.6055655984848465,1.1076688001651236,2.2348985390680705,0.6403328534760453,1.0,0.1,0.050000000000000044,0.050000000000000044,0.49995639764459704,0.18239725886638047,0.07585872634172154,0.09999999999999998,0.25,"{'I': 1, 'W': 0, 'R': 1, 'C': 'free'}",True,True,True,0.0,3
1790,1,0.06575800041473114,0.7787344635024406,0.3165920671664413,2.2075977730964134,1.0205815888043013,1.7048419289718197,0.09684695016550282,0.999999999995559,0.0,0.050000000000000044,0.050000000000000044,0.0052199843122047685,0.01406253301335964,0.029310404398926047,0.050000000000000044,0.050000000000000044,"{'I': 1, 'W': 0, 'R': 1, 'C': 'free'}",False,True,True,1.0,3
1790,2,0.49554505709453606,1.023235394855975,1.516350862690489,2.654943398050114,1.40306316923425,1.7967844399433806,0.999980342475844,0.9999999583498433,0.0,0.010000000000000009,0.0,0.0179858653792732,0.010984534120191273,0.014063040867181183,0.050000000000000044,0.050000000000000044,"{'I': 0, 'W': 1, 'R': 0, 'C': 'costly'}",False,True,True,0.0,3
1801,1,0.0040741831517330015,0.6729891187742653,0.015403688521796178,2.2780059616026893,1.000460230556496,1.6698459309441893,0.003215691333961268,0.9999999999973647,0.0,0.050000000000000044,0.050000000000000044,0.9914216197630683,0.8519187156527502,0.49999735383062066,1.0,0.75,"{'I': 0, 'W': 1, 'R': 0, 'C': 'costly'}",False,True,True,0.0,3
1828,1,0.5962317517621958,0.5554760407652058,1.9202889176073157,2.4312829724820304,1.356233666411214,1.3688357798498647,0.9126377454971188,0.999999268542141,0.3,0.050000000000000044,0.010000000000000009,0.4999961025214695,0.3207951102829452,0.3208126119501789,0.25,0.25,"{'I': 1, 'W': 0, 'R': 1, 'C': 'free'}",False,True,True,1.0,3
1828,2,0.5101066695862375,0.9709726740670533,1.1794744069295453,2.6202217343778464,1.5198250489393335,1.9649422098832434,0.9768869309030734,1.0,0.3,0.09999999999999998,0.0,0.06008181560904373,0.18239651917300137,0.11921629567442008,0.25,0.25,"{'I': 1, 'W': 0, 'R': 1, 'C': 'free'}",False,True,True,1.0,3
1828,3,0.08291553806703943,0.9490479760620549,0.7061873501780769,2.556709832714443,1.039447458246741,1.9033799055749465,0.2940448259782401,1.0,0.05,0.050000000000000044,0.09999999999999998,0.0474229887803107,0.060078479707909166,0.06008559555555566,0.30000000000000004,0.25,"{'I': 1, 'W': 0, 'R': 1, 'C': 'free'}",True,False,True,0.0,3
1828,4,0.5099983289410877,1.089488642405362,1.6872253622078037,2.6685470311291195,1.3964269333896828,2.212037552569096,0.9504736810207379,1.0,0.2,0.050000000000000044,0.050000000000000044,0.5000038308536815,0.32080819658314186,0.18242512879025727,0.30000000000000004,0.75,"{'I': 1, 'W': 0, 'R': 1, 'C': 'free'}",True,False,True,0.0,3
1828,5,0.45675112470860985,1.0485102371672912,1.2645818545635499,2.5770069779064415,1.3544900260331363,2.2961076641021667,0.9348345051636916,1.0,0.4,0.050000000000000044,0.050000000000000044,0.1824218211578835,0.1480349972091633,0.14804938871826576,0.30000000000000004,0.75,"{'I': 1, 'W': 0, 'R': 1, 'C': 'free'}",False,True,True,1.0,3
1828,6,0.155407216834908,1.1105063912836846,0.7751656564786038,2.50507361217408,1.0694455020275313,2.0605439294043295,0.453522763627326,1.0,0.05,0.050000000000000044,0.0,0.18241671083153663,0.07585425423960418,0.06008764672774274,0.30000000000000004,0.25,"{'I': 1, 'W': 0, 'R': 1, 'C': 'free'}",True,True,True,0.0,3
1828,7,0.1566290230798449,1.0147725811049124,0.6575411411891848,2.469332246722554,1.0591217022386814,1.9379713351565013,0.4036692622917931,1.0,0.0,0.050000000000000044,0.050000000000000044,0.22269779720965494,0.09534388177346621,0.14805135277522363,0.4,0.25,"{'I': 1, 'W': 0, 'R': 1, 'C': 'free'}",True,False,True,0.0,3
1855,1,0.28578034124429297,0.6997507381886586,2.1643808632582573,2.466464903305089,1.1607007546851793,1.780385010566198,0.8559091075094989,0.9999999999997019,0.5,0.050000000000000044,0.050000000000000044,0.7310483769072859,0.37750428947711895,0.18241614944023785,0.5,0.5,"{'I': 1, 'W': 0, 'R': 1, 'C': 'free'}",False,True,True,1.0,3
1855,2,0.10569361941421182,0.8660919305142518,0.3737583507845252,2.286035358450298,1.0318979846427299,1.6939603506502972,0.19731961512753093,1.0,0.25,0.050000000000000044,0.30000000000000004,0.11920334894071603,0.14804063876547002,0.11921053125593274,0.7,0.7,"{'I': 1, 'W': 0, 'R': 1, 'C': 'free'}",False,True,True,0.3333333333333333,3
1855,3,0.1841903003150395,0.756620384392402,0.6597252677440181,2.3746106310234576,1.0807463291487114,1.541121108923092,0.41932434781734507,1.0,0.25,0.050000000000000044,0.09999999999999998,0.18243837602696214,0.09534281215237968,0.09535628554004211,0.7,0.7,"{'I': 1, 'W': 0, 'R': 1, 'C': 'free'}",False,True,True,0.0,3
1855,4,0.22635049067786409,0.8851873260757317,0.7902753626601076,2.467516273815346,1.105471840686035,1.8320942350532217,0.5043601588967206,1.0,0.3,0.050000000000000044,0.050000000000000044,0.5000487113830674,0.18241618967122922,0.2689927730168818,0.7,0.7,"{'I': 1, 'W': 0, 'R': 1, 'C': 'free'}",False,True,True,0.0,3
1855,5,0.026811862100516004,0.769178846550176,0.16945872704394885,2.7101526786642838,1.0055196909604407,1.855213036263148,0.04833349898252426,1.0,0.25,0.050000000000000044,0.050000000000000044,0.7773151395853807,0.37751253012552893,0.4378875467623055,0.8,1.0,"{'I': 1, 'W': 0, 'R': 1, 'C': 'free'}",False,True,True,0.0,3
1855,6,0.3920872903102858,0.8903952806192317,1.7757618123997805,2.8622515301193836,1.2731634235007119,2.049214670189905,0.956698194356607,1.0,0.1,0.09999999999999998,0.0,0.04742536416873665,0.047422770130010485,0.32084745606263715,0.30000000000000004,1.0,"{'I': 1, 'W': 0, 'R': 1, 'C': 'free'}",False,True,True,1.0,3
1855,7,0.47412805077357995,0.7711391704253284,1.2070554611788202,2.5583605706166623,1.4240065254703174,1.6295784721109259,0.9157798241534286,1.0,0.3,0.050000000000000044,0.050000000000000044,0.5000334373462081,0.22269624085693834,0.32087122320630124,0.7,0.8,"{'I': 1, 'W': 0, 'R': 1, 'C': 'free'}",False,True,True,1.0,3
1858,1,0.3748204196638459,0.7357545005235846,1.0554903541479597,1.857309899312854,1.268420365048356,1.393834655252226,0.6954322121038495,0.9997518475640169,0.0,0.050000000000000044,0.010000000000000009,0.014063168157478528,0.03732222951315351,0.037325927308703565,0.050000000000000044,0.050000000000000044,"{'I': 1, 'W': 0, 'R': 1, 'C': 'free'}",False,True,True,1.0,3
1858,2,0.7371565790659217,0.7311236645339564,2.044512646946593,2.0408906475703015,1.7492866774891145,1.433814038877299,0.9650993055556262,0.9999999558595185,0.1,0.050000000000000044,0.050000000000000044,0.07585536121740966,0.0758539916876166,0.06008751194280247,0.050000000000000044,0.25,"{'I': 1, 'W': 0, 'R': 1, 'C': 'free'}",False,True,True,1.0,3
1858,3,0.5259616197329556,0.8702844886307886,1.238428800882168,2.3389477842891395,1.3451218484073748,1.8490794213779707,0.8311775343565619,1.0,0.1,0.050000000000000044,0.050000000000000044,0.06008588915621131,0.14802947445378728,0.09535865769036558,0.19999999999999996,0.25,"{'I': 1, 'W': 0, 'R': 1, 'C': 'free'}",True,False,True,0.0,3
1858,4,0.20080689114830563,0.782562591763699,0.599281003820636,2.6284043944173776,1.0444241429470364,1.6131973772673904,0.22956042074906036,0.9999999997205046,0.05,0.050000000000000044,0.050000000000000044,0.017986064371495795,0.029310265654232056,0.09535282181463138,0.050000000000000044,0.25,"{'I': 1, 'W': 0, 'R': 1, 'C': 'free'}",True,False,True,0.0,3
1858,5,0.7536869423465499,0.8581096204176865,1.9033145818987482,2.424466431813205,1.678515553681185,1.9257496213685392,0.9552855616029677,1.0,0.05,0.050000000000000044,0.050000000000000044,0.02297785256786826,0.03732457637148791,0.09535397721882387,0.09999999999999998,0.25,"{'I': 1, 'W': 0, 'R': 1, 'C': 'free'}",False,True,True,0.6666666666666666,3
1858,6,0.5144078858243323,0.9720406222502355,1.7142073071623363,2.611957804984033,1.8310104657605215,2.16442744638695,0.9514101155066906,1.0,0.1,0.050000000000000044,0.050000000000000044,0.04742329078001513,0.047419402693089,0.06008888476507461,0.09999999999999998,0.25,"{'I': 1, 'W': 0, 'R': 1, 'C': 'free'}",False,True,True,1.0,3
1858,7,0.2883480150519101,0.9243921699120197,1.1241375460214613,2.358462783363582,1.1051303584241259,1.8793700805197338,0.6986731109052315,0.9999999999999296,0.1,0.050000000000000044,0.050000000000000044,0.11920133092953022,0.09534265055573855,0.500066725541433,0.09999999999999998,0.25,"{'I': 1, 'W': 0, 'R': 1, 'C': 'free'}",False,True,True,0.0,3
1885,1,0.31541788032984736,1.0111315700679337,1.4323092733527856,2.3628726452073257,1.2633984477719116,2.0412969814705173,0.7541003185533444,0.9999999999965844,0.25,0.050000000000000044,0.050000000000000044,0.11919984709073077,0.14802331269024133,0.37752589073824694,0.25,0.25,"{'I': 1, 'W': 0, 'R': 1, 'C': 'free'}",False,True,True,1.0,3
1885,2,0.5858861501676189,1.048065126586511,2.063951469543187,2.6294297450602686,1.5375830144963958,1.9119084243697972,0.9679895766417237,1.0,0.25,0.050000000000000044,0.050000000000000044,0.09534925316062144,0.04741825322022969,0.3775330129661332,0.25,0.5,"{'I': 1, 'W': 0, 'R': 1, 'C': 'free'}",False,True,True,1.0,3
1885,3,0.2479020536536543,0.8194213190987548,0.904671385114839,2.418712983669859,1.0952307715613037,1.6862809102199183,0.5169913568573077,0.9999999999999999,0.05,0.050000000000000044,0.050000000000000044,0.03732381722130487,0.01798362504793756,0.07585653324240516,0.25,0.25,"{'I': 1, 'W': 0, 'R': 1, 'C': 'free'}",True,False,True,0.0,3
1885,4,0.01745180860663277,0.7712813266861096,0.053963112126188095,2.3318945174652694,1.0027323299158062,1.6995360826247288,0.021592306316575383,0.9999999999999997,0.0,0.050000000000000044,0.050000000000000044,0.022976110100256263,0.010985793650915402,0.0758590643562116,0.050000000000000044,0.25,"{'I': 1, 'W': 0, 'R': 1, 'C': 'free'}",True,False,True,0.0,3
1885,5,0.5080731363830867,1.0847746337202369,1.9798054512896581,2.3101415501881535,1.4136956488728012,2.352989994297476,0.9373165877934996,1.0,0.2,0.050000000000000044,0.050000000000000044,0.6224719950103802,0.43776908153595034,0.904652750305347,0.5,0.75,"{'I': 1, 'W': 0, 'R': 1, 'C': 'free'}",False,True,True,0.6666666666666666,3
1885,6,0.14037985114583543,1.0217403320561087,0.4371750483901681,2.4194539252896234,1.0293583112884823,1.885406655074642,0.2066453049273772,0.9999999999997855,0.3,0.050000000000000044,0.050000000000000044,0.377540502664613,0.037323429790748174,0.6224852576114956,0.7,1.0,"{'I': 1, 'W': 0, 'R': 1, 'C': 'free'}",False,True,True,0.0,3
1885,7,0.10619718071710346,0.9286064329290701,0.26076165799922707,2.1908544898804574,1.0192592927795985,1.6990877502865551,0.141535061228946,0.9999999999742918,0.3,0.050000000000000044,0.050000000000000044,0.2689415248756923,0.07585385092655153,0.8175822680736414,0.5,1.0,"{'I': 1, 'W': 0, 'R': 1, 'C': 'free'}",True,True,True,0.0,3
1886,1,0.028785711276002098,0.5084712300820065,0.14197817189893058,2.1760788441659433,1.0048497957711686,1.389909481280115,0.03329946277402296,0.9999999994919851,0.0,0.050000000000000044,0.050000000000000044,0.0229768755345989,0.060081784251552306,0.14803378691095723,0.050000000000000044,0.25,"{'I': 1, 'W': 0, 'R': 1, 'C': 'free'}",False,True,True,1.0,3
1886,2,0.07546249073523663,0.7280210261203924,0.4798633196440215,2.0822408218355983,1.030228027388769,1.6734517585902435,0.18816742205447723,1.0,0.0,0.050000000000000044,0.0,0.22268858103757042,0.1191945119542479,0.18241325886776688,0.050000000000000044,0.25,"{'I': 1, 'W': 0, 'R': 1, 'C': 'free'}",False,True,True,1.0,3
1886,3,0.3076962930839443,0.8051374375610049,0.6016554396884211,2.107745909610148,1.1365931117029262,1.8731610094376734,0.4728006069726505,0.9999999999997106,0.3,0.050000000000000044,0.050000000000000044,0.0953500982791435,0.07585069846372264,0.18242795157716357,0.30000000000000004,0.4,"{'I': 1, 'W': 0, 'R': 1, 'C': 'free'}",False,True,True,1.0,3
1886,4,0.21643323963863548,0.8880965651319778,0.7749745732556772,2.556499490755606,1.1208550249491689,1.8446964429787143,0.4347341038789192,1.0,0.3,0.050000000000000044,0.050000000000000044,0.09533710497565888,0.09532810308459712,0.09535324848346244,0.30000000000000004,0.75,"{'I': 1, 'W': 0, 'R': 1, 'C': 'free'}",True,False,True,0.0,3
1886,5,0.21696965121189155,0.8872895776455846,0.896908257395388,2.5023370838881887,1.0744941262453078,1.8487786698912188,0.607040850420542,1.0,0.2,0.050000000000000044,0.050000000000000044,0.09535579391471524,0.03732431858514061,0.09535251387833873,0.09999999999999998,0.7,"{'I': 1, 'W': 0, 'R': 1, 'C': 'free'}",False,True,True,0.3333333333333333,3
1886,6,0.47820261195009994,0.782642748073883,1.5078374702103294,2.433507210182609,1.2228241250302139,1.672412097882642,0.7554025011425097,1.0,0.1,0.09999999999999998,0.0,0.26893539874671657,0.09532985382365895,0.037327974079596586,0.7,0.09999999999999998,"{'I': 1, 'W': 0, 'R': 1, 'C': 'free'}",False,True,True,0.6666666666666666,3
1886,7,0.2952503539381878,0.6745910764430028,1.1890146641249857,2.4399043637682785,1.1813508390396164,1.6614629863277228,0.9030170293218994,1.0,0.05,0.050000000000000044,0.050000000000000044,0.00857696193797661,0.010985281947314147,0.047425387379443434,0.09999999999999998,0.25,"{'I': 0, 'W': 1, 'R': 0, 'C': 'costly'}",False,True,True,1.0,3
1887,1,0.01078661175828941,0.6805146092409874,0.042019670979672415,2.0709271453758706,1.0013788978279858,1.4673645176716723,0.0068660602614976085,0.9999999679528505,0.1,0.050000000000000044,0.050000000000000044,0.9399295702043589,0.6224216516538348,0.060080599480466866,0.25,0.25,,False,True,False,0.0,3
1887,2,0.003186870270926974,0.687013207601172,0.010436316784449666,1.8145570168619451,1.0003392499465733,1.6638385449931372,0.0016945247406014996,0.9999999999853596,0.5,0.010000000000000009,0.050000000000000044,0.9933067249554026,0.9820005759595296,0.07585351639129131,0.4,0.25,"{'I': 0, 'W': 1, 'R': 0, 'C': 'costly'}",False,True,True,0.0,3
1902,1,0.4896380239525748,0.39321747071514024,1.7869372007377127,1.6540897591535093,1.7449022978852444,1.2297774855255703,0.9883632666335997,0.9998884081863894,0.25,0.050000000000000044,0.050000000000000044,0.2226968660872648,0.3207862590690918,0.3775191874959032,0.25,0.25,"{'I': 1, 'W': 0, 'R': 1, 'C': 'free'}",False,True,True,0.3333333333333333,3
1902,2,0.005592680772143835,0.7511446567365281,0.04051817043884047,2.5087356340763756,1.0008908681149338,1.7145492905298245,0.007098458300190291,0.999999999999999,0.1,0.050000000000000044,0.050000000000000044,0.9770218849711328,0.7310295517798954,0.07585746753953874,0.8,0.25,"{'I': 0, 'W': 1, 'R': 0, 'C': 'costly'}",False,True,True,0.0,3
1917,1,0.4710491985619458,0.6187459311709748,0.8182236671619636,2.2699036692496506,1.2573199897838605,1.4648674350824056,0.798683552702903,0.9999999994808488,0.25,0.050000000000000044,0.050000000000000044,0.904656221738927,0.9525440996835921,0.8175819777018741,0.5,0.5,"{'I': 1, 'W': 0, 'R': 1, 'C': 'free'}",False,True,True,1.0,3
1917,2,0.08628445539194064,0.876210333649371,0.5966148126855826,2.5662373542765606,1.0421385043508626,1.7958496677060458,0.281219209706014,1.0,0.2,0.0,0.0,0.09534728815297208,0.11919101226834476,0.37755603733481186,0.30000000000000004,0.4,"{'I': 1, 'W': 0, 'R': 1, 'C': 'free'}",False,True,True,1.0,3
1917,3,0.6395431264415864,0.7991798081030405,2.2627281475655416,2.5167891993072646,1.4807487018993255,1.7245156123630556,0.9999999999999496,0.9999999999999891,0.3,0.050000000000000044,0.09999999999999998,0.4378550045826932,0.3208060961138903,0.3775883287691138,0.30000000000000004,0.7,"{'I': 1, 'W': 0, 'R': 1, 'C': 'free'}",False,True,True,0.0,3
1917,4,0.1430997518952645,0.8680253148713578,0.7533883100943066,2.202295805170491,1.067353552921801,1.8289391837199898,0.44380728093187516,1.0,0.25,0.050000000000000044,0.050000000000000044,0.37756370685333884,0.1480306598236377,0.3209015120765306,0.30000000000000004,0.30000000000000004,"{'I': 1, 'W': 0, 'R': 1, 'C': 'free'}",False,True,True,0.0,3
1917,5,0.06858537720998881,1.1664990621528286,0.2307868829144167,2.5250454672096776,1.014705541410491,2.178472725702119,0.12312091607947728,1.0,0.3,0.050000000000000044,0.19999999999999996,0.26899770002901663,0.18242682310140632,0.32093262067929895,0.30000000000000004,0.30000000000000004,"{'I': 1, 'W': 0, 'R': 1, 'C': 'free'}",True,False,True,0.0,3
1917,6,0.10485278460766609,0.8744317330450526,0.5595333297849658,2.4547696547807116,1.0417079676502103,1.8806484997655935,0.307713079367403,1.0,0.25,0.09999999999999998,0.19999999999999996,0.18244210026544538,0.1191988074212046,0.32090819932276604,0.7,0.5,"{'I': 1, 'W': 0, 'R': 1, 'C': 'free'}",False,True,True,0.0,3
1917,7,0.1523024036072332,0.9050563381391344,0.5212126751839814,2.625948520999812,1.0385740504433687,1.8365697807005186,0.2886836439134056,1.0,0.25,1.0,0.050000000000000044,0.4378541309350405,0.22268980012357972,0.500094981351983,0.7,0.7,"{'I': 1, 'W': 0, 'R': 1, 'C': 'free'}",True,True,True,0.0,3
1937,1,0.04449145555235469,0.6775925066349292,0.27635325302087255,2.2475037946111405,1.0120607876977257,1.4766634344613478,0.08049560179703741,0.9999999995107663,0.0,0.050000000000000044,0.0,0.09534490888324614,0.18239746078676194,0.095336542799349,0.4,0.5,"{'I': 1, 'W': 0, 'R': 1, 'C': 'free'}",False,True,True,1.0,3
1937,2,0.05998578667483409,0.7353527462793308,0.278666828579223,2.46178724389291,1.0138800747004428,1.6814493906950643,0.10441400253360666,1.0,0.1,0.050000000000000044,0.0,0.010986871826736931,0.01098608197336296,0.02297691533618448,0.25,0.4,"{'I': 1, 'W': 0, 'R': 1, 'C': 'free'}",False,True,True,1.0,3
1937,3,0.1864059788128692,0.7674453538503374,0.581732797216135,2.3374789675301093,1.0631287334547386,1.7624350291436366,0.3872079093161912,1.0,0.0,0.050000000000000044,0.010000000000000009,0.11919679037874902,0.04742186886166626,0.09535090128852423,0.09999999999999998,0.25,"{'I': 1, 'W': 0, 'R': 1, 'C': 'free'}",True,False,True,0.0,3
1937,4,0.20981252219389315,0.7073550183208965,0.8346581140759491,2.1532882568236404,1.1342404138918014,1.5377045983390474,0.9290107590014944,0.9999999995467328,0.0,0.050000000000000044,0.050000000000000044,0.0229761392038763,0.010986586029663396,0.029312402656777887,0.09999999999999998,0.050000000000000044,"{'I': 0, 'W': 1, 'R': 0, 'C': 'costly'}",False,True,True,0.6666666666666666,3
1945,1,0.4364845424137689,0.6265223371737647,0.9091977630580161,2.660792959996792,1.684802592942812,1.598749810924122,0.9562774113859557,0.9999999993241081,0.0,0.050000000000000044,0.050000000000000044,0.09534477034998896,0.1823753353515314,0.6224178472369882,0.25,0.25,"{'I': 1, 'W': 0, 'R': 1, 'C': 'free'}",False,True,True,1.0,3
1945,2,0.4495183144423937,0.5813324506544189,1.1225846294058228,1.8208707089731566,1.1996104825459564,1.404453891868222,0.6644490386330597,0.9999999786395335,0.3,0.09999999999999998,0.0,0.5621841598180993,0.37751558181722916,0.22269388322392542,0.30000000000000004,0.4,"{'I': 1, 'W': 0, 'R': 1, 'C': 'free'}",False,True,True,1.0,3
1945,3,0.2862757990812345,0.7859474993735305,1.1104703436719268,1.9369787014813498,1.1318198744477759,1.757143621462408,0.5242967643249881,0.9999999999989897,0.0,0.050000000000000044,0.09999999999999998,0.008577364877480892,0.02297582278500911,0.26897190777581503,0.050000000000000044,0.25,"{'I': 1, 'W': 0, 'R': 1, 'C': 'free'}",True,False,True,0.0,3
1945,4,0.15812647703752733,0.5724305023559246,1.2887316660003039,2.1679034745206702,1.1090347148605084,1.4166120101778625,0.9671291934498385,0.9999999999999979,0.05,0.050000000000000044,0.050000000000000044,0.0109867842982599,0.010984649669920564,0.014063285895324075,0.19999999999999996,0.050000000000000044,"{'I': 0, 'W': 1, 'R': 0, 'C': 'costly'}",False,True,True,0.3333333333333333,3
1949,1,0.018348494838153682,0.768220345727272,0.06393551164660614,2.0216211860609685,1.0027311732364763,1.6733784169187633,0.024248224443011224,0.9999999999999971,0.0,0.050000000000000044,0.09999999999999998,0.11920343817636686,0.222688058014798,0.4999817696540292,0.25,0.25,"{'I': 1, 'W': 0, 'R': 1, 'C': 'free'}",False,True,True,1.0,3
1949,2,0.3149833468841268,0.738012478744708,1.2608107359180332,2.0559085703831235,1.150224860751745,1.7182720828432194,0.5681792580743743,1.0,0.25,0.050000000000000044,0.050000000000000044,0.7310565098337368,0.49997925817801653,0.5621752307228722,0.30000000000000004,0.25,"{'I': 1, 'W': 0, 'R': 1, 'C': 'free'}",False,True,True,0.6666666666666666,3
1949,3,0.5225309108159348,0.7499629642974024,1.74490033346175,2.2870070754957252,1.5859679783643754,1.754741189182861,0.9842474716337208,1.0,0.0,0.050000000000000044,0.050000000000000044,0.2227006143075161,0.18240237950867239,0.7310648594786476,0.09999999999999998,0.25,"{'I': 0, 'W': 1, 'R': 0, 'C': 'costly'}",False,True,True,0.0,3
1955,1,0.08325710984348832,0.5314638015498977,0.21159829231161534,1.6920550541846187,1.0176606093971532,1.261838262126987,0.09971044327624246,0.9988226843235206,0.0,0.050000000000000044,0.010000000000000009,0.01798588023079887,0.09534309628374796,0.18241764507921154,0.25,0.050000000000000044,"{'I': 1, 'W': 0, 'R': 1, 'C': 'free'}",False,True,True,1.0,3
1955,2,0.0128971113343626,0.517378422048735,0.04825526943867956,2.002502322712612,1.001833268776965,1.3704261440819578,0.014545894392173575,0.999999493428468,0.05,0.09999999999999998,0.0,0.06008395801832687,0.04742302655927869,0.22270391240940784,0.050000000000000044,0.25,"{'I': 1, 'W': 0, 'R': 1, 'C': 'free'}",False,True,True,1.0,3
1955,3,0.19639991475913426,0.7094873672734949,0.804959238198929,2.1164565304282124,1.1002189438600234,1.5613115196381975,0.5342347834519428,0.9999999999444028,0.05,0.050000000000000044,0.050000000000000044,0.022975478571130477,0.017985009999233127,0.06008749698252915,0.050000000000000044,0.25,"{'I': 1, 'W': 0, 'R': 1, 'C': 'free'}",True,False,True,0.0,3
1955,4,0.3678581254166447,0.9694142222892038,1.3089171921224956,2.6179624028006803,1.1328067443940102,1.992058725744834,0.5267778722652579,1.0,0.2,0.050000000000000044,0.050000000000000044,0.11919556364000214,0.1480289724076435,0.37754628247636024,0.30000000000000004,0.75,"{'I': 1, 'W': 0, 'R': 1, 'C': 'free'}",True,True,True,0.0,3
1955,5,0.2141177322401244,0.5818922686503861,0.8496342911123559,2.6076917910956845,1.070850366044178,1.409521371697856,0.3807037165216627,1.0,0.2,0.050000000000000044,0.050000000000000044,0.014062603479301083,0.07585004233875053,0.43782284628552803,0.25,0.7,"{'I': 1, 'W': 0, 'R': 1, 'C': 'free'}",False,True,True,1.0,3
1955,6,0.510411348777892,0.6714489771931086,1.6367197629847148,2.2917424836894655,1.4999133804346252,1.5952138839447687,0.9609635276150098,1.0,0.1,0.050000000000000044,0.050000000000000044,0.7310624756502107,0.2689284041424154,0.3775890447673326,0.4,0.5,"{'I': 1, 'W': 0, 'R': 1, 'C': 'free'}",True,True,True,0.0,3
1955,7,0.1467859638624692,0.6432405197400076,0.45366067463032284,2.4251748700034663,1.0407199715796382,1.4887498904022525,0.24375454382563144,0.9999999999999954,0.1,0.050000000000000044,0.050000000000000044,0.01406254334990442,0.014062426215789967,0.09535140466938287,0.25,0.25,"{'I': 1, 'W': 0, 'R': 1, 'C': 'free'}",True,True,True,0.0,3
200,1,0.14166352002366273,0.648102968112547,0.4415740987168191,1.8621169653554988,1.0370977854174532,1.5068540825111802,0.22507075359230366,0.9999999991713544,0.0,0.050000000000000044,0.030000000000000027,0.017985759785624677,0.047417664609447005,0.09534318222451046,0.050000000000000044,0.050000000000000044,"{'I': 1, 'W': 0, 'R': 1, 'C': 'free'}",False,True,True,1.0,3
200,2,0.27603740568475155,0.6251926810141702,1.1475590995330034,2.282973627516536,1.090213968464776,1.4922328765508217,0.5403848659846423,0.9999999998158592,0.1,0.050000000000000044,0.050000000000000044,0.0953507838683691,0.0373238055977469,0.32081245608012626,0.25,0.4,"{'I': 1, 'W': 0, 'R': 1, 'C': 'free'}",False,True,True,1.0,3
200,3,0.010477369362235995,0.8740140181835581,0.043815081607275666,2.18830105446394,1.0015275119958384,1.5364964193146973,0.012136523328307391,0.9999999998700346,0.05,0.050000000000000044,0.050000000000000044,0.014063426807649795,0.010986314306046935,0.029311339814601857,0.09999999999999998,0.25,"{'I': 1, 'W': 0, 'R': 1, 'C': 'free'}",False,True,True,1.0,3
200,4,0.2936951941082341,0.954802828318655,1.278530535110287,2.1746986981153498,1.1321099461025594,2.0307555253092726,0.46227903349499666,1.0,0.05,0.050000000000000044,0.050000000000000044,0.1824011665116675,0.07584243657046048,0.18249054375869364,0.19999999999999996,0.25,"{'I': 1, 'W': 0, 'R': 1, 'C': 'free'}",False,True,True,1.0,3
200,5,0.13661634478164428,1.0107062035965835,0.7759949323648886,2.7039339142528807,1.0493894429382795,2.0283063491660234,0.28641918642723185,1.0,0.05,0.050000000000000044,0.050000000000000044,0.26896290107703125,0.14802630940478967,0.37788659582862527,0.30000000000000004,0.25,"{'I': 1, 'W': 0, 'R': 1, 'C': 'free'}",False,True,True,1.0,3
200,6,0.5018607111966193,0.9066303979363278,1.5832738596611038,2.302899144551332,1.341319330647485,1.9847524643949956,0.9993518203208559,1.0,0.05,0.050000000000000044,0.050000000000000044,0.7309834381924986,0.43778954423790545,0.2690345745160102,0.19999999999999996,0.09999999999999998,"{'I': 0, 'W': 1, 'R': 0, 'C': 'costly'}",False,True,True,0.0,3
2004,1,0.12736911929895078,0.8507393073736975,0.8037381521871554,2.592312442611547,1.0337734058661636,1.768140773444164,0.20745759094207195,1.0,0.0,0.050000000000000044,0.050000000000000044,0.14804283016749883,0.060082153126234515,0.07585612425729074,0.050000000000000044,0.25,"{'I': 1, 'W': 0, 'R': 1, 'C': 'free'}",False,True,True,1.0,3
2004,2,0.11968523080709205,0.7313418084667573,0.558323388651513,2.502336265636735,1.0352677503492644,1.6259441020416978,0.2154308965863989,0.999999999683592,0.0,0.050000000000000044,0.0,0.18242182512472407,0.11919732428374231,0.22269711774367149,0.4,0.75,"{'I': 1, 'W': 0, 'R': 1, 'C': 'free'}",True,False,True,0.0,3
2004,3,0.30638812481394073,0.7412824969082635,1.3621394359201668,2.7161199309614545,1.1188844070424606,1.583692691893462,0.5444841957272001,0.9999999999958432,0.1,0.050000000000000044,0.09999999999999998,0.18242039407727037,0.060084549253258186,0.22270847926674447,0.25,0.25,"{'I': 1, 'W': 0, 'R': 1, 'C': 'free'}",False,True,True,0.6666666666666666,3
2004,4,0.017516790405976777,0.65269272683185,0.08335566145558806,2.299344653932497,1.0026555347503354,1.4081370263672088,0.018392853678955046,0.9999999983019525,0.05,0.050000000000000044,0.050000000000000044,0.008577340055671647,0.008577243076961134,0.02297668981034875,0.050000000000000044,0.25,"{'I': 1, 'W': 0, 'R': 1, 'C': 'free'}",True,False,True,0.0,3
2004,5,0.38312206910601726,0.7364311921276542,1.3745761444566928,2.2898065743709375,1.311970813986148,1.671883400861691,0.9131674739590884,0.999999999849014,0.3,0.050000000000000044,0.050000000000000044,0.22270929090929628,0.0474247622937005,0.32084660683046407,0.25,0.25,"{'I': 1, 'W': 0, 'R': 1, 'C': 'free'}",False,True,True,0.3333333333333333,3
2004,6,0.06788422812107676,0.8254660543336949,0.554675281739212,2.235314006080326,1.0295482999266843,1.7834847474965412,0.23055165859476012,1.0,0.1,0.050000000000000044,0.09999999999999998,0.09534979062427551,0.0600820134366315,0.09535025109691796,0.30000000000000004,0.5,"{'I': 1, 'W': 0, 'R': 1, 'C': 'free'}",False,True,True,0.0,3
2004,7,0.0038888963346401097,0.7583767830648379,0.012243513563459948,2.0990272993634718,1.0004652830928569,1.6820084413310232,0.0037144832339770506,0.9999999999999202,0.3,0.050000000000000044,0.050000000000000044,0.09535179711295154,0.010986829855411398,0.06008879768574889,0.30000000000000004,0.25,"{'I': 1, 'W': 0, 'R': 1, 'C': 'free'}",False,True,True,0.3333333333333333,3
2008,1,0.19071606931664942,0.835174361803731,0.695635678571061,2.0055394802344617,1.0467234022170113,1.7733656502157369,0.27359895279516655,0.9999999999996368,0.0,0.050000000000000044,0.050000000000000044,0.022975793628898563,0.09532997628952004,0.37750263269061934,0.050000000000000044,0.25,"{'I': 1, 'W': 0, 'R': 1, 'C': 'free'}",False,True,True,1.0,3
2008,2,0.03588624557966039,0.7532052500236819,0.1863340770350238,2.331633661354203,1.0075080846914866,1.5220194979111437,0.043888017118222655,0.9999999938185512,0.0,0.050000000000000044,0.030000000000000027,0.022977053127625945,0.06008115870914896,0.4378499282790693,0.050000000000000044,0.050000000000000044,"{'I': 1, 'W': 0, 'R': 1, 'C': 'free'}",False,True,True,1.0,3
2008,3,0.4110705893288385,1.0042445523955001,1.0166325423937932,2.4865188822529674,1.520526262224369,2.1038295390733195,0.9467839640586615,1.0,0.2,0.050000000000000044,0.050000000000000044,0.43782622195509147,0.37750874975723253,0.1480624128311843,0.25,0.25,"{'I': 1, 'W': 0, 'R': 1, 'C': 'free'}",False,True,True,1.0,3
2008,4,0.12192865087271862,1.0238744738609662,0.4798730720320353,2.799223820832019,1.0388541379248257,1.9538575916443868,0.2341953799258154,1.0,0.1,0.050000000000000044,0.050000000000000044,0.02931186220876093,0.04741384574018936,0.1192171340221309,0.25,0.25,"{'I': 1, 'W': 0, 'R': 1, 'C': 'free'}",False,True,True,0.0,3
2008,5,0.1545540694842751,1.111671747782019,0.4570614837897629,2.7558228952273915,1.0373074346638833,2.0792577755104023,0.2261664307083383,1.0,0.3,0.050000000000000044,0.050000000000000044,0.1480578605786818,0.14803171880160546,0.37758082702425944,0.5,0.75,"{'I': 1, 'W': 0, 'R': 1, 'C': 'free'}",True,False,True,0.0,3
2008,6,0.07112268756981183,0.9820263871576126,0.3812557778600325,2.2952231821776943,1.0218622602048222,1.807137009686403,0.17686937395980384,1.0,0.3,0.09999999999999998,0.09999999999999998,0.6224719737504206,0.43780165212806216,0.500026153096521,0.7,0.7,"{'I': 1, 'W': 0, 'R': 1, 'C': 'free'}",False,True,True,1.0,3
2008,7,0.14776085897902877,1.09008342967039,0.6687110567878095,2.422408753014696,1.0677261878254898,2.127618488400009,0.36790735449398426,1.0,0.3,0.09999999999999998,0.050000000000000044,0.26895690566243813,0.11918239267081863,0.06008822007703559,0.30000000000000004,0.25,"{'I': 1, 'W': 0, 'R': 1, 'C': 'free'}",True,True,True,0.0,3
2019,1,0.2597852717486612,0.46485885061086396,0.9307875496922776,1.8991838341723581,1.072044218295888,1.3014121336494784,0.5660420862452082,0.999999952417254,0.3,0.050000000000000044,0.050000000000000044,0.07585678756753776,0.14803113422297978,0.49997057863822353,0.25,0.25,"{'I': 1, 'W': 0, 'R': 1, 'C': 'free'}",False,True,True,1.0,3
2019,2,0.16036316089333863,0.8173822714245383,0.8006397298704525,2.367118733691639,1.0414222416550856,1.6677529144956982,0.38556235489739155,1.0,0.5,0.050000000000000044,0.09999999999999998,0.6224685010614691,0.1824073198287331,0.3208366171857147,0.30000000000000004,0.25,"{'I': 1, 'W': 0, 'R': 1, 'C': 'free'}",True,False,True,0.0,3
2019,3,0.04328050717550043,0.9043715789208615,0.1684262000907566,2.2455234881778003,1.0091930575767638,1.9299406224955185,0.0874483444074089,1.0,0.25,0.050000000000000044,0.09999999999999998,0.047423572591913904,0.022976211620027574,0.14804173843371654,0.30000000000000004,0.5,"{'I': 1, 'W': 0, 'R': 1, 'C': 'free'}",False,True,True,0.0,3
2019,4,0.06373867543700985,0.7743706741332771,0.3732823526795689,2.781877596018823,1.0134734101414005,1.6429169294537271,0.12526518653729923,1.0,0.25,0.050000000000000044,0.050000000000000044,0.008577645569750034,0.008576878657635524,0.06008895875931666,0.30000000000000004,0.30000000000000004,"{'I': 1, 'W': 0, 'R': 1, 'C': 'free'}",True,False,True,0.0,3
2019,5,0.024828738548814875,0.7366334096200716,0.09355128768598396,2.7436289666396987,1.0044462263427285,1.6301002908432252,0.0518442082697852,1.0,0.1,0.050000000000000044,0.010000000000000009,0.037324938100705536,0.03732519957464968,0.2689539133087799,0.30000000000000004,1.0,"{'I': 1, 'W': 0, 'R': 1, 'C': 'free'}",False,True,True,0.0,3
2019,6,0.5551067510052885,0.9738881512698332,2.221811494802352,2.659572184705312,1.3879174523171642,1.968284146784164,0.9804279481245365,1.0,0.3,0.09999999999999998,0.75,0.3208499682799708,0.14803207778309588,0.6225120716891074,0.7,0.7,"{'I': 1, 'W': 0, 'R': 1, 'C': 'free'}",False,True,True,0.0,3
2019,7,0.3218024706068771,0.816482166941611,1.4482765033250753,2.536760074567753,1.3570440945979325,1.658373294280218,0.9897413406716015,1.0,0.25,0.050000000000000044,0.050000000000000044,0.32086524689591506,0.09534677301781211,0.3208526024094557,0.30000000000000004,0.7,"{'I': 1, 'W': 0, 'R': 1, 'C': 'free'}",False,True,True,0.0,3
2033,1,0.37277003034129896,0.6076526699838996,1.8605703268854454,2.130692473663411,1.2535724762751213,1.3919315418644422,0.9167553999745232,0.9999990709283753,0.25,0.050000000000000044,0.050000000000000044,0.06008450011427107,0.060084261674377054,0.14803627156677615,0.25,0.25,"{'I': 1, 'W': 0, 'R': 1, 'C': 'free'}",False,True,True,1.0,3
2033,2,0.02780995324305061,0.7373168100289293,0.24671677765004987,2.423555797530523,1.0072129304577546,1.556103907358808,0.06263579085415405,0.9999999999994877,0.0,0.09999999999999998,0.09999999999999998,0.047424146759597434,0.07585585974969164,0.1480476262656906,0.4,0.4,"{'I': 1, 'W': 0, 'R': 1, 'C': 'free'}",False,True,True,0.6666666666666666,3
2033,3,0.45758583091098526,0.6794465232240802,1.690442980019146,2.179528744531251,1.4597271280279438,1.5419057528418858,0.9983879390636495,0.9999999999999991,0.3,0.050000000000000044,0.09999999999999998,0.4378784109335149,0.3775328535792077,0.4378523376526877,0.5,0.7,"{'I': 1, 'W': 0, 'R': 1, 'C': 'free'}",False,True,True,0.6666666666666666,3
2033,4,0.0150796260274563,0.7897694224387855,0.14170716916225687,2.4218678944960024,1.0027324035448346,1.7516628390957871,0.03485101901000587,1.0,0.3,0.050000000000000044,0.7,0.22270902552277957,0.1192009425178065,0.18243410145361727,0.30000000000000004,0.8,"{'I': 1, 'W': 0, 'R': 1, 'C': 'free'}",False,True,True,0.6666666666666666,3
2033,5,0.09036795403315104,0.7965071392395648,0.7052560074327191,2.461418496244677,1.0287848433537168,1.6468229147886206,0.3085181990859327,1.0,0.25,0.050000000000000044,0.75,0.07586445504624333,0.060087616334651296,0.11922291612571724,0.30000000000000004,0.75,"{'I': 1, 'W': 0, 'R': 1, 'C': 'free'}",False,True,True,0.0,3
2033,6,0.00877140542660299,0.8146850839099891,0.05753831688820652,2.6087099357521195,1.0012633455635906,1.7223665151411671,0.016279165327584333,1.0,0.25,0.09999999999999998,0.30000000000000004,0.04742821432176563,0.0953469166476535,0.09535438595742116,0.7,0.8,"{'I': 1, 'W': 0, 'R': 1, 'C': 'free'}",True,False,True,0.0,3
2033,7,0.09821218681399393,0.8771551842593402,0.6060213815800253,2.5347307098228278,1.0267245464244075,1.8443463340994115,0.29026092784788304,1.0,0.3,1.0,0.9,0.32085516799077124,0.26893500439291523,0.22271629638334126,0.7,0.8,"{'I': 1, 'W': 0, 'R': 1, 'C': 'free'}",False,True,True,0.3333333333333333,3
2053,1,0.2915365381916083,0.605664635074768,0.8710128028025336,2.155438704695322,1.1416139508349354,1.5691766078587923,0.4842922436687852,0.9999999984340862,0.4,0.050000000000000044,0.050000000000000044,0.7773280198480838,0.4999352607872615,0.8175955327993241,0.25,0.25,"{'I': 1, 'W': 0, 'R': 1, 'C': 'free'}",False,True,True,0.0,3
2053,2,0.0214188698307854,0.7506151493570301,0.11608503628715419,2.4037226929845463,1.0034381015294125,1.4912665460203354,0.023739120183284612,0.999999999366757,0.25,0.0,0.0,0.047426462821217666,0.14803368528948202,0.09534560186473538,0.050000000000000044,0.25,"{'I': 1, 'W': 0, 'R': 1, 'C': 'free'}",False,True,True,1.0,3
2053,3,0.03429895805146573,0.8028937037106176,0.13741772789101575,2.1586906266670054,1.0063693654618955,1.7811753156343697,0.04347099593239212,1.0,0.0,0.050000000000000044,0.0,0.3208167795394772,0.43778158298815617,0.5622287336304399,0.5,0.8,"{'I': 1, 'W': 0, 'R': 1, 'C': 'free'}",True,False,True,0.0,3
2053,4,0.07866447147861629,0.935347359960398,0.27826271672297626,2.329349614204042,1.0183947375308744,1.8465106960892457,0.11978862897893283,1.0,0.3,0.0,0.0,0.5000192036139236,0.4377981461621583,0.8175850041111137,1.0,0.8,"{'I': 1, 'W': 0, 'R': 1, 'C': 'free'}",True,False,True,0.0,3
2053,5,0.21094983880328436,1.0673685754931823,1.2426942215562928,2.742081727998166,1.093203796474964,2.0622907636202377,0.7128001804880507,1.0,0.0,1.0,0.75,0.4378252049683521,0.5621497316146397,0.9706882162343894,0.09999999999999998,0.8,"{'I': 1, 'W': 0, 'R': 1, 'C': 'free'}",False,True,True,1.0,3
2053,6,0.1863527955092489,1.0236986911006423,1.23226969375381,2.293833678272583,1.1434974027079066,2.061795214553127,0.8829862008870747,1.0,0.3,0.050000000000000044,0.0,0.37756568903027604,0.22269284269628478,0.5622268571598399,0.7,0.8,"{'I': 1, 'W': 0, 'R': 1, 'C': 'free'}",False,True,True,0.0,3
2053,7,0.01643066758492823,0.8947591224423801,0.1150265487613603,2.3913715121161636,1.0029575982505383,1.8324781195067625,0.0433316481883288,1.0,0.1,0.050000000000000044,0.050000000000000044,0.008577676686906384,0.01798572083061318,0.008577657673516374,0.30000000000000004,0.25,"{'I': 1, 'W': 0, 'R': 1, 'C': 'free'}",False,True,True,0.0,3
2112,1,0.030217002914609416,0.5987616228592234,0.15663876223656814,1.8116615745345348,1.0058082924776488,1.5448162836233048,0.03972965583817367,0.999999999444051,0.0,0.050000000000000044,0.030000000000000027,0.06008355966729862,0.07584900731347387,0.09534230556420396,0.25,0.25,"{'I': 1, 'W': 0, 'R': 1, 'C': 'free'}",False,True,True,1.0,3
2112,2,0.1565933632619331,0.5910548138223405,0.6402051604939792,1.830274221661955,1.2211345092314068,1.4439250317153138,0.698408586593259,0.9999999541914744,0.0,0.050000000000000044,0.050000000000000044,0.017985875767492464,0.01098658093771972,0.3208249550588074,0.050000000000000044,0.25,"{'I': 1, 'W': 0, 'R': 1, 'C': 'free'}",False,True,True,1.0,3
2112,3,0.14915156198935994,0.47336651994453166,0.49799232717166164,1.5169828370746279,1.0567607516594395,1.528495960493251,0.32054097083961586,0.9999991696173725,0.5,0.050000000000000044,0.050000000000000044,0.9399429305974548,0.7310506509113668,0.09534410500247541,0.050000000000000044,0.25,"{'I': 1, 'W': 0, 'R': 1, 'C': 'free'}",False,True,True,0.6666666666666666,3
2112,4,0.08959055603913482,0.8002522499574515,0.34442539234307035,1.9501224115087337,1.0218871586938403,1.628513569200596,0.19467610986244388,0.9999780926621729,0.0,0.050000000000000044,0.050000000000000044,0.7773711987983313,0.1480241610888247,0.3208538459513895,0.30000000000000004,0.4,"{'I': 1, 'W': 0, 'R': 1, 'C': 'free'}",False,False,True,0.0,3
2112,5,0.20804295224524486,0.8766597772005882,1.0641196553403265,2.186108838532206,1.106696196410891,2.037182508332675,0.8542998258844684,0.9999999999999999,0.25,0.050000000000000044,0.050000000000000044,0.3775588076969932,0.037315287109278186,0.26895259593553544,0.09999999999999998,0.09999999999999998,"{'I': 1, 'W': 0, 'R': 1, 'C': 'free'}",True,False,True,0.0,3
2112,6,0.1807611142282331,0.6756706027320184,0.7101150467561821,2.139353629219608,1.1243744046554072,1.7571559365736988,0.6903361616594466,0.9999997544602616,0.0,0.09999999999999998,0.050000000000000044,0.7311361417413601,0.32076183349026727,0.7773962833767698,0.4,1.0,"{'I': 1, 'W': 0, 'R': 1, 'C': 'free'}",True,False,True,0.0,3
2112,7,0.019749825449834373,0.9351377001066377,0.10046964950248605,2.4971185547067507,1.0035245033061084,1.7765751202259956,0.024327349200313653,1.0,0.0,0.050000000000000044,0.050000000000000044,0.022976853408349165,0.02297182982807942,0.3208997310872168,0.050000000000000044,0.19999999999999996,"{'I': 1, 'W': 0, 'R': 1, 'C': 'free'}",True,True,True,0.0,3
2132,1,0.11609298158284548,0.6646808210570327,0.6646443040980777,2.2872515020864035,1.1770308808617442,1.6153554928790106,0.6239263921370752,1.0,0.05,0.050000000000000044,0.010000000000000009,0.014063074416988373,0.014060606721468714,0.03732404820467589,0.050000000000000044,0.050000000000000044,"{'I': 1, 'W': 0, 'R': 1, 'C': 'free'}",False,True,True,0.0,2
2132,2,0.22920783749546247,0.8686910443930371,0.7719480900387802,2.4413532105055884,1.1268763305822471,1.804166096767384,0.5116373307624456,0.9999999999439031,0.0,0.0,0.030000000000000027,0.00407003648143531,0.014062464851860605,0.07586030648117777,0.050000000000000044,0.050000000000000044,"{'I': 1, 'W': 0, 'R': 1, 'C': 'free'}",True,False,True,0.0,2
2132,3,0.5713744382915459,0.8227767846286856,1.1743756758733783,2.498359097495247,1.2324693361414585,1.6193931715694987,0.7146727418771781,0.9999999999448257,0.1,0.050000000000000044,0.010000000000000009,0.6791689575636299,0.22268943267698715,0.4999954402371891,0.30000000000000004,0.25,"{'I': 1, 'W': 0, 'R': 1, 'C': 'free'}",False,True,True,0.0,2
2132,4,0.3394576795915286,0.6915540686245666,2.4466639062616853,1.9541363677099102,1.185838502365554,1.5778067374772218,0.9669258221299766,0.9999999999918906,0.05,0.050000000000000044,0.010000000000000009,0.09533417879200648,0.022975869983933597,0.03732790933350818,0.050000000000000044,0.050000000000000044,"{'I': 0, 'W': 1, 'R': 0, 'C': 'costly'}",False,True,True,0.0,2
214,1,0.006315398281519974,0.3496883215422903,0.03398667496027466,1.5719132054961336,1.0009555025200707,1.2094189880953103,0.005713891181349351,0.9991196425668402,0.0,0.050000000000000044,0.030000000000000027,0.010986479633326393,0.022975485181130993,0.04742167499726268,0.050000000000000044,0.050000000000000044,"{'I': 1, 'W': 0, 'R': 1, 'C': 'free'}",False,True,True,1.0,3
214,2,0.0013581829405562643,0.47670191152045677,0.009128503800254859,1.4052241199290543,1.000172088452197,1.3874424127277594,0.001203790389093018,0.9999989359270213,0.0,0.050000000000000044,0.050000000000000044,0.010986786578872788,0.010986701108998168,0.03732638104085915,0.050000000000000044,0.050000000000000044,"{'I': 1, 'W': 0, 'R': 1, 'C': 'free'}",False,True,True,1.0,3
214,3,0.20010380371816916,0.4349915318973132,0.8430489903174379,2.0884094898311014,1.1361787308807767,1.3037228347966328,0.6830577736594705,0.999999728081047,0.0,0.050000000000000044,0.010000000000000009,0.0031725001965005827,0.0024722644801219,0.003172566367013018,0.050000000000000044,0.010000000000000009,"{'I': 0, 'W': 1, 'R': 0, 'C': 'costly'}",False,True,True,1.0,3
2143,1,0.19069416696660602,0.5636876563322247,0.8900143406427683,1.6150459450651402,1.0724679578625573,1.3586968673555755,0.2951797521544077,0.99999126340538,0.0,0.050000000000000044,0.030000000000000027,0.029311200095106328,0.06008019009427991,0.0953452653698184,0.050000000000000044,0.050000000000000044,"{'I': 1, 'W': 0, 'R': 1, 'C': 'free'}",False,True,True,1.0,3
2143,2,0.01908157910542432,0.6727581013677095,0.09353689112921176,1.4924860723322342,1.003088706009859,1.3661809175634296,0.015301453471619708,0.9999867655998305,0.1,0.050000000000000044,0.050000000000000044,0.0474245950280928,0.029311406674089133,0.5621647546020492,0.25,0.25,"{'I': 1, 'W': 0, 'R': 1, 'C': 'free'}",False,True,True,1.0,3
2143,3,0.22586473712296717,0.7511766198906152,1.2335122428202439,2.682690234094924,1.074656958296336,1.7248529876392207,0.4378643098804289,0.9999999999339823,0.0,0.050000000000000044,0.010000000000000009,0.014061988242673637,0.0066914148828773065,0.008576790674924475,0.050000000000000044,0.050000000000000044,"{'I': 0, 'W': 1, 'R': 0, 'C': 'costly'}",False,True,True,1.0,3
2150,1,0.0022847714397206008,0.5613286508137837,0.006406680043601902,1.8801006899835124,1.0002491299023504,1.5121142701608534,0.0017421727746561588,0.9999982081880956,0.5,0.050000000000000044,0.010000000000000009,0.9706812091852665,0.6791236511079602,0.09534327647456399,0.25,0.050000000000000044,"{'I': 0, 'W': 1, 'R': 0, 'C': 'costly'}",False,True,True,0.0,3
217,1,0.002660348298458886,0.5471814683835875,0.01455796850656027,1.5684118321429035,1.0003185626167128,1.3048874302043034,0.0031800517542802664,0.9999917816259588,0.0,0.050000000000000044,0.050000000000000044,0.029311507479840647,0.09533264512145453,0.22267778488454595,0.050000000000000044,0.25,"{'I': 1, 'W': 0, 'R': 1, 'C': 'free'}",False,True,True,1.0,3
217,2,0.011114582039366327,0.5806883828550671,0.03572334674324703,2.098419772343407,1.0014343950760443,1.3960458959535336,0.009983402852769219,0.9999996983428185,0.05,0.050000000000000044,0.0,0.14804917804598,0.3208009098656363,0.8176896077517457,0.050000000000000044,0.4,"{'I': 1, 'W': 0, 'R': 1, 'C': 'free'}",False,True,True,0.3333333333333333,3
217,3,0.005800057696101446,0.48098021378683914,0.04382797631809537,2.1593641734862326,1.0008609424855652,1.2787420179152575,0.008568797648665694,0.999998952496229,0.05,0.050000000000000044,0.050000000000000044,0.09534713811051646,0.07584910948150518,0.11925159948876726,0.050000000000000044,0.15000000000000002,"{'I': 1, 'W': 0, 'R': 1, 'C': 'free'}",True,True,True,0.0,3
217,4,0.8402585441809535,0.7422202678356292,1.7861657552612236,2.702556444364674,1.9742706705405575,1.7279620563862976,0.9831127148208634,0.9999999999999999,0.05,0.050000000000000044,0.050000000000000044,0.777233502708701,0.22268167070229003,0.1480591947563488,0.09999999999999998,0.09999999999999998,"{'I': 0, 'W': 1, 'R': 0, 'C': 'costly'}",False,True,True,0.0,3
2208,1,0.3023586442688325,0.7550999767535832,1.2345116158442637,2.0754420566264926,1.2171348473952548,1.6954529036139465,0.7923698460268157,0.9999999998617346,0.25,0.050000000000000044,0.050000000000000044,0.11920139178106338,0.11919035656679498,0.7310633597221252,0.25,0.25,"{'I': 1, 'W': 0, 'R': 1, 'C': 'free'}",False,True,True,1.0,3
2208,2,0.12980651901784446,0.8154018449216656,0.2696319629826707,2.4854206687365554,1.029420071791202,1.7199517150085768,0.159680951390053,1.0,0.25,0.050000000000000044,0.050000000000000044,0.22270470517104254,0.09533302995882392,0.22270728031642914,0.5,0.5,"{'I': 1, 'W': 0, 'R': 1, 'C': 'free'}",False,True,True,1.0,3
2208,3,0.10398090981126233,0.7786151335934995,0.4782707705635642,2.064604620677655,1.0199899172098565,1.6489376378928708,0.11197594993810056,1.0,0.25,0.050000000000000044,0.050000000000000044,0.006692447649279481,0.014061655084512445,0.022976992120165997,0.25,0.25,"{'I': 1, 'W': 0, 'R': 1, 'C': 'free'}",True,False,True,0.0,3
2208,4,0.3249546526783651,0.8209875424169905,1.6578084478261628,2.2320311133421558,1.2310771412135249,1.7342024302219272,0.9807433862105335,1.0,0.1,0.050000000000000044,0.050000000000000044,0.0758488664259547,0.037318064546070936,0.07585914377821787,0.19999999999999996,0.25,"{'I': 0, 'W': 1, 'R': 0, 'C': 'costly'}",False,True,True,0.0,3
2226,1,0.015335273405667626,0.4350209082174268,0.10916697208535754,2.0194461861757875,1.0025821235058772,1.3512504929090707,0.020419014357104803,0.9999641094117128,0.0,0.050000000000000044,0.010000000000000009,0.3775300362314727,0.11919448514649363,0.11919305381817197,0.050000000000000044,0.050000000000000044,"{'I': 1, 'W': 0, 'R': 1, 'C': 'free'}",False,True,True,1.0,3
2226,2,0.0022131777008240353,0.4752503848866821,0.009739005072323443,1.9367277846369642,1.0002488814978474,1.2713483867528577,0.0019888239194618684,0.9999582277569968,0.0,0.050000000000000044,0.0,0.014062800275011665,0.014063066160479662,0.01406332824935324,0.050000000000000044,0.09999999999999998,"{'I': 1, 'W': 0, 'R': 1, 'C': 'free'}",False,True,True,1.0,3
2226,3,0.4100608415112804,0.7028947491961849,1.6785127462303753,2.505378310636039,1.2927004739524428,1.6997364694494204,0.9983686306480652,0.9999999999999982,0.1,0.050000000000000044,0.050000000000000044,0.7310698321835147,0.2226992667845059,0.029311683130696018,0.050000000000000044,0.09999999999999998,"{'I': 0, 'W': 1, 'R': 0, 'C': 'costly'}",False,True,True,0.0,3
2261,1,0.05461015954465784,0.6665898544189648,0.2817344502325528,2.4440328547427153,1.0139185997724274,1.607026205621843,0.10468619737843443,1.0,0.0,0.050000000000000044,0.050000000000000044,0.06008336593813023,0.06007569122011789,0.22268272454320287,0.25,0.25,"{'I': 1, 'W': 0, 'R': 1, 'C': 'free'}",False,True,True,1.0,2
2261,2,0.18343855851769397,0.8307404630758959,0.6690302668701871,2.5325357695140234,1.1732749855485567,1.6468391993912366,0.7215151923797576,1.0,0.25,0.050000000000000044,0.050000000000000044,0.07585398768095092,0.060082406425647134,0.6224281689732334,0.25,0.5,"{'I': 1, 'W': 0, 'R': 1, 'C': 'free'}",True,False,True,0.0,2
2261,3,0.09677725429663053,0.8686042568526967,0.4768853342787097,2.3482996919801566,1.0347409924539297,1.8908239781585594,0.15697252772939063,1.0,0.25,0.050000000000000044,0.09999999999999998,0.06008454700237397,0.017985436985185968,0.679174633651706,0.050000000000000044,0.25,"{'I': 1, 'W': 0, 'R': 1, 'C': 'free'}",False,True,True,1.0,2
2261,4,0.3682228622984792,0.8260077310176445,2.1074750541775362,2.5509519281855697,1.1758003304420488,1.7723020212824672,0.7262643403805316,1.0,0.0,0.050000000000000044,0.050000000000000044,0.017985721442040834,0.01098642746474616,0.22270905824610288,0.15000000000000002,0.25,"{'I': 1, 'W': 0, 'R': 1, 'C': 'free'}",True,True,True,0.0,2
2261,5,0.3829128633879519,0.7143873646187108,2.410743618928364,2.3876719614214683,1.3812392184078657,1.6438107523779475,0.8957400067132083,1.0,0.25,0.050000000000000044,0.050000000000000044,0.3775440158674235,0.09534368784013163,0.7773202388092788,0.25,0.5,"{'I': 1, 'W': 0, 'R': 1, 'C': 'free'}",False,True,True,1.0,2
2261,6,0.34230000208847833,0.8195302128296685,1.2306873433116015,2.468803838346044,1.2056260033670987,1.7129809456795626,0.84587469971162,1.0,0.25,0.050000000000000044,0.0,0.562195730307905,0.2688894121684353,0.6224595039871473,0.7,1.0,"{'I': 1, 'W': 0, 'R': 1, 'C': 'free'}",False,True,True,1.0,2
2261,7,0.12956833572148355,0.845715428828419,0.537035472976322,2.635282917795818,1.0351828021790088,1.903276642558434,0.21498010776347376,1.0,0.3,1.0,0.050000000000000044,0.7772739252457876,0.26892314370369513,0.7310762133177898,0.7,0.8,"{'I': 1, 'W': 0, 'R': 1, 'C': 'free'}",True,True,True,0.0,2
2287,1,0.04299943513777059,0.31908093115267655,0.37786039230473495,1.3882759948033079,1.014484105591114,1.1843921813785458,0.12139680971203637,0.9998492586684536,0.0,0.050000000000000044,0.030000000000000027,0.008577072790590952,0.02297498688714125,0.037320738151138386,0.050000000000000044,0.050000000000000044,"{'I': 1, 'W': 0, 'R': 1, 'C': 'free'}",False,True,True,1.0,3
2287,2,0.055129295159093164,0.34151982824163096,0.36971368207999494,1.189612972141159,1.018682420723524,1.284318354977052,0.12152720132172101,0.9999995022812328,0.0,0.050000000000000044,0.0,0.010986751678651211,0.008577023169327224,0.04742449789153888,0.050000000000000044,0.050000000000000044,"{'I': 1, 'W': 0, 'R': 1, 'C': 'free'}",False,True,True,1.0,3
2287,3,0.3426558538780911,0.35856662020443525,0.8362126469167117,1.0553382003855654,1.6494354234631912,1.2448862091660615,0.9698940192915667,0.999898945780066,0.0,0.050000000000000044,0.010000000000000009,0.0229765632990487,0.01098541248027227,0.02931163435050503,0.050000000000000044,0.09999999999999998,"{'I': 1, 'W': 0, 'R': 1, 'C': 'free'}",False,True,True,0.0,3
2287,4,0.12401652704948854,0.25905358909830833,0.8607963536178186,1.8290606812406958,1.1993119844081057,1.1746656962054793,0.954485156829898,0.9999850061124117,0.0,0.050000000000000044,,0.001926384889595594,0.0024712304843389587,0.002472137548269304,0.050000000000000044,0.010000000000000009,"{'I': 0, 'W': 1, 'R': 0, 'C': 'costly'}",False,True,True,0.0,3
2294,1,0.07061751369095379,0.6012433821478742,0.3350777720956303,1.6587325339716978,1.0128537725909483,1.5479621732755402,0.0618630326385301,0.9999999987942317,0.25,,0.050000000000000044,0.9241469178171858,0.7310119478524397,0.49996859330361304,0.25,0.5,"{'I': 1, 'W': 0, 'R': 1, 'C': 'free'}",False,True,True,0.0,3
2294,2,0.3761070747560294,0.7499935179337921,1.4516420487917583,2.250397130021021,1.1801006784229298,1.5068598075494917,0.5630772083650376,0.9999999971653252,0.0,0.050000000000000044,0.0,0.43781848441735743,0.43779136453389084,0.7310697241814025,0.25,0.25,"{'I': 1, 'W': 0, 'R': 1, 'C': 'free'}",False,True,True,1.0,3
2294,3,0.2654822762590784,1.0651291991829481,1.4583336244371765,2.3396305036692193,1.2299619418675185,1.890819160467682,0.8447702569157973,0.999999999999812,0.0,0.050000000000000044,0.0,0.6792118988825279,0.2689036518335019,0.37753695929842096,0.5,0.8,"{'I': 1, 'W': 0, 'R': 1, 'C': 'free'}",False,True,True,1.0,3
2294,4,0.8574574473574504,0.6787699516270206,1.9636174081160627,2.283156510870314,1.8163698635609917,1.5754931497524818,0.9721532655053797,0.9999999994734694,0.0,0.050000000000000044,0.050000000000000044,0.09534725990067337,0.06008263609186116,0.22272277626394169,0.30000000000000004,0.25,"{'I': 1, 'W': 0, 'R': 1, 'C': 'free'}",False,True,True,0.3333333333333333,3
2294,5,0.2492514637154617,0.770136202740776,0.7406101056211738,2.116150940205134,1.0923612181930598,1.6345925710607432,0.4114242544787039,0.9999999993341282,0.0,0.050000000000000044,0.010000000000000009,0.1480222540699838,0.07585183319977569,0.18244098644163595,0.4,0.4,"{'I': 1, 'W': 0, 'R': 1, 'C': 'free'}",False,True,True,0.0,3
2294,6,0.34757194822284737,0.9156674366343261,1.1550575970695476,2.3179587271358293,1.1284056688241146,1.8765732922444422,0.5155951928516751,0.9999999999999982,0.05,0.09999999999999998,,0.22271056037458267,0.09533743234361057,0.3776006316202692,0.4,0.5,"{'I': 1, 'W': 0, 'R': 1, 'C': 'free'}",False,True,True,0.0,3
2294,7,0.24109097461638906,0.8446066488878186,0.6915383226411265,2.1804530249191045,1.0953348615554146,1.7822611101047057,0.5593662006332122,0.9999999999999984,0.0,0.050000000000000044,0.050000000000000044,0.37759138465553804,0.11919731567728237,0.14807768943619148,0.4,0.25,"{'I': 1, 'W': 0, 'R': 1, 'C': 'free'}",False,False,True,0.0,3
2304,1,0.021707379758949683,0.6226828753962894,0.13451245777914897,1.901242945671396,1.0045643718917383,1.397261519951928,0.0313751629716581,0.9999999800344188,0.25,0.050000000000000044,0.050000000000000044,0.1192043631651483,0.11919695523483151,0.14803197641888505,0.25,0.25,"{'I': 1, 'W': 0, 'R': 1, 'C': 'free'}",False,True,True,1.0,3
2304,2,0.03868162498887548,0.89806799292266,0.13434709807514134,2.3663362688936016,1.0074942482665572,1.7818502837018353,0.043809229814493644,1.0,0.25,0.09999999999999998,0.09999999999999998,0.02297694953128475,0.03732494369422889,0.0600881810443364,0.25,0.4,"{'I': 1, 'W': 0, 'R': 1, 'C': 'free'}",False,True,True,1.0,3
2304,3,0.0291354467324546,0.4798511126398259,0.07215053238851882,2.0643223160101467,1.0048807335272665,1.3034913640010846,0.033507779518236025,0.9999982437267342,0.0,0.050000000000000044,0.0,0.014063049000325735,0.010986231921962585,0.09535828347203915,0.050000000000000044,0.25,"{'I': 1, 'W': 0, 'R': 1, 'C': 'free'}",False,True,True,1.0,3
2304,4,0.31701063401085955,0.5066000509175743,1.2135106256345298,2.1015250838684527,1.1686310989071396,1.330944368733533,0.8198857111981855,0.9999999644854909,0.0,0.0,0.050000000000000044,0.02931187180527984,0.02297210851248652,0.06010040553442922,0.050000000000000044,0.09999999999999998,"{'I': 1, 'W': 0, 'R': 1, 'C': 'free'}",False,True,True,0.0,3
2304,5,0.28595933066369306,0.5144055531058032,1.0691904425631402,1.9156001932046829,1.1372063512761448,1.3956966216374982,0.7569095162177603,0.9999998877902251,0.0,0.050000000000000044,0.010000000000000009,0.500005717649227,0.07584646685548527,0.06009488752990591,0.09999999999999998,0.050000000000000044,"{'I': 1, 'W': 0, 'R': 1, 'C': 'free'}",True,False,True,0.0,3
2304,6,0.30793444730712244,0.5889452148684368,0.9395115951541879,1.98050913008862,1.1108634953331287,1.394156331129699,0.6854191001966881,0.9999999838868543,0.1,0.050000000000000044,0.0,0.6791778584438765,0.18223008989079348,0.04742988486612094,0.09999999999999998,0.09999999999999998,"{'I': 1, 'W': 0, 'R': 1, 'C': 'free'}",True,False,True,0.0,3
2304,7,0.12242346637369073,0.8208019353284098,0.9383869631257815,2.4296604210166164,1.082041277587961,1.7164680486064592,0.693562032991192,0.9999999999185926,0.0,0.010000000000000009,0.010000000000000009,0.014061714026169857,0.010983156987178166,0.014059761657237203,0.050000000000000044,0.050000000000000044,"{'I': 0, 'W': 1, 'R': 0, 'C': 'costly'}",False,True,True,1.0,3
2319,1,0.3327959681165721,0.7379208978917356,0.7681320598223919,2.392962938461667,1.211397645542778,1.5307309552852977,0.6166756801084952,0.9999999999990415,0.25,0.050000000000000044,0.030000000000000027,0.2689259391685628,0.11917570626189603,0.148013507369692,0.25,0.25,"{'I': 1, 'W': 0, 'R': 1, 'C': 'free'}",False,True,True,1.0,3
2319,2,0.21303486973236113,0.7674319263470202,0.6762085181911561,2.4047385757250415,1.0896462455068856,1.711216253255958,0.49682878808894626,1.0,0.0,0.0,0.0,0.14804668089983652,0.14800841024124167,0.5000301380615174,0.25,0.4,"{'I': 1, 'W': 0, 'R': 1, 'C': 'free'}",False,True,True,0.0,3
2319,3,0.1423805558099654,0.7132801751810832,0.7232555873358674,2.206946235481171,1.1035338018844347,1.7084956655623087,0.5453105507310735,1.0,0.05,0.050000000000000044,0.050000000000000044,0.07585424597378898,0.03731933614726525,0.14804559135042095,0.050000000000000044,0.25,"{'I': 1, 'W': 0, 'R': 1, 'C': 'free'}",True,False,True,0.0,3
2319,4,0.8431423636262163,0.7089293953001853,1.716524463349532,2.3979221811851295,1.5389208545487558,1.7117991589354913,0.9510800499360024,0.9999999999999996,0.3,0.050000000000000044,0.050000000000000044,0.222709858610037,0.04742148481914324,0.060086768638222994,0.30000000000000004,0.09999999999999998,"{'I': 1, 'W': 0, 'R': 1, 'C': 'free'}",False,True,True,1.0,3
2319,5,0.3053439493708602,0.7178613401536595,1.6385238250607246,2.2728797779767933,1.190675795122729,1.5674573122101738,0.9743943400684312,0.999999999727473,0.1,0.050000000000000044,0.050000000000000044,0.9398870424573097,0.3208215762276232,0.03732710695007265,0.09999999999999998,0.25,"{'I': 0, 'W': 1, 'R': 0, 'C': 'costly'}",False,True,True,0.0,3
2342,1,0.09628382636975268,0.48432742484651436,0.6678875978492052,1.9301223294494843,1.0382697278905784,1.331180047939074,0.25951124833160033,0.9999999888096204,0.0,0.050000000000000044,0.050000000000000044,0.14804169700845216,0.320775936986843,0.22268088022284085,0.25,0.4,"{'I': 1, 'W': 0, 'R': 1, 'C': 'free'}",False,True,True,1.0,2
2342,2,0.046528048877865304,0.46633256517946525,0.27219920311077245,1.7753152174787459,1.0134175883832786,1.2883788355767454,0.07685616127280392,0.9999968535495186,0.0,0.050000000000000044,0.030000000000000027,0.004069977912084933,0.005219988050841233,0.014063231497584082,0.050000000000000044,0.050000000000000044,"{'I': 1, 'W': 0, 'R': 1, 'C': 'free'}",False,True,True,0.5,2
2342,3,0.08331145524993575,0.6809086702775606,0.41619829374692946,2.1503958104698566,1.019084399261048,1.518467122293198,0.14035572677202002,0.9999999999997997,0.0,0.050000000000000044,0.010000000000000009,0.006692789989793922,0.005219403814090718,0.014061409590658547,0.050000000000000044,0.050000000000000044,"{'I': 0, 'W': 1, 'R': 0, 'C': 'costly'}",False,True,True,0.5,2
2382,1,0.15856324128690574,0.5048984251946586,0.5968165732333511,2.2765648252541606,1.0392431404512903,1.394025102270984,0.31949967989197714,0.99999999166613,0.0,0.050000000000000044,0.050000000000000044,0.2226793480256986,0.3207378685303812,0.6791293350822075,0.25,0.75,"{'I': 1, 'W': 0, 'R': 1, 'C': 'free'}",False,True,True,0.3333333333333333,3
2382,2,0.02075105113647215,0.7245189508835489,0.11293453100863203,2.199336725359499,1.0031221620587019,1.5834795741473884,0.03069211455273002,0.9999999896366212,0.0,0.050000000000000044,0.0,0.014063378128202662,0.037322712403398725,0.37751604296012387,0.050000000000000044,1.0,"{'I': 1, 'W': 0, 'R': 1, 'C': 'free'}",False,True,True,0.0,3
2382,3,0.5327714481373677,0.6049939622984597,1.612294638934452,2.3273818777961264,1.3454252776874447,1.5036981045462772,0.8314058494039318,0.9999999952853512,0.3,0.050000000000000044,1.0,0.8519361553381383,0.5621401326812616,0.9770231896003492,0.75,1.0,"{'I': 1, 'W': 0, 'R': 1, 'C': 'free'}",False,True,True,1.0,3
2382,4,0.2589855012408827,0.7681164606481666,1.1524248719055756,2.090116720944589,1.6107653684020287,1.643653803584791,0.9914949442771289,0.9999999999280694,0.0,0.050000000000000044,0.050000000000000044,0.6224598283851973,0.32076956731847067,0.679212128354569,0.30000000000000004,0.6,"{'I': 1, 'W': 0, 'R': 1, 'C': 'free'}",False,True,True,0.0,3
2382,5,0.0888649198909711,0.4796058624996656,0.8232887612132894,1.881505227454642,1.0630731615783051,1.3646713776397668,0.45753907596476107,0.9999995495152364,0.0,0.050000000000000044,0.0,0.5621329273917127,0.3774632485822553,0.7311064308122142,0.09999999999999998,1.0,"{'I': 1, 'W': 0, 'R': 1, 'C': 'free'}",True,False,True,0.0,3
2382,6,0.11610588429078651,0.7517859971756652,0.5905118268834095,2.3625374649625974,1.0308036810681065,1.5994900160931438,0.19133569296566177,0.9999999999845482,0.05,0.09999999999999998,0.0,0.02931091850569813,0.010986145522285324,0.07586677042494017,0.4,1.0,"{'I': 1, 'W': 0, 'R': 1, 'C': 'free'}",False,True,True,0.0,3
2382,7,0.3051995173879512,0.8889178355196804,0.8875429066498172,2.5684237561327516,1.1647703735681516,1.9751818615335688,0.7824310861970696,1.0,0.5,1.0,0.050000000000000044,0.8175862602376069,0.4377513419697713,0.26894564301216384,1.0,1.0,"{'I': 1, 'W': 0, 'R': 1, 'C': 'free'}",False,True,True,0.0,3
2401,1,0.4798004212378401,0.6877516723564655,1.1554401016491727,2.374156887027689,1.2468036257116186,1.5555474398766949,0.7864922694800018,0.9999999999323625,0.3,0.050000000000000044,0.050000000000000044,0.3207978951198216,0.49989347304888765,0.622433578952885,0.25,0.25,"{'I': 1, 'W': 0, 'R': 1, 'C': 'free'}",False,True,True,0.3333333333333333,3
2401,2,0.06636874137267515,0.8763647246043206,0.37572237402621306,2.5017033094864947,1.0207738270716342,1.7738000128669817,0.13404900136981945,1.0,0.15,0.09999999999999998,0.09999999999999998,0.005219650927589681,0.014061685259648368,0.014062946413411114,0.25,0.25,"{'I': 1, 'W': 0, 'R': 1, 'C': 'free'}",False,True,True,0.3333333333333333,3
2401,3,0.7769031121828569,0.8204018881047503,2.3644674123809484,2.514153633323296,1.6034574106643726,1.7150786387632055,0.9910992683311584,1.0,0.3,0.050000000000000044,0.09999999999999998,0.5000417339435178,0.32081916991359216,0.5622123351771078,0.30000000000000004,0.25,"{'I': 1, 'W': 0, 'R': 1, 'C': 'free'}",False,True,True,0.3333333333333333,3
2401,4,0.43091735995135566,0.8402959086310918,0.9335143148628349,2.7092188145415537,1.2766148238987445,1.7519194582712796,0.9130236518712226,1.0,0.5,0.050000000000000044,0.050000000000000044,0.4378249032777646,0.37746158745451924,0.4378782760550081,0.30000000000000004,0.7,"{'I': 1, 'W': 0, 'R': 1, 'C': 'free'}",False,True,True,0.0,3
2401,5,0.2895919758449508,0.8859484562440654,0.6987676693805616,2.5062754489018912,1.1063679481286224,1.7714443949988121,0.6360814915658773,1.0,0.1,0.050000000000000044,0.050000000000000044,0.7310680661525675,0.18240965160274764,0.2227679735657666,1.0,0.25,"{'I': 1, 'W': 0, 'R': 1, 'C': 'free'}",False,True,True,0.0,3
2401,6,0.15951673962801555,1.014997746265607,0.850127093047588,2.4068989526044713,1.10708544766184,1.8354670471183105,0.6384331723648813,0.9999999999986466,0.1,0.09999999999999998,0.0,0.7310906117862616,0.4378107326842102,0.7311504792629766,1.0,1.0,"{'I': 1, 'W': 0, 'R': 1, 'C': 'free'}",True,True,True,0.0,3
2401,7,0.2980086719161837,0.9906355839852655,1.1388617173736664,2.6661509438758193,1.1172041104785073,1.8492695761325868,0.6311861040378758,1.0,0.1,0.050000000000000044,0.050000000000000044,0.1824211727136565,0.2225872206562041,0.5000919528654914,0.30000000000000004,1.0,"{'I': 1, 'W': 0, 'R': 1, 'C': 'free'}",True,True,True,0.0,3
2421,1,0.3238278296761094,0.9037830113417645,1.1112048926094085,1.8697134081501094,1.2487395044779808,1.6847427796246062,0.7362643166327597,0.9999999050580204,0.0,0.050000000000000044,0.010000000000000009,0.017984473978087674,0.04741974686104206,0.11919588215895097,0.050000000000000044,0.25,"{'I': 1, 'W': 0, 'R': 1, 'C': 'free'}",False,True,True,1.0,3
2421,2,0.10605906587831633,0.7088965650688072,0.4342116416665515,1.918489817117442,1.0244849093659967,1.6036214225734247,0.13509858790282014,0.9999999996324512,0.0,0.050000000000000044,0.030000000000000027,0.0031725993410492434,0.0052197190967755045,0.010986436224869105,0.050000000000000044,0.050000000000000044,"{'I': 1, 'W': 0, 'R': 1, 'C': 'free'}",True,False,True,0.0,3
2421,3,0.2308406895638576,0.6288791933608998,0.9425292990256149,2.163012871998513,1.1168696399494455,1.3971887282768498,0.8903647306287699,0.9999999994945533,0.0,0.050000000000000044,0.010000000000000009,0.03732095968438726,0.010985171287958014,0.00406957676539494,0.050000000000000044,0.050000000000000044,"{'I': 0, 'W': 1, 'R': 0, 'C': 'costly'}",False,True,True,0.0,3
2424,1,0.05240054654261249,0.571625338157764,0.21141654839818502,1.8274926881243947,1.009443379217053,1.4617326327952669,0.07243513719520833,0.9999999973278122,0.0,0.050000000000000044,0.050000000000000044,0.017985927243040736,0.037323432909363505,0.09534340782903875,0.050000000000000044,0.25,"{'I': 1, 'W': 0, 'R': 1, 'C': 'free'}",False,True,True,1.0,3
2424,2,0.0502720264537268,0.7588420189527012,0.7237424767770447,2.319435935545799,1.043014567162834,1.6013862040329083,0.5112760277666074,0.9999999999627865,0.0,0.0,0.0,0.0052196919756205854,0.0031721990665249658,0.008576603121688712,0.0,0.0,"{'I': 0, 'W': 1, 'R': 0, 'C': 'costly'}",False,True,True,1.0,3
2434,1,0.355016712646114,0.5631113383603885,1.4156181360154547,2.299574982171899,1.403159258205187,1.4098915744136422,0.9968436760138603,0.9999939951803423,0.3,0.050000000000000044,0.030000000000000027,0.49999155495397274,0.22267071258453452,0.4378101843813599,0.25,0.25,"{'I': 1, 'W': 0, 'R': 1, 'C': 'free'}",False,True,True,1.0,3
2434,2,0.38213633824002785,0.7597274187886779,1.8180105296417821,2.5551760428659205,1.3290117514482238,1.7503365982759185,0.9226891211729509,0.9999999999962564,0.3,0.050000000000000044,0.0,0.04742466183825223,0.04742332219289072,0.11919926610695128,0.25,0.4,"{'I': 1, 'W': 0, 'R': 1, 'C': 'free'}",False,True,True,1.0,3
2434,3,0.2606983683130261,0.812658705492566,0.9343742330037641,2.342935997359402,1.21245372155339,1.6721544581937795,0.8543373217116104,0.9999999999999989,0.1,0.050000000000000044,0.09999999999999998,0.8807830142654451,0.4999387550878462,0.5000010496710188,0.7,0.8,"{'I': 1, 'W': 0, 'R': 1, 'C': 'free'}",False,True,True,0.0,3
2434,4,0.0984845611210954,0.7148850813569743,0.5427335674662674,2.4388356688724895,1.0313915659431923,1.5122441440735277,0.2658847549693736,1.0,0.25,0.050000000000000044,0.050000000000000044,0.0758549019401143,0.037323561018078086,0.09535412179997614,0.7,0.7,"{'I': 1, 'W': 0, 'R': 1, 'C': 'free'}",True,False,True,0.0,3
2434,5,0.18405526509368603,0.9543169006785612,0.6760691194057732,2.3006989017970962,1.0535891162599693,1.860789896145451,0.4066823833113554,1.0,0.05,0.050000000000000044,0.050000000000000044,0.18242180650977538,0.09527749302654351,0.14805118787513036,0.5,0.7,"{'I': 1, 'W': 0, 'R': 1, 'C': 'free'}",True,False,True,0.0,3
2434,6,0.09408889447462133,0.8708665296649887,0.377165386803046,2.5336431025324413,1.0207393231300645,1.6906925183898431,0.18557416695065454,1.0,0.1,0.09999999999999998,0.09999999999999998,0.2689373826383291,0.09533268231570526,0.11920917566471276,0.7,0.5,"{'I': 1, 'W': 0, 'R': 1, 'C': 'free'}",True,False,True,0.0,3
2434,7,0.3997842621517581,0.8956833420028731,1.4328946265498352,2.2334728282289484,1.162754010675129,1.790288020406018,0.7786285865327229,1.0,0.3,0.050000000000000044,0.050000000000000044,0.07585028427897525,0.03732331466230326,0.3208606951943607,0.4,1.0,"{'I': 1, 'W': 0, 'R': 1, 'C': 'free'}",False,True,True,1.0,3
2451,1,0.007104345776258738,0.47461719848153416,0.04084817463275946,1.6710112551404548,1.000890049365093,1.372408652882629,0.006208223390945955,0.9999987747865535,0.0,0.050000000000000044,0.030000000000000027,0.017985721857206274,0.037323862983194074,0.06008217302142742,0.050000000000000044,0.050000000000000044,"{'I': 1, 'W': 0, 'R': 1, 'C': 'free'}",False,True,True,1.0,3
2451,2,0.13761577162479716,0.49415847969367216,0.48005213810601977,1.7195558262443622,1.0518277300648127,1.4150018756587601,0.22325776774551254,0.9999995341937116,0.0,0.050000000000000044,0.050000000000000044,0.0229768905175615,0.01798586924245761,0.222695834354471,0.050000000000000044,0.4,"{'I': 1, 'W': 0, 'R': 1, 'C': 'free'}",False,True,True,1.0,3
2451,3,0.3140778551709903,0.6683098512521252,0.9857798054438536,2.121257795379641,1.1393326670284252,1.6710366292819308,0.6908672246992114,0.9999999999999996,0.05,0.050000000000000044,0.050000000000000044,0.14804659765424674,0.06007117132182641,0.06008264928411667,0.050000000000000044,0.09999999999999998,"{'I': 1, 'W': 0, 'R': 1, 'C': 'free'}",False,True,True,0.0,3
2451,4,0.1958373275086253,0.5318886606675108,0.6424255478944465,2.3258205197597404,1.0483494083402145,1.4747758892400862,0.3461991058867694,0.9999999999997784,0.05,0.050000000000000044,0.050000000000000044,0.320799539387672,0.09531359930506517,0.0600871642131922,0.050000000000000044,0.050000000000000044,"{'I': 1, 'W': 0, 'R': 1, 'C': 'free'}",True,False,True,0.0,3
2451,5,0.22890240963932681,0.6561718400494192,1.3318666845289906,2.247275151218988,1.132414582935561,1.5182963527752869,0.6734490745669104,0.9999999999999969,0.05,0.050000000000000044,0.050000000000000044,0.8176077927359868,0.3206484806163499,0.37762510852910897,0.09999999999999998,0.09999999999999998,"{'I': 1, 'W': 0, 'R': 1, 'C': 'free'}",True,False,True,0.0,3
2451,6,0.14164700353993875,0.5389872958829695,0.668546418478567,2.309560128698597,1.0387675452844185,1.4274905860397875,0.2898752501086259,1.0,0.25,0.050000000000000044,0.09999999999999998,0.6792118265080347,0.3206693580042795,0.4379834400161779,0.09999999999999998,1.0,"{'I': 1, 'W': 0, 'R': 1, 'C': 'free'}",True,False,True,0.0,3
2451,7,0.25208913112497794,0.9345990130379197,1.1521843459585326,2.4031459595464812,1.0893173702875991,1.6729597314283806,0.5369689240064573,0.9999999999933054,0.1,0.050000000000000044,0.050000000000000044,0.8175125351289648,0.37745790323956474,0.222701317882754,0.050000000000000044,0.09999999999999998,"{'I': 1, 'W': 0, 'R': 1, 'C': 'free'}",True,False,True,0.0,3
2474,1,0.010516025592059637,0.5694136738441624,0.04417710024854234,1.8696914895042132,1.0014616489239807,1.3950165148616303,0.015938023144860702,0.9999912959217997,0.0,0.050000000000000044,0.030000000000000027,0.022976797144546146,0.03731522507669322,0.1480365553313766,0.050000000000000044,0.050000000000000044,"{'I': 1, 'W': 0, 'R': 1, 'C': 'free'}",False,True,True,1.0,3
2474,2,0.014538963199204736,0.8581586456704342,0.09235381167002849,2.3588852398280613,1.0025339408829814,1.8073208399460488,0.027454185473654857,0.9999999999710563,0.0,0.050000000000000044,0.030000000000000027,0.008576640578261066,0.004069580399171803,0.00857660393906117,0.050000000000000044,0.050000000000000044,"{'I': 1, 'W': 0, 'R': 1, 'C': 'free'}",True,False,True,0.0,3
2474,3,0.023419565538653618,0.786221888084399,0.1718123348908405,2.1934062467457065,1.0046054852036936,1.5128161947080017,0.04928793825090516,0.9999999918787557,0.0,0.050000000000000044,0.010000000000000009,0.017984052516935446,0.006691943412308068,0.022975896541453104,0.050000000000000044,0.09999999999999998,"{'I': 1, 'W': 0, 'R': 1, 'C': 'free'}",True,False,True,0.0,3
2474,4,0.20414947320912252,0.7872165288859064,1.0444811525606448,2.6632909980951793,1.1604077280937697,1.7022593430905157,0.8053370668555827,0.9999999999990302,0.0,0.050000000000000044,0.010000000000000009,0.07585114892876521,0.0179836107509675,0.07585497680895394,0.050000000000000044,0.050000000000000044,"{'I': 1, 'W': 0, 'R': 1, 'C': 'free'}",True,False,True,0.0,3
2474,5,0.33884031797028596,0.6870355957918377,1.3258385323618094,2.2819555416922643,1.2111927586740312,1.5249662961246049,0.9737609593420004,0.9999999943338383,0.05,0.010000000000000009,0.010000000000000009,0.005219783752242771,0.003172393143973243,0.004069799331256988,0.050000000000000044,0.050000000000000044,"{'I': 0, 'W': 1, 'R': 0, 'C': 'costly'}",False,True,True,1.0,3
2498,1,0.006450435142620652,0.6448058815420925,0.03669671546121448,1.9225997577854752,1.000842840098021,1.3740596085032828,0.005042156085832139,0.999994301137075,0.5,0.050000000000000044,0.030000000000000027,0.9859471859814878,0.9046416296091724,0.03732452586248611,0.25,0.050000000000000044,"{'I': 1, 'W': 0, 'R': 1, 'C': 'free'}",False,True,True,0.0,3
2498,2,0.021038163968541555,0.7252754350964825,0.11080901611901597,2.3462723697217944,1.0041925291161489,1.5852993461764135,0.024790139610738282,0.9999999999997529,0.0,0.050000000000000044,0.0,0.06008419002440531,0.11919036307598709,0.2227252303043298,0.050000000000000044,0.09999999999999998,"{'I': 1, 'W': 0, 'R': 1, 'C': 'free'}",False,True,True,1.0,3
2498,3,0.09496816563400769,0.990126021931516,0.30442650636836754,2.699118793152123,1.0239698877804515,1.8584015480770721,0.13248521000703284,1.0,0.0,0.050000000000000044,0.050000000000000044,0.0758543831113835,0.07584056929924061,0.14806022657498144,0.050000000000000044,0.09999999999999998,"{'I': 1, 'W': 0, 'R': 1, 'C': 'free'}",True,False,True,0.0,3
2498,4,0.33758478357826943,0.5450471390156313,0.8783796102059913,2.014911934889741,1.1714957918829476,1.3859371458306595,0.7181135912564304,0.9999958909097963,0.0,0.050000000000000044,0.050000000000000044,0.03732434945461602,0.022972362175240558,0.03732589027881377,0.050000000000000044,0.09999999999999998,"{'I': 1, 'W': 0, 'R': 1, 'C': 'free'}",False,True,True,0.0,3
2498,5,0.14363238642456452,1.1282447236677657,0.34163734998729867,2.5230812627994506,1.0317822940041712,2.3236322539900955,0.17115833419878757,1.0,0.0,0.050000000000000044,0.050000000000000044,0.11920093890474784,0.06007711803149054,0.11920283635310865,0.09999999999999998,0.09999999999999998,"{'I': 1, 'W': 0, 'R': 1, 'C': 'free'}",False,True,True,1.0,3
2498,6,0.1348224905152766,0.9348845211333177,0.8041285970771174,2.327972793129002,1.065978362272183,1.6565043907363337,0.5642163425371036,0.9999995600383212,0.0,0.050000000000000044,0.010000000000000009,0.003172174180578661,0.0031717025111390666,0.0052191910951437616,0.050000000000000044,0.050000000000000044,"{'I': 0, 'W': 1, 'R': 0, 'C': 'costly'}",False,True,True,1.0,3
2501,1,0.274245849788423,0.6658311521544439,0.9577879428249775,2.3884503397784846,1.1671253303667342,1.6926027204500143,0.6043647022257339,1.0,0.25,0.050000000000000044,0.050000000000000044,0.03732651969916738,0.06008066192520808,0.3775113392699193,0.25,0.5,"{'I': 1, 'W': 0, 'R': 1, 'C': 'free'}",False,True,True,1.0,3
2501,2,0.05126851902475898,0.8689585300601427,0.3789050631543886,2.4183003397279585,1.016713695913054,1.8669366587548333,0.12418856954158675,1.0,0.25,0.09999999999999998,0.30000000000000004,0.14805123238378384,0.1480440864325475,0.3208373045307223,0.5,1.0,"{'I': 1, 'W': 0, 'R': 1, 'C': 'free'}",False,True,True,1.0,3
2501,3,0.26270123686033053,0.9678416722094075,1.5815471620734969,2.7323476150003922,1.1443410872662354,1.8155361377488106,0.7028330020412468,1.0,0.3,0.050000000000000044,0.050000000000000044,0.5621928236115584,0.49994331107750417,0.5622003744885874,0.30000000000000004,0.25,"{'I': 1, 'W': 0, 'R': 1, 'C': 'free'}",False,True,True,0.6666666666666666,3
2501,4,0.24755154812735003,0.6321461893309871,1.510405571031892,2.303714894218714,1.132011942168702,1.5044633868984614,0.774166742825711,0.999999999989946,0.3,0.050000000000000044,0.050000000000000044,0.8176073621744168,0.562153764235593,0.5622317982111098,1.0,1.0,"{'I': 1, 'W': 0, 'R': 1, 'C': 'free'}",False,False,True,0.6666666666666666,3
2501,5,0.2594299504197566,1.0106709183528368,1.5186343944523424,2.5952451903172826,1.187166359219893,1.9436175077323457,0.8723969596951324,1.0,0.3,0.050000000000000044,0.19999999999999996,0.7310709962400745,0.5621434529990559,0.32083653131762974,0.8,0.8,"{'I': 1, 'W': 0, 'R': 1, 'C': 'free'}",True,False,True,0.0,3
2501,6,0.09952863657110465,0.7934194180612465,0.7395760881923569,2.2799307028501343,1.067030356316177,1.756521611008115,0.5409302248272667,1.0,0.25,0.050000000000000044,0.0,0.22271913864593035,0.14801266568429106,0.11920834346348992,0.7,0.8,"{'I': 1, 'W': 0, 'R': 1, 'C': 'free'}",False,True,True,0.3333333333333333,3
2501,7,0.18377212896599138,0.8533029850669158,0.8187804246072412,2.244053770990315,1.0793440019972589,1.7869186802835944,0.5999802717200668,1.0,0.5,1.0,0.050000000000000044,0.6225014594186131,0.18241522954557524,0.43787499549338793,0.8,0.8,"{'I': 1, 'W': 0, 'R': 1, 'C': 'free'}",False,True,True,0.0,3
251,1,0.004792477159809537,0.553773934934087,0.018578223056738903,1.9185230961952995,1.0005404879991633,1.4268445654247301,0.003775249675348036,0.9999980588308583,0.0,0.050000000000000044,0.030000000000000027,0.006692758411544728,0.014062768480584499,0.01406289158643544,0.050000000000000044,0.050000000000000044,"{'I': 1, 'W': 0, 'R': 1, 'C': 'free'}",False,True,True,1.0,3
251,2,0.16180071409249122,0.9903792201903587,0.9544820547565124,2.647070939308151,1.0839019989853005,1.877021944242111,0.4310555315630563,0.9999999999999998,0.0,0.050000000000000044,0.050000000000000044,0.03732513031109298,0.07585345256950192,0.09534875609405463,0.050000000000000044,0.25,"{'I': 1, 'W': 0, 'R': 1, 'C': 'free'}",True,False,True,0.0,3
251,3,0.356580384426119,1.099507925369842,1.4607073277131217,2.6332017287697203,1.1729765789280295,2.0013420409372875,0.6726784371375756,1.0,0.0,0.050000000000000044,0.050000000000000044,0.14804887095537753,0.09534069265902811,0.26894442458629336,0.050000000000000044,0.25,"{'I': 1, 'W': 0, 'R': 1, 'C': 'free'}",True,False,True,0.0,3
251,4,0.29879564266980374,0.856661787832931,1.1015528048171022,2.55140767768382,1.253684667023542,1.6024483047659186,0.7945615169050132,0.9999999999999999,0.05,0.050000000000000044,0.050000000000000044,0.26894792760932723,0.14804307763506988,0.3208331635156504,0.050000000000000044,0.25,"{'I': 1, 'W': 0, 'R': 1, 'C': 'free'}",True,False,True,0.0,3
251,5,0.137698767339628,0.5102516715910184,1.7215466918812865,2.443386877728396,1.0955832561896133,1.357064731272649,0.9927698195000404,1.0,0.05,0.010000000000000009,0.010000000000000009,0.005220129609257362,0.0040698172578434505,0.010986673212442396,0.050000000000000044,0.050000000000000044,"{'I': 0, 'W': 1, 'R': 0, 'C': 'costly'}",False,True,True,1.0,3
2521,1,0.6568630442035279,0.46460378367898614,2.113734570142368,1.509843758491094,1.590628588562096,1.330955116595217,0.9755966342249937,0.9998936418252611,0.25,0.050000000000000044,0.050000000000000044,0.9046520867159376,0.4377533557113231,0.5621160431016411,0.4,0.25,"{'I': 1, 'W': 0, 'R': 1, 'C': 'free'}",False,True,True,1.0,3
2521,2,0.06844663373896177,0.8503073636607645,0.3920711980037769,2.4013438608364717,1.0151239029311758,1.6485744720095328,0.08612736054807035,0.9999999999999971,0.0,0.050000000000000044,0.0,0.022977222399363267,0.022975007808781273,0.1480359284865778,0.25,0.4,"{'I': 1, 'W': 0, 'R': 1, 'C': 'free'}",False,True,True,1.0,3
2521,3,0.24587814972699806,0.7587945427521018,0.9532629682733623,2.4601065286295487,1.1314645987578542,1.6816251549777446,0.6709732048818255,0.9999999994439639,0.1,0.050000000000000044,0.050000000000000044,0.014063212022538182,0.014062350859115742,0.11922200280240264,0.050000000000000044,0.25,"{'I': 1, 'W': 0, 'R': 1, 'C': 'free'}",False,True,True,1.0,3
2521,4,0.13542037958844133,0.6535275571313758,0.9248491840233433,2.0061338405250306,1.0700610151104977,1.496403269044482,0.4563453307352394,0.9999997770788037,0.1,0.050000000000000044,0.050000000000000044,0.11920626775981864,0.047418654313957594,0.43789580862722643,0.19999999999999996,0.25,"{'I': 1, 'W': 0, 'R': 1, 'C': 'free'}",False,True,True,0.0,3
2521,5,0.06648982462723402,0.7203659742552292,0.3487823905091974,2.146398023438774,1.0139577029966227,1.6104323299107526,0.11728308249086461,0.9999999999999999,0.2,0.050000000000000044,0.050000000000000044,0.07586160435317474,0.014062654825923249,0.09534913679434497,0.09999999999999998,0.25,"{'I': 1, 'W': 0, 'R': 1, 'C': 'free'}",False,True,True,0.0,3
2521,6,0.4400933025868528,0.668447603218677,0.8095699887169677,2.3015596292818032,1.6440991270558176,1.4572301231039937,0.9493671926645156,0.9999999999501429,0.1,0.050000000000000044,0.050000000000000044,0.09533146213386748,0.060074523138655855,0.5622652378884415,0.19999999999999996,1.0,"{'I': 1, 'W': 0, 'R': 1, 'C': 'free'}",False,True,True,0.0,3
2521,7,0.10879593766988344,0.8470887425162665,0.3479413238649275,2.2469796993343816,1.024010089731706,1.8226627165623555,0.1326895382543528,1.0,0.1,0.050000000000000044,0.050000000000000044,0.022973991725981146,0.005219690470355755,0.010986647386916511,0.19999999999999996,0.19999999999999996,"{'I': 1, 'W': 0, 'R': 1, 'C': 'free'}",True,False,True,0.0,3
2543,1,0.46658861399190965,0.4251481121739555,1.2959465919728548,2.2294979503814334,1.4527537068626535,1.26418820936729,0.9653045863518551,0.9998290119393869,0.0,0.050000000000000044,0.050000000000000044,0.4378427779246902,0.6223924346295839,0.32082607693042575,0.25,0.09999999999999998,"{'I': 1, 'W': 0, 'R': 1, 'C': 'free'}",False,True,True,1.0,1
2543,2,0.06083582488548647,1.0100290370038476,0.30795629620673326,2.539449898428415,1.0141816068387126,2.0740581873214357,0.11903545439647667,1.0,0.3,0.09999999999999998,0.30000000000000004,0.14805848398981014,0.182398698421384,0.37758910751896024,0.30000000000000004,0.7,"{'I': 1, 'W': 0, 'R': 1, 'C': 'free'}",False,True,True,1.0,1
2543,3,0.5349772913440959,0.8651708602147857,1.3528390757070312,2.212934358723162,1.3080738207286802,1.8921881780534082,0.9478751033913665,1.0,0.2,0.050000000000000044,0.0,0.8176119093866537,0.6224117675949432,0.5000616055469288,0.30000000000000004,1.0,"{'I': 1, 'W': 0, 'R': 1, 'C': 'free'}",False,True,True,0.0,1
2543,4,0.17248355565176976,0.5853007529371491,0.9884004053762134,2.4905203672094154,1.0683976215323474,1.416952942306499,0.4486799494671715,0.9999999988250219,0.05,0.050000000000000044,0.050000000000000044,0.01798551007021249,0.03732463047655576,0.1192067938889412,0.25,0.25,"{'I': 1, 'W': 0, 'R': 1, 'C': 'free'}",False,True,True,1.0,1
2543,5,0.2294532525383288,0.6423089597870831,1.305736959389493,2.341121094920589,1.1438646411800186,1.602853670267547,0.898227323057324,0.9999999999999989,0.05,0.050000000000000044,0.050000000000000044,0.017984453404945144,0.008576417525902765,0.010987403207916892,0.09999999999999998,0.050000000000000044,"{'I': 0, 'W': 1, 'R': 0, 'C': 'costly'}",False,True,True,1.0,1
2544,1,0.06680001014280465,0.4838492839962712,0.48421673288104977,1.9572351653608513,1.026466679545723,1.3093774299152576,0.1885885148199794,0.9999991822364128,0.0,0.050000000000000044,0.050000000000000044,0.037326042150748175,0.09533294416754237,0.11919630054525786,0.25,0.25,"{'I': 1, 'W': 0, 'R': 1, 'C': 'free'}",False,True,True,1.0,3
2544,2,0.1384773148808355,0.350545552833279,0.48140511284566895,1.5394766392566235,1.0595578944237742,1.1911800191935826,0.3329979654192976,0.9999670895817278,0.0,0.050000000000000044,0.050000000000000044,0.010986815051176782,0.0052198617593713,0.07585511459765791,0.050000000000000044,0.050000000000000044,"{'I': 1, 'W': 0, 'R': 1, 'C': 'free'}",False,True,True,1.0,3
2544,3,0.30407322223216926,0.3483130158272726,0.9212749337461027,1.3899645027376066,1.288189594711128,1.2141325022397562,0.8301202973654922,0.9999658101276638,0.0,0.050000000000000044,0.010000000000000009,0.03732528308569111,0.010986211881164727,0.037328352490106326,0.050000000000000044,0.09999999999999998,"{'I': 1, 'W': 0, 'R': 1, 'C': 'free'}",True,False,True,0.0,3
2544,4,0.7837184618843717,0.6464335566161883,1.2663230556896585,2.317817666411111,1.6782517599179534,1.6300197542442751,0.9552433747523338,0.9999999999999999,0.0,0.050000000000000044,0.050000000000000044,0.060076968772148326,0.00857605719779345,0.010987069768639572,0.050000000000000044,0.050000000000000044,"{'I': 0, 'W': 1, 'R': 0, 'C': 'costly'}",False,True,True,1.0,3
2545,1,0.42717998798662,0.7398465981688332,0.995113181096619,2.0818471820472904,1.1338781343141442,1.6124190377520573,0.5294543993953602,0.9999999988020201,0.05,0.050000000000000044,0.050000000000000044,0.11920103615358357,0.18241225278970824,0.5621638331338117,0.25,0.25,"{'I': 1, 'W': 0, 'R': 1, 'C': 'free'}",False,True,True,1.0,3
2545,2,0.20120987336656898,1.0142913223116181,0.5779814421556846,2.2186828999881394,1.2853646490763193,1.8986991882867776,0.8657886675508862,1.0,0.15,0.09999999999999998,0.0,0.06008635968057263,0.09534268413300022,0.06008676632472208,0.25,0.4,"{'I': 1, 'W': 0, 'R': 1, 'C': 'free'}",False,True,True,0.3333333333333333,3
2545,3,0.20293786207708644,0.8731564674432972,0.6429831851236236,2.4842205259137162,1.0849862222836477,1.7859962615620242,0.5200654780557612,1.0,0.1,0.050000000000000044,0.09999999999999998,0.37756392612717116,0.1824267021005935,0.22272244469154825,0.30000000000000004,0.25,"{'I': 1, 'W': 0, 'R': 1, 'C': 'free'}",False,True,True,0.0,3
2545,4,0.3187993033003047,0.7729100597997518,0.7893861167744244,1.9694511686254823,1.1718926087086037,1.7750913918481728,0.760111370107552,0.9999999999807908,0.0,0.050000000000000044,0.0,0.6792009601511961,0.18242281742113434,0.18243469915634025,0.19999999999999996,0.25,"{'I': 1, 'W': 0, 'R': 1, 'C': 'free'}",True,False,True,0.0,3
2545,5,0.22813066701287718,0.9101483221354498,0.6042411247617727,2.3476446993490523,1.0771643737409264,1.8418009695784292,0.44824770098948374,1.0,0.25,0.050000000000000044,0.050000000000000044,0.500023065733127,0.18242397348746697,0.1824515186660455,0.30000000000000004,0.5,"{'I': 1, 'W': 0, 'R': 1, 'C': 'free'}",True,True,True,0.0,3
2545,6,0.09275960630199977,0.7892561669019177,0.6746172149872933,2.4521007727101853,1.131033008458024,1.7083951334543466,0.626579838606877,1.0,0.25,0.09999999999999998,0.09999999999999998,0.03732853304269367,0.047424235999793805,0.07586656164846659,0.25,0.5,"{'I': 1, 'W': 0, 'R': 1, 'C': 'free'}",False,True,True,0.3333333333333333,3
2545,7,0.04107203702166107,1.1206210524800462,0.23354276034922017,2.5897277371921055,1.0099617555154174,2.1329339704634656,0.07623698220123909,1.0,0.3,0.050000000000000044,0.050000000000000044,0.09534686202437613,0.07585591758786611,0.11920861673032639,0.09999999999999998,1.0,"{'I': 1, 'W': 0, 'R': 1, 'C': 'free'}",True,False,True,0.0,3
2547,1,0.28611102655470655,0.46315944933453596,1.1610865165061772,2.0809104920836283,1.1882261449375175,1.35155374012953,0.5778133662238261,0.9999982488071395,0.25,0.050000000000000044,0.010000000000000009,0.3208165043553779,0.2689235878594962,0.060083831600593836,0.25,0.25,"{'I': 1, 'W': 0, 'R': 1, 'C': 'free'}",False,True,True,0.0,3
2547,2,0.40549789568113526,0.6169326943241562,1.8247713908139673,2.385720630368563,1.376236517191339,1.5493351893377052,0.9842605339397152,0.9999999999983745,0.0,1.0,0.7,0.817541634748575,0.49995732229131845,0.26893775546977056,0.9,0.8,"{'I': 0, 'W': 1, 'R': 0, 'C': 'costly'}",False,True,True,0.0,3
2559,1,0.050560006163313,0.5239592177921708,0.32606580298873833,1.7193666185900698,1.0132171278065696,1.2673874541600445,0.08781622877656492,0.9999815427315849,0.0,0.050000000000000044,0.030000000000000027,0.03732601502337315,0.04742255765998946,0.09534148680383776,0.050000000000000044,0.050000000000000044,"{'I': 1, 'W': 0, 'R': 1, 'C': 'free'}",False,True,True,1.0,3
2559,2,0.1716383576082842,0.5894707792947278,0.9044472212493512,2.0728559814538023,1.0544518895928285,1.3641696662298473,0.44190833500434157,0.9999997537087555,0.1,0.050000000000000044,0.050000000000000044,0.03732712819177778,0.010986624582009987,0.06008566706310479,0.050000000000000044,0.19999999999999996,"{'I': 1, 'W': 0, 'R': 1, 'C': 'free'}",False,True,True,0.6666666666666666,3
2559,3,0.12101273780160082,0.8261564872513583,0.9143609864231442,2.5944021469966723,1.0515809292557416,1.7311639951324245,0.6692799169917273,1.0,0.05,0.050000000000000044,0.050000000000000044,0.01098675377046365,0.010985385450859728,0.014063251026958523,0.050000000000000044,0.09999999999999998,"{'I': 0, 'W': 1, 'R': 0, 'C': 'costly'}",False,True,True,0.3333333333333333,3
2562,1,0.03130131816095412,0.4232086744228766,0.12784199752526632,1.7285675183179448,1.0057041198650287,1.2738892219803926,0.039033173927503384,0.9998358427283507,0.0,0.050000000000000044,0.050000000000000044,0.04742579520972557,0.11919408038068204,0.2227007962315852,0.050000000000000044,0.050000000000000044,"{'I': 1, 'W': 0, 'R': 1, 'C': 'free'}",False,True,True,1.0,3
2562,2,0.010055987524881424,0.7441200244925728,0.0343839494896525,1.9032329262002463,1.0014358618901318,1.7528846249402037,0.008572040897701583,0.9999999999892576,0.05,0.050000000000000044,0.050000000000000044,0.060087484283411104,0.060084189506882116,0.03732836784047077,0.050000000000000044,0.050000000000000044,"{'I': 1, 'W': 0, 'R': 1, 'C': 'free'}",False,True,True,1.0,3
2562,3,0.18804037492489092,0.8065331109077994,0.833094743838458,1.947707333782179,1.0690682877218092,1.8905102357886994,0.3301658000793928,0.9999999949576962,0.05,0.050000000000000044,0.050000000000000044,0.09535207937293214,0.029311083014534507,0.02931159312030977,0.050000000000000044,0.050000000000000044,"{'I': 1, 'W': 0, 'R': 1, 'C': 'free'}",False,True,True,0.0,3
2562,4,0.2542405009376991,0.6257232117827551,0.503254319730651,1.9324030955060318,1.0744075020322754,1.692198852200361,0.30151861015786763,0.9999999999475571,0.05,0.050000000000000044,0.050000000000000044,0.01798533568202961,0.00857687374175435,0.014063461813272568,0.050000000000000044,0.050000000000000044,"{'I': 0, 'W': 1, 'R': 0, 'C': 'costly'}",False,True,True,0.3333333333333333,3
2563,1,0.41664199343339936,0.9292924369468533,1.4101848792051865,2.13813754381554,1.1900761973552787,1.7745372680429836,0.6479929301508582,0.9999999999998884,0.0,0.050000000000000044,0.050000000000000044,0.9241451971898827,0.62241733902063,0.268930834290193,0.5,0.25,"{'I': 1, 'W': 0, 'R': 1, 'C': 'free'}",False,True,True,1.0,3
2563,2,0.48818154513200057,0.8392680891805196,1.3027925638655184,2.5767675396041314,1.3711629068885403,1.6257074038312065,0.9773571376129934,0.9999999999999928,0.0,0.0,0.030000000000000027,0.9914177555540042,0.9398913857626197,0.5621889011885269,1.0,1.0,"{'I': 0, 'W': 1, 'R': 0, 'C': 'costly'}",False,True,True,0.0,3
26,1,0.2031790485937325,0.7124996713224558,0.6680653580260216,2.488190968314615,1.0655682084790528,1.6674812897289757,0.316855664413334,0.9999993942507949,0.0,0.050000000000000044,0.050000000000000044,0.004069962160048636,0.014062408957529119,0.047422000749378974,0.050000000000000044,0.050000000000000044,"{'I': 1, 'W': 0, 'R': 1, 'C': 'free'}",False,True,True,1.0,3
26,2,0.005301169901067036,0.5758633017583746,0.026866709547794694,2.2710734946060893,1.00076298541325,1.4398449945751643,0.004565712228797536,0.9999630887074976,0.0,0.0,0.0,0.9820162271464982,0.9706821428887614,0.008577285048164374,0.050000000000000044,0.050000000000000044,"{'I': 1, 'W': 0, 'R': 1, 'C': 'free'}",False,True,True,0.0,3
26,3,0.16415895731924735,0.6461371819616664,0.6706072018366721,2.48356866350948,1.0536892924088148,1.4952544815562805,0.2693244092552962,0.9999992326896544,0.0,0.050000000000000044,0.0,0.002472523826172461,0.0085770681907074,0.022977569216686745,0.050000000000000044,0.050000000000000044,"{'I': 1, 'W': 0, 'R': 1, 'C': 'free'}",True,True,True,0.0,3
26,4,1.0202711189174014,0.4167053495977741,2.122899396030201,2.339987583613937,2.4520048240710692,1.2874646418756714,0.988717810277005,0.9999999874380335,1.0,0.0,0.010000000000000009,0.9859049299779248,0.9858595107476944,0.01798459637249038,1.0,0.050000000000000044,"{'I': 0, 'W': 1, 'R': 0, 'C': 'costly'}",False,True,True,0.0,3
2609,1,0.009439432149427517,0.5718823337562569,0.05248544193553108,2.0745598270569245,1.0015591954842191,1.3909903680947724,0.009304331531769794,0.9999997446767557,0.0,0.050000000000000044,0.030000000000000027,0.07585529814014835,0.07585250613836428,0.11919359879492977,0.25,0.25,"{'I': 1, 'W': 0, 'R': 1, 'C': 'free'}",False,True,True,1.0,3
2609,2,0.31081699849728267,0.8060422013058188,1.2765923909095822,2.279531201586843,1.1057044534551057,1.800381182682393,0.5951925740927052,0.9999999999998295,0.3,0.30000000000000004,0.30000000000000004,0.7310509055226359,0.43780254851595046,0.9046486771428897,0.5,0.75,"{'I': 1, 'W': 0, 'R': 1, 'C': 'free'}",False,True,True,0.6666666666666666,3
2609,3,0.3416261005719539,1.137775634339533,0.7220711855269355,2.4998487555300977,1.1469465962266678,2.002192600674591,0.5607206190452185,0.9999999999999865,0.5,0.050000000000000044,0.9,0.9241428322022696,0.731046152375446,0.7310561516131622,0.8,0.9,"{'I': 1, 'W': 0, 'R': 1, 'C': 'free'}",False,True,True,0.3333333333333333,3
2609,4,0.27290160774303857,0.9816723504572086,1.8890314997814643,2.6009969393928722,1.1520890239736727,1.983419738933127,0.789305319960216,1.0,0.3,0.050000000000000044,0.7,0.4378273616337068,0.3775291437030405,0.731097267749,0.7,0.8,"{'I': 1, 'W': 0, 'R': 1, 'C': 'free'}",False,True,True,0.0,3
2609,5,1.1429661889121563,1.0235767451186952,2.6936592859689585,2.732165946388796,2.6579689747592985,2.0683557118929428,0.9799644914330279,1.0,0.9,1.0,0.95,0.985937403461263,0.9820121176492539,0.9399168168001297,0.8,0.8,"{'I': 0, 'W': 1, 'R': 0, 'C': 'costly'}",False,True,True,0.0,3
2611,1,0.24465207440976813,0.7692506849920575,1.1896991469579954,2.338358557095349,1.1640746472138135,1.5151419507137855,0.6547496041498524,0.9999999736390878,0.0,0.050000000000000044,0.030000000000000027,0.014063194753870537,0.029308014252599348,0.04742201532833071,0.050000000000000044,0.050000000000000044,"{'I': 1, 'W': 0, 'R': 1, 'C': 'free'}",False,True,True,1.0,3
2611,2,0.005598383100410331,0.6898459681167411,0.02684328503103881,2.2729791963057777,1.0007727074355848,1.55598371564989,0.005392272579203494,0.9999999999333604,0.1,0.050000000000000044,0.0,0.010986763764439906,0.022973707815469122,0.09534290411251166,0.25,0.4,"{'I': 1, 'W': 0, 'R': 1, 'C': 'free'}",False,True,True,1.0,3
2611,3,0.12326447493330632,0.8936701890109024,1.3616942984617595,2.862075090040709,1.056542914935327,1.8356417698925627,0.5617793189128492,1.0,0.15,0.050000000000000044,0.050000000000000044,0.02931183357413437,0.029305399980523034,0.06008516619245215,0.050000000000000044,0.25,"{'I': 1, 'W': 0, 'R': 1, 'C': 'free'}",False,True,True,0.3333333333333333,3
2611,4,0.2800269136899649,0.9706991800944414,1.9767828831522405,2.5109170199794333,1.2713840970761576,1.9974275836840258,0.9727197480036988,1.0,0.3,0.050000000000000044,0.050000000000000044,0.6224825838107335,0.11919245220729759,0.029310549618546806,0.30000000000000004,0.25,"{'I': 1, 'W': 0, 'R': 1, 'C': 'free'}",True,False,True,0.0,3
2611,5,0.035708783354944415,0.744115361843937,0.3901815479461231,2.3414131611592417,1.00851418919189,1.6558327812893348,0.1194179931521937,0.9999999999999964,0.0,0.050000000000000044,0.050000000000000044,0.5621881362099552,0.09534064105404144,0.18245217917477066,0.4,0.30000000000000004,"{'I': 1, 'W': 0, 'R': 1, 'C': 'free'}",True,False,True,0.0,3
2611,6,0.21156356721341624,0.9287249853527413,1.0232868496498237,2.5255921937017254,1.1240204547783346,1.9255415854040263,0.5588558766245306,1.0,0.05,0.050000000000000044,0.050000000000000044,0.26895153536426253,0.060072111179243444,0.0474272989589522,0.30000000000000004,0.25,"{'I': 1, 'W': 0, 'R': 1, 'C': 'free'}",True,True,True,0.0,3
2611,7,0.6092426418063442,0.7530168513202137,2.644895011017869,2.5070630827736817,1.4524225621162297,1.6935191453391185,0.9998129915173785,0.9999999999999987,0.1,0.050000000000000044,0.050000000000000044,0.029311902290836772,0.0373191001238473,0.22271189235560473,0.19999999999999996,0.25,"{'I': 0, 'W': 1, 'R': 0, 'C': 'costly'}",False,True,True,0.6666666666666666,3
2646,1,0.013419865494869081,0.7236334064572149,0.05395181152424835,2.419312291768809,1.0019514955702744,1.7514625720735493,0.013554456864026343,0.9999999994366643,0.0,0.050000000000000044,0.030000000000000027,0.075855926961425,0.18240599806499733,0.0758547746890123,0.25,0.050000000000000044,"{'I': 1, 'W': 0, 'R': 1, 'C': 'free'}",False,True,True,1.0,3
2646,2,0.0013019929383410935,0.6352710128100797,0.004737395273410332,1.9015738411118601,1.0001405479247356,1.494223553488003,0.0008428728757376991,0.999999999977057,0.0,0.050000000000000044,0.0,0.008577273364775088,0.01798545818113724,0.01406334541232031,0.050000000000000044,0.4,"{'I': 1, 'W': 0, 'R': 1, 'C': 'free'}",False,True,True,1.0,3
2646,3,0.5538520541973173,0.5201160704555577,1.7828572017111555,2.29139252955164,1.5882370770985987,1.4759248425712794,0.9902085570749161,1.0,0.1,0.050000000000000044,0.010000000000000009,0.029312343768272773,0.06007550684720748,0.00857723932180905,0.050000000000000044,0.050000000000000044,"{'I': 1, 'W': 0, 'R': 1, 'C': 'free'}",False,True,True,0.0,3
2646,4,0.2056907679302451,0.5410687391985061,0.8475758552302448,1.9967120292459308,1.0735645224319563,1.5045626526257412,0.5082793029676651,0.9999999999773336,0.25,0.050000000000000044,0.050000000000000044,0.06008527893768569,0.1191902310042337,0.02297724230361949,0.19999999999999996,0.25,"{'I': 1, 'W': 0, 'R': 1, 'C': 'free'}",True,False,True,0.0,3
2646,5,0.32919736954837964,0.8289509922227785,1.6489802761807622,2.6284441010897437,1.3216422927450546,1.7500186363179115,0.9385020380913958,1.0,0.2,0.050000000000000044,0.050000000000000044,0.18246128153259294,0.11916944291602755,0.07587385471747778,0.19999999999999996,0.25,"{'I': 1, 'W': 0, 'R': 1, 'C': 'free'}",False,False,True,0.0,3
2646,6,0.17454694728902093,0.6079460256280284,0.5927387853958301,2.174766589692773,1.054863562233779,1.5877031026130548,0.4138117742798134,1.0,0.25,0.050000000000000044,0.050000000000000044,0.22270979116493403,0.11917771443192263,0.07586325594833918,0.19999999999999996,0.09999999999999998,"{'I': 1, 'W': 0, 'R': 1, 'C': 'free'}",True,False,True,0.0,3
2646,7,0.16746295957629775,0.6692310037858685,0.6363724890887758,2.3672858754002526,1.0533326146754391,1.651872155475357,0.4052359856241785,1.0,0.25,0.050000000000000044,0.050000000000000044,0.04742598987690952,0.029299212254409766,0.008577214662003453,0.050000000000000044,0.09999999999999998,"{'I': 1, 'W': 0, 'R': 1, 'C': 'free'}",True,False,True,0.0,3
2648,1,0.02883961133360578,0.4793491828546253,0.13671630312704416,1.711470998846801,1.0058885170747032,1.3029225921091931,0.03461421962111788,0.99999695276114,0.0,0.050000000000000044,0.050000000000000044,0.07585641525423494,0.11919617008035706,0.5621418399763255,0.25,0.5,"{'I': 1, 'W': 0, 'R': 1, 'C': 'free'}",False,True,True,1.0,3
2648,2,0.0036980674691232665,0.7645131111197709,0.012502317828366681,1.9213856667506781,1.0004491375481388,1.6567585979721662,0.003138322151967854,0.999999987215975,0.0,0.050000000000000044,0.0,0.006692858740880396,0.005219933099406776,0.010986798440388352,0.050000000000000044,0.050000000000000044,"{'I': 1, 'W': 0, 'R': 1, 'C': 'free'}",False,True,True,1.0,3
2648,3,0.3813929600168666,0.5474284792231573,1.0414575953292065,1.9329902752792085,1.1356411553769774,1.4811909886839745,0.6385310337980405,0.999963346756798,0.0,0.050000000000000044,0.0,0.02297726987533319,0.006692648054259237,0.010986883119068938,0.050000000000000044,0.050000000000000044,"{'I': 1, 'W': 0, 'R': 1, 'C': 'free'}",False,True,True,0.0,3
2648,4,0.06939579683066642,0.7205105641946168,0.24417546295693482,2.3111516854695977,1.0124112385073727,1.5943388802392184,0.0939663241990698,0.9999999680466478,0.0,0.050000000000000044,0.010000000000000009,0.006692703720487061,0.005219481103785504,0.01798607270197557,0.050000000000000044,0.050000000000000044,"{'I': 1, 'W': 0, 'R': 1, 'C': 'free'}",True,False,True,0.0,3
2648,5,0.030747751543944997,0.612720131341114,0.10359767874852566,2.1894029560903463,1.0045729385519284,1.5296173478760442,0.03584201744909499,0.999999903204853,0.0,0.050000000000000044,0.010000000000000009,0.008577201866971577,0.005219655774914687,0.01798569073927279,0.09999999999999998,0.050000000000000044,"{'I': 1, 'W': 0, 'R': 1, 'C': 'free'}",True,False,True,0.0,3
2648,6,0.0860006898637976,0.966050729885544,0.2553107683568515,2.560163478271063,1.017625461955815,2.0847886504097803,0.1304465534498438,1.0,0.0,0.050000000000000044,0.0,0.09537255771289653,0.09533042346117812,0.07586178267606056,0.09999999999999998,1.0,"{'I': 1, 'W': 0, 'R': 1, 'C': 'free'}",True,False,True,0.0,3
2648,7,0.045150802100918624,0.7975994175440798,0.11185415525428692,2.370663854319657,1.0076858684537584,1.612188846989178,0.05941368718953144,0.9999996283734656,0.0,0.050000000000000044,0.050000000000000044,0.03732543154919741,0.07585050464578481,0.09535632689840917,0.050000000000000044,0.09999999999999998,"{'I': 1, 'W': 0, 'R': 1, 'C': 'free'}",True,False,True,0.0,3
2662,1,0.13001371471339743,0.47146387896497194,0.7393999649464347,1.739340140910645,1.0866880146781686,1.3654554601929838,0.5267876116814789,0.9999994012669507,0.0,0.050000000000000044,0.050000000000000044,0.0600839901872339,0.11919101611978515,0.0600821369933059,0.050000000000000044,0.25,"{'I': 1, 'W': 0, 'R': 1, 'C': 'free'}",False,True,True,1.0,3
2662,2,0.047897302371634566,1.1450916615353368,0.3768048134635082,2.2840487283929267,1.0138732426358272,2.2650612075874084,0.10436572158125124,0.9999999999991541,0.0,0.050000000000000044,0.0,0.07585426848328405,0.14803285733723626,0.11920010346030356,0.4,1.0,"{'I': 1, 'W': 0, 'R': 1, 'C': 'free'}",False,True,True,0.0,3
2662,3,0.10574717088601482,0.827903376070503,0.709561256316682,2.330366365710115,1.0666178498445578,1.602973922842276,0.4752994411449444,1.0,0.25,0.050000000000000044,0.09999999999999998,0.014063101134832872,0.017984299145931228,0.014063268164249725,0.30000000000000004,0.25,"{'I': 1, 'W': 0, 'R': 1, 'C': 'free'}",False,True,True,0.0,3
2662,4,0.022202221126207487,1.0552325752057472,0.16602301897788976,2.760194986578511,1.0050243496282785,1.9264094871663042,0.03930102224249621,1.0,0.0,0.050000000000000044,0.7,0.01798472144590491,0.029308590332423428,0.07585984191082756,0.19999999999999996,0.8,"{'I': 1, 'W': 0, 'R': 1, 'C': 'free'}",False,True,True,1.0,3
2662,5,0.1420593961690001,1.0199137089395063,0.7080974528400765,2.4511913478141367,1.0618439930082029,2.0053112648767617,0.3812513224040168,1.0,0.0,0.050000000000000044,0.050000000000000044,0.029310961154168227,0.022975421465760613,0.02931164282916908,0.09999999999999998,0.25,"{'I': 1, 'W': 0, 'R': 1, 'C': 'free'}",True,False,True,0.0,3
2662,6,0.20147514105738634,0.6791222078040917,0.7657271296190379,2.4719002306766815,1.1402587742500687,1.6032793647723833,0.7308677315713525,1.0,0.25,0.050000000000000044,0.0,0.18242884639062498,0.1191997318726838,0.0373271075087246,0.09999999999999998,0.5,"{'I': 1, 'W': 0, 'R': 1, 'C': 'free'}",True,True,True,0.0,3
2662,7,0.09947296126092038,0.960980585353756,0.7200732026446194,2.3879389830860593,1.0348067859355032,1.94051709215115,0.2897564150205383,1.0,0.1,0.050000000000000044,0.050000000000000044,0.09535324187968411,0.1480436226784362,0.14805141881406117,0.09999999999999998,0.75,"{'I': 1, 'W': 0, 'R': 1, 'C': 'free'}",True,False,True,0.0,3
2672,1,0.016258953062352175,0.6109750000904289,0.06070212978640938,1.6852886386060562,1.0021939439148162,1.5694981421860381,0.015223714710252967,0.9999999940014519,0.25,0.050000000000000044,0.050000000000000044,0.07585647685097464,0.0953336835637245,0.14804069414232737,0.25,0.050000000000000044,"{'I': 1, 'W': 0, 'R': 1, 'C': 'free'}",False,True,True,1.0,3
2672,2,0.1851622516860106,0.48937179213757837,0.7667677044682777,2.390194919340465,1.1533173435084405,1.389061435762511,0.7230122303502481,1.0,0.05,0.050000000000000044,0.050000000000000044,0.017985197906861844,0.029305171666031127,0.022976003921754688,0.050000000000000044,0.050000000000000044,"{'I': 1, 'W': 0, 'R': 1, 'C': 'free'}",False,True,True,0.6666666666666666,3
2672,3,0.0924145506272836,0.5839583378311332,0.5819669703737084,2.3949114253142207,1.0283589627183192,1.3506050505369174,0.42838285127670817,0.9999999994598856,0.05,0.050000000000000044,0.0,0.005219998455709584,0.005219841010086523,0.008577085079558304,0.050000000000000044,0.050000000000000044,"{'I': 0, 'W': 1, 'R': 0, 'C': 'costly'}",False,True,True,1.0,3
2674,1,0.0021613442118081573,0.5536576626507171,0.007112887946950481,1.9183847748606253,1.0002330475391745,1.40624178654427,0.001397145409205991,0.9999988043610759,0.0,0.050000000000000044,0.050000000000000044,0.06008639843695997,0.1191971659748682,0.029310233771048876,0.25,0.25,"{'I': 1, 'W': 0, 'R': 1, 'C': 'free'}",False,True,True,1.0,3
2674,2,0.1257405538578225,0.7796814624726663,0.7178286259833006,2.1888830337647516,1.0295321521824186,1.6246824709517906,0.20771636236861402,0.9999999999994037,0.0,0.0,0.0,0.03732506930597557,0.037319283388789086,0.02931210008742181,0.050000000000000044,0.050000000000000044,"{'I': 1, 'W': 0, 'R': 1, 'C': 'free'}",False,True,True,1.0,3
2674,3,0.47306436780852257,0.556230345661909,2.13162588640273,1.700260334957194,1.2261864538756995,1.4588553171887504,0.8043193474705322,0.9999999970395044,0.05,0.050000000000000044,0.010000000000000009,0.03732570745649084,0.04742004377391183,0.02931265263199963,0.050000000000000044,0.09999999999999998,"{'I': 1, 'W': 0, 'R': 1, 'C': 'free'}",False,True,True,0.0,3
2674,4,0.6216052991876232,0.8737525515470861,2.2461217862603666,2.5025330980635982,1.5767159449084538,1.87237942165766,0.989469102043606,0.999999999999955,0.05,0.050000000000000044,0.050000000000000044,0.09535450546869224,0.06007841598506013,0.09536915869281704,0.050000000000000044,0.050000000000000044,"{'I': 1, 'W': 0, 'R': 1, 'C': 'free'}",False,True,True,0.0,3
2674,5,0.3796030321485758,0.8833134323858995,1.5747427875622446,2.4455873893010973,1.1303312540940416,1.9208171274433392,0.7062738328188347,0.9999999999999933,0.05,0.050000000000000044,0.010000000000000009,0.0474269339925666,0.017983139948655805,0.029314257807741956,0.09999999999999998,0.050000000000000044,"{'I': 1, 'W': 0, 'R': 1, 'C': 'free'}",True,False,True,0.0,3
2674,6,0.2342831232729674,0.6909689457312689,1.4167271192229465,2.300792117121012,1.1634915659858494,1.6781460120220115,0.8109379486792104,0.9999999982953315,0.1,0.050000000000000044,0.050000000000000044,0.37755992090512763,0.06007283872751616,0.07586561833710817,0.25,0.09999999999999998,"{'I': 1, 'W': 0, 'R': 1, 'C': 'free'}",False,False,True,0.0,3
2674,7,0.14904674810269056,0.7170826762128184,0.827283439534979,2.3429732839937,1.0738378897164975,1.5955513915327346,0.4733143490561581,0.9999999999997372,0.0,0.050000000000000044,0.050000000000000044,0.18241695710891145,0.060074560942751605,0.06009363497892969,0.050000000000000044,0.25,"{'I': 1, 'W': 0, 'R': 1, 'C': 'free'}",False,False,True,0.0,3
2679,1,0.21298209872586038,0.8703845145903758,0.7443081807347489,2.603884076043568,1.1215544396367647,1.7797138248270337,0.43649443965530743,1.0,0.05,0.050000000000000044,0.0,0.9241412695399386,0.7772597667731089,0.7773190320915709,0.25,0.25,"{'I': 1, 'W': 0, 'R': 1, 'C': 'free'}",False,True,True,0.6666666666666666,3
2679,2,0.06286866906954033,0.8406965597413607,0.26401503553287,2.2155308967510203,1.011803210603329,1.7180848016662196,0.05698253906631323,0.9999999999218224,0.05,0.09999999999999998,0.0,0.14804099908053692,0.22263033841268076,0.8807988708771395,0.25,0.4,"{'I': 1, 'W': 0, 'R': 1, 'C': 'free'}",True,False,True,0.0,3
2679,3,0.14678178408723158,1.0581415444223898,0.8940728024445971,2.195658613230641,1.1628146837060955,2.0076906557371075,0.6521224129926948,0.999999999999997,0.1,0.050000000000000044,0.0,0.09534861868787788,0.22265469332200763,0.4378406719585728,0.25,1.0,"{'I': 1, 'W': 0, 'R': 1, 'C': 'free'}",False,True,True,1.0,3
2679,4,0.2680060216310275,1.105022883801082,0.837469560878152,2.529725078881769,1.3574411888162305,2.1615234838385793,0.8822521895452871,1.0,0.1,0.050000000000000044,0.050000000000000044,0.047422113230067696,0.03730877804068242,0.22271396549037215,0.050000000000000044,0.25,"{'I': 1, 'W': 0, 'R': 1, 'C': 'free'}",False,True,True,0.3333333333333333,3
2679,5,0.25551159747827606,0.4992079944426032,0.7828974418399676,2.2456910930894045,1.1917728734287703,1.417008471094359,0.6509890731949015,0.9999999999999662,0.1,0.050000000000000044,0.050000000000000044,0.06007827488449251,0.11918188270907631,0.22270137736669818,0.09999999999999998,0.30000000000000004,"{'I': 1, 'W': 0, 'R': 1, 'C': 'free'}",False,True,True,1.0,3
2679,6,0.06556669976505042,0.6811974310568724,0.3746063576188484,2.3271931067581026,1.0181354288060576,1.5882890333005963,0.14935168035725677,1.0,0.2,0.050000000000000044,0.09999999999999998,0.148057750144689,0.32077324256464496,0.5001523374706937,0.30000000000000004,0.30000000000000004,"{'I': 1, 'W': 0, 'R': 1, 'C': 'free'}",False,True,True,0.3333333333333333,3
2679,7,0.04592271940979087,0.7788718348179761,0.13056185622216604,2.4692875080504284,1.0082275504695273,1.5532886463710698,0.0710914629857462,0.9999999999999954,0.1,0.050000000000000044,0.050000000000000044,0.2227254346535931,0.18241316695761603,0.3776877860947827,0.30000000000000004,0.7,"{'I': 1, 'W': 0, 'R': 1, 'C': 'free'}",False,True,True,0.0,3
2702,1,0.5593970951178436,0.5070013433036329,2.1548581183089883,1.5688872670372482,1.781595202586881,1.4203838623949585,0.9901479246801049,0.9999999941103348,0.15,0.050000000000000044,0.050000000000000044,0.4999920140265985,0.49996796213615446,0.18241480481956093,0.19999999999999996,0.25,"{'I': 1, 'W': 0, 'R': 1, 'C': 'free'}",False,True,True,1.0,3
2702,2,0.363123704468389,0.9252433187983012,1.158179635702857,2.341465365711481,1.1933217157692868,1.7699338068081405,0.7098001438305308,0.9999999999995999,0.1,0.0,0.050000000000000044,0.3208116262809237,0.11919476708267988,0.1480469375711626,0.25,0.4,"{'I': 1, 'W': 0, 'R': 1, 'C': 'free'}",False,True,True,1.0,3
2702,3,0.3076479935375217,0.6861356461450335,1.819128359754631,2.2504668093503453,1.3456093434782472,1.5241071900574028,0.8748107488669794,0.99999999892294,0.0,0.050000000000000044,0.0,0.008577131168990206,0.006692501959931976,0.01798555171986352,0.050000000000000044,0.09999999999999998,"{'I': 1, 'W': 0, 'R': 1, 'C': 'free'}",True,False,True,0.0,3
2702,4,0.3332215337612794,0.7328094193881414,1.0033368459251972,2.078277723079506,1.1115371846842552,1.6230096704282813,0.5708510712155598,0.9999999999997597,0.15,0.050000000000000044,0.050000000000000044,0.1480505531310834,0.0758519924225064,0.32083869272973486,0.19999999999999996,0.25,"{'I': 1, 'W': 0, 'R': 1, 'C': 'free'}",False,True,True,1.0,3
2702,5,0.024105915514000428,0.592575374115525,0.14833919414625846,2.027299438281244,1.0046506382092033,1.499812900394262,0.03643839964545059,0.9999999999589029,0.0,0.050000000000000044,0.010000000000000009,0.02297640332493938,0.029309116422316685,0.07586186516359138,0.09999999999999998,0.09999999999999998,"{'I': 1, 'W': 0, 'R': 1, 'C': 'free'}",True,False,True,0.0,3
2702,6,0.013364068384584213,0.5035729871471626,0.06774885559348749,1.8905676172919812,1.002107228253107,1.4565987392215707,0.016699087593255446,0.9999999349805797,0.0,0.09999999999999998,0.09999999999999998,0.029310898409633586,0.06008047337366894,0.14805148356481296,0.09999999999999998,0.09999999999999998,"{'I': 1, 'W': 0, 'R': 1, 'C': 'free'}",True,False,True,0.0,3
2702,7,0.07301092474704662,0.7812259854208478,0.32800447694573975,2.5115884562562445,1.0179991495914216,1.707590638840568,0.1329968439817648,1.0,0.1,0.050000000000000044,0.050000000000000044,0.4377980265724536,0.18240097642352596,0.4378425065791788,0.4,1.0,"{'I': 1, 'W': 0, 'R': 1, 'C': 'free'}",True,False,True,0.0,3
2705,1,0.6620511573186204,0.5434847430105862,1.5891296851119154,2.2534761968265324,1.9111692030300538,1.5486423420062867,0.9991951601404013,0.9999999996819879,0.25,0.050000000000000044,0.050000000000000044,0.3208307775004307,0.22266613251827364,0.6224339707636901,0.25,0.25,"{'I': 1, 'W': 0, 'R': 1, 'C': 'free'}",False,True,True,1.0,2
2705,2,0.012042640384222435,1.1700282379262301,0.03370575768236154,2.6648949293934217,1.001589988852577,2.3027340862938455,0.007912163534320116,1.0,0.3,0.09999999999999998,0.30000000000000004,0.06008711224829903,0.11918230023003631,0.268968013897542,0.30000000000000004,0.7,"{'I': 1, 'W': 0, 'R': 1, 'C': 'free'}",False,True,True,0.0,2
2705,3,0.25771905854014276,0.894197686559606,1.2806937465001282,2.3672465280590105,1.1704836144979363,1.709180760262317,0.792820578643335,0.9999999999999992,0.1,0.050000000000000044,0.09999999999999998,0.9046539692202746,0.320796951056829,0.2689893028860113,0.7,1.0,"{'I': 1, 'W': 0, 'R': 1, 'C': 'free'}",False,True,True,0.0,2
2705,4,0.2073595787892653,0.9213080900781552,0.7141690918333259,2.6396276614996097,1.085207068930023,1.9590099762038082,0.5585577878161596,1.0,0.5,0.9,0.7,0.9859372903175767,0.8175595053096281,0.9626817898088935,1.0,0.8,"{'I': 1, 'W': 0, 'R': 1, 'C': 'free'}",True,False,True,0.0,2
2705,5,0.4147996071247467,1.0365634959146242,1.4381358352068094,2.5596522644209174,1.362665210034004,2.191831730172692,0.7871595545514816,1.0,0.0,0.050000000000000044,0.19999999999999996,0.18242720406464838,0.07585023214092844,0.43786057469139694,1.0,0.8,"{'I': 1, 'W': 0, 'R': 1, 'C': 'free'}",True,True,True,0.0,2
2705,6,0.30781429264840054,1.0073701302246707,1.1410624462481544,2.49970525321369,1.217197196857363,1.8834531751586694,0.859915345056176,0.9999999999999999,0.0,1.0,0.8,0.924132234579075,0.6791431737167125,0.8807966899392393,1.0,0.9,"{'I': 0, 'W': 1, 'R': 0, 'C': 'costly'}",False,True,True,0.0,2
2711,1,0.14592831788084562,0.4607192294574826,0.816945488509682,1.8713433883011097,1.0468505304658766,1.3419612633171647,0.2742162206650851,0.9999999996474331,0.0,0.050000000000000044,0.010000000000000009,0.07585493110423012,0.047419784589239795,0.022975632297744214,0.050000000000000044,0.010000000000000009,"{'I': 1, 'W': 0, 'R': 1, 'C': 'free'}",False,True,True,1.0,3
2711,2,0.05254801457214374,0.7079712932511429,0.24684887808698577,2.516489590396173,1.012812818926889,1.6718403398112744,0.0852642056272046,1.0,0.0,0.050000000000000044,0.050000000000000044,0.22270155848968304,0.06008288861730588,0.09534479614191907,0.050000000000000044,0.050000000000000044,"{'I': 1, 'W': 0, 'R': 1, 'C': 'free'}",False,True,True,1.0,3
2711,3,0.08853526440542349,0.7129067732075222,0.4456854449556024,2.398762327873551,1.0234016574545226,1.5686389058638686,0.2931809271898934,0.9999999999970883,0.0,0.050000000000000044,0.010000000000000009,0.0024724888377393645,0.0031721541166268644,0.005219299467873299,0.050000000000000044,0.010000000000000009,"{'I': 0, 'W': 1, 'R': 0, 'C': 'costly'}",False,True,True,1.0,3
2733,1,1.262289692016548,0.5975476827393058,2.7774950579403597,2.3162918437349034,2.702955897644825,1.306772528597313,0.9999822265619922,0.9999827892354519,0.5,0.050000000000000044,0.030000000000000027,0.9046753502364724,0.6791309595190235,0.3208028447189967,0.25,0.050000000000000044,"{'I': 1, 'W': 0, 'R': 1, 'C': 'free'}",False,True,True,0.0,3
2733,2,0.022496953098897418,0.8806378124243297,0.050553865536838355,2.3447926569550344,1.003230818596724,2.0499886725972845,0.019167584513289038,1.0,0.1,0.0,0.0,0.04742340314069844,0.07584947260883988,0.2227249931678246,0.4,1.0,"{'I': 1, 'W': 0, 'R': 1, 'C': 'free'}",False,True,True,0.0,3
2733,3,1.033191571520062,0.680724661528365,2.764618319887858,2.382945399425526,2.388434055118609,1.5798253076659179,1.0,1.0,,0.9,0.0,0.9890098530354045,0.9525602619487966,0.6791920823473584,1.0,0.9,"{'I': 1, 'W': 0, 'R': 1, 'C': 'free'}",True,False,True,0.0,3
2733,4,0.2830154778890766,0.8794504519856409,0.8302740343690662,2.4021160999538798,1.0941067625901897,1.891467027070735,0.5548947891964685,0.9999999999976317,0.0,0.050000000000000044,0.050000000000000044,0.09534928188186992,0.1191974638709947,0.32081243314102453,0.09999999999999998,0.9,"{'I': 1, 'W': 0, 'R': 1, 'C': 'free'}",False,True,True,1.0,3
2733,5,0.6734408544600632,0.9722735310810146,1.7843418701718883,2.7226480206892405,1.7407191287593664,1.929923269506295,0.9374313923048913,1.0,0.0,0.050000000000000044,0.0,0.22267429852402554,0.09529611960386004,0.3775960798946018,1.0,1.0,"{'I': 0, 'W': 1, 'R': 0, 'C': 'costly'}",False,True,True,0.3333333333333333,3
2748,1,0.09974860440692587,0.3010008792060042,0.8597424842285017,1.7643822140730816,1.1010617489633603,1.2120074312183693,0.6532060039438589,0.9990141523060249,0.0,0.050000000000000044,0.0,0.029311750560694343,0.06008147895216461,0.222686829042809,0.050000000000000044,0.050000000000000044,"{'I': 1, 'W': 0, 'R': 1, 'C': 'free'}",False,True,True,1.0,3
2748,2,0.10683849868068303,0.5843226796326078,0.8203470853270657,2.039595320049773,1.0427539480714438,1.487274400795149,0.6770834951408853,0.9999999975987086,0.0,0.0,0.0,0.010985571083321197,0.00857563396298054,0.01798442360487391,0.050000000000000044,0.050000000000000044,"{'I': 0, 'W': 1, 'R': 0, 'C': 'costly'}",False,True,True,1.0,3
2766,1,0.09845613624014118,0.3939058632286317,0.4364424862612242,1.271675198632947,1.0235085828812605,1.2081284728688608,0.15011614778773952,0.9999215949546336,0.0,0.050000000000000044,0.030000000000000027,0.06008549687475214,0.060083468937210886,0.06008384900373156,0.050000000000000044,0.050000000000000044,"{'I': 1, 'W': 0, 'R': 1, 'C': 'free'}",False,True,True,1.0,3
2766,2,0.055613751005238146,0.513524680520591,0.26578232774079985,1.6206016327986295,1.010078399807937,1.2920271471647882,0.06778859431995388,0.9999542484212302,0.0,0.050000000000000044,0.050000000000000044,0.010986598152406463,0.014062870941026243,0.022977231768795285,0.050000000000000044,0.050000000000000044,"{'I': 1, 'W': 0, 'R': 1, 'C': 'free'}",False,True,True,1.0,3
2766,3,0.2903274067679984,0.47619420289115244,0.7895607945417045,1.643073210476411,1.1806552395354404,1.434012783012373,0.7756675440175944,0.9999999998628615,0.05,0.050000000000000044,0.050000000000000044,0.029310586862246236,0.017985364911479264,0.06008821240530637,0.050000000000000044,0.09999999999999998,"{'I': 1, 'W': 0, 'R': 1, 'C': 'free'}",False,True,True,0.3333333333333333,3
2766,4,0.06562439741686558,0.3504299193581109,0.28666082195049036,1.3168620946679592,1.0151273937268652,1.3991627273280811,0.12639507910053904,0.9999785109743035,0.0,0.050000000000000044,0.050000000000000044,0.06008306865075645,0.04741773186775385,0.04742961527059213,0.050000000000000044,0.050000000000000044,"{'I': 1, 'W': 0, 'R': 1, 'C': 'free'}",True,False,True,0.0,3
2766,5,0.12894385578955894,0.54710723005758,0.752310521491325,2.2160860447781756,1.1261212858967817,1.3675230447410134,0.6566528143591273,0.999999701367803,0.1,0.050000000000000044,0.010000000000000009,0.2227206165618963,0.0758435278034086,0.11923150859215555,0.09999999999999998,0.09999999999999998,"{'I': 1, 'W': 0, 'R': 1, 'C': 'free'}",False,True,True,0.3333333333333333,3
2766,6,0.17224850363952926,0.6245732978310387,0.6943874772491159,2.056503583164616,1.1232925964756129,1.5254545074573662,0.6487923787863112,0.9999999999999047,0.1,0.050000000000000044,0.050000000000000044,0.3775421926435526,0.18239584831346178,0.14805512842142649,0.30000000000000004,0.19999999999999996,"{'I': 1, 'W': 0, 'R': 1, 'C': 'free'}",False,True,True,0.0,3
2766,7,0.1346282546584287,0.9302923732341388,0.6431869655951528,2.6169160901319968,1.0552388920430478,1.9829257913513312,0.38362800717228607,1.0,0.1,0.050000000000000044,0.050000000000000044,0.622476972848792,0.2689337920655004,0.37757211616109093,0.4,0.25,"{'I': 1, 'W': 0, 'R': 1, 'C': 'free'}",True,False,True,0.0,3
2767,1,0.5005009437309014,0.7841090338114393,0.9049384521914993,2.66091139482653,1.2162148501930412,1.7404109327995316,0.5429551787681517,0.9999999999996937,0.3,0.050000000000000044,0.050000000000000044,0.5621554949238398,0.26889123400512627,0.3208056836992606,0.5,0.5,"{'I': 1, 'W': 0, 'R': 1, 'C': 'free'}",False,True,True,1.0,3
2767,2,0.3359597908942412,0.6890263488826721,0.9960674400355056,2.6041670351652524,1.2496417970402078,1.531235312536791,0.8654356197528909,0.9999999986878392,0.0,0.010000000000000009,0.0,0.005219415112106795,0.0040693248906743034,0.0040697371006909065,0.050000000000000044,0.010000000000000009,"{'I': 0, 'W': 1, 'R': 0, 'C': 'costly'}",False,True,True,1.0,3
280,1,0.2639007022698228,0.6953864851932832,0.9448772759370304,2.115063688767106,1.31412657524701,1.4984247892604534,0.744839167788627,0.9999999999025442,0.0,0.050000000000000044,0.050000000000000044,0.07585550463601431,0.1191805614368555,0.499977057253173,0.050000000000000044,0.75,"{'I': 1, 'W': 0, 'R': 1, 'C': 'free'}",False,True,True,1.0,3
280,2,0.18435794758291552,0.7389302941672745,0.7521813694877084,2.3949178056846594,1.0544735978775877,1.6515680827991395,0.23295393077746018,1.0,0.05,0.050000000000000044,0.0,0.11920092190988756,0.09534486943291702,0.7310781359658004,0.25,0.75,"{'I': 1, 'W': 0, 'R': 1, 'C': 'free'}",True,False,True,0.0,3
280,3,0.40844204089077185,0.9413790101724298,1.6628282630347038,2.383655039068585,1.5251396952669425,1.9101252275890548,0.9903707130685824,0.999999999999775,0.0,0.050000000000000044,0.8,0.22271086544939742,0.11919752861802187,0.970687825132208,0.09999999999999998,1.0,"{'I': 1, 'W': 0, 'R': 1, 'C': 'free'}",False,True,True,1.0,3
280,4,0.10969520966635565,0.9203284586458823,0.7012734586497218,2.3646923797409687,1.0458475114062875,1.9109583469997644,0.38927182035623453,0.9999999998567128,0.0,0.050000000000000044,0.050000000000000044,0.01406309035721982,0.02297600768537287,0.320815218154756,0.09999999999999998,1.0,"{'I': 1, 'W': 0, 'R': 1, 'C': 'free'}",True,False,True,0.0,3
280,5,0.21908380579961573,0.7967965512136836,0.9752900673017981,2.413194087710927,1.0827128097409564,1.5085979049144065,0.5827907056315736,0.9999999998491805,0.0,1.0,0.010000000000000009,0.8808116153146432,0.7310184432760571,0.9525797012096389,1.0,1.0,"{'I': 1, 'W': 0, 'R': 1, 'C': 'free'}",False,True,True,0.0,3
280,6,0.037221416519660475,0.8309696836381496,0.16603131604311253,2.2846695416716494,1.006268328414558,1.747194012528329,0.03076077641055508,0.9999999999999971,0.1,0.050000000000000044,0.050000000000000044,0.0373258583996882,0.029310379196256488,0.14805960033738,0.09999999999999998,0.09999999999999998,"{'I': 1, 'W': 0, 'R': 1, 'C': 'free'}",False,True,True,1.0,3
280,7,0.10751397928238682,0.8356275532720808,0.16521454471361965,2.565183501915261,1.0222940136217034,1.649922742426796,0.1043859215861559,0.9999999999970185,0.0,0.050000000000000044,0.010000000000000009,0.006692021648851771,0.0024723444956938345,0.003172485707858606,0.050000000000000044,0.050000000000000044,"{'I': 0, 'W': 1, 'R': 0, 'C': 'costly'}",False,True,True,1.0,3
2811,1,0.008201862685968802,0.6226764229677593,0.0500478782230734,2.4641339383323406,1.0010481087437115,1.5821282921565412,0.008345460568377927,0.9999999932221738,0.0,0.050000000000000044,0.050000000000000044,0.01406330395802665,0.060083393174496166,0.09534217058485052,0.25,0.25,"{'I': 1, 'W': 0, 'R': 1, 'C': 'free'}",False,True,True,1.0,3
2811,2,0.3234954419752193,1.0188746482103976,1.4737198768598878,2.2023933776956124,1.3469126256451587,1.9426434063125946,0.9491131273974268,0.9999999999999721,0.3,0.050000000000000044,0.050000000000000044,0.6224960056666439,0.14803409409103951,0.8519597478005017,0.25,0.5,"{'I': 1, 'W': 0, 'R': 1, 'C': 'free'}",False,True,True,1.0,3
2811,3,0.4301113497783782,0.9937385708270665,1.9793621591347537,2.617990005968029,1.2998178648548393,1.9473393676395931,0.9570057893470357,1.0,0.5,1.0,1.0,0.8808036721019277,0.6224042509097225,0.8175808393602739,0.75,0.9,"{'I': 1, 'W': 0, 'R': 1, 'C': 'free'}",False,True,True,0.6666666666666666,3
2811,4,0.1612561422368412,0.9884203576273674,0.8074240167020224,2.1755396523093893,1.096241636169929,1.7928138962909053,0.601032912050427,0.9999999999999635,0.25,0.050000000000000044,0.050000000000000044,0.37756773152950845,0.14802520819508264,0.5000317459023889,0.7,0.8,"{'I': 1, 'W': 0, 'R': 1, 'C': 'free'}",False,True,True,0.6666666666666666,3
2811,5,0.22504569036218616,0.8767741552530245,1.0367326518973696,2.586591156092129,1.0619568583923482,1.6840545222664287,0.4518098099542034,0.9999999999999989,0.3,1.0,1.0,0.8519944161900038,0.4999338828172149,0.4378320653882509,0.8,0.8,"{'I': 1, 'W': 0, 'R': 1, 'C': 'free'}",True,False,True,0.0,3
2811,6,0.33367314913951285,0.8915689558919478,1.3192216836510773,2.8138200591139433,1.4151546781265427,1.8304554536990851,0.875497941578437,1.0,0.3,0.09999999999999998,1.0,0.060085604610368534,0.11919494774417128,0.5621861329409031,0.7,0.9,"{'I': 1, 'W': 0, 'R': 1, 'C': 'free'}",False,True,True,1.0,3
2811,7,0.27947682591113,0.937793852877675,1.096625612075272,2.49920876759689,1.1039765332128755,2.157970980132556,0.5467672696303248,1.0,0.25,1.0,1.0,0.32086285846916907,0.37748738185210196,0.06008835568507178,0.7,0.75,"{'I': 1, 'W': 0, 'R': 1, 'C': 'free'}",False,True,True,0.6666666666666666,3
2812,1,0.004474643381155982,0.5226273908368883,0.01271688923162526,1.940913187109791,1.000534217466587,1.4928321311304957,0.0026668118387945805,0.9999997558914535,0.0,0.050000000000000044,0.030000000000000027,0.0066927568920323805,0.022975414686659392,0.029310049143633346,0.050000000000000044,0.050000000000000044,"{'I': 1, 'W': 0, 'R': 1, 'C': 'free'}",False,True,True,1.0,3
2812,2,0.0019962470927632685,0.791843042546013,0.007589649734111111,2.3856020642366813,1.0002255748267987,1.5838714521256345,0.0015775999991423095,0.9999999999740078,0.25,0.0,0.0,0.07585869549556357,0.11919858930099696,0.18242281154447224,0.4,1.0,"{'I': 1, 'W': 0, 'R': 1, 'C': 'free'}",False,True,True,0.0,3
2812,3,0.007043652166414513,0.8857090399334573,0.014130045112313928,2.3435961922262614,1.0008578416515341,1.7627652151148507,0.00427819193010226,1.0,0.0,0.9,0.9,0.26891333640839016,0.4999439832282931,0.43784857477685746,0.7,0.9,"{'I': 1, 'W': 0, 'R': 1, 'C': 'free'}",True,True,True,0.0,3
2812,4,0.6055463761510926,1.0887808743344278,1.2244812040913675,2.469929790076476,1.4299710877236984,2.093811996199261,0.9428018546766535,1.0,0.3,0.9,1.0,0.95257459819323,0.9046318735771597,0.22270050644530476,0.9,0.9,"{'I': 1, 'W': 0, 'R': 1, 'C': 'free'}",False,True,True,1.0,3
2812,5,0.27781664184458604,1.1657038340587438,0.9965951055206307,2.8662057811408967,1.070632344773731,2.1693124446285306,0.4589507953949137,1.0,0.3,0.050000000000000044,0.75,0.18243176068200528,0.32080861171919384,0.37756043050015703,0.5,0.75,"{'I': 1, 'W': 0, 'R': 1, 'C': 'free'}",False,True,True,0.0,3
2812,6,0.24219334329359593,0.9515322242807965,1.018037749376179,2.372523803894913,1.5228863013242382,2.122752481338527,0.8779149179607528,1.0,0.5,0.9,0.9,0.8175921975253683,0.8175397977897982,0.32084856134192113,1.0,1.0,"{'I': 1, 'W': 0, 'R': 1, 'C': 'free'}",True,True,True,0.0,3
2812,7,0.08779148778293688,1.0309335291600639,0.27161738490184695,2.641295881209492,1.0155416440904006,2.0543952519490114,0.12959702673496754,1.0,0.3,0.050000000000000044,0.9,0.18243200253698597,0.2689213561383378,0.6224966528526626,0.8,0.9,"{'I': 1, 'W': 0, 'R': 1, 'C': 'free'}",True,True,True,0.0,3
2817,1,0.10853449535823567,0.7855377868602272,0.43724604615195667,2.4059399023194725,1.0319925977060298,1.9465949596195056,0.1721712466470362,1.0,0.25,0.050000000000000044,0.030000000000000027,0.029311108448243188,0.04741582831455534,0.03732215113366719,0.25,0.25,"{'I': 1, 'W': 0, 'R': 1, 'C': 'free'}",False,True,True,1.0,3
2817,2,0.026379600825034974,0.9273083245496465,0.14533899366157396,2.4220808971071195,1.0043763703012907,1.8584040055402054,0.02586066489299199,1.0,0.1,0.050000000000000044,0.050000000000000044,0.02931112001966314,0.03732388399792791,0.11920255198702348,0.25,0.25,"{'I': 1, 'W': 0, 'R': 1, 'C': 'free'}",True,False,True,0.0,3
2817,3,0.28849539140255714,0.6151645100757943,1.7004405107135296,2.1510790547933447,1.146843818868867,1.4856126653197437,0.5604843632113932,0.9999997065139544,0.3,0.050000000000000044,0.050000000000000044,0.0229761634463984,0.09534073675425382,0.9399096101805321,0.5,0.8,"{'I': 1, 'W': 0, 'R': 1, 'C': 'free'}",True,False,True,0.0,3
2817,4,0.2865623561440774,0.7967500793522997,1.6569149672695813,2.543332057773117,1.2380214533523857,1.6627162662290809,0.9671640737479709,0.9999999999945264,0.3,0.050000000000000044,0.050000000000000044,0.32081685620332534,0.1480379585021912,0.9046438209227589,0.5,0.75,"{'I': 1, 'W': 0, 'R': 1, 'C': 'free'}",False,True,True,1.0,3
2817,5,0.10100485349307446,0.7491924191774937,0.6487736002833221,2.647499779068312,1.0305832843847318,1.6528034085546341,0.38245232044985655,1.0,0.25,0.050000000000000044,0.19999999999999996,0.09534969313022677,0.09533718500778092,0.3208179156196163,0.5,0.7,"{'I': 1, 'W': 0, 'R': 1, 'C': 'free'}",True,False,True,0.0,3
2817,6,0.14849518130531703,0.9624817922549571,0.43873080865814673,2.7416102917288456,1.044453401101316,1.987320416356693,0.19544700147723326,1.0,0.3,0.09999999999999998,0.30000000000000004,0.022978115366650426,0.037323366175432394,0.09535177842173746,0.7,0.8,"{'I': 1, 'W': 0, 'R': 1, 'C': 'free'}",False,True,True,1.0,3
2817,7,0.2977674842785687,0.5872558938623548,1.0009229751995574,2.346923926653852,1.2333883611940084,1.5060742260745072,0.649651090178833,1.0,0.01,0.050000000000000044,0.050000000000000044,0.0031722729160841997,0.00406915512385856,0.0066917431798081935,0.050000000000000044,0.050000000000000044,"{'I': 0, 'W': 1, 'R': 0, 'C': 'costly'}",False,True,True,1.0,3
2823,1,0.20422370026073602,0.4828759245726133,0.8924943998723109,1.402839693159433,1.098713650048556,1.333926205228507,0.37543535023107133,0.9999944478113514,0.0,0.050000000000000044,0.030000000000000027,0.06008157377147057,0.07584837105978151,0.09534276646234725,0.050000000000000044,0.050000000000000044,"{'I': 1, 'W': 0, 'R': 1, 'C': 'free'}",False,True,True,1.0,3
2823,2,0.002702518701770839,0.501016126228786,0.017571705798501605,1.5064066229030375,1.0003643158717066,1.3526613483630654,0.0029097546323919588,0.9999983108023827,0.0,0.050000000000000044,0.050000000000000044,0.07585556193843078,0.04742266902583166,0.2227025596442922,0.050000000000000044,0.25,"{'I': 1, 'W': 0, 'R': 1, 'C': 'free'}",False,True,True,1.0,3
2823,3,0.45483733926106573,0.43607191788744204,0.9612790700436595,2.1257622260147477,1.2130186406982855,1.2752970783101525,0.8241296099679044,0.9999998929344066,0.0,0.050000000000000044,0.010000000000000009,0.3775612675675525,0.017984883195052186,0.07586846131174238,0.050000000000000044,0.010000000000000009,"{'I': 0, 'W': 1, 'R': 0, 'C': 'costly'}",False,True,True,0.6666666666666666,3
2825,1,0.14762698002566452,0.5116450848701742,0.48820431879555864,2.088960590758664,1.052272753036671,1.3715142083759073,0.22489886261388314,0.9999916133505682,0.3,0.050000000000000044,0.050000000000000044,0.04742550854493135,0.07584953811375088,0.3775495132152796,0.25,0.5,"{'I': 1, 'W': 0, 'R': 1, 'C': 'free'}",False,True,True,1.0,3
2825,2,0.4408625143125342,0.7468869181492993,1.6662985717125167,2.247845964617499,1.208146033645791,1.628057985641542,0.7796847597164279,0.9999999999999999,0.3,0.30000000000000004,0.050000000000000044,0.777298285534238,0.26892982112212355,0.500031349251369,0.5,0.75,"{'I': 1, 'W': 0, 'R': 1, 'C': 'free'}",False,True,True,1.0,3
2825,3,0.717300438525083,0.9410381827978186,1.702274665159163,2.4954810720289258,1.7943682028533492,1.8009790133874257,0.9833037458479411,0.999999999999984,0.1,0.050000000000000044,0.010000000000000009,0.18242612270817207,0.1191812042877097,0.1824415701636261,0.30000000000000004,0.25,"{'I': 1, 'W': 0, 'R': 1, 'C': 'free'}",False,True,True,1.0,3
2825,4,0.3450481646813457,0.8698580400699547,1.363190275455493,2.121696639202518,1.1396858607688922,1.8493744169244097,0.8396725979771742,0.9999999999999176,0.1,0.050000000000000044,0.050000000000000044,0.7772745837492596,0.437795438069937,0.6224975107967576,1.0,0.30000000000000004,"{'I': 1, 'W': 0, 'R': 1, 'C': 'free'}",False,True,True,0.0,3
2825,5,0.7766573713961681,1.1349885203616414,2.4137364511317037,2.899752432732063,1.8139560755008406,2.281595437877523,0.999760544250756,1.0,0.0,1.0,0.77,0.6224190019800384,0.7310321336491236,0.5000023004026246,0.8,0.8,"{'I': 0, 'W': 1, 'R': 0, 'C': 'costly'}",False,True,True,0.0,3
2826,1,0.043081383176782236,0.4048683601336205,0.24977566107202478,1.2932392564034987,1.0110800432053155,1.3171376767058642,0.06397646190717876,0.9998872357868809,0.1,0.050000000000000044,0.030000000000000027,0.6225121492529185,0.26885590550669125,0.06008262949797551,0.050000000000000044,0.050000000000000044,,False,True,False,0.0,3
2826,2,0.2560235023788618,0.8290634146516604,0.7118315528090988,2.2006191365975,1.1971501350798324,1.612845630325292,0.6602900348356486,0.9999999999741317,0.0,0.010000000000000009,0.0,0.7310571617979561,0.4999992157649125,0.4378724916178547,0.050000000000000044,0.050000000000000044,"{'I': 1, 'W': 0, 'R': 1, 'C': 'free'}",False,True,True,0.0,3
2826,3,0.1201710055411457,0.7853594624862288,0.42541885290662296,2.0760804668720616,1.038700193556004,1.5529308834402817,0.20373298672728357,0.999999999821663,0.0,0.050000000000000044,0.010000000000000009,0.1192000432980267,0.22267304904773458,0.4378694185582554,0.050000000000000044,0.9,"{'I': 1, 'W': 0, 'R': 1, 'C': 'free'}",False,True,True,1.0,3
2826,4,0.16558832463568596,0.7408883094178633,0.7046117791440452,1.815249273143607,1.1163178608545057,1.6114905859071365,0.4832591925576145,0.9999999992379596,0.0,0.0,0.050000000000000044,0.04742476805576228,0.07585451642495668,0.3208315989374098,0.050000000000000044,0.25,"{'I': 1, 'W': 0, 'R': 1, 'C': 'free'}",False,True,True,1.0,3
2826,5,0.1589992900963201,0.740364950009499,0.6336754287092683,2.457084586513403,1.0462189119227194,1.5015381273927275,0.23745653694718105,0.9999999998047909,0.0,0.050000000000000044,0.050000000000000044,0.07583772951602274,0.04741389152590092,0.14805977068763773,0.09999999999999998,1.0,"{'I': 1, 'W': 0, 'R': 1, 'C': 'free'}",True,True,True,0.0,3
2826,6,0.4025496476056703,1.1290928799274518,2.1820183249740825,2.6062046348375856,1.4277866965399355,2.1779187245782,0.9976518633259924,1.0,0.0,1.0,1.0,0.06007747519376808,0.14804006597083152,0.3775408603304159,1.0,1.0,"{'I': 0, 'W': 1, 'R': 0, 'C': 'costly'}",False,True,True,0.0,3
2835,1,0.11753499925582205,0.5040377485729556,1.0265429594245052,2.1098579027223225,1.045644369070163,1.304711052215151,0.3600294792635643,0.999993663424104,0.0,0.050000000000000044,0.050000000000000044,0.022976967389789778,0.09533789593058191,0.3775204782004193,0.25,0.5,"{'I': 1, 'W': 0, 'R': 1, 'C': 'free'}",False,True,True,1.0,3
2835,2,0.00846750203492379,1.0097919366564747,0.04573629718710355,2.5851131361763855,1.0011356710814143,1.9447710688381237,0.006787023579361562,1.0,0.25,0.050000000000000044,0.0,0.014063172589174321,0.06007852038158409,0.022977377734752762,0.30000000000000004,1.0,"{'I': 1, 'W': 0, 'R': 1, 'C': 'free'}",False,True,True,1.0,3
2835,3,0.2615348959714122,0.962544856496987,1.3623321649664777,2.329575802360889,1.1711772916543484,1.896949232088577,0.6125067503054951,1.0,0.05,0.050000000000000044,0.0,0.014062884223775024,0.022973936187264378,0.029314293071397025,0.09999999999999998,0.25,"{'I': 1, 'W': 0, 'R': 1, 'C': 'free'}",True,False,True,0.0,3
2835,4,0.28422883448119196,0.6222709570043613,1.1810889373511835,2.203604398103352,1.1309733364199912,1.4158754425634097,0.5774934593237824,0.9999999995670408,0.3,0.050000000000000044,0.050000000000000044,0.0953484050310176,0.11919690053206948,0.09535221907674328,0.30000000000000004,0.75,"{'I': 1, 'W': 0, 'R': 1, 'C': 'free'}",False,True,True,1.0,3
2835,5,0.28577125830682354,0.7005697638341583,0.9475484119522817,2.4442369124753927,1.1318992112164579,1.6808770988564228,0.5799067541948221,1.0,0.3,0.050000000000000044,0.050000000000000044,0.26898687395004467,0.37752008955766087,0.11921600851046628,0.5,0.75,"{'I': 1, 'W': 0, 'R': 1, 'C': 'free'}",True,False,True,0.0,3
2835,6,0.2115870835658955,1.0241484828269034,1.1426571978268338,2.387240209419538,1.164147273324681,1.8894239036714995,0.6549003466825536,1.0,0.4,0.9,0.0,0.5622553057602064,0.22269558356347804,0.18244832500484362,1.0,0.8,"{'I': 1, 'W': 0, 'R': 1, 'C': 'free'}",False,True,True,0.3333333333333333,3
2835,7,0.4006570616196826,0.9058684284105132,1.1711284033480738,2.433237993202903,1.2324270926760421,1.8941003484164758,0.7684358407783203,1.0,0.1,1.0,0.050000000000000044,0.851966415094094,0.3775036745759454,0.04742769380044301,0.9,1.0,"{'I': 1, 'W': 0, 'R': 1, 'C': 'free'}",False,False,True,0.0,3
2836,1,0.053465249339231226,0.5093821164659144,0.2876470210942459,2.181542825091813,1.0122775675140223,1.335897752996287,0.11487649902023145,0.9999990819095482,0.0,0.050000000000000044,0.050000000000000044,0.1191957342424857,0.377496311870252,0.6791502559327973,0.4,0.75,"{'I': 1, 'W': 0, 'R': 1, 'C': 'free'}",False,True,True,1.0,3
2836,2,0.3209313302007375,0.6723258074948513,0.620740330294394,2.3191281427794146,1.1151858321857346,1.447642425664892,0.4801039233489697,0.9999999999827935,0.25,0.050000000000000044,0.050000000000000044,0.09534337575255222,0.047422663082750914,0.5621793574667593,0.5,0.75,"{'I': 1, 'W': 0, 'R': 1, 'C': 'free'}",False,True,True,1.0,3
2836,3,0.5405905792384393,0.6971748463267381,1.5232222647410194,2.3083516971804983,1.3033740476272604,1.4973226846609415,0.7960209406352584,0.99999999989837,0.0,0.050000000000000044,0.010000000000000009,0.008577216794674148,0.008576523987577822,0.07585798394375172,0.050000000000000044,0.09999999999999998,"{'I': 1, 'W': 0, 'R': 1, 'C': 'free'}",False,True,True,0.0,3
2836,4,0.3530188475619435,0.7095902897027367,0.7227102007356263,2.300367017198007,1.1016165496360102,1.5197240903029554,0.44047784241922683,0.9999999991838638,0.0,0.050000000000000044,0.050000000000000044,0.022975763585359275,0.008576766807852097,0.14804500939554419,0.25,0.25,"{'I': 1, 'W': 0, 'R': 1, 'C': 'free'}",False,True,True,0.0,3
2836,5,0.3461290742318383,0.6764330631428174,1.1363662973561945,2.0736683441142283,1.1429506916578371,1.557679789795963,0.5514250356471992,0.9999999999370992,0.05,0.050000000000000044,0.050000000000000044,0.03732563061380354,0.014062277662667908,0.14805520186169585,0.09999999999999998,0.25,"{'I': 1, 'W': 0, 'R': 1, 'C': 'free'}",True,True,True,0.0,3
2836,6,0.36287385018145013,0.6639778430162198,0.9897639411643623,2.169687114887187,1.141347075907939,1.4596291125081164,0.5476301864398195,0.9999999721487799,0.0,0.050000000000000044,0.050000000000000044,0.32080315170806023,0.07585223808867869,0.37757772029885617,0.4,0.09999999999999998,"{'I': 1, 'W': 0, 'R': 1, 'C': 'free'}",True,True,True,0.0,3
2836,7,0.4041081319743478,0.7696981165714092,1.025987855192524,1.9861439975279185,1.1298089589584563,1.7213916346623914,0.5191939599679274,0.9999999999999791,0.0,0.050000000000000044,0.050000000000000044,0.2689541050246237,0.07584821479737093,0.32084958372819333,0.09999999999999998,0.25,"{'I': 1, 'W': 0, 'R': 1, 'C': 'free'}",True,True,True,0.0,3
2854,1,0.013422511991084652,0.6789113878788389,0.048897131852501434,1.7413000092663486,1.0017305046418365,1.5693544983049579,0.010320429358301353,0.9999966901339666,0.0,0.050000000000000044,0.030000000000000027,0.006692706639618433,0.029310661647871494,0.07585381510455128,0.050000000000000044,0.050000000000000044,"{'I': 1, 'W': 0, 'R': 1, 'C': 'free'}",False,True,True,1.0,3
2854,2,0.002349085344875727,0.5678281763630467,0.007216212728396707,1.5611636493964691,1.0002421467415878,1.4181422297661337,0.001693386601803737,0.999998789601992,0.0,0.050000000000000044,0.0,0.004070055640539526,0.006692717732126169,0.02297720132528858,0.050000000000000044,0.050000000000000044,"{'I': 1, 'W': 0, 'R': 1, 'C': 'free'}",False,True,True,1.0,3
2854,3,0.17010724997785534,0.8417045042608544,1.152478483021274,2.5751924710011385,1.098815246305047,1.7749822370374035,0.5294534579545269,0.999999999999965,0.05,0.050000000000000044,0.010000000000000009,0.010986218290705767,0.008576498800518839,0.010986093239785237,0.050000000000000044,0.050000000000000044,"{'I': 0, 'W': 1, 'R': 0, 'C': 'costly'}",False,True,True,1.0,3
2864,1,0.004526839106284577,0.630954521636002,0.023295749614748257,1.976507215354928,1.0006169338575428,1.581748990760924,0.003693623521286993,0.9999999993086914,0.0,0.050000000000000044,0.050000000000000044,0.004069973229628766,0.008576791363034644,0.037324660354203044,0.050000000000000044,0.25,"{'I': 1, 'W': 0, 'R': 1, 'C': 'free'}",False,True,True,1.0,3
2864,2,0.49849917656521964,0.5828207056820998,1.4357087624008396,2.293468750663461,1.563367045257844,1.4778526430135521,0.9315088778751696,0.9999999249255033,0.1,0.050000000000000044,0.0,0.1192021195097224,0.09534233289596628,0.22271345779168286,0.25,0.19999999999999996,"{'I': 1, 'W': 0, 'R': 1, 'C': 'free'}",False,True,True,0.6666666666666666,3
2864,3,0.10324031801407207,0.733912285703485,0.28589892414615753,2.139930858949159,1.027000411117912,1.4919387966699003,0.14773177833480178,0.9999999969366217,0.1,0.050000000000000044,0.010000000000000009,0.09534549386109803,0.04742086134666798,0.07586116774842172,0.050000000000000044,0.25,"{'I': 1, 'W': 0, 'R': 1, 'C': 'free'}",False,True,True,0.0,3
2864,4,0.43497434103323424,0.6608566704153404,1.6530047314062206,2.5765357274686407,1.2405451874413418,1.6380207134478784,0.7256376776279819,0.999999999999629,0.1,0.050000000000000044,0.050000000000000044,0.49996440728971037,0.18240087925128418,0.2689554808261104,0.19999999999999996,0.25,"{'I': 1, 'W': 0, 'R': 1, 'C': 'free'}",False,True,True,0.0,3
2864,5,0.56392468205878,0.5812740465238121,1.2961600522375696,2.0041667915960835,1.4254060461467561,1.4334256229006639,0.941319848409443,0.9999997294527402,0.1,0.050000000000000044,0.010000000000000009,0.18242886015694412,0.11919426198422997,0.04742839813223605,0.15000000000000002,0.25,"{'I': 1, 'W': 0, 'R': 1, 'C': 'free'}",False,False,True,0.0,3
2864,6,0.22110989104157616,0.7203924612501468,1.007414507274991,2.1614335441079864,1.1081178190341738,1.5624405639648054,0.45988732578836633,0.9999999999942536,0.1,0.050000000000000044,0.0,0.3208133060633413,0.07584152717581695,0.07586547999163065,0.09999999999999998,0.19999999999999996,"{'I': 1, 'W': 0, 'R': 1, 'C': 'free'}",True,True,True,0.0,3
2864,7,0.3330254073246638,0.6149269013013436,0.9738096889082687,1.9289322273737382,1.1993117350714417,1.4363817677590682,0.7663620782942415,0.9999808616945118,0.2,0.050000000000000044,0.050000000000000044,0.26894962961621416,0.14801568437728496,0.11922057311125789,0.09999999999999998,0.19999999999999996,"{'I': 1, 'W': 0, 'R': 1, 'C': 'free'}",True,True,True,0.0,3
2866,1,0.019737697963717018,0.7557057038456395,0.08009111533860166,2.2143040788067396,1.0027789768371989,1.6780013176372388,0.021956352853974015,0.9999999999999454,0.2,0.050000000000000044,0.09999999999999998,0.047425119229878555,0.0953333901518363,0.3207917520709833,0.25,0.25,"{'I': 1, 'W': 0, 'R': 1, 'C': 'free'}",False,True,True,0.5,2
2866,2,0.021490497763280166,0.7701974061786445,0.05076649668328212,2.357172658358096,1.0032786200893513,1.584043076791166,0.025846175456932463,0.9999999999897005,0.0,0.050000000000000044,0.050000000000000044,0.010986809571149508,0.037323995250425145,0.0758578571425823,0.25,0.25,"{'I': 1, 'W': 0, 'R': 1, 'C': 'free'}",True,False,True,0.0,2
2866,3,0.794082906983618,0.7364527929007093,1.7963299243055337,2.0996421389704243,2.1360853432529385,1.5689612638283392,0.989473393242681,0.9999999975279215,0.25,0.050000000000000044,0.010000000000000009,0.37753493903955315,0.5621260202908008,0.26895936822056526,0.25,0.25,"{'I': 1, 'W': 0, 'R': 1, 'C': 'free'}",False,True,True,1.0,2
2866,4,0.9946500386037149,0.5299599575738368,1.9871062656580345,1.8768090341864558,2.0970401928185556,1.3598825862683168,0.9753415242251592,0.9999999819316675,0.3,0.050000000000000044,0.050000000000000044,0.9046758912684566,0.7310290942278613,0.2227673039389325,1.0,0.25,"{'I': 1, 'W': 0, 'R': 1, 'C': 'free'}",False,True,True,0.5,2
2866,5,0.3478205337521356,0.8035222630573176,1.2564758659406856,2.2627063230041213,1.1790155925978654,1.6741900693477525,0.8613993026563507,1.0,0.1,0.050000000000000044,0.010000000000000009,0.7310684575897509,0.6223586012360881,0.32087161481563514,1.0,0.75,"{'I': 1, 'W': 0, 'R': 1, 'C': 'free'}",False,True,True,0.0,2
2866,6,0.3599216116976768,0.7137353488322344,1.410470809158176,2.612529491081169,1.2885925761737258,1.6378812983841813,0.8684548016055773,1.0,0.2,0.050000000000000044,0.09999999999999998,0.4378896300159533,0.4999796719150689,0.6792158445794447,0.4,1.0,"{'I': 1, 'W': 0, 'R': 1, 'C': 'free'}",True,True,True,0.0,2
2866,7,0.17633761177475582,0.6888563705594014,1.3028397805855854,2.1733647497247413,1.0582376721692819,1.586377745583052,0.8169779300684926,1.0,0.2,0.050000000000000044,0.050000000000000044,0.22274243444524228,0.07586857975260101,0.04743268975307878,0.09999999999999998,0.19999999999999996,"{'I': 0, 'W': 1, 'R': 0, 'C': 'costly'}",False,True,True,0.0,2
2889,1,0.1453657047365971,0.9045078583948784,0.536482913524077,2.3117734210712384,1.0364906670470073,1.7694555123681637,0.22188779271319192,1.0,0.25,0.050000000000000044,0.050000000000000044,0.268925154318807,0.09533802595257175,0.26893258125690384,0.25,0.5,"{'I': 1, 'W': 0, 'R': 1, 'C': 'free'}",False,True,True,1.0,3
2889,2,0.3087584226126643,0.9239654736631502,0.9855154399528432,2.420531437302612,1.2834336073745545,1.9322552869023892,0.8941625581838826,1.0,0.3,0.09999999999999998,0.30000000000000004,0.07585530036843403,0.0758559492491698,0.09535207406218293,0.30000000000000004,0.4,"{'I': 1, 'W': 0, 'R': 1, 'C': 'free'}",False,True,True,0.6666666666666666,3
2889,3,0.1826162489011499,0.6802992301796579,0.7144744740121142,2.3981011118352944,1.1062141776267982,1.5194154472755095,0.596868236978243,0.9999999999999845,0.0,0.050000000000000044,0.0,0.060087513919174704,0.03732469661866316,0.14805283999456662,0.30000000000000004,0.4,"{'I': 1, 'W': 0, 'R': 1, 'C': 'free'}",False,True,True,0.0,3
2889,4,0.11059119614374005,1.091910328760452,0.7489788506268787,2.5612973288737018,1.0604514651979933,2.0559705223796207,0.33692229668782214,1.0,0.25,0.050000000000000044,0.050000000000000044,0.017986156447782498,0.02297630016518338,0.07585834711895058,0.30000000000000004,0.30000000000000004,"{'I': 1, 'W': 0, 'R': 1, 'C': 'free'}",True,True,True,0.0,3
2889,5,0.19391424735878543,0.7265922922946549,0.8220758760702681,2.521510868866524,1.0703060911781108,1.5778351234188164,0.37849586736672347,0.9999999999999986,0.3,0.050000000000000044,0.050000000000000044,0.04742721684867068,0.03732483802370353,0.03732702298163995,0.5,0.30000000000000004,"{'I': 1, 'W': 0, 'R': 1, 'C': 'free'}",False,True,True,0.3333333333333333,3
2889,6,0.15304629799210856,1.0960363466731557,0.7103668695816073,2.21041944220664,1.0993938956581113,1.9820166600146847,0.48485824717628556,0.9999999999974128,0.3,0.050000000000000044,0.09999999999999998,0.09535448731337473,0.07585672216872558,0.11922306406701082,0.4,0.5,"{'I': 1, 'W': 0, 'R': 1, 'C': 'free'}",True,False,True,0.0,3
2889,7,0.06803839817121314,1.1098394342863604,0.3157643879741417,2.622306943492957,1.0146142208349143,2.1073589094049945,0.09657233746205107,1.0,0.25,0.050000000000000044,0.050000000000000044,0.09535196328543727,0.11920426435252404,0.14806808981175842,0.4,0.7,"{'I': 1, 'W': 0, 'R': 1, 'C': 'free'}",True,False,True,0.0,3
291,1,0.7416784077960149,0.6197123936436132,1.5510582619834672,1.8273474859514984,1.440635415296821,1.5098795899793507,0.9461026633489965,0.9999999996718614,0.25,0.050000000000000044,0.050000000000000044,0.6224473899186659,0.6224133554108198,0.32080164695567276,0.25,0.25,"{'I': 1, 'W': 0, 'R': 1, 'C': 'free'}",False,True,True,1.0,3
291,2,0.22345837992820033,0.613611752312075,1.3889694013890659,1.766967195221541,1.164417292767424,1.5297742479889924,0.7458897512767267,0.9999999924769009,0.25,0.050000000000000044,0.0,0.3208096526497149,0.3208097283051675,0.817575074388426,0.050000000000000044,0.4,"{'I': 1, 'W': 0, 'R': 1, 'C': 'free'}",False,True,True,1.0,3
291,3,0.09323870850589633,0.800535128125291,0.7248061592736551,2.563559450544899,1.082729286861314,1.7829161221823306,0.5109862822665567,0.9999999999999846,0.2,0.050000000000000044,0.09999999999999998,0.18244843701589047,0.18240295050055724,0.7773034749435853,0.30000000000000004,1.0,"{'I': 1, 'W': 0, 'R': 1, 'C': 'free'}",False,True,True,1.0,3
291,4,0.019248403241301962,0.7133370412623908,0.1273929194792025,2.4684856148115886,1.0032570497043103,1.5730477140584993,0.02884171640550892,0.9999999999999892,0.1,0.050000000000000044,0.050000000000000044,0.22269820553849698,0.1824000659225009,0.6224643847614596,0.19999999999999996,0.8,"{'I': 1, 'W': 0, 'R': 1, 'C': 'free'}",True,False,True,0.0,3
291,5,0.061769892613694394,0.8112510348364446,0.3896363447873521,2.75123440383327,1.014328213286897,1.8920568583632762,0.12018076804207956,1.0,0.05,0.050000000000000044,0.050000000000000044,0.1480475064736206,0.18239746147169209,0.7773183962345068,0.09999999999999998,1.0,"{'I': 1, 'W': 0, 'R': 1, 'C': 'free'}",True,False,True,0.0,3
291,6,0.008176333478368079,0.6694333326065209,0.04761700502828136,2.062088371973943,1.0011570438313762,1.6604257162096308,0.010353405412467098,1.0,0.25,0.09999999999999998,0.09999999999999998,0.22269548790836632,0.11918903911828951,0.8175727310511667,0.4,1.0,"{'I': 1, 'W': 0, 'R': 1, 'C': 'free'}",True,False,True,0.0,3
291,7,0.02715155073973828,0.607826523905675,0.0838331049023913,2.362282821068795,1.0044063058383492,1.5033006027027471,0.03879698503989304,0.999999999999392,0.1,0.050000000000000044,0.050000000000000044,0.22269228050175943,0.11919448346040466,0.731056546062514,0.09999999999999998,1.0,"{'I': 1, 'W': 0, 'R': 1, 'C': 'free'}",True,False,True,0.0,3
2921,1,0.023776510390294582,0.9255661687382832,0.06625172299571393,2.2806815489560286,1.003963816637834,1.8449598846356712,0.019585568156411437,0.9999999999932617,0.0,0.050000000000000044,0.050000000000000044,0.37752590925805607,0.07585187669271812,0.622471299052461,0.5,0.5,"{'I': 1, 'W': 0, 'R': 1, 'C': 'free'}",False,True,True,1.0,3
2921,2,0.028452267201550852,0.8845525411039185,0.07839819877145894,2.103765029372745,1.0047739068651236,1.8404943127366746,0.023531453414751047,0.9999999999993499,0.05,0.050000000000000044,0.0,0.010986592832293881,0.014062917095533244,0.017985779041542343,0.050000000000000044,0.050000000000000044,"{'I': 1, 'W': 0, 'R': 1, 'C': 'free'}",False,True,True,1.0,3
2921,3,0.04722963715963272,0.6863688627226424,0.225072540226,2.280574100729876,1.0096622565746634,1.550208044681588,0.05606243423920343,0.9999999999999998,0.0,0.050000000000000044,0.010000000000000009,0.004069984461089903,0.010986408529392764,0.008577305998529006,0.050000000000000044,0.050000000000000044,"{'I': 1, 'W': 0, 'R': 1, 'C': 'free'}",False,False,True,0.0,3
2921,4,0.11709556299773705,0.8293699005877038,0.4863280970578241,2.198794512778572,1.029410627871202,1.7643542296731491,0.15963469528387564,0.9999999999999984,0.05,0.050000000000000044,0.050000000000000044,0.060084197036952385,0.04742358762288872,0.02931225885790303,0.050000000000000044,0.050000000000000044,"{'I': 1, 'W': 0, 'R': 1, 'C': 'free'}",True,False,True,0.0,3
2921,5,0.19907244535255686,0.8021291429951055,0.9210962179096508,2.488778287196473,1.1443335674792843,1.678720235828799,0.867654116815542,0.9999999983179252,0.05,0.050000000000000044,0.010000000000000009,0.004069886640484765,0.004069841599735467,0.005219990360001265,0.050000000000000044,0.050000000000000044,"{'I': 0, 'W': 1, 'R': 0, 'C': 'costly'}",False,True,True,1.0,3
2925,1,0.053492574974414404,0.6019405461353109,0.423324228098827,1.9342145140984355,1.0203373558003912,1.4335741068554295,0.1487645453847768,0.9999999848994561,0.0,0.050000000000000044,0.050000000000000044,0.022976688118582774,0.03732486900306267,0.07585328736067112,0.050000000000000044,0.25,"{'I': 1, 'W': 0, 'R': 1, 'C': 'free'}",False,True,True,1.0,3
2925,2,0.09055164699704352,0.44980503264938465,0.3660158494437306,1.786833024359679,1.0162173023427779,1.3319055807905553,0.07728607481231764,0.9999999999172722,0.0,0.050000000000000044,0.050000000000000044,0.0474248800947953,0.03732543246728417,0.26894262935470065,0.050000000000000044,0.25,"{'I': 1, 'W': 0, 'R': 1, 'C': 'free'}",False,True,True,1.0,3
2925,3,0.45356905234293743,0.6283990991462455,1.4652288220322696,1.961626276460687,1.289627290580482,1.5241018433901947,0.7196639657281574,0.9999999999629999,0.0,0.050000000000000044,0.050000000000000044,0.022976052860602034,0.01798524900184107,0.060090224047585426,0.050000000000000044,0.25,"{'I': 1, 'W': 0, 'R': 1, 'C': 'free'}",True,False,True,0.0,3
2925,4,0.7518365317733583,0.6872858653627968,1.4180086936165486,2.2686052199885727,1.3012552072155732,1.6042434492972257,0.8417066621363918,0.9999999999999999,0.25,0.050000000000000044,0.050000000000000044,0.11919904016929832,0.06008094786350598,0.07587619480594923,0.050000000000000044,0.25,"{'I': 1, 'W': 0, 'R': 1, 'C': 'free'}",False,True,True,0.3333333333333333,3
2925,5,0.18656599738821322,0.5547416671334583,0.5955979339480624,2.00725916248228,1.047557936817606,1.4187584892859193,0.2776400844236626,0.999999999967015,0.0,0.050000000000000044,0.050000000000000044,0.2689335156444311,0.09533744251096846,0.11925775033665958,0.09999999999999998,0.09999999999999998,"{'I': 1, 'W': 0, 'R': 1, 'C': 'free'}",True,False,True,0.0,3
2925,6,0.4518449604766839,0.8746641455221024,1.0494915755960352,2.486073341876299,1.7341954620569935,1.7851417923161577,0.9362456572763932,1.0,0.0,0.050000000000000044,0.050000000000000044,0.3775117743568951,0.04741633183127566,0.06009271956140843,0.09999999999999998,0.09999999999999998,"{'I': 0, 'W': 1, 'R': 0, 'C': 'costly'}",False,True,True,0.0,3
2927,1,0.007199185340901115,0.6077544172232093,0.02941915401067755,2.2248848528023744,1.000849993100926,1.5542122679016013,0.0042391496379236004,0.9999999975899002,0.0,0.050000000000000044,0.030000000000000027,0.014063416778117503,0.014062994467807934,0.037324527754177224,0.050000000000000044,0.25,"{'I': 1, 'W': 0, 'R': 1, 'C': 'free'}",False,True,True,1.0,3
2927,2,0.008417138847800426,0.9640442451291817,0.0258700702887606,2.3981449254380016,1.0010298849142918,2.073807541597504,0.007179587360401474,1.0,0.1,0.050000000000000044,0.050000000000000044,0.03732548391291794,0.06008185057560991,0.060085228269674294,0.25,0.30000000000000004,"{'I': 1, 'W': 0, 'R': 1, 'C': 'free'}",False,True,True,0.3333333333333333,3
2927,3,0.28860424494096193,0.9155186044320074,0.8143365560995612,2.3272038253690948,1.1901195354899101,1.7242988811017805,0.7912219950148547,1.0,0.5,1.0,0.09999999999999998,0.9890136471548635,0.9399019364147206,0.3208371486986689,1.0,0.7,"{'I': 1, 'W': 0, 'R': 1, 'C': 'free'}",False,True,True,0.0,3
2927,4,0.48572579601096455,0.9323606408539254,1.3533327267000024,2.7982567988659754,1.395032774511683,1.9328371453784579,0.9027456303050034,1.0,0.3,0.050000000000000044,0.050000000000000044,0.222692845912722,0.32080679940508655,0.22271825231229025,0.30000000000000004,0.8,"{'I': 1, 'W': 0, 'R': 1, 'C': 'free'}",False,True,True,0.0,3
2927,5,0.21245329438018362,0.9181237902802144,0.6694273144262597,2.5397658812804034,1.101122367362524,1.8152683840416308,0.49049211734439035,1.0,0.25,0.050000000000000044,0.050000000000000044,0.014063218493103534,0.017985155896120267,0.09535962802595946,0.5,0.75,"{'I': 1, 'W': 0, 'R': 1, 'C': 'free'}",False,True,True,0.0,3
2927,6,0.3228450391662257,0.736724334968566,0.7780764300158455,2.605124912008538,1.104580391008789,1.6128786856179989,0.5015533335933733,1.0,0.3,0.050000000000000044,0.0,0.047427248438515764,0.0474247954839823,0.18243417931816858,0.7,0.8,"{'I': 1, 'W': 0, 'R': 1, 'C': 'free'}",True,False,True,0.0,3
2927,7,0.5885871614464394,0.8801398454535319,1.277898158063506,2.585356466825695,1.238558788298461,1.6894930000082242,0.7229869375241479,1.0,0.3,0.050000000000000044,0.050000000000000044,0.04742657399606991,0.037325970990587896,0.07585915865241688,0.30000000000000004,0.75,"{'I': 1, 'W': 0, 'R': 1, 'C': 'free'}",False,True,True,0.0,3
2930,1,0.5545140317742657,0.9587084007721791,1.4669155031689753,2.42950303356347,1.2793773523760015,1.9558525730440168,0.7082527928512976,1.0,0.1,0.050000000000000044,0.09999999999999998,0.9890162228282113,0.9770087115717423,0.731040533054194,1.0,0.5,,False,True,False,0.0,3
2930,2,0.28857263330778726,0.8537762976764861,1.2962092678184338,2.2365471702805086,1.1074984632627465,1.7503368587610397,0.39981610365375797,1.0,0.0,0.0,0.0,0.32081031072110394,0.562135303071074,0.7772961538853738,0.30000000000000004,1.0,"{'I': 1, 'W': 0, 'R': 1, 'C': 'free'}",False,True,True,0.0,3
2930,3,0.5675765588643299,1.0743085599435331,1.3478117455132859,2.319391016184827,1.3247143635933636,1.9639827884282073,0.8149596129428648,1.0,0.1,0.9,0.8,0.9933056869584349,0.99752568987295,0.9770203807808219,0.9,0.9,"{'I': 1, 'W': 0, 'R': 1, 'C': 'free'}",False,True,True,0.0,3
2930,4,0.44101120240465796,0.9900394336186474,0.9610597007383256,2.1898736413999713,1.2303192678123747,1.7883371309695404,0.7116678653984088,1.0,0.3,0.9,0.8,0.9706820238524154,0.9770164017494494,0.9241414199257921,0.9,0.9,"{'I': 1, 'W': 0, 'R': 1, 'C': 'free'}",True,False,True,0.0,3
2930,5,0.8131986992475075,1.1058966308729592,2.224170892055537,2.487827406865992,2.112479046855139,2.144515092003989,0.9999998488669697,1.0,0.0,0.050000000000000044,0.8,0.5621798382205275,0.5621542817226741,0.7310791349138852,0.7,0.9,"{'I': 1, 'W': 0, 'R': 1, 'C': 'free'}",False,True,True,1.0,3
2930,6,0.3471890861429974,1.0411658568271955,0.6943606373737393,2.5322934206916483,1.1742284056885073,2.1333890558459503,0.552042214320573,1.0,0.3,0.9,0.9,0.500078703317703,0.6791304673693932,0.6793052048998884,0.7,0.8,"{'I': 1, 'W': 0, 'R': 1, 'C': 'free'}",True,False,True,0.0,3
2930,7,0.20042535677950174,0.9542363563782856,0.7244033260908819,2.543903177866667,1.1393537858303937,1.920621953000664,0.47915679662770794,1.0,0.0,0.07999999999999996,0.050000000000000044,0.11920857499952178,0.22267744502763812,0.6792089173460086,0.30000000000000004,0.9,"{'I': 1, 'W': 0, 'R': 1, 'C': 'free'}",True,True,True,0.0,3
2934,1,0.21653358967316136,0.6300686889489419,0.8696923375868076,2.227881352113805,1.0791288423531207,1.5285266274100073,0.3667718714552487,0.9999999817806182,0.0,0.050000000000000044,0.010000000000000009,0.017986030298339083,0.029310975233469528,0.022975848082283812,0.25,0.25,"{'I': 1, 'W': 0, 'R': 1, 'C': 'free'}",False,True,True,1.0,3
2934,2,0.2781764487699679,0.5248716126989292,1.3140368226420243,1.8330670050202502,1.2572422810430117,1.3904871556186802,0.7985964345372737,0.9999997403915339,0.05,0.050000000000000044,0.0,0.010986501055495711,0.022976344209132426,0.06008505539452272,0.050000000000000044,0.25,"{'I': 1, 'W': 0, 'R': 1, 'C': 'free'}",False,True,True,1.0,3
2934,3,0.07731029230492802,0.5562454594318358,0.6881587603971698,2.270210982734297,1.0470020593154588,1.3765739954678797,0.3966391799583965,0.9999999996355569,0.05,0.050000000000000044,0.010000000000000009,0.01798543578644606,0.01798459462145159,0.010986612512533413,0.050000000000000044,0.050000000000000044,"{'I': 1, 'W': 0, 'R': 1, 'C': 'free'}",False,True,True,1.0,3
2934,4,0.2500883262601674,0.7706783285032793,0.9637817433228171,2.3565082614382433,1.2523847814429019,1.6768231282858495,0.7408368138385297,1.0,0.1,0.050000000000000044,0.050000000000000044,0.562187047843452,0.679163417260303,0.6224814222317125,0.30000000000000004,0.75,"{'I': 1, 'W': 0, 'R': 1, 'C': 'free'}",True,True,True,0.0,3
2934,5,0.004957404421553396,0.712560994642832,0.02370515792878705,2.514941427804032,1.0006509359580582,1.668911875604632,0.004544710743652258,1.0,0.05,0.050000000000000044,0.050000000000000044,0.010985887134505322,0.01098590532920681,0.03732886260738285,0.09999999999999998,0.09999999999999998,"{'I': 1, 'W': 0, 'R': 1, 'C': 'free'}",False,True,True,1.0,3
2934,6,0.10641827784187387,0.762203347898135,1.0238830340049432,2.3057265102714113,1.0394497625067882,1.5549156576512255,0.6615442644585992,0.9999999999816169,0.0,0.0,0.0,0.0031724905451255628,0.003172157378958344,0.006692041261348574,0.050000000000000044,0.050000000000000044,"{'I': 0, 'W': 1, 'R': 0, 'C': 'costly'}",False,True,True,1.0,3
2951,1,0.26746537228565065,0.694780112559944,0.790951874006542,2.2367031741814714,1.1025417167651952,1.4734361956912188,0.4950658032748295,0.9999999943536912,0.0,0.050000000000000044,0.050000000000000044,0.437807864610207,0.3207971641432495,0.11919303275112318,0.25,0.25,"{'I': 1, 'W': 0, 'R': 1, 'C': 'free'}",False,True,True,1.0,3
2951,2,0.012889890188598659,0.7720911818815848,0.10650529483014347,2.1740356208586955,1.0022065623398437,1.6632230832343735,0.019641720798738826,0.9999999999992958,0.1,0.050000000000000044,0.0,0.014063422720412954,0.014062873559757173,0.06008297104511603,0.050000000000000044,0.4,"{'I': 1, 'W': 0, 'R': 1, 'C': 'free'}",False,True,True,1.0,3
2951,3,0.1254614584125136,0.8749428688468149,0.33885100452934613,2.441556180604799,1.0250295000408463,1.689508285595937,0.23809646038681587,0.9999999999985663,0.1,0.050000000000000044,0.010000000000000009,0.06008276155893756,0.017984300568778817,0.22270972514122447,0.050000000000000044,0.25,"{'I': 1, 'W': 0, 'R': 1, 'C': 'free'}",False,True,True,1.0,3
2951,4,0.3027196524611599,1.0684009304574247,0.9000033040976584,2.354957598518011,1.1185684987086395,1.8032169549369335,0.7084509903590699,0.9999999999427097,0.1,0.050000000000000044,0.050000000000000044,0.26893923023514343,0.047424533182302116,0.32084037632887197,0.19999999999999996,0.25,"{'I': 1, 'W': 0, 'R': 1, 'C': 'free'}",False,True,True,1.0,3
2951,5,0.013523038665906074,1.1274012270408742,0.09663139970957711,2.4913658024911296,1.002152489127565,2.2932277644606307,0.023374419488586984,1.0,0.25,0.050000000000000044,0.050000000000000044,0.017985844454211267,0.006692524372697487,0.04742582696953785,0.09999999999999998,0.25,"{'I': 1, 'W': 0, 'R': 1, 'C': 'free'}",True,False,True,0.0,3
2951,6,0.3296627249234131,1.1110481626917863,0.6186564466774551,2.6632103391433612,1.1280963074982369,2.1007784098597333,0.45264497238317714,1.0,0.25,0.09999999999999998,0.09999999999999998,0.06008432172328504,0.029310074024973497,0.0758607170965389,0.30000000000000004,0.7,"{'I': 1, 'W': 0, 'R': 1, 'C': 'free'}",False,True,True,0.0,3
2951,7,0.10960772698702548,0.7063535792923246,0.5967992480719871,2.0703377709733926,1.0450218199024799,1.4544867083492292,0.3839427739739891,0.9999999949672843,0.1,0.050000000000000044,0.050000000000000044,0.1824340580111813,0.09533698060799366,0.11921913158243806,0.4,0.25,"{'I': 1, 'W': 0, 'R': 1, 'C': 'free'}",True,True,True,0.0,3
2965,1,0.08127586820548263,0.5581768717656528,0.32006385608329985,1.9167661826957882,1.0222564430826124,1.4469479694225988,0.12372411334297972,0.9999998739552768,0.0,0.050000000000000044,0.050000000000000044,0.1824204902427361,0.09533843139818557,0.1191957239004307,0.25,0.050000000000000044,"{'I': 1, 'W': 0, 'R': 1, 'C': 'free'}",False,True,True,1.0,3
2965,2,0.009377217857032874,0.48060116867557096,0.03387619864976386,1.9199850595694166,1.001363491005161,1.3259949141825953,0.009492594225925188,0.9999976928569868,0.0,0.050000000000000044,0.050000000000000044,0.017985721630515962,0.022976592586542364,0.22269968095834217,0.050000000000000044,0.25,"{'I': 1, 'W': 0, 'R': 1, 'C': 'free'}",False,True,True,1.0,3
2965,3,0.16985174313847665,0.7750174926594237,1.0500048649666973,2.625189077043208,1.1980717969409034,1.8029526243458494,0.717759010407935,1.0,0.0,0.050000000000000044,0.050000000000000044,0.2689428945109561,0.11919813507624717,0.11921027227093607,0.09999999999999998,0.4,"{'I': 1, 'W': 0, 'R': 1, 'C': 'free'}",True,False,True,0.0,3
2965,4,0.08322859743956706,0.7976687059699071,0.7189631130926978,2.359534219688411,1.0290794110027337,1.703903315476174,0.22739058426128234,1.0,0.1,0.050000000000000044,0.050000000000000044,0.0758587580921278,0.0953496882738082,0.14805131987939626,0.19999999999999996,0.30000000000000004,"{'I': 1, 'W': 0, 'R': 1, 'C': 'free'}",False,True,True,1.0,3
2965,5,0.20581886200736504,0.8820305408849538,0.6937689142928611,2.290549707937547,1.067847865796704,1.937266616628226,0.4461201780854306,0.999999999993696,0.0,0.050000000000000044,0.050000000000000044,0.07585818173868374,0.047421984294713386,0.09535969810206618,0.050000000000000044,0.25,"{'I': 1, 'W': 0, 'R': 1, 'C': 'free'}",True,False,True,0.0,3
2965,6,0.17481187403412635,0.5957510741905269,0.6806363078256007,2.209620301076639,1.0539093357562213,1.450064593883956,0.2702392682381676,0.9999999990831285,0.0,0.050000000000000044,0.050000000000000044,0.03732643668078312,0.06008444824547825,0.11922434519766949,0.09999999999999998,0.09999999999999998,"{'I': 1, 'W': 0, 'R': 1, 'C': 'free'}",True,True,True,0.0,3
2965,7,0.13381553941103025,0.9029559676005647,0.7447382862619742,2.665718809175502,1.0392094576483442,1.710974999710645,0.41634429787673466,0.9999999999680821,0.0,0.050000000000000044,0.010000000000000009,0.004069981290626373,0.0040696100135776585,0.006692579515593183,0.050000000000000044,0.050000000000000044,"{'I': 0, 'W': 1, 'R': 0, 'C': 'costly'}",False,True,True,1.0,3
2973,1,0.016368236757339005,0.8275423703556488,0.052747956880109484,2.476584342884323,1.002342495626209,1.7415331884160294,0.013940456800921375,1.0,0.0,0.050000000000000044,0.09999999999999998,0.3775161902945948,0.22266734007244943,0.817623733152004,0.25,0.5,"{'I': 1, 'W': 0, 'R': 1, 'C': 'free'}",False,True,True,1.0,3
2973,2,0.09250321215791862,0.854660309253707,0.354476726820482,2.4440570490154587,1.0217720850549106,1.8310012456427012,0.10209615279444306,1.0,0.0,0.050000000000000044,0.050000000000000044,0.9046503351100762,0.5621481790045963,0.14804676468387962,0.30000000000000004,0.09999999999999998,"{'I': 1, 'W': 0, 'R': 1, 'C': 'free'}",False,True,True,1.0,3
2973,3,0.15345750114431897,0.7945024686375075,0.6815222151944963,2.2869959286694828,1.0445090823323788,1.6668703808050511,0.19566142625410632,1.0,0.0,0.050000000000000044,0.09999999999999998,0.2689406252757403,0.2689267764260537,0.7310783622956575,0.30000000000000004,0.9,"{'I': 1, 'W': 0, 'R': 1, 'C': 'free'}",True,False,True,0.0,3
2973,4,0.0851174122826925,0.743590067279804,0.6913654667345309,2.378334848287704,1.0462646836380753,1.5695738579176928,0.33438070124567465,0.9999999999988589,0.2,0.050000000000000044,0.050000000000000044,0.11921093423020353,0.11919855140130688,0.3775872776268331,1.0,0.75,"{'I': 1, 'W': 0, 'R': 1, 'C': 'free'}",False,True,True,1.0,3
2973,5,0.8895386952916626,0.6162489766260698,2.127989899591278,2.170172185115769,1.977876267689455,1.4766913307057326,0.9978412222910215,0.9999999999999714,0.2,0.050000000000000044,0.050000000000000044,0.32084053022721754,0.18240892837919312,0.14808943481523987,0.09999999999999998,0.25,"{'I': 1, 'W': 0, 'R': 1, 'C': 'free'}",False,True,True,0.0,3
2973,6,0.18665604648762604,0.6327595297360561,0.5870455833425099,1.9324074066579726,1.0600881003044555,1.5883267434754045,0.4420691124171007,1.0,0.25,0.050000000000000044,0.09999999999999998,0.5000712840076766,0.2689475830113832,0.11923350681607289,0.30000000000000004,0.7,"{'I': 1, 'W': 0, 'R': 1, 'C': 'free'}",False,False,True,0.3333333333333333,3
2973,7,0.15876427753623074,0.6519475101528662,0.47444201286135074,2.2222654029621816,1.0441046483346714,1.5576677825796914,0.35052908407751926,1.0,0.0,0.050000000000000044,0.050000000000000044,0.5000654235250682,0.268904685217489,0.3776469215724336,0.30000000000000004,0.7,"{'I': 1, 'W': 0, 'R': 1, 'C': 'free'}",True,False,True,0.0,3
2988,1,0.32028265470301803,0.6760173343741065,1.5667500770758456,2.1735328829674745,1.1158616985941086,1.6817122478560937,0.4819904402267853,0.999999999991327,0.0,0.050000000000000044,0.050000000000000044,0.09534588332099611,0.14803000628800175,0.3207926314180368,0.25,0.25,"{'I': 1, 'W': 0, 'R': 1, 'C': 'free'}",False,True,True,1.0,3
2988,2,0.04758873591889639,0.8199959866373503,0.2734388467535732,2.167293489085469,1.0128240859773898,1.715712033780441,0.08533543439642477,0.9999999999997812,0.0,0.010000000000000009,0.0,0.014062967145385637,0.0293096496575719,0.07585685376238176,0.050000000000000044,0.050000000000000044,"{'I': 1, 'W': 0, 'R': 1, 'C': 'free'}",False,True,True,1.0,3
2988,3,0.4498634263770846,0.7865456189840536,1.5536501872403583,2.40253615284692,1.248277402020054,1.7258506395020272,0.8911348398150275,1.0,0.15,0.050000000000000044,0.0,0.029311603174963254,0.014062982162915662,0.07585998062686823,0.050000000000000044,0.25,"{'I': 1, 'W': 0, 'R': 1, 'C': 'free'}",False,True,True,0.6666666666666666,3
2988,4,0.0769656910713009,0.911511063916134,0.39845361518180283,2.602988436194165,1.0193345295504748,1.7401958155723298,0.17428031186623705,1.0,0.05,0.050000000000000044,0.050000000000000044,0.06008459892321194,0.022974981502358632,0.11921039145713275,0.25,0.25,"{'I': 1, 'W': 0, 'R': 1, 'C': 'free'}",False,True,True,0.0,3
2988,5,0.42181421898877636,0.7721350147755467,1.5854326147478177,2.416102230666933,1.3038187033184192,1.574221322424244,0.9756241871991128,1.0,0.25,0.050000000000000044,0.050000000000000044,0.3208266849854005,0.11920020557663104,0.14805153439874275,0.5,0.75,"{'I': 1, 'W': 0, 'R': 1, 'C': 'free'}",False,True,True,0.0,3
2988,6,0.14811610652990373,0.8207833745301375,0.6310576172529349,2.3872057655305863,1.0406889332691043,1.6880822844593095,0.42785396569192313,0.9999999997185065,0.1,0.050000000000000044,0.0,0.7772807194679326,0.1480491526156526,0.11921461210657937,0.7,0.25,"{'I': 1, 'W': 0, 'R': 1, 'C': 'free'}",True,False,True,0.0,3
2988,7,0.0037363630216400456,0.7624735248159235,0.01484190598842643,2.251785289151695,1.0004455640140177,1.6964378968206364,0.006217100272787546,1.0,0.0,0.050000000000000044,0.020000000000000018,0.02931224749215232,0.014063358434489054,0.01406368659564864,0.09999999999999998,0.25,"{'I': 1, 'W': 0, 'R': 1, 'C': 'free'}",True,False,True,0.0,3
3,1,0.013748257510325962,0.4818713048806234,0.07517190971653158,1.6622267552245011,1.0025102906140484,1.3279896057845504,0.014930291817255248,0.9999949576969925,0.0,0.050000000000000044,0.050000000000000044,0.014063149826079788,0.03732355316687961,0.04742298512527898,0.050000000000000044,0.25,"{'I': 1, 'W': 0, 'R': 1, 'C': 'free'}",False,True,True,1.0,3
3,2,0.0011068164758870987,0.2967817186749115,0.0031109922354608573,1.3873255461941887,1.0001099880383073,1.1835274612809978,0.0007695776535682208,0.999987495933682,0.0,0.050000000000000044,0.050000000000000044,0.014063422323203336,0.017985142978933468,0.06008565249459135,0.050000000000000044,0.25,"{'I': 1, 'W': 0, 'R': 1, 'C': 'free'}",False,True,True,1.0,3
3,3,0.6990484152119592,0.6421533851305732,1.7879429426725206,1.9969115250686085,1.4274355439004833,1.4469655765637144,0.9419839781130515,0.999999999962828,0.05,0.050000000000000044,0.050000000000000044,0.06008928212534485,0.02297577895954227,0.09536130660182986,0.050000000000000044,0.25,"{'I': 1, 'W': 0, 'R': 1, 'C': 'free'}",False,True,True,0.6666666666666666,3
3,4,0.012166182095291585,0.5112622489257785,0.05911138896795422,2.2622099610519344,1.001787337125927,1.3612383537122326,0.014184374163679236,0.9999999907965772,0.05,0.050000000000000044,0.050000000000000044,0.008577209852626269,0.014061873791418532,0.00857742759315181,0.050000000000000044,0.050000000000000044,"{'I': 1, 'W': 0, 'R': 1, 'C': 'free'}",False,True,True,0.0,3
3,5,0.17032947172874274,0.536762539892806,0.6169672249585174,2.049401861803021,1.035349038457998,1.5045294497722204,0.2426341407146868,0.9999999999999255,0.0,0.050000000000000044,0.050000000000000044,0.029310707031208198,0.022974580249706358,0.017986237111471754,0.09999999999999998,0.050000000000000044,"{'I': 1, 'W': 0, 'R': 1, 'C': 'free'}",True,False,True,0.0,3
3,6,0.19708783470304395,0.5130675626151494,0.7714722542071677,1.9116135729168413,1.118332512527195,1.361985492911094,0.59127388077982,0.999999999447797,0.0,0.050000000000000044,0.050000000000000044,0.07584856647674103,0.02930592005908609,0.029313534016842915,0.09999999999999998,0.050000000000000044,"{'I': 1, 'W': 0, 'R': 1, 'C': 'free'}",True,False,True,0.0,3
3,7,0.18307697393470548,0.8304325783985247,1.2917148146414275,2.3223930627133083,1.0755281286516398,1.723544306300833,0.7492815405066926,1.0,0.05,0.050000000000000044,0.020000000000000018,0.010984955430917959,0.008575935424944232,0.010986683307431798,0.050000000000000044,0.050000000000000044,"{'I': 0, 'W': 1, 'R': 0, 'C': 'costly'}",False,True,True,1.0,3
3010,1,0.005588541276987584,0.5155666608609275,0.04161249686169917,2.099503437073632,1.0008592586864613,1.364931343437787,0.007700207939932091,0.9999946212849545,0.0,0.050000000000000044,0.050000000000000044,0.01798530217042451,0.029305503576717594,0.04742409571218029,0.050000000000000044,0.050000000000000044,"{'I': 1, 'W': 0, 'R': 1, 'C': 'free'}",False,True,True,1.0,3
3010,2,0.0698978954724034,0.9324467912593422,0.27253231973505515,2.2257643387680326,1.0186133052684483,1.7728538960675426,0.08808727381799974,0.999999999999979,0.0,0.050000000000000044,0.050000000000000044,0.09534176662585409,0.09534034330953152,0.26894635898060903,0.050000000000000044,0.4,"{'I': 1, 'W': 0, 'R': 1, 'C': 'free'}",False,True,True,1.0,3
3010,3,0.576737683686279,0.8582746930717942,1.3451645921202806,2.4279774565765213,1.3522728717742822,1.8576855329547668,0.9338665804700782,1.0,0.0,0.050000000000000044,0.010000000000000009,0.49998430356265117,0.09533430948036718,0.01406336730072044,0.050000000000000044,0.09999999999999998,"{'I': 0, 'W': 1, 'R': 0, 'C': 'costly'}",False,True,True,0.0,3
3019,1,0.0444965839264957,0.7369999942862735,0.13507167156287367,2.0824426746728686,1.0086898826369124,1.551792853835112,0.04233927656047831,0.9999999767378368,0.25,0.050000000000000044,0.050000000000000044,0.9046538081859004,0.4377720099428539,0.02930986760624704,0.25,0.25,"{'I': 1, 'W': 0, 'R': 1, 'C': 'free'}",False,True,True,0.0,2
3019,2,0.18383793014963645,1.0275476273070605,1.0738154031620342,2.127308933201548,1.0637965548292563,2.1301386775240263,0.3100009019861186,0.9999999986417263,0.0,0.09999999999999998,0.0,0.03732452739424884,0.06008081561933224,0.3775189023629861,0.050000000000000044,0.4,"{'I': 1, 'W': 0, 'R': 1, 'C': 'free'}",False,True,True,1.0,2
3019,3,0.5260250226853587,0.8029226671684492,1.595180542877318,2.394946577451025,1.5878755490821954,1.6885413094214952,0.9376119757408703,0.9999999999999999,0.0,0.050000000000000044,0.09999999999999998,0.06008531520882456,0.022973922195134944,0.0758592804254792,0.30000000000000004,0.75,"{'I': 1, 'W': 0, 'R': 1, 'C': 'free'}",False,True,True,0.0,2
3019,4,0.9653548629095808,0.873796168563545,2.264197230130402,2.3629552121496498,2.2048852437164146,1.6391468006035508,0.9991880559912376,0.9999999999886632,0.5,0.75,0.050000000000000044,0.5621023588666212,0.26891160841482137,0.22271056155247332,0.9,0.75,"{'I': 0, 'W': 1, 'R': 0, 'C': 'costly'}",False,True,True,0.0,2
3023,1,0.013035460540520512,0.6852446990150179,0.07485264899108575,1.8173406304882478,1.0018974127328473,1.5178626488090066,0.01505051102428867,0.9999999436750212,0.1,0.050000000000000044,0.030000000000000027,0.014063547950657652,0.037322553695316715,0.03732377916592526,0.050000000000000044,0.25,"{'I': 1, 'W': 0, 'R': 1, 'C': 'free'}",False,True,True,1.0,3
3023,2,0.2704650825950082,0.9504394993462446,0.9912514880934009,2.619448401826225,1.1556561274175923,2.2647087229739564,0.5148714112926336,1.0,0.25,0.050000000000000044,0.050000000000000044,0.43781931389202217,0.18241364635444646,0.43785332295202983,0.25,0.25,"{'I': 1, 'W': 0, 'R': 1, 'C': 'free'}",False,True,True,0.3333333333333333,3
3023,3,0.12570951116831658,0.6591459800736353,0.3748368610839195,1.9234530412829072,1.0367640862591792,1.5254352445001929,0.16516571504253696,0.999999999964799,0.05,0.050000000000000044,0.050000000000000044,0.01798594752627459,0.022975283373132597,0.04742590911821384,0.050000000000000044,0.25,"{'I': 1, 'W': 0, 'R': 1, 'C': 'free'}",False,True,True,0.0,3
3023,4,0.47128475522098257,0.7174592724850463,1.2415201149394453,2.5590290291046083,1.346718402545569,1.5834879704084872,0.9313708139900856,0.9999999999833734,0.1,0.050000000000000044,0.050000000000000044,0.14807290238564044,0.047419706777971526,0.11922059073904194,0.19999999999999996,0.25,"{'I': 1, 'W': 0, 'R': 1, 'C': 'free'}",False,True,True,0.0,3
3023,5,0.46312943926245154,0.9431965406795987,1.2441957919702211,2.5271283129719673,1.3545895446928946,2.0589976485779085,0.9117858515150487,1.0,0.3,0.050000000000000044,0.050000000000000044,0.437855001222832,0.22268930714899624,0.09535785189761806,0.25,0.25,"{'I': 1, 'W': 0, 'R': 1, 'C': 'free'}",False,True,True,0.0,3
3023,6,0.034940056947140787,0.8702858817801892,0.13653757483749593,2.3544704336604445,1.006774024022145,1.7267597623869175,0.058951547896199386,0.9999999999999826,0.1,0.050000000000000044,0.050000000000000044,0.09536000038251752,0.09534317952772088,0.18243523734799513,0.25,0.5,"{'I': 1, 'W': 0, 'R': 1, 'C': 'free'}",True,True,True,0.0,3
3023,7,0.31665066034955736,0.8129712182598917,1.3400113912079452,2.258571514461159,1.170348593423749,1.8248518132965406,0.7572479744771012,0.9999999999893232,0.05,0.050000000000000044,0.050000000000000044,0.11921311986028355,0.060083603019708984,0.07586655351051291,0.25,0.25,"{'I': 1, 'W': 0, 'R': 1, 'C': 'free'}",False,True,True,0.0,3
3033,1,0.3173435843167831,0.7439319675959843,0.9586421290138404,2.498923385370254,1.3108497350063557,1.6081347655797167,0.741633949192042,1.0,0.05,0.050000000000000044,0.010000000000000009,0.004070041737691358,0.022960379369771786,0.01798374796502149,0.050000000000000044,0.050000000000000044,"{'I': 1, 'W': 0, 'R': 1, 'C': 'free'}",False,True,True,1.0,3
3033,2,0.627021324630389,0.8053925321026233,1.5497636293718473,2.158333092430698,1.371305901390766,1.7403362387888026,0.7937811906457084,1.0,0.1,0.0,0.0,0.014062007115263673,0.022973557568656322,0.02931121148783779,0.050000000000000044,0.25,"{'I': 1, 'W': 0, 'R': 1, 'C': 'free'}",True,False,True,0.0,3
3033,3,0.7822842097948819,0.8578276118845327,1.9088534370501156,2.2091876828522463,1.5158508272559608,1.7671897574173563,0.8750553472025335,0.9999999999999999,0.1,0.050000000000000044,0.050000000000000044,0.07585225248864287,0.060072547828409525,0.01798541725277228,0.050000000000000044,0.25,"{'I': 1, 'W': 0, 'R': 1, 'C': 'free'}",False,True,True,0.0,3
3033,4,0.38645040878820147,0.9910548609817089,1.200185592778748,2.4479638094161,1.3107669212528423,1.9170069923501185,0.7415523215361748,0.999999999999999,0.1,0.050000000000000044,0.010000000000000009,0.014062469531387145,0.029304245732970066,0.02297561177754675,0.050000000000000044,0.050000000000000044,"{'I': 1, 'W': 0, 'R': 1, 'C': 'free'}",False,True,True,0.0,3
3033,5,0.804982360228015,0.8582729902250701,1.9672379663276924,2.505642932787381,1.48238811943711,1.8937021827856795,0.9057614824020521,1.0,0.25,0.050000000000000044,0.050000000000000044,0.0758625651087819,0.14801595295688585,0.03732639924379751,0.25,0.25,"{'I': 1, 'W': 0, 'R': 1, 'C': 'free'}",False,True,True,0.6666666666666666,3
3033,6,0.02930369084014318,0.9266545589112682,0.114645688985502,2.5260336576151636,1.0053377361413507,1.6763025397358233,0.031436512142409945,0.9999999999999991,0.1,0.050000000000000044,0.030000000000000027,0.01098637827840203,0.022970772249821976,0.014063123025153494,0.050000000000000044,0.25,"{'I': 1, 'W': 0, 'R': 1, 'C': 'free'}",False,True,True,0.6666666666666666,3
3033,7,0.3054926473538962,0.8391272392773114,1.271435934634304,2.34136996245217,1.10543293560244,1.8951268539956487,0.4519684008290088,1.0,0.1,0.050000000000000044,0.050000000000000044,0.02297785999659674,0.022970704017930325,0.03732713048427671,0.050000000000000044,0.25,"{'I': 1, 'W': 0, 'R': 1, 'C': 'free'}",False,True,True,0.3333333333333333,3
3095,1,0.023879920146458795,0.5803364878868557,0.15982096033996077,2.387637474148062,1.0055598171288853,1.4646762856952424,0.03806743427033876,0.9999999948368172,0.1,0.050000000000000044,0.010000000000000009,0.3207966536095962,0.11919270434089575,0.029309364340053806,0.050000000000000044,0.050000000000000044,"{'I': 1, 'W': 0, 'R': 1, 'C': 'free'}",False,True,True,1.0,3
3095,2,0.0021334528513939225,0.8419876946471163,0.00856918584493779,1.982569728244267,1.0002383586708115,1.68894654183835,0.0016669210165909387,0.999999284893702,0.0,0.050000000000000044,0.0,0.01798528794299695,0.017985330364684263,0.029311805472220818,0.050000000000000044,0.050000000000000044,"{'I': 1, 'W': 0, 'R': 1, 'C': 'free'}",True,False,True,0.0,3
3095,3,0.03943322319955406,0.6629380962115482,0.2686583657823247,2.1254445034019853,1.01144438650357,1.5485190038973822,0.0765658293222824,0.9999999999995477,0.0,0.050000000000000044,0.09999999999999998,0.010986782704052716,0.017985591097128256,0.148050774824029,0.050000000000000044,1.0,"{'I': 1, 'W': 0, 'R': 1, 'C': 'free'}",False,True,True,1.0,3
3095,4,0.07094566448445781,0.5977109901809352,0.4757525325718279,2.2237405551208096,1.0295896657500714,1.3494230457158838,0.1846374195571786,0.9999989691716623,0.0,0.050000000000000044,0.050000000000000044,0.008577399775611257,0.010986485656387473,0.029312319573946206,0.050000000000000044,0.4,"{'I': 1, 'W': 0, 'R': 1, 'C': 'free'}",True,False,True,0.0,3
3095,5,0.09244685065539543,0.8204150275849607,0.4909620933018091,2.3954188732583335,1.0286954636133345,1.7497584204334287,0.36406781528059273,1.0,0.0,0.010000000000000009,0.010000000000000009,0.0015011223827509695,0.0019265657304090404,0.003172529138376412,0.050000000000000044,0.050000000000000044,"{'I': 0, 'W': 1, 'R': 0, 'C': 'costly'}",False,True,True,1.0,3
3115,1,0.02208931907379214,0.7129175138994984,0.07511815809974856,1.8724920500503477,1.0035238151423151,1.577866521570379,0.020884559171666983,0.999999953075428,0.0,0.050000000000000044,0.030000000000000027,0.2689306228399317,0.2226744918753755,0.04742355884792098,0.050000000000000044,0.050000000000000044,"{'I': 1, 'W': 0, 'R': 1, 'C': 'free'}",False,True,True,1.0,3
3115,2,0.0013812521046685621,0.5962404366837217,0.005252698006995266,2.0227194262052146,1.0001465654341204,1.5618620790577586,0.000878941671020872,0.9999999999990133,0.0,0.050000000000000044,0.0,0.006692785204357229,0.022975768003498223,0.06008642265600606,0.050000000000000044,0.25,"{'I': 1, 'W': 0, 'R': 1, 'C': 'free'}",False,True,True,1.0,3
3115,3,0.2709577666202916,0.7058776717222061,1.131671092923053,2.1171609842918433,1.1473774526216616,1.5583801257926762,0.7098362207371458,0.9999999999997006,0.15,0.050000000000000044,0.030000000000000027,0.07585713121028474,0.0600807134037224,0.037326574797034884,0.050000000000000044,0.25,"{'I': 1, 'W': 0, 'R': 1, 'C': 'free'}",False,True,True,0.0,3
3115,4,0.17595016632880117,0.8442282502641645,1.1110499000873675,2.4780581496637777,1.0687526162996512,1.8060722987705522,0.5786950920178786,1.0,0.1,0.050000000000000044,0.050000000000000044,0.01098598808128951,0.010984459666409522,0.00857706237422297,0.19999999999999996,0.25,"{'I': 0, 'W': 1, 'R': 0, 'C': 'costly'}",False,True,True,0.6666666666666666,3
3124,1,0.13700669545323493,0.6032009154671707,0.5193345592127505,2.4138807529537822,1.0291004415550358,1.4345519053255826,0.181920239576444,0.9999999569140703,0.0,0.050000000000000044,0.030000000000000027,0.014063395699296153,0.022976481534560837,0.060082546893382834,0.050000000000000044,0.050000000000000044,"{'I': 1, 'W': 0, 'R': 1, 'C': 'free'}",False,True,True,1.0,3
3124,2,0.43574880691433876,0.5600877415862264,1.3015469156356014,2.1819531565167987,1.1412090346895098,1.3535869815525237,0.7661255459470359,0.9999999984496609,0.3,0.050000000000000044,0.030000000000000027,0.1824323844891745,0.09534006638262496,0.09535136142442581,0.25,0.25,"{'I': 1, 'W': 0, 'R': 1, 'C': 'free'}",False,True,True,1.0,3
3124,3,0.6102587254375295,0.7425031192151318,1.1846735848204086,2.3394929488583087,1.7198747109600405,1.7114700369690887,0.9924049838107067,1.0,0.25,0.050000000000000044,0.09999999999999998,0.5622039481330131,0.3208135878993777,0.43785230414256265,0.30000000000000004,0.25,"{'I': 1, 'W': 0, 'R': 1, 'C': 'free'}",False,True,True,0.0,3
3124,4,0.32244235215707034,0.5061575236714075,1.0208084317015194,2.160254983284622,1.316901044442047,1.352272670642952,0.9720868305136732,0.9999999999946485,0.3,0.050000000000000044,0.050000000000000044,0.5621951489663265,0.26892026720901546,0.5000814727097209,0.30000000000000004,0.30000000000000004,"{'I': 1, 'W': 0, 'R': 1, 'C': 'free'}",False,True,True,1.0,3
3124,5,0.07261169611025706,0.5715268927287497,0.6991455380809002,2.2643444254424763,1.0580930353273175,1.3683056477529039,0.5200567640958653,0.9999999999872546,0.1,0.050000000000000044,0.050000000000000044,0.037324863388062526,0.022975957642219155,0.2227099486279566,0.25,0.25,"{'I': 1, 'W': 0, 'R': 1, 'C': 'free'}",True,False,True,0.0,3
3124,6,0.11286504355200298,0.686970601591236,0.5569165391809244,2.2353881328731373,1.034943626718242,1.5253421281440758,0.36014293136986875,1.0,0.25,0.050000000000000044,0.050000000000000044,0.07585290161012051,0.04742182891483601,0.4378364259349881,0.30000000000000004,0.8,"{'I': 1, 'W': 0, 'R': 1, 'C': 'free'}",True,False,True,0.0,3
3124,7,0.4185109881206336,0.6634343560808625,1.5884826087702058,2.451031001933932,1.4245342416652822,1.4523234711846353,0.9950465634219724,1.0,0.25,0.050000000000000044,0.050000000000000044,0.37752357075639137,0.3207866213500773,0.3208770223973077,0.30000000000000004,0.25,"{'I': 0, 'W': 1, 'R': 0, 'C': 'costly'}",False,True,True,0.0,3
3129,1,0.05545950322843531,0.7457898302033816,0.32493582247361774,2.3121811721317447,1.011636445791569,1.7056202773030533,0.08840011181069252,1.0,0.0,0.050000000000000044,0.050000000000000044,0.029311618463243053,0.022971850890861435,0.029310463706562116,0.050000000000000044,0.050000000000000044,"{'I': 1, 'W': 0, 'R': 1, 'C': 'free'}",False,True,True,1.0,3
3129,2,0.10712871510867343,0.5120514589147082,0.7060159698483855,1.836828607825943,1.0302072978461732,1.398994018644099,0.2574019924849953,0.9999998598301241,0.0,0.09999999999999998,0.050000000000000044,0.010986829587812434,0.0024725461477341044,0.0600844154531712,0.25,0.4,"{'I': 1, 'W': 0, 'R': 1, 'C': 'free'}",False,True,True,1.0,3
3129,3,0.05037686123093542,0.4735289521692589,0.267205815346995,1.6900147626805084,1.0103794631311696,1.3617479514430904,0.0981072456797597,0.9999998551005493,0.0,0.050000000000000044,0.010000000000000009,0.0031726016811399055,0.004069714262264068,0.014062370046305084,0.050000000000000044,0.09999999999999998,"{'I': 1, 'W': 0, 'R': 1, 'C': 'free'}",True,False,True,0.0,3
3129,4,0.4089654487317516,0.648808052240995,1.1464999191475587,2.2499686215835712,1.2307844688673883,1.565202748529862,0.7123211352518655,0.9999999367751611,0.0,0.050000000000000044,0.010000000000000009,0.07585130214270212,0.00406902092513396,0.0031725186745877897,0.050000000000000044,0.050000000000000044,"{'I': 0, 'W': 1, 'R': 0, 'C': 'costly'}",False,True,True,0.0,3
3133,1,0.008766579303251608,0.6967391193775011,0.03858995019095419,2.1810501864058374,1.0011512232945503,1.540304102785438,0.009162257523737893,0.9999999984777156,0.0,0.050000000000000044,0.050000000000000044,0.014063272667432987,0.03732419740494875,0.017985564078096372,0.25,0.25,"{'I': 1, 'W': 0, 'R': 1, 'C': 'free'}",False,True,True,1.0,2
3133,2,0.02847353568054072,0.6340372425196071,0.17519277562752802,2.062056337941659,1.0054335383205328,1.495047744193453,0.05786540172360044,0.9999999999955597,0.0,0.010000000000000009,0.030000000000000027,0.014063025400920429,0.017983300694501447,0.014063393429692029,0.050000000000000044,0.050000000000000044,"{'I': 1, 'W': 0, 'R': 1, 'C': 'free'}",False,True,True,0.0,2
3133,3,0.17213246619207734,1.0597419087659377,0.43634572197337285,2.781651006116635,1.0396726860662822,2.2479074459198487,0.2674674552945152,1.0,0.3,0.050000000000000044,0.0,0.7773053452486842,0.6224589341720244,0.7310924758274999,0.7,0.7,"{'I': 1, 'W': 0, 'R': 1, 'C': 'free'}",False,True,True,0.0,2
3133,4,0.08839413696289154,1.0319134643588554,0.6031872851152715,2.679270899968549,1.0422097404098254,1.9783743628462487,0.2816121506752498,1.0,0.05,0.050000000000000044,0.050000000000000044,0.06009193223962786,0.04741874881512705,0.11921988297437162,0.19999999999999996,0.30000000000000004,"{'I': 1, 'W': 0, 'R': 1, 'C': 'free'}",True,True,True,0.0,2
3133,5,0.19619457350045888,0.5587949859621187,0.7794687477865035,2.1867667379793545,1.0646073976532715,1.455429329399128,0.4977548819286104,0.9999999999917472,0.05,0.050000000000000044,0.010000000000000009,0.022976790938129002,0.022975329261956834,0.03733029086832323,0.09999999999999998,0.050000000000000044,"{'I': 1, 'W': 0, 'R': 1, 'C': 'free'}",False,True,True,0.5,2
3133,6,0.3846006612569157,0.6396434590049063,0.7241022598551297,2.090344861582,1.953029745475107,1.5191513497981795,0.9648070468908553,0.9999999455549694,0.01,0.050000000000000044,0.0,0.017986031152875115,0.010985607509978472,0.017986593531995967,0.09999999999999998,0.050000000000000044,"{'I': 1, 'W': 0, 'R': 1, 'C': 'free'}",False,True,True,0.5,2
3133,7,0.06629288593995519,0.540871814150435,0.42022527527624803,1.9347415994273893,1.0196494401686158,1.4613402472642927,0.19269012719824197,0.9999999915436282,0.05,0.050000000000000044,0.050000000000000044,0.014062937402669297,0.029308470319935418,0.04742826763590284,0.050000000000000044,0.09999999999999998,"{'I': 1, 'W': 0, 'R': 1, 'C': 'free'}",True,True,True,0.0,2
3162,1,0.16722372205377453,0.5284248313473456,0.7451476957506845,2.019087960486124,1.1280334932747758,1.3464447618167403,0.6185619253101269,0.9999988588910547,0.0,0.050000000000000044,0.030000000000000027,0.03732642685760136,0.07585162777536056,0.07585405150966051,0.25,0.25,"{'I': 1, 'W': 0, 'R': 1, 'C': 'free'}",False,True,True,1.0,3
3162,2,0.3172628011583196,0.7136132191257123,1.254849641165824,2.001310475847056,1.1374019330713194,1.484697903597628,0.6429834870588484,0.9999999719505851,0.05,0.050000000000000044,0.050000000000000044,0.022976682833246675,0.022976234913361423,0.03732655694293187,0.050000000000000044,0.050000000000000044,"{'I': 1, 'W': 0, 'R': 1, 'C': 'free'}",True,False,True,0.0,3
3162,3,0.06371440404838413,0.604742479309783,0.22333492858655396,2.133414740665742,1.0129550124745565,1.4356258334330645,0.10938792399887676,0.9999999999994367,0.1,0.050000000000000044,0.050000000000000044,0.14804235165045782,0.2226792379842463,0.06008812134613547,0.25,0.25,"{'I': 1, 'W': 0, 'R': 1, 'C': 'free'}",False,True,True,0.3333333333333333,3
3162,4,0.4023484264317541,0.7268692888318367,1.826390744930348,2.2411499763888867,1.2271829398798377,1.7211763288543593,0.8709057470927106,1.0,0.05,0.050000000000000044,0.050000000000000044,0.022976606081990307,0.014062711199476177,0.0600871146673625,0.050000000000000044,0.25,"{'I': 1, 'W': 0, 'R': 1, 'C': 'free'}",False,True,True,0.0,3
3162,5,0.053493882485556456,0.6415188757213508,0.3068054497304367,2.3072719504704664,1.0111423923803025,1.4962038027017095,0.10488916668670922,0.9999999999981136,0.05,0.050000000000000044,0.050000000000000044,0.07585519356965986,0.047418896235541526,0.02297778362854716,0.09999999999999998,0.25,"{'I': 1, 'W': 0, 'R': 1, 'C': 'free'}",True,False,True,0.0,3
3162,6,0.566738041254592,0.6062857568910736,1.2239945242989854,1.9886796625591425,1.3253496180537443,1.5236770758352727,0.7554612354880366,0.9999999999999322,0.05,0.050000000000000044,0.050000000000000044,0.03732631837445938,0.014062343537176392,0.029313716733686337,0.09999999999999998,0.050000000000000044,"{'I': 1, 'W': 0, 'R': 1, 'C': 'free'}",False,True,True,0.3333333333333333,3
3162,7,0.36875943021809376,0.577172030326255,0.8330343280988006,2.245258137629974,1.183342554919787,1.450121607475324,0.569029457634533,0.9999999999999909,0.05,0.050000000000000044,0.050000000000000044,0.008577801012497263,0.010986816095341473,0.01798655784926225,0.050000000000000044,0.09999999999999998,"{'I': 1, 'W': 0, 'R': 1, 'C': 'free'}",True,False,True,0.0,3
3169,1,0.016197373986116773,0.5565532898510319,0.0689018461373328,1.9438041261386125,1.0023169979274582,1.5184795389466619,0.013789942453117043,0.9999999895766709,0.1,0.050000000000000044,0.030000000000000027,0.43782021502677704,0.1191908088871748,0.11919800117555057,0.25,0.050000000000000044,"{'I': 1, 'W': 0, 'R': 1, 'C': 'free'}",False,True,True,0.0,3
3169,2,0.04692471406620896,0.7057322210965277,0.24248344442257527,1.6798799151912658,1.009397217256971,1.6682468814188292,0.05457434898861646,0.9999999940245846,0.0,0.09999999999999998,0.0,0.022976770222204717,0.06008081281917024,0.22270313447563142,0.050000000000000044,0.09999999999999998,"{'I': 1, 'W': 0, 'R': 1, 'C': 'free'}",False,True,True,1.0,3
3169,3,0.16939505183261702,0.6738748378223813,0.8469432892727244,2.2093649237968744,1.1513650758439404,1.5548430049466477,0.6761860275385809,0.9999999999999842,0.05,0.050000000000000044,0.050000000000000044,0.07585594144038896,0.06007876143558346,0.2689838751178556,0.050000000000000044,0.09999999999999998,"{'I': 1, 'W': 0, 'R': 1, 'C': 'free'}",False,True,True,1.0,3
3169,4,0.44956456467674477,0.745827975583962,0.9418235458486758,2.2633389865463767,1.3733182533699049,1.5080370988890022,0.9209629976991313,0.9999994303880363,0.0,0.050000000000000044,0.0,0.06008545900057975,0.022974307353170794,0.03732706638775238,0.050000000000000044,0.050000000000000044,"{'I': 1, 'W': 0, 'R': 1, 'C': 'free'}",False,True,True,0.0,3
3169,5,0.22735569860799346,0.48097586939390663,0.6924918862919293,2.2552889363735553,1.1024213496646826,1.303168451614755,0.541626947347857,0.9999976827511375,0.01,0.010000000000000009,0.010000000000000009,0.006691694605154917,0.005218216024767371,0.010985268971021917,0.050000000000000044,0.050000000000000044,"{'I': 0, 'W': 1, 'R': 0, 'C': 'costly'}",False,True,True,1.0,3
3188,1,0.07087027096707087,0.6923283871895701,0.3436052654281814,2.065944721346167,1.0212293329206132,1.5015920237130393,0.09970757316356071,0.9999999133194033,0.0,0.050000000000000044,0.050000000000000044,0.04742432251348777,0.09533712876839268,0.1480307356901973,0.25,0.25,"{'I': 1, 'W': 0, 'R': 1, 'C': 'free'}",False,True,True,1.0,3
3188,2,0.43234070797282725,0.9847247775974106,1.3910077038680937,2.338905266701679,1.298160031082823,2.0342244870977164,0.7910556660347798,1.0,0.0,0.09999999999999998,0.0,0.017985476991563654,0.029308925556075678,0.06008224708848231,0.4,0.75,"{'I': 1, 'W': 0, 'R': 1, 'C': 'free'}",False,True,True,0.3333333333333333,3
3188,3,0.20939383892548422,1.1406802476150215,0.6629557421914374,2.617210002297748,1.0629242441121487,2.2205063690149482,0.30659635163677246,1.0,0.1,0.050000000000000044,0.0,0.00857635104365671,0.014061779884336335,0.022976701590295863,0.30000000000000004,0.75,"{'I': 1, 'W': 0, 'R': 1, 'C': 'free'}",True,False,True,0.0,3
3188,4,0.35227397962360824,1.2804852075023845,0.9345481143190694,2.4815773781675556,1.1124144518986603,2.4481442075722444,0.5256120558801847,1.0,0.5,0.9,0.7,0.880802725166994,0.817557535780425,0.2689560407758693,0.9,0.9,"{'I': 1, 'W': 0, 'R': 1, 'C': 'free'}",False,True,True,1.0,3
3188,5,0.18644236978614667,0.9234962823865416,1.6704190204285734,2.62166383516947,1.1949004714038554,1.7788819736359123,0.831467883312769,1.0,0.3,0.050000000000000044,0.75,0.5000085285905077,0.49998838616082186,0.1824293788645653,0.8,0.8,"{'I': 1, 'W': 0, 'R': 1, 'C': 'free'}",False,True,True,1.0,3
3188,6,0.1388842554452018,0.7116796500995761,0.6981348515920093,2.2349537019364156,1.0925372525854107,1.6950665959102869,0.6542478017678031,1.0,0.3,0.9,0.75,0.6224765828302685,0.6224405173234057,0.6224736093428269,0.7,0.8,"{'I': 1, 'W': 0, 'R': 1, 'C': 'free'}",False,True,True,1.0,3
3188,7,0.06478525171467693,0.9385603740354702,0.39414927306484204,2.610133139443436,1.0170444223698276,1.9836417068916472,0.18356628448159185,1.0,0.0,1.0,0.0,0.037327044622802334,0.037326465746760046,0.022977282448504423,1.0,1.0,"{'I': 1, 'W': 0, 'R': 1, 'C': 'free'}",True,False,True,0.0,3
319,1,0.11759199086678342,0.8461049511125621,0.7659550406768967,2.260987900569538,1.035798488129516,1.8344924231702178,0.218240638556784,0.9999999999712019,0.25,0.050000000000000044,0.050000000000000044,0.14804076682218203,0.3774772997979554,0.9046573753786895,0.25,0.5,"{'I': 1, 'W': 0, 'R': 1, 'C': 'free'}",False,True,True,1.0,3
319,2,0.49438354454408034,0.8349735735392826,1.9218619589828843,2.571570252988065,1.3671721489492235,1.6092449078541697,0.8879949559125477,0.9999999999995994,0.25,0.050000000000000044,0.0,0.0758544392414788,0.2689177791727168,0.7310591423164465,0.30000000000000004,0.5,"{'I': 1, 'W': 0, 'R': 1, 'C': 'free'}",True,False,True,0.0,3
319,3,0.36551244411221634,0.8077147256376772,2.0447228303882556,2.234111220476615,1.1882678465412477,1.7401564260639564,0.8500514751393192,0.9999999999999998,0.25,0.050000000000000044,0.09999999999999998,0.26896684573665497,0.1480374497015164,0.9241492194531964,0.30000000000000004,0.5,"{'I': 1, 'W': 0, 'R': 1, 'C': 'free'}",False,True,True,1.0,3
319,4,0.2181061398650038,0.9622513529807383,0.8363857381044892,2.332405106369699,1.0645378108243522,1.923282050297181,0.4973936248934069,1.0,0.25,0.75,0.050000000000000044,0.7310886811926635,0.2689195340743091,0.5000161681702019,0.7,0.75,"{'I': 1, 'W': 0, 'R': 1, 'C': 'free'}",True,False,True,0.0,3
319,5,0.11998686903717919,0.7465101661631882,0.5983776496867096,2.2371763568797376,1.0344965591782225,1.6310784231283797,0.334341634992504,1.0,0.3,0.050000000000000044,0.050000000000000044,0.060087322025681504,0.03732475019175192,0.03732673769647208,0.30000000000000004,0.30000000000000004,"{'I': 1, 'W': 0, 'R': 1, 'C': 'free'}",False,True,True,0.3333333333333333,3
319,6,0.18289581672427246,0.9067624691957185,0.7459879032021153,2.62504763426284,1.137533639771238,1.8029358313369481,0.7576777660118812,1.0,0.25,0.09999999999999998,0.19999999999999996,0.3775543621179898,0.09534765981179553,0.5000231981226873,0.7,0.8,"{'I': 1, 'W': 0, 'R': 1, 'C': 'free'}",False,True,True,0.0,3
319,7,0.2946821532982739,0.870345265042826,1.2653641584500122,2.2264796446886623,1.3073330803970595,1.9010075425513977,0.8467867779234992,1.0,0.3,0.19999999999999996,0.050000000000000044,0.4378011790978334,0.32080669227317044,0.43787498612477277,0.7,0.7,"{'I': 1, 'W': 0, 'R': 1, 'C': 'free'}",False,True,True,0.3333333333333333,3
3196,1,0.006620991584690248,0.36522178665018956,0.029549026373377613,1.3382365485355472,1.0008404539690552,1.1754702872199665,0.006698273764510376,0.9998383519061924,0.0,0.050000000000000044,0.030000000000000027,0.022976710347809737,0.047422613111249345,0.037324828522854805,0.050000000000000044,0.050000000000000044,"{'I': 1, 'W': 0, 'R': 1, 'C': 'free'}",False,True,True,1.0,3
3196,2,0.02047255009668037,0.35418635798137,0.10224539964748039,1.9147574815354949,1.0037063941291828,1.2502462903041027,0.029162656366511608,0.9999981065183577,0.0,0.050000000000000044,0.050000000000000044,0.029311664841237945,0.029309724715784805,0.18242608573911123,0.050000000000000044,0.09999999999999998,"{'I': 1, 'W': 0, 'R': 1, 'C': 'free'}",False,True,True,1.0,3
3196,3,0.13206840205531578,0.5719902304087445,1.014474681047464,2.1556537087307466,1.0427368071828396,1.4926732729760686,0.44338597298433147,0.9999999997296425,0.1,0.050000000000000044,0.050000000000000044,0.6791958731506084,0.26896403823810383,0.7773083835020465,0.09999999999999998,0.25,"{'I': 0, 'W': 1, 'R': 0, 'C': 'costly'}",False,True,True,0.3333333333333333,3
3216,1,0.25139213319585424,0.5548820354329184,1.2482178310210652,1.840668862034565,1.0944723921494766,1.424849531503886,0.5143073720621462,0.9999999994058997,0.25,0.050000000000000044,0.010000000000000009,0.060086677260308134,0.06008183922747227,0.14803384286653182,0.25,0.25,"{'I': 1, 'W': 0, 'R': 1, 'C': 'free'}",False,True,True,0.3333333333333333,3
3216,2,0.5388980262152367,0.9817691018585781,2.3069907503245477,2.5030202855123407,1.4540036871464157,2.017788249028584,0.9999908700319621,1.0,1.0,1.0,0.0,0.9820107652168754,0.8519409106098441,0.43782100050612,0.9,1.0,"{'I': 0, 'W': 1, 'R': 0, 'C': 'costly'}",False,True,True,0.0,3
3234,1,0.016785973250686176,0.6222480411435672,0.042187091815506235,2.1864566229648337,1.002466946298627,1.4356581813596598,0.012243967020426405,0.999999940344335,0.0,0.050000000000000044,0.030000000000000027,0.008577176425528356,0.03732342187977356,0.02930985684215676,0.050000000000000044,0.050000000000000044,"{'I': 1, 'W': 0, 'R': 1, 'C': 'free'}",False,True,True,1.0,3
3234,2,0.023409252769220686,0.7608784702209425,0.07918439066095162,1.7891337742334128,1.0036834813634121,1.5178595046916623,0.018215622707386636,0.9999999930083585,0.0,0.050000000000000044,0.050000000000000044,0.06008504571697868,0.07585353211118777,0.18242991748733556,0.25,0.25,"{'I': 1, 'W': 0, 'R': 1, 'C': 'free'}",False,True,True,1.0,3
3234,3,0.7073562291477821,0.9295010419105252,1.6926342404419836,2.3340526619774535,1.9790603502097508,1.9204989200105576,0.967061424725398,1.0,0.05,0.050000000000000044,0.050000000000000044,0.2689695527767063,0.0758454450192581,0.060089087071440596,0.050000000000000044,0.25,"{'I': 1, 'W': 0, 'R': 1, 'C': 'free'}",False,True,True,0.0,3
3234,4,0.2618506111844749,0.6558781210426301,0.8568721866002302,2.1132339816520975,1.2445671479036158,1.4414626874575285,0.6651052533034344,0.9999999885229639,0.05,0.050000000000000044,0.050000000000000044,0.03732320520138428,0.008575909586093678,0.0085772978684471,0.050000000000000044,0.050000000000000044,"{'I': 0, 'W': 1, 'R': 0, 'C': 'costly'}",False,True,True,0.6666666666666666,3
3253,1,0.11148059492004835,0.5410938360860753,0.6323637604562675,1.8577790721109644,1.2096674265326515,1.4083237541231794,0.6808432145002938,0.9999912074500409,0.25,0.050000000000000044,0.030000000000000027,0.6224592834424366,0.2689104268415428,0.010986521659684334,0.25,0.050000000000000044,"{'I': 1, 'W': 0, 'R': 1, 'C': 'free'}",False,True,True,0.0,3
3253,2,0.12627083369525993,0.6655501920283057,0.6635047449536436,1.6601547360709603,1.179015325803935,1.7085881950227226,0.6277083485976966,0.9999998207268047,0.0,0.0,0.0,0.07585850704554419,0.07585399450417012,0.18241873539664144,0.050000000000000044,0.4,"{'I': 1, 'W': 0, 'R': 1, 'C': 'free'}",False,True,True,1.0,3
3253,3,0.15693031848659955,0.5430006689376429,0.6338068730542227,1.9253697880185836,1.0738483286595801,1.4365584433295249,0.39270545341306884,0.9999996453950942,0.0,0.050000000000000044,0.010000000000000009,0.07584949120733896,0.0474172061036624,0.04742529330652957,0.050000000000000044,0.09999999999999998,"{'I': 1, 'W': 0, 'R': 1, 'C': 'free'}",False,True,True,1.0,3
3253,4,0.1237600088831417,0.47223773746544356,0.9087332816181246,2.086112075793959,1.0349488952946506,1.274833035485011,0.33782445710235154,0.9999889415445254,0.01,0.030000000000000027,0.010000000000000009,0.006692312369659768,0.0040693817599687055,0.006692350138992679,0.050000000000000044,0.050000000000000044,"{'I': 0, 'W': 1, 'R': 0, 'C': 'costly'}",False,True,True,1.0,3
3265,1,0.014543193428529241,0.5792509681917503,0.10149568316450877,1.6336127389511166,1.0026395958218628,1.4027408222439068,0.020868128831397992,0.9999990582727714,0.0,0.050000000000000044,0.050000000000000044,0.017985826634778997,0.03732492914282665,0.029310013730062694,0.25,0.25,"{'I': 1, 'W': 0, 'R': 1, 'C': 'free'}",False,True,True,1.0,3
3265,2,0.21460457592343685,0.6259749353665258,1.302384802980753,1.89344727650531,1.096403839264026,1.429959693066774,0.5632176593416647,0.9999999979961398,0.0,0.050000000000000044,0.0,0.2227018097259155,0.32080743212840507,0.7310483198683178,0.5,1.0,"{'I': 1, 'W': 0, 'R': 1, 'C': 'free'}",False,False,True,0.0,3
3265,3,0.3121580203410482,0.782555542620605,1.40918228721337,2.696434720606289,1.3711736065930265,1.5731190731720621,0.8902630501344921,0.9999999999975393,0.3,0.050000000000000044,0.050000000000000044,0.07585794260140828,0.14804155958903853,0.4378205042606059,0.30000000000000004,0.8,"{'I': 1, 'W': 0, 'R': 1, 'C': 'free'}",False,True,True,1.0,3
3265,4,0.25248703436747344,0.562397269922008,1.1098801064134607,1.9930133058841208,1.259545324046221,1.361219468852588,0.8746640086838253,0.9999997988164804,0.25,0.050000000000000044,0.050000000000000044,0.09534958356401659,0.029311735366797806,0.1480460593827273,0.30000000000000004,0.30000000000000004,"{'I': 1, 'W': 0, 'R': 1, 'C': 'free'}",False,True,True,1.0,3
3265,5,0.16956450974580958,0.6469175142404318,0.9052409596880088,1.9611503130671764,1.0658766052459623,1.5461116598651126,0.5349315916005213,0.9999999994664218,0.3,0.050000000000000044,0.050000000000000044,0.09535110727523832,0.017985878539605062,0.3775451016864024,0.30000000000000004,0.75,"{'I': 1, 'W': 0, 'R': 1, 'C': 'free'}",False,True,True,1.0,3
3265,6,0.07620008076225972,0.7434990412366523,0.3954549915286197,2.3948593181253415,1.0176930109437705,1.7499311362270562,0.1897883266150837,1.0,0.1,0.09999999999999998,1.0,0.07585788064398531,0.014062992878770523,0.1824275121077121,0.7,0.8,"{'I': 1, 'W': 0, 'R': 1, 'C': 'free'}",True,False,True,0.0,3
3265,7,0.8568897165239856,0.6718843188038417,2.6397217649197446,2.3765201721705216,1.8845939716033528,1.5753188346175337,0.9999999999997813,0.9999999999999999,0.5,1.0,0.050000000000000044,0.8807659677967403,0.562162927085304,0.22270129576578174,0.8,0.8,,False,True,False,0.0,3
3291,1,0.3976483221280004,0.4363059197158919,1.440058281140651,1.6923998705088632,1.1938031790820451,1.3403073986137488,0.710618420711789,0.9999992162309985,0.0,0.050000000000000044,0.050000000000000044,0.03732595211573834,0.0758493990417269,0.11919195701443731,0.25,0.25,"{'I': 1, 'W': 0, 'R': 1, 'C': 'free'}",False,True,True,0.0,3
3291,2,0.33312883038801705,1.127736501952672,1.4496803802572191,2.429924255399161,1.3315569124110074,1.9187297563472803,0.9240089581429803,0.9999999999993233,0.25,0.0,0.0,0.5621912789621175,0.18239987789115944,0.18242604201522672,0.5,0.4,"{'I': 1, 'W': 0, 'R': 1, 'C': 'free'}",False,True,True,0.0,3
3291,3,0.9325199028660304,0.7810074627311213,1.8780498806702057,2.354358432048893,1.531646244375892,1.7307270130813024,0.9669834084420307,0.9999999999999544,0.05,0.050000000000000044,0.010000000000000009,0.04742877255064895,0.060075008199467685,0.06009652964872776,0.25,0.25,"{'I': 1, 'W': 0, 'R': 1, 'C': 'free'}",False,True,True,0.0,3
3291,4,0.5307625282793486,0.823705806637918,1.7056811513995438,2.4338636079132576,1.686522187758618,1.6174970638528174,0.9981115943519298,0.9999999999999999,0.05,0.050000000000000044,0.050000000000000044,0.18244118852010482,0.060079038962858745,0.04742703376029296,0.19999999999999996,0.25,"{'I': 1, 'W': 0, 'R': 1, 'C': 'free'}",False,True,True,0.0,3
3291,5,0.3040115085396052,1.074309245174148,1.2185846250400227,2.598026645287632,1.3894088048950313,1.9549378851721178,0.9860937705008577,0.9999999999999986,0.25,0.050000000000000044,0.050000000000000044,0.1480604007987808,0.037322522819183225,0.03732800180450881,0.19999999999999996,0.25,"{'I': 1, 'W': 0, 'R': 1, 'C': 'free'}",False,True,True,0.0,3
3291,6,0.6220523664424562,1.0159584034699107,1.3199217840001773,2.3521344704884406,1.4122382231193933,1.914214870469154,0.9367972018815599,0.9999999999294763,0.25,0.050000000000000044,0.0,0.18247951349280803,0.02930997463563655,0.07586666908413803,0.25,0.09999999999999998,"{'I': 1, 'W': 0, 'R': 1, 'C': 'free'}",False,True,True,0.0,3
3291,7,0.19647600204700805,1.124782111054194,0.6133299644959453,2.4512290190323265,1.084940918823429,2.1116064332248525,0.47910368184839947,1.0,0.0,0.050000000000000044,0.010000000000000009,0.07587254640260492,0.014061934093458841,0.014064218692397896,0.09999999999999998,0.25,"{'I': 1, 'W': 0, 'R': 1, 'C': 'free'}",True,False,True,0.0,3
3317,1,0.1938828645035606,0.579469109206415,1.0354662808842492,2.6086363089986935,1.0794516497809483,1.4459405959470755,0.497459288596366,0.9999999952991484,0.0,0.050000000000000044,0.050000000000000044,0.8519644718810404,0.8519198133980993,0.4999632833861635,0.25,0.75,"{'I': 1, 'W': 0, 'R': 1, 'C': 'free'}",False,True,True,1.0,3
3317,2,0.11150397298865011,0.6076761762304027,0.6558663698730111,2.249341969944675,1.056445278996906,1.4833286548104834,0.28068691627447784,0.9999999998829877,0.05,0.050000000000000044,0.0,0.006692734348745457,0.014062932120082357,0.010986563491999965,0.050000000000000044,0.19999999999999996,"{'I': 1, 'W': 0, 'R': 1, 'C': 'free'}",False,True,True,1.0,3
3317,3,0.14137196652832787,0.4843936267635651,1.1128120559140786,1.9675532025602476,1.0730222819733468,1.3627608124676693,0.8610190527745407,0.9999999999759648,0.1,0.050000000000000044,0.010000000000000009,0.03733098518558036,0.02930964094842203,0.022979088550203846,0.050000000000000044,0.09999999999999998,"{'I': 0, 'W': 1, 'R': 0, 'C': 'costly'}",False,True,True,0.6666666666666666,3
3341,1,0.07745854250648794,0.764859556248129,0.4318390491632767,2.462186739105495,1.0280300211725633,1.7890088716451409,0.1528404408010906,0.9999999999999999,0.0,0.050000000000000044,0.030000000000000027,0.022976662016858586,0.06007478738405947,0.037323583985924905,0.09999999999999998,0.050000000000000044,"{'I': 1, 'W': 0, 'R': 1, 'C': 'free'}",False,True,True,1.0,3
3341,2,0.0010132226556269141,0.6221544908742838,0.003239459138319113,2.0707009483414622,1.0001002994016972,1.4503696042787342,0.0007018142174565201,0.9999999822571697,0.0,0.050000000000000044,0.0,0.017985412471286592,0.06008307346663958,0.06008535394479419,0.050000000000000044,0.09999999999999998,"{'I': 1, 'W': 0, 'R': 1, 'C': 'free'}",False,True,True,1.0,3
3341,3,0.12867690507241186,0.603185318519099,0.5308838785005758,2.7033281236264024,1.0342893771510275,1.670259166265917,0.21022105684029202,1.0,0.0,0.050000000000000044,0.010000000000000009,0.005219767284611023,0.004069608425170334,0.0040699545590767204,0.050000000000000044,0.050000000000000044,"{'I': 0, 'W': 1, 'R': 0, 'C': 'costly'}",False,True,True,1.0,3
3352,1,0.15672276573369592,0.6337624634718875,0.6944920846466645,1.8546768122529045,1.112784857144547,1.5223650511379156,0.47333706225827,0.9999999988608562,0.05,0.050000000000000044,0.050000000000000044,0.8175970981630549,0.4378081772796927,0.07585332211403766,0.25,0.25,"{'I': 1, 'W': 0, 'R': 1, 'C': 'free'}",False,True,True,1.0,3
3352,2,0.10203491190444214,0.7715680859877376,0.37403131622925995,2.080323323668016,1.0323835931508887,1.7207099185661425,0.17405061181040204,0.9999999999999996,0.1,0.050000000000000044,0.030000000000000027,0.014063360939932072,0.02931055027763915,0.06008632062034275,0.050000000000000044,0.25,"{'I': 1, 'W': 0, 'R': 1, 'C': 'free'}",False,True,True,1.0,3
3352,3,1.052303364792988,0.7756778661119332,2.340492472688839,2.272093132083021,1.7987824072187526,1.5882569699029168,0.9704791939224977,0.9999999999986015,0.1,0.050000000000000044,0.0,0.14804120725461353,0.18237762715839326,0.02297733426929399,0.050000000000000044,0.050000000000000044,"{'I': 1, 'W': 0, 'R': 1, 'C': 'free'}",False,True,True,0.0,3
3352,4,0.5025218102846876,0.41032702251698194,1.3798615233324958,2.157423487908763,1.3488055898166567,1.3105641103228847,0.8339251544235753,0.9999999999969161,0.05,0.050000000000000044,0.050000000000000044,0.03732596380703597,0.010985573329812788,0.01798630050813422,0.050000000000000044,0.050000000000000044,"{'I': 0, 'W': 1, 'R': 0, 'C': 'costly'}",False,True,True,0.3333333333333333,3
3355,1,0.008052633841290322,0.6476850075815794,0.04230359865721146,1.8824471431171896,1.001149761711479,1.5011344028362181,0.0068708941733985895,0.9999999415482801,0.0,0.050000000000000044,0.030000000000000027,0.014063420261465953,0.04741970602018333,0.029311029940731724,0.050000000000000044,0.050000000000000044,"{'I': 1, 'W': 0, 'R': 1, 'C': 'free'}",False,True,True,1.0,3
3355,2,0.2949417010825692,0.6665016519512246,0.9743593833550117,1.9553878095912998,1.1743860295712587,1.524950922420548,0.6188159303337418,0.9999999999166458,0.0,0.0,0.0,0.09534314433748381,0.07583735584214998,0.2689365363338518,0.5,0.25,"{'I': 1, 'W': 0, 'R': 1, 'C': 'free'}",True,False,True,0.0,3
3355,3,0.2684209337231119,0.7394123838602006,0.8802435888701562,2.234708526069849,1.1383004028177601,1.5660457570087256,0.5403167673361089,0.9999999999949726,0.0,0.050000000000000044,0.0,0.07585530760180931,0.03732049788499227,0.499994110126083,0.050000000000000044,1.0,"{'I': 1, 'W': 0, 'R': 1, 'C': 'free'}",True,False,True,0.0,3
3355,4,0.26563463066582116,0.7618853576384624,0.7511745740729365,2.1632104221370962,1.1549532920839989,1.5469909251092504,0.6352048529136413,0.9999999970279883,0.0,0.050000000000000044,0.050000000000000044,0.022975678003451263,0.010986205830367085,0.22269980450626845,0.050000000000000044,0.75,"{'I': 1, 'W': 0, 'R': 1, 'C': 'free'}",False,True,True,0.6666666666666666,3
3355,5,0.21297126739449107,0.7499622372919394,0.8906391824227238,2.345671561916989,1.0930239268507629,1.6765914992501685,0.4634720919893939,0.9999999996249794,0.1,0.050000000000000044,0.010000000000000009,0.029307094553018657,0.014059337554773316,0.09534929438179805,0.09999999999999998,0.09999999999999998,"{'I': 1, 'W': 0, 'R': 1, 'C': 'free'}",True,False,True,0.0,3
3355,6,0.06881524863761143,0.7282789559053078,0.23481043931815895,2.1845732832540965,1.0183439636626948,1.546891699751001,0.11948137626065947,0.9999999999999852,0.05,0.050000000000000044,0.050000000000000044,0.014060526315548454,0.00669102568197947,0.0229758804215003,0.09999999999999998,0.09999999999999998,"{'I': 1, 'W': 0, 'R': 1, 'C': 'free'}",True,False,True,0.0,3
3355,7,0.1200242549476481,0.7259037427651275,0.53380851200242,2.083837235426108,1.0493287995869247,1.554295370083188,0.28613045895853206,0.9999999999986667,0.1,0.050000000000000044,0.050000000000000044,0.02297510295949167,0.006691365993312092,0.017984980563385402,0.09999999999999998,0.09999999999999998,"{'I': 1, 'W': 0, 'R': 1, 'C': 'free'}",False,True,True,1.0,3
3368,1,0.2140262000253918,0.6421447745430622,0.9378059876346221,2.263688018274476,1.142322359558552,1.622050617710397,0.6980730352710912,0.9999999984958363,0.1,0.050000000000000044,0.010000000000000009,0.01406332909886391,0.017985328439337596,0.06008470933556187,0.050000000000000044,0.050000000000000044,"{'I': 1, 'W': 0, 'R': 1, 'C': 'free'}",False,True,True,1.0,3
3368,2,0.24818881783261842,0.660044276790731,0.7248832126431285,2.118251000580351,1.1738774343146556,1.5252658927287261,0.6744327427500401,1.0,0.2,0.09999999999999998,0.050000000000000044,0.0758564347357744,0.02931028861835201,0.03732752257710935,0.050000000000000044,0.4,"{'I': 1, 'W': 0, 'R': 1, 'C': 'free'}",False,True,True,1.0,3
3368,3,0.25501066256868793,0.6446975648241231,0.82106513888212,2.449983003639989,1.0898958769065972,1.419135464231881,0.6120597030149524,0.9999999999347768,0.1,0.050000000000000044,0.050000000000000044,0.075853810153273,0.06008059718159188,0.07585991965939573,0.050000000000000044,0.25,"{'I': 1, 'W': 0, 'R': 1, 'C': 'free'}",False,True,True,0.0,3
3368,4,0.2311653599874991,0.801090214983879,0.9547643361948168,2.6062736948375065,1.07636651324357,1.7016937294405483,0.5549200382978293,1.0,0.05,0.050000000000000044,0.050000000000000044,0.047426757408742026,0.03732216356136137,0.0066929996104292564,0.050000000000000044,0.050000000000000044,"{'I': 1, 'W': 0, 'R': 1, 'C': 'free'}",False,True,True,0.0,3
3368,5,0.11427305426785016,0.594410844046909,0.41388076140343294,2.470012643662245,1.0304299379820805,1.498727228548419,0.1892803059632422,1.0,0.05,0.050000000000000044,0.010000000000000009,0.006691334378565267,0.0024724657778287568,0.0031724411780607474,0.050000000000000044,0.050000000000000044,"{'I': 0, 'W': 1, 'R': 0, 'C': 'costly'}",False,True,True,1.0,3
3378,1,0.24876072859988393,0.7900675352206178,0.5470514624003449,2.030802058107242,1.0899557285833434,1.9035716130407012,0.34993660962133044,0.9999999998359118,0.0,0.050000000000000044,0.050000000000000044,0.1191953622760055,0.09533656628844163,0.18240879535964727,0.25,0.25,"{'I': 1, 'W': 0, 'R': 1, 'C': 'free'}",False,True,True,1.0,3
3378,2,0.018452737614683166,0.817414557940544,0.04262312384833191,2.7288711662074343,1.0028366560145479,1.5906090961318387,0.014063375195227934,0.9999999999999988,0.1,0.050000000000000044,0.0,0.010986616870790764,0.01798424937879147,0.029310719059543952,0.25,0.19999999999999996,"{'I': 1, 'W': 0, 'R': 1, 'C': 'free'}",False,True,True,1.0,3
3378,3,0.46250302480068556,0.9194912404665653,1.155370362025608,2.0837910747706463,1.1968675124668364,1.7171144806848986,0.6598084456218349,0.9999999999999587,0.25,0.050000000000000044,0.050000000000000044,0.02931045259600975,0.02930746617717952,0.03732545739932445,0.050000000000000044,0.25,"{'I': 1, 'W': 0, 'R': 1, 'C': 'free'}",False,True,True,1.0,3
3378,4,0.15323231069908733,0.8626781081609932,0.5315743908260377,2.3449878833072746,1.0609124165032335,1.978715375609594,0.2559496270022047,1.0,0.0,0.050000000000000044,0.050000000000000044,0.01798501059629413,0.01798374345719096,0.029310722281122702,0.19999999999999996,0.30000000000000004,"{'I': 1, 'W': 0, 'R': 1, 'C': 'free'}",False,True,True,0.0,3
3378,5,0.11956029873805923,0.9550746151023087,0.53127929918829,2.5268983750175416,1.0500551436544256,1.9669836800841702,0.25401969754235965,1.0,0.2,0.050000000000000044,0.19999999999999996,0.43786656406374524,0.4999868905823925,0.43786940468537583,0.30000000000000004,0.7,"{'I': 1, 'W': 0, 'R': 1, 'C': 'free'}",False,True,True,0.0,3
3378,6,0.18548175983590545,1.268058095843025,0.6308873293978118,2.50523870134165,1.0843742449405187,2.4078672506638097,0.38492958824235346,1.0,0.3,0.050000000000000044,0.0,0.1480563251789679,0.07585142419722646,0.18245986290745547,0.30000000000000004,0.7,"{'I': 1, 'W': 0, 'R': 1, 'C': 'free'}",True,False,True,0.0,3
3378,7,0.19385996431033833,0.972120635647246,0.5561063747582716,2.553873896821601,1.0772520081281383,1.9097183888491347,0.3601235510751112,1.0,0.1,0.050000000000000044,0.050000000000000044,0.029310503505021655,0.014061950356693671,0.22272905970714374,0.09999999999999998,0.7,"{'I': 1, 'W': 0, 'R': 1, 'C': 'free'}",True,True,True,0.0,3
3388,1,0.01583327583926079,0.4110637778757898,0.07370755970890241,1.8269429006209421,1.0022280284060814,1.3261051056581274,0.017646838400642517,0.9999969521584978,0.15,0.050000000000000044,0.010000000000000009,0.060085510659601535,0.1824053231698387,0.18241642280513937,0.050000000000000044,0.050000000000000044,"{'I': 1, 'W': 0, 'R': 1, 'C': 'free'}",False,True,True,1.0,3
3388,2,0.44078844838785575,0.5359954673850605,1.2356666195360198,1.916200617246053,1.2081515724451057,1.4553285165227585,0.7338355581163545,0.9999999680998889,0.05,0.010000000000000009,0.0,0.4378238008843782,0.029309550018913624,0.04742557528333204,0.050000000000000044,0.050000000000000044,"{'I': 0, 'W': 1, 'R': 0, 'C': 'costly'}",False,True,True,0.0,3
339,1,0.010549442667258414,0.5418374159553969,0.05550969504498258,2.0404624034588696,1.0013449049421033,1.4366052540642382,0.008031581313004965,0.9999997534942343,0.1,0.050000000000000044,0.050000000000000044,0.9241480189358579,0.8807711040756728,0.14804321027315082,0.4,0.25,"{'I': 1, 'W': 0, 'R': 1, 'C': 'free'}",False,True,True,0.0,3
339,2,0.04423807528152074,0.9591757240605825,0.23127459566113767,2.3867109612881596,1.0111981838312447,1.8227784947159043,0.0646324170768583,0.9999999999888011,0.0,0.050000000000000044,0.050000000000000044,0.09534508286827888,0.06008237107269865,0.02931160229070301,0.050000000000000044,0.4,"{'I': 1, 'W': 0, 'R': 1, 'C': 'free'}",False,True,True,1.0,3
339,3,0.668611121183162,0.7918040608250417,1.6767696298521988,2.1563449509585415,1.3542293355967914,1.7367488417642727,0.9517965828453953,0.9999999999146811,0.3,0.050000000000000044,0.0,0.43786351085115743,0.22269623410641806,0.2689529473577477,0.30000000000000004,0.25,"{'I': 1, 'W': 0, 'R': 1, 'C': 'free'}",False,True,True,0.3333333333333333,3
339,4,0.41716473091172,0.9761304202966514,1.2647784455106543,2.5704025268458843,1.229586200192971,1.9053178505996973,0.8443428133916192,1.0,0.3,0.050000000000000044,0.050000000000000044,0.4379365426372031,0.2226831426018291,0.2227574718152464,0.30000000000000004,0.7,"{'I': 1, 'W': 0, 'R': 1, 'C': 'free'}",False,True,True,0.3333333333333333,3
339,5,0.24039634293593296,0.9084117334188577,1.0477689355989885,2.662158240171169,1.061679219849838,2.0945272028141693,0.4503745557510225,0.9999999999999992,0.1,0.050000000000000044,0.050000000000000044,0.4378278057330469,0.18238739330765177,0.2227028348092885,1.0,0.75,"{'I': 1, 'W': 0, 'R': 1, 'C': 'free'}",True,True,True,0.0,3
339,6,0.2783307632982987,1.0575096550837941,0.6982216425955324,2.4628617199468046,1.1269647498852777,1.998325498543577,0.5118671811711509,1.0,0.2,0.050000000000000044,0.0,0.09534377021416436,0.060079866754203445,0.222726899004446,0.4,1.0,"{'I': 1, 'W': 0, 'R': 1, 'C': 'free'}",False,True,True,1.0,3
339,7,0.45238304111734173,0.8965859071574285,1.78197789712152,2.4655049913901617,1.466967291002127,1.810504797754579,0.9985179847183157,1.0,0.0,0.050000000000000044,0.050000000000000044,0.26880661227968383,0.07583998626230508,0.26892843097664604,0.8,0.8,"{'I': 0, 'W': 1, 'R': 0, 'C': 'costly'}",False,True,True,0.0,3
3395,1,0.05705415017732418,0.6769645991580236,0.36898270917471776,2.383191880674554,1.0189256899071597,1.5335423291153352,0.12299430191296212,0.9999999981280299,0.0,0.050000000000000044,0.050000000000000044,0.029311435213929368,0.02931058845218832,0.060080671864786335,0.050000000000000044,0.25,"{'I': 1, 'W': 0, 'R': 1, 'C': 'free'}",False,True,True,1.0,3
3395,2,0.032451438526414696,0.7196580987496967,0.11876285754524436,2.349134333948694,1.0056986355650188,1.465142890350816,0.04985639047419188,0.9999999994862865,0.05,0.050000000000000044,0.09999999999999998,0.047423733907667825,0.07584687424348949,0.06008353890445687,0.050000000000000044,0.4,"{'I': 1, 'W': 0, 'R': 1, 'C': 'free'}",False,True,True,0.6666666666666666,3
3395,3,0.22961508120171922,0.8226495387733359,0.7533226620247098,2.3340320899432845,1.1808008169634698,1.7100122070826846,0.7759163368446478,0.9999999999997382,0.1,0.050000000000000044,0.050000000000000044,0.2689229068695555,0.1480219676478152,0.1480551032797602,0.050000000000000044,0.25,"{'I': 1, 'W': 0, 'R': 1, 'C': 'free'}",True,False,True,0.0,3
3395,4,0.1712133448157809,0.8585124550108734,0.7415753645840595,2.3888669637153397,1.1440657676524029,1.8249220746548436,0.702188762565282,1.0,0.5,0.050000000000000044,0.050000000000000044,0.5622807883334724,0.26892964414155274,0.11922166134129743,0.30000000000000004,0.30000000000000004,"{'I': 1, 'W': 0, 'R': 1, 'C': 'free'}",True,False,True,0.0,3
3395,5,0.07452272450562568,0.709339532252144,0.33885193189506696,2.314005484579045,1.017740727314813,1.595491294128883,0.14637797474494074,0.9999996783541453,0.1,0.050000000000000044,0.050000000000000044,0.2689737011223073,0.26893370209045764,0.07586051932534216,0.09999999999999998,0.25,"{'I': 1, 'W': 0, 'R': 1, 'C': 'free'}",True,False,True,0.0,3
3395,6,0.07256432835071852,0.8056422570890602,0.30035046415534955,2.7585956973270465,1.0150351237520772,1.747484639417559,0.125680097554984,0.9999999999999998,0.5,0.050000000000000044,0.050000000000000044,0.6791485422607578,0.26890457248760924,0.07586757577864671,1.0,1.0,"{'I': 1, 'W': 0, 'R': 1, 'C': 'free'}",True,False,True,0.0,3
3395,7,0.21990151290803392,0.8545942975100228,0.7182711128658009,2.3557613622796136,1.0704900956511005,1.666545974306541,0.45830338887974265,0.9999999999999509,0.3,0.050000000000000044,0.050000000000000044,0.5622057536626028,0.22270261739767797,0.14805442920402653,0.4,0.25,"{'I': 1, 'W': 0, 'R': 1, 'C': 'free'}",False,True,True,1.0,3
3414,1,0.01731574264811014,0.6021689925669297,0.09357767340292691,1.8929105593548086,1.0029718268419874,1.5214552610036498,0.01764695423265228,0.9999999982153254,0.0,0.050000000000000044,0.030000000000000027,0.014063330394606995,0.029308313265593557,0.022975717159661672,0.050000000000000044,0.25,"{'I': 1, 'W': 0, 'R': 1, 'C': 'free'}",False,True,True,1.0,3
3414,2,0.05269103276370716,0.5185096257170926,0.16337324313586216,1.6962380913682193,1.010988435195942,1.3432992238376045,0.06346745501764262,0.999999054024038,0.0,0.050000000000000044,0.0,0.02931106314565595,0.0474234165574687,0.18243083254773318,0.050000000000000044,0.09999999999999998,"{'I': 1, 'W': 0, 'R': 1, 'C': 'free'}",False,True,True,1.0,3
3414,3,0.4967523481663245,0.6349582030610724,1.141102149453965,2.2539004581890634,1.4309529535936807,1.5543880539131798,0.8333239410637344,1.0,0.05,0.050000000000000044,0.010000000000000009,0.06008429642228272,0.010985569469261202,0.017985684616833975,0.050000000000000044,0.09999999999999998,"{'I': 0, 'W': 1, 'R': 0, 'C': 'costly'}",False,True,True,1.0,3
3446,1,0.3712991493335915,0.8507767969624253,1.720937691159778,2.149228371293666,1.1701945725089862,1.7055078911232955,0.7155962200514263,0.9999999999999976,0.25,0.050000000000000044,0.050000000000000044,0.18241888750963337,0.060078258675816544,0.1824124101352856,0.25,0.25,"{'I': 1, 'W': 0, 'R': 1, 'C': 'free'}",False,True,True,1.0,3
3446,2,0.07244899774850885,0.8394992486615931,0.5965638435624275,2.4631957372281987,1.0274794301485133,1.8838063617585705,0.2578434888172194,1.0,0.1,0.050000000000000044,0.09999999999999998,0.02931128062021399,0.029310329690169574,0.022976957143300846,0.25,0.25,"{'I': 1, 'W': 0, 'R': 1, 'C': 'free'}",False,True,True,1.0,3
3446,3,0.5916220654510983,0.7793922203840079,1.3864473940155377,2.2001841034497667,1.2674394538629437,1.6426980171056986,0.941806653159907,0.9999999999999963,0.05,0.050000000000000044,0.010000000000000009,0.014062329972567685,0.00857554713590004,0.01798508335763913,0.050000000000000044,0.09999999999999998,"{'I': 0, 'W': 1, 'R': 0, 'C': 'costly'}",False,True,True,0.6666666666666666,3
3459,1,1.0708866703070319,0.7889423107868481,2.2549246570396617,2.182454961949119,1.6988793667913566,1.8386585673867875,0.9755171367130862,0.9999999999999971,0.25,0.050000000000000044,0.010000000000000009,0.6224300246342797,0.3774290699679628,0.09533718051083498,0.25,0.25,"{'I': 1, 'W': 0, 'R': 1, 'C': 'free'}",False,True,True,0.0,3
3459,2,0.8891686245855158,0.9689544157632921,2.525590097915452,2.5833110297689488,1.9118444336226337,1.9446080623803765,1.0,1.0,,0.09999999999999998,0.30000000000000004,0.9626717495549222,0.8807812727403725,0.3208410237051885,1.0,0.4,"{'I': 0, 'W': 1, 'R': 0, 'C': 'costly'}",False,True,True,0.0,3
3465,1,0.37187095127092024,0.9571189277407509,1.4669783342870029,2.674525382780047,1.1941988722094234,2.2117428135146135,0.7582387199897105,1.0,0.3,0.050000000000000044,0.030000000000000027,0.6224492117356141,0.37736837949199076,0.268901896417122,0.25,0.25,"{'I': 1, 'W': 0, 'R': 1, 'C': 'free'}",False,True,True,1.0,3
3465,2,0.12528329767492555,0.7158815259912187,0.5666832015147575,2.3493189257215126,1.0496928106661758,1.5595196822297195,0.2524733786971367,1.0,0.05,0.050000000000000044,0.0,0.0066924769706200845,0.010985873740053359,0.01406298765550278,0.050000000000000044,0.19999999999999996,"{'I': 1, 'W': 0, 'R': 1, 'C': 'free'}",False,True,True,0.6666666666666666,3
3465,3,0.1781280947618269,0.7946769907793395,1.0180302180582692,2.538623529743473,1.0892717121376692,1.6390181932926102,0.4013366827198067,0.9999999999930554,0.0,0.050000000000000044,0.010000000000000009,0.010986485316886913,0.010986181414924346,0.017985744058195585,0.050000000000000044,0.25,"{'I': 1, 'W': 0, 'R': 1, 'C': 'free'}",True,False,True,0.0,3
3465,4,0.2319046912472034,0.8495104910265701,0.9108511336086792,2.0896476606791006,1.255570755127236,1.5969848985170165,0.74475758158753,0.9999999971068829,0.0,0.050000000000000044,0.010000000000000009,0.02297632825974291,0.010986138476446361,0.017986083279356344,0.050000000000000044,0.25,"{'I': 1, 'W': 0, 'R': 1, 'C': 'free'}",True,False,True,0.0,3
3465,5,0.4684082807912872,0.889313054832876,1.123697434869655,2.5127532329299713,1.2616048423867305,1.8487617419518028,0.8034212500093215,0.9999999999966571,0.0,0.050000000000000044,0.010000000000000009,0.222703848849701,0.09534444100567688,0.1192079872736448,0.09999999999999998,0.25,"{'I': 1, 'W': 0, 'R': 1, 'C': 'free'}",False,True,True,0.6666666666666666,3
3465,6,0.45195742079938955,0.8188266804548618,1.1600676720155099,2.541421886050532,1.6925839129160551,1.6504604022294302,0.9574696705341543,1.0,0.3,0.050000000000000044,0.050000000000000044,0.11920633358246183,0.03732503752713314,0.03732892721645834,0.09999999999999998,0.25,"{'I': 1, 'W': 0, 'R': 1, 'C': 'free'}",False,True,True,0.6666666666666666,3
3465,7,0.10630149210927832,0.9840251395929139,0.29883881793384276,2.252548236224888,1.0246881380011257,2.0108162076515916,0.15694086470112956,1.0,0.1,0.050000000000000044,0.050000000000000044,0.06008807268179475,0.03732304977374994,0.09536365229144617,0.30000000000000004,0.25,"{'I': 1, 'W': 0, 'R': 1, 'C': 'free'}",False,True,True,0.6666666666666666,3
3473,1,0.007337670306826913,0.5210972855372665,0.03631649560074243,2.2593245015415278,1.0009960579901205,1.398513675557879,0.007932865448666226,0.9999999930391252,0.0,0.050000000000000044,0.050000000000000044,0.03732617291997704,0.14803660450093967,0.3775125677136585,0.25,0.25,"{'I': 1, 'W': 0, 'R': 1, 'C': 'free'}",False,True,True,1.0,3
3473,2,0.012085319564565097,0.742922820128679,0.07249048513933144,2.3067349772688783,1.00198249902062,1.6365224840710544,0.013768095961165239,0.9999999999798673,0.0,0.050000000000000044,0.0,0.010986755580520282,0.02297650256566169,0.07585765301811463,0.050000000000000044,0.25,"{'I': 1, 'W': 0, 'R': 1, 'C': 'free'}",False,True,True,1.0,3
3473,3,0.09266140903380796,0.6771218880567509,0.5690746895867657,1.8689569765475575,1.2426840563437356,1.4333933536740062,0.7814881894994432,0.9999998681976973,0.0,0.050000000000000044,0.050000000000000044,0.006692723216635245,0.01406308792458115,0.029311588478796547,0.050000000000000044,0.25,"{'I': 1, 'W': 0, 'R': 1, 'C': 'free'}",True,False,True,0.0,3
3473,4,0.30634195450668444,0.6313192982403774,1.8376656940905998,2.6291147285094545,1.1209559823198603,1.5670794484292454,0.6807621263893935,0.9999999995678532,0.3,0.050000000000000044,0.050000000000000044,0.26895077254071775,0.04742485334433584,0.04742642616998013,0.30000000000000004,0.25,"{'I': 1, 'W': 0, 'R': 1, 'C': 'free'}",False,True,True,0.0,3
3473,5,0.5749790179105175,0.7869208233103973,1.6117643247631062,2.496642058569208,1.2454732247266787,1.6369568756703792,0.7848906778897765,1.0,0.3,0.050000000000000044,0.050000000000000044,0.4378386326522219,0.32080579819857885,0.119206865338549,0.30000000000000004,0.25,"{'I': 1, 'W': 0, 'R': 1, 'C': 'free'}",False,True,True,0.3333333333333333,3
3473,6,0.07471878880236359,0.4568789273619026,0.39694492823136107,2.320887587267453,1.0220738719988463,1.3724973578974229,0.14172987391796077,0.9999999999863041,0.05,0.0,0.0,0.022976981054812138,0.022973616388255073,0.022977296757980763,0.09999999999999998,0.050000000000000044,"{'I': 0, 'W': 1, 'R': 0, 'C': 'costly'}",False,True,True,0.0,3
3477,1,0.007157726685167444,0.4596878244202866,0.04148407008554395,2.0647123263729537,1.0010800760098686,1.346863258860592,0.009668395925022333,0.9999972515411154,0.0,0.050000000000000044,0.010000000000000009,0.02297701189364116,0.0293107681112947,0.060084317878328304,0.050000000000000044,0.050000000000000044,"{'I': 1, 'W': 0, 'R': 1, 'C': 'free'}",False,True,True,1.0,3
3477,2,0.12774050390201214,0.8116507484274289,1.0338335028213752,2.3703372238968043,1.042435559694456,1.6019319646504993,0.34005487765168074,0.9999999999911034,0.3,0.050000000000000044,0.030000000000000027,0.4378535611863045,0.22268242332429591,0.43782649703830345,0.30000000000000004,0.7,"{'I': 1, 'W': 0, 'R': 1, 'C': 'free'}",False,True,True,1.0,3
3477,3,0.6369771376549164,0.8350609645095249,2.45134779193183,2.522104789883501,1.507124180408227,1.6646440932639301,0.9433817116651279,1.0,0.25,0.050000000000000044,0.050000000000000044,0.029311907831994617,0.03732469516117851,0.11920409150833663,0.30000000000000004,0.25,"{'I': 1, 'W': 0, 'R': 1, 'C': 'free'}",False,True,True,0.6666666666666666,3
3477,4,0.08785764239648262,0.9170744703398214,0.6027342814213253,2.2877354571146813,1.0464395963277915,1.7621296199850798,0.2722187747571012,1.0,0.15,0.050000000000000044,0.050000000000000044,0.03732641333002426,0.017984972444121082,0.11921317378981967,0.30000000000000004,0.30000000000000004,"{'I': 1, 'W': 0, 'R': 1, 'C': 'free'}",False,True,True,0.0,3
3477,5,0.045858981694722134,0.8671494632634227,0.29693986574468667,2.507557433449076,1.012323507671041,1.8590120915294772,0.08216472159452592,1.0,0.25,0.050000000000000044,0.050000000000000044,0.03732767839929908,0.022972909891826716,0.11921402931789396,0.30000000000000004,0.7,"{'I': 1, 'W': 0, 'R': 1, 'C': 'free'}",False,True,True,0.0,3
3477,6,0.046605723443070735,0.8501235517809512,0.2913759292334172,2.223969388419935,1.0124964052313365,1.9523787610842316,0.08326128988408144,1.0,0.25,0.050000000000000044,0.09999999999999998,0.03732833443511222,0.01798554640697252,0.1192325088805412,0.30000000000000004,0.30000000000000004,"{'I': 1, 'W': 0, 'R': 1, 'C': 'free'}",False,True,True,0.0,3
3477,7,0.08059768296537773,1.0103612601387977,0.39409368325748634,2.634932373109151,1.022553700070784,1.9924252973215164,0.1445450803146321,1.0,0.1,0.09999999999999998,0.050000000000000044,0.320837973957268,0.07585539129512765,0.11921868830408035,0.7,0.7,"{'I': 1, 'W': 0, 'R': 1, 'C': 'free'}",True,True,True,0.0,3
3485,1,0.203330627087038,0.6081392376760535,0.8024810209950873,1.9120153632464032,1.2301033214137587,1.4064752355262928,0.6449479338426782,0.9999999224360903,0.0,0.050000000000000044,0.050000000000000044,0.07585372195547037,0.07584645397113868,0.18240850649966125,0.25,0.25,"{'I': 1, 'W': 0, 'R': 1, 'C': 'free'}",False,True,True,1.0,3
3485,2,0.003008037474201835,0.5019240645228001,0.00657500690125101,1.8115603771192057,1.0003226783856023,1.3299661352141219,0.00225583612161262,0.999999636679671,0.0,0.050000000000000044,0.050000000000000044,0.006692840611515807,0.01098668274239014,0.09534834443253097,0.050000000000000044,0.25,"{'I': 1, 'W': 0, 'R': 1, 'C': 'free'}",False,True,True,1.0,3
3485,3,0.06792214143952162,0.4946533608997219,0.4971424811035957,1.6460309074199884,1.0196722167381227,1.3078520833118663,0.14431225741334708,0.9999991311369728,0.0,0.050000000000000044,0.010000000000000009,0.010986573585601485,0.010986543923677814,0.04742308371123659,0.050000000000000044,0.09999999999999998,"{'I': 1, 'W': 0, 'R': 1, 'C': 'free'}",False,False,True,0.0,3
3485,4,0.32678998465210746,0.7098655753910761,2.0126991956066953,2.1037240681866685,1.3193771044194902,1.5590645655989122,0.9999797879106648,0.9999998222717501,0.0,0.050000000000000044,0.010000000000000009,0.008577270099619052,0.004069402740008451,0.0179861932670928,0.050000000000000044,0.050000000000000044,"{'I': 0, 'W': 1, 'R': 0, 'C': 'costly'}",False,True,True,0.3333333333333333,3
3491,1,0.07743973874099483,0.8889418360760966,0.5358441736500029,2.2588340616949907,1.036825138758783,1.7570104002126445,0.22364318370614766,1.0,0.0,0.050000000000000044,0.050000000000000044,0.06008636748121024,0.060082423109136446,0.07585378197501388,0.25,0.25,"{'I': 1, 'W': 0, 'R': 1, 'C': 'free'}",False,True,True,1.0,2
3491,2,0.40758123007389163,0.8294583336980182,1.2439910823892553,2.2566915722835064,1.1642916942244934,1.6528256810567352,0.6551998828036442,0.9999999999446231,0.0,0.050000000000000044,0.0,0.07585537372417565,0.22267290134453777,0.11920505799563079,0.25,0.25,"{'I': 1, 'W': 0, 'R': 1, 'C': 'free'}",False,True,True,0.5,2
3491,3,0.4550539549606948,0.590325315558382,1.6152733765089355,2.3491834084944143,1.258607390482365,1.370948299629686,0.8001205908552858,0.9999999250271564,0.05,0.050000000000000044,0.0,0.04742774425026009,0.06008001681778947,0.022977571782623895,0.050000000000000044,0.050000000000000044,"{'I': 1, 'W': 0, 'R': 1, 'C': 'free'}",False,True,True,0.0,2
3491,4,0.27246928482972715,0.7399043552834125,1.0592413703865746,2.087880089205911,1.1244820823107713,1.7415237755778683,0.5601220199578988,0.9999999999999893,0.05,0.050000000000000044,0.050000000000000044,0.04742239479281494,0.06007762892650693,0.037326117984709695,0.25,0.25,"{'I': 1, 'W': 0, 'R': 1, 'C': 'free'}",False,True,True,0.5,2
3491,5,0.1892760259166391,0.710306198087497,1.1819993593577918,2.250043661519583,1.128725648938315,1.5952474066696254,0.5715686501988322,0.9999999999999999,0.01,0.010000000000000009,0.010000000000000009,0.0024725890577090956,0.003171872364525751,0.003172512552470461,0.050000000000000044,0.050000000000000044,"{'I': 0, 'W': 1, 'R': 0, 'C': 'costly'}",False,True,True,0.0,2
3498,1,0.007452545249262984,0.67900747702201,0.014978817862546939,2.0653559572105653,1.000906965115867,1.6524465894583478,0.006325785937808193,0.9999999999999506,0.0,0.050000000000000044,0.030000000000000027,0.0758536539561703,0.11918442996241091,0.1480325991433761,0.050000000000000044,0.050000000000000044,"{'I': 1, 'W': 0, 'R': 1, 'C': 'free'}",False,True,True,1.0,3
3498,2,0.06505688625594026,0.7568386660817829,0.31517289569981405,2.499737424523126,1.0204887429852028,1.617100647392661,0.09643602331791556,0.999999999999996,0.0,0.050000000000000044,0.0,0.04742440025572845,0.060083629271737694,0.09534877957037587,0.050000000000000044,0.25,"{'I': 1, 'W': 0, 'R': 1, 'C': 'free'}",False,True,True,1.0,3
3498,3,0.40851460554787,0.6296446462712461,1.4214706405143032,2.568102199497626,1.3124073944000894,1.495939627321947,0.8508856912624424,0.9999999999283883,0.05,0.050000000000000044,0.010000000000000009,0.02931120400662303,0.022975220705575054,0.014063210829425413,0.050000000000000044,0.09999999999999998,"{'I': 1, 'W': 0, 'R': 1, 'C': 'free'}",False,True,True,0.0,3
3498,4,0.9855897793225324,0.7463966259316313,1.9583299264433962,2.3278333942137364,1.6615670787480497,1.8103371355555093,0.921039369750398,1.0,0.1,0.050000000000000044,0.050000000000000044,0.7773054684678283,0.4377918748517095,0.2689634375711242,1.0,0.09999999999999998,"{'I': 1, 'W': 0, 'R': 1, 'C': 'free'}",False,False,True,0.0,3
3498,5,0.36812440491370774,0.8285670986859115,1.1096382619419944,2.247093890511406,1.2464877294938077,1.702307345080911,0.6676773351054184,0.9999999999996658,0.05,0.050000000000000044,0.050000000000000044,0.022975899447713964,0.022974682449095778,0.060087918157755216,0.09999999999999998,0.25,"{'I': 1, 'W': 0, 'R': 1, 'C': 'free'}",False,True,True,0.6666666666666666,3
3498,6,0.20359364687086257,0.8203296313924322,0.8562937163450541,2.361135887086419,1.0818456379019086,1.7948096567250618,0.5446482426799226,1.0,0.2,0.050000000000000044,0.050000000000000044,0.01798560836302202,0.014060537157518349,0.029313464228233933,0.09999999999999998,0.09999999999999998,"{'I': 1, 'W': 0, 'R': 1, 'C': 'free'}",False,True,True,0.0,3
3498,7,0.15673925790306514,0.9078979890610187,0.38953374469967167,2.5608005787859733,1.0468161738184374,1.793469455412852,0.20448590376690212,1.0,0.1,0.050000000000000044,0.050000000000000044,0.029310306065352627,0.014060680787541118,0.06008682406013464,0.09999999999999998,0.25,"{'I': 1, 'W': 0, 'R': 1, 'C': 'free'}",False,True,True,0.3333333333333333,3
3503,1,0.5536780545894316,0.7166092617346229,1.8459823649196263,2.655446097579744,1.233110525783524,1.707562354934383,0.7693327352625221,0.9999999998261463,0.0,0.050000000000000044,0.050000000000000044,0.3208281742216972,0.37751833218635045,0.37753812957030797,0.25,0.25,"{'I': 1, 'W': 0, 'R': 1, 'C': 'free'}",False,True,True,1.0,1
3503,2,0.045499412365882695,0.6569309865572859,0.22223642647663644,2.4057786379119643,1.008112408133766,1.5281040240246526,0.05498809724723708,1.0,0.0,0.050000000000000044,0.050000000000000044,0.02931117345758113,0.07585100145823442,0.11921895262639398,0.25,0.25,"{'I': 1, 'W': 0, 'R': 1, 'C': 'free'}",True,False,True,0.0,1
3503,3,0.4895532291081609,0.5772190897381491,1.7957698898447587,2.572305816608122,1.1955728604877964,1.4379238520631064,0.7136035278113542,0.9999999999999728,0.1,0.050000000000000044,0.09999999999999998,0.047426454773521254,0.1191964045983802,0.5000629224050095,0.30000000000000004,0.7,"{'I': 1, 'W': 0, 'R': 1, 'C': 'free'}",True,False,True,0.0,1
3503,4,0.4336292839153481,0.7642555965551511,1.9734391765720136,2.762223112608098,1.2968652327532424,1.6706855077952953,0.7274000560106125,0.9999999999999293,0.3,0.050000000000000044,0.050000000000000044,0.6224449413492884,0.49996471953885513,0.9241439893245768,0.30000000000000004,0.75,"{'I': 1, 'W': 0, 'R': 1, 'C': 'free'}",False,True,True,1.0,1
3503,5,0.6433531899258539,0.7900842353317745,1.9209923841032646,2.713034430825009,1.9832921942410415,1.777486935324937,0.9835684026423798,1.0,0.25,0.050000000000000044,0.050000000000000044,0.22268721277916176,0.22268752689316068,0.3208642340078097,0.25,0.30000000000000004,"{'I': 0, 'W': 1, 'R': 0, 'C': 'costly'}",False,True,True,0.0,1
3511,1,0.007966150413195514,0.5062217314244211,0.04196664065134348,1.5450434380246152,1.0012476480141317,1.3215800614475601,0.007453307402096376,0.9999953022816648,0.0,0.050000000000000044,0.030000000000000027,0.01406287160924861,0.022975270585543724,0.07585278439564731,0.050000000000000044,0.050000000000000044,"{'I': 1, 'W': 0, 'R': 1, 'C': 'free'}",False,True,True,1.0,3
3511,2,0.05505384874996791,0.3664586799383987,0.2818472634624662,1.3759931255414712,1.0117055041931964,1.2618150193808186,0.06744313540341784,0.9904481795579848,0.0,0.050000000000000044,0.050000000000000044,0.04742222641019689,0.06008136378769113,0.02297724090709309,0.050000000000000044,0.050000000000000044,"{'I': 1, 'W': 0, 'R': 1, 'C': 'free'}",True,False,True,0.0,3
3511,3,0.00020774075390389435,0.5659077435272759,0.0006052765045041279,1.8295590477343264,1.0000167089774787,1.4755051234361576,0.00010024800214580853,0.9999960744826538,0.0,0.050000000000000044,0.010000000000000009,0.017985190998334944,0.010986127019559467,0.014063407508672006,0.050000000000000044,0.09999999999999998,"{'I': 1, 'W': 0, 'R': 1, 'C': 'free'}",False,True,True,1.0,3
3511,4,0.3143939794670816,0.5520409215466563,1.2701817214651079,2.0616620725576618,1.1334614255402111,1.4181443974195844,0.6761534323297023,0.9999999935864939,0.0,0.050000000000000044,0.010000000000000009,0.022976164610224812,0.006691629991459236,0.006692085128410768,0.050000000000000044,0.010000000000000009,"{'I': 0, 'W': 1, 'R': 0, 'C': 'costly'}",False,True,True,1.0,3
3522,1,0.14004168015625174,0.4028427840355168,0.6931649611237621,1.5427424331607473,1.100514031204011,1.3322409858214992,0.3805274313641708,0.9999225951957852,0.0,0.050000000000000044,0.030000000000000027,0.010986591544576416,0.02931058724543016,0.09534139996324835,0.050000000000000044,0.050000000000000044,"{'I': 1, 'W': 0, 'R': 1, 'C': 'free'}",False,True,True,1.0,3
3522,2,0.06233702814114235,0.9926748044951109,0.3510532880239377,2.4259903371201372,1.014337254566794,1.9240609883722986,0.10763816541565985,1.0,0.2,0.09999999999999998,0.0,0.0758559848312756,0.07585301483761438,0.09534686343179513,0.25,0.4,"{'I': 1, 'W': 0, 'R': 1, 'C': 'free'}",False,True,True,1.0,3
3522,3,0.11524805869220035,0.7464508277016351,0.43504763467755514,1.8924813610038462,1.0387059571396196,1.5890037376331503,0.20375949637315582,0.9999994177258383,0.0,0.050000000000000044,0.0,0.006692937728413977,0.0109866546576787,0.09534839315127354,0.050000000000000044,0.09999999999999998,"{'I': 1, 'W': 0, 'R': 1, 'C': 'free'}",False,True,True,1.0,3
3522,4,0.11457593188578268,0.57341693286135,0.5262994760300937,2.077397411614273,1.030132833385935,1.416693425581939,0.2786027641492468,0.9999998441935373,0.0,0.050000000000000044,0.010000000000000009,0.01098585178852809,0.00406938296633434,0.008577148688126738,0.050000000000000044,0.050000000000000044,"{'I': 0, 'W': 1, 'R': 0, 'C': 'costly'}",False,True,True,1.0,3
3531,1,0.3319032451154249,0.6675022961009625,1.7779277288697979,1.8319349471704836,1.2077997429495095,1.4686274592353803,0.7332923516463368,0.999999969169823,0.0,0.050000000000000044,0.010000000000000009,0.07585573463269633,0.07583565119188798,0.37753224462788515,0.25,0.25,"{'I': 1, 'W': 0, 'R': 1, 'C': 'free'}",False,True,True,1.0,3
3531,2,0.5166224803790371,0.7891082681329782,1.374745780986054,2.197708244636959,1.3589914412703152,1.7042503954685373,0.9748000696414467,0.9999999999776404,0.05,0.050000000000000044,0.050000000000000044,0.029312498065337603,0.017983708005290217,0.14805453034502825,0.050000000000000044,0.25,"{'I': 1, 'W': 0, 'R': 1, 'C': 'free'}",False,True,True,0.3333333333333333,3
3531,3,0.21426001959191057,0.6363284816036635,0.7468119867371993,1.8780297854830224,1.0755425959844795,1.4823278695200384,0.582680555418295,0.9999757615634177,0.0,0.050000000000000044,0.050000000000000044,0.0373234874990031,0.029303292914824145,0.060089393952865146,0.050000000000000044,0.09999999999999998,"{'I': 1, 'W': 0, 'R': 1, 'C': 'free'}",True,False,True,0.0,3
3531,4,0.2758945857948177,0.8586912484728988,0.9182843497659594,2.461999491758803,1.1134433896626306,1.8292478980775437,0.7245883515496725,1.0,0.05,0.050000000000000044,0.050000000000000044,0.06007584975094316,0.037294619097387,0.07586250094922961,0.09999999999999998,0.050000000000000044,"{'I': 1, 'W': 0, 'R': 1, 'C': 'free'}",True,False,True,0.0,3
3531,5,0.09287219831877844,0.6365682718719902,0.5169293039636182,2.2500083434089233,1.0205678646424305,1.4843635999686164,0.13282494781526288,0.9999999871428004,0.0,0.050000000000000044,0.010000000000000009,0.029307830509610267,0.022971801978927057,0.06008711484343336,0.09999999999999998,0.050000000000000044,"{'I': 1, 'W': 0, 'R': 1, 'C': 'free'}",True,True,True,0.0,3
3531,6,0.08885579176827303,0.768705398093621,0.5167311862397047,2.3833466373940606,1.0190854700354757,1.6012346014460481,0.20297363886566466,0.9999999999999951,0.05,0.050000000000000044,0.050000000000000044,0.11918801835143586,0.06006882537092091,0.18246641609214345,0.09999999999999998,1.0,"{'I': 1, 'W': 0, 'R': 1, 'C': 'free'}",True,True,True,0.0,3
3531,7,0.0792935645596258,0.7836928112822189,0.6819640317245562,2.4824546014612516,1.1271790857279107,1.6491826922687316,0.8840882659057233,0.9999999944564649,0.01,0.050000000000000044,0.010000000000000009,0.004069733403306661,0.005219335765958682,0.01798395310063047,0.050000000000000044,0.050000000000000044,"{'I': 0, 'W': 1, 'R': 0, 'C': 'costly'}",False,True,True,0.3333333333333333,3
3536,1,0.2291361304395314,0.37825707508350787,1.673194127012018,1.4503078636671194,1.1570067310108616,1.3418913851968157,0.903032581957432,0.9999999950068882,0.0,0.050000000000000044,0.050000000000000044,0.029311309232383682,0.04742280789484151,0.11919133933502075,0.25,0.25,"{'I': 1, 'W': 0, 'R': 1, 'C': 'free'}",False,True,True,1.0,3
3536,2,0.10428133308525989,0.676509351798053,0.68382433723597,2.4143941313363317,1.0644581847947803,1.497513995466521,0.3933039679510617,0.9999999999999994,0.1,0.050000000000000044,0.0,0.07585605374530809,0.09534477473402615,0.1192113440866695,0.30000000000000004,0.4,"{'I': 1, 'W': 0, 'R': 1, 'C': 'free'}",False,True,True,0.6666666666666666,3
3536,3,0.22221958261798036,0.9499270186354599,2.0329286385271175,2.6218008958417602,1.086998751604001,2.0471004530555366,0.7772194948046743,1.0,0.1,0.050000000000000044,0.9,0.49998706874853144,0.6224453309514136,0.8519706605070947,0.30000000000000004,0.9,"{'I': 1, 'W': 0, 'R': 1, 'C': 'free'}",False,True,True,0.0,3
3536,4,0.09839163485402762,0.7124572591741651,1.1215319465473823,2.338439169872746,1.028724570764329,1.6170526084712122,0.3643556473734131,1.0,0.1,0.75,0.050000000000000044,0.06008513877928414,0.07585231855716748,0.14805362606611525,1.0,0.8,"{'I': 1, 'W': 0, 'R': 1, 'C': 'free'}",True,True,True,0.0,3
3536,5,0.10765768357014689,0.7728134947769466,0.8544469811424975,2.5853599998327144,1.0359903606474201,1.7181629790547113,0.43205200945424127,1.0,0.0,1.0,0.010000000000000009,0.5621437324597873,0.3208033793898295,0.6792467326374155,1.0,1.0,"{'I': 1, 'W': 0, 'R': 1, 'C': 'free'}",True,False,True,0.0,3
3536,6,0.010195220075521056,0.7974635622310946,0.06263632350318907,2.3787497656744283,1.0016695414359882,1.6982558691482685,0.026337348290928486,1.0,0.0,0.050000000000000044,0.0,0.029311484575875138,0.03732495459687214,0.1480588328397665,1.0,1.0,"{'I': 1, 'W': 0, 'R': 1, 'C': 'free'}",True,False,True,0.0,3
3536,7,0.06906193065131443,0.5184260139680436,0.48676188073845206,2.056905010192573,1.0207504848856201,1.3485984932761483,0.2800762820952254,0.9999999973224118,0.0,1.0,1.0,0.18242523354579473,0.32079486504960714,0.7773063029810078,0.8,1.0,"{'I': 1, 'W': 0, 'R': 1, 'C': 'free'}",True,False,True,0.0,3
3538,1,1.002400428406393,0.5158104424278386,1.4211885511077669,1.8238405391933767,1.8690998420577793,1.3022074340360124,0.9561633360575557,0.9999946946729006,0.25,0.050000000000000044,0.050000000000000044,0.3208047211652787,0.1191830529835031,0.6224541208123985,0.25,0.25,"{'I': 1, 'W': 0, 'R': 1, 'C': 'free'}",False,True,True,0.0,2
3538,2,0.4011122646618894,0.43773304330776747,0.9093284605665736,1.48521297645236,1.152317946384058,1.294705510654305,0.5728641284061722,0.999974823860067,0.25,0.0,0.0,0.6791790655087886,0.5621275329467386,0.32081981639847,0.5,0.25,"{'I': 1, 'W': 0, 'R': 1, 'C': 'free'}",False,False,True,0.0,2
3538,3,0.07065583757774524,0.8183110488785587,0.36891967180707486,2.069338526648904,1.023016724099854,1.62421490725609,0.12762422178229949,0.9999999999999998,0.05,0.050000000000000044,0.0,0.029310097375653796,0.022971836958842452,0.03732626304185525,0.050000000000000044,0.9,"{'I': 1, 'W': 0, 'R': 1, 'C': 'free'}",False,True,True,1.0,2
3538,4,0.06343846292264571,0.9523240178719443,0.2150898839905805,2.399019986165478,1.011086801101259,1.943486956516463,0.06401399841127686,0.9999999999999994,0.0,0.050000000000000044,0.050000000000000044,0.037323768776036784,0.01098539787122413,0.0758541038062566,0.09999999999999998,0.75,"{'I': 1, 'W': 0, 'R': 1, 'C': 'free'}",True,False,True,0.0,2
3538,5,0.021974981715285936,0.8520274161295349,0.1372330987597218,2.099402572808774,1.0045958471355947,1.6972107457775563,0.03158758059486233,0.9999999999540918,0.0,0.050000000000000044,0.050000000000000044,0.014063762359658293,0.010986502665921962,0.18241916286681414,0.050000000000000044,0.25,"{'I': 1, 'W': 0, 'R': 1, 'C': 'free'}",False,True,True,1.0,2
3538,6,0.29697566804052616,0.9816290800646242,1.039198641682726,2.24084425459821,1.6103969822535211,2.0398222972325897,0.9862721202106074,1.0,0.5,0.050000000000000044,0.09999999999999998,0.0953596272769396,0.02297553109212809,0.3208271374594727,0.30000000000000004,0.5,"{'I': 1, 'W': 0, 'R': 1, 'C': 'free'}",False,True,True,1.0,2
3538,7,0.15556527535419634,0.7848278006328654,0.9173826377946974,2.2821186296970257,1.0569909504817405,1.6659913838989142,0.42550360308061874,1.0,0.05,0.050000000000000044,0.050000000000000044,0.01798742309411947,0.010985634763458832,0.11922267529087009,0.09999999999999998,0.25,"{'I': 1, 'W': 0, 'R': 1, 'C': 'free'}",False,True,True,1.0,2
3543,1,0.26666784956933426,1.0487789884953074,1.1809791698292516,2.1730547794102892,1.5068893147596831,1.8727351560279062,0.871295647720533,0.9999999999964025,0.0,0.050000000000000044,0.030000000000000027,0.0474240733105864,0.11917278247436502,0.18241094127747098,0.25,0.25,"{'I': 1, 'W': 0, 'R': 1, 'C': 'free'}",False,True,True,1.0,3
3543,2,0.039638748121807246,0.8120997242422822,0.18832031266307053,2.366187660705976,1.0086529752134545,1.7814418037445263,0.042164055858210925,0.9999999999999984,0.0,0.050000000000000044,0.0,0.005219612827184748,0.008576610569437992,0.0758521311769771,0.050000000000000044,0.25,"{'I': 1, 'W': 0, 'R': 1, 'C': 'free'}",True,False,True,0.0,3
3543,3,0.3290782294015509,0.8784929724946017,1.5633656725116614,2.0764670242624432,1.1748816998453318,1.6607198901301932,0.553286266935346,0.9999999999733453,0.0,0.050000000000000044,0.010000000000000009,0.014061904650474284,0.037322213543044276,0.14804182588124531,0.30000000000000004,0.7,"{'I': 1, 'W': 0, 'R': 1, 'C': 'free'}",True,False,True,0.0,3
3543,4,0.20727151166809157,0.9950694211825369,0.9687618514431653,2.5964951224530006,1.08421039701482,1.864289161844884,0.43218739847780663,0.99999999999964,0.3,0.050000000000000044,0.7,0.04742425023305086,0.060080014446067226,0.14804439369566277,0.30000000000000004,1.0,"{'I': 1, 'W': 0, 'R': 1, 'C': 'free'}",False,True,True,1.0,3
3543,5,0.18470474117410937,0.9050418161620359,0.7853924422922458,2.487292091357552,1.0622480660146074,1.932284344261796,0.34473291003789486,0.9999999999995001,0.25,0.050000000000000044,0.75,0.02297823003303737,0.07584617218310104,0.2226963037030091,0.5,0.75,"{'I': 1, 'W': 0, 'R': 1, 'C': 'free'}",True,False,True,0.0,3
3543,6,0.015462628656814588,1.1051802722284303,0.07439458069362907,2.6167018821364225,1.0024632907849447,2.318586302232892,0.019489666958451335,1.0,0.3,0.050000000000000044,0.0,0.03732585170173785,0.03732011264200684,0.07585795006263221,0.7,0.8,"{'I': 1, 'W': 0, 'R': 1, 'C': 'free'}",False,True,True,1.0,3
3543,7,0.09960298170086335,1.1361792093220384,0.3569422820847156,2.3751332708700805,1.0206861383430097,2.01835766903303,0.1510887954002622,0.9999999999999999,0.3,0.050000000000000044,0.8,0.11920228910309874,0.06008025905291824,0.679171197395071,0.7,0.8,"{'I': 1, 'W': 0, 'R': 1, 'C': 'free'}",True,False,True,0.0,3
3556,1,0.08857310861743967,0.5291976306042319,0.7442903044280182,1.9043449105175496,1.0227760209807124,1.3965592983230593,0.18346432674703317,0.9999999220007646,0.0,0.050000000000000044,0.050000000000000044,0.7310687292410435,0.32079054723676403,0.4378146185524366,0.4,0.25,"{'I': 1, 'W': 0, 'R': 1, 'C': 'free'}",False,True,True,1.0,3
3556,2,0.1607464591339049,0.7765234389615181,0.7031726187162893,2.1607495978515256,1.424814441572252,1.6088078146894538,0.8297024272162298,0.999999999999747,0.05,0.050000000000000044,0.050000000000000044,0.18242563833479958,0.04742066642045785,0.022976261574860057,0.050000000000000044,0.050000000000000044,"{'I': 1, 'W': 0, 'R': 1, 'C': 'free'}",False,True,True,1.0,3
3556,3,0.20141916679656874,0.7541178137712111,0.7996908638571415,1.86555588478768,1.1938878267367912,1.800633466765754,0.5877293861435688,0.9999998730839867,0.0,0.050000000000000044,0.010000000000000009,0.02297690486107101,0.0040695761093469986,0.017985048863669598,0.050000000000000044,0.050000000000000044,"{'I': 0, 'W': 1, 'R': 0, 'C': 'costly'}",False,True,True,1.0,3
3567,1,0.11540190677758655,0.5622328915812773,0.41694486706075845,1.7260211831140917,1.0316975830179773,1.4403181601866097,0.19622756493043814,0.9999993391224848,0.0,0.050000000000000044,0.030000000000000027,0.26893778202869406,0.22266972717004835,0.4999842787813352,0.4,0.25,"{'I': 1, 'W': 0, 'R': 1, 'C': 'free'}",False,True,True,1.0,3
3567,2,0.22941498503210636,0.8416603669686876,1.201760215890374,2.3337217489311475,1.2424148816744873,1.6934524169859706,0.9964594784940921,0.9999999997536605,0.0,0.0,0.0,0.014062676220754501,0.005218829429759116,0.004069627492994374,0.050000000000000044,0.050000000000000044,"{'I': 0, 'W': 1, 'R': 0, 'C': 'costly'}",False,True,True,0.6666666666666666,3
3578,1,0.1456567973962224,0.6017260061862726,1.1752382265051977,2.1404060586047615,1.0937548635735264,1.4998995850544954,0.7616143851508933,0.9999999993005344,0.25,0.050000000000000044,0.030000000000000027,0.0474235449572266,0.07584794551330941,0.26891793144315074,0.25,0.25,"{'I': 1, 'W': 0, 'R': 1, 'C': 'free'}",False,True,True,1.0,3
3578,2,0.0829015962696036,0.8694468865537729,0.5622261751159516,2.5715814560592105,1.019981502866525,1.8757686678557857,0.2419325382427968,1.0,0.25,0.050000000000000044,0.050000000000000044,0.014062548652997595,0.01798192271353925,0.04742401525790038,0.25,0.4,"{'I': 1, 'W': 0, 'R': 1, 'C': 'free'}",False,True,True,1.0,3
3578,3,0.14952473393539642,0.6454661334078237,0.7130356068791533,2.395537285751157,1.0587086213385826,1.5277813852643167,0.5500857955765712,0.9999999999999981,0.1,0.050000000000000044,0.050000000000000044,0.01406253508305022,0.017982615486070126,0.01798535451928634,0.19999999999999996,0.25,"{'I': 1, 'W': 0, 'R': 1, 'C': 'free'}",True,False,True,0.0,3
3578,4,0.24920152487775435,0.8364286111882655,1.0610841846355787,2.531237834234518,1.1148616180937316,1.685486589585572,0.7817739943985416,1.0,0.05,0.050000000000000044,0.050000000000000044,0.0600849150396731,0.09533162345390896,0.029312071232189582,0.19999999999999996,0.25,"{'I': 1, 'W': 0, 'R': 1, 'C': 'free'}",False,True,True,0.0,3
3578,5,0.29371101483094925,0.708092525204907,1.5324357427399087,2.612655127635136,1.1420244841115808,1.658898226236296,0.88054801779344,1.0,0.2,0.050000000000000044,0.050000000000000044,0.09533636685560487,0.047414959563659966,0.047426573778508264,0.25,0.25,"{'I': 1, 'W': 0, 'R': 1, 'C': 'free'}",False,True,True,0.0,3
3578,6,0.16672204943013902,1.0364921954447082,0.7654615362614086,2.4119415477844184,1.0454640414316307,2.132831932559906,0.5090306271445308,1.0,0.2,0.050000000000000044,0.050000000000000044,0.43782021432843676,0.09533162706116055,0.04742413443017644,0.30000000000000004,0.25,"{'I': 1, 'W': 0, 'R': 1, 'C': 'free'}",False,True,True,0.3333333333333333,3
3578,7,0.09987732314191208,1.0372469820309527,0.5979517882830993,2.597246117651933,1.035956091049701,2.198167356098132,0.4317513298566248,1.0,0.3,0.050000000000000044,0.050000000000000044,0.26894000038512933,0.11918096000039449,0.14807305211551922,0.30000000000000004,0.7,"{'I': 1, 'W': 0, 'R': 1, 'C': 'free'}",True,False,True,0.0,3
3582,1,0.057675594280633125,0.6019248421948171,0.42103819604775655,2.3694620079322397,1.015878726174554,1.5463200509621517,0.22280473080808771,0.9999999999956143,0.0,0.050000000000000044,0.010000000000000009,0.00857739315833242,0.01406285257533644,0.037324341532608114,0.050000000000000044,0.050000000000000044,"{'I': 1, 'W': 0, 'R': 1, 'C': 'free'}",False,True,True,1.0,3
3582,2,0.5954783162597874,0.5977305646298644,2.04313154707152,2.39095244352371,1.512469513452944,1.4673887732565414,0.9840362945562948,1.0,0.05,0.0,0.0,0.04742418872852068,0.029309248945829352,0.04742363394855743,0.050000000000000044,0.050000000000000044,"{'I': 1, 'W': 0, 'R': 1, 'C': 'free'}",False,True,True,0.3333333333333333,3
3582,3,0.4233686528532988,0.7491648921289583,1.6502587617823146,2.4997226940471733,1.2747762673562362,1.638339315900264,0.8172058835870046,1.0,0.25,0.050000000000000044,0.010000000000000009,0.02931154615049289,0.06008120787211017,0.09534395382577472,0.050000000000000044,0.09999999999999998,"{'I': 1, 'W': 0, 'R': 1, 'C': 'free'}",False,True,True,0.3333333333333333,3
3582,4,0.5118092492389137,0.9621883603440491,1.851429272776759,2.6576895771125,1.4893182349176775,1.971942955862749,0.9384699240274585,1.0,0.15,0.050000000000000044,0.010000000000000009,0.022978468548183507,0.008576522885627104,0.047428997167087976,0.050000000000000044,0.050000000000000044,"{'I': 1, 'W': 0, 'R': 1, 'C': 'free'}",False,True,True,0.3333333333333333,3
3582,5,0.16767153459847517,0.7081313320659642,0.9046935062496366,2.246881487807466,1.0718119597301554,1.586129915320677,0.5336677901587646,0.9999999999999986,0.1,0.050000000000000044,0.010000000000000009,0.07585726333898558,0.014062917507870476,0.22271600565499045,0.25,0.25,"{'I': 1, 'W': 0, 'R': 1, 'C': 'free'}",False,True,True,0.0,3
3582,6,0.5650118532997309,0.6632335206430572,1.4905650437185571,2.153788795804398,1.551194889679002,1.5949441231621744,0.987602436344875,0.9999999999955715,0.05,0.050000000000000044,0.010000000000000009,0.18242614281324773,0.008576785684010496,0.01798711238148056,0.050000000000000044,0.050000000000000044,"{'I': 1, 'W': 0, 'R': 1, 'C': 'free'}",False,True,True,0.0,3
3582,7,0.42299433238689016,0.7698657164569161,1.3756044044167366,1.8685507954870444,1.4774903764913063,1.5454170407235432,0.9907593170419041,0.9999999979867489,0.2,0.050000000000000044,0.020000000000000018,0.029312837522304167,0.008576662019322433,0.04742968258905431,0.050000000000000044,0.25,"{'I': 1, 'W': 0, 'R': 1, 'C': 'free'}",False,True,True,0.0,3
3594,1,0.033633416731929176,0.427274981842877,0.22904176545793678,1.5572900402374912,1.009016532614816,1.2691220219587855,0.06089960137867867,0.9999080888551176,0.0,0.050000000000000044,0.030000000000000027,0.010986490239510883,0.047418917536026284,0.022974677730213135,0.050000000000000044,0.050000000000000044,"{'I': 1, 'W': 0, 'R': 1, 'C': 'free'}",False,True,True,1.0,3
3594,2,0.3888770444851195,0.34076327053835576,0.7795727902932685,1.4665801505432148,1.2132172048441732,1.2687108917927385,0.6864053556572896,0.9999966751000479,0.0,0.050000000000000044,0.050000000000000044,0.014063138171421847,0.0066925538444196795,0.07585823984944737,0.050000000000000044,0.09999999999999998,"{'I': 1, 'W': 0, 'R': 1, 'C': 'free'}",False,True,True,0.0,3
3594,3,0.15498248173339432,0.4002313144598329,0.5372034484059653,1.5986612217906737,1.0660021894142453,1.223730957870596,0.3185226593352848,0.9991469158805921,0.0,0.050000000000000044,0.050000000000000044,0.0066928506838441855,0.008577169591228478,0.022976660391435522,0.050000000000000044,0.09999999999999998,"{'I': 1, 'W': 0, 'R': 1, 'C': 'free'}",False,True,True,1.0,3
3594,4,0.45971093949076397,0.5074943001435174,0.7310548006771375,1.5181932749209608,1.267613892832763,1.4664398833993735,0.758966138773863,0.9999984838199891,0.0,0.050000000000000044,0.050000000000000044,0.0474247607262811,0.022975535461046158,0.07586276353384505,0.09999999999999998,0.09999999999999998,"{'I': 1, 'W': 0, 'R': 1, 'C': 'free'}",False,False,True,0.0,3
3594,5,0.12019648878886983,0.36932110070715124,1.0436291392510018,1.5572458881986666,1.0470803597153975,1.250674432928083,0.8483580203081302,0.9992212764623022,0.0,0.050000000000000044,0.010000000000000009,0.010986198066000928,0.005218474947514914,0.017986440522044896,0.050000000000000044,0.050000000000000044,"{'I': 0, 'W': 1, 'R': 0, 'C': 'costly'}",False,True,True,1.0,3
3618,1,0.1378143235827816,0.9101283843222597,0.7541464779127585,2.393733967451971,1.1260827087225047,1.7524613923510537,0.5095686080958775,0.9999999999891402,0.0,0.050000000000000044,0.050000000000000044,0.03732608303047195,0.11919045822072326,0.8175734158673936,0.25,0.5,"{'I': 1, 'W': 0, 'R': 1, 'C': 'free'}",False,True,True,1.0,3
3618,2,0.0306068292007398,0.836333170789963,0.10937146130351535,2.475214770966904,1.0050907851703499,1.7519902412281643,0.030007777544820757,0.999999999999977,0.05,0.050000000000000044,0.0,0.004070004034361098,0.01098639877806866,0.03732521168617181,0.050000000000000044,0.25,"{'I': 1, 'W': 0, 'R': 1, 'C': 'free'}",False,True,True,1.0,3
3618,3,0.425214208562934,0.5249122064046821,1.8028403595089746,2.0835445985150254,1.2314503589770636,1.2858659983823855,0.7132532251275936,0.9999905158760724,0.0,0.050000000000000044,0.010000000000000009,0.008576984409857463,0.022975727477001627,0.037326226131876784,0.050000000000000044,0.25,"{'I': 1, 'W': 0, 'R': 1, 'C': 'free'}",True,False,True,0.0,3
3618,4,0.6624014497750792,0.4517707342617357,2.1473357212300974,1.909080020999107,1.4082437181637228,1.2498544887222527,0.9089551800053417,0.9999719711261236,0.1,0.050000000000000044,0.010000000000000009,0.2689590039880688,0.11919525781170197,0.11921102068085654,0.25,0.25,"{'I': 1, 'W': 0, 'R': 1, 'C': 'free'}",False,True,True,1.0,3
3618,5,0.17351240997167583,0.658471593435616,0.6095589453214224,2.5579232058580117,1.04628418555651,1.5086261032969384,0.27146172596249807,0.9999999999983646,0.1,0.050000000000000044,0.010000000000000009,0.4378237420306107,0.0758523370616441,0.09535568950158985,0.30000000000000004,0.30000000000000004,"{'I': 1, 'W': 0, 'R': 1, 'C': 'free'}",False,True,True,0.0,3
3618,6,0.32598756550199637,0.7044582367916742,0.8280322837684594,2.5172410278322372,1.1216600458685044,1.5188340787870298,0.5523163356662102,0.9999999999999987,0.1,0.050000000000000044,0.030000000000000027,0.0758614756286302,0.037324027867279265,0.0229774314532339,0.30000000000000004,0.25,"{'I': 1, 'W': 0, 'R': 1, 'C': 'free'}",True,True,True,0.0,3
3618,7,0.1261432102120636,0.6866654064766308,0.5400641044050309,2.58302481390213,1.026779427927166,1.4239167441674736,0.16888735750704487,0.9999999895575848,0.1,0.050000000000000044,0.010000000000000009,0.14804784450160305,0.04742469611025758,0.11920448738739828,0.30000000000000004,0.25,"{'I': 1, 'W': 0, 'R': 1, 'C': 'free'}",True,True,True,0.0,3
362,1,0.45025596769192194,0.8177244965888625,1.2365177533212708,2.426526725713817,1.2951840769708647,1.807535654816216,0.8364390877443774,0.9999999999999997,0.0,0.050000000000000044,0.030000000000000027,0.017985847008083682,0.022973400018126817,0.14803078959042448,0.050000000000000044,0.050000000000000044,"{'I': 1, 'W': 0, 'R': 1, 'C': 'free'}",False,True,True,1.0,3
362,2,0.17817519425324793,0.7744319687980797,0.8720993067974494,2.286429093039543,1.0463912751155255,1.6670963939855985,0.3351050848629039,0.9999999999999962,0.25,0.0,0.0,0.07585481184391157,0.03732084343885477,0.11920266723211896,0.25,0.25,"{'I': 1, 'W': 0, 'R': 1, 'C': 'free'}",False,True,True,1.0,3
362,3,0.33107535530126714,0.7525517356659223,1.2320022261329195,2.5068806937706856,1.1699347614116349,1.6623832752761052,0.7564740789076091,1.0,0.25,0.050000000000000044,0.050000000000000044,0.03732499345822936,0.047418487699776406,0.562176543956809,0.30000000000000004,0.7,"{'I': 1, 'W': 0, 'R': 1, 'C': 'free'}",True,False,True,0.0,3
362,4,0.30013917988545463,0.8493935043229053,0.9102293103042888,2.376333830462502,1.3595864188294848,1.8093876979678465,0.937000276864481,1.0,0.25,0.050000000000000044,0.050000000000000044,0.14805882868482487,0.03732371542676047,0.18244003105975856,0.19999999999999996,0.25,"{'I': 1, 'W': 0, 'R': 1, 'C': 'free'}",True,False,True,0.0,3
362,5,0.07045906563314096,0.7614874792848518,0.3409359776964957,2.012581829998851,1.0188882996160864,1.614318928542505,0.15499199242681627,0.9999999999986049,0.1,0.050000000000000044,0.010000000000000009,0.01098674705093189,0.010986059140531773,0.0600841913459644,0.09999999999999998,0.25,"{'I': 1, 'W': 0, 'R': 1, 'C': 'free'}",False,True,True,1.0,3
362,6,0.2835785688441066,0.9033629657837511,0.9947367755070976,2.5450030194519773,1.1197444398480612,1.6584093713730907,0.7118013518791662,0.999999999999502,0.05,0.050000000000000044,0.010000000000000009,0.00857652080486073,0.008575846570046335,0.008576992117199313,0.050000000000000044,0.050000000000000044,"{'I': 0, 'W': 1, 'R': 0, 'C': 'costly'}",False,True,True,1.0,3
3634,1,0.28041895568935066,0.5699060506630503,0.8369962781286562,2.146075769754715,1.3008428009060469,1.4972492579290977,0.7936278479619752,0.9999999999999937,0.25,0.050000000000000044,0.050000000000000044,0.6224724715444896,0.437787877292414,0.37752091294617485,0.5,0.75,"{'I': 1, 'W': 0, 'R': 1, 'C': 'free'}",False,True,True,1.0,3
3634,2,0.08110345970429339,0.5635144836106499,0.6838248196588147,2.1546256552062424,1.0551012455742237,1.4866848790478764,0.3829039331214521,0.9999999999999984,0.05,0.050000000000000044,0.0,0.022977600644261537,0.03732436469348652,0.022977477133281556,0.050000000000000044,0.050000000000000044,"{'I': 1, 'W': 0, 'R': 1, 'C': 'free'}",False,True,True,1.0,3
3634,3,0.1666560266669132,0.5755392936842244,0.8379328646781817,2.4671150351338684,1.1016477009969226,1.407439909890965,0.5815771360115407,1.0,0.05,0.050000000000000044,0.0,0.01798572251343926,0.04741823366565882,0.029312662547732297,0.050000000000000044,0.050000000000000044,"{'I': 1, 'W': 0, 'R': 1, 'C': 'free'}",True,False,True,0.0,3
3634,4,0.29710795421779046,0.7449519993386362,0.9709904040884284,2.6430321236763787,1.134182781811895,1.6624633325826665,0.6780024622329582,1.0,0.0,0.050000000000000044,0.0,0.03732391819659701,0.07584405746326096,0.008577085239349126,0.050000000000000044,0.050000000000000044,"{'I': 1, 'W': 0, 'R': 1, 'C': 'free'}",False,True,True,0.0,3
3634,5,0.059481741908521166,0.7529372218625396,0.2223337995840622,2.239617927364283,1.0113439552314498,1.5716587210350357,0.0965376631200362,0.9999999999999556,0.0,0.010000000000000009,0.010000000000000009,0.010984737926902912,0.008575027460764377,0.008577099775076407,0.09999999999999998,0.050000000000000044,"{'I': 1, 'W': 0, 'R': 1, 'C': 'free'}",False,True,True,0.0,3
3634,6,0.2436936631201227,0.8704094362449388,1.0598851414590549,2.5083926992159213,1.0877805643930767,1.8688163715378316,0.5310480503615741,1.0,0.05,0.050000000000000044,0.0,0.04742063205463218,0.029307317345858154,0.04742555084503319,0.09999999999999998,0.050000000000000044,"{'I': 1, 'W': 0, 'R': 1, 'C': 'free'}",False,True,True,0.0,3
3634,7,0.015932390097906906,0.877595346487573,0.04065290936485746,2.6099168367128107,1.0022452591120092,1.728506640657191,0.019982333617582837,0.9999999999999509,0.0,0.050000000000000044,0.010000000000000009,0.004070123889228337,0.004069700324486432,0.008577151837948736,0.050000000000000044,0.010000000000000009,"{'I': 0, 'W': 1, 'R': 0, 'C': 'costly'}",False,True,True,0.6666666666666666,3
3642,1,0.006049004800143605,0.5368542768542545,0.013283685467100051,1.8220370574742408,1.00069422410585,1.4559677561612632,0.00346390301664945,0.999999998936706,0.0,0.050000000000000044,0.050000000000000044,0.06008449414621949,0.09534447394600604,0.07585275894715261,0.25,0.25,"{'I': 1, 'W': 0, 'R': 1, 'C': 'free'}",False,True,True,1.0,3
3642,2,0.23390710339907983,0.43293679241793376,1.1277531901484272,1.8965898875327385,1.0668035231694506,1.378683703377131,0.27626796998214054,0.999999997744763,0.0,1.0,0.0,0.7310345229649806,0.9046195346937062,0.982011182571814,0.5,1.0,"{'I': 1, 'W': 0, 'R': 1, 'C': 'free'}",True,False,True,0.0,3
3642,3,0.45606968528125913,0.5852860049405164,1.5894455056878136,2.069338100193752,1.3586178056431488,1.5080946896107472,0.7839702864064909,0.9999999999983261,0.0,1.0,1.0,0.9859327381522724,0.9890086777009276,0.9914219616762316,1.0,1.0,"{'I': 1, 'W': 0, 'R': 1, 'C': 'free'}",True,False,True,0.0,3
3642,4,0.37385701086690776,0.6436496732429682,1.1281091702695623,2.074462581240646,1.2431227377828773,1.4131192287934649,0.7290332894784401,0.9999999995114444,0.0,1.0,1.0,0.5621779998736418,0.5621331328918323,0.4999964253349496,1.0,1.0,"{'I': 1, 'W': 0, 'R': 1, 'C': 'free'}",False,True,True,1.0,3
3642,5,0.2906985233905856,0.4623856256710999,1.132450949642669,2.207101631936816,1.3088077487738239,1.263922738815918,0.8010495826205867,0.999999846988286,0.0,1.0,1.0,0.5621663434614588,0.562147460302261,0.9770207981920539,1.0,1.0,"{'I': 1, 'W': 0, 'R': 1, 'C': 'free'}",True,False,True,0.0,3
3642,6,0.27143632635296494,0.6262748698385883,1.1345527927014558,2.093852462763861,1.1821193807036534,1.4785556575535208,0.6335354458239921,0.9999999993258362,0.0,1.0,0.0,0.07585204740250995,0.1824067933855025,0.11920114161283431,1.0,1.0,"{'I': 1, 'W': 0, 'R': 1, 'C': 'free'}",True,False,True,0.0,3
3642,7,0.2617070572128612,0.6371459964524203,1.0458789323111977,1.9550721378733953,1.1310826791991293,1.5255609016755765,0.522433462497302,0.9999999995583351,0.0,1.0,1.0,0.07585746624190763,0.07585433288582615,0.851949096182178,0.9,1.0,"{'I': 1, 'W': 0, 'R': 1, 'C': 'free'}",True,False,True,0.0,3
3653,1,0.15179738704953558,0.8083767423782378,0.7457019809940016,2.716186548593662,1.0501605212425686,1.7266497560246687,0.290078734679865,1.0,0.0,0.050000000000000044,0.030000000000000027,0.03732539140424769,0.22266515459036168,0.0953399262721991,0.050000000000000044,0.25,"{'I': 1, 'W': 0, 'R': 1, 'C': 'free'}",False,True,True,1.0,3
3653,2,0.2044795082903554,0.5970242669904298,1.2604658131480004,2.348452706402159,1.064925992944694,1.4471032904544063,0.3561806765429264,0.9999999999465399,0.05,0.050000000000000044,0.030000000000000027,0.010986636536413982,0.04742321883383238,0.06008470801751862,0.050000000000000044,0.25,"{'I': 1, 'W': 0, 'R': 1, 'C': 'free'}",True,False,True,0.0,3
3653,3,0.42996235367903124,0.885711010453522,2.0342753354102587,2.4528681032906725,1.4249787407448247,1.8758021989758205,0.9161812260556065,1.0,0.05,0.050000000000000044,0.0,0.1480412181415763,0.2689065542985868,0.5621737309754088,0.050000000000000044,0.25,"{'I': 1, 'W': 0, 'R': 1, 'C': 'free'}",True,False,True,0.0,3
3653,4,0.7541566796898868,0.8139900393232967,2.31262103447126,2.5945559144958654,1.5433857043206691,1.7211424791272947,0.9945259807430314,1.0,0.2,0.050000000000000044,0.050000000000000044,0.11919955083619525,0.11919094983616815,0.6224509915978702,0.25,0.25,"{'I': 1, 'W': 0, 'R': 1, 'C': 'free'}",False,True,True,0.6666666666666666,3
3653,5,0.1330658008500556,0.7065351842044052,0.6491435406661801,2.3027173174854116,1.0378885506230076,1.6987404054956168,0.35998324011206195,1.0,0.1,0.050000000000000044,0.0,0.1192019126474669,0.07585333919888565,0.43782581367897805,0.09999999999999998,1.0,"{'I': 1, 'W': 0, 'R': 1, 'C': 'free'}",True,False,True,0.0,3
3653,6,0.31155208099193626,0.7501982330510203,1.1763233614720925,2.590638452741705,1.1417494693675116,1.578177536299753,0.7962253392746704,1.0,0.1,0.050000000000000044,0.0,0.11920130856403888,0.060083788513485246,0.2689474831719656,0.09999999999999998,1.0,"{'I': 1, 'W': 0, 'R': 1, 'C': 'free'}",False,True,True,1.0,3
3653,7,0.1772514140487038,0.798317531141689,0.7050880056260561,2.6787185361869685,1.1025091026370215,1.7330379118671373,0.5419187355539814,1.0,0.1,0.050000000000000044,0.050000000000000044,0.014063469745563545,0.022976491469120536,0.11920255355140877,0.25,0.25,"{'I': 1, 'W': 0, 'R': 1, 'C': 'free'}",False,True,True,1.0,3
3687,1,0.5751988933362896,0.7197949502205506,1.887487780537869,2.8282325565847066,1.9235405308708509,1.437437227599548,0.9946643262590728,0.9999999999984835,0.25,,0.30000000000000004,0.9626767337194968,0.9706770450124125,0.9859355984975093,0.25,0.5,"{'I': 1, 'W': 0, 'R': 1, 'C': 'free'}",False,True,True,1.0,3
3687,2,0.1349058675073746,0.85781799801345,0.5810863380824862,2.3460475881805936,1.035001323762834,1.796707116023937,0.15803221753040808,1.0,0.25,0.0,0.0,0.010986373350348725,0.008575669805951338,0.09535070842697735,0.050000000000000044,0.25,"{'I': 1, 'W': 0, 'R': 1, 'C': 'free'}",False,True,True,1.0,3
3687,3,0.4801150879489122,0.6250578628037884,0.9731075731741242,2.093073455255233,1.2223789633514255,1.5046286280117593,0.799389776441394,0.9999999999998321,0.0,0.050000000000000044,0.0,0.22268044861696787,0.14802228344663426,0.5000870910461123,0.09999999999999998,1.0,"{'I': 1, 'W': 0, 'R': 1, 'C': 'free'}",False,True,True,0.0,3
3687,4,0.32904892038964334,1.209374143363928,0.9016611329137489,2.481399848589809,1.1055239725163193,2.507195072710395,0.5045237416898802,1.0,0.25,0.050000000000000044,0.7,0.07585809026449676,0.09533530776100878,0.5622154030783028,0.30000000000000004,0.75,"{'I': 1, 'W': 0, 'R': 1, 'C': 'free'}",False,True,True,1.0,3
3687,5,0.30070905321991737,0.7216767993800111,0.8952050073081206,2.5207970224897567,1.1021359617496693,1.6738570851376933,0.5406765546439536,1.0,0.1,0.050000000000000044,0.050000000000000044,0.2227024728755807,0.1191854597682281,0.3209538191391378,0.09999999999999998,1.0,"{'I': 1, 'W': 0, 'R': 1, 'C': 'free'}",True,True,True,0.0,3
3687,6,0.41923396080158043,0.909495065800521,1.5412130077263995,2.3503168307353763,1.212644617930248,1.9761436955200278,0.7406625746620532,1.0,0.25,0.09999999999999998,0.30000000000000004,0.22271784371950942,0.1479817408693197,0.37769849600128597,0.4,1.0,"{'I': 1, 'W': 0, 'R': 1, 'C': 'free'}",False,True,True,0.0,3
3687,7,0.08885985977287515,0.6496439274368897,0.36185258542982823,2.1180119065821974,1.0250966740785998,1.5261332011599493,0.15928996986708077,0.9999999999999979,0.05,0.050000000000000044,0.050000000000000044,0.09533433504264069,0.022969859769844347,0.269154686602089,0.09999999999999998,1.0,"{'I': 1, 'W': 0, 'R': 1, 'C': 'free'}",True,True,True,0.0,3
3696,1,0.5837800134536252,0.5244824990377284,2.041921110514836,1.6598536036251736,1.3191753725211266,1.3500597202698503,0.8102486867084455,0.9999089966000424,0.0,0.050000000000000044,0.050000000000000044,0.060085093993099255,0.09534249184006,0.37752689683877355,0.25,0.25,"{'I': 1, 'W': 0, 'R': 1, 'C': 'free'}",False,True,True,0.0,3
3696,2,0.06670983231620783,0.6274663628061871,0.601456796379308,2.002911336472522,1.0210250540319283,1.3950271148803945,0.18785044602143985,0.9999999958865488,0.0,0.050000000000000044,0.050000000000000044,0.03732651005562631,0.047424194740302454,0.5000045919719902,0.050000000000000044,0.09999999999999998,"{'I': 1, 'W': 0, 'R': 1, 'C': 'free'}",False,True,True,0.0,3
3696,3,0.4757236477429396,0.6812276826757887,1.1997225341117328,2.2684078618943966,1.3192076841771523,1.4239592424251286,0.8102765707352914,0.9999979078620148,0.05,0.050000000000000044,0.0,0.2689630658865974,0.060081061722774276,0.3775850896995624,0.050000000000000044,0.09999999999999998,"{'I': 1, 'W': 0, 'R': 1, 'C': 'free'}",False,True,True,0.0,3
3696,4,0.302036424440182,0.7930547862928545,0.9881711989986885,1.8946241313830314,1.137417420674627,1.6347824813137146,0.5381714829369979,0.9999999662012318,0.0,0.050000000000000044,0.050000000000000044,0.07584622956804836,0.022974702760467203,0.5000502940519905,0.050000000000000044,0.09999999999999998,"{'I': 1, 'W': 0, 'R': 1, 'C': 'free'}",True,False,True,0.0,3
3696,5,0.2924690703559434,0.7176171219052219,1.0035688594237253,2.3271569078722156,1.231291967080239,1.6137590532128459,0.7130318334071482,0.9999999999999881,0.0,0.050000000000000044,0.050000000000000044,0.1824735253098371,0.11919914468848447,0.37763602710321487,0.09999999999999998,0.09999999999999998,"{'I': 1, 'W': 0, 'R': 1, 'C': 'free'}",True,False,True,0.0,3
3696,6,0.2701176835701422,0.9829980978048167,0.6846234031375783,2.62389569025358,1.2532253189955207,1.862976271246732,0.6765149621098212,1.0,0.1,0.050000000000000044,0.050000000000000044,0.5620534596584081,0.49996879701537084,0.22272208303923405,1.0,1.0,"{'I': 0, 'W': 1, 'R': 0, 'C': 'costly'}",False,True,True,0.0,3
3725,1,0.0742644824431812,0.4751004941950329,0.3685017527377034,2.1836927373618877,1.0159522065910196,1.3701751932847237,0.11892317811817166,0.9999998550577571,0.0,0.050000000000000044,0.050000000000000044,0.11919091660293947,0.14803137369773542,0.11918733680925123,0.050000000000000044,0.050000000000000044,"{'I': 1, 'W': 0, 'R': 1, 'C': 'free'}",False,True,True,1.0,3
3725,2,0.0669884770580129,0.8447984269514378,0.250553759939201,2.6152432114057422,1.0148440978670619,1.7627023780768942,0.11119731549091538,1.0,0.1,0.050000000000000044,0.050000000000000044,0.022977408141183108,0.029309846739852496,0.03732851441299983,0.19999999999999996,0.4,"{'I': 1, 'W': 0, 'R': 1, 'C': 'free'}",False,True,True,0.0,3
3725,3,0.0503010008597067,0.9163645818611298,0.3909483293317674,2.686120844598355,1.0125814779723734,1.8516604221349593,0.10642668988198911,0.9999999999999964,0.0,0.050000000000000044,0.050000000000000044,0.07585584233415037,0.06008316565002927,0.2689602013175523,0.050000000000000044,0.09999999999999998,"{'I': 1, 'W': 0, 'R': 1, 'C': 'free'}",False,True,True,1.0,3
3725,4,0.04640883009529974,0.8429869856687263,0.14103957372333698,2.5031784197354727,1.0082683106687307,1.8385980003311242,0.06375166599458748,1.0,0.2,0.050000000000000044,0.050000000000000044,0.5621830237432128,0.14803905604838305,0.06008805839234855,0.30000000000000004,0.4,"{'I': 1, 'W': 0, 'R': 1, 'C': 'free'}",True,True,True,0.0,3
3725,5,0.14055834607556655,0.8390714376512679,1.1093457820849795,2.5075269348483977,1.0631352802333263,1.7582203335155246,0.7060798299440509,1.0,0.05,0.050000000000000044,0.050000000000000044,0.07585148380520343,0.0758476374686861,0.037326490252356306,0.09999999999999998,0.09999999999999998,"{'I': 0, 'W': 1, 'R': 0, 'C': 'costly'}",False,True,True,0.0,3
3738,1,0.008437837670091297,0.591835146167527,0.05154656032922933,1.8887065419962648,1.001377046649781,1.3833300697910602,0.009586449930054086,0.9999991286555859,0.0,0.050000000000000044,0.030000000000000027,0.006692604216007276,0.022975870280722416,0.07585299466765952,0.050000000000000044,0.050000000000000044,"{'I': 1, 'W': 0, 'R': 1, 'C': 'free'}",False,True,True,1.0,3
3738,2,0.01942400957525694,0.5789000684218611,0.10394561120333333,2.0322095782468703,1.003543065040905,1.3994349999084115,0.02099724174470241,0.9999989626196643,0.05,0.050000000000000044,0.0,0.022975801864628657,0.03732444830609388,0.03732642402342299,0.050000000000000044,0.050000000000000044,"{'I': 1, 'W': 0, 'R': 1, 'C': 'free'}",False,True,True,1.0,3
3738,3,0.22921937624126185,0.7069442782525156,0.9532541365005379,1.9155362335099357,1.2514499311735465,1.6623881391003608,0.7396730516303247,0.9999999998060128,0.05,0.050000000000000044,0.050000000000000044,0.014062440255804635,0.037324664542869354,0.03732629440474621,0.050000000000000044,0.09999999999999998,"{'I': 1, 'W': 0, 'R': 1, 'C': 'free'}",True,False,True,0.0,3
3738,4,0.26416809490646465,0.7119112753115127,1.151973611197663,2.4025407349406867,1.197571379157625,1.667383768155433,0.7169324132377828,0.9999999999996319,0.05,0.050000000000000044,0.050000000000000044,0.04742100433785099,0.04742146665964035,0.060085468852813864,0.050000000000000044,0.050000000000000044,"{'I': 1, 'W': 0, 'R': 1, 'C': 'free'}",False,True,True,0.6666666666666666,3
3738,5,0.10753459441446801,0.6688912732283374,0.37230834166104115,2.0276579662311356,1.0249437249238242,1.5246603314978335,0.15841138087153828,0.9999999999637645,0.2,0.050000000000000044,0.050000000000000044,0.04742394553151065,0.037321514436860555,0.09535447537397129,0.25,0.25,"{'I': 1, 'W': 0, 'R': 1, 'C': 'free'}",False,True,True,0.0,3
3738,6,0.22890097992114966,0.7867509624125554,0.963742124726618,2.226654899710515,1.1089171756845626,1.7145403320371808,0.5150396541751856,0.9999999962788035,0.1,0.050000000000000044,0.030000000000000027,0.11919712706332511,0.06008048308492746,0.07586100850921992,0.09999999999999998,0.25,"{'I': 1, 'W': 0, 'R': 1, 'C': 'free'}",True,False,True,0.0,3
3738,7,0.27353046982649143,0.6245120942639001,1.07725500694287,2.0943934972708553,1.1598141816767433,1.5992049370514532,0.9195739113158474,1.0,0.2,0.050000000000000044,0.050000000000000044,0.18242411452251397,0.047423718220691136,0.06009147888622402,0.19999999999999996,0.25,"{'I': 0, 'W': 1, 'R': 0, 'C': 'costly'}",False,True,True,0.0,3
3750,1,0.1298580278391511,0.6097519772604464,0.6365454750274003,2.097370575929561,1.0810529820958767,1.5121200720296046,0.3227249073116738,0.9999999008859675,0.0,0.050000000000000044,0.030000000000000027,0.9770232269247815,0.6224065608464254,0.029310485833642944,0.25,0.25,"{'I': 0, 'W': 1, 'R': 0, 'C': 'costly'}",False,True,True,0.0,3
3760,1,0.18396290581763833,0.9382948085684791,1.21526217321768,2.4844303473354277,1.1816204379376367,2.0222580718381744,0.7368665579726996,0.9999999999999294,0.0,0.050000000000000044,0.030000000000000027,0.0179854351690005,0.022972294445920614,0.06008209020803656,0.050000000000000044,0.050000000000000044,"{'I': 1, 'W': 0, 'R': 1, 'C': 'free'}",False,True,True,1.0,3
3760,2,0.07156851461740203,0.7874177367121151,0.5233723097415622,2.6570060934738398,1.0196317183034458,1.7241011740303664,0.16052074549908946,1.0,0.05,0.050000000000000044,0.09999999999999998,0.014063303019376064,0.02931108209561378,0.03732550781518278,0.4,0.4,"{'I': 1, 'W': 0, 'R': 1, 'C': 'free'}",False,True,True,1.0,3
3760,3,0.1724950814710815,0.5779308005118544,0.47172808874027305,2.038501992814691,1.0480650739623876,1.475079218732465,0.24548043096324013,0.9999999626642536,0.0,0.020000000000000018,0.010000000000000009,0.003172329345386442,0.0019263779609179701,0.006691770195905097,0.050000000000000044,0.050000000000000044,"{'I': 0, 'W': 1, 'R': 0, 'C': 'costly'}",False,True,True,1.0,3
3805,1,0.11331244505060101,0.4368710346305508,0.41214384266717036,1.3373750948728083,1.0217733849126511,1.2340743845977076,0.12123554097408984,0.9977555951309164,0.0,0.050000000000000044,0.050000000000000044,0.4999906557487346,0.4377932724873555,0.6224540325679302,0.25,0.25,"{'I': 1, 'W': 0, 'R': 1, 'C': 'free'}",False,True,True,1.0,3
3805,2,0.16605368509660634,0.5455363392883404,0.48529227261945357,1.6449291635754673,1.0645542289572065,1.3673237521111923,0.3129422183399072,0.9999386255096335,0.0,0.050000000000000044,0.0,0.6224543071767485,0.18242042894708835,0.6791860049021239,0.4,0.4,"{'I': 1, 'W': 0, 'R': 1, 'C': 'free'}",True,False,True,0.0,3
3805,3,0.054294054168032894,0.7340451590459737,0.26976467767723955,2.6531159360424343,1.014477610231444,1.5844816872684446,0.08262859021504987,0.9999999898955882,0.05,0.050000000000000044,0.0,0.004069939065534227,0.00521999990976784,0.11920065675466436,0.050000000000000044,0.09999999999999998,"{'I': 1, 'W': 0, 'R': 1, 'C': 'free'}",False,True,True,1.0,3
3805,4,0.5220381164399897,0.66105751892063,1.2053205521316974,2.5370760682222917,1.4492542534704163,1.5516119369570094,0.8435854744615537,0.9999999959677907,0.05,0.050000000000000044,0.050000000000000044,0.008577046180055737,0.017984024303529186,0.3208323724759228,0.050000000000000044,0.25,"{'I': 1, 'W': 0, 'R': 1, 'C': 'free'}",False,True,True,1.0,3
3805,5,0.22825479008772684,0.8534019957710444,0.9629453586040538,2.684883115042724,1.2891308294716026,1.7331269478922404,0.7191237444663541,1.0,0.05,0.050000000000000044,0.050000000000000044,0.006691903360166878,0.017979465397763576,0.11921919608186424,0.09999999999999998,0.75,"{'I': 1, 'W': 0, 'R': 1, 'C': 'free'}",False,True,True,0.0,3
3805,6,0.173342422760182,0.8139762668220678,0.5958562560181476,2.3000237994782884,1.0512533306023288,1.7816482776124711,0.2211334075479403,0.9999999999072912,0.0,0.050000000000000044,0.050000000000000044,0.00857537614459055,0.01098368973214436,0.09535546378680104,0.050000000000000044,0.09999999999999998,"{'I': 1, 'W': 0, 'R': 1, 'C': 'free'}",True,False,True,0.0,3
3805,7,0.22482893291500455,0.7231118195292022,0.5887061096333039,2.1534041998142825,1.0839475010955513,1.5333724591975744,0.33171954825084105,0.9999973049288173,0.05,0.050000000000000044,0.050000000000000044,0.006692265122045844,0.005219423641912456,0.03732775412529853,0.050000000000000044,0.09999999999999998,"{'I': 1, 'W': 0, 'R': 1, 'C': 'free'}",True,False,True,0.0,3
3807,1,0.45323589431588535,0.5338503705881021,1.694746049272035,2.094302088723849,1.2113313249698239,1.3802010516348207,0.7386879947746421,0.9999873521236604,0.25,0.050000000000000044,0.050000000000000044,0.22269545509554753,0.22266838744225909,0.37751462714211875,0.25,0.25,"{'I': 1, 'W': 0, 'R': 1, 'C': 'free'}",False,True,True,1.0,3
3807,2,0.30690170283859486,0.8554282929001428,1.0145331442545151,2.5772106422741556,1.1863085496495842,1.8114984176974815,0.6412317204942624,1.0,0.25,0.050000000000000044,0.0,0.09534770675606634,0.07585530793229817,0.1824406760675744,0.30000000000000004,0.7,"{'I': 1, 'W': 0, 'R': 1, 'C': 'free'}",False,True,True,0.0,3
3807,3,0.013959290522981714,0.9736421852505932,0.038103371120420663,2.5763286955841624,1.0019461512368042,1.9257921254290444,0.017346132581870233,1.0,0.25,0.050000000000000044,0.0,0.07586095740250433,0.09533624069467003,0.26895802017849,0.30000000000000004,0.7,"{'I': 1, 'W': 0, 'R': 1, 'C': 'free'}",False,True,True,0.0,3
3807,4,0.1383743113318609,0.840732811699061,0.6269286394840149,2.5275054102241534,1.0495251409251432,1.6069541264953644,0.35276144061427595,1.0,0.3,0.050000000000000044,0.050000000000000044,0.14805856859942843,0.1824213968570288,0.3775879155389298,0.30000000000000004,0.7,"{'I': 1, 'W': 0, 'R': 1, 'C': 'free'}",True,False,True,0.0,3
3807,5,0.2947279275412878,0.9259925110979561,0.8370068628830007,2.5243893676563354,1.1895156996327234,1.8205286241829872,0.7902662149480388,1.0,0.2,0.050000000000000044,0.050000000000000044,0.3775828365504025,0.32081150795784463,0.26899089929790415,0.5,0.7,"{'I': 1, 'W': 0, 'R': 1, 'C': 'free'}",True,False,True,0.0,3
3807,6,0.33344092146088183,1.0489363071151836,1.1025535033075071,2.706204236716235,1.2735540393058224,2.178338200444618,0.815974351598015,1.0,0.25,0.050000000000000044,0.0,0.09535178283328695,0.11919956059890761,0.3208870491244435,0.4,1.0,"{'I': 1, 'W': 0, 'R': 1, 'C': 'free'}",False,True,True,1.0,3
3807,7,0.5432146072167433,0.8602329063533484,1.5565490392528236,2.4112457803506566,1.3703967234701757,1.7957311750796792,0.968761471183124,1.0,0.3,0.050000000000000044,0.050000000000000044,0.26896636757732156,0.2689258254536756,0.5622827181655136,0.4,0.7,"{'I': 1, 'W': 0, 'R': 1, 'C': 'free'}",False,True,True,0.0,3
3808,1,0.1267272416931707,0.553608844232343,0.596992358190174,2.3582888113817324,1.033663105902509,1.3855459073475709,0.20686540794326613,0.9999984384989304,0.0,0.050000000000000044,0.050000000000000044,0.029311472447219877,0.0953441508661089,0.06008290041198494,0.050000000000000044,0.050000000000000044,"{'I': 1, 'W': 0, 'R': 1, 'C': 'free'}",False,True,True,1.0,3
3808,2,0.7006928154384128,0.6446810690631075,2.196182060668386,2.107492738850498,1.6361014835380865,1.3893122523603518,0.9880955906017964,0.9999998601680408,0.1,0.050000000000000044,0.0,0.022976653076051342,0.029302065069972672,0.09534818487137424,0.050000000000000044,0.09999999999999998,"{'I': 1, 'W': 0, 'R': 1, 'C': 'free'}",False,True,True,0.3333333333333333,3
3808,3,0.050970611935640286,0.6841209181271075,0.3297099899441356,2.7812361230961504,1.0151826488681712,1.5081016726689862,0.100107368852974,0.9999999999999818,0.0,0.050000000000000044,0.0,0.005219832903866137,0.004069766014290909,0.00857714445379943,0.050000000000000044,0.09999999999999998,"{'I': 1, 'W': 0, 'R': 1, 'C': 'free'}",False,True,True,1.0,3
3808,4,0.34491722458962226,0.5517868955520797,1.7656153273588941,2.6233625805655656,1.1233515581700644,1.4111654767127852,0.6489582494286983,0.9999999999999513,0.05,0.0,0.0,0.022974481732614405,0.010982622396737321,0.03732242539238882,0.050000000000000044,0.050000000000000044,"{'I': 1, 'W': 0, 'R': 1, 'C': 'free'}",True,True,True,0.0,3
3808,5,0.2973001751133519,0.4338333294343657,0.7478212691064875,2.207559893119976,1.105133321765098,1.3037585124084514,0.6986828066166553,0.9999999986515995,0.1,0.050000000000000044,0.010000000000000009,0.4378666318772217,0.060056848209124936,0.03732881917028165,0.09999999999999998,0.050000000000000044,"{'I': 1, 'W': 0, 'R': 1, 'C': 'free'}",False,False,True,0.0,3
3808,6,0.13468905524494987,0.44711464976279847,0.5335330272590326,2.315402278337381,1.0327856062069563,1.280555761581661,0.32098732564842825,0.9999999696537253,0.1,0.050000000000000044,0.050000000000000044,0.26895225080834106,0.022974287609521464,0.06009282365764256,0.09999999999999998,0.09999999999999998,"{'I': 1, 'W': 0, 'R': 1, 'C': 'free'}",True,False,True,0.0,3
3808,7,0.12832354710436894,0.6055646132324847,0.7390105466747144,2.271967590240884,1.0364414297580344,1.3983929119594452,0.3491771040636149,0.999999608875893,0.1,0.050000000000000044,0.050000000000000044,0.1480478627310714,0.017983133808553407,0.04743255649101391,0.09999999999999998,0.09999999999999998,"{'I': 1, 'W': 0, 'R': 1, 'C': 'free'}",True,False,True,0.0,3
3819,1,0.07550685793559431,0.49510538119343106,0.37375826081125574,1.7268362611692096,1.0151880939840987,1.2898970514432935,0.07259929605803817,0.9999772653695266,0.0,0.050000000000000044,0.030000000000000027,0.029311336468315293,0.060081846401488684,0.14803745115869563,0.050000000000000044,0.050000000000000044,"{'I': 1, 'W': 0, 'R': 1, 'C': 'free'}",False,True,True,1.0,3
3819,2,0.22551548601508284,0.5497799714129399,0.48430814961718055,1.6890456118086157,1.0758482549317543,1.5171571352964213,0.3061830568153644,0.9999999979557551,0.0,0.050000000000000044,0.050000000000000044,0.017986035154388555,0.014063417494478831,0.49999613237472,0.050000000000000044,0.4,"{'I': 1, 'W': 0, 'R': 1, 'C': 'free'}",False,True,True,1.0,3
3819,3,0.3198011430847476,0.6770875536399091,1.5535466702682914,2.255052846550955,1.1664622751804734,1.7084159971468358,0.6596661741875829,0.9999973833062648,0.25,0.050000000000000044,0.050000000000000044,0.5622122494958207,0.1824121950018502,0.32083632252724364,0.050000000000000044,0.25,"{'I': 1, 'W': 0, 'R': 1, 'C': 'free'}",False,True,True,1.0,3
3819,4,0.36645956956311043,1.0093232106770558,1.1389729352028357,2.2455241730798297,1.236376733619372,1.8647670557508322,0.7735646471757401,0.9999999999999916,0.05,0.050000000000000044,0.050000000000000044,0.26889351689152025,0.09532262937084801,0.04742789631254333,0.050000000000000044,0.050000000000000044,"{'I': 1, 'W': 0, 'R': 1, 'C': 'free'}",False,True,True,0.0,3
3819,5,0.10554575533495324,0.7496279435400822,0.4755890188155096,2.1666376764213147,1.0342848630719816,1.7094589090743055,0.21019692789893796,0.9999999999997335,0.15,0.050000000000000044,0.050000000000000044,0.07584816217949727,0.029297789322167127,0.029313043101349294,0.09999999999999998,0.09999999999999998,"{'I': 1, 'W': 0, 'R': 1, 'C': 'free'}",False,False,True,0.0,3
3819,6,0.06777919371699552,0.8971429108131871,0.6621762254489009,2.2707727182931365,1.0349595341557078,1.825390439215547,0.3379061344443277,0.9999999999968352,0.0,0.050000000000000044,0.050000000000000044,0.0009109607312295788,0.0024717157347214453,0.004069289960890311,0.050000000000000044,0.050000000000000044,"{'I': 0, 'W': 1, 'R': 0, 'C': 'costly'}",False,True,True,1.0,3
3824,1,0.042328949389468275,0.6102100797011132,0.24490284072467525,1.7872780212256294,1.0098389186534185,1.5341524949246599,0.05705280045242389,0.9999999999891918,0.5,0.050000000000000044,0.050000000000000044,0.9820110701700354,0.6223716096740298,0.04742144158961398,0.75,0.5,"{'I': 1, 'W': 0, 'R': 1, 'C': 'free'}",False,True,True,0.0,3
3824,2,0.19908142970708362,0.714211085229731,2.278417465649092,2.264555619823274,1.1317527467445168,1.565539691302621,0.9487182747735241,0.9999999999999764,0.5,1.0,0.0,0.6791624684468401,0.37742656386777224,0.49997245575356003,0.8,0.75,"{'I': 1, 'W': 0, 'R': 1, 'C': 'free'}",False,True,True,0.3333333333333333,3
3824,3,0.2202945303716881,0.8121059074981728,1.1253343191530158,2.4928330615548067,1.0721925266930785,1.5889416106402174,0.3417917141583733,0.9999999999999999,0.3,0.050000000000000044,0.9,0.32083850709040534,0.3774968425005394,0.4378204568238448,0.8,0.9,"{'I': 1, 'W': 0, 'R': 1, 'C': 'free'}",False,True,True,1.0,3
3824,4,0.6846769776120158,0.9256996472162573,1.6930825642921277,2.6557872728037997,1.76598131894724,1.8260089856537667,0.9670327008518073,1.0,0.0,0.050000000000000044,0.050000000000000044,0.3208072620949855,0.3774785470456323,0.6224691722449567,1.0,0.95,"{'I': 1, 'W': 0, 'R': 1, 'C': 'free'}",True,False,True,0.0,3
3824,5,0.3284442645488308,0.8484526641124639,1.0672112929742799,2.7714652486234823,1.3062505203820498,1.9154210775123337,0.8820254883572536,1.0,0.5,0.050000000000000044,0.050000000000000044,0.14804442098754966,0.07584593336722505,0.22271842067791484,0.7,0.75,"{'I': 1, 'W': 0, 'R': 1, 'C': 'free'}",False,True,True,0.0,3
3824,6,0.07649193397633204,0.8492914157647714,0.48962804855292025,2.313502905237201,1.0281127206951926,1.9239717803984677,0.1989232285726913,1.0,0.3,0.050000000000000044,0.09999999999999998,0.029311195482070816,0.02297541930435428,0.07585488017036035,0.7,0.8,"{'I': 1, 'W': 0, 'R': 1, 'C': 'free'}",True,False,True,0.0,3
3824,7,0.522647399727714,0.8759843955077571,2.232188754429545,2.4242790934748903,1.3553566815447233,1.7327982613655395,0.9352085662602723,0.9999999999999754,0.3,1.0,0.050000000000000044,0.6792024760914376,0.37749569491734003,0.6224680142324284,0.8,0.9,"{'I': 1, 'W': 0, 'R': 1, 'C': 'free'}",False,False,True,0.0,3
3873,1,0.05174610134383067,0.9367688485561,0.13731778034922013,2.2207973599720363,1.0083221202832457,1.960750639114776,0.032607266014654246,1.0,0.0,0.050000000000000044,0.050000000000000044,0.2689163415547209,0.1479853342494641,0.18239934758215262,0.25,0.25,"{'I': 1, 'W': 0, 'R': 1, 'C': 'free'}",False,True,True,1.0,2
3873,2,0.1109640564020189,1.0797507378311402,0.37831237828534836,2.5286219366564615,1.5395118421684517,2.046067458060732,0.8843661913173912,1.0,0.75,0.050000000000000044,0.050000000000000044,0.07585746033072935,0.060079247130155604,0.07585655459875401,0.25,0.4,"{'I': 1, 'W': 0, 'R': 1, 'C': 'free'}",False,True,True,0.0,2
3873,3,0.25293595696893756,1.0364239641097421,0.7426866447337607,2.594382694746661,1.0787629788628144,1.8425038431668996,0.41180982890172313,0.9999999999999998,0.1,0.050000000000000044,0.050000000000000044,0.03732528662395961,0.02297597162379468,0.06008773608381153,0.050000000000000044,0.25,"{'I': 1, 'W': 0, 'R': 1, 'C': 'free'}",False,True,True,0.0,2
3873,4,0.00967489476343881,0.8710302875391511,0.04762436493231946,2.2027729667039386,1.0012971076951243,1.6994801816733651,0.009032826917627634,0.9999999999999969,0.1,0.050000000000000044,0.050000000000000044,0.04742419378691319,0.04741988413386212,0.0758589950701318,0.30000000000000004,0.25,"{'I': 1, 'W': 0, 'R': 1, 'C': 'free'}",False,True,True,0.0,2
3873,5,0.15203861718821873,1.0926441648025869,0.7088676884850085,2.508627273216129,1.150718434202957,2.0722800429654633,0.5043733530124797,1.0,0.3,0.050000000000000044,0.050000000000000044,0.2227057252437614,0.09534389727465577,0.1480658017297797,0.30000000000000004,0.7,"{'I': 1, 'W': 0, 'R': 1, 'C': 'free'}",False,True,True,0.5,2
3873,6,0.16589653798444406,1.0200515157953625,1.4777940488577426,2.3294787108229094,1.2070799289002552,2.0196620190970878,0.9995545255228505,1.0,0.05,0.050000000000000044,0.050000000000000044,0.029310212943737396,0.017979646154337184,0.02931119256891658,0.09999999999999998,0.09999999999999998,"{'I': 0, 'W': 1, 'R': 0, 'C': 'costly'}",False,True,True,0.0,2
3913,1,0.5427768805805192,0.6959611347232622,2.1443416641964066,2.5267886651280014,1.5083708093592003,1.5896859615550611,0.9437084553591227,0.9999999999994752,0.1,0.050000000000000044,0.050000000000000044,0.3208054703936706,0.679115404802418,0.49996928112754174,0.25,0.5,"{'I': 1, 'W': 0, 'R': 1, 'C': 'free'}",False,True,True,1.0,3
3913,2,0.5633225024367009,1.0269087382341218,1.7342492837741659,2.5463647918629047,1.3773430914680234,2.1216786677724158,0.9227918902531086,1.0,0.3,0.09999999999999998,0.0,0.6224598108392084,0.7310076341309899,0.6224994556031974,0.30000000000000004,1.0,"{'I': 1, 'W': 0, 'R': 1, 'C': 'free'}",False,True,True,1.0,3
3913,3,0.7288723783805396,0.9996913168719831,2.0994892039111317,2.1148708865196677,1.8532058234239344,2.0200288285568586,0.9979070279071408,0.9999999999999956,0.3,0.9,0.0,0.8807970616812713,0.8175675890680618,0.3775314542512324,0.75,0.8,"{'I': 0, 'W': 1, 'R': 0, 'C': 'costly'}",False,True,True,0.0,3
3917,1,0.14874832650608336,0.5193243430749902,0.7820963599515837,1.7972704586188124,1.0559515193996607,1.3407081663642035,0.3168876390236427,0.9999999588269323,0.0,0.050000000000000044,0.050000000000000044,0.26893076247915226,0.18239599336417722,0.377517433613494,0.050000000000000044,0.25,"{'I': 1, 'W': 0, 'R': 1, 'C': 'free'}",False,True,True,1.0,3
3917,2,0.2901207462149683,0.4857227516749117,0.4975058298733804,2.0826569203830343,1.0863488796786052,1.2965329389882692,0.3390731491571888,0.9999999640014183,0.05,0.050000000000000044,0.030000000000000027,0.022976745722824477,0.022975625480937213,0.14804712331113726,0.050000000000000044,0.09999999999999998,"{'I': 1, 'W': 0, 'R': 1, 'C': 'free'}",False,True,True,1.0,3
3917,3,0.24360974472658964,0.5537603734018002,0.5697669313665388,2.2709892914871084,1.0966979542355726,1.4895431968994812,0.3696745634393136,0.9999999999383594,0.0,0.050000000000000044,0.010000000000000009,0.010986455179803338,0.010985128965589758,0.07586138522336276,0.050000000000000044,0.09999999999999998,"{'I': 1, 'W': 0, 'R': 1, 'C': 'free'}",False,True,True,1.0,3
3917,4,0.022841512450829847,0.620660813618929,0.06107597136707153,2.1339537740359122,1.0036192764927512,1.5694338393374943,0.017901542427567252,0.999999999999951,0.0,0.0,0.0,0.010986513413587303,0.006692033177324535,0.010986390386675279,0.050000000000000044,0.050000000000000044,"{'I': 1, 'W': 0, 'R': 1, 'C': 'free'}",True,False,True,0.0,3
3917,5,0.11772029275354388,0.6759643127592416,0.6637605618393968,2.2775201768614526,1.040049813369577,1.5407309631574675,0.24033692497893744,0.9999999999999977,0.0,0.050000000000000044,0.010000000000000009,0.03732665773376728,0.022972713131396018,0.02297643943232458,0.050000000000000044,0.050000000000000044,"{'I': 1, 'W': 0, 'R': 1, 'C': 'free'}",True,True,True,0.0,3
3917,6,0.1770914214984463,0.5646981454774387,0.7300723146557462,2.3921047878641266,1.0646890302429963,1.4406440784288406,0.2690526384938722,0.9999999999999308,0.05,0.050000000000000044,0.0,0.008576679200345548,0.005218940081263311,0.006692742722925927,0.050000000000000044,0.050000000000000044,"{'I': 0, 'W': 1, 'R': 0, 'C': 'costly'}",False,True,True,1.0,3
3983,1,0.021563370209938346,0.4278075977513725,0.13533199888509148,1.4300357868565015,1.0041286789118973,1.3227772821805712,0.0364025106500524,0.9999985255261461,0.0,0.050000000000000044,0.030000000000000027,0.029311494528634848,0.22267868326716142,0.1824037938703956,0.25,0.25,"{'I': 1, 'W': 0, 'R': 1, 'C': 'free'}",False,True,True,1.0,3
3983,2,0.4290738319800738,0.5297125033919889,1.0811683695835164,1.8252171850880377,1.2083513701960842,1.3085572386190005,0.6118194190960329,0.9999837258502607,0.0,0.050000000000000044,0.0,0.18243211319309613,0.07585260674624589,0.1824327136592367,0.25,0.25,"{'I': 1, 'W': 0, 'R': 1, 'C': 'free'}",False,True,True,1.0,3
3983,3,0.3079945733318592,0.6086738073722955,0.9194777873042067,2.1554158344596215,1.262500685771191,1.4600901936416337,0.9516953538602493,0.999999999799738,0.01,0.050000000000000044,0.0,0.008576808064926533,0.005219514106835455,0.010986087437392615,0.050000000000000044,0.050000000000000044,"{'I': 0, 'W': 1, 'R': 0, 'C': 'costly'}",False,True,True,1.0,3
3991,1,0.263875467056405,0.5457347612125159,1.067697626984233,1.971314463236837,1.3006359743421072,1.4153234733572797,0.9278157613926385,0.9999986919410196,0.25,0.050000000000000044,0.050000000000000044,0.04742392791430968,0.11919302382556608,0.14804238141253562,0.25,0.25,"{'I': 1, 'W': 0, 'R': 1, 'C': 'free'}",False,True,True,1.0,3
3991,2,0.18582324160377903,0.7298098399775879,0.6268080163501298,2.1412916025410818,1.0682499414041327,1.4984312785079348,0.41031921184334397,0.9999999999988606,0.25,0.050000000000000044,0.09999999999999998,0.04742349795260039,0.060081099228891995,0.03732565154397455,0.30000000000000004,0.4,"{'I': 1, 'W': 0, 'R': 1, 'C': 'free'}",False,True,True,1.0,3
3991,3,0.16863340934402885,0.7782889339901029,0.6498380080769831,2.50692787374976,1.073653591677713,1.7866557074241165,0.43364785491178015,1.0,0.1,0.050000000000000044,0.09999999999999998,0.029312693275816353,0.04742287677462875,0.1824575922060152,0.30000000000000004,0.4,"{'I': 1, 'W': 0, 'R': 1, 'C': 'free'}",False,True,True,0.0,3
3991,4,0.04934183192610673,1.0774498943237187,0.17847489632233415,2.423350435588343,1.009770303617207,2.295175756723466,0.07483489233141949,1.0,0.25,0.050000000000000044,0.050000000000000044,0.22269848170883771,0.2689195967945982,0.4379097159377346,1.0,0.8,"{'I': 1, 'W': 0, 'R': 1, 'C': 'free'}",False,True,True,1.0,3
3991,5,0.3396893854171474,0.7461171111761918,1.8325610191537407,2.186522038758752,1.2012626351941327,1.4193518368560576,0.7229652688196255,0.9999983382045614,0.2,0.050000000000000044,0.050000000000000044,0.09534906458592922,0.18241198603176026,0.060102170094116746,0.25,0.09999999999999998,"{'I': 1, 'W': 0, 'R': 1, 'C': 'free'}",False,True,True,1.0,3
3991,6,0.3167246641191198,0.7433622295321956,1.9316046125012094,2.3512782549340066,1.1509864584000378,1.540513399494984,0.6263125597287216,0.9999999999523131,0.1,0.050000000000000044,0.0,0.11921370771356557,0.0474225980845959,0.06010334243689264,0.19999999999999996,0.09999999999999998,"{'I': 1, 'W': 0, 'R': 1, 'C': 'free'}",True,False,True,0.0,3
3991,7,0.35321815518851246,0.6705293079743118,1.986149334351636,2.3048444974554325,1.1838299849507679,1.5996725923527404,0.6931157156891612,0.9999999548268623,0.1,0.050000000000000044,0.050000000000000044,0.2689439830475477,0.11918835309563837,0.2689928067360842,0.09999999999999998,0.09999999999999998,"{'I': 1, 'W': 0, 'R': 1, 'C': 'free'}",True,False,True,0.0,3
3992,1,0.09253445611469167,0.9202794091990689,0.5497774829103735,2.0955607686967053,1.029619836026006,1.9400724394947386,0.18480464910693106,0.9999999999999424,0.25,0.050000000000000044,0.050000000000000044,0.7772911988403725,0.4999382178961151,0.8519414057883221,0.25,0.5,"{'I': 1, 'W': 0, 'R': 1, 'C': 'free'}",False,True,True,1.0,3
3992,2,0.30423001491955326,0.5796620865325072,1.524166279880333,2.184223570472154,1.6353127370464915,1.636556115457194,0.9926887471060994,0.9999999999670857,0.15,0.050000000000000044,0.050000000000000044,0.01798426800734145,0.010985274597208222,0.07585334489570623,0.050000000000000044,0.25,"{'I': 1, 'W': 0, 'R': 1, 'C': 'free'}",False,True,True,1.0,3
3992,3,0.15363858553426152,0.6104958850084627,0.6991689746567749,2.3837146582772006,1.055212041576219,1.4476040196318456,0.31352957672635484,0.9999999805548838,0.05,0.050000000000000044,0.0,0.017983143328443536,0.017982723800769665,0.07585539772169189,0.050000000000000044,0.25,"{'I': 1, 'W': 0, 'R': 1, 'C': 'free'}",False,True,True,1.0,3
3992,4,0.5171662635668712,0.5931139477345663,1.2036851544313987,1.941657357381874,1.3586882002428837,1.407800203584556,0.9533553366637656,0.9999999734290065,0.05,0.050000000000000044,0.050000000000000044,0.7773134315884772,0.07583778396940095,0.014062660527921924,0.050000000000000044,0.050000000000000044,"{'I': 1, 'W': 0, 'R': 1, 'C': 'free'}",False,True,True,0.0,3
3992,5,0.29894661170847925,0.7061909272820202,0.8787121532398818,2.022338701471053,1.1520486947322635,1.5661677114322368,0.7571759837885677,0.9999999999999117,0.05,0.050000000000000044,0.010000000000000009,0.2689229188022427,0.06006799082121771,0.04742617055903788,0.09999999999999998,0.25,"{'I': 1, 'W': 0, 'R': 1, 'C': 'free'}",True,False,True,0.0,3
3992,6,0.2610355092292814,0.6220083221052621,0.9080819178828047,2.136200244284577,1.1361995861222534,1.5256258900444108,0.7210966488320462,0.9999997511886456,0.1,0.050000000000000044,0.010000000000000009,0.26897197998135774,0.03730957722336814,0.047423818192081496,0.09999999999999998,0.050000000000000044,"{'I': 1, 'W': 0, 'R': 1, 'C': 'free'}",True,False,True,0.0,3
3992,7,0.1319031508891742,0.8282781215971947,0.8900393996745263,2.0702115908249774,1.0624753358963828,1.6684765905736225,0.4544790573190004,0.9999999999010092,0.1,0.050000000000000044,0.050000000000000044,0.037327014888546416,0.014061252343520434,0.04742767713175211,0.050000000000000044,0.25,"{'I': 1, 'W': 0, 'R': 1, 'C': 'free'}",True,True,True,0.0,3
4025,1,0.2909245001017039,0.9479192337718322,1.4396104573876132,2.3384054688948415,1.0891160574887082,1.812531803434479,0.4498503108198899,0.9999999997223923,0.25,0.050000000000000044,0.050000000000000044,0.09534478071982898,0.18235759292971174,0.6791455554688735,0.25,0.5,"{'I': 1, 'W': 0, 'R': 1, 'C': 'free'}",False,True,True,0.6666666666666666,3
4025,2,0.5570754070658933,0.8548898330621563,2.1702403687910414,2.2521162825849186,1.4423777618938236,1.774208963425459,0.923007774324719,0.9999999999998002,0.0,0.050000000000000044,0.050000000000000044,0.010986624459183797,0.0373225740446075,0.07585298009815719,0.25,0.25,"{'I': 1, 'W': 0, 'R': 1, 'C': 'free'}",True,False,True,0.0,3
4025,3,0.43434590171349213,0.599189878420443,1.4300510252808656,2.01214695849364,1.3619054984115326,1.4675218068861489,0.9155063222674584,0.9999999953143286,0.1,0.050000000000000044,0.0,0.2689275666516755,0.18238081123305397,0.499995350342726,0.25,0.25,"{'I': 1, 'W': 0, 'R': 1, 'C': 'free'}",False,True,True,1.0,3
4025,4,0.17739789799789,0.8999823280779314,0.8597568356548185,2.5554426329090743,1.1233359920549666,1.8089355874319364,0.556970871180194,1.0,0.1,0.050000000000000044,0.050000000000000044,0.022975260053951656,0.037316668757859335,0.0474262273592168,0.19999999999999996,0.25,"{'I': 1, 'W': 0, 'R': 1, 'C': 'free'}",False,True,True,0.6666666666666666,3
4025,5,0.271673001451303,0.9417466799664693,0.867257770919518,2.137013801949213,1.1253690855009673,1.7603832997498112,0.5625432367671716,0.9999999999999994,0.05,0.050000000000000044,0.050000000000000044,0.11919726021172229,0.060070468267855094,0.09536323760459402,0.09999999999999998,0.25,"{'I': 1, 'W': 0, 'R': 1, 'C': 'free'}",True,False,True,0.0,3
4025,6,0.1681845286504722,0.8939197014773893,0.701400246118625,2.414351768189292,1.063280645445346,1.8542602089760962,0.34917438173286486,1.0,0.1,0.050000000000000044,0.050000000000000044,0.18244109682875673,0.2689084670274052,0.3208761113191959,0.30000000000000004,0.5,"{'I': 1, 'W': 0, 'R': 1, 'C': 'free'}",True,False,True,0.0,3
4025,7,0.43525717356117405,1.1236696092676808,1.5451515702942185,2.6645840870156787,1.373671153367875,2.2545906812205354,0.9882607296664638,1.0,0.2,0.050000000000000044,0.050000000000000044,0.9525599344592205,0.6224173722092508,0.7310936190068322,0.7,1.0,"{'I': 0, 'W': 1, 'R': 0, 'C': 'costly'}",False,True,True,0.0,3
4029,1,0.8928012026232182,0.6373227985730874,2.2757983996006605,2.305236781661923,2.276125382319725,1.5632500146552317,0.9928084433013878,0.9999999929074002,0.0,0.050000000000000044,0.050000000000000044,0.32081987070115525,0.37749613294785267,0.49999565328052337,0.25,0.5,"{'I': 1, 'W': 0, 'R': 1, 'C': 'free'}",False,True,True,1.0,3
4029,2,0.05224096731272599,0.897555981214104,0.28951005787929246,2.5074886765188134,1.0142068831446553,1.8584517076836653,0.08115833937926276,0.9999999999999999,0.3,0.30000000000000004,0.0,0.0953485712858798,0.09534162128680633,0.09534675912083293,0.5,0.4,"{'I': 1, 'W': 0, 'R': 1, 'C': 'free'}",False,True,True,1.0,3
4029,3,0.015136271919135899,0.8892523842570418,0.03876537147678346,2.3632443781641888,1.0021527126079797,1.8469394562383068,0.01281951400875636,1.0,0.25,0.050000000000000044,0.0,0.029311639639057214,0.029310876926127608,0.06008797524172022,0.30000000000000004,0.4,"{'I': 1, 'W': 0, 'R': 1, 'C': 'free'}",True,False,True,0.0,3
4029,4,0.431658456438763,0.9161586717333822,1.8533765301014784,2.3385609097105653,1.3538387123101092,1.8738402652132264,0.8800413688254058,1.0,0.3,0.75,0.7,0.18241018659645405,0.32079775592132725,0.32082213201275817,1.0,0.75,"{'I': 1, 'W': 0, 'R': 1, 'C': 'free'}",False,True,True,1.0,3
4029,5,0.014131493234939327,1.0196805682117887,0.0783592959983984,2.61899223088343,1.0022302625462465,2.048195780704225,0.015473490517392108,1.0,0.0,0.050000000000000044,0.75,0.029311991726346794,0.029310950273949473,0.06008512775526849,0.5,0.75,"{'I': 1, 'W': 0, 'R': 1, 'C': 'free'}",True,False,True,0.0,3
4029,6,0.0014340181587215177,0.9903573751233703,0.004295333928644619,2.2381490604509655,1.0001358216048626,1.8886129191348164,0.0009502349142008759,0.9999999999999997,0.0,0.9,0.75,0.4999510936150109,0.26894061479543396,0.18242608504991276,1.0,1.0,"{'I': 1, 'W': 0, 'R': 1, 'C': 'free'}",True,False,True,0.0,3
4029,7,0.28156599112022807,1.2702045793940782,1.2165606676852865,2.516866194716427,1.09970848579025,2.2522004397275417,0.4858889171332963,0.9999999999947932,0.0,1.0,0.8,0.5621767472837494,0.3775235099538953,0.4378296633831754,0.7,0.75,"{'I': 1, 'W': 0, 'R': 1, 'C': 'free'}",False,True,True,0.0,3
4050,1,0.36849920837685607,0.653865916022296,1.0095018435731682,1.8670388594142497,1.1335422326319107,1.4042732508306643,0.5286171609078518,0.9999999163777052,0.0,0.050000000000000044,0.010000000000000009,0.060084234021184166,0.029309567914471098,0.060081503945658976,0.050000000000000044,0.050000000000000044,"{'I': 1, 'W': 0, 'R': 1, 'C': 'free'}",False,True,True,1.0,3
4050,2,0.14666055871005554,0.944611145055268,0.6386188866591898,2.049154580988723,1.0384528406188096,1.9563858145962056,0.2025943140786064,0.999999999528528,0.0,0.050000000000000044,0.030000000000000027,0.07585330337693785,0.03732575562313527,0.022976905317144802,0.050000000000000044,0.25,"{'I': 1, 'W': 0, 'R': 1, 'C': 'free'}",True,False,True,0.0,3
4050,3,0.2707741598023647,0.7406033512961511,1.3094934187441263,2.3777765967975997,1.3426978409073878,1.6566016835187058,0.8728981224291179,0.999999999950255,0.3,0.050000000000000044,0.0,0.2227147062384313,0.07585436622443892,0.06008575084991208,0.5,0.9,"{'I': 1, 'W': 0, 'R': 1, 'C': 'free'}",False,True,True,0.6666666666666666,3
4050,4,0.3572176709441845,0.9546771327504252,2.3264527102011066,2.058885957508569,1.3149087325027575,1.895418689528638,0.9999824541013621,0.9999999999852259,0.0,1.0,0.050000000000000044,0.9706726980194736,0.8518717842200433,0.14804593159535154,1.0,1.0,"{'I': 0, 'W': 1, 'R': 0, 'C': 'costly'}",False,True,True,0.0,3
4052,1,0.1882684410449773,0.7011891925857857,0.7791677906504306,2.150077974034513,1.0685154150859786,1.67103937109841,0.44922670794850106,0.9999999998456218,0.25,0.050000000000000044,0.050000000000000044,0.6224446820595396,0.5621090809632655,0.43779567026255944,0.25,0.25,"{'I': 1, 'W': 0, 'R': 1, 'C': 'free'}",False,True,True,1.0,2
4052,2,0.6537744379503889,0.9624519121361893,2.0231861534912032,2.3593402976187563,1.466595772533348,1.9167787809368557,0.9782782049387894,1.0,0.5,1.0,0.30000000000000004,0.3775667506848213,0.7310276371591361,0.8519525954530425,0.5,1.0,"{'I': 1, 'W': 0, 'R': 1, 'C': 'free'}",False,True,True,0.0,2
4052,3,0.15175307645603114,0.8761020105202967,0.8630291822358074,2.6927655794582406,1.0830496910791008,1.7571286096476924,0.5122867498332622,1.0,0.3,0.050000000000000044,0.30000000000000004,0.26895592485407493,0.32081665495562134,0.5622070429183602,0.7,0.8,"{'I': 1, 'W': 0, 'R': 1, 'C': 'free'}",False,True,True,0.0,2
4052,4,0.2009074685585273,0.8523033425453225,0.6952143282038942,2.371671493765397,1.084209476321214,1.767589877024969,0.5169620967076807,1.0,0.05,0.050000000000000044,0.050000000000000044,0.037325680609221194,0.03732516341200362,0.060094119907300625,0.19999999999999996,0.4,"{'I': 1, 'W': 0, 'R': 1, 'C': 'free'}",True,False,True,0.0,2
4052,5,0.39524449543726226,0.8740150674760712,0.910663200062777,2.620841609334574,1.183453144236867,1.876698301563507,0.8675087535329026,1.0,0.25,0.050000000000000044,0.050000000000000044,0.03733065906495237,0.04741946593487037,0.26903373805008585,0.30000000000000004,0.30000000000000004,"{'I': 1, 'W': 0, 'R': 1, 'C': 'free'}",False,True,True,0.0,2
4052,6,0.1252192926335565,0.8187714884812773,0.6376642973966168,2.429010480477551,1.0422146371241356,1.8527092012111546,0.39114485342039607,1.0,0.25,0.09999999999999998,0.09999999999999998,0.010985776480764813,0.014061915549712945,0.02297769627805459,0.30000000000000004,0.5,"{'I': 1, 'W': 0, 'R': 1, 'C': 'free'}",True,False,True,0.0,2
4052,7,0.1311007980732577,0.7951123673805531,0.5789466562732201,2.4010171169929886,1.043797273747557,1.837071159623711,0.40213090904699667,1.0,0.25,0.050000000000000044,0.050000000000000044,0.04742222560191167,0.022965885609297555,0.06008978511367724,0.4,0.25,"{'I': 1, 'W': 0, 'R': 1, 'C': 'free'}",True,False,True,0.0,2
407,1,0.015259469701467132,0.5751987328796621,0.07656069195030721,1.9178766639443536,1.0026998573974857,1.5298230863949018,0.01604716597020217,0.9999999986284176,0.0,0.050000000000000044,0.030000000000000027,0.014062862879577377,0.07584954486307406,0.1191960613719222,0.050000000000000044,0.050000000000000044,"{'I': 1, 'W': 0, 'R': 1, 'C': 'free'}",False,True,True,1.0,2
407,2,0.02928233945840093,1.116174065128902,0.19152128517653297,2.5581877517405633,1.007189105327789,2.0874912458597232,0.04890726522874589,0.999999999999999,0.0,0.050000000000000044,0.0,0.04742413183636017,0.07585360034350204,0.777294654600699,0.050000000000000044,0.4,"{'I': 1, 'W': 0, 'R': 1, 'C': 'free'}",False,True,True,1.0,2
407,3,0.5157654422668089,0.8626254990636544,1.6453783099017112,2.0223493389011886,1.3035076707047273,1.8098533327028126,0.9079597733825215,0.9999999994693133,0.25,0.050000000000000044,0.050000000000000044,0.6225180413516769,0.22268667611600595,0.6791822239519982,0.25,0.4,"{'I': 1, 'W': 0, 'R': 1, 'C': 'free'}",False,True,True,0.0,2
407,4,0.05345122361290225,0.7632885786089387,0.14718996376069338,2.172669714344596,1.0091328773784545,1.600550003771563,0.07856479923921977,0.9999999999020945,0.0,0.050000000000000044,0.050000000000000044,0.18240215539880586,0.02930884548811409,0.06008709333980144,0.050000000000000044,0.25,"{'I': 1, 'W': 0, 'R': 1, 'C': 'free'}",True,False,True,0.0,2
407,5,0.06132234092502128,0.5272398344335145,0.4674351825584283,2.461959404943286,1.0194558066937571,1.4660845758862457,0.1752620840298731,0.9999999998427402,0.1,0.050000000000000044,0.010000000000000009,0.09534682781183856,0.04742074767908434,0.060086728257619126,0.050000000000000044,0.25,"{'I': 1, 'W': 0, 'R': 1, 'C': 'free'}",False,False,True,0.0,2
407,6,0.22136158414765963,0.8704038303156405,0.6732769310483179,2.2454200918634233,1.0740052572326226,1.8028985553797419,0.474052572887121,0.9999999999999999,0.0,0.050000000000000044,0.050000000000000044,0.6225086146761153,0.14804380493598165,0.6792691347535794,0.09999999999999998,1.0,"{'I': 1, 'W': 0, 'R': 1, 'C': 'free'}",False,True,True,0.0,2
407,7,0.1638993171354611,0.7309605774497941,0.788396642888567,2.267495152436184,1.053535891485829,1.6423409551917971,0.3746027320042573,0.9999999999253166,0.1,1.0,0.050000000000000044,0.6224653513610561,0.2689015425184226,0.32083335840235244,0.4,0.4,"{'I': 1, 'W': 0, 'R': 1, 'C': 'free'}",True,True,True,0.0,2
4073,1,0.6493912650898367,0.7594751350889085,1.666103862697482,1.9386558471155413,1.4904155403590278,1.6239565134450933,0.9944152442123914,0.9999999998732338,1.0,1.0,1.0,0.8519521976437947,0.9525704758350871,0.8175678879890115,1.0,1.0,"{'I': 0, 'W': 1, 'R': 0, 'C': 'costly'}",False,True,True,0.0,3
4079,1,0.19196548465546887,0.6214278817341863,0.8923315063882047,1.8697606608337645,1.0941961748682356,1.5451993954557155,0.4674827820351638,0.9999921038079634,0.0,0.050000000000000044,0.050000000000000044,0.26893279179911495,0.3207782701962905,0.562125389817666,0.25,0.25,"{'I': 1, 'W': 0, 'R': 1, 'C': 'free'}",False,True,True,1.0,3
4079,2,0.3562077371090185,0.5369046361007535,0.6444125479200806,1.665884153988691,1.1304496238944295,1.470487424550587,0.5208265818448226,0.9999997997615812,0.0,0.050000000000000044,0.0,0.010986548078410652,0.014062381163396365,0.14805059625115435,0.050000000000000044,0.09999999999999998,"{'I': 1, 'W': 0, 'R': 1, 'C': 'free'}",False,True,True,0.0,3
4079,3,0.20812044360593981,1.0055540830145087,0.674461424728428,2.4779193611528405,1.1038564292101942,2.087651149042498,0.44725547281311595,1.0,0.0,0.050000000000000044,0.0,0.014061277716730795,0.010983674416678186,0.014062673021064757,0.050000000000000044,0.050000000000000044,"{'I': 1, 'W': 0, 'R': 1, 'C': 'free'}",False,True,True,0.0,3
4079,4,0.3800511334265158,0.7543551964048485,0.6048393825822453,2.426113322668054,1.1187134194348178,1.6159295831393616,0.48986289403230665,0.9999999989089732,0.0,0.050000000000000044,0.050000000000000044,0.11919242284820987,0.11917136001148315,0.11920802837615788,0.050000000000000044,0.050000000000000044,"{'I': 1, 'W': 0, 'R': 1, 'C': 'free'}",True,False,True,0.0,3
4079,5,0.20463000543228102,0.6151609185424757,0.40691234860914804,2.3636659233540485,1.0491992670939194,1.420608562103868,0.2503610758415543,0.9999992037986944,0.05,0.050000000000000044,0.010000000000000009,0.02930983676915393,0.02930705253270267,0.01406337322736559,0.09999999999999998,0.09999999999999998,"{'I': 1, 'W': 0, 'R': 1, 'C': 'free'}",True,False,True,0.0,3
4079,6,0.2620408600471899,0.7995104162339804,0.44905968859544637,2.2804242678150897,1.071425620128931,1.6418981503417311,0.3389598512869718,0.9999999999719433,0.05,0.050000000000000044,0.0,0.008576719293295813,0.010984264927732705,0.02931189678476534,0.09999999999999998,0.09999999999999998,"{'I': 1, 'W': 0, 'R': 1, 'C': 'free'}",True,False,True,0.0,3
4079,7,0.3000833469872301,0.7625851088271051,1.2948769125767465,2.4106388038404742,1.1351009462328554,1.720773724431271,0.718385415335507,0.9999999999990492,0.05,0.050000000000000044,0.050000000000000044,0.060077720147986326,0.037313603408814185,0.06008994058205314,0.050000000000000044,0.09999999999999998,"{'I': 1, 'W': 0, 'R': 1, 'C': 'free'}",False,False,True,0.0,3
4080,1,0.19108460833947905,0.6099316776243454,0.5711684814509755,2.6121502774799805,1.062383067273761,1.5418693325265262,0.3453155597236317,0.9999916301900516,0.1,0.050000000000000044,0.050000000000000044,0.02297645393749689,0.0953257072791762,0.22269909255808523,0.050000000000000044,0.050000000000000044,"{'I': 1, 'W': 0, 'R': 1, 'C': 'free'}",False,True,True,0.0,3
4080,2,0.40080019879586604,0.7639632907706141,1.8645256767893952,2.5215604376659657,1.3828075314112247,1.5476966399446133,0.9251992228501706,0.9999999999999659,0.25,0.30000000000000004,0.09999999999999998,0.9706878762621859,0.9241260178914834,0.4378263369331587,0.5,0.5,"{'I': 1, 'W': 0, 'R': 1, 'C': 'free'}",False,True,True,1.0,3
4080,3,0.0035140685224866594,0.6646111359640808,0.01226632737357615,2.1684661436915498,1.0003937158223797,1.444960323725696,0.003144153457448007,0.9999999929636414,0.05,0.050000000000000044,0.050000000000000044,0.006692364159768641,0.0066925364063917326,0.07585718067459296,0.050000000000000044,0.25,"{'I': 1, 'W': 0, 'R': 1, 'C': 'free'}",False,True,True,1.0,3
4080,4,0.2882437388110288,0.5810297956807231,1.9651494747955096,2.355596486504073,1.1796202180061686,1.357818572040268,0.9010059493759512,0.9999999329272996,0.1,0.050000000000000044,0.050000000000000044,0.22270217040647694,0.07585458390974592,0.2689606931737282,0.30000000000000004,0.09999999999999998,"{'I': 1, 'W': 0, 'R': 1, 'C': 'free'}",False,True,True,0.3333333333333333,3
4080,5,0.22052933742130557,0.6829681970607165,0.9291191207723737,2.5130749856763726,1.0971859898057983,1.5548524190470783,0.5238344483587738,0.9999999999999973,0.0,0.050000000000000044,0.050000000000000044,0.017986853924197025,0.008577173741143402,0.222721756795259,0.09999999999999998,0.4,"{'I': 1, 'W': 0, 'R': 1, 'C': 'free'}",True,True,True,0.0,3
4080,6,0.22724359464325547,0.9781100597321348,0.8979442882985651,2.358716550850806,1.075422949114548,1.9297439903307188,0.6386818306746304,1.0,0.3,0.050000000000000044,0.09999999999999998,0.32084137268045326,0.07585066358532347,0.3775656986551553,0.30000000000000004,0.5,"{'I': 1, 'W': 0, 'R': 1, 'C': 'free'}",True,True,True,0.0,3
4080,7,0.21206574519798777,0.7301212843182043,1.1267318775477786,2.0255803499031257,1.085852853663364,1.563447096959424,0.48259313845870433,0.9999999998023756,0.0,0.050000000000000044,0.050000000000000044,0.029310257822523767,0.0179855696248102,0.11921199636969955,0.09999999999999998,0.25,"{'I': 1, 'W': 0, 'R': 1, 'C': 'free'}",True,True,True,0.0,3
4082,1,0.19062061956739135,0.7889661346551564,1.5014223834988802,2.1057182071051153,1.1110938305576394,1.810763427391876,0.5694792275276223,0.9999999999515234,0.0,0.050000000000000044,0.050000000000000044,0.09534724181807513,0.060079541856402054,0.1480346960668917,0.050000000000000044,0.050000000000000044,"{'I': 1, 'W': 0, 'R': 1, 'C': 'free'}",False,True,True,1.0,3
4082,2,0.13554824998761397,0.5520850569345161,0.6383775953364393,2.8636972353315597,1.0656055441276648,1.351542188378687,0.359049190522413,0.9999999957644953,0.05,0.050000000000000044,0.030000000000000027,0.01098652540071878,0.014062952879442528,0.005220069722887846,0.050000000000000044,0.050000000000000044,"{'I': 1, 'W': 0, 'R': 1, 'C': 'free'}",False,True,True,1.0,3
4082,3,0.503293029440781,0.6489670370019894,1.5175753173288125,2.171265196984743,1.5853520285560616,1.6455308788454683,0.9960327328333837,0.9999999999999999,0.05,0.050000000000000044,0.050000000000000044,0.017984851039059516,0.008575173548990534,0.017986637945526133,0.050000000000000044,0.050000000000000044,"{'I': 0, 'W': 1, 'R': 0, 'C': 'costly'}",False,True,True,0.6666666666666666,3
4097,1,0.18902210742149056,0.7169707006973486,0.5423298198150257,2.0247560089656855,1.0674935643946817,1.48707559472732,0.27860409512312034,0.9999999975826046,0.0,0.050000000000000044,0.050000000000000044,0.07585468954519517,0.04741463313105586,0.37750132155346766,0.25,0.25,"{'I': 1, 'W': 0, 'R': 1, 'C': 'free'}",False,True,True,1.0,3
4097,2,0.26967705366180783,0.8893423672913857,1.3590554026614867,2.5590418383053186,1.162372150780757,1.6557540453710062,0.6999190468419043,0.9999999999692248,0.0,0.09999999999999998,0.0,0.5000161576203956,0.22268027329068169,0.7773094529856408,0.4,1.0,"{'I': 1, 'W': 0, 'R': 1, 'C': 'free'}",False,True,True,1.0,3
4097,3,0.1228774327042131,0.7572283676383901,0.6377897274536827,2.1788582521755586,1.0584341275988083,1.5712557045799025,0.2887586582527457,0.9999999999993197,0.1,0.050000000000000044,0.050000000000000044,0.09535065801238352,0.04742119493405588,0.09535358302194634,0.25,0.25,"{'I': 1, 'W': 0, 'R': 1, 'C': 'free'}",False,True,True,0.3333333333333333,3
4097,4,0.7476696227903098,0.7487061448905297,2.00680226640392,2.3156748302528367,1.4245625593782234,1.7121762440573627,0.8803505120633235,0.9999999999999989,0.2,0.050000000000000044,0.050000000000000044,0.5621648058004908,0.09533808532069848,0.047431130412040536,0.19999999999999996,0.050000000000000044,"{'I': 1, 'W': 0, 'R': 1, 'C': 'free'}",False,True,True,1.0,3
4097,5,0.583749346529996,0.836048047467853,2.1623771225287984,2.0699627106527765,1.3795547506156416,1.960653778814644,0.8549337603584993,0.999999999885615,0.2,0.050000000000000044,0.050000000000000044,0.6791781953152121,0.1480022536471374,0.3209126695195521,0.25,0.09999999999999998,"{'I': 1, 'W': 0, 'R': 1, 'C': 'free'}",False,True,True,0.0,3
4097,6,0.5949121475721469,0.9047458452701358,2.278044118910666,2.140115060703792,1.3949527412529874,1.8592011268800575,0.8642802559273394,0.9999999999999971,0.1,0.050000000000000044,0.050000000000000044,0.377539814629651,0.14798858697443107,0.2690926056458487,0.25,0.09999999999999998,"{'I': 1, 'W': 0, 'R': 1, 'C': 'free'}",False,True,True,0.0,3
4097,7,0.5758850434428798,0.8056009509416271,1.6503369930658003,2.220610101050341,1.427213994327457,1.6495243491909024,0.8816780203535682,0.9999999999917831,0.1,0.050000000000000044,0.050000000000000044,0.1824072490878263,0.029308015331997995,0.029315877756414775,0.09999999999999998,0.09999999999999998,"{'I': 1, 'W': 0, 'R': 1, 'C': 'free'}",False,True,True,0.0,3
4104,1,0.026417606835889194,0.5416899179535777,0.12381906595017692,2.3568298054436587,1.0048517211944032,1.4179366769203394,0.0333124289446084,0.9999999997209903,0.0,0.050000000000000044,0.050000000000000044,0.18241403090628622,0.18240840456842247,0.26893000188202365,0.25,0.25,"{'I': 1, 'W': 0, 'R': 1, 'C': 'free'}",False,True,True,1.0,3
4104,2,0.570879685417886,0.9146637481905706,1.2228203866697218,2.4956761036482327,1.290964249011361,1.9942362177923068,0.8326597196900769,1.0,0.2,0.050000000000000044,0.050000000000000044,0.4378202520349883,0.377517900479556,0.3208221585621341,0.25,0.25,"{'I': 1, 'W': 0, 'R': 1, 'C': 'free'}",False,True,True,0.6666666666666666,3
4104,3,0.2834363968501752,0.7594180960241284,1.1425663566197926,2.151988323547019,1.2222281624212596,1.6775316518231815,0.8357030800341894,0.9999999999997379,0.3,0.050000000000000044,0.050000000000000044,0.377551841266573,0.09534383849125655,0.22269769050869495,0.25,0.25,"{'I': 1, 'W': 0, 'R': 1, 'C': 'free'}",False,True,True,1.0,3
4104,4,0.08901365407939749,0.9407764129310402,0.2947988454397906,2.468941218123616,1.017804186131395,1.9971671627419607,0.14685685568188245,1.0,0.25,0.050000000000000044,0.050000000000000044,0.18241736394494562,0.11919026025617376,0.222712774619247,1.0,0.7,"{'I': 1, 'W': 0, 'R': 1, 'C': 'free'}",True,False,True,0.0,3
4104,5,0.008173430051060169,0.8173332477719208,0.03882167493638391,2.2656215320737028,1.0010547943787143,1.6532026819370946,0.009443275830765319,1.0,0.25,0.050000000000000044,0.050000000000000044,0.06008512765877678,0.04742086179009642,0.1480603192681331,1.0,0.7,"{'I': 1, 'W': 0, 'R': 1, 'C': 'free'}",True,False,True,0.0,3
4104,6,0.12490109303209605,0.8315363687354679,0.9606219714708066,2.244069978478818,1.054859938650012,1.700513328783747,0.3816322828297053,0.9999999999999999,0.25,0.050000000000000044,0.09999999999999998,0.037326605661395326,0.029310372335384766,0.22270832744528934,0.30000000000000004,0.8,"{'I': 1, 'W': 0, 'R': 1, 'C': 'free'}",False,True,True,1.0,3
4104,7,0.04472877145407597,0.9579852264555689,0.2334726184010092,2.4004503490413667,1.009916405842595,1.8144338459794056,0.057486810517608844,1.0,0.3,0.07999999999999996,0.050000000000000044,0.06008535626517195,0.09534017092428584,0.14804637394669093,0.7,0.7,"{'I': 1, 'W': 0, 'R': 1, 'C': 'free'}",False,True,True,1.0,3
4116,1,0.3352856590309172,0.9539318421177978,0.8935351780058673,2.532741102224398,1.0952569516886388,1.8181555793406363,0.5170837126822921,0.999999999997927,0.25,0.050000000000000044,0.050000000000000044,0.2226895225907818,0.26887647513496177,0.43779860627557543,0.25,0.25,"{'I': 1, 'W': 0, 'R': 1, 'C': 'free'}",False,True,True,1.0,3
4116,2,0.022071498907425772,0.9035280344075135,0.11127683709783215,2.320312261508329,1.0040473677859145,1.9076535333785216,0.03569996487121285,0.9999999999999974,0.25,0.050000000000000044,0.09999999999999998,0.010987011575069566,0.022975525269058234,0.03732554797633655,0.25,0.25,"{'I': 1, 'W': 0, 'R': 1, 'C': 'free'}",False,True,True,1.0,3
4116,3,0.2302661711474436,0.8905862688882181,1.2577938951712162,2.3612360162283745,1.133218287267521,1.8379889490812695,0.5278080769451575,0.9999999999999998,0.3,0.050000000000000044,0.09999999999999998,0.02297718301150889,0.037323856240628187,0.060083876675745496,0.30000000000000004,0.7,"{'I': 1, 'W': 0, 'R': 1, 'C': 'free'}",False,True,True,0.0,3
4116,4,0.28311708178714023,0.9406433154550928,1.074934811454565,2.3665043462267024,1.2147436251329347,1.971674246435834,0.826364571725499,1.0,0.25,0.050000000000000044,0.050000000000000044,0.017986663486396225,0.03732384604841467,0.03732702986176918,0.30000000000000004,0.30000000000000004,"{'I': 1, 'W': 0, 'R': 1, 'C': 'free'}",False,True,True,1.0,3
4116,5,0.25502986100676445,1.006790568268208,0.7438953699955467,2.546631952023571,1.0745537921775954,2.095677837848243,0.5465909052173866,1.0,0.3,0.050000000000000044,0.19999999999999996,0.11920657726795784,0.06007929212676219,0.22271856217726613,0.30000000000000004,0.7,"{'I': 1, 'W': 0, 'R': 1, 'C': 'free'}",False,True,True,0.6666666666666666,3
4116,6,0.07709461833135263,1.1653464580423103,0.4290929652977284,2.446941144828861,1.0209943215879698,2.18497111091589,0.20431090454856782,1.0,0.25,0.09999999999999998,0.8,0.37755559399052907,0.11918798949662607,0.22271499288594462,0.7,0.7,"{'I': 1, 'W': 0, 'R': 1, 'C': 'free'}",True,False,True,0.0,3
4116,7,0.1655504349040939,1.0817917040665785,0.8728662257205652,2.514556639298462,1.0727025983073675,2.2609671988365854,0.5379091790785828,1.0,0.3,0.050000000000000044,0.050000000000000044,0.3775882666931895,0.09533716908999115,0.11920795159077337,0.7,0.7,"{'I': 1, 'W': 0, 'R': 1, 'C': 'free'}",True,False,True,0.0,3
4118,1,0.014662835405022003,0.7031117267343887,0.09658921302291153,1.9756748772146637,1.0027827829970992,1.5546389205107225,0.019264449950738394,0.9999999999880569,0.0,0.050000000000000044,0.050000000000000044,0.010986628734284989,0.017984711216815105,0.07585350847729144,0.050000000000000044,0.050000000000000044,"{'I': 1, 'W': 0, 'R': 1, 'C': 'free'}",False,True,True,1.0,3
4118,2,0.13958696445937982,0.6350407378622325,0.4931578684422716,1.7803671214445382,1.0375822562548664,1.4765398027739625,0.22760003351643487,0.9999999888960488,0.0,0.050000000000000044,0.0,0.014062624278483439,0.029310634241898885,0.04742589861929292,0.050000000000000044,0.25,"{'I': 1, 'W': 0, 'R': 1, 'C': 'free'}",True,False,True,0.0,3
4118,3,0.18816942045122703,0.6276752093632788,1.316476217997158,2.5644040883181796,1.078454666377534,1.5068921096880235,0.9038074831934542,0.9999999903104668,0.05,0.050000000000000044,0.050000000000000044,0.49997078026266983,0.06008126668913664,0.1480564869705264,0.09999999999999998,0.25,"{'I': 0, 'W': 1, 'R': 0, 'C': 'costly'}",False,True,True,0.6666666666666666,3
4133,1,0.17615582916954878,0.6479450398912118,0.7611434021141705,2.0992854000018593,1.0437153778951507,1.5046450608465556,0.2264159512200985,0.9999997277677094,0.25,0.050000000000000044,0.030000000000000027,0.4378140723202225,0.14802123954242652,0.3775297471124397,0.25,0.25,"{'I': 1, 'W': 0, 'R': 1, 'C': 'free'}",False,True,True,1.0,3
4133,2,0.23286111329434842,1.1035071701883692,0.5288396844079918,2.253828053906776,1.0632777991147537,1.8431598783839032,0.30797860164321056,0.9999999982764626,0.1,0.050000000000000044,0.0,0.02930891819148851,0.022973584917599193,0.09535505745355054,0.050000000000000044,0.19999999999999996,"{'I': 1, 'W': 0, 'R': 1, 'C': 'free'}",False,True,True,0.0,3
4133,3,0.3440802207565077,1.033869418371018,1.0451580305578163,2.5347891368916695,1.5329438113790739,2.0527304007792755,0.9229375910050223,0.9999999999999629,0.3,0.050000000000000044,0.050000000000000044,0.02931027977168323,0.017984069635425558,0.26894517916212396,0.050000000000000044,0.25,"{'I': 1, 'W': 0, 'R': 1, 'C': 'free'}",False,True,True,0.3333333333333333,3
4133,4,0.15357314076248285,1.2194317397589498,0.6400488771769601,2.3753537415105823,1.0547131748973162,2.3780009011929777,0.380857436651848,0.9999999999996154,0.25,0.050000000000000044,0.050000000000000044,0.06008300904842162,0.02930880220756325,0.26894373345444816,0.30000000000000004,0.25,"{'I': 1, 'W': 0, 'R': 1, 'C': 'free'}",False,True,True,1.0,3
4133,5,0.024920412680715993,0.8661402675653308,0.13530133903126387,2.426018444924236,1.0043539883728194,1.8503822854611829,0.03834626381028361,1.0,0.0,0.050000000000000044,0.050000000000000044,0.0066923911958679215,0.005219523662566859,0.03732495948582117,0.050000000000000044,0.050000000000000044,"{'I': 1, 'W': 0, 'R': 1, 'C': 'free'}",True,False,True,0.0,3
4133,6,0.6910166989367271,0.9791732679733768,2.0069065429631388,2.635460591987276,1.58031012686396,1.8885604994599572,0.935798368999665,1.0,0.2,0.050000000000000044,0.050000000000000044,0.09534601290826165,0.03732321689712438,0.11922718237326362,0.30000000000000004,0.25,"{'I': 1, 'W': 0, 'R': 1, 'C': 'free'}",False,True,True,0.3333333333333333,3
4133,7,0.3542889094510355,1.0047792794888204,1.9970223629259576,2.605167897016022,1.3661417226129555,2.0208330873453537,0.9175797439804586,1.0,0.2,0.050000000000000044,0.050000000000000044,0.07585407284108314,0.017985357508939592,0.320906018104055,0.30000000000000004,1.0,"{'I': 1, 'W': 0, 'R': 1, 'C': 'free'}",False,True,True,1.0,3
4142,1,0.0014840686658851281,0.47701062132607874,0.0068617608863136325,2.0780006763554297,1.0001601983007908,1.3603368946642758,0.001120669872867075,0.999999288357205,0.0,0.050000000000000044,0.050000000000000044,0.022976705057451047,0.07584975170760655,0.07585542460501211,0.050000000000000044,0.25,"{'I': 1, 'W': 0, 'R': 1, 'C': 'free'}",False,True,True,1.0,3
4142,2,0.00044719575811836935,0.49404778444228487,0.0011549409270126567,2.3794194624119553,1.0000406493864304,1.4118881197793225,0.0002438616225185486,0.9999999997413087,0.0,0.050000000000000044,0.030000000000000027,0.017985506442333016,0.022976198236555896,0.02931171485212364,0.050000000000000044,0.09999999999999998,"{'I': 1, 'W': 0, 'R': 1, 'C': 'free'}",False,True,True,1.0,3
4142,3,0.275126198375901,0.7191156620365549,0.9873938958759899,2.6490992764091374,1.1809791044100024,1.5812482378681947,0.6314073091948205,0.9999999999999706,0.0,0.050000000000000044,0.050000000000000044,0.022975480685055952,0.03732394029441319,0.037326325892903904,0.050000000000000044,0.4,"{'I': 1, 'W': 0, 'R': 1, 'C': 'free'}",True,False,True,0.0,3
4142,4,0.5477266926229775,0.7880200948746567,1.6450002897261684,2.5485949188841084,1.5451707994016788,1.760099951625032,0.9800835665419562,1.0,0.1,0.050000000000000044,0.050000000000000044,0.9046701243701849,0.7772732523950328,0.03732827463188466,0.9,0.25,"{'I': 1, 'W': 0, 'R': 1, 'C': 'free'}",False,True,True,1.0,3
4142,5,0.08639870235711913,0.6815654888924703,0.6286062757885941,2.510230045894804,1.0287902096676116,1.614822656631671,0.2254337035272297,0.999999999999993,0.25,0.050000000000000044,0.050000000000000044,0.3208392673354585,0.18241880958172574,0.03732798514631379,0.30000000000000004,0.4,"{'I': 1, 'W': 0, 'R': 1, 'C': 'free'}",False,True,True,0.0,3
4142,6,0.2232710095853524,0.6824600933613765,1.0780601031598482,2.70881518419689,1.1178292156392322,1.6135943713723062,0.8317354217590931,1.0,0.05,0.050000000000000044,0.050000000000000044,0.010985906118434781,0.010985875746959903,0.0179859035147925,0.09999999999999998,0.09999999999999998,"{'I': 0, 'W': 1, 'R': 0, 'C': 'costly'}",False,True,True,0.0,3
415,1,0.041321003648531564,0.6186857329533849,0.19116379489948174,2.033592315501798,1.0088519503462392,1.524861424789448,0.043108249755248185,0.999999928547857,0.0,0.050000000000000044,0.030000000000000027,0.037325402467925574,0.0758498899458398,0.060083502587742595,0.050000000000000044,0.050000000000000044,"{'I': 1, 'W': 0, 'R': 1, 'C': 'free'}",False,True,True,1.0,3
415,2,0.15057017604830833,0.786016881512882,0.7550633499519795,2.352179891975254,1.064599039231618,1.9238231221763509,0.3131157146916682,0.999999999991729,0.0,0.050000000000000044,0.050000000000000044,0.18241890786423864,0.18241395497964505,0.8519599035459747,0.050000000000000044,0.09999999999999998,"{'I': 1, 'W': 0, 'R': 1, 'C': 'free'}",False,True,True,1.0,3
415,3,0.12610003813026427,0.8430555035160386,0.6663572873325639,2.373657862623222,1.041241413700718,1.6870693209774554,0.2762500698116491,0.9999999999990838,0.1,0.050000000000000044,0.050000000000000044,0.11920072223849977,0.18243750297837694,0.500021077235019,0.30000000000000004,1.0,"{'I': 1, 'W': 0, 'R': 1, 'C': 'free'}",False,True,True,1.0,3
415,4,0.3027095002710138,0.7882122093729763,0.9548382897799179,2.428417994438975,1.1348966397600797,1.7375182901258026,0.6798207310120236,0.9999999998544892,0.0,0.050000000000000044,0.050000000000000044,0.01798490967623546,0.0066923851147879165,0.005220130389424406,0.050000000000000044,0.050000000000000044,"{'I': 0, 'W': 1, 'R': 0, 'C': 'costly'}",False,True,True,1.0,3
4152,1,0.37452200282106185,0.635076885722592,1.2144158964255904,2.338450687295988,1.1440946660831448,1.5124485083683321,0.4898590393558223,0.999967790420744,0.25,0.050000000000000044,0.050000000000000044,0.1824147542180488,0.14799297420084345,0.26892608394671047,0.25,0.25,"{'I': 1, 'W': 0, 'R': 1, 'C': 'free'}",False,True,True,0.0,3
4152,2,0.37251097387051485,0.6123089574097053,1.4331912139268408,2.487869978205936,1.249741515517205,1.4365080535894235,0.8319500359534131,0.9999434174858125,0.1,0.0,0.0,0.04742483467843497,0.095340392398968,0.5621883284932718,0.050000000000000044,0.4,"{'I': 1, 'W': 0, 'R': 1, 'C': 'free'}",False,True,True,0.3333333333333333,3
4152,3,0.21635849602721718,0.9926610725453923,0.9907414474801494,2.497303257840243,1.0653539885078893,1.8811040206244,0.3973731040309907,0.9999999999970169,0.0,0.050000000000000044,0.0,0.06007894900277771,0.11918783824786071,0.3775408081754093,0.09999999999999998,1.0,"{'I': 1, 'W': 0, 'R': 1, 'C': 'free'}",False,True,True,0.0,3
4152,4,0.5009309040186859,1.318693245754689,1.4980015560752151,2.684218295438612,1.3365607255955285,2.4544886092610243,0.8687560984473619,0.9999999999999998,0.2,1.0,0.010000000000000009,0.9626703878245744,0.9820092016044003,0.7773024414262422,1.0,0.8,"{'I': 1, 'W': 0, 'R': 1, 'C': 'free'}",False,True,True,1.0,3
4152,5,0.2477148966079071,0.760240252071638,0.8675015666363364,2.3063364310028973,1.5161907985913472,1.6182237636243615,0.9457096047769022,0.9999999999999997,0.3,0.050000000000000044,0.010000000000000009,0.43783247239866313,0.26891459854528516,0.18243181851714482,0.5,0.7,"{'I': 1, 'W': 0, 'R': 1, 'C': 'free'}",False,True,True,0.3333333333333333,3
4152,6,0.24746158493368084,0.9944139503731202,0.6479643986408143,2.2141312410038743,1.2867497627567845,2.264987698083322,0.7165153709729444,0.9999999999999988,0.2,0.050000000000000044,0.77,0.06008455423424126,0.11918430050844081,0.09534788620270178,0.4,1.0,"{'I': 1, 'W': 0, 'R': 1, 'C': 'free'}",False,True,True,0.0,3
4152,7,0.17910012047589408,0.8718124842453824,0.7145888587552502,2.151268718113061,1.1565721008081105,1.6837887982971422,0.516789413575139,0.9999999985045118,0.0,0.050000000000000044,0.050000000000000044,0.037325504505335956,0.075852163381396,0.09535356020127393,0.09999999999999998,0.25,"{'I': 1, 'W': 0, 'R': 1, 'C': 'free'}",True,False,True,0.0,3
416,1,0.1880267443151573,0.831081465435223,0.6061872531993954,2.649817221858963,1.0536339820063734,1.771606567941765,0.2298928521778033,0.9999999999999993,0.0,0.050000000000000044,0.050000000000000044,0.06008422234799309,0.04741318678954582,0.2689371206028633,0.25,0.25,"{'I': 1, 'W': 0, 'R': 1, 'C': 'free'}",False,True,True,1.0,3
416,2,0.28044919653046807,0.6891433953365925,0.7241141924662668,2.2579389091369064,1.1403376185296852,1.4690437190156134,0.7931771195487556,0.9999999996986849,0.2,0.050000000000000044,0.030000000000000027,0.9046543857548931,0.5621510712634358,0.5000008989979705,0.25,0.25,"{'I': 1, 'W': 0, 'R': 1, 'C': 'free'}",False,True,True,1.0,3
416,3,0.2162699341406633,1.0327704141307472,0.986730332458539,2.5208184380042526,1.1138064278962088,1.8580487101719267,0.7256636469514754,0.999999999997305,0.2,0.050000000000000044,0.050000000000000044,0.7310974509418996,0.3208082546899561,0.3208390794465879,0.30000000000000004,0.25,"{'I': 1, 'W': 0, 'R': 1, 'C': 'free'}",True,False,True,0.0,3
416,4,0.1734996351996602,0.9689263554615838,0.7235143907359376,2.634719380311918,1.130724331304203,1.910648963175614,0.6690294421729548,1.0,0.2,0.050000000000000044,0.050000000000000044,0.03732615845658762,0.037323028596226764,0.029312027014336037,0.19999999999999996,0.30000000000000004,"{'I': 1, 'W': 0, 'R': 1, 'C': 'free'}",False,True,True,0.0,3
416,5,0.1224738417846043,0.888852420832108,0.7687060570556165,2.419113989011952,1.0467209032515905,1.696564546986821,0.3369871813867512,0.9999999999997636,0.05,0.050000000000000044,0.050000000000000044,0.02297672691923765,0.029307506967946487,0.047426405179525684,0.09999999999999998,0.25,"{'I': 1, 'W': 0, 'R': 1, 'C': 'free'}",False,True,True,0.0,3
416,6,0.25910603838712853,1.0735253360755421,0.9448597352456979,2.615381891905932,1.2713532200967699,2.1559498734975,0.9653045266545127,1.0,0.1,0.050000000000000044,0.050000000000000044,0.8175861539884919,0.4377912364307622,0.5621948674668483,0.4,0.8,"{'I': 1, 'W': 0, 'R': 1, 'C': 'free'}",False,False,True,0.0,3
416,7,0.2760802359001378,0.859877297372936,0.9478571155246289,2.494917586723511,1.1666173026838011,1.6922380373617143,0.7501701774032593,0.9999999999977691,0.0,0.050000000000000044,0.050000000000000044,0.03732188448992526,0.03732264682943798,0.07586748980230663,0.09999999999999998,0.25,"{'I': 1, 'W': 0, 'R': 1, 'C': 'free'}",True,True,True,0.0,3
4176,1,0.27751299964410275,0.544538781460815,1.5248591508026363,2.1674443968104056,1.1287624930872489,1.3110048259397933,0.6638161324518191,0.9999986823942504,0.25,0.050000000000000044,0.050000000000000044,0.43780484836654926,0.5621060246800093,0.49997658492201164,0.25,0.5,"{'I': 1, 'W': 0, 'R': 1, 'C': 'free'}",False,True,True,1.0,3
4176,2,0.14886226784784176,1.0971334180285746,1.0059008103735319,2.342432942250026,1.0936228832514834,2.0937921450855796,0.5112809269180109,1.0,0.2,0.09999999999999998,0.050000000000000044,0.06008456980738477,0.09533472306304167,0.11920029549223814,0.5,0.4,"{'I': 1, 'W': 0, 'R': 1, 'C': 'free'}",False,True,True,1.0,3
4176,3,0.2884274559155482,0.8086228016328401,1.0172136217927905,2.5201689429877425,1.3566027752347793,2.0009371131444533,0.9357422241291738,1.0,0.2,0.050000000000000044,0.09999999999999998,0.6791999244689395,0.32079394061884686,0.2689356646354071,0.7,0.7,"{'I': 1, 'W': 0, 'R': 1, 'C': 'free'}",False,True,True,0.0,3
4176,4,0.040496328536396065,0.9504317336244692,0.17933073087986123,2.8526191160090812,1.0078260097078613,1.929154192889856,0.07499436845966267,1.0,0.3,0.75,0.050000000000000044,0.5621668763603261,0.3774968201548418,0.5001597150286412,0.7,0.7,"{'I': 1, 'W': 0, 'R': 1, 'C': 'free'}",False,True,True,0.0,3
4176,5,0.21131917282435203,0.9108666633184397,0.7758101332621099,2.6400275470311962,1.0679984971591674,2.0553702110062435,0.44682285844463454,1.0,0.3,0.050000000000000044,0.050000000000000044,0.11919395823822486,0.09534182169201788,0.22271942016779517,0.5,0.30000000000000004,"{'I': 1, 'W': 0, 'R': 1, 'C': 'free'}",True,True,True,0.0,3
4176,6,0.012598781136984752,0.9243186609372743,0.07681205007824411,2.7283609362556502,1.0020888315467518,2.005613681312372,0.018604633586927988,1.0,0.25,0.050000000000000044,0.09999999999999998,0.060089406479181096,0.03732459535525212,0.11920797257212558,0.7,0.7,"{'I': 1, 'W': 0, 'R': 1, 'C': 'free'}",False,True,True,0.0,3
4176,7,0.33126720754237826,0.8988367798871844,1.5825586763471293,2.4146978534539505,1.2153026783887226,1.9787824611875549,0.7898524361990207,1.0,0.25,0.050000000000000044,0.050000000000000044,0.2689307416448906,0.14802398547924944,0.09535618702584372,0.7,0.75,"{'I': 1, 'W': 0, 'R': 1, 'C': 'free'}",False,True,True,0.0,3
4177,1,0.21177883684246024,0.7203515683058734,1.210800430829667,2.4050474602283627,1.104109835308564,1.7526419990129196,0.44801620414016774,0.9999999999999992,0.05,0.050000000000000044,0.050000000000000044,0.010986816347007499,0.029309733461379602,0.029310458989076082,0.050000000000000044,0.25,"{'I': 1, 'W': 0, 'R': 1, 'C': 'free'}",False,True,True,1.0,3
4177,2,0.4505204569393336,0.639326169424468,1.7715028153940808,1.9488704760333468,1.488648500259519,1.3996515192343113,0.9382758880311688,0.9999979805964074,0.0,0.010000000000000009,0.0,0.005219778197457215,0.005219591657466846,0.014063041302989045,0.050000000000000044,0.050000000000000044,"{'I': 0, 'W': 1, 'R': 0, 'C': 'costly'}",False,True,True,0.3333333333333333,3
4179,1,0.47579781620158706,0.6212425158638752,1.8344213937558445,2.001467190452107,1.371640017311456,1.5409933364524269,0.7940322311069895,1.0,0.15,0.050000000000000044,0.050000000000000044,0.14803558841921624,0.11917237836464756,0.26891950090930034,0.25,0.25,"{'I': 1, 'W': 0, 'R': 1, 'C': 'free'}",False,True,True,1.0,3
4179,2,0.557074836326959,0.6876308855578165,1.9250159896854055,2.3499465059281803,1.2267326807748946,1.5660892526360985,0.8050153074631063,0.9999999999999993,0.25,0.050000000000000044,0.0,0.7310619624206327,0.2688722105678722,0.5621452750624563,0.25,1.0,"{'I': 1, 'W': 0, 'R': 1, 'C': 'free'}",False,True,True,1.0,3
4179,3,0.006247768470376054,1.0030696041376943,0.024022814925244617,2.6895117775591384,1.000832429745171,2.064573747289573,0.006634561207918721,1.0,0.0,0.050000000000000044,0.050000000000000044,0.060086184172357456,0.029306559792787058,0.11920515181663904,0.050000000000000044,0.25,"{'I': 1, 'W': 0, 'R': 1, 'C': 'free'}",True,False,True,0.0,3
4179,4,0.7163171032973603,0.7932381295134519,2.7144001609045643,2.548240601213424,1.4068432574670353,1.6561192513016991,0.9989158590965547,1.0,0.25,0.050000000000000044,0.050000000000000044,0.9706771611839503,0.6791003960961466,0.7310829588422337,1.0,1.0,"{'I': 0, 'W': 1, 'R': 0, 'C': 'costly'}",False,True,True,0.0,3
4180,1,0.02197272984621329,0.7200574548306431,0.14035981754879673,2.2336321706283844,1.0046082869181752,1.537663858931946,0.031671518531823595,0.9999997116959394,0.0,0.050000000000000044,0.050000000000000044,0.022977032480024775,0.07585434890281802,0.18241144245105667,0.25,0.25,"{'I': 1, 'W': 0, 'R': 1, 'C': 'free'}",False,True,True,1.0,3
4180,2,0.1776617932964068,0.693244745722299,0.8502139565631904,2.091846473600936,1.052526544335444,1.4691914699362845,0.22583289645210392,0.9999999997004072,0.0,0.010000000000000009,0.0,0.00247247568376901,0.0024722476120027457,0.004069546655517426,0.010000000000000009,0.010000000000000009,"{'I': 0, 'W': 1, 'R': 0, 'C': 'costly'}",False,True,True,0.0,3
4185,1,0.02935813112742371,0.4429335189826809,0.15753515273793406,1.7006303034843588,1.0047390552197588,1.3151491397097121,0.027968597064931155,0.9998441166130277,0.0,0.050000000000000044,0.030000000000000027,0.03732499200160504,0.047418683448380614,0.14803927026786537,0.050000000000000044,0.25,"{'I': 1, 'W': 0, 'R': 1, 'C': 'free'}",False,True,True,1.0,3
4185,2,0.007194687243957963,0.5518737565733012,0.029086804578586214,2.2045199676630296,1.0009134495953687,1.3576606574367838,0.004554758751806776,0.9999973529130358,0.0,0.050000000000000044,0.050000000000000044,0.029310333761760947,0.01798478650372318,0.022977067926128643,0.050000000000000044,0.050000000000000044,"{'I': 1, 'W': 0, 'R': 1, 'C': 'free'}",False,True,True,1.0,3
4185,3,0.24041181709282813,0.7402185815388205,0.7921384787803606,2.425602949313975,1.1286197367684276,1.511297760468209,0.45391305236654944,0.9999999999095522,0.0,0.050000000000000044,0.050000000000000044,0.02297520497347879,0.01798260492279652,0.017985410057515333,0.050000000000000044,0.25,"{'I': 1, 'W': 0, 'R': 1, 'C': 'free'}",True,False,True,0.0,3
4185,4,0.19406492166175876,0.8342190854288557,0.8646560240475688,2.531038977505978,1.0853056986968612,1.681800760382084,0.6549969648219649,1.0,0.1,0.050000000000000044,0.050000000000000044,0.1823946424151466,0.04741296149863208,0.022976310170544884,0.050000000000000044,0.25,"{'I': 0, 'W': 1, 'R': 0, 'C': 'costly'}",False,True,True,0.0,3
4213,1,0.25271883586099664,0.5482378009630893,1.240907741208522,2.1337191500561326,1.1394345919913473,1.3611504712987186,0.6480468959794083,0.9999719978542125,0.0,0.050000000000000044,0.050000000000000044,0.8808019021860346,0.6224304410619536,0.4999774674992304,0.25,0.25,"{'I': 1, 'W': 0, 'R': 1, 'C': 'free'}",False,True,True,1.0,3
4213,2,0.09037419534579237,0.8432424953057476,0.47544023843958766,2.2353920550479436,1.242413429914571,1.5200523067667024,0.8238547639812522,0.9999999956897001,0.1,0.09999999999999998,0.050000000000000044,0.11920455397090557,0.0953396964869441,0.11920502970358468,0.25,0.4,"{'I': 1, 'W': 0, 'R': 1, 'C': 'free'}",False,True,True,1.0,3
4213,3,0.39287691274689945,0.9186915822067424,0.7710255453045789,2.543971758408175,1.91865164497315,1.7808520469119218,0.9799542080797008,1.0,0.25,0.050000000000000044,0.09999999999999998,0.06008862384692231,0.07584991377341807,0.07586468680012635,0.30000000000000004,1.0,"{'I': 1, 'W': 0, 'R': 1, 'C': 'free'}",False,True,True,0.6666666666666666,3
4213,4,0.15904283326875304,0.8902019786966303,0.8604192960353155,2.546321967981401,1.0460665776258595,1.8103567315995568,0.3332453355845597,1.0,0.2,0.050000000000000044,0.050000000000000044,0.1824252922310425,0.14803339119713116,0.060088870655510634,0.30000000000000004,0.75,"{'I': 1, 'W': 0, 'R': 1, 'C': 'free'}",False,True,True,0.0,3
4213,5,0.1753498664155935,0.9601021644865729,0.6071612484538786,2.2998175980148523,1.0544956449631568,1.9101300407508017,0.23303411329539325,0.9999999999999997,0.0,0.050000000000000044,0.050000000000000044,0.02931488006928601,0.06006862300552493,0.029315475856293623,0.30000000000000004,0.7,"{'I': 1, 'W': 0, 'R': 1, 'C': 'free'}",True,False,True,0.0,3
4213,6,0.31038683342247836,1.1817441121993373,0.8454041713308842,2.519535589613928,1.1600809144600412,2.3448345808510616,0.6463431887107403,1.0,0.2,0.050000000000000044,0.19999999999999996,0.32086994900413457,0.3207946033735401,0.07588438031636639,0.7,0.8,"{'I': 1, 'W': 0, 'R': 1, 'C': 'free'}",False,True,True,0.0,3
4213,7,0.16738980689979405,0.9716648347873422,0.7263887412915296,2.623938485667242,1.042742662935755,1.8354475491361413,0.25396362852869714,1.0,0.25,0.050000000000000044,0.050000000000000044,0.03732827798236572,0.0373265584536539,0.07586582765350659,0.30000000000000004,0.25,"{'I': 1, 'W': 0, 'R': 1, 'C': 'free'}",False,True,True,0.0,3
4220,1,0.26369748430736073,0.6082241397243523,1.4952415810259658,2.39285680350272,1.1606104121477532,1.6287765773151877,0.7745057999641809,0.9999999999977736,0.0,0.050000000000000044,0.030000000000000027,0.11919700655710672,0.14799143092903022,0.09533802092507805,0.050000000000000044,0.25,"{'I': 1, 'W': 0, 'R': 1, 'C': 'free'}",False,True,True,1.0,3
4220,2,0.021267896462656345,1.0307876513984364,0.08902602099862429,2.334202177299185,1.0033628109826926,2.031690091391396,0.033014418106043886,1.0,0.0,0.050000000000000044,0.0,0.060081488678931885,0.06007430365195332,0.22270492367022318,0.4,1.0,"{'I': 1, 'W': 0, 'R': 1, 'C': 'free'}",False,True,True,0.0,3
4220,3,0.8998204242667371,0.887712018691396,1.2812746734715412,2.361467893389834,1.496187502563065,1.7077115657504187,0.800448080929934,0.9999999999999977,0.3,0.050000000000000044,0.30000000000000004,0.2226904567840567,0.14803971886960882,0.9241437073070744,0.5,0.9,"{'I': 1, 'W': 0, 'R': 1, 'C': 'free'}",False,True,True,0.3333333333333333,3
4220,4,0.47245636344501013,0.7448662105598666,0.9616152684462006,2.236427699350826,1.2044473523371928,1.6177260427254714,0.5248303267544139,0.9999999999999938,0.05,0.050000000000000044,0.050000000000000044,0.07585427918477375,0.06007736231926356,0.1480466623788526,0.19999999999999996,0.25,"{'I': 1, 'W': 0, 'R': 1, 'C': 'free'}",True,False,True,0.0,3
4220,5,0.5206803352945685,0.8750317135359469,1.7208412180339963,2.3925775610855435,1.6533041154937622,1.756051882793506,0.9960361265115768,1.0,0.1,0.050000000000000044,0.050000000000000044,0.18243065578150663,0.1480309413623415,0.3208265030656176,0.30000000000000004,0.7,"{'I': 1, 'W': 0, 'R': 1, 'C': 'free'}",False,True,True,0.0,3
4220,6,0.4349063482575447,1.086925695623975,1.2771382057784264,2.5716297049684567,1.181619844034536,2.1307941142316724,0.6890750530630949,1.0,0.3,0.09999999999999998,0.09999999999999998,0.09534742304071107,0.18240701414912652,0.5000520968703162,0.30000000000000004,0.8,"{'I': 1, 'W': 0, 'R': 1, 'C': 'free'}",False,True,True,1.0,3
4220,7,0.6973955861529922,1.1983167658712135,2.3017668542934824,2.4121802690896326,1.4338007610754113,2.258060923711405,0.9996392168423454,1.0,0.05,0.050000000000000044,0.050000000000000044,0.18242755635550864,0.06008082646395936,0.22271145290414196,0.09999999999999998,0.25,"{'I': 0, 'W': 1, 'R': 0, 'C': 'costly'}",False,True,True,0.0,3
4237,1,0.5354655969583337,0.5532561864761575,1.4615349560853832,1.8276735312973575,1.3523644231091256,1.4405339906997743,0.7010317624251028,0.9999475355382451,0.0,0.050000000000000044,0.09999999999999998,0.5621773751412227,0.499935623910178,0.7310508454896596,0.4,0.5,"{'I': 1, 'W': 0, 'R': 1, 'C': 'free'}",False,True,True,1.0,3
4237,2,0.12027763472084357,0.6215017008035781,0.5851104377150447,2.033583934111969,1.058963509695223,1.547851841548075,0.29088931629628634,0.999999999999999,0.1,0.050000000000000044,0.050000000000000044,0.0024726311113052422,0.006692259747631746,0.0066926771045147816,0.25,0.19999999999999996,"{'I': 1, 'W': 0, 'R': 1, 'C': 'free'}",False,True,True,1.0,3
4237,3,0.0377505626963288,0.7513062284034965,0.18340247028540196,2.3368267589888867,1.0063810330751726,1.547382216202887,0.03130338060226523,0.9999999999844067,0.01,0.050000000000000044,0.010000000000000009,0.07585166115076383,0.022969399244464946,0.022974320246675888,0.050000000000000044,0.050000000000000044,"{'I': 0, 'W': 1, 'R': 0, 'C': 'costly'}",False,True,True,1.0,3
4248,1,0.11217123669005616,0.35164609586219947,0.7265571139355855,1.7410168084575801,1.0801742136120511,1.2274506193688697,0.6330722736894017,0.9999194965210606,0.25,0.050000000000000044,0.010000000000000009,0.017986009340602484,0.037324411735426485,0.09534538705211794,0.050000000000000044,0.050000000000000044,"{'I': 1, 'W': 0, 'R': 1, 'C': 'free'}",False,True,True,1.0,3
4248,2,0.06887249833057872,0.8635488873550301,0.662972983546604,2.752055272929126,1.0229422053682256,1.8891036983531162,0.20294365100996192,1.0,0.05,0.050000000000000044,0.09999999999999998,0.010987090413746585,0.014062821533605111,0.022976711518229314,0.25,0.19999999999999996,"{'I': 1, 'W': 0, 'R': 1, 'C': 'free'}",False,True,True,1.0,3
4248,3,0.032996363463985726,0.7953569586414306,0.2699831471921082,2.8448708647560177,1.007151270419894,1.5756841138519468,0.06877859278714382,0.9999999999999998,0.1,0.050000000000000044,0.09999999999999998,0.006692780850312219,0.006692562667260898,0.037325737286341774,0.19999999999999996,0.25,"{'I': 1, 'W': 0, 'R': 1, 'C': 'free'}",False,True,True,0.0,3
4248,4,0.1220018321396439,0.48660820951876455,0.8353132262351981,2.2210113897380745,1.0598700643380057,1.4102710257187616,0.502299026720794,1.0,0.25,0.050000000000000044,0.050000000000000044,0.11920561593178222,0.06008644248312949,0.148049431198832,0.19999999999999996,0.30000000000000004,"{'I': 1, 'W': 0, 'R': 1, 'C': 'free'}",False,True,True,1.0,3
4248,5,0.3884827974288277,0.7112574457113641,2.2095276812551736,2.391795981131533,1.4000451612282918,1.6300948613779052,0.9874062979032554,1.0,0.2,0.050000000000000044,0.050000000000000044,0.26897190242677854,0.11919822797819643,0.26898290078629167,0.30000000000000004,0.30000000000000004,"{'I': 1, 'W': 0, 'R': 1, 'C': 'free'}",False,True,True,0.3333333333333333,3
4248,6,0.22826236238130437,0.959833430121188,1.151902229539251,2.5880463059869916,1.1194328900876485,2.165854502392086,0.8687694738622421,1.0,0.1,0.050000000000000044,0.0,0.2227166977040289,0.07586371374461101,0.11923567564878695,0.09999999999999998,0.09999999999999998,"{'I': 0, 'W': 1, 'R': 0, 'C': 'costly'}",False,True,True,1.0,3
4261,1,0.41307867184544045,0.8953022476212987,1.5840178621181078,2.18089822886025,1.3753217837420637,1.882765476024904,0.9431983301266634,0.9999999892623451,0.25,0.050000000000000044,0.030000000000000027,0.3775396194200966,0.26890209250583286,0.49997470514636555,0.25,0.25,"{'I': 1, 'W': 0, 'R': 1, 'C': 'free'}",False,True,True,1.0,3
4261,2,0.4019321294798862,0.7066779638113386,1.2286419604172367,2.156965020941292,1.2567580071653135,1.499005119398294,0.6810359806249987,0.9999999999874047,0.05,0.050000000000000044,0.030000000000000027,0.029311113615253105,0.07584326614659523,0.0953446236463184,0.050000000000000044,0.4,"{'I': 1, 'W': 0, 'R': 1, 'C': 'free'}",False,True,True,1.0,3
4261,3,0.3889239645195675,0.7219011763184061,1.3515695487151977,2.169814698182641,1.16784037242304,1.4830090452926783,0.6058159101654466,0.9999999997394163,0.05,0.050000000000000044,0.050000000000000044,0.010985655450258466,0.014060878509435404,0.06008351112704717,0.050000000000000044,0.25,"{'I': 1, 'W': 0, 'R': 1, 'C': 'free'}",False,False,True,0.0,3
4261,4,0.2798146315838224,0.7866254232115095,1.033887088147531,2.2665414225509957,1.0828599843464344,1.61027055835549,0.3797508631161556,0.9999999999998513,0.0,0.050000000000000044,0.050000000000000044,0.01406153780896475,0.010985584955281003,0.0758563791915875,0.050000000000000044,0.25,"{'I': 1, 'W': 0, 'R': 1, 'C': 'free'}",True,False,True,0.0,3
4261,5,0.6164314098555496,0.8103841713849933,2.009559586852233,2.215506172941714,1.2875012255286264,1.6692736953261118,0.8294834872467348,0.9999999999999999,0.25,0.050000000000000044,0.050000000000000044,0.11920425428435533,0.11918870320192994,0.2689384489176408,0.25,0.75,"{'I': 1, 'W': 0, 'R': 1, 'C': 'free'}",False,True,True,0.0,3
4261,6,0.5914122829431752,0.7903989050138954,1.1093889599862996,2.08788528508942,1.5169896620353152,1.765510106099373,0.9764952081569649,0.9999999999998546,0.15,0.050000000000000044,0.050000000000000044,0.022977654620498552,0.010985977611640465,0.18245004251347052,0.09999999999999998,0.25,"{'I': 1, 'W': 0, 'R': 1, 'C': 'free'}",False,True,True,1.0,3
4261,7,0.006367180816150545,0.8199316732068269,0.035373337268500726,2.3114697454703137,1.0008595711381567,1.759913451878588,0.007702995951724412,0.9999999999999685,0.05,0.050000000000000044,0.050000000000000044,0.0024726026168803393,0.003172546950127878,0.01406312001837011,0.050000000000000044,0.09999999999999998,"{'I': 1, 'W': 0, 'R': 1, 'C': 'free'}",True,False,True,0.0,3
4264,1,0.19777377520877137,0.545018525450396,0.7528679085826212,2.039447255110794,1.113773924078847,1.546130302486106,0.4165350520545926,0.9999999999066838,0.0,0.050000000000000044,0.030000000000000027,0.029311360915995274,0.04742279597434034,0.14803607644809355,0.050000000000000044,0.25,"{'I': 1, 'W': 0, 'R': 1, 'C': 'free'}",False,True,True,1.0,2
4264,2,0.12098537191902836,0.7850672107669023,0.5853218663199873,2.132125256239286,1.0384150165300416,1.5911193593384632,0.17178097813207904,0.9999999999483394,0.0,0.0,0.0,0.07585739385718306,0.18240996189113903,0.22269794136152932,0.050000000000000044,1.0,"{'I': 1, 'W': 0, 'R': 1, 'C': 'free'}",False,True,True,1.0,2
4264,3,0.26515323547038583,0.9315320436998444,1.2111419517861464,2.21595439754257,1.1243246046523532,1.9291025133249926,0.5596905605060573,1.0,0.25,0.050000000000000044,0.050000000000000044,0.2226948999400101,0.09534485398420642,0.3775333593506808,0.30000000000000004,0.25,"{'I': 1, 'W': 0, 'R': 1, 'C': 'free'}",False,True,True,1.0,2
4264,4,0.11596994187626247,0.7669342742185298,0.5314150823619143,2.498287937922924,1.0415644357462615,1.7356561614481443,0.5195486307680839,0.9999999999832454,0.0,0.050000000000000044,0.010000000000000009,0.004070039576967018,0.0031725493616011962,0.006692589854677023,0.050000000000000044,0.050000000000000044,"{'I': 0, 'W': 1, 'R': 0, 'C': 'costly'}",False,True,True,0.0,2
4274,1,0.8103678113175503,0.41155224461986406,2.305322019234835,1.7646567255557242,1.6281159637139455,1.306690633041009,0.9463106689951811,0.9999827449545904,0.25,0.050000000000000044,0.050000000000000044,0.2689385148234301,0.5621241867226631,0.562143959415953,0.25,0.25,"{'I': 1, 'W': 0, 'R': 1, 'C': 'free'}",False,True,True,0.0,3
4274,2,0.9407700874848383,0.7547557697314086,1.9960017956945852,2.1557622612481606,3.0957135856006204,1.639049386961382,0.9999617040328258,0.9999999999996422,0.3,0.15000000000000002,0.050000000000000044,0.9399219207840118,0.73103127428057,0.32083582262146254,0.30000000000000004,0.25,"{'I': 1, 'W': 0, 'R': 1, 'C': 'free'}",False,True,True,0.0,3
4274,3,0.2653477198567781,1.1190971857992835,1.596229834670805,2.5789871351755624,1.3455981106912005,2.367690725102412,0.9952189491382378,1.0,0.3,0.050000000000000044,0.09999999999999998,0.5000668683212993,0.43780327040114697,0.37756277923713394,0.30000000000000004,0.7,"{'I': 1, 'W': 0, 'R': 1, 'C': 'free'}",False,True,True,0.0,3
4274,4,0.090194540723496,0.8150853909278625,0.612010879590969,2.423735674419279,1.0200061517501184,1.6291828512603836,0.2999166301886711,1.0,0.3,0.050000000000000044,0.7,0.32087573770447064,0.11916946661821312,0.5000273924807087,1.0,0.8,"{'I': 1, 'W': 0, 'R': 1, 'C': 'free'}",True,False,True,0.0,3
4274,5,0.4159937296728069,0.9003439745300492,1.1033293656861665,2.4052893946667675,1.1527299335287389,1.7240254285527177,0.7217393070483442,1.0,0.3,0.050000000000000044,0.050000000000000044,0.22270661967864894,0.07585122806734784,0.4378491276111067,1.0,0.7,"{'I': 1, 'W': 0, 'R': 1, 'C': 'free'}",False,True,True,0.0,3
4274,6,0.18455056704807057,0.8890732159698292,0.5372125597711683,2.6234752477376833,1.0419201243848433,1.6752784217222803,0.30898072344074345,1.0,0.3,0.9,0.75,0.5000700391295742,0.26891190538552373,0.5622063677875496,0.7,0.8,"{'I': 1, 'W': 0, 'R': 1, 'C': 'free'}",True,False,True,0.0,3
4274,7,0.13598448212527445,1.020661161329153,1.3736110162628896,2.5368857428718496,1.0596276557935913,2.143233617858335,0.6474336365423033,1.0,0.3,1.0,0.050000000000000044,0.2227202765877665,0.11918270189825235,0.3208547367216222,0.7,0.75,"{'I': 1, 'W': 0, 'R': 1, 'C': 'free'}",True,True,True,0.0,3
4278,1,0.24920932321983705,0.4343008121079614,1.0948603589889545,1.6553592290401966,1.0799992431014103,1.4374815107724113,0.5711138343251436,0.9999978800853622,0.0,0.050000000000000044,0.050000000000000044,0.499988859675518,0.11918586356389943,0.32081186905786174,0.25,0.25,"{'I': 1, 'W': 0, 'R': 1, 'C': 'free'}",False,True,True,1.0,3
4278,2,0.15212001638012104,0.5440584638879443,0.8130854033486473,2.0702156246608383,1.100034623178106,1.319410302884783,0.6496274297310034,0.9999997606094001,0.0,0.0,0.0,0.32083291037879796,0.14797780708396294,0.7310636712120769,0.4,1.0,"{'I': 1, 'W': 0, 'R': 1, 'C': 'free'}",True,False,True,0.0,3
4278,3,0.10700782483565908,0.8074344927674949,0.5049367113353851,2.2459005127131872,1.0296695355878336,1.7038918311741191,0.29591411766976483,1.0,0.1,0.050000000000000044,0.09999999999999998,0.047425625603314266,0.01798516678669873,0.14806896524904117,0.09999999999999998,0.4,"{'I': 1, 'W': 0, 'R': 1, 'C': 'free'}",False,True,True,1.0,3
4278,4,0.10150252857285669,0.9307126046126446,0.593453579863349,2.2687094167896142,1.0495800299622422,1.9485575382403757,0.440482991562301,1.0,0.0,0.050000000000000044,0.050000000000000044,0.022975244236263626,0.010985607800439522,0.060087736575939014,0.09999999999999998,1.0,"{'I': 1, 'W': 0, 'R': 1, 'C': 'free'}",False,True,True,0.0,3
4278,5,0.5455585982493919,0.8389756054037804,1.4942455657132365,2.3351281259595744,1.4222648058272749,1.872528748541717,0.8281705173224045,0.9999999999999999,0.1,0.050000000000000044,0.050000000000000044,0.6791939848290299,0.18244786456333104,0.22271619324084974,1.0,1.0,"{'I': 1, 'W': 0, 'R': 1, 'C': 'free'}",False,True,True,0.0,3
4278,6,0.1336605512174681,0.7417846505676775,0.6610401527539365,2.1739843943658297,1.0595171810248907,1.6635470753295145,0.5003062044680586,0.9999999999999881,0.0,0.09999999999999998,0.09999999999999998,0.04742551952218884,0.022975297123298568,0.22271048623908782,0.09999999999999998,1.0,"{'I': 1, 'W': 0, 'R': 1, 'C': 'free'}",False,True,True,0.0,3
4278,7,0.10575808638788818,0.7831608826416867,0.6399421285090995,2.3408586801003652,1.1173780405425002,1.8372412225673993,0.736003350403707,1.0,0.0,0.050000000000000044,0.050000000000000044,0.047420293124535155,0.03731834967553558,0.18243924584114626,0.09999999999999998,1.0,"{'I': 1, 'W': 0, 'R': 1, 'C': 'free'}",True,True,True,0.0,3
4282,1,0.41119720140007693,0.8070415136483694,1.2094684822040211,1.869333697916242,1.1230885701980196,1.61077741939282,0.44033266119761194,0.9999999998845764,0.15,0.050000000000000044,0.050000000000000044,0.04742325907152179,0.04741785202676507,0.11919597480038713,0.050000000000000044,0.25,"{'I': 1, 'W': 0, 'R': 1, 'C': 'free'}",False,True,True,1.0,2
4282,2,0.28037268470902166,0.7161237240978358,1.299960990203643,2.4279387334316365,1.171798859553972,1.5948539318896195,0.7186963080806772,0.9999999999999996,0.25,0.050000000000000044,0.030000000000000027,0.7311090325430959,0.18241291876449783,0.09535082926023213,0.25,0.25,"{'I': 1, 'W': 0, 'R': 1, 'C': 'free'}",False,True,True,1.0,2
4282,3,0.4491563887257996,0.8148665353394984,1.6163890606147406,2.165042124635018,1.448030533243288,1.7704681539111644,0.8429234324595186,0.999999999997813,0.25,0.050000000000000044,0.050000000000000044,0.09534644387863454,0.06008279018117609,0.4378528899303286,0.050000000000000044,0.25,"{'I': 1, 'W': 0, 'R': 1, 'C': 'free'}",True,True,True,0.0,2
4282,4,0.2011082567755022,0.7585856864794566,1.204704001933272,2.063896780206182,1.0543916028075684,1.6006382368791188,0.3453872020083705,0.9999999999907068,0.1,0.050000000000000044,0.050000000000000044,0.047424571326831665,0.01798538334238333,0.037327577896080315,0.25,0.25,"{'I': 1, 'W': 0, 'R': 1, 'C': 'free'}",True,True,True,0.0,2
4282,5,0.49917175050578216,0.7864098153060077,1.4245884278160534,2.3367422979043564,1.2632884814986551,1.5793725736547164,0.9034005537560845,0.9999999999999872,0.3,0.050000000000000044,0.050000000000000044,0.8175811103435658,0.26893237188776625,0.04742736339350865,0.25,0.25,"{'I': 1, 'W': 0, 'R': 1, 'C': 'free'}",False,True,True,0.0,2
4282,6,0.09990970572415707,0.7766173956081667,0.33890615702342547,2.1257446042857793,1.0198169680324995,1.6589608629357775,0.17817818778802264,0.9999999999938574,0.3,0.050000000000000044,0.050000000000000044,0.8519630810232977,0.43780718389951856,0.2227098931104504,0.7,0.5,"{'I': 1, 'W': 0, 'R': 1, 'C': 'free'}",True,False,True,0.0,2
4282,7,0.09133119467447938,0.8150671621634582,0.5126609897630833,2.342368754464561,1.024662159109099,1.8017196838256968,0.21622208771543217,1.0,0.3,0.050000000000000044,0.050000000000000044,0.010986936490891929,0.029310693669561187,0.029312754521389626,0.30000000000000004,0.25,"{'I': 1, 'W': 0, 'R': 1, 'C': 'free'}",False,True,True,1.0,2
4286,1,0.251736728909899,0.6157596555918402,0.7153117643297818,2.0785493641181536,1.1312790971109021,1.4435640103646614,0.46030153013560904,0.9999981790318868,0.0,0.050000000000000044,0.030000000000000027,0.14803569433858793,0.09533803074104472,0.11919481823402939,0.050000000000000044,0.050000000000000044,"{'I': 1, 'W': 0, 'R': 1, 'C': 'free'}",False,True,True,1.0,3
4286,2,0.15441272406157525,0.830587911072371,0.7138556436452509,1.9933421281727821,1.0577328182845482,1.56369336109962,0.24469892486219258,0.9999963376873636,0.0,0.050000000000000044,0.050000000000000044,0.060083030160628076,0.047419656550404095,0.047424376538240186,0.050000000000000044,0.050000000000000044,"{'I': 1, 'W': 0, 'R': 1, 'C': 'free'}",False,True,True,1.0,3
4286,3,0.13583273693176784,0.9536853478633158,0.6713938885658773,2.444597921582429,1.099831079037183,1.9131770565990247,0.37860169982432,0.9999999999999918,0.0,0.050000000000000044,0.050000000000000044,0.0953382287773458,0.047418820354504954,0.022977279515940974,0.050000000000000044,0.050000000000000044,"{'I': 1, 'W': 0, 'R': 1, 'C': 'free'}",True,True,True,0.0,3
4286,4,0.5590440886813919,0.825951616370518,1.2869244225484742,2.6023542784502705,1.388324648683039,1.7770490093124551,0.8061147243368495,0.9999999999999816,0.0,0.75,0.050000000000000044,0.43789018548982045,0.2689052651784835,0.11921776955636135,0.25,0.25,"{'I': 1, 'W': 0, 'R': 1, 'C': 'free'}",True,False,True,0.0,3
4286,5,0.618985658979984,0.7855435272739147,1.6891833914641656,2.2283248281852215,1.4744769385151841,1.581124545052606,0.8565138185192724,0.9999999956002843,0.0,0.050000000000000044,0.010000000000000009,0.11919130794218842,0.06008166663101261,0.029312969054558415,0.09999999999999998,0.050000000000000044,"{'I': 1, 'W': 0, 'R': 1, 'C': 'free'}",False,True,True,0.0,3
4286,6,0.1884310673996831,0.8820711357661497,1.0753377965940754,2.7821626360812854,1.1674491181494633,1.9229002025678896,0.9756617736887774,0.9999999999993836,0.05,0.050000000000000044,0.0,0.005219904213199036,0.006691978215276186,0.010986274808665448,0.050000000000000044,0.050000000000000044,"{'I': 0, 'W': 1, 'R': 0, 'C': 'costly'}",False,True,True,0.0,3
4321,1,0.24322159981114305,0.4410017302055904,1.484064565480778,1.8660464445921014,1.1022040829324418,1.378100202902497,0.5834742444674702,0.9999980524557371,0.0,0.050000000000000044,0.030000000000000027,0.09534699100353443,0.11919132458123631,0.017985191408463483,0.050000000000000044,0.050000000000000044,"{'I': 1, 'W': 0, 'R': 1, 'C': 'free'}",False,True,True,1.0,3
4321,2,0.9261945861975244,0.7306429047792448,2.218645866958319,2.2113062456203667,2.547792684058006,1.7374899111543716,0.9906850705715465,1.0,0.1,0.09999999999999998,0.09999999999999998,0.22270481589306032,0.11918204953686193,0.022977256984646602,0.25,0.4,"{'I': 1, 'W': 0, 'R': 1, 'C': 'free'}",False,True,True,0.0,3
4321,3,0.19388039252147157,0.9561636754234207,0.6032762987902895,2.1479200304290713,1.0450419263015234,1.7729140561229468,0.3273385010988339,0.9999999999797498,0.25,0.050000000000000044,0.010000000000000009,0.09534560494238618,0.060078320879254826,0.22270348232671736,0.09999999999999998,0.4,"{'I': 1, 'W': 0, 'R': 1, 'C': 'free'}",False,True,True,1.0,3
4321,4,0.2220457844160813,0.7843926601595245,0.7091816940807023,2.653490183728959,1.168578833876171,1.6428775054555855,0.6639577457333877,1.0,0.05,0.050000000000000044,0.050000000000000044,0.07585571502706187,0.14798133100978966,0.11920765864662809,0.19999999999999996,0.25,"{'I': 1, 'W': 0, 'R': 1, 'C': 'free'}",False,True,True,0.0,3
4321,5,0.16637516040013273,0.9225857801458692,0.6544809472314567,2.688989120518503,1.0602504410627476,1.9599627166120375,0.33604175638098976,0.9999999999999993,0.05,0.050000000000000044,0.050000000000000044,0.010986596711344294,0.017984368763354925,0.010986911060313936,0.09999999999999998,0.25,"{'I': 1, 'W': 0, 'R': 1, 'C': 'free'}",True,False,True,0.0,3
4321,6,0.08678312830538495,0.8299755703848081,0.5389989842474704,2.407768995784548,1.0382361236278361,1.803443546657648,0.23099873769660484,1.0,0.05,0.050000000000000044,0.050000000000000044,0.02931351379421835,0.0373189635015449,0.11920866210202338,0.19999999999999996,0.19999999999999996,"{'I': 1, 'W': 0, 'R': 1, 'C': 'free'}",False,True,True,1.0,3
4321,7,0.33766892347620786,0.9685583801412243,0.7328016384319082,2.2328091753632155,1.2313918771067698,1.9724595139448025,0.5650745091699446,0.9999999999999469,0.05,0.050000000000000044,0.050000000000000044,0.0229719173854137,0.008573978806823873,0.01798467171863027,0.050000000000000044,0.050000000000000044,"{'I': 0, 'W': 1, 'R': 0, 'C': 'costly'}",False,True,True,1.0,3
433,1,0.0992145699614478,0.5141356920426208,0.459084662016605,2.1655559861468694,1.0348998265163558,1.4041927386864,0.15761925883924888,0.999998732549275,1.0,0.050000000000000044,0.030000000000000027,0.9770161182990726,0.3774470960984717,0.0600839763000441,0.25,0.050000000000000044,"{'I': 0, 'W': 1, 'R': 0, 'C': 'costly'}",False,True,True,0.0,3
4330,1,0.22730774205510274,0.7207066156963081,1.0869085157438634,2.3314884432231575,1.2345692797776764,1.7403686979953135,0.935390118994857,0.9999999999990712,0.25,0.050000000000000044,0.050000000000000044,0.22270191193549044,0.060078133349656074,0.22268543640360774,0.25,0.25,"{'I': 1, 'W': 0, 'R': 1, 'C': 'free'}",False,True,True,1.0,3
4330,2,0.02436726374260656,0.8946398269278661,0.15978836512633857,2.4462860727699476,1.0049610438775332,2.079061049891033,0.048283216227219095,1.0,0.25,0.050000000000000044,0.0,0.014063069483616429,0.02297469316926574,0.037325740143060566,0.050000000000000044,0.4,"{'I': 1, 'W': 0, 'R': 1, 'C': 'free'}",False,True,True,1.0,3
4330,3,0.11930456172082972,0.7887338490098569,0.6673104389907774,2.6146382236961436,1.0448672414120304,1.7204380996910538,0.4094364494973428,1.0,0.1,0.050000000000000044,0.09999999999999998,0.014062617319910785,0.014059348874164589,0.047429430837368516,0.19999999999999996,0.25,"{'I': 1, 'W': 0, 'R': 1, 'C': 'free'}",False,True,True,1.0,3
4330,4,0.14327973661978602,0.8549220171307303,0.7378167243181644,2.2048545422539476,1.0406403815732317,1.8636255149194996,0.4042127133377629,0.9999999999987288,0.3,0.050000000000000044,0.050000000000000044,0.3775652412102741,0.14803664473376005,0.14807381458342211,0.30000000000000004,0.25,"{'I': 1, 'W': 0, 'R': 1, 'C': 'free'}",False,True,True,0.0,3
4330,5,0.23568959925649507,1.09786393585005,0.9321377035315814,2.470019302614197,1.1823072274941155,2.170641299072879,0.8126315105910165,1.0,0.05,0.050000000000000044,0.010000000000000009,0.22271624481923732,0.029307810600748378,0.26900961616426244,0.09999999999999998,0.25,"{'I': 1, 'W': 0, 'R': 1, 'C': 'free'}",False,True,True,0.0,3
4330,6,0.039144783966715925,0.9700363343470982,0.23736829883286548,2.546514604048221,1.0077829358214974,1.8940257537943372,0.0888371701025028,1.0,0.1,0.09999999999999998,0.09999999999999998,0.010987676921934619,0.017984890692927583,0.11921749295562308,0.30000000000000004,0.5,"{'I': 1, 'W': 0, 'R': 1, 'C': 'free'}",True,True,True,0.0,3
4330,7,0.14744104896282495,0.7385561886926071,0.8469663135362591,2.3528499759105537,1.116687846434731,1.783899998471793,0.7618301754631349,1.0,0.1,0.050000000000000044,0.050000000000000044,0.6791931150391063,0.11919345472117211,0.18247879813188503,0.4,0.7,"{'I': 1, 'W': 0, 'R': 1, 'C': 'free'}",False,True,True,0.0,3
4334,1,0.0022019757225206667,0.5379954291881829,0.005599991247039507,2.0335528851533033,1.0002358363602488,1.46449087237134,0.0011783479782880857,0.9999998389923314,0.0,0.050000000000000044,0.050000000000000044,0.010986686911964543,0.0758496155375993,0.0758526386427683,0.050000000000000044,0.25,"{'I': 1, 'W': 0, 'R': 1, 'C': 'free'}",False,True,True,1.0,2
4334,2,0.007916750117073821,0.8316013483997547,0.027773469157759575,2.4805173040777353,1.0010815100836512,1.9694891106036905,0.006464568224810341,0.9999999999998882,0.0,0.050000000000000044,0.050000000000000044,0.014063202844984846,0.01798549845107591,0.02931144786463433,0.050000000000000044,0.09999999999999998,"{'I': 1, 'W': 0, 'R': 1, 'C': 'free'}",False,True,True,1.0,2
4334,3,0.03891480566636037,0.641991993302659,0.07706724984903389,2.2757780697173695,1.006271291780664,1.425308166194985,0.036815459172900744,0.9999999999995133,0.0,0.050000000000000044,0.050000000000000044,0.017985782779949593,0.014063161953439287,0.07585350558234562,0.050000000000000044,0.25,"{'I': 1, 'W': 0, 'R': 1, 'C': 'free'}",True,False,True,0.0,2
4334,4,1.1017449827373724,0.6733783099036501,2.0952945246308334,2.3215406936878535,2.1177741004250703,1.5494545176457102,0.9889153444155008,1.0,0.05,0.050000000000000044,0.050000000000000044,0.1824136554990492,0.3207863238490096,0.04742676051607894,0.25,0.25,"{'I': 1, 'W': 0, 'R': 1, 'C': 'free'}",False,True,True,0.0,2
4334,5,0.5383140104328538,0.5454294624842091,1.0051286507997703,2.3008200944811965,1.2309693924436325,1.3417347974048797,0.712580338913353,0.9999999999982025,0.1,0.050000000000000044,0.010000000000000009,0.6791510257398868,0.14803068735005287,0.03732634849172236,0.09999999999999998,0.25,"{'I': 1, 'W': 0, 'R': 1, 'C': 'free'}",True,False,True,0.0,2
4334,6,0.6145813625640631,0.4193168186775353,2.245610259533085,2.065856934470093,1.4926315251850375,1.2342514123123192,0.9999999999950674,0.9999999968416362,0.05,0.050000000000000044,0.030000000000000027,0.010986689471752987,0.010985799816076013,0.02931319088720474,0.09999999999999998,0.25,"{'I': 0, 'W': 1, 'R': 0, 'C': 'costly'}",False,True,True,0.5,2
4341,1,0.04092799597735795,0.6985618435646692,0.27462640210819733,2.0616368114260277,1.0092964382409213,1.8226713042555032,0.07990783154024572,0.9999999999989828,0.0,0.050000000000000044,0.050000000000000044,0.006692738345683878,0.037325114605212505,0.14803919740989896,0.050000000000000044,0.050000000000000044,"{'I': 1, 'W': 0, 'R': 1, 'C': 'free'}",False,True,True,1.0,3
4341,2,0.41119156278615476,0.8613778569916926,1.1101204783771237,2.285539619773127,1.1271201030781837,1.7508848481738504,0.5672783453145864,1.0,0.3,0.09999999999999998,0.050000000000000044,0.3208264905033562,0.26893007966025734,0.622473062022054,0.25,0.25,"{'I': 1, 'W': 0, 'R': 1, 'C': 'free'}",False,True,True,1.0,3
4341,3,0.1331063372882281,0.7834726102812822,0.7044795862588149,2.0015010102916904,1.0858611038431842,1.5058743204577336,0.4826245869459528,0.9999999999676059,0.3,0.050000000000000044,0.09999999999999998,0.04742812589049894,0.09534568981258619,0.437848456008473,0.30000000000000004,0.7,"{'I': 1, 'W': 0, 'R': 1, 'C': 'free'}",False,True,True,1.0,3
4341,4,0.46006682533641075,0.7487745781786587,1.7310779459291838,2.37284594910805,1.454960624302758,1.7664181556159637,0.9764772767737219,1.0,0.05,0.050000000000000044,0.050000000000000044,0.01798628760090598,0.014062453662531707,0.03732502251492494,0.19999999999999996,0.25,"{'I': 1, 'W': 0, 'R': 1, 'C': 'free'}",False,True,True,0.3333333333333333,3
4341,5,0.39724231656597186,0.882147454975774,1.4696590530692641,2.477230338061135,1.242524806126546,1.8310394984229799,0.8239810374224485,1.0,0.1,0.050000000000000044,0.050000000000000044,0.03732498680811269,0.029310098859742933,0.09537117689839861,0.09999999999999998,0.25,"{'I': 1, 'W': 0, 'R': 1, 'C': 'free'}",False,True,True,0.0,3
4341,6,0.39967845528694373,0.9106906701314734,1.9119019779645654,2.4270590984521303,1.3127950744086183,2.0893727278775556,0.9499004672328841,1.0,0.3,0.050000000000000044,0.0,0.3775584781734679,0.1824221717468159,0.5621896277390315,0.30000000000000004,0.7,"{'I': 1, 'W': 0, 'R': 1, 'C': 'free'}",False,True,True,0.0,3
4341,7,0.4776696015371622,1.0273799248367637,1.226650618323151,2.4143832759209607,1.628879652255362,1.9022778202097583,0.979821540173654,1.0,0.2,0.09999999999999998,0.050000000000000044,0.43783065100839524,0.18241789041383477,0.500050984766354,0.30000000000000004,0.25,"{'I': 1, 'W': 0, 'R': 1, 'C': 'free'}",True,True,True,0.0,3
4360,1,0.13879898675459962,0.503315029877613,0.9598485176698296,1.977414496184304,1.0729479073677373,1.3664270568653236,0.5054461019657319,0.9999999523205167,0.3,0.050000000000000044,0.050000000000000044,0.8175591712077805,0.8519121376707495,0.679150575214506,0.4,0.5,"{'I': 1, 'W': 0, 'R': 1, 'C': 'free'}",False,True,True,1.0,3
4360,2,0.21522247732999117,0.8679063636794808,0.8688294949436601,2.3687251505015903,1.145196326584723,1.8080790963935902,0.6619659647599557,1.0,0.3,0.09999999999999998,0.0,0.04742530700506433,0.14803911588235422,0.3208633752014379,0.30000000000000004,0.7,"{'I': 1, 'W': 0, 'R': 1, 'C': 'free'}",False,True,True,0.6666666666666666,3
4360,3,0.6046058647156773,0.8885623501728191,2.0100652072498746,2.4553829080236795,1.4784591940486669,1.910116456738785,0.9991221267058354,1.0,0.5,0.9,0.9,0.9890117765123625,0.9398896449551112,0.7773264000711305,0.7,0.9,"{'I': 1, 'W': 0, 'R': 1, 'C': 'free'}",False,True,True,0.0,3
4360,4,0.36095355792485695,1.0738511668614996,0.9616304256796281,2.3823060828566445,1.2362253569981658,1.8801073242018398,0.7733704857397382,1.0,0.3,0.050000000000000044,0.050000000000000044,0.09535724009525696,0.06008087252490405,0.18245118723723827,0.30000000000000004,0.7,"{'I': 1, 'W': 0, 'R': 1, 'C': 'free'}",False,True,True,0.3333333333333333,3
4360,5,0.34012882572917635,1.027254731760222,1.0884759653410514,2.56485230395884,1.3296823211564694,1.9574326203119594,0.942120995358283,1.0,0.3,0.050000000000000044,0.75,0.32082165870071994,0.18241202357259073,0.7773310477027835,0.7,0.8,"{'I': 1, 'W': 0, 'R': 1, 'C': 'free'}",False,True,True,0.3333333333333333,3
4360,6,0.1649572457405738,0.69435505664705,0.865022294948248,2.3522838735663796,1.0766413671688553,1.4785364059735029,0.6696806134590152,0.9999999999998169,0.3,0.050000000000000044,0.09999999999999998,0.02297772391725988,0.017984802446498097,0.060087773796960196,0.30000000000000004,0.5,"{'I': 1, 'W': 0, 'R': 1, 'C': 'free'}",False,True,True,1.0,3
4360,7,0.06718977282944115,0.7649442360880895,0.9042179767803675,2.4753340571450564,1.0307633563455434,1.5892551941645483,0.36523140013867816,0.9999999999999998,0.3,0.050000000000000044,0.050000000000000044,0.01098704042041766,0.03732467974394444,0.03732782082660262,0.7,0.7,"{'I': 1, 'W': 0, 'R': 1, 'C': 'free'}",True,False,True,0.0,3
4385,1,0.2971743785315474,0.5012383330645711,1.2825585933957289,1.9095424641105225,1.1146947269455478,1.3971749638372941,0.8240031670877382,0.9999997918082879,0.25,0.050000000000000044,0.050000000000000044,0.14804423687202456,0.4999369007716478,0.8808112401830149,0.25,0.25,"{'I': 1, 'W': 0, 'R': 1, 'C': 'free'}",False,True,True,1.0,3
4385,2,0.015842408785493492,0.6771169529190385,0.09749261420511293,2.3241888025063178,1.0028907454854321,1.5344895474084395,0.03125351670576304,0.9999999999999735,0.1,0.050000000000000044,0.050000000000000044,0.005220071419348482,0.006692734980153365,0.01406322045170011,0.25,0.19999999999999996,"{'I': 1, 'W': 0, 'R': 1, 'C': 'free'}",False,True,True,1.0,3
4385,3,0.18466699637990447,0.8068835699373382,0.6002956576559505,2.285070193204951,1.3319352400148357,1.8218744119576697,0.9572746336587382,1.0,0.1,0.050000000000000044,0.0,0.04742356084541116,0.037324178096146333,0.07586247637264805,0.050000000000000044,0.25,"{'I': 1, 'W': 0, 'R': 1, 'C': 'free'}",True,False,True,0.0,3
4385,4,0.4763044160795958,0.8288820147931097,1.6460124675293513,2.8144069324695398,1.4267146302070972,1.639513666811676,0.9930931441229144,1.0,0.3,0.050000000000000044,0.050000000000000044,0.09536721496706149,0.060084431408109436,0.047429694490055,0.19999999999999996,0.25,"{'I': 1, 'W': 0, 'R': 1, 'C': 'free'}",False,True,True,0.6666666666666666,3
4385,5,0.08664638589356412,0.9136058006684442,0.6659940824124667,2.5507980933854832,1.116304472347861,1.974934114580324,0.6285023954536031,1.0,0.25,0.050000000000000044,0.050000000000000044,0.047427325917164045,0.03732742091212921,0.029312951252703792,0.19999999999999996,0.09999999999999998,"{'I': 1, 'W': 0, 'R': 1, 'C': 'free'}",False,True,True,1.0,3
4385,6,0.09624833449238764,0.9575899287483899,0.7305226278538997,2.3840999880289355,1.0262330631606105,2.0613073368002346,0.5280826727357808,1.0,0.0,0.050000000000000044,0.0,0.008577202514504226,0.010985976182703801,0.02297687659926304,0.09999999999999998,0.050000000000000044,"{'I': 0, 'W': 1, 'R': 0, 'C': 'costly'}",False,True,True,0.0,3
4392,1,0.3637629358675989,0.31313767304258106,1.0912240322283144,1.5790715532839998,1.1710184915527946,1.2088171712872358,0.6688279102765371,0.9998372910452844,0.0,0.050000000000000044,0.050000000000000044,0.06008597370276198,0.09534521761883501,0.3775239233081025,0.050000000000000044,0.25,"{'I': 1, 'W': 0, 'R': 1, 'C': 'free'}",False,True,True,1.0,3
4392,2,0.010102390480931296,0.8330443540610639,0.075439329816447,2.53427388421909,1.0016155029791498,1.7144880591541538,0.022345352437361354,1.0,0.25,0.050000000000000044,0.050000000000000044,0.037327681493069934,0.047425098284253585,0.04742558076458791,0.25,0.4,"{'I': 1, 'W': 0, 'R': 1, 'C': 'free'}",False,True,True,1.0,3
4392,3,0.46254906765097326,0.5932524404373946,1.9796874875040844,2.0649304719613526,1.4568353032699495,1.4419837171972911,0.9975709710758309,0.9999999999892419,0.25,0.050000000000000044,0.30000000000000004,0.7773386726606435,0.5621717446005365,0.7310722492826627,0.30000000000000004,0.7,"{'I': 1, 'W': 0, 'R': 1, 'C': 'free'}",False,True,True,0.0,3
4392,4,0.5674481744420884,0.7319520728925599,1.54071434559026,2.6180002532056017,1.3879794802397658,1.6242100210199057,0.899232918389452,1.0,0.25,0.9,0.050000000000000044,0.9706796164980773,0.9398914465221941,0.4378728384211646,1.0,0.7,,False,True,False,0.0,3
4392,5,0.28276674715460703,0.7441831872850184,1.511102827537159,2.5614948850237433,1.314836987057594,1.6717651732982854,0.998155213923314,1.0,0.3,0.050000000000000044,0.050000000000000044,0.9399140775963029,0.8175701130715928,0.939923041623567,1.0,0.8,"{'I': 1, 'W': 0, 'R': 1, 'C': 'free'}",False,True,True,0.0,3
4392,6,0.23282620192460535,0.762270412538435,0.7431953180480514,2.326282147900171,1.1105262254322736,1.6619312831619175,0.7924762938371563,1.0,0.2,0.050000000000000044,0.0,0.14804943966701908,0.222687977253675,0.7310800289870724,0.30000000000000004,1.0,"{'I': 1, 'W': 0, 'R': 1, 'C': 'free'}",False,True,True,0.0,3
4392,7,0.3418718641934813,0.6504615687598113,0.9341661360867117,2.4438762678306327,1.1617934725135428,1.4588210825039605,0.5933447275217436,0.9999999999999886,0.05,0.07999999999999996,0.050000000000000044,0.07585824159737004,0.037325877604389615,0.6792149578819765,0.09999999999999998,0.75,"{'I': 1, 'W': 0, 'R': 1, 'C': 'free'}",False,True,True,0.0,3
4414,1,0.041841127256092424,0.692864345712941,0.2956797709250733,2.243542234373577,1.007390979999933,1.5850363562616305,0.05720876465748337,0.9999999371091034,0.25,0.050000000000000044,0.050000000000000044,0.010986763667414681,0.0179839903694019,0.18241337229900512,0.25,0.25,"{'I': 1, 'W': 0, 'R': 1, 'C': 'free'}",False,True,True,1.0,3
4414,2,0.274604424161335,0.5933167977101881,0.9992686706302821,1.6228640393345803,1.1281363846713093,1.434785335508825,0.7005088890907503,0.9999999929679868,0.05,0.050000000000000044,0.050000000000000044,0.022976946432152,0.01406142219337886,0.07585976434806994,0.050000000000000044,0.25,"{'I': 1, 'W': 0, 'R': 1, 'C': 'free'}",False,True,True,1.0,3
4414,3,0.1132687316581343,0.5726613696529366,0.6966512572232875,1.9508627339761362,1.0732622049672333,1.4923634238807963,0.3903800813531638,0.9999999997265379,0.0,0.050000000000000044,0.050000000000000044,0.02297597386226607,0.014062195514567305,0.14806861535504323,0.050000000000000044,0.25,"{'I': 1, 'W': 0, 'R': 1, 'C': 'free'}",False,True,True,1.0,3
4414,4,0.2418363112283357,0.5311312388934033,0.9703037283702504,2.075584418042932,1.1015766515978354,1.3605903603879437,0.6199394634222738,0.9999997198711077,0.0,0.050000000000000044,0.050000000000000044,0.0052199868529710985,0.004069218769838033,0.07586443510668411,0.050000000000000044,0.050000000000000044,"{'I': 1, 'W': 0, 'R': 1, 'C': 'free'}",False,True,True,0.0,3
4414,5,0.08580889275270932,0.6358286249607064,0.49923778414156783,2.1001904807550034,1.0301848884267153,1.5362755632092173,0.25724044071416696,0.9999999999972526,0.0,0.050000000000000044,0.050000000000000044,0.022978499310422243,0.014060300191282396,0.029315092000229883,0.050000000000000044,0.050000000000000044,"{'I': 1, 'W': 0, 'R': 1, 'C': 'free'}",True,False,True,0.0,3
4414,6,0.30602971669655477,0.4745605296618917,0.9333382360948845,2.048235976945005,1.194484240790661,1.3457674639003623,0.9007673741550682,0.999999643960007,0.1,0.050000000000000044,0.050000000000000044,0.11920887243515202,0.029305301892781598,0.09537418942891764,0.09999999999999998,0.09999999999999998,"{'I': 1, 'W': 0, 'R': 1, 'C': 'free'}",False,True,True,0.0,3
4414,7,0.044882171942981525,0.45126318115641967,0.35737146890850585,1.5941486478358398,1.0105706387677968,1.2352407884973704,0.12776559874635662,0.9999398237252136,0.05,0.050000000000000044,0.050000000000000044,0.010987198822034893,0.00521886173139124,0.047431052051161944,0.09999999999999998,0.09999999999999998,"{'I': 1, 'W': 0, 'R': 1, 'C': 'free'}",True,False,True,0.0,3
4421,1,0.1321555931395113,0.4121285705223001,0.708876387008969,2.2369001382638753,1.0944151299247302,1.2634878591233567,0.46822810401933823,0.9999894557081873,0.0,0.050000000000000044,0.030000000000000027,0.008577246284402575,0.01798481168586288,0.060080295242963704,0.25,0.25,"{'I': 1, 'W': 0, 'R': 1, 'C': 'free'}",False,True,True,1.0,3
4421,2,0.6903471713874908,0.5524832731653536,1.9046928340579856,2.193306751054533,1.762359697855234,1.3649970937700628,0.9997964918952776,0.9999999999999974,0.25,0.09999999999999998,0.0,0.6224577342433397,0.3775028279821196,0.07585793888517059,0.25,0.25,"{'I': 1, 'W': 0, 'R': 1, 'C': 'free'}",False,True,True,0.0,3
4421,3,0.21292484332283343,0.5468414791991888,1.3132022684947562,1.9808523305028467,1.1201994895782388,1.358284069379112,0.8842854524599459,0.9999995865234736,0.05,0.050000000000000044,0.0,0.5000448578659962,0.14801511104070772,0.0953440462645005,0.050000000000000044,0.09999999999999998,"{'I': 1, 'W': 0, 'R': 1, 'C': 'free'}",False,False,True,0.0,3
4421,4,0.4160047308025753,0.6853417488886384,1.7710551159159709,2.117402114007029,1.185739977694697,1.457911359902291,0.8908215342076091,0.9999999999996398,0.3,0.050000000000000044,0.0,0.6225574413708187,0.37745423225317326,0.5622980688428677,0.30000000000000004,0.25,"{'I': 1, 'W': 0, 'R': 1, 'C': 'free'}",False,True,True,0.0,3
4421,5,0.09719588087528355,0.7373937854408265,0.586538371872283,2.6095966231252734,1.0262158598730937,1.6020619895341095,0.3217041405775728,0.9999999997600769,0.1,0.050000000000000044,0.050000000000000044,0.3776605871290764,0.37743444359261363,0.7773629058229833,0.09999999999999998,0.25,"{'I': 1, 'W': 0, 'R': 1, 'C': 'free'}",True,True,True,0.0,3
4421,6,0.2569314912730461,0.8275726466005306,1.161112293245381,2.2010335331185598,1.1035016816762762,1.6195143093649242,0.7220600285365647,0.9999999999999603,0.25,0.09999999999999998,0.0,0.18244037728668405,0.09532348745785128,0.4379040234955639,0.30000000000000004,0.5,"{'I': 1, 'W': 0, 'R': 1, 'C': 'free'}",False,True,True,0.0,3
4421,7,0.11572137271128499,0.6230304468527419,0.8981838381293213,2.2898639780835968,1.04891325059911,1.5483435336995912,0.5964028073930738,1.0,0.1,1.0,0.0,0.5622704368154122,0.3206411246567075,0.5623772919063118,0.30000000000000004,0.75,"{'I': 1, 'W': 0, 'R': 1, 'C': 'free'}",True,True,True,0.0,3
4450,1,0.015935915569942945,0.6832318881472415,0.04295525526120191,2.2916482963899822,1.0021855917030809,1.525583822850149,0.015166263415480552,0.9999999944361344,0.9,0.050000000000000044,0.030000000000000027,0.9859457311360171,0.8519065650553437,0.09534557626411205,0.4,0.25,,False,True,False,0.0,3
4450,2,0.0544469381016295,0.525540473129812,0.31264629398898147,1.8675564285484996,1.0110916279951419,1.439981725203292,0.07430823682993704,0.9999998448864139,0.5,0.0,0.0,0.9046732686807785,0.67917744268973,0.5000681999370027,0.09999999999999998,0.09999999999999998,"{'I': 0, 'W': 1, 'R': 0, 'C': 'costly'}",False,True,True,0.0,3
4506,1,0.6010686798249654,0.4987572095936841,1.398852772195813,1.9275997464869028,1.485307156230885,1.4478590350873008,0.8616692815536249,0.9999684016690699,0.25,0.050000000000000044,0.050000000000000044,0.982022333343585,0.9399016293708743,0.2689270351077324,0.25,0.25,"{'I': 1, 'W': 0, 'R': 1, 'C': 'free'}",False,True,True,0.0,3
4506,2,0.14360406046767896,0.5739114681930277,0.4926113257958331,2.0000068162303593,1.0397807400141184,1.4572111831987993,0.23895976258037177,0.9999999561986292,0.0,0.050000000000000044,0.0,0.11920048297311205,0.11919786203330811,0.09534747520571434,0.050000000000000044,0.4,"{'I': 1, 'W': 0, 'R': 1, 'C': 'free'}",False,True,True,1.0,3
4506,3,0.1599160310187548,0.41400658219937914,0.7532351312010388,1.7003081374936257,1.0954277158809185,1.2921924790417407,0.598058591551593,0.9999017753530308,0.05,0.050000000000000044,0.0,0.008577419878335595,0.017984850808858935,0.11920375510492771,0.050000000000000044,0.25,"{'I': 1, 'W': 0, 'R': 1, 'C': 'free'}",False,True,True,0.3333333333333333,3
4506,4,0.13580895049025238,0.45589609364639483,0.7154067377744614,2.0014898620099872,1.1015573598450024,1.2830707641449917,0.6198728975578031,0.9999635476931177,0.0,0.050000000000000044,0.050000000000000044,0.010986647654020049,0.017983660975302657,0.03732585490046487,0.050000000000000044,0.25,"{'I': 1, 'W': 0, 'R': 1, 'C': 'free'}",False,True,True,0.0,3
4506,5,0.08828794828048599,0.5058480981617586,0.5145323039306615,1.9126220645670646,1.0298486732914514,1.5251722234645875,0.25481198486496204,0.9999998351073981,0.0,0.050000000000000044,0.050000000000000044,0.037327182273371735,0.022974704555653338,0.09535238007585702,0.09999999999999998,0.25,"{'I': 1, 'W': 0, 'R': 1, 'C': 'free'}",True,False,True,0.0,3
4506,6,0.12769228086219203,0.358142616116918,0.6327213998225228,1.924510287892537,1.1727447291571842,1.245486383293577,0.7967806289524525,0.9995395997337471,0.0,0.050000000000000044,0.050000000000000044,0.09534333962898474,0.03732306771359371,0.07585924542783484,0.09999999999999998,0.09999999999999998,"{'I': 1, 'W': 0, 'R': 1, 'C': 'free'}",True,False,True,0.0,3
4506,7,0.12177087699143492,0.40538115710410255,0.7141215102266195,1.8844239943003085,1.1055595482428708,1.2879192645817867,0.6334116978216598,0.9999597788554816,0.0,0.050000000000000044,0.050000000000000044,0.11920999633603725,0.06008108616509125,0.09535578774158893,0.050000000000000044,0.25,"{'I': 1, 'W': 0, 'R': 1, 'C': 'free'}",True,False,True,0.0,3
4523,1,0.0055706859574246,0.5526570287624243,0.024676775220105137,2.4163883228709344,1.0006873534159244,1.4887039694584576,0.006164973753353786,0.9999999997897516,0.0,0.050000000000000044,0.030000000000000027,0.037325187951430285,0.06007739563735589,0.07585282686843989,0.050000000000000044,0.050000000000000044,"{'I': 1, 'W': 0, 'R': 1, 'C': 'free'}",False,True,True,1.0,3
4523,2,0.002413220283444244,0.8792268797672821,0.017786037712376856,2.450288632424939,1.0003201582062826,1.83912937797564,0.0028768167086227203,0.9999999999999999,0.0,0.050000000000000044,0.050000000000000044,0.07585719598369972,0.09533821307908094,0.22269254405124528,0.050000000000000044,0.050000000000000044,"{'I': 1, 'W': 0, 'R': 1, 'C': 'free'}",True,False,True,0.0,3
4523,3,0.07570088507906253,0.7397891375358374,0.2504839222512945,2.694351373686661,1.0149294581741264,1.7082346268346191,0.1377336863016283,0.9999999998998949,0.25,0.050000000000000044,0.0,0.9046542203022938,0.49997447685059776,0.9241397795920472,0.75,1.0,"{'I': 1, 'W': 0, 'R': 1, 'C': 'free'}",False,False,True,1.0,3
4523,4,0.011608495551136907,0.4633179549017625,0.032093091195144266,1.7172220571785062,1.0015215338498549,1.4412103978037807,0.015088781032689957,0.9999999973163795,0.25,0.050000000000000044,0.050000000000000044,0.11919930193800075,0.11919384451647008,0.5621721756003395,0.050000000000000044,1.0,"{'I': 1, 'W': 0, 'R': 1, 'C': 'free'}",True,False,True,0.0,3
4523,5,0.2266700858968879,0.5704655068144828,0.9062236473936346,2.388251529468201,1.1709311865959537,1.5252095659305303,0.7936111323014059,0.999999999999995,0.05,0.050000000000000044,0.050000000000000044,0.6224501797925226,0.4377899551449769,0.9820117107361687,1.0,1.0,"{'I': 1, 'W': 0, 'R': 1, 'C': 'free'}",False,True,True,0.0,3
4523,6,0.09673175624663294,0.8629689404127682,0.4357839860820879,2.691076782462328,1.0299935318817492,1.6919416840773758,0.23353995030939767,1.0,0.15,0.09999999999999998,0.09999999999999998,0.32081783026035676,0.26893153861455654,0.7310521029676389,0.4,1.0,"{'I': 1, 'W': 0, 'R': 1, 'C': 'free'}",False,False,True,0.0,3
4523,7,0.04208178582774763,0.7082055950642804,0.3411376333183262,2.329299658446538,1.0098599142930034,1.4872462139554203,0.18620279082101,0.9999999998995862,0.3,0.050000000000000044,0.050000000000000044,0.6792094579965279,0.6224081092856807,0.43782073230537916,0.4,1.0,"{'I': 1, 'W': 0, 'R': 1, 'C': 'free'}",True,False,True,0.0,3
4525,1,0.11306802363298443,0.7290324614854197,0.4864525540958344,1.9459578998120486,1.0438658398080627,1.6650730773219125,0.1931801552653024,0.9999999998193096,0.0,0.050000000000000044,0.030000000000000027,0.004069955291405323,0.02297354237031691,0.029310481638080137,0.050000000000000044,0.050000000000000044,"{'I': 1, 'W': 0, 'R': 1, 'C': 'free'}",False,True,True,1.0,3
4525,2,0.029850459112394128,0.9348913488009781,0.1329248091923825,2.1841528090425264,1.0063419519678116,1.8093501142886337,0.03111527020390803,1.0,0.05,0.050000000000000044,0.050000000000000044,0.010986552998874738,0.029310284507722342,0.029311746157312725,0.050000000000000044,0.25,"{'I': 1, 'W': 0, 'R': 1, 'C': 'free'}",True,False,True,0.0,3
4525,3,0.9287545246566671,0.704602589502701,1.8078160847662696,2.345793187268818,1.7110593330999428,1.5559359258767789,0.9767113393031576,0.9999999999994842,0.25,0.050000000000000044,0.050000000000000044,0.09534790117213707,0.14804021427039357,0.18242200377873335,0.25,0.25,"{'I': 1, 'W': 0, 'R': 1, 'C': 'free'}",False,True,True,0.6666666666666666,3
4525,4,0.29719830095792743,0.7791123172631815,1.0559285918688388,2.5433683668298994,1.120305535527135,1.6092196138501174,0.5485136475764636,0.9999999999999769,0.2,0.050000000000000044,0.050000000000000044,0.320781447758268,0.3207726768201195,0.22270358773458643,0.5,0.7,"{'I': 1, 'W': 0, 'R': 1, 'C': 'free'}",True,False,True,0.0,3
4525,5,0.08292080968219054,0.8810452792090308,0.17475259715056324,2.3368077688523106,1.0160984564891158,1.8283802243182805,0.10576954123975701,0.9999999999999961,0.05,0.050000000000000044,0.050000000000000044,0.02297418519655967,0.029307868905316295,0.017985664922829724,0.09999999999999998,0.75,"{'I': 1, 'W': 0, 'R': 1, 'C': 'free'}",True,False,True,0.0,3
4525,6,0.2777738008174137,0.8217208681875378,0.7487647299630574,2.33823762644504,1.1139873538383858,1.5592580939337617,0.5302809485460327,0.999999999995852,0.1,0.050000000000000044,0.09999999999999998,0.09533304093117421,0.11917797404753065,0.07585660102877774,1.0,0.8,"{'I': 1, 'W': 0, 'R': 1, 'C': 'free'}",True,False,True,0.0,3
4525,7,0.5696831599297294,0.8639097908602722,2.032868526899007,2.3227699265743453,1.4365904311660032,1.7220658911972282,0.9448765684974274,1.0,0.1,0.050000000000000044,0.050000000000000044,0.1480427565586418,0.09533401168899469,0.22269535368782295,0.09999999999999998,0.7,"{'I': 1, 'W': 0, 'R': 1, 'C': 'free'}",False,True,True,1.0,3
4543,1,0.005845247875765307,0.4663258264792355,0.02957194241342928,2.072607089620407,1.000776234361461,1.3207821634666146,0.006188239465332979,0.9999996055911546,0.05,0.050000000000000044,0.050000000000000044,0.047424493929494924,0.3207911571866524,0.437800463235587,0.25,0.25,"{'I': 1, 'W': 0, 'R': 1, 'C': 'free'}",False,True,True,1.0,3
4543,2,0.46525533416544085,0.7105455294957912,1.419452623186648,2.145327133908521,1.3190866133963148,1.7304862657711184,0.9172933970401395,1.0,0.3,0.09999999999999998,0.050000000000000044,0.2689469189848837,0.09534204223313332,0.09535121472297799,0.25,0.25,"{'I': 1, 'W': 0, 'R': 1, 'C': 'free'}",False,True,True,0.0,3
4543,3,0.24748270395388117,0.6726297822139327,1.2646689485731326,2.1749832151286386,1.2758448585630282,1.3672203643887137,0.9462441682394233,0.9999905816501861,0.25,0.050000000000000044,0.0,0.010986918382097532,0.0140627086270818,0.0758600557509814,0.050000000000000044,0.25,"{'I': 1, 'W': 0, 'R': 1, 'C': 'free'}",False,True,True,0.3333333333333333,3
4543,4,0.06797729716041626,0.5913226896378616,0.4281335158706888,1.7003739703353302,1.0217308104794007,1.4678024904965825,0.22738680255281063,0.9999999000092216,0.05,0.050000000000000044,0.050000000000000044,0.01798640217403969,0.014063083874171975,0.060088831425419,0.09999999999999998,0.25,"{'I': 1, 'W': 0, 'R': 1, 'C': 'free'}",True,False,True,0.0,3
4543,5,0.042031044192345185,0.7037590812374005,0.3901273091168559,2.322994381602932,1.0100512280624774,1.5517869293309354,0.11309074288897869,0.9999999767342841,0.05,0.050000000000000044,0.010000000000000009,0.04742545358361304,0.037323906727171084,0.09535416302461959,0.09999999999999998,0.25,"{'I': 1, 'W': 0, 'R': 1, 'C': 'free'}",True,False,True,0.0,3
4543,6,0.07675232853423074,0.518120293748301,0.681618778121667,1.7884621151272118,1.0280267303971138,1.3750054292262206,0.2822931127561179,0.9999024624093883,0.0,0.050000000000000044,0.0,0.04742309853195501,0.037323947613859,0.14806229921885364,0.09999999999999998,0.09999999999999998,"{'I': 1, 'W': 0, 'R': 1, 'C': 'free'}",False,True,True,0.0,3
4543,7,0.2435392385705818,1.1947198248047246,1.2388968388559067,2.460038302912086,1.082245322348086,2.2200301388564068,0.6126608534750575,1.0,0.25,0.050000000000000044,0.050000000000000044,0.43781569159038,0.09534632056454952,0.1824365802888625,0.4,0.25,"{'I': 1, 'W': 0, 'R': 1, 'C': 'free'}",True,True,True,0.0,3
4551,1,0.08151112820466641,0.582118641676406,0.48883708817235105,2.078372412924093,1.3133175464859017,1.3821513528919787,0.8870094749633175,0.9999996576721335,0.25,0.050000000000000044,0.030000000000000027,0.06008375105253137,0.07585408940814019,0.1480362300593911,0.25,0.25,"{'I': 1, 'W': 0, 'R': 1, 'C': 'free'}",False,True,True,1.0,3
4551,2,0.3818240793186167,0.8654965085457366,1.079876415915184,2.1274924163444844,1.2399828371092405,1.9465944608428667,0.8210735243071684,0.999999999999987,0.05,0.09999999999999998,0.0,0.008577506423434383,0.022976413005371673,0.18242832863705535,0.25,0.4,"{'I': 1, 'W': 0, 'R': 1, 'C': 'free'}",False,True,True,1.0,3
4551,3,0.0996304858397416,0.693953650830009,0.3464939264199822,2.4300799839117873,1.0224484416254311,1.550684093253649,0.12471094880360956,0.9999999999999994,0.01,0.050000000000000044,0.0,0.029310681425412256,0.010985638519784235,0.01406327333358743,0.050000000000000044,0.09999999999999998,"{'I': 0, 'W': 1, 'R': 0, 'C': 'costly'}",False,True,True,1.0,3
4560,1,0.09969364606209925,0.8207563670274609,0.6356864877805993,2.4648929217862836,1.0267452131991661,1.780423239983093,0.1686934691410985,0.9999999998303347,0.0,0.050000000000000044,0.030000000000000027,0.09534619312877583,0.18237945122278137,0.26893087799771687,0.25,0.25,"{'I': 1, 'W': 0, 'R': 1, 'C': 'free'}",False,True,True,1.0,3
4560,2,0.003487131000821471,0.8441909348724316,0.009178407229270037,2.2594335520994404,1.0003995525659952,1.5513068913096393,0.0023939664774360603,0.9999999959327559,0.0,0.050000000000000044,0.0,0.00669274206920404,0.017985426425954645,0.06008601799988608,0.050000000000000044,0.050000000000000044,"{'I': 1, 'W': 0, 'R': 1, 'C': 'free'}",False,True,True,1.0,3
4560,3,0.612434920038387,0.9757992705626108,1.3721942731592975,2.3583090309758217,1.49227031115991,2.017531120714644,0.959335071782069,1.0,0.25,0.050000000000000044,0.050000000000000044,0.060085936083056964,0.11919362310503019,0.029314188357840706,0.050000000000000044,0.09999999999999998,"{'I': 1, 'W': 0, 'R': 1, 'C': 'free'}",False,True,True,0.0,3
4560,4,0.15659821112674702,0.5641925116130629,0.6363334849332754,2.196085477822479,1.042498380660735,1.3937830286749435,0.2832018304261721,0.999998293158798,0.0,0.050000000000000044,0.050000000000000044,0.03732410378832529,0.04741890913950904,0.0373270351906291,0.050000000000000044,0.050000000000000044,"{'I': 1, 'W': 0, 'R': 1, 'C': 'free'}",True,False,True,0.0,3
4560,5,0.03297915649924359,0.8207788441262107,0.18945945995085545,2.309910914811366,1.0073650676528374,1.7798531507910589,0.04307328459856152,0.9999999999996975,0.0,0.050000000000000044,0.050000000000000044,0.09534237073975906,0.11919467552416656,0.14807874117143324,0.050000000000000044,0.09999999999999998,"{'I': 1, 'W': 0, 'R': 1, 'C': 'free'}",True,True,True,0.0,3
4560,6,0.24649903795168632,0.6740274404800237,0.687278551989064,2.1876521838469074,1.0861643540097097,1.5103790099250258,0.48377904171457653,0.999999954556016,0.1,0.050000000000000044,0.0,0.09534051254108018,0.14802259515558056,0.04742952204203784,0.09999999999999998,0.09999999999999998,"{'I': 1, 'W': 0, 'R': 1, 'C': 'free'}",True,True,True,0.0,3
4560,7,0.17993071801762386,0.8260103883354277,1.6334704626526169,2.4828233424975696,1.1547132151166564,1.7443601535454147,0.9436988484848123,0.9999999999997278,0.01,0.050000000000000044,0.050000000000000044,0.005219472023668266,0.008575744061280683,0.006692019017730775,0.050000000000000044,0.050000000000000044,"{'I': 0, 'W': 1, 'R': 0, 'C': 'costly'}",False,True,True,0.6666666666666666,3
457,1,0.040146163894272675,0.6827633087116084,0.14275176770454376,1.9631525043568179,1.008004247780782,1.6207305682150772,0.039077884481868885,0.9999999717895275,0.0,0.050000000000000044,0.030000000000000027,0.006692626884993235,0.014062913855733442,0.017985695677044142,0.050000000000000044,0.050000000000000044,"{'I': 1, 'W': 0, 'R': 1, 'C': 'free'}",False,True,True,1.0,3
457,2,0.3184225946899957,1.0089963971603084,1.443852604360976,2.14437717721004,1.179144752180855,1.7980439600813811,0.5613032798045863,0.9999999266176788,0.0,0.050000000000000044,0.050000000000000044,0.004070048190703161,0.008576888626635524,0.14804295763206188,0.050000000000000044,0.050000000000000044,"{'I': 1, 'W': 0, 'R': 1, 'C': 'free'}",True,False,True,0.0,3
457,3,0.539031032571017,0.6767257831883359,1.1411115479096856,2.0949155902704417,1.5498003141020316,1.5494672995069425,0.9699534893885476,0.9999999996903441,0.2,0.050000000000000044,0.0,0.07585775082871812,0.03732493783278417,0.07585877016599582,0.25,0.25,"{'I': 1, 'W': 0, 'R': 1, 'C': 'free'}",False,True,True,0.3333333333333333,3
457,4,0.39417282945272486,0.6797593074489972,1.3070163727614077,2.632736397662806,1.2388110865469886,1.5901764300128975,0.7233252667634056,1.0,0.05,0.050000000000000044,0.050000000000000044,0.022975055343658932,0.02297509024676512,0.03732451281904166,0.30000000000000004,0.75,"{'I': 1, 'W': 0, 'R': 1, 'C': 'free'}",False,True,True,1.0,3
457,5,0.09505707744834209,0.7818289341733617,0.35072411936079323,2.3484796656759572,1.0196298004439113,1.6351926548409457,0.09262376597169375,1.0,0.3,0.050000000000000044,0.050000000000000044,0.010986634443051393,0.01798518852549699,0.09535360736888704,0.25,0.30000000000000004,"{'I': 1, 'W': 0, 'R': 1, 'C': 'free'}",False,True,True,1.0,3
457,6,0.5242055251223392,0.6558067184887794,1.8679056794443984,2.292445098083069,1.2688600193467512,1.5807851676382052,0.8827057886025365,0.9999999995502451,0.3,0.050000000000000044,0.030000000000000027,0.09534998307479801,0.03732523346937307,0.06008534079046899,0.30000000000000004,0.5,"{'I': 1, 'W': 0, 'R': 1, 'C': 'free'}",False,True,True,0.6666666666666666,3
457,7,0.15928583912032462,0.6476195807923429,0.5474920771067533,2.2595609449073866,1.0489254178712877,1.557343250097636,0.24918603287346264,1.0,0.3,0.050000000000000044,0.050000000000000044,0.0474239698719183,0.022976310421973963,0.022976942888413593,0.30000000000000004,0.7,"{'I': 1, 'W': 0, 'R': 1, 'C': 'free'}",False,True,True,0.3333333333333333,3
4586,1,0.03364870514932686,0.5800192896208426,0.32121329145665267,2.235880705269803,1.0103280786266664,1.4538140322730788,0.09764844500750591,0.9999999925087001,0.0,0.050000000000000044,0.010000000000000009,0.006692663105517706,0.01798457273401674,0.014062417017560662,0.050000000000000044,0.050000000000000044,"{'I': 1, 'W': 0, 'R': 1, 'C': 'free'}",False,True,True,1.0,3
4586,2,0.04656137510397433,0.43972303380405975,0.367687897804914,1.947139318888145,1.0160833120585158,1.28479948468581,0.11983225188354618,0.9999953541234403,0.0,0.0,0.0,0.006692570552741659,0.037325410845624844,0.1192046172340444,0.050000000000000044,0.09999999999999998,"{'I': 1, 'W': 0, 'R': 1, 'C': 'free'}",False,True,True,1.0,3
4586,3,0.47972923509155285,0.6936136844741482,1.0871936017053283,2.2344469450513507,1.296684709305894,1.5612386542448047,0.9255857508741693,0.9999999999442651,0.05,0.050000000000000044,0.010000000000000009,0.010985821291533627,0.022972270321447268,0.010986647357187566,0.050000000000000044,0.050000000000000044,"{'I': 1, 'W': 0, 'R': 1, 'C': 'free'}",False,True,True,0.0,3
4586,4,0.18137410606978627,0.7954388515994847,0.5669852709862729,2.2643050354447105,1.050879137525545,1.6742362947604936,0.3912032901996292,0.9999999997623819,0.05,0.050000000000000044,0.050000000000000044,0.014062551694075505,0.010983462642471988,0.02297659828367263,0.050000000000000044,0.050000000000000044,"{'I': 1, 'W': 0, 'R': 1, 'C': 'free'}",True,False,True,0.0,3
4586,5,0.019962530792728247,0.8332842983517188,0.0665360367110233,2.3145792118430775,1.003292560594488,1.769244445420564,0.02595445522711637,0.999999638992571,0.0,0.050000000000000044,0.010000000000000009,0.09534128800405227,0.02297323488889429,0.022976656870709978,0.050000000000000044,0.050000000000000044,"{'I': 1, 'W': 0, 'R': 1, 'C': 'free'}",True,True,True,0.0,3
4586,6,0.1671273101379727,1.046469691986896,1.0517695988520193,2.410896894339234,1.0815761015813066,2.1219189026235243,0.8887239532964663,0.9999999996651384,0.0,0.050000000000000044,0.0,0.022975830473869505,0.010983775918551894,0.017985076183030267,0.050000000000000044,0.050000000000000044,"{'I': 0, 'W': 1, 'R': 0, 'C': 'costly'}",False,True,True,0.6666666666666666,3
4592,1,0.1228987507331886,0.3465073159987642,0.6465944186612225,1.5520915947392264,1.038438651511369,1.225807593288263,0.31420935808381967,0.9999832044044707,0.0,0.050000000000000044,0.0,0.09534689036107387,0.11918692787211782,0.22268524425297193,0.050000000000000044,0.25,"{'I': 1, 'W': 0, 'R': 1, 'C': 'free'}",False,True,True,1.0,3
4592,2,0.1213839694504583,0.9745894402915612,0.5870904762873248,2.370816176528003,1.0270386035387313,1.7956696351633197,0.2341700940944128,0.9999999999998056,0.25,0.09999999999999998,0.0,0.06008537773505641,0.04742324905642655,0.222703223817593,0.25,0.4,"{'I': 1, 'W': 0, 'R': 1, 'C': 'free'}",False,True,True,0.6666666666666666,3
4592,3,0.36354640884769696,1.0572339993839341,0.7660185699856054,2.616113249909497,1.1342130945258433,2.259999202789277,0.5858693237605523,1.0,0.3,0.050000000000000044,0.09999999999999998,0.047425676984660395,0.07583385069467193,0.18248936023608245,0.30000000000000004,0.25,"{'I': 1, 'W': 0, 'R': 1, 'C': 'free'}",False,True,True,0.3333333333333333,3
4592,4,0.05798261254196947,0.5466181398041646,0.3234769957017194,2.0204551357196507,1.011820173993199,1.3933639980844288,0.078963884142908,0.9999996710774295,0.05,0.050000000000000044,0.0,0.006692598005837111,0.008576234234206353,0.060087054307481645,0.050000000000000044,0.050000000000000044,"{'I': 1, 'W': 0, 'R': 1, 'C': 'free'}",True,False,True,0.0,3
4592,5,0.011951295893011808,0.4869261227908808,0.03350146359164791,1.980637769097034,1.0014484343873529,1.3075689561908403,0.010080552105105167,0.9999994860610457,0.05,0.050000000000000044,0.010000000000000009,0.014062966519125175,0.01406104360176318,0.029311801712704286,0.09999999999999998,0.25,"{'I': 1, 'W': 0, 'R': 1, 'C': 'free'}",True,False,True,0.0,3
4592,6,0.023612589510287687,0.7257864813089698,0.12060601289005844,1.9754709842687563,1.0042510844201546,1.5592316718857222,0.029257968118659883,0.9999999999989047,0.25,0.050000000000000044,0.050000000000000044,0.03732480155635226,0.01406058012827264,0.09535040577665657,0.09999999999999998,0.09999999999999998,"{'I': 1, 'W': 0, 'R': 1, 'C': 'free'}",False,True,True,0.6666666666666666,3
4592,7,0.04821630052151884,0.5145113203133763,0.20522761457688682,2.4120707393746383,1.0102971519156896,1.360186422264873,0.06920059035247861,0.9999999821642755,0.05,0.09999999999999998,0.050000000000000044,0.03732471305122861,0.0109843076717947,0.04742823885031973,0.050000000000000044,0.09999999999999998,"{'I': 1, 'W': 0, 'R': 1, 'C': 'free'}",True,True,True,0.0,3
4596,1,0.19724997548972054,0.647594351526974,0.9754998063928111,1.8857578476031989,1.0900879517196427,1.5042232958225088,0.5399064514360563,0.999999999948014,0.0,0.050000000000000044,0.010000000000000009,0.07585408631828344,0.18240453716026067,0.09534198642847036,0.25,0.25,"{'I': 1, 'W': 0, 'R': 1, 'C': 'free'}",False,True,True,1.0,3
4596,2,0.16981255852479005,0.7285843483437092,0.5445993596072861,2.575679850092903,1.0519847759294392,1.5736988106469199,0.33330935502116876,0.9999999999999594,0.25,0.0,0.050000000000000044,0.010986813070529743,0.02931012402859755,0.14804605882553978,0.25,0.4,"{'I': 1, 'W': 0, 'R': 1, 'C': 'free'}",False,True,True,1.0,3
4596,3,0.7620611837050034,0.5396192841120298,1.320544880423762,2.2007455335182327,1.6889830784580853,1.4371679521065808,0.8771150191818375,0.9999978633709433,0.01,0.050000000000000044,0.010000000000000009,0.017984046695534155,0.0040693163505784915,0.010985774378225061,0.050000000000000044,0.050000000000000044,"{'I': 0, 'W': 1, 'R': 0, 'C': 'costly'}",False,True,True,1.0,3
4611,1,0.02151788875343581,0.6760762833339042,0.15821338016248457,2.407880054424839,1.0041694849128187,1.5633704185266204,0.03273863297928159,0.9999999999997568,0.0,0.050000000000000044,0.030000000000000027,0.09534330047805914,0.11918180729983059,0.04742219638471093,0.25,0.25,"{'I': 1, 'W': 0, 'R': 1, 'C': 'free'}",False,True,True,1.0,3
4611,2,0.14550137395536272,0.7335881622156074,1.0225769418645974,2.697519918337073,1.051465058301207,1.650829273817101,0.33066853767660065,0.9999999999999807,0.05,0.0,0.030000000000000027,0.029311477026071668,0.047422053085282134,0.06008388448838624,0.050000000000000044,0.050000000000000044,"{'I': 1, 'W': 0, 'R': 1, 'C': 'free'}",True,False,True,0.0,3
4611,3,0.00617821323909915,0.6557321181213298,0.04516273904251467,2.502291657349147,1.0009600999005985,1.5162478876311678,0.007647720621011822,0.99999999973747,0.0,0.050000000000000044,0.050000000000000044,0.014063137644219103,0.03732460476625481,0.18241741903692352,0.050000000000000044,0.25,"{'I': 1, 'W': 0, 'R': 1, 'C': 'free'}",False,True,True,1.0,3
4611,4,0.633486932026386,0.6100498140838972,1.1638762875318038,2.157610721395369,1.3807200172316851,1.516067448717283,0.8007162466410229,0.9999999999999996,0.05,0.050000000000000044,0.050000000000000044,0.09534382229515394,0.037317960698914875,0.022975252671800946,0.050000000000000044,0.050000000000000044,"{'I': 1, 'W': 0, 'R': 1, 'C': 'free'}",False,True,True,0.3333333333333333,3
4611,5,0.2562033633059295,0.736821881009859,1.2274582868383916,1.9995275884575165,1.2615872731189777,1.483306854362965,0.8441662195632552,0.9999999999997867,0.05,0.050000000000000044,0.050000000000000044,0.06008529356595261,0.03732202507747884,0.07585440021536465,0.09999999999999998,0.30000000000000004,"{'I': 1, 'W': 0, 'R': 1, 'C': 'free'}",True,True,True,0.0,3
4611,6,0.051215675350422527,0.8317025617874759,0.4261256917723425,2.4338037686453236,1.012179674236383,1.7081298583054734,0.22448509382735593,0.9999999999999996,0.05,0.050000000000000044,0.050000000000000044,0.02930861607270741,0.022971603402017003,0.037324323148060945,0.09999999999999998,0.09999999999999998,"{'I': 0, 'W': 1, 'R': 0, 'C': 'costly'}",False,True,True,1.0,3
4614,1,0.006251652661026802,0.5765353603050931,0.02402776242570927,1.7742151792010765,1.0007301012670748,1.360815925299002,0.005095816160893607,0.9999615744264645,0.0,0.050000000000000044,0.030000000000000027,0.006692634732122568,0.017985666949726416,0.04742274123315553,0.050000000000000044,0.050000000000000044,"{'I': 1, 'W': 0, 'R': 1, 'C': 'free'}",False,True,True,1.0,3
4614,2,0.1453031342940161,0.6794335592278706,0.8185835258984602,2.467407628866591,1.0463760323915559,1.5036607826780524,0.27190924597819244,0.9999999998798823,0.0,0.010000000000000009,0.0,0.005219986698875112,0.004069797428774853,0.010986384561720686,0.050000000000000044,0.050000000000000044,"{'I': 0, 'W': 1, 'R': 0, 'C': 'costly'}",False,True,True,1.0,3
4627,1,0.1052574702253568,0.7798093350875516,0.8094653725328914,2.2929780854224715,1.058682558723524,1.626690933639602,0.49555839387031175,0.9999999999999513,0.3,0.050000000000000044,0.09999999999999998,0.037325823253152854,0.047407965789745043,0.2226617376300413,0.25,0.25,"{'I': 1, 'W': 0, 'R': 1, 'C': 'free'}",False,True,True,1.0,3
4627,2,0.120121732546373,0.70550624146196,0.678290486122249,2.3052286124287087,1.048571487702033,1.7029863707649637,0.377671692310668,1.0,0.25,0.050000000000000044,0.0,0.11919903576293732,0.0953367622308682,0.11920431632846379,0.30000000000000004,0.5,"{'I': 1, 'W': 0, 'R': 1, 'C': 'free'}",False,True,True,0.0,3
4627,3,0.24631821786748734,0.9245037666045822,1.1766598788794036,2.577319302041784,1.2248305337853849,1.962144867353046,0.8684048278558112,1.0,0.1,0.050000000000000044,0.09999999999999998,0.18241592238145427,0.14802078133789995,0.2227403511646314,0.050000000000000044,0.25,"{'I': 1, 'W': 0, 'R': 1, 'C': 'free'}",True,False,True,0.0,3
4627,4,0.04914353177634515,0.6857336059644914,0.35499337052450686,2.5184636098767164,1.0128746672656141,1.5639059277132936,0.12008057036822928,1.0,0.25,0.050000000000000044,0.050000000000000044,0.060085446895578376,0.03732104720257039,0.14806826569132275,0.19999999999999996,0.25,"{'I': 1, 'W': 0, 'R': 1, 'C': 'free'}",False,True,True,1.0,3
4627,5,0.2588569919371087,0.6230352488461854,1.0899383638352858,2.1747326894390038,1.263022850677853,1.5205185881783476,0.7536612390990121,1.0,0.25,0.050000000000000044,0.050000000000000044,0.04742497853876157,0.07585426246775928,0.3208397188317781,0.25,0.25,"{'I': 1, 'W': 0, 'R': 1, 'C': 'free'}",False,True,True,1.0,3
4627,6,0.1379718897311214,0.6101953045982053,0.5253659829920548,1.940411249347647,1.0288503316026578,1.5331279356615846,0.15688505301897826,0.9999999999827633,0.05,0.050000000000000044,0.030000000000000027,0.008577312817153944,0.010985975896754471,0.017985651503590203,0.09999999999999998,0.09999999999999998,"{'I': 1, 'W': 0, 'R': 1, 'C': 'free'}",True,False,True,0.0,3
4627,7,0.149905641778275,0.7740430050980817,0.6100618766766847,2.324637577467453,1.0313108489784448,1.69953703821061,0.1688823950818612,1.0,0.05,0.050000000000000044,0.050000000000000044,0.017985030556743848,0.02930815875571666,0.0758603253035912,0.050000000000000044,0.25,"{'I': 1, 'W': 0, 'R': 1, 'C': 'free'}",True,False,True,0.0,3
4646,1,0.4063806714489849,0.7468909480964243,1.3599731924872074,2.070028443619932,1.1549825563115406,1.6567437953985813,0.635269548658975,0.9999999999994731,0.0,0.050000000000000044,0.0,0.0052199460388748925,0.03731698401521448,0.14801629746832037,0.25,0.25,"{'I': 1, 'W': 0, 'R': 1, 'C': 'free'}",False,True,True,1.0,3
4646,2,0.4255531632143438,0.8474486998723976,1.5967776520544241,2.646151497347522,1.206494183132215,1.7362560186859117,0.8469801837446229,1.0,0.2,0.0,0.0,0.008576882313401748,0.017983190022377794,0.022976110505131042,0.25,0.25,"{'I': 1, 'W': 0, 'R': 1, 'C': 'free'}",False,True,True,1.0,3
4646,3,0.25361704108483224,1.1552257729277655,0.8138651532744023,2.5381744589825415,1.1721318215851269,2.2710215578103106,0.7605516265957109,1.0,0.3,0.050000000000000044,0.0,0.008576928118722103,0.037312852614596374,0.01798508706087522,0.25,0.25,"{'I': 1, 'W': 0, 'R': 1, 'C': 'free'}",False,True,True,1.0,3
4646,4,0.03507352899842037,1.118892459072293,0.1227791487696553,2.6100358650146873,1.0065278445881516,2.1396756423185384,0.05687804145993269,1.0,0.1,0.050000000000000044,0.050000000000000044,0.005219539052111995,0.014060378203377443,0.010986325361303369,0.25,0.25,"{'I': 1, 'W': 0, 'R': 1, 'C': 'free'}",False,True,True,1.0,3
4646,5,0.06512175104465887,0.9789953268121436,0.39463337288909883,2.469613877225767,1.0178307624898602,1.9614807239393914,0.14705732086556844,1.0,0.05,0.050000000000000044,0.050000000000000044,0.010986252668914637,0.022963542824820986,0.010986721030882428,0.25,0.25,"{'I': 1, 'W': 0, 'R': 1, 'C': 'free'}",True,False,True,0.0,3
4646,6,0.3397173082594529,1.126963031465891,1.213178566574527,2.5847462677060093,1.3299940249086961,2.0436330778543783,0.9232014905379801,1.0,0.1,0.050000000000000044,0.0,0.00669272028335163,0.010984535521415954,0.017986678735095307,0.25,0.25,"{'I': 1, 'W': 0, 'R': 1, 'C': 'free'}",False,True,True,1.0,3
4646,7,0.1610012547540293,1.041147332558421,0.7667438818927816,2.6105093748874757,1.0519152464257386,2.1150102040728473,0.45520764778587797,1.0,0.1,0.050000000000000044,0.050000000000000044,0.008577496468024366,0.02296867888136585,0.04742873140602479,0.30000000000000004,0.7,"{'I': 1, 'W': 0, 'R': 1, 'C': 'free'}",False,True,True,1.0,3
4660,1,0.0026088237337359246,0.8306184555119874,0.009749512266590696,2.475821778853862,1.0003040694655163,1.8381157569139566,0.0018224767433530076,0.9999999999999996,0.1,0.050000000000000044,0.030000000000000027,0.7310439084797719,0.4377290567942731,0.11918728129325895,0.25,0.25,"{'I': 1, 'W': 0, 'R': 1, 'C': 'free'}",False,True,True,1.0,3
4660,2,0.0018146634824359915,0.9141753754927521,0.0075270187335324526,2.523223272665928,1.000205521249681,1.9458285383791256,0.001232240965332032,0.9999999999946921,0.0,0.15000000000000002,0.30000000000000004,0.022976730985892146,0.037324408132759446,0.3208179946397972,0.09999999999999998,1.0,"{'I': 1, 'W': 0, 'R': 1, 'C': 'free'}",False,True,True,1.0,3
4660,3,0.09159817022184817,0.605734085842886,0.4536984683716136,2.0345882999879668,1.0261955254434214,1.4292696209215698,0.14371309979091862,0.9999999999998092,0.0,0.050000000000000044,0.050000000000000044,0.014063121031460114,0.014062908339270345,0.0758551092346873,0.050000000000000044,0.25,"{'I': 1, 'W': 0, 'R': 1, 'C': 'free'}",True,False,True,0.0,3
4660,4,0.753488823899745,0.7736586349705308,1.8002695112453684,2.2276928275942414,1.818282736281685,1.6340293821385057,0.991630323401185,0.9999999999981348,0.1,0.050000000000000044,0.050000000000000044,0.14804724941508604,0.037325851905286735,0.022976742271421394,0.050000000000000044,0.25,"{'I': 1, 'W': 0, 'R': 1, 'C': 'free'}",False,True,True,0.3333333333333333,3
4660,5,0.5758691764499991,1.0032720890318445,1.1598252452968905,2.3842217444287783,1.2953894640151071,2.002961493860624,0.8738761798299162,1.0,0.3,0.050000000000000044,0.050000000000000044,0.5622044657666175,0.11919255864325172,0.11921498170923343,0.09999999999999998,0.25,"{'I': 1, 'W': 0, 'R': 1, 'C': 'free'}",True,False,True,0.0,3
4660,6,0.3109651477423028,0.9972341193125295,1.1152377722087836,2.5033103536083456,1.0914663927629542,2.1478084568882663,0.45808967650852606,1.0,0.1,0.09999999999999998,0.050000000000000044,0.02931228861931693,0.014063154423095837,0.06008615377080794,0.09999999999999998,0.5,"{'I': 1, 'W': 0, 'R': 1, 'C': 'free'}",False,True,True,0.3333333333333333,3
4660,7,0.6865939807881707,1.0908050923656545,1.927140739263546,2.4340363561248126,1.7737915296859963,2.211845135176294,0.9942472326656712,1.0,0.1,0.050000000000000044,0.050000000000000044,0.1480488341709019,0.07585014626562588,0.09535221107900203,0.09999999999999998,0.25,"{'I': 1, 'W': 0, 'R': 1, 'C': 'free'}",False,True,True,0.0,3
4673,1,0.10110783563163328,0.4327278834520233,0.4679347333137021,1.4865774886338998,1.0293104715591992,1.2896956878590355,0.31309462217860984,0.999961936379953,0.25,0.050000000000000044,0.050000000000000044,0.1824194459448325,0.2226771884265481,0.07585049908035961,0.25,0.25,"{'I': 1, 'W': 0, 'R': 1, 'C': 'free'}",False,True,True,1.0,3
4673,2,0.17069990128710574,0.911713144619693,0.7143439257587437,2.326505530689328,1.088803241629883,1.6236280215723031,0.5349974299435201,0.9999999999983679,0.0,0.050000000000000044,0.050000000000000044,0.017984912181030786,0.02297391241307478,0.060085349102676794,0.050000000000000044,0.4,"{'I': 1, 'W': 0, 'R': 1, 'C': 'free'}",False,True,True,0.6666666666666666,3
4673,3,0.5682095360237599,0.8050170673942246,1.7008066180776333,2.3246400765848096,1.4972773763094878,1.8191095808749365,0.9921227822642253,1.0,0.25,0.050000000000000044,0.0,0.02931068214399386,0.022970806835849962,0.09534355292908053,0.30000000000000004,0.4,"{'I': 1, 'W': 0, 'R': 1, 'C': 'free'}",False,True,True,0.0,3
4673,4,0.41198507722428923,0.8803832142585349,2.0459596503799857,2.3314705422241753,1.5703746236110543,1.89266382654161,0.982782480568455,1.0,0.25,0.050000000000000044,0.050000000000000044,0.7773078481762746,0.2689235503087619,0.6225063571975673,1.0,0.8,"{'I': 1, 'W': 0, 'R': 1, 'C': 'free'}",False,True,True,0.3333333333333333,3
4673,5,0.3306153036596675,0.7558384623181188,1.141746412801979,2.288526860425214,1.1611636310032782,1.6333502507399602,0.7394091412083075,0.9999999999999996,0.2,0.050000000000000044,0.0,0.6224537111781158,0.18241823794416764,0.22274115355556184,1.0,0.7,"{'I': 1, 'W': 0, 'R': 1, 'C': 'free'}",True,False,True,0.0,3
4673,6,0.17751360986156092,0.8296919083498375,0.7375296864798727,2.5190084617822692,1.0877586022493226,1.7805307953634462,0.6355737247224987,1.0,0.05,0.050000000000000044,0.050000000000000044,0.04742334384253673,0.022974906591327903,0.07587118479770152,0.19999999999999996,0.19999999999999996,"{'I': 1, 'W': 0, 'R': 1, 'C': 'free'}",True,True,True,0.0,3
4673,7,0.30929881587842745,0.7118598860578065,1.109898821898507,2.262284353646602,1.334540335281099,1.6297982584299058,0.9255242887152006,0.9999995675015869,0.0,0.050000000000000044,0.0,0.6224870919440145,0.3207964016647744,0.6225176418054329,0.4,1.0,"{'I': 1, 'W': 0, 'R': 1, 'C': 'free'}",False,True,True,0.0,3
4678,1,0.2722603770225382,0.6536847664928316,1.1450595293575478,2.1018339897024316,1.3615022406698427,1.5548591908136598,0.9153059079245536,0.9999999999713588,0.25,0.050000000000000044,0.09999999999999998,0.18241882419988867,0.22264693464217195,0.43776652582418063,0.25,0.25,"{'I': 1, 'W': 0, 'R': 1, 'C': 'free'}",False,True,True,1.0,3
4678,2,0.12771092109247445,0.9618470127341027,0.5867242662044715,2.427533311491592,1.0499339209965348,1.8573054001546097,0.3228197805305608,1.0,0.0,0.050000000000000044,0.050000000000000044,0.02931074339027864,0.047420967667147,0.11920138273083088,0.4,0.5,"{'I': 1, 'W': 0, 'R': 1, 'C': 'free'}",True,False,True,0.0,3
4678,3,0.6574780792866135,0.7788116833255585,1.8564583688667347,2.253141125661422,1.4635788943479924,1.683864260306874,0.9848496564480848,0.9999999999999998,0.3,0.050000000000000044,0.09999999999999998,0.2226983030495894,0.22268213363947914,0.7310551857535765,0.30000000000000004,1.0,"{'I': 1, 'W': 0, 'R': 1, 'C': 'free'}",False,True,True,0.3333333333333333,3
4678,4,0.7576711658489503,0.914577677813069,2.607047064538294,2.291545108025955,1.6180452248025272,1.8125942076533268,0.999719999474515,0.999999999999963,0.0,0.050000000000000044,0.050000000000000044,0.6224061555557616,0.6224028518190712,0.14804644964996674,1.0,0.8,"{'I': 0, 'W': 1, 'R': 0, 'C': 'costly'}",False,True,True,0.0,3
4679,1,0.5377490877644121,0.5030145408264957,2.172754640305791,1.5153055477450565,1.3478055102827706,1.386211934777667,0.9999999999904129,0.9999999578440335,,0.050000000000000044,0.030000000000000027,0.9820102200913013,0.5620339901468836,0.18241765200310311,0.25,0.25,"{'I': 0, 'W': 1, 'R': 0, 'C': 'costly'}",False,True,True,0.0,3
468,1,0.5651110333700834,0.6740646016865639,1.980802409087186,2.028247829160117,1.44192837813494,1.4382300051495875,0.8887403049528083,0.9999956963566854,0.25,0.050000000000000044,0.050000000000000044,0.6224703825552779,0.4999741488798439,0.14803804814835692,0.4,0.25,"{'I': 1, 'W': 0, 'R': 1, 'C': 'free'}",False,True,True,1.0,3
468,2,0.24590083176215732,0.8049690430725148,0.7949710357431159,2.093461724856492,1.086330408131704,1.6260320823650143,0.5631014162172868,0.9999999998806199,0.1,0.050000000000000044,0.050000000000000044,0.07585807636256119,0.017985223100825586,0.43784978870618846,0.25,0.25,"{'I': 1, 'W': 0, 'R': 1, 'C': 'free'}",False,True,True,0.0,3
468,3,0.3530265876425772,0.7172630986094023,0.9998638427218262,2.0113727260120338,1.284267968564989,1.637850963204693,0.9362048237769632,0.9999999882009261,0.25,0.050000000000000044,0.050000000000000044,0.017985965453643032,0.017984674268566977,0.5622269264066062,0.25,0.4,"{'I': 1, 'W': 0, 'R': 1, 'C': 'free'}",False,True,True,1.0,3
468,4,0.01211267884539444,0.8715979851975467,0.09468018938683213,2.237219935995348,1.0021713340979843,1.7543775325885385,0.02145626931323863,1.0,0.25,0.050000000000000044,0.050000000000000044,0.03732663509250754,0.022976197891214814,0.2689591570807352,0.30000000000000004,0.25,"{'I': 1, 'W': 0, 'R': 1, 'C': 'free'}",False,True,True,0.0,3
468,5,0.08064009596075744,0.7883462495061074,0.5180179166868591,2.306111787513468,1.0289651352594755,1.641218972379356,0.2695462154673097,0.9999999999991074,0.05,0.050000000000000044,0.050000000000000044,0.060083546283709405,0.014062026550480111,0.1480668177922415,0.09999999999999998,0.4,"{'I': 1, 'W': 0, 'R': 1, 'C': 'free'}",True,True,True,0.0,3
468,6,0.11408683416905724,0.6453078257901882,0.6101878356849358,2.5004471437262676,1.0378537323153731,1.3869923892048124,0.28422811303822315,0.9999999978448314,0.2,0.050000000000000044,0.09999999999999998,0.06008699835996676,0.04742364140328891,0.5000530345965083,0.4,0.8,"{'I': 1, 'W': 0, 'R': 1, 'C': 'free'}",False,True,True,0.0,3
468,7,0.3844674832816184,0.7368603605858546,1.7837945950990735,2.3930574198293093,1.231624869560845,1.555750908857305,0.8466464084011135,1.0,0.25,0.050000000000000044,0.050000000000000044,0.6224679274588459,0.14802155575677386,0.3776651441212511,0.4,0.4,"{'I': 1, 'W': 0, 'R': 1, 'C': 'free'}",True,False,True,0.0,3
4690,1,0.10022003172094336,0.47219133652109774,0.6932426338760559,2.2750493528332743,1.0860249650109377,1.2586825108933135,0.4387952490041269,0.9999899030522422,0.0,0.050000000000000044,0.050000000000000044,0.022976684075296145,0.02931077142926219,0.07585127328784566,0.25,0.25,"{'I': 1, 'W': 0, 'R': 1, 'C': 'free'}",False,True,True,1.0,3
4690,2,0.36404963310313354,0.6638319815014507,0.7692067541298105,2.5500384645799286,1.2189044458013043,1.4769578127382939,0.7947691181139922,0.9999999999999385,0.05,0.0,0.0,0.09535236312242981,0.060082276886443596,0.11923312199697063,0.050000000000000044,0.050000000000000044,"{'I': 1, 'W': 0, 'R': 1, 'C': 'free'}",False,True,True,1.0,3
4690,3,0.2948860054722489,0.5727713198793992,1.4594773845808235,1.963308018769608,1.13450822539387,1.5042412314254934,0.6356331916811403,1.0,0.0,0.050000000000000044,0.0,0.006692511368022702,0.017985138566182193,0.07586221399888812,0.050000000000000044,0.25,"{'I': 1, 'W': 0, 'R': 1, 'C': 'free'}",True,False,True,0.0,3
4690,4,0.03414403322540179,0.6720202320018999,0.19505009740406723,2.357882353831222,1.007856543273867,1.5189033184906364,0.05330744437910795,0.9999999999999998,0.3,0.050000000000000044,0.050000000000000044,0.5621776293274555,0.11919975936213317,0.32087145853191884,0.25,0.30000000000000004,"{'I': 1, 'W': 0, 'R': 1, 'C': 'free'}",False,True,True,1.0,3
4690,5,0.1880527507488248,0.5505917923714864,0.629948120863961,2.1320322326926795,1.0679838199205678,1.4906798682418145,0.3689739500861775,0.9999999999999866,0.1,0.050000000000000044,0.050000000000000044,0.37757539426390085,0.09534570954583697,0.14808394925281554,0.25,0.25,"{'I': 1, 'W': 0, 'R': 1, 'C': 'free'}",False,True,True,0.0,3
4690,6,0.28067131170150894,0.45365027096922994,0.857291468109561,1.5732402417522662,1.1124562467926975,1.297385579491785,0.5257368008447696,0.9999986805025769,0.1,0.09999999999999998,0.0,0.060086585812053644,0.047424028716930515,0.09536386513395154,0.09999999999999998,0.25,"{'I': 1, 'W': 0, 'R': 1, 'C': 'free'}",False,True,True,0.0,3
4690,7,0.15701279388808562,0.5568852575318327,0.6487083823107944,2.1180984213120215,1.0608737108426032,1.4885970605658534,0.3387675050774068,0.9999999997889044,0.05,0.07999999999999996,0.020000000000000018,0.18243026362951442,0.04742342815794477,0.14810524181121684,0.050000000000000044,0.25,"{'I': 1, 'W': 0, 'R': 1, 'C': 'free'}",True,False,True,0.0,3
4737,1,0.2980486761570539,0.4811445606440645,1.5732978353938178,1.7416145306079671,1.1460432540948873,1.4534570058635798,0.8516847281430819,0.999999966154629,0.0,0.050000000000000044,0.050000000000000044,0.0373254581547234,0.09533365605599207,0.22266534976051805,0.25,0.25,"{'I': 1, 'W': 0, 'R': 1, 'C': 'free'}",False,True,True,1.0,3
4737,2,0.26663969570199625,0.8492004574501686,1.8305694122693708,2.34842127671302,1.2976012100648322,1.754512554093844,0.9261096742191096,1.0,0.2,0.09999999999999998,0.0,0.022976744200152322,0.04742238688520758,0.1824232935834087,0.4,0.4,"{'I': 1, 'W': 0, 'R': 1, 'C': 'free'}",False,True,True,1.0,3
4737,3,0.19217192373279418,0.7264139708587104,0.7134611880218551,2.5193307598948573,1.0953095794231165,1.593223341697941,0.5172693078203472,1.0,0.25,0.050000000000000044,0.0,0.04742587521812582,0.060077664212664104,0.047426442483109864,0.30000000000000004,0.4,"{'I': 1, 'W': 0, 'R': 1, 'C': 'free'}",False,True,True,1.0,3
4737,4,0.059514480292303426,0.8829446419537684,0.5749405720924735,2.3949511745487904,1.0171416228065464,1.9184750118781997,0.15630449736367813,1.0,0.1,0.050000000000000044,0.050000000000000044,0.07586818055189204,0.060078900469867705,0.1192339792813665,0.30000000000000004,0.4,"{'I': 1, 'W': 0, 'R': 1, 'C': 'free'}",False,True,True,0.0,3
4737,5,0.31281960195351904,0.7930027985747726,1.3732174922296003,2.4653184245861763,1.1394984790297087,1.7581114247225762,0.8589757650072447,1.0,0.1,0.050000000000000044,0.050000000000000044,0.7773177835534786,0.7310284400340831,0.3208865000303998,1.0,1.0,"{'I': 1, 'W': 0, 'R': 1, 'C': 'free'}",False,True,True,0.0,3
4737,6,0.21597524733742793,0.5897857453057169,1.7548914612699211,2.410638925224321,1.1370893912450977,1.5106119053166254,0.8544269824175199,0.9999999999998094,0.1,0.050000000000000044,0.09999999999999998,0.047419759976923694,0.0600821394314761,0.04742534549092186,0.19999999999999996,0.09999999999999998,"{'I': 1, 'W': 0, 'R': 1, 'C': 'free'}",True,False,True,0.0,3
4737,7,0.5874598073875337,0.8012376670071997,1.3973476266426652,2.471423906907847,1.501090996212579,1.6540854464807866,0.8030427734949173,1.0,0.05,0.050000000000000044,0.0,0.18246031381015673,0.04737145049823314,0.06008927376716853,0.050000000000000044,0.09999999999999998,"{'I': 1, 'W': 0, 'R': 1, 'C': 'free'}",False,True,True,0.6666666666666666,3
4739,1,0.2388534171619563,0.5448077836891152,0.9698466796212298,2.2613538906709527,1.1856672583412247,1.468904642234252,0.7439661525308633,0.9999999999999957,0.0,0.050000000000000044,0.050000000000000044,0.14804792185062887,0.37749166592746,0.5621586782432579,0.25,0.25,"{'I': 1, 'W': 0, 'R': 1, 'C': 'free'}",False,True,True,1.0,3
4739,2,0.33950300227029834,0.7346960557180259,1.2413945509474527,2.5413736115385674,1.1675899129510015,1.6544515944959883,0.6053082999270163,0.999999999999954,0.1,0.15000000000000002,0.050000000000000044,0.8175668788447518,0.7772227724435742,0.6791669654890675,0.75,1.0,"{'I': 1, 'W': 0, 'R': 1, 'C': 'free'}",False,True,True,0.3333333333333333,3
4739,3,0.22341849046897394,0.7515704660267635,0.8873627235859712,2.225291037299336,1.0917380246450532,1.6765871742164309,0.5842659157652803,0.9999999999999426,0.3,0.050000000000000044,0.050000000000000044,0.18243086571025469,0.11918256525224434,0.5621956637231075,0.050000000000000044,0.4,"{'I': 1, 'W': 0, 'R': 1, 'C': 'free'}",False,True,True,1.0,3
4739,4,0.7963043544872044,0.862481542821458,2.2344044049659804,2.705725114975727,1.799793334174134,1.812534365012468,0.9971960284038648,1.0,0.3,0.050000000000000044,0.050000000000000044,0.6225177814761274,0.5620406197582124,0.6792122257843649,0.30000000000000004,0.8,"{'I': 1, 'W': 0, 'R': 1, 'C': 'free'}",False,True,True,0.3333333333333333,3
4739,5,0.3790118711135782,0.5112854843190949,1.8821364874218114,1.905874994643824,1.184697190296712,1.4373132146750653,0.816377280367622,0.9999999999906373,0.3,0.050000000000000044,0.050000000000000044,0.5000528889602412,0.1480363351839103,0.1825166553287567,1.0,0.09999999999999998,"{'I': 1, 'W': 0, 'R': 1, 'C': 'free'}",False,True,True,0.0,3
4739,6,0.31170261286943757,0.8595306834670903,0.683646423956233,2.3805536687376283,1.099026000809879,1.9061635971204232,0.6110262185448501,1.0,0.3,0.9,0.75,0.7310740593169959,0.6223857593362373,0.7310772742799947,1.0,1.0,"{'I': 1, 'W': 0, 'R': 1, 'C': 'free'}",True,True,True,0.0,3
4739,7,0.19531733613225483,0.8190843760137057,0.6896140973626138,2.2239340595352077,1.0638261882707396,1.7487326808634929,0.4613666640793723,1.0,0.5,1.0,0.75,0.7773195765585105,0.49996710980901066,0.8519585256923803,0.8,1.0,"{'I': 1, 'W': 0, 'R': 1, 'C': 'free'}",True,False,True,0.0,3
4741,1,0.09093343949949907,0.8390837402401248,0.27193188553773084,2.1969057155435463,1.0217647287195097,1.6387108777607828,0.12119087169292264,0.9999999929382684,0.0,0.050000000000000044,0.050000000000000044,0.01798557841911645,0.037323656499239896,0.029310283247612836,0.050000000000000044,0.050000000000000044,"{'I': 1, 'W': 0, 'R': 1, 'C': 'free'}",False,True,True,1.0,3
4741,2,0.5307997664682318,0.9257133484849258,1.9447928767343436,2.5730844188475386,1.2690232731079967,1.8830218813057966,0.8828415227839567,1.0,0.2,0.050000000000000044,0.050000000000000044,0.7310955703050943,0.26892976430468707,0.5000145640007427,0.30000000000000004,0.5,"{'I': 1, 'W': 0, 'R': 1, 'C': 'free'}",False,True,True,0.6666666666666666,3
4741,3,0.5354000636607203,0.7487044516476036,1.2101962321612676,2.2959926667527353,1.7086393913849216,1.7682093795646119,0.9764794702706142,0.9999999999290228,0.05,0.050000000000000044,0.050000000000000044,0.22271784811971873,0.14803171707800977,0.679186018706949,0.30000000000000004,0.7,"{'I': 1, 'W': 0, 'R': 1, 'C': 'free'}",False,True,True,0.6666666666666666,3
4741,4,0.17909368581422383,1.116108546195214,0.5024312707259003,2.4906965149555997,1.0447420739473388,2.3997482641286867,0.26390069960516493,1.0,0.25,0.050000000000000044,0.050000000000000044,0.03732643690836347,0.0373224728495322,0.14804938854931787,0.30000000000000004,0.7,"{'I': 1, 'W': 0, 'R': 1, 'C': 'free'}",True,False,True,0.0,3
4741,5,0.05564335632261101,0.9784295202975776,0.25927894165815857,2.4891691885120406,1.0116414252330408,2.1006492113558104,0.07782410331060552,1.0,0.05,0.050000000000000044,0.050000000000000044,0.02931220887710293,0.0293100706702756,0.1824513050272829,0.25,0.75,"{'I': 1, 'W': 0, 'R': 1, 'C': 'free'}",False,True,True,0.0,3
4741,6,0.015260933305284415,1.0595076055868256,0.07591407208881662,2.277242824498066,1.0023761658389698,1.7785892374167311,0.016476188581023066,0.9999999999006944,0.0,0.050000000000000044,0.09999999999999998,0.0953527981655716,0.04742473644956062,0.18243532868286105,1.0,1.0,"{'I': 1, 'W': 0, 'R': 1, 'C': 'free'}",True,False,True,0.0,3
4741,7,0.004719585800917886,0.9751491365368455,0.027012137801118684,2.340340768143828,1.0005935560531665,1.999526903979486,0.004735790361854564,1.0,0.1,0.050000000000000044,0.050000000000000044,0.07585787769720131,0.06008391505199796,0.18243431408860192,0.4,1.0,"{'I': 1, 'W': 0, 'R': 1, 'C': 'free'}",False,True,True,1.0,3
4744,1,0.005111901776140446,0.7055057216289337,0.022950391444734895,2.2068577316264193,1.0006171794513632,1.7103197679639546,0.004309610383378404,0.9999999999999822,0.0,0.050000000000000044,0.050000000000000044,0.06008405874475171,0.1480240882940729,0.14803980381689505,0.25,0.25,"{'I': 1, 'W': 0, 'R': 1, 'C': 'free'}",False,True,True,1.0,2
4744,2,0.004106904578734446,0.6962758748322165,0.022326626241139357,1.9878826750709375,1.0004754934601916,1.4829739066167873,0.002848218800419522,0.9999999996130481,0.0,0.050000000000000044,0.050000000000000044,0.017985304679846464,0.01798555100752848,0.06008660253654026,0.050000000000000044,0.25,"{'I': 1, 'W': 0, 'R': 1, 'C': 'free'}",False,True,True,1.0,2
4744,3,0.43618147795510226,0.6915135555830398,0.8625590475001642,2.255304780301334,1.1655262121259167,1.5658788387425178,0.7480574071077922,1.0,0.25,0.050000000000000044,0.050000000000000044,0.06008795335002796,0.03732498382739666,0.029311907358791356,0.050000000000000044,0.25,"{'I': 1, 'W': 0, 'R': 1, 'C': 'free'}",False,True,True,0.0,2
4744,4,0.035362819668754424,0.6947091698778478,0.18715186900164768,2.2351619815489276,1.0053066449287313,1.6745869146737538,0.04651685276466033,1.0,0.05,0.050000000000000044,0.050000000000000044,0.014063238284192911,0.022974760125606977,0.02297731179551707,0.050000000000000044,0.25,"{'I': 1, 'W': 0, 'R': 1, 'C': 'free'}",True,False,True,0.0,2
4744,5,0.3477942353546199,0.7575952305768523,0.8935544503754542,2.1295756352902533,1.1379461402725501,1.629354031833403,0.6874606993370984,1.0,0.05,0.050000000000000044,0.010000000000000009,0.014063035460883638,0.017985377980284538,0.03732703220488161,0.09999999999999998,0.25,"{'I': 1, 'W': 0, 'R': 1, 'C': 'free'}",False,False,True,0.0,2
4744,6,0.47048462073928143,0.8556712027695356,1.586491461332848,2.3510322876505283,1.2330788291015522,1.946391778813995,0.8482661673586449,1.0,0.0,0.09999999999999998,0.09999999999999998,0.7773328411198788,0.37751321308265906,0.37757843770127,0.30000000000000004,0.7,"{'I': 1, 'W': 0, 'R': 1, 'C': 'free'}",False,False,True,0.0,2
4744,7,0.14501805039759963,0.9635532242962298,0.5869534351224264,2.533830424860319,1.050505647924526,2.037758926302442,0.35817818422447933,1.0,0.0,0.09999999999999998,0.050000000000000044,0.017985572964880195,0.029309736304794498,0.04742675590200416,0.09999999999999998,0.25,"{'I': 1, 'W': 0, 'R': 1, 'C': 'free'}",True,False,True,0.0,2
4745,1,0.09440770008325741,0.6062812172558104,0.2989813327184573,2.383432476121352,1.0206930033562684,1.358772456087432,0.13356889419021367,0.9998623599899121,0.0,0.050000000000000044,0.050000000000000044,0.017985515473690043,0.06007775117434563,0.1824170115266716,0.050000000000000044,0.050000000000000044,"{'I': 1, 'W': 0, 'R': 1, 'C': 'free'}",False,True,True,1.0,3
4745,2,0.40622051364466394,1.1286471366317914,2.130894030348799,2.65118289209468,1.1912236919428052,2.0961644094247482,0.7062034151296512,1.0,0.3,0.050000000000000044,0.030000000000000027,0.006692774473621121,0.02297618456568472,0.14804537488364117,0.25,0.25,"{'I': 1, 'W': 0, 'R': 1, 'C': 'free'}",True,False,True,0.0,3
4745,3,0.3276820785733909,0.8425499394334339,1.359257258839206,2.3985430162482997,1.1522923655296344,1.9287041969194594,0.629267031572295,0.9999999999999946,0.0,0.050000000000000044,0.09999999999999998,0.006692464546874432,0.0066923287204798485,0.022975920262101043,0.050000000000000044,0.25,"{'I': 1, 'W': 0, 'R': 1, 'C': 'free'}",True,False,True,0.0,3
4745,4,0.6122409548409583,0.8423607008864284,2.0954468779050655,2.106617861940111,1.3650271935520295,1.7673117024026719,0.917039841428122,1.0,0.3,0.050000000000000044,0.050000000000000044,0.03732788673166146,0.11919331025427886,0.2689298159855316,0.25,0.75,"{'I': 1, 'W': 0, 'R': 1, 'C': 'free'}",False,True,True,1.0,3
4745,5,0.04759325516897952,0.8005666539803334,0.19573301250087285,2.2474779364711246,1.0077661731186556,1.6170292311642112,0.06001313105036654,0.9999999999999976,0.25,0.050000000000000044,0.050000000000000044,0.014063598952037688,0.017984924622793077,0.06008603509982595,0.25,0.25,"{'I': 1, 'W': 0, 'R': 1, 'C': 'free'}",False,True,True,0.0,3
4745,6,0.050341363827331745,0.7514899075824988,0.14414542512478945,2.306083386006623,1.0081974724675653,1.6039907927909258,0.06322527340404505,0.9999999999992182,0.1,0.09999999999999998,0.030000000000000027,0.02931256008089305,0.04742197623781227,0.04742521723464392,0.25,0.25,"{'I': 1, 'W': 0, 'R': 1, 'C': 'free'}",True,False,True,0.0,3
4745,7,0.42726024773261506,0.8018163158595659,1.9208080225014836,2.2012864750402454,1.1922425493983884,1.671600324351156,0.7550468305624735,1.0,0.1,0.050000000000000044,0.050000000000000044,0.50004160067204,0.11919362369845403,0.037326192430967714,0.4,0.7,"{'I': 1, 'W': 0, 'R': 1, 'C': 'free'}",True,False,True,0.0,3
4752,1,0.09605533264103716,0.4130211702544369,0.40501837108989314,1.4153900259538381,1.0253794457048941,1.2698862511650328,0.1177798713009055,0.999944327293959,0.2,0.050000000000000044,0.050000000000000044,0.7310470765497192,0.4999369013172973,0.03732403013095967,0.25,0.25,"{'I': 1, 'W': 0, 'R': 1, 'C': 'free'}",False,True,True,0.0,3
4752,2,0.16683122734909592,0.937692594952014,1.674845794163562,2.6504763809788408,1.0627443527265585,1.8918265045064617,0.4879844680345742,0.9999999992706821,1.0,0.050000000000000044,0.0,0.9241078974687613,0.7309970024173694,0.11920153839751654,1.0,0.09999999999999998,"{'I': 0, 'W': 1, 'R': 0, 'C': 'costly'}",False,True,True,0.0,3
4758,1,0.9022640260399896,0.8295393997777895,2.1412274900520867,2.3011558006576167,2.1228967946925144,1.8638577922203468,0.9890748675171294,0.9999999999999999,0.3,0.050000000000000044,0.050000000000000044,0.9770173136611965,0.9770115565276091,0.904644739524098,0.5,0.5,"{'I': 1, 'W': 0, 'R': 1, 'C': 'free'}",False,True,True,0.6666666666666666,3
4758,2,0.7643504799484921,0.8302538113250194,2.061041354097371,2.0742982654682125,1.472394880430968,1.6029292882639499,0.9333454333919038,0.9999999999089676,0.3,1.0,0.0,0.9399195225119089,0.7772867194609956,0.9626719755780848,0.75,1.0,"{'I': 1, 'W': 0, 'R': 1, 'C': 'free'}",False,True,True,0.6666666666666666,3
4758,3,0.17780841770054673,0.8240262340619974,0.7047065423253891,2.6473190815487104,1.0570299507358267,1.6995549208209655,0.3217513342570891,1.0,0.25,0.050000000000000044,0.0,0.09534745884538016,0.09534229935754007,0.43781618724788435,0.5,0.9,"{'I': 1, 'W': 0, 'R': 1, 'C': 'free'}",False,True,True,0.0,3
4758,4,0.51536385368447,0.9161021089841835,2.236347838450995,2.515312177068789,1.3604293842666668,1.8795120224722,0.9999975699912336,1.0,0.5,0.9,0.7,0.9933039480323713,0.962640555158696,0.7310658173275024,1.0,0.75,"{'I': 0, 'W': 1, 'R': 0, 'C': 'costly'}",False,True,True,0.0,3
476,1,0.44924768108898483,0.5482806161971462,1.132726257984698,2.2935822980170912,1.3124180103261918,1.402519140187779,0.9340403740451972,0.9999999112071994,0.3,0.050000000000000044,0.050000000000000044,0.9046477155718241,0.7310153533365823,0.377520902298477,0.4,0.25,"{'I': 1, 'W': 0, 'R': 1, 'C': 'free'}",False,True,True,1.0,3
476,2,0.24133362419117635,0.7965044981582101,1.3343352553786467,2.410516046549282,1.0982639153658913,1.8955627831798274,0.569830545870885,1.0,0.3,0.30000000000000004,0.050000000000000044,0.562178800025081,0.4377888502347851,0.5621822285948879,0.5,0.4,"{'I': 1, 'W': 0, 'R': 1, 'C': 'free'}",False,True,True,0.0,3
476,3,0.1769072590702761,0.8585293513730946,0.5571977284178067,2.2211882898276016,1.0587403706373224,1.7929425275085749,0.4349260769462301,1.0,0.0,0.050000000000000044,0.8,0.07585442722759893,0.0758522552566767,0.07585639900159159,0.30000000000000004,0.9,"{'I': 1, 'W': 0, 'R': 1, 'C': 'free'}",False,True,True,0.0,3
476,4,0.9526285720918257,0.8516686840319886,1.8885481913380544,2.518268705331992,2.5189096128239874,1.8354001476502388,0.9999846732880803,0.9999999999999895,0.0,1.0,0.050000000000000044,0.9241142511566874,0.4999546413626324,0.4378096766409975,1.0,0.8,"{'I': 0, 'W': 1, 'R': 0, 'C': 'costly'}",False,True,True,0.0,3
4784,1,0.00964677807412297,0.8028429150296503,0.034386187280291775,2.3535310764325743,1.001316112793351,1.7627239273340594,0.007860428836152678,0.9999999999999492,0.05,0.050000000000000044,0.050000000000000044,0.017985756382850403,0.04742266614279127,0.07585420570069488,1.0,0.75,"{'I': 1, 'W': 0, 'R': 1, 'C': 'free'}",False,True,True,1.0,3
4784,2,0.3724413170680631,0.8892585694690985,1.2499443826841414,2.4486818302571205,1.262902527315443,1.8909698558095247,0.8048308487410891,1.0,0.5,1.0,0.0,0.5000234854647027,0.18241504384315643,0.0758553113448805,0.8,1.0,"{'I': 1, 'W': 0, 'R': 1, 'C': 'free'}",False,True,True,1.0,3
4784,3,0.1636259088538432,1.0770686221265995,1.0095969006763181,2.5191779760019273,1.0994304368174124,1.985500332179042,0.5739209339869022,1.0,0.1,0.050000000000000044,0.050000000000000044,0.010986794155032615,0.02931014859169301,0.010986613107828279,0.30000000000000004,0.7,"{'I': 1, 'W': 0, 'R': 1, 'C': 'free'}",False,True,True,1.0,3
4784,4,0.19060142356716314,0.8827577706814494,0.7992140474934235,2.847414162167284,1.0544211287993022,1.877473082459652,0.379312354149853,1.0,0.05,0.050000000000000044,0.050000000000000044,0.006692000783577217,0.0052194499644632525,0.005219610581929512,0.050000000000000044,0.050000000000000044,"{'I': 1, 'W': 0, 'R': 1, 'C': 'free'}",True,False,True,0.0,3
4784,5,0.3519728849906855,0.7835693042220766,1.9479963046849809,2.4326024282802448,1.2934689703774014,1.6230574405422713,0.9999738179650762,0.9999999999999996,0.05,0.050000000000000044,0.050000000000000044,0.004069936730119237,0.004069737328829995,0.0024725268590441787,0.050000000000000044,0.050000000000000044,"{'I': 0, 'W': 1, 'R': 0, 'C': 'costly'}",False,True,True,1.0,3
4832,1,0.20984917300288772,0.6643657260507974,1.2488260674362637,2.312089139235355,1.1103169394093435,1.5608437196044822,0.7918887701900258,0.9999999999999969,0.25,0.050000000000000044,0.050000000000000044,0.1824201168481891,0.18238342185263584,0.4377917933203965,0.25,0.25,"{'I': 1, 'W': 0, 'R': 1, 'C': 'free'}",False,True,True,1.0,3
4832,2,0.05716699136484144,0.7858036219025282,0.47661409971386637,2.615791705854497,1.0144154931633194,1.8383718434000624,0.19320741792159712,0.9999999999993144,0.0,0.0,0.0,0.07585384739660435,0.04742266563838326,0.3775105526345067,0.050000000000000044,1.0,"{'I': 1, 'W': 0, 'R': 1, 'C': 'free'}",True,False,True,0.0,3
4832,3,0.3963549236899479,1.0495911764473382,1.8857026016653269,2.7206307104059886,1.3603628833548393,2.0825062562167687,0.8422129501689082,1.0,0.3,0.050000000000000044,0.0,0.18241727303507332,0.2688962380444147,0.14805003944442383,1.0,1.0,"{'I': 1, 'W': 0, 'R': 1, 'C': 'free'}",False,True,True,1.0,3
4832,4,0.7590546421313012,0.9622518017217624,2.887575249178147,2.401658744823217,1.8256334090105149,2.0192326876662814,1.0,1.0,0.05,0.0,0.050000000000000044,0.9770242599766107,0.9241166486001884,0.32087155974319037,1.0,1.0,"{'I': 0, 'W': 1, 'R': 0, 'C': 'costly'}",False,True,True,0.0,3
4856,1,0.2946652508679574,0.7670537824159936,1.6731868850957816,2.415052475257355,1.5293821694225014,1.82595175874312,0.9218545197511578,1.0,0.25,0.050000000000000044,0.050000000000000044,0.5621826490637318,0.3775101464369938,0.6224389251112066,0.4,0.5,"{'I': 1, 'W': 0, 'R': 1, 'C': 'free'}",False,True,True,1.0,3
4856,2,0.40775226801861153,0.6813565965568873,1.6096535039985838,2.087240459342914,1.1717736659647202,1.5824303485211662,0.6703190410062669,0.9999999999316962,0.1,1.0,1.0,0.9525711517207864,0.7772733887850074,0.9241350044311796,0.8,1.0,"{'I': 1, 'W': 0, 'R': 1, 'C': 'free'}",False,True,True,1.0,3
4856,3,0.6391455345294021,1.0002467683751817,2.4846388735605807,2.4863080221833322,1.775095722703412,1.9320668450068426,0.9898556136763389,1.0,0.25,0.050000000000000044,0.9,0.7310474234501456,0.6224116905639608,0.4378206973071968,0.7,0.9,"{'I': 1, 'W': 0, 'R': 1, 'C': 'free'}",False,True,True,0.0,3
4856,4,0.2150501357945382,1.1802639067371294,1.5183909403760927,2.1944251062536657,1.2934027239396384,2.2944661375696636,0.8723179549569594,1.0,0.5,0.9,1.0,0.4378338568843789,0.3775183225259537,0.6224768574222943,1.0,0.9,"{'I': 1, 'W': 0, 'R': 1, 'C': 'free'}",False,True,True,1.0,3
4856,5,0.11943662726747216,1.0997727987621397,0.9562909496253319,2.6080635420625513,1.0573651616269157,2.1276597769442653,0.39469393339338643,1.0,0.3,0.050000000000000044,0.0,0.18242597594888824,0.11919758921804016,0.6224839958864892,1.0,1.0,"{'I': 1, 'W': 0, 'R': 1, 'C': 'free'}",False,True,True,0.0,3
4856,6,0.49162618362179805,0.7578744627941326,2.0981736967572067,2.316161344373724,1.3218261922989871,1.650558778300855,0.9999996217671224,1.0,0.25,0.09999999999999998,0.0,0.3775779817851172,0.26891001256364244,0.22272543605672598,0.7,1.0,"{'I': 1, 'W': 0, 'R': 1, 'C': 'free'}",False,True,True,0.0,3
4856,7,0.15582197244754628,0.9333657285785509,0.6053108734031869,2.5236748398515587,1.0567313848123403,1.8844056217045606,0.45500899705995457,1.0,0.0,0.050000000000000044,0.0,0.14803993218301556,0.09533933586552407,0.09535284855604463,0.09999999999999998,1.0,"{'I': 1, 'W': 0, 'R': 1, 'C': 'free'}",True,False,True,0.0,3
4859,1,0.0034471047955896826,1.0528527122335154,0.01037514808204436,2.2133436835975373,1.0003727263736675,2.0137050062598143,0.002233443715367933,0.9999999999993079,0.0,0.050000000000000044,0.09999999999999998,0.047425233485026565,0.11918521456569495,0.09534822212526685,0.25,0.25,"{'I': 1, 'W': 0, 'R': 1, 'C': 'free'}",False,True,True,1.0,3
4859,2,0.06503659738300317,0.7050845703021988,0.5824586465585868,2.2730658326943782,1.035451525594383,1.5382475297821354,0.2691436087876802,0.9999999975065906,0.0,0.050000000000000044,0.050000000000000044,0.010986698359998513,0.014063024166619975,0.014063271814290762,0.050000000000000044,0.050000000000000044,"{'I': 1, 'W': 0, 'R': 1, 'C': 'free'}",False,True,True,1.0,3
4859,3,0.26415708692568285,0.846018279576016,0.9537279946065326,2.488601538622057,1.2236442408818993,1.7085742086315452,0.9604162193231782,0.9999999999999678,0.05,0.050000000000000044,0.010000000000000009,0.03732342646253261,0.01798432960350699,0.09535058774411198,0.050000000000000044,0.09999999999999998,"{'I': 0, 'W': 1, 'R': 0, 'C': 'costly'}",False,True,True,0.3333333333333333,3
4878,1,0.0032073941496098338,0.6505357939544338,0.011866897903618704,2.0703923840517064,1.0003462336268447,1.5941782300470602,0.002074886651366792,0.9999999998809599,0.0,0.050000000000000044,0.030000000000000027,0.01798573288561347,0.022975902520292236,0.029310482902898883,0.050000000000000044,0.050000000000000044,"{'I': 1, 'W': 0, 'R': 1, 'C': 'free'}",False,True,True,1.0,3
4878,2,0.002276721894717625,0.43880359023337806,0.007011341496715853,1.3078688254736637,1.0002548256214596,1.3423725965805975,0.0015275909968361923,0.9991468092615606,0.0,0.050000000000000044,0.050000000000000044,0.010986969400667276,0.02931031123363469,0.18243095859171968,0.050000000000000044,0.25,"{'I': 1, 'W': 0, 'R': 1, 'C': 'free'}",False,True,True,1.0,3
4878,3,0.009978978836462439,0.8158153196552055,0.026889122342110175,2.406408819454247,1.001390110111555,1.6119596161498817,0.008300230101967787,0.9999999999997754,0.0,0.050000000000000044,0.050000000000000044,0.017985439182338126,0.008576895375685952,0.03732573118595411,0.050000000000000044,0.09999999999999998,"{'I': 1, 'W': 0, 'R': 1, 'C': 'free'}",True,False,True,0.0,3
4878,4,0.32184710764288177,0.728562137874938,0.7291364821852724,2.1168912366020525,1.2426249957683457,1.5693206735151672,0.7283814114865916,0.999999998440542,0.05,0.050000000000000044,0.050000000000000044,0.010985163910470677,0.008576999726293139,0.0600929634309682,0.050000000000000044,0.25,"{'I': 1, 'W': 0, 'R': 1, 'C': 'free'}",True,False,True,0.0,3
4878,5,0.35275500441077673,0.5672209486107852,1.0710569755357804,2.4617312060516476,1.1964932007179832,1.4176266638725734,0.801020706287386,0.999999999995706,0.25,0.050000000000000044,0.050000000000000044,0.09534727788681151,0.09534040336056157,0.18247945716412117,0.19999999999999996,0.30000000000000004,"{'I': 1, 'W': 0, 'R': 1, 'C': 'free'}",False,True,True,0.3333333333333333,3
4878,6,0.34982493387777563,0.850888196877409,1.0548480382254015,2.657240788945394,1.1599189222646755,1.7992915886806728,0.7368815512414084,1.0,0.25,0.050000000000000044,0.050000000000000044,0.37754437342709296,0.14802466159847252,0.09536035722937108,0.30000000000000004,0.5,"{'I': 1, 'W': 0, 'R': 1, 'C': 'free'}",False,True,True,0.0,3
4878,7,0.5052058887264165,1.0863895106109756,1.9785653658262419,2.8135221199306515,1.3700114808733086,2.1512138695436307,0.9570702920646105,1.0,0.1,0.050000000000000044,0.050000000000000044,0.0953250369786648,0.06007360011940895,0.2689434803195043,0.30000000000000004,0.7,"{'I': 0, 'W': 1, 'R': 0, 'C': 'costly'}",False,True,True,1.0,3
489,1,0.1585757510913479,0.6636487066650821,0.7758620068890553,2.0962316877157945,1.043379187589871,1.5675012363471499,0.25714369607022525,0.9999999997278469,0.0,0.0,0.050000000000000044,0.9706814892526302,0.18241841512544232,0.8175792732366974,1.0,0.5,"{'I': 0, 'W': 1, 'R': 0, 'C': 'costly'}",False,True,True,0.0,3
4890,1,0.06639768980500074,0.4128078718097664,0.3801573968363796,1.7830673639115746,1.022077707044942,1.32311700205938,0.12280427778801217,0.9999921859984459,0.0,0.050000000000000044,0.030000000000000027,0.06008375536177812,0.09533522565694999,0.07585591337253955,0.050000000000000044,0.050000000000000044,"{'I': 1, 'W': 0, 'R': 1, 'C': 'free'}",False,True,True,1.0,3
4890,2,0.0014602780946710112,0.4844706019876414,0.006110594123734213,1.7729191753472944,1.00016347603712,1.3236966144118225,0.0013068467420522811,0.9999942044280377,0.0,0.050000000000000044,0.0,0.01406262040705042,0.014062562363663532,0.03732599025791165,0.050000000000000044,0.050000000000000044,"{'I': 1, 'W': 0, 'R': 1, 'C': 'free'}",False,True,True,1.0,3
4890,3,0.11776263983073929,0.605331185579696,0.6771450129680177,2.4850651825770345,1.0676202309613434,1.528875004390579,0.40753098725788883,0.9999999999999996,0.1,0.050000000000000044,0.050000000000000044,0.1480469730502246,0.14805592916474272,0.09535655205760142,0.25,0.25,"{'I': 1, 'W': 0, 'R': 1, 'C': 'free'}",False,True,True,0.0,3
4890,4,0.24546469730010514,0.7635876791982803,0.8057868251099632,2.251074215704477,1.1699652608866837,1.873131492318538,0.8221321864383212,1.0,0.0,0.050000000000000044,0.050000000000000044,0.04742578208827278,0.01798457696915359,0.07586352492842034,0.19999999999999996,0.25,"{'I': 1, 'W': 0, 'R': 1, 'C': 'free'}",False,True,True,0.0,3
4890,5,0.09841219048431599,0.7086470045083585,0.6722996952437987,2.6712176468029334,1.1007920747561875,1.7215255106929335,0.6522703173473041,1.0,0.1,0.050000000000000044,0.050000000000000044,0.06008930203280384,0.010985965139454146,0.07587674203177842,0.09999999999999998,0.25,"{'I': 1, 'W': 0, 'R': 1, 'C': 'free'}",False,True,True,1.0,3
4890,6,0.216635128639777,0.8966779008910921,0.6475989043728156,2.3860918367186326,1.1024807483166097,1.97027179656091,0.4431042378067832,1.0,0.0,0.050000000000000044,0.050000000000000044,0.07585515559847428,0.02930727416164633,0.18245724756402296,0.09999999999999998,0.09999999999999998,"{'I': 1, 'W': 0, 'R': 1, 'C': 'free'}",True,True,True,0.0,3
4890,7,0.0911136606113314,0.6232124311388416,0.5616243924607606,2.123428228828588,1.027233036639993,1.570085951144148,0.2558829773564292,1.0,0.0,0.050000000000000044,0.0,0.03732558606949602,0.017983909730035667,0.047428186278017086,0.050000000000000044,0.09999999999999998,"{'I': 1, 'W': 0, 'R': 1, 'C': 'free'}",True,True,True,0.0,3
4897,1,0.12342205611995113,0.4639698523351243,0.8017372835132786,1.6258071772681961,1.0472573113287948,1.2352177634079922,0.2761873102830922,0.9999081065102798,0.0,0.050000000000000044,0.030000000000000027,0.01798576197823014,0.017985376889610504,0.060084418768675735,0.050000000000000044,0.25,"{'I': 1, 'W': 0, 'R': 1, 'C': 'free'}",False,True,True,1.0,3
4897,2,0.04838428052960559,0.9985920763220167,0.37596754391934767,2.5042542083595296,1.0142481694576744,1.8864946726355536,0.14411888862868072,1.0,0.1,0.050000000000000044,0.050000000000000044,0.09534711699804112,0.037322186895865396,0.02931221186270138,0.30000000000000004,0.4,"{'I': 1, 'W': 0, 'R': 1, 'C': 'free'}",False,True,True,0.6666666666666666,3
4897,3,0.18188761073744475,0.6308494870229175,0.7505163885942132,2.1598887832670015,1.0542977317368567,1.4904240339995414,0.3093514650558671,0.9999999999945692,0.05,0.050000000000000044,0.010000000000000009,0.008576636163379659,0.005219573385823181,0.005219823123238869,0.050000000000000044,0.050000000000000044,"{'I': 0, 'W': 1, 'R': 0, 'C': 'costly'}",False,True,True,0.0,3
4923,1,0.20149308887216263,0.5439333047862369,1.0717260177986392,2.2707680201557214,1.0750586344172894,1.467043140113536,0.3974751840417906,0.9999996773531078,0.0,0.0,0.030000000000000027,0.9859368967007427,0.97700150019365,0.07585274898583245,0.4,0.050000000000000044,"{'I': 0, 'W': 1, 'R': 0, 'C': 'costly'}",False,True,True,0.0,3
4929,1,0.1436346760684354,0.5261849261135997,0.583398397183234,2.07348358292951,1.0426440241137929,1.369987113434642,0.2534694394765611,0.9999999882390057,0.0,0.050000000000000044,0.050000000000000044,0.9626692277730778,0.43776984760572246,0.18240601864386008,1.0,0.25,"{'I': 1, 'W': 0, 'R': 1, 'C': 'free'}",False,True,True,1.0,3
4929,2,0.02317842258785923,0.5219971255665594,0.16305249150476847,2.3712521638273367,1.0051258676271733,1.4081637714308215,0.04007699485676286,0.9999999906086291,0.05,0.050000000000000044,0.050000000000000044,0.006692694789191973,0.008576885137996102,0.02930987317599168,0.050000000000000044,0.050000000000000044,"{'I': 1, 'W': 0, 'R': 1, 'C': 'free'}",False,True,True,1.0,3
4929,3,0.2928761362041911,0.6112464487589397,0.9590049224676424,2.2008295223342924,1.103016582860845,1.4579503209395765,0.5436020697123826,0.9999991259844803,0.0,0.050000000000000044,0.050000000000000044,0.017985681501461633,0.008577026001183216,0.06008572834235723,0.050000000000000044,0.09999999999999998,"{'I': 1, 'W': 0, 'R': 1, 'C': 'free'}",False,True,True,0.0,3
4929,4,0.13985589392664133,0.836209457195989,0.5772942473422693,2.309995383825713,1.0361247471350552,1.9039266817680633,0.24715836926166734,1.0,0.05,0.050000000000000044,0.050000000000000044,0.09533614316330392,0.029306109241693117,0.037322519370390994,0.050000000000000044,0.050000000000000044,"{'I': 1, 'W': 0, 'R': 1, 'C': 'free'}",True,False,True,0.0,3
4929,5,0.3807653983156113,0.8647062564770311,1.3485694358180118,2.728655784947449,1.384664261717318,1.733269564247718,0.9854614291005797,0.9999999999996207,0.0,0.010000000000000009,0.010000000000000009,0.01406109228128883,0.006691013196874432,0.022971821748795352,0.09999999999999998,0.050000000000000044,"{'I': 0, 'W': 1, 'R': 0, 'C': 'costly'}",False,True,True,1.0,3
494,1,0.2515339197685735,0.635560628059399,1.1650129006064593,1.6327542808531312,1.0908106658408805,1.431436522776074,0.35248009832325833,0.9999987959058951,0.0,0.050000000000000044,0.050000000000000044,0.0066927529119198415,0.02297531589781714,0.43780229626637207,0.25,0.25,"{'I': 1, 'W': 0, 'R': 1, 'C': 'free'}",False,True,True,1.0,3
494,2,0.4532044233102918,0.8100871730489091,1.4017813375596933,2.1427202562773453,1.5584267328293697,1.688837680086851,0.8912152411975973,0.9999999999999973,0.0,0.050000000000000044,0.0,0.02297656932511438,0.03732349971420713,0.679192476926562,0.050000000000000044,0.25,"{'I': 1, 'W': 0, 'R': 1, 'C': 'free'}",True,False,True,0.0,3
494,3,0.3429053875945718,0.5996431411880008,1.4559336275962609,2.1776313434287786,1.162229082489313,1.4778871495218149,0.5284352789226919,0.9999999999956944,0.0,0.050000000000000044,0.8,0.1824372398803922,0.22267682008617873,0.7773060713449175,0.5,1.0,"{'I': 1, 'W': 0, 'R': 1, 'C': 'free'}",True,False,True,0.0,3
494,4,0.41096554466965324,0.6298411675649616,1.3735803959723816,2.277119990615508,1.1592657532645938,1.6411586817361485,0.5223772895871712,1.0,0.0,0.050000000000000044,0.0,0.047423955826012144,0.060083280467097336,0.7310944731702194,0.050000000000000044,0.75,"{'I': 1, 'W': 0, 'R': 1, 'C': 'free'}",True,False,True,0.0,3
494,5,0.400317510777007,0.5560940501473703,1.721374962539913,2.6813477124590697,1.2574461255276677,1.366267100805484,0.7988248700225777,0.9999999999999618,0.3,0.050000000000000044,0.0,0.03732719832399729,0.029310652996918863,0.9241421001402945,0.30000000000000004,1.0,"{'I': 1, 'W': 0, 'R': 1, 'C': 'free'}",False,True,True,0.3333333333333333,3
494,6,0.02887341122187635,0.8427599192283262,0.1032159193160743,2.485542424650474,1.004771440477572,1.6701699860722745,0.032771634482874346,1.0,0.3,0.9,0.75,0.22271604920605834,0.18241939609147795,0.3775421692918196,0.7,1.0,"{'I': 1, 'W': 0, 'R': 1, 'C': 'free'}",False,True,True,0.3333333333333333,3
494,7,0.010626494359823106,0.7843897210364018,0.0629062732687238,2.3783533807461867,1.0017770901544882,1.6753151087602984,0.012351675031144205,1.0,0.2,0.050000000000000044,0.050000000000000044,0.14805020696838334,0.11919311110537698,0.37755736487269187,0.30000000000000004,0.7,"{'I': 1, 'W': 0, 'R': 1, 'C': 'free'}",True,False,True,0.0,3
4959,1,0.10296948251205727,0.45668697425942845,0.5163360078086515,1.8386629173700155,1.0380758848880036,1.382735892952826,0.2008553680585491,0.9999914219713868,0.1,0.050000000000000044,0.030000000000000027,0.9707264029448307,0.9240813297414922,0.09533515844382996,0.19999999999999996,0.050000000000000044,"{'I': 0, 'W': 1, 'R': 0, 'C': 'costly'}",False,True,True,0.0,3
4980,1,0.08271943008768769,0.9107545079364958,0.5040965643960165,2.292348217706012,1.0312455832570564,1.6741485137467293,0.19375823936138925,0.9999999310407408,0.0,0.050000000000000044,0.050000000000000044,0.029311204845349336,0.06007842563181546,0.14802874583960401,0.25,0.25,"{'I': 1, 'W': 0, 'R': 1, 'C': 'free'}",False,True,True,1.0,3
4980,2,0.0719464460178061,0.9875092250251319,0.20259819357706035,2.277648902541426,1.0148357607226812,1.85552012589633,0.08456940047382411,0.9999999999995527,0.1,0.050000000000000044,0.050000000000000044,0.43782938877751326,0.07584648526704368,0.32083790377734767,0.25,0.4,"{'I': 1, 'W': 0, 'R': 1, 'C': 'free'}",False,True,True,1.0,3
4980,3,0.30225999160972056,0.803433590492766,0.95194915462627,2.2000672335564646,1.3154214694481283,1.7258668477485422,0.8069763850256305,0.9999999990143491,0.1,0.050000000000000044,0.050000000000000044,0.06008886225071323,0.06007902779658552,0.22277144312977978,0.050000000000000044,0.25,"{'I': 1, 'W': 0, 'R': 1, 'C': 'free'}",False,True,True,0.0,3
4980,4,0.18668507058913858,1.1873900245309654,0.8064675192482076,2.5806228387706396,1.1577275133861147,2.413571755121364,0.6901516665127545,0.9999999999999832,0.1,0.050000000000000044,0.050000000000000044,0.18243824049289575,0.07585470917111443,0.26900492049806773,0.30000000000000004,0.25,"{'I': 1, 'W': 0, 'R': 1, 'C': 'free'}",False,True,True,1.0,3
4980,5,0.20821880983696806,1.0169479295425516,0.93328578446181,2.4286138596409694,1.2580158773052086,2.039864743248313,0.8405916665920453,0.9999999999999993,0.05,0.050000000000000044,0.050000000000000044,0.06008907057618914,0.02297283615056492,0.09535606445892422,0.09999999999999998,0.09999999999999998,"{'I': 1, 'W': 0, 'R': 1, 'C': 'free'}",True,False,True,0.0,3
4980,6,0.08382492018929778,0.8924948746310414,0.4409296160625317,2.5054398489489302,1.0291630830675922,1.9726891698324123,0.1584211663469346,1.0,0.0,0.050000000000000044,0.050000000000000044,0.22269957598701265,0.1480476377557988,0.14810618111017945,0.09999999999999998,0.09999999999999998,"{'I': 1, 'W': 0, 'R': 1, 'C': 'free'}",True,True,True,0.0,3
4980,7,0.4874639491121105,1.0049961961168181,1.3282441405122354,2.2796170593041416,1.4015849423566984,1.8053093606819075,0.8680882562230798,0.9999999989511997,0.0,0.050000000000000044,0.050000000000000044,0.07585869585376007,0.029310800674907662,0.04742825914754338,0.050000000000000044,0.09999999999999998,"{'I': 1, 'W': 0, 'R': 1, 'C': 'free'}",False,True,True,0.0,3
4981,1,0.12847570420250418,0.5990213315805883,0.7527627237616441,1.8251052068705431,1.0577859103114382,1.420855781647616,0.4609557189298037,0.9999996083482697,0.0,0.050000000000000044,0.050000000000000044,0.32081934100395315,0.3207913721858737,0.22268484857768517,0.25,0.25,"{'I': 1, 'W': 0, 'R': 1, 'C': 'free'}",False,True,True,1.0,3
4981,2,0.2963754855951081,0.6248992393980082,1.0035521139083083,2.1248770550216407,1.2257304476079816,1.3687453385341912,0.556983294717705,0.9999992663640427,0.05,0.050000000000000044,0.0,0.01798606573173198,0.02931112165079427,0.07585776868302477,0.050000000000000044,0.25,"{'I': 1, 'W': 0, 'R': 1, 'C': 'free'}",False,True,True,1.0,3
4981,3,0.7599909436283845,0.5887655084122015,1.7163221311657213,2.1903363301109127,1.5637382697560278,1.513175795780121,0.8930502741793668,0.9999999984674308,0.05,0.050000000000000044,0.010000000000000009,0.1824303571966886,0.09534269906191564,0.01798568827165091,0.050000000000000044,0.25,"{'I': 1, 'W': 0, 'R': 1, 'C': 'free'}",False,True,True,1.0,3
4981,4,0.11683331054895865,0.562710939299867,0.37484129255764254,2.355293701020514,1.0296821286647686,1.3568831539246113,0.1360589211851887,0.9999985272393465,0.05,0.050000000000000044,0.010000000000000009,0.017985830092749167,0.010986308229259738,0.01798618868781521,0.050000000000000044,0.25,"{'I': 1, 'W': 0, 'R': 1, 'C': 'free'}",True,False,True,0.0,3
4981,5,0.4887902847280978,0.7653950107662593,1.609292986423186,2.3523386026294024,1.2375376795508102,1.6860667700785585,0.6554852299578899,1.0,0.05,0.050000000000000044,0.010000000000000009,0.09535215211928626,0.03732304942049442,0.02931283778294475,0.09999999999999998,0.25,"{'I': 1, 'W': 0, 'R': 1, 'C': 'free'}",True,False,True,0.0,3
4981,6,0.2265000889677009,1.0948478042528458,0.9447419307272468,2.6899106721822013,1.1142268052068052,1.9834337160131843,0.4177198447160464,1.0,0.05,0.050000000000000044,0.050000000000000044,0.07586116230227033,0.02297438308375081,0.010986701381197226,0.09999999999999998,0.050000000000000044,"{'I': 1, 'W': 0, 'R': 1, 'C': 'free'}",True,False,True,0.0,3
4981,7,0.3043308269141246,0.8931790699703864,1.5502858921036375,2.2651682190741305,1.2649997418008114,1.962811276605409,0.9404454760321654,1.0,0.3,0.050000000000000044,0.050000000000000044,0.09535635804966133,0.03732070812579697,0.04742808473401805,0.30000000000000004,0.25,"{'I': 1, 'W': 0, 'R': 1, 'C': 'free'}",False,True,True,0.0,3
4994,1,0.07105250841171724,0.6742381902264625,0.3521343581868354,1.9699571770073432,1.0167386062483252,1.6361392438882845,0.10970322594459214,0.99999999828853,0.2,0.050000000000000044,0.050000000000000044,0.9046808081134087,0.5621281938103583,0.2226845394422401,0.25,0.050000000000000044,"{'I': 1, 'W': 0, 'R': 1, 'C': 'free'}",False,True,True,0.0,3
4994,2,0.04019237401196011,0.6832333986416709,0.2239027737947696,2.325536983589423,1.0072614129355906,1.5628423129326665,0.049385090563678125,0.9999999996851112,0.0,0.0,0.0,0.037324910753784246,0.06008349492446744,0.18242069847904005,0.050000000000000044,0.09999999999999998,"{'I': 1, 'W': 0, 'R': 1, 'C': 'free'}",False,True,True,1.0,3
4994,3,0.1433195979396942,0.6188506751095358,0.7153464592550404,2.3770457259026445,1.1339587729166596,1.4009092836605033,0.5852187243616916,0.9999999967773048,0.0,0.050000000000000044,0.050000000000000044,0.017985553183232063,0.037315202274221686,0.029311036665698027,0.050000000000000044,0.09999999999999998,"{'I': 1, 'W': 0, 'R': 1, 'C': 'free'}",False,True,True,1.0,3
4994,4,0.21689981024773636,0.7504461077747018,1.2065185591034273,2.834090422265003,1.0917855967496126,1.600813350541268,0.7546408661157636,0.9999999999999674,0.0,0.050000000000000044,0.050000000000000044,0.0031724342367981874,0.004068932299783777,0.014062415643397958,0.050000000000000044,0.050000000000000044,"{'I': 0, 'W': 1, 'R': 0, 'C': 'costly'}",False,True,True,1.0,3
4997,1,0.07026202399124219,0.6506581679958362,0.2394220035971861,2.170055779757772,1.013254776545742,1.5180751701967719,0.09998298006196404,0.9999999999536251,0.0,0.050000000000000044,0.050000000000000044,0.029311532483380844,0.017984744492174916,0.09533985351738265,0.25,0.25,"{'I': 1, 'W': 0, 'R': 1, 'C': 'free'}",False,True,True,1.0,2
4997,2,0.01832623989746808,0.6002849994944521,0.07493395034867802,2.3649177450788184,1.0030530378985838,1.4533779933297526,0.0181240682816739,0.9999999839369443,0.0,0.050000000000000044,0.0,0.01406344606036039,0.022975781306209062,0.11920212637173262,0.25,0.4,"{'I': 1, 'W': 0, 'R': 1, 'C': 'free'}",False,True,True,1.0,2
4997,3,0.38026462694566654,0.6783453527078787,1.3517973507902075,1.9033392496108468,1.6503385599485367,1.4906519067164792,0.9700091571720602,0.999999996804313,0.25,0.050000000000000044,0.050000000000000044,0.14805233486411953,0.060084855907494385,0.09535447804521087,0.30000000000000004,0.4,"{'I': 1, 'W': 0, 'R': 1, 'C': 'free'}",False,True,True,0.5,2
4997,4,0.4760848437542082,0.6497162626857437,2.0620820162789038,2.2945522105537854,1.349853860418763,1.4544200052623484,0.9999981491003544,1.0,0.1,0.0,0.050000000000000044,0.679360711518468,0.5000435811527617,0.5001698732822321,1.0,1.0,"{'I': 0, 'W': 1, 'R': 0, 'C': 'costly'}",False,True,True,0.0,2
5016,1,0.27071187061325114,0.4843579971414769,1.3762740234039244,2.4909502557740533,1.1929103525212248,1.5070847182125338,0.8795778687462574,0.9999999999992297,0.0,0.050000000000000044,0.050000000000000044,0.03732720822727342,0.029309149632639163,0.09534661294833079,0.25,0.25,"{'I': 1, 'W': 0, 'R': 1, 'C': 'free'}",False,True,True,1.0,3
5016,2,0.3041145997746122,0.7815428266625453,1.2334966457647571,2.3182018836708624,1.729737979146111,1.692951827810233,0.9626648351616182,1.0,0.0,0.0,0.0,0.02931174366263392,0.09533644620341317,0.22270469406777563,0.30000000000000004,1.0,"{'I': 1, 'W': 0, 'R': 1, 'C': 'free'}",False,True,True,1.0,3
5016,3,0.5659774723417662,0.6009594825188336,1.9052230701016843,2.307757508246284,1.510916134498093,1.4280582216402409,0.9631805642379513,0.999999999480907,0.3,0.050000000000000044,0.09999999999999998,0.26893876188402677,0.07584081268379714,0.5621974746591926,0.30000000000000004,1.0,"{'I': 1, 'W': 0, 'R': 1, 'C': 'free'}",False,True,True,0.0,3
5016,4,0.1410901483233918,0.6993519428783934,0.3118742973004848,2.370337964691628,1.0281035885250376,1.5485326378469066,0.1988663020380309,0.9999999999999984,0.3,0.050000000000000044,0.7,0.4377989252570151,0.14802980001167185,0.4378263172389561,1.0,0.75,"{'I': 1, 'W': 0, 'R': 1, 'C': 'free'}",False,True,True,0.0,3
5016,5,0.15294204971177394,0.9112888348664231,0.9627048573129987,2.4722030668455592,1.0513640338361778,1.9332421579887247,0.6139080084548675,1.0,0.25,0.050000000000000044,0.19999999999999996,0.022975628420706107,0.02930638330360887,0.22271417159412546,0.5,0.75,"{'I': 1, 'W': 0, 'R': 1, 'C': 'free'}",False,True,True,1.0,3
5016,6,0.07502469904336928,0.8328769816298642,0.6050221628464242,2.4540341680082984,1.024997205583112,1.7539338079636881,0.3263456821861682,1.0,0.1,0.09999999999999998,,0.017983343658212685,0.029308801556170546,0.07586332939470633,0.4,0.8,"{'I': 1, 'W': 0, 'R': 1, 'C': 'free'}",False,True,True,1.0,3
5016,7,0.25407283093892596,0.5787849294722107,1.2064211196958725,2.2691909333254308,1.1232702321108803,1.4214574452122137,0.7521499545354704,0.9999999999415438,0.3,1.0,0.050000000000000044,0.060088066695549114,0.04742231500230968,0.32085577707346286,0.7,0.75,"{'I': 1, 'W': 0, 'R': 1, 'C': 'free'}",True,True,True,0.0,3
5032,1,0.09499165698390558,0.6325315006012773,0.4308261842426232,2.2857802933526834,1.0339687544340306,1.4866237445276484,0.1538196711353227,0.9999979233426148,0.1,0.050000000000000044,0.050000000000000044,0.07585448738210061,0.14802909905811756,0.2226868665560294,0.050000000000000044,0.25,"{'I': 1, 'W': 0, 'R': 1, 'C': 'free'}",False,True,True,1.0,3
5032,2,0.04423284019135371,1.166498125464366,0.1773224752593399,2.794603229871522,1.0085310858432739,2.1496069778653175,0.0577308397253693,1.0,0.0,0.09999999999999998,0.0,0.3775196951394075,0.3207909862680776,0.18243867261215163,0.5,1.0,"{'I': 1, 'W': 0, 'R': 1, 'C': 'free'}",False,True,True,0.3333333333333333,3
5032,3,0.2357077313864204,1.2605311963621133,1.1235066429196416,2.710096612958318,1.105487670541378,2.3346355696961356,0.5516999639244131,1.0,0.1,0.050000000000000044,0.09999999999999998,0.017986090008065638,0.029310704098887315,0.03732592912935385,0.09999999999999998,0.9,"{'I': 1, 'W': 0, 'R': 1, 'C': 'free'}",False,True,True,1.0,3
5032,4,0.013601721173331967,1.239494977286986,0.04744422950718894,2.5396025447164736,1.0018635659392177,2.24039025100869,0.009265962202303468,1.0,0.1,0.050000000000000044,0.050000000000000044,0.09534793408772868,0.0953444539318275,0.14804725623704304,1.0,0.8,"{'I': 1, 'W': 0, 'R': 1, 'C': 'free'}",True,True,True,0.0,3
5032,5,0.11584010989672378,1.3121271818564277,0.6541452225189603,2.7087433966368324,1.1609933559651242,2.4536482525347805,0.6970561608922987,1.0,0.1,0.050000000000000044,1.0,0.07585184926122607,0.029310382697792528,0.11920329342685089,1.0,0.9,"{'I': 1, 'W': 0, 'R': 1, 'C': 'free'}",False,True,True,0.3333333333333333,3
5032,6,0.010144967440902826,1.09263364225791,0.042675087971595485,2.379328026880169,1.0012462581158563,2.0694516235361724,0.00991438267516076,0.9999999999999993,0.25,0.050000000000000044,0.0,0.022976006588628237,0.008577091552683944,0.06008640824115905,0.4,1.0,"{'I': 1, 'W': 0, 'R': 1, 'C': 'free'}",False,True,True,0.0,3
5032,7,0.017818776208678243,1.1235723041465877,0.17198748633605562,2.7468052204201987,1.0036968816085985,2.2741929912198557,0.046838423120017736,1.0,0.1,0.050000000000000044,0.050000000000000044,0.03732680588573401,0.03732610383718157,0.06008920982710637,0.25,0.25,"{'I': 1, 'W': 0, 'R': 1, 'C': 'free'}",False,True,True,0.6666666666666666,3
5063,1,0.008123468239241727,0.6655478072620874,0.02406400859005847,2.1302189433356022,1.001080411635408,1.568447020321474,0.007530302998789429,0.9999999999563386,0.0,0.050000000000000044,0.030000000000000027,0.022975582037690803,0.04741970858168334,0.04742036054053054,0.050000000000000044,0.050000000000000044,"{'I': 1, 'W': 0, 'R': 1, 'C': 'free'}",False,True,True,1.0,3
5063,2,0.004403212197150199,0.4392762461701422,0.014117735298189502,1.3820714420557223,1.0005386086527535,1.2629417646772159,0.0037621508967572437,0.9999828215605046,0.0,0.050000000000000044,0.050000000000000044,0.029311178851206023,0.006692500313846802,0.09534580831799962,0.050000000000000044,0.050000000000000044,"{'I': 1, 'W': 0, 'R': 1, 'C': 'free'}",False,True,True,1.0,3
5063,3,0.28119287127777165,0.5503613025864976,0.7760410769530588,1.669989068629869,1.1471573712432743,1.314989234769774,0.6174933416832475,0.9999991390698261,0.0,0.050000000000000044,0.050000000000000044,0.029310782376990273,0.0066924022067281754,0.04742393908667221,0.050000000000000044,0.09999999999999998,"{'I': 1, 'W': 0, 'R': 1, 'C': 'free'}",False,True,True,0.0,3
5063,4,0.2862157965286614,0.6173627244418396,1.4705331614495127,2.1759054861426765,1.093953373941739,1.4216721376697696,0.6595806365604342,0.999999999959296,0.0,0.030000000000000027,0.050000000000000044,0.04742246955755297,0.014059420389796283,0.022976986695590017,0.050000000000000044,0.050000000000000044,"{'I': 1, 'W': 0, 'R': 1, 'C': 'free'}",False,True,True,0.6666666666666666,3
5063,5,0.8189288157489736,0.7797879883705873,2.1094834904536226,2.1407119982261724,1.868466370292196,1.787924144853817,0.9999999126259282,0.9999999999999959,0.25,0.050000000000000044,0.050000000000000044,0.6791298163189005,0.43775157907989715,0.18243183872156993,0.09999999999999998,0.25,,False,True,False,0.0,3
5063,6,0.2405521303039307,0.6609903520052463,0.9662101367512216,2.072217265281963,1.1656723716100494,1.5005150479035596,0.9456691572800636,0.9999999999996931,0.0,0.050000000000000044,0.030000000000000027,0.01798435193971411,0.010984123946247388,0.02931162099001216,0.050000000000000044,0.050000000000000044,"{'I': 0, 'W': 1, 'R': 0, 'C': 'costly'}",False,True,True,0.6666666666666666,3
5071,1,0.4011027317207746,0.5900811664128052,1.251776742320197,1.8039323856636245,1.2956145961378762,1.3267641689844591,0.902788529734085,0.9999994535888534,0.25,0.050000000000000044,0.050000000000000044,0.5621384057898205,0.2688982897376015,0.3775144081403733,0.25,0.25,"{'I': 1, 'W': 0, 'R': 1, 'C': 'free'}",False,True,True,1.0,3
5071,2,0.1113066234429586,0.9999246984621949,0.3724962776344396,2.449136196588099,1.029665058707655,1.911150096491296,0.23133656626710497,1.0,0.0,0.050000000000000044,0.0,0.017985647856822426,0.02930897647609581,0.07585708218126765,0.25,0.4,"{'I': 1, 'W': 0, 'R': 1, 'C': 'free'}",False,True,True,1.0,3
5071,3,0.26435306283934223,0.9160952448210882,1.1948874781042655,2.5271298271955027,1.1001342402666978,1.8102173780601032,0.6818354278463016,0.999999999999998,0.25,0.050000000000000044,0.0,0.3775544259897774,0.0758520562220684,0.6224632626782013,0.30000000000000004,0.5,"{'I': 1, 'W': 0, 'R': 1, 'C': 'free'}",False,True,True,1.0,3
5071,4,0.5056897978143493,1.1405451750121598,1.3362090585831718,2.5391219885377945,1.4041786700182373,2.2905914811521533,0.9664435288553405,1.0,0.25,0.050000000000000044,0.050000000000000044,0.26895235002132994,0.07585315561214226,0.2689701180183781,0.30000000000000004,0.75,"{'I': 1, 'W': 0, 'R': 1, 'C': 'free'}",False,True,True,0.0,3
5071,5,0.029713140132505884,1.1188730399611102,0.18295466630132418,2.3740697627980163,1.00524841884453,2.103315062107788,0.04601968800277478,0.9999999999999986,0.25,0.050000000000000044,0.050000000000000044,0.5000071347216573,0.09534517737317792,0.1480550203424983,0.5,0.7,"{'I': 1, 'W': 0, 'R': 1, 'C': 'free'}",False,True,True,0.0,3
5071,6,0.3395119296714722,1.1777158628467455,1.1549031394063056,2.55450072832595,1.2028382420631762,2.352800533398769,0.909362890778916,1.0,0.25,0.050000000000000044,0.09999999999999998,0.6225032355639315,0.22269728362097538,0.1824460223300529,0.7,0.7,"{'I': 1, 'W': 0, 'R': 1, 'C': 'free'}",False,True,True,0.3333333333333333,3
5071,7,0.0728484856513025,0.8860406880389735,0.681823537814419,2.5517583877898256,1.0308205144226077,1.7302736282631106,0.3052902959358831,0.9999999999999198,0.25,0.050000000000000044,0.050000000000000044,0.14805086440642637,0.02931003468763216,0.11921808599461237,0.4,0.75,"{'I': 1, 'W': 0, 'R': 1, 'C': 'free'}",True,True,True,0.0,3
5074,1,0.17444162240288436,0.7010491687962683,0.9775588842937484,2.2781211049344763,1.0872892692018512,1.562753360247663,0.5669390927913633,0.9999777858650226,0.0,0.050000000000000044,0.050000000000000044,0.07585755529091018,0.14803503725685288,0.8519350551985888,0.25,0.25,"{'I': 1, 'W': 0, 'R': 1, 'C': 'free'}",False,True,True,1.0,3
5074,2,0.0425039055040235,0.9016068383849957,0.20082902034709943,2.556927300647746,1.0072037361988302,1.8688924057064022,0.04215324702810941,1.0,0.3,0.050000000000000044,0.09999999999999998,0.010986734892334657,0.010986460525369465,0.010986585762210193,0.25,0.4,"{'I': 1, 'W': 0, 'R': 1, 'C': 'free'}",False,True,True,1.0,3
5074,3,0.13515425148492283,1.0887350914282712,0.42846703711948736,2.293352780657442,1.0295581625511818,2.0741779514394403,0.18446275996081296,1.0,0.1,0.050000000000000044,0.050000000000000044,0.22270730146843115,0.060084244261618285,0.022976151226279204,0.30000000000000004,0.25,"{'I': 1, 'W': 0, 'R': 1, 'C': 'free'}",False,True,True,1.0,3
5074,4,0.18278483294894562,0.7382856987668418,0.7918868779219805,2.215061962377659,1.0635828324192533,1.597190544557351,0.6493389063632318,0.9999999999999034,0.0,0.050000000000000044,0.010000000000000009,0.005219482596115623,0.0024722870663683246,0.005219523040845153,0.050000000000000044,0.050000000000000044,"{'I': 0, 'W': 1, 'R': 0, 'C': 'costly'}",False,True,True,1.0,3
5080,1,0.1608828239904792,0.6251716713384469,0.772710653778109,2.089919142036965,1.2213542431748647,1.3390548181381685,0.6320474879576831,0.9999952742686703,0.0,0.050000000000000044,0.030000000000000027,0.02297692906984797,0.04742117001850478,0.09534574495097868,0.050000000000000044,0.050000000000000044,"{'I': 1, 'W': 0, 'R': 1, 'C': 'free'}",False,True,True,0.6666666666666666,3
5080,2,0.1519108501163957,0.7574712889219425,0.5990168362735997,2.4109801695025386,1.0548651340624782,1.577227758066067,0.27419764714437767,0.9999999999675215,0.1,0.0,0.0,0.26892848758180754,0.14802018445005255,0.22269305412367693,0.25,1.0,"{'I': 1, 'W': 0, 'R': 1, 'C': 'free'}",False,True,True,1.0,3
5080,3,0.062134025478019744,0.8926672539513838,0.2801296563873932,2.4428332973355906,1.0158190062014176,1.9505003431118304,0.0898730090435017,1.0,0.05,0.050000000000000044,0.050000000000000044,0.010985942736658103,0.01098601078573218,0.0179860742748997,0.19999999999999996,0.25,"{'I': 1, 'W': 0, 'R': 1, 'C': 'free'}",False,True,True,0.6666666666666666,3
5080,4,0.030976375828252713,1.069791361058605,0.09797797829770218,2.6883170448337865,1.004714035643766,2.1292265149800143,0.04144336809975935,1.0,0.3,0.050000000000000044,0.050000000000000044,0.09535803690817371,0.07585959571475738,0.06008942527331177,0.30000000000000004,0.30000000000000004,"{'I': 1, 'W': 0, 'R': 1, 'C': 'free'}",False,True,True,0.6666666666666666,3
5080,5,0.23019123161882935,1.0397742196237838,0.7049334924203827,2.529026967598988,1.074819312693978,2.0601922296209856,0.4776268481194492,1.0,0.05,0.050000000000000044,0.050000000000000044,0.060086917198058205,0.03732278951647192,0.022977919264858062,0.30000000000000004,0.30000000000000004,"{'I': 1, 'W': 0, 'R': 1, 'C': 'free'}",True,False,True,0.0,3
5080,6,0.20126758928701402,1.2205038345297208,0.5463219900132846,2.639558297810228,1.0712133717460242,2.3598871768957195,0.3381735977318896,1.0,0.1,0.050000000000000044,0.050000000000000044,0.3208167845091615,0.09534122956532909,0.18244473103925035,0.30000000000000004,0.30000000000000004,"{'I': 1, 'W': 0, 'R': 1, 'C': 'free'}",True,True,True,0.0,3
5080,7,0.011946275142320927,0.9196376082859904,0.026538282783079636,2.456049525617195,1.001579831355351,1.754334124098064,0.014106815710343668,1.0,0.2,1.0,0.050000000000000044,0.320839778727752,0.11921015923116024,0.22275220401346865,0.8,0.8,"{'I': 1, 'W': 0, 'R': 1, 'C': 'free'}",True,True,True,0.0,3
5120,1,0.012024237143621495,0.6089681461387982,0.07478204788847807,1.9020844520865787,1.0018299191202475,1.466467772143661,0.01271618530944496,0.9999999670590243,0.75,0.050000000000000044,0.010000000000000009,0.9890224503617102,0.5620611560115827,0.03732563398009895,0.25,0.050000000000000044,"{'I': 0, 'W': 1, 'R': 0, 'C': 'costly'}",False,True,True,0.0,3
5123,1,0.008094764612645093,0.43371208418416135,0.060852766940185335,1.6604674334220844,1.0012910475711527,1.2809362974200131,0.015363339678321153,0.9999814309972653,0.25,0.050000000000000044,0.050000000000000044,0.022976811661323406,0.047421509412376134,0.0953421058433315,0.050000000000000044,0.050000000000000044,"{'I': 1, 'W': 0, 'R': 1, 'C': 'free'}",False,True,True,1.0,3
5123,2,0.024713943039367227,0.45329208612764604,0.10238043813996,1.9567073914831168,1.0042113412494873,1.3430277581174612,0.04517526802449201,0.9999999964812312,0.05,0.050000000000000044,0.0,0.014060586884332784,0.00857609725523251,0.01798611667203463,0.050000000000000044,0.050000000000000044,"{'I': 1, 'W': 0, 'R': 1, 'C': 'free'}",False,True,True,1.0,3
5123,3,0.17669120432923535,0.5888714854618057,0.6809273960448478,2.183204931110699,1.088954959483061,1.541253167334965,0.6083565108001036,1.0,0.05,0.050000000000000044,0.050000000000000044,0.006692829774303019,0.01798453856827835,0.07585996965844888,0.050000000000000044,0.25,"{'I': 1, 'W': 0, 'R': 1, 'C': 'free'}",True,False,True,0.0,3
5123,4,0.18935745879285268,0.6195685560584292,1.165372998594003,2.4394238140710462,1.1558669712296703,1.4805202898697631,0.8683896499942831,0.9999999955362878,0.05,0.050000000000000044,0.050000000000000044,0.022978404750829805,0.01798442075365861,0.04742708258445604,0.050000000000000044,0.050000000000000044,"{'I': 1, 'W': 0, 'R': 1, 'C': 'free'}",False,True,True,1.0,3
5123,5,0.05000746402601221,0.5994091667949087,0.5593605118230203,2.262450714534095,1.0198766300042186,1.5632425512033286,0.24084049038173472,0.9999999999863691,0.1,0.050000000000000044,0.050000000000000044,0.022977940072811287,0.02930970469031571,0.07585820460240845,0.09999999999999998,0.25,"{'I': 1, 'W': 0, 'R': 1, 'C': 'free'}",False,True,True,0.0,3
5123,6,0.28045222411373594,0.5983528689069167,0.9851756641830974,2.3927485036199907,1.1605520431352532,1.5619504122306413,0.6961333512829226,1.0,0.15,0.050000000000000044,0.050000000000000044,0.0229774508144997,0.047416176632285326,0.037331203385416505,0.09999999999999998,0.19999999999999996,"{'I': 1, 'W': 0, 'R': 1, 'C': 'free'}",False,True,True,1.0,3
5123,7,0.2484504524481124,0.637634005900112,1.0382405176718432,2.379594510736675,1.091595278224808,1.6014001678076792,0.5039712917055496,1.0,0.01,0.010000000000000009,0.010000000000000009,0.003172574174319926,0.004069537325310517,0.005219599060775381,0.050000000000000044,0.050000000000000044,"{'I': 0, 'W': 1, 'R': 0, 'C': 'costly'}",False,True,True,0.0,3
5155,1,0.3759867123495478,0.6455761265321251,1.4603667792597377,2.173857355902894,1.9089924060269725,1.4891080431783967,0.9970299607202736,0.9999999984837762,0.25,0.050000000000000044,0.050000000000000044,0.7310563435796995,0.26891906689188605,0.37752337119408585,0.5,0.25,"{'I': 1, 'W': 0, 'R': 1, 'C': 'free'}",False,True,True,1.0,3
5155,2,0.5302650792613074,1.0999321132273725,1.514621182245359,2.548813014051254,1.2031743883049817,2.2713034139658532,0.670368635446287,1.0,0.3,1.0,0.0,0.2226952817584993,0.22268727852576198,0.18242941476696584,0.8,1.0,"{'I': 1, 'W': 0, 'R': 1, 'C': 'free'}",False,True,True,0.0,3
5155,3,0.6298117707657193,1.0892809712959723,2.1539849940789533,2.424314914545301,1.5816482922800148,2.0271146734365604,0.9838560148625961,1.0,0.0,1.0,0.9,0.8519445002475219,0.5621602787937886,0.22271228221129355,0.9,0.9,"{'I': 0, 'W': 1, 'R': 0, 'C': 'costly'}",False,True,True,0.0,3
5199,1,0.3271190168722974,0.907795585130805,1.3948943709668924,2.5035349190464653,1.3032090606433542,1.73064002672186,0.8433604724335977,1.0,0.0,0.050000000000000044,0.030000000000000027,0.04742252248138868,0.047416205423757025,0.11919448268499543,0.050000000000000044,0.25,"{'I': 1, 'W': 0, 'R': 1, 'C': 'free'}",False,True,True,1.0,3
5199,2,0.21082632221825673,0.43858669864951716,0.9106448552366703,1.6925316796813352,1.0697031003059967,1.3049871811517901,0.3760393261931494,0.9999999479037426,0.05,0.050000000000000044,0.030000000000000027,0.04742283998423082,0.022975506467232037,0.1191953512851633,0.050000000000000044,0.25,"{'I': 1, 'W': 0, 'R': 1, 'C': 'free'}",False,True,True,1.0,3
5199,3,0.03135218406231922,0.4657282840337241,0.19296594798513714,1.9113681821144097,1.0074484831017627,1.4458624392623882,0.05062002080275818,0.9999999999870769,0.0,0.050000000000000044,0.030000000000000027,0.02297599259828366,0.014060755181489184,0.07584796459369969,0.050000000000000044,0.25,"{'I': 1, 'W': 0, 'R': 1, 'C': 'free'}",True,False,True,0.0,3
5199,4,0.09269648006883069,0.768731807780831,0.4659118237982926,2.3299951226510296,1.024678406078379,1.7305712044904609,0.1568848141971798,1.0,0.05,0.050000000000000044,0.050000000000000044,0.029311332100579013,0.022975067078846757,0.22271180143747396,0.050000000000000044,0.25,"{'I': 1, 'W': 0, 'R': 1, 'C': 'free'}",True,False,True,0.0,3
5199,5,0.11882306248103237,0.7262419641531804,0.4229308117518663,2.4061841113952864,1.0367315063546279,1.6127915065877116,0.2231522340504204,0.9999999999999993,0.0,0.050000000000000044,0.050000000000000044,0.02931084128872176,0.022972387885371263,0.11920538438098179,0.050000000000000044,0.25,"{'I': 1, 'W': 0, 'R': 1, 'C': 'free'}",True,False,True,0.0,3
5199,6,0.43333830343450647,0.5957992123185811,1.0926913866230856,2.3396327233396192,1.2243339534869093,1.5719857072093522,0.7575061410516001,0.9999999999999981,0.1,0.050000000000000044,0.030000000000000027,0.1480426331972721,0.11918394527023919,0.6225749497602859,0.050000000000000044,1.0,"{'I': 1, 'W': 0, 'R': 1, 'C': 'free'}",False,True,True,0.0,3
5199,7,0.21880200382110088,0.6762344725605433,0.8079213770292502,2.2232173526616137,1.184126971321955,1.4973010316412,0.6936540898124479,0.9999999992345346,0.0,0.020000000000000018,0.050000000000000044,0.04742507184445359,0.029309132636572224,0.7773091970128694,0.050000000000000044,0.25,"{'I': 1, 'W': 0, 'R': 1, 'C': 'free'}",True,True,True,0.0,3
5234,1,0.011925635214952058,0.9835880163474692,0.04378030270647083,2.450620943908019,1.0015981099381588,1.9266452529876923,0.009535254310932495,1.0,0.1,0.30000000000000004,0.050000000000000044,0.8519648335176732,0.7310394145080471,0.32083326728270783,0.4,0.5,"{'I': 1, 'W': 0, 'R': 1, 'C': 'free'}",False,True,True,1.0,3
5234,2,0.13399158341516307,0.6485669320452934,1.0299008448471398,1.8967469227654412,1.0809332821573483,1.515067355880608,0.4634516205627939,0.9999796403860937,0.0,0.010000000000000009,0.0,0.03732646653899972,0.03732617445828769,0.1824330417960455,0.050000000000000044,0.050000000000000044,"{'I': 1, 'W': 0, 'R': 1, 'C': 'free'}",False,True,True,1.0,3
5234,3,0.3852317130735137,0.8218246687840947,0.930432125495504,2.460354924051428,1.1498817574140334,1.748720046733541,0.6728292063148693,0.9999999999999997,0.1,0.050000000000000044,0.030000000000000027,0.6791724293157541,0.047424485632602514,0.14806384921678895,0.09999999999999998,0.25,"{'I': 0, 'W': 1, 'R': 0, 'C': 'costly'}",False,True,True,1.0,3
5274,1,0.1413631348845662,0.5959315695815361,0.4758720202622641,2.2972800942659592,1.0339756516476155,1.412708392588474,0.18165180646159929,0.9999999921084259,0.0,0.050000000000000044,0.050000000000000044,0.09534789130100692,0.1480288818662792,0.4999728948468381,0.25,0.5,"{'I': 1, 'W': 0, 'R': 1, 'C': 'free'}",False,True,True,1.0,3
5274,2,0.45839295035387195,0.9048228996523845,0.9985787168301106,2.1605229372596164,1.533388294514718,1.887855010550162,0.9498310519809725,1.0,0.3,0.050000000000000044,0.0,0.060085936984997,0.22267158728853342,0.18242473920915311,0.30000000000000004,0.7,"{'I': 1, 'W': 0, 'R': 1, 'C': 'free'}",False,True,True,1.0,3
5274,3,0.26543215849249097,1.109373376477311,1.3025535601663607,2.442506703811032,1.094175524655366,2.007195587761619,0.3623754641735961,1.0,0.25,0.050000000000000044,0.09999999999999998,0.010986477943508249,0.03732274778323612,0.22269513029617682,0.25,0.7,"{'I': 1, 'W': 0, 'R': 1, 'C': 'free'}",False,True,True,1.0,3
5274,4,0.6358267332417984,0.8748004112378245,2.114466669324556,2.26333204936998,1.4013340515271864,1.8131135841489254,0.932753978011139,1.0,0.25,0.050000000000000044,0.050000000000000044,0.0474252246742553,0.07585341911660887,0.3208361260593843,0.30000000000000004,0.75,"{'I': 1, 'W': 0, 'R': 1, 'C': 'free'}",False,True,True,1.0,3
5274,5,0.22227999958920897,1.0855986204747035,1.326996096664382,2.6220249622895784,1.061692644758951,1.9379128317984178,0.3805453307655883,1.0,0.3,0.050000000000000044,0.19999999999999996,0.022976905487748524,0.02297419721517759,0.07586533408682739,0.5,0.7,"{'I': 1, 'W': 0, 'R': 1, 'C': 'free'}",True,False,True,0.0,3
5274,6,0.43261463550527307,1.0655112173385257,1.9294517481288245,2.3720515957008215,1.3268825134418039,2.095887238285957,0.8959264822096475,1.0,0.5,0.9,0.19999999999999996,0.18242686820877474,0.1480328946148769,0.2689448496811514,0.7,0.8,"{'I': 1, 'W': 0, 'R': 1, 'C': 'free'}",True,False,True,0.0,3
5274,7,0.43324850639667195,1.02825437310557,2.211162236380962,2.410286424160001,1.347683973774076,1.902209038245018,0.9318120828459087,1.0,0.5,1.0,0.050000000000000044,0.14805298602083294,0.09534559673431688,0.26895035977196824,0.7,0.7,"{'I': 1, 'W': 0, 'R': 1, 'C': 'free'}",False,True,True,0.6666666666666666,3
5291,1,0.13336109554473907,0.4254770452183448,0.885949541834024,1.7054894850196871,1.0945012282361215,1.2332797637108215,0.4685208556431517,0.99987856301771,0.1,0.050000000000000044,0.030000000000000027,0.924139515623992,0.6791216313970522,0.09534568487711363,0.25,0.050000000000000044,"{'I': 1, 'W': 0, 'R': 1, 'C': 'free'}",False,True,True,0.3333333333333333,3
5291,2,0.07579657671080783,0.6984878996461552,0.6718957834760275,1.7869408571152812,1.0543594607006004,1.4970237614920114,0.37898554886010694,0.9999995082243448,0.0,0.0,0.0,0.01798597480430806,0.017985416090162208,0.04742493180169264,0.050000000000000044,0.09999999999999998,"{'I': 1, 'W': 0, 'R': 1, 'C': 'free'}",False,True,True,1.0,3
5291,3,0.04893391907897608,0.8133810301387013,0.42962326368842696,2.481958453276278,1.018228041167274,1.56764972478345,0.15004775924650027,0.9999999845104508,0.0,0.050000000000000044,0.0,0.006692486049399258,0.010986094487963952,0.010986293412070606,0.050000000000000044,0.09999999999999998,"{'I': 1, 'W': 0, 'R': 1, 'C': 'free'}",True,False,True,0.0,3
5291,4,0.13084730423098065,0.5981674287795553,0.7041194841329129,2.258594189030733,1.0772775813521847,1.5005386329415702,0.5249670014322902,0.9999999976885308,0.05,0.050000000000000044,0.050000000000000044,0.07585581136221496,0.04742424455822834,0.04742565509267347,0.050000000000000044,0.050000000000000044,"{'I': 1, 'W': 0, 'R': 1, 'C': 'free'}",False,True,True,0.3333333333333333,3
5291,5,0.2504717419217432,0.6276036447249649,0.7429403215054202,2.411735762768919,1.1606090472208461,1.526122828833918,0.6474681676548502,0.9999999872458366,0.0,0.050000000000000044,0.050000000000000044,0.02297696513113997,0.03732476213195422,0.017985946882143628,0.09999999999999998,0.25,"{'I': 1, 'W': 0, 'R': 1, 'C': 'free'}",False,False,True,0.3333333333333333,3
5291,6,0.007887221623692637,0.5601123843643036,0.03629441741410704,2.3711872910141696,1.0011521504081171,1.6070102371196633,0.011448829517340053,0.9999995893970587,0.0,0.050000000000000044,0.050000000000000044,0.02931085247722312,0.029310322818514555,0.017985683226385194,0.09999999999999998,1.0,"{'I': 1, 'W': 0, 'R': 1, 'C': 'free'}",True,False,True,0.0,3
5291,7,0.009982288203267919,0.8507230729765085,0.05248063779945265,2.2911065092562763,1.0014635115461294,1.9198562750172616,0.010184870923564682,0.9999999999999999,0.0,0.050000000000000044,0.050000000000000044,0.014063232566976872,0.010986247194697459,0.017985729619214106,0.09999999999999998,0.09999999999999998,"{'I': 1, 'W': 0, 'R': 1, 'C': 'free'}",False,True,True,1.0,3
5358,1,0.04174883661849415,0.5304868988850518,0.32799310391548203,1.7026191295203261,1.0128939159365622,1.351753741796509,0.09741460875410801,0.9999856520609085,0.0,0.050000000000000044,0.050000000000000044,0.01406337996033545,0.029310690358235924,0.022976365661656676,0.050000000000000044,0.050000000000000044,"{'I': 1, 'W': 0, 'R': 1, 'C': 'free'}",False,True,True,1.0,3
5358,2,0.04057591496307078,0.7961500929283915,0.2565039264346017,2.337766089000261,1.0082478917725095,1.51582729238884,0.06359996907296239,0.999999793004799,0.0,0.050000000000000044,0.0,0.005219787576266572,0.017984797541568967,0.0600889510427864,0.050000000000000044,0.25,"{'I': 1, 'W': 0, 'R': 1, 'C': 'free'}",True,False,True,0.0,3
5358,3,0.318892783958842,0.9272704074312689,1.5428893034603082,2.3758664496028805,1.1967051676275786,1.8927116248221856,0.8612793326253774,0.9999999999993568,0.05,0.050000000000000044,0.050000000000000044,0.0474177690053832,0.04741792970378003,0.07585907498809599,0.050000000000000044,0.25,"{'I': 1, 'W': 0, 'R': 1, 'C': 'free'}",False,True,True,0.0,3
5358,4,0.07853697989404262,0.6349844274431435,0.7025280997866394,2.21155173969362,1.0268855353285702,1.4971977203309776,0.2531083587537275,0.9999999999999998,0.05,0.050000000000000044,0.050000000000000044,0.04742323280145511,0.022974996973244476,0.0229771443281976,0.09999999999999998,0.050000000000000044,"{'I': 1, 'W': 0, 'R': 1, 'C': 'free'}",True,False,True,0.0,3
5358,5,0.179454138226269,0.9855911763515885,0.5991289139874337,2.3482649051876194,1.0524455978367968,1.8874068634458174,0.33564110684131876,0.9999999999999988,0.05,0.050000000000000044,0.050000000000000044,0.03732610170820486,0.00857702864076574,0.047422586859427324,0.09999999999999998,1.0,"{'I': 1, 'W': 0, 'R': 1, 'C': 'free'}",True,True,True,0.0,3
5358,6,0.22761874860420422,0.8493925281809312,1.2483707499699719,2.5095254651406935,1.1559247405593396,1.6745300842253177,0.7968696347875823,0.9999999999999999,0.0,0.050000000000000044,0.0,0.2226533784160061,0.11917422908044802,0.3208273947428725,1.0,1.0,"{'I': 1, 'W': 0, 'R': 1, 'C': 'free'}",True,True,True,0.0,3
5358,7,0.08837052137392487,0.6746072204851222,0.5509881984744834,2.2417559550717625,1.0234430767684424,1.5527986652599168,0.22500413997915047,0.9999999999998432,0.0,1.0,0.050000000000000044,0.3774936733481693,0.18238792304072338,0.4378238128982012,1.0,1.0,"{'I': 1, 'W': 0, 'R': 1, 'C': 'free'}",True,False,True,0.0,3
5373,1,0.611877768793605,0.49086508495274317,1.6619533645022073,1.7598466444574463,1.3741716864768974,1.3112565814037969,0.921354834358136,0.9999850443573693,0.25,0.050000000000000044,0.050000000000000044,0.679181043556695,0.26889186215567995,0.5621576290497287,0.25,0.25,"{'I': 1, 'W': 0, 'R': 1, 'C': 'free'}",False,True,True,1.0,3
5373,2,0.1270129094533131,0.5608791561063151,0.3610895900358755,2.252253166479799,1.0313254141199084,1.4059601515565583,0.2186704652960133,0.9999996915480799,0.3,0.050000000000000044,0.050000000000000044,0.11920296059227098,0.09534542247433445,0.5000017711626551,0.25,0.25,"{'I': 1, 'W': 0, 'R': 1, 'C': 'free'}",False,True,True,0.0,3
5373,3,0.22392451271067554,0.7366402367311324,0.7057093968120435,2.4631625068287564,1.0686230306641071,1.5508045167902353,0.41196420668320133,0.9999999999487235,0.3,0.050000000000000044,0.010000000000000009,0.07586121800975253,0.09534217614632409,0.14804719859656307,0.30000000000000004,0.8,"{'I': 1, 'W': 0, 'R': 1, 'C': 'free'}",True,False,True,0.0,3
5373,4,0.21970372154854378,1.0197723082958146,0.8836736272993598,2.454711508090393,1.3860228651972935,1.9080830636371138,0.9617795275485672,0.9999999999968703,0.3,0.050000000000000044,0.050000000000000044,0.268930865579158,0.02297621773252114,0.26894291253057273,0.30000000000000004,0.25,"{'I': 1, 'W': 0, 'R': 1, 'C': 'free'}",False,True,True,0.6666666666666666,3
5373,5,0.2912605561643174,0.7756142534999758,1.050300422244704,2.3841604252626296,1.0921062102858319,1.7220898117862369,0.5856653704046356,1.0,0.2,0.050000000000000044,0.050000000000000044,0.9820127166064052,0.6791687668519554,0.14805337041041652,0.7,0.75,"{'I': 1, 'W': 0, 'R': 1, 'C': 'free'}",False,True,True,0.0,3
5373,6,0.18537548607017879,0.9979194270640394,0.6800043556089155,2.2991359634962514,1.0701879766397666,1.9590704878581604,0.37801554904896983,1.0,0.25,0.050000000000000044,0.09999999999999998,0.22270758905079216,0.06008431847311755,0.2689569961239966,0.30000000000000004,0.5,"{'I': 1, 'W': 0, 'R': 1, 'C': 'free'}",False,True,True,0.6666666666666666,3
5373,7,0.19568525612198812,0.7134234343612155,0.8563061223065319,2.1992645453724595,1.121082531833594,1.6001122986376033,0.8199321350643551,0.9999999999757799,0.5,1.0,0.050000000000000044,0.5000017407054755,0.14803893447383207,0.18242813568800623,0.7,0.25,"{'I': 1, 'W': 0, 'R': 1, 'C': 'free'}",False,True,True,1.0,3
5376,1,0.0782199248100046,0.7272026094592886,0.3429253778837363,2.418010458024605,1.0213126367768783,1.763348332953582,0.17287404229015513,0.999999999999984,0.0,0.050000000000000044,0.0,0.4378481618329213,0.22266938984095144,0.43783936525458483,0.25,0.25,"{'I': 1, 'W': 0, 'R': 1, 'C': 'free'}",False,True,True,1.0,3
5388,1,0.3638949623790239,0.8496677367395642,2.0911080452531987,2.731466847359023,1.1902411404660747,1.6643930393702082,0.9266372440768884,0.9999999976502576,0.3,0.050000000000000044,0.0,0.3775461543411498,0.0953392826553342,0.37752626306406006,0.25,0.25,"{'I': 1, 'W': 0, 'R': 1, 'C': 'free'}",False,True,True,1.0,3
5388,2,0.004263931665770958,0.7416628965295936,0.01939093352258165,2.6676189045921728,1.000503775312986,1.6011361189486717,0.006025554620371798,1.0,0.05,0.050000000000000044,0.0,0.04742456039492685,0.03732475462322314,0.060085517934336224,0.25,0.4,"{'I': 1, 'W': 0, 'R': 1, 'C': 'free'}",False,True,True,1.0,3
5388,3,0.2125564701997386,0.82616779123413,1.7224109627305721,2.2680867049404414,1.180344554447095,1.7633740006573841,0.9168489019053421,0.9999999999999997,0.3,0.050000000000000044,0.050000000000000044,0.18242429673873337,0.11919088592793495,0.060091906830908974,0.30000000000000004,0.25,"{'I': 1, 'W': 0, 'R': 1, 'C': 'free'}",False,True,True,0.0,3
5388,4,0.09454305916851764,0.5275286129115487,0.5611552526369366,2.1946136404456116,1.027323460317035,1.2953475633560376,0.3503421281064375,0.9999947779225076,0.3,0.050000000000000044,0.050000000000000044,0.11920488433188985,0.06008161046569349,0.18248879639095786,0.19999999999999996,0.25,"{'I': 1, 'W': 0, 'R': 1, 'C': 'free'}",True,False,True,0.0,3
5388,5,0.11396772980277022,0.6119414203544207,0.5636567476010247,2.3555383102086385,1.0303631198459076,1.3972486126656054,0.38033764527466396,0.9999999610020337,0.1,0.050000000000000044,0.050000000000000044,0.1192136091407148,0.047421317843492614,0.3208756916156114,0.09999999999999998,0.25,"{'I': 1, 'W': 0, 'R': 1, 'C': 'free'}",True,True,True,0.0,3
5388,6,0.2059682434223663,0.7256619881358702,1.4898930159888568,2.213657726478151,1.075813325310978,1.5887613373068747,0.6893943926696458,0.9999999999999866,0.1,0.050000000000000044,0.09999999999999998,0.18242800794688147,0.11919155288763394,0.22271679961988686,0.4,0.5,"{'I': 1, 'W': 0, 'R': 1, 'C': 'free'}",True,True,True,0.0,3
5388,7,0.29750171093509287,0.661842835960875,2.0280097222771833,2.5559937836748983,1.1465788650802917,1.515727729636078,0.887917686779393,0.9999999999999964,0.2,0.07999999999999996,0.050000000000000044,0.4378226685859252,0.2688944924293422,0.32087918886303324,0.4,0.25,"{'I': 1, 'W': 0, 'R': 1, 'C': 'free'}",True,False,True,0.0,3
541,1,0.03881951141813123,0.43745165530096786,0.2693642121447823,2.0364709257397013,1.0113735219192037,1.2723142774548202,0.07611281395241776,0.9999845596348197,0.0,0.050000000000000044,0.030000000000000027,0.004070087702442574,0.014063241699197154,0.022976020781472546,0.050000000000000044,0.25,"{'I': 1, 'W': 0, 'R': 1, 'C': 'free'}",False,True,True,1.0,3
541,2,0.27691548435111973,0.3559154594115628,1.5103515386043165,2.475231883134675,1.1533049345963895,1.3327481613973688,0.9623916270700309,0.9999999999999974,0.05,0.050000000000000044,0.0,0.07585606572932437,0.022974892879855553,0.02297428594943606,0.050000000000000044,0.050000000000000044,"{'I': 0, 'W': 1, 'R': 0, 'C': 'costly'}",False,True,True,0.0,3
5411,1,0.06941247891142395,0.8435598815793648,0.27372420803857456,2.430631194020973,1.0165017837108905,1.6661532287025165,0.1227268457492946,0.9999999999982254,0.0,0.050000000000000044,0.050000000000000044,0.005219973010786216,0.014061592314418787,0.03732307362494578,0.050000000000000044,0.050000000000000044,"{'I': 1, 'W': 0, 'R': 1, 'C': 'free'}",False,True,True,1.0,3
5411,2,0.09502315318699524,0.5766068101028438,0.36738107278089044,2.116673431024536,1.3228295861154842,1.4540693896149064,0.8933480494795183,0.9999999994596844,0.0,0.0,0.0,0.0052199102205759,0.010985811373093401,0.0066925959070100035,0.050000000000000044,0.050000000000000044,"{'I': 1, 'W': 0, 'R': 1, 'C': 'free'}",True,False,True,0.0,3
5411,3,0.03397560946759239,0.5101432701873362,0.36871638246727734,2.050219415102096,1.0758697130409869,1.3782997470614853,0.8963785025241765,0.9999997951181295,0.0,0.050000000000000044,0.010000000000000009,0.004069779621420991,0.006691359040510396,0.00669166462883802,0.050000000000000044,0.010000000000000009,"{'I': 0, 'W': 1, 'R': 0, 'C': 'costly'}",False,True,True,0.6666666666666666,3
5426,1,0.6992548380560728,0.8623570786911136,2.63938923077766,2.508978312760912,1.8593650102233972,1.8000759623024563,0.99623540628193,1.0,0.3,0.30000000000000004,0.050000000000000044,0.9770210958887249,0.9398986427966396,0.6791550394260067,0.75,0.75,"{'I': 1, 'W': 0, 'R': 1, 'C': 'free'}",False,True,True,0.3333333333333333,3
5426,2,0.046341803843883984,0.7094614282516278,0.19426435345697995,2.4933550048566584,1.0100313869771465,1.550863211390278,0.06748481750167346,0.9999999999999921,0.25,0.050000000000000044,0.050000000000000044,0.060083164110894136,0.09534263637810006,0.222696190473306,0.25,0.25,"{'I': 1, 'W': 0, 'R': 1, 'C': 'free'}",False,True,True,0.3333333333333333,3
5426,3,0.950629744803275,0.7483315240746455,2.3240664309350563,2.393957230095069,2.1925004881567256,1.750256797888112,0.9999923103863685,1.0,0.25,0.050000000000000044,0.050000000000000044,0.037328336832061264,0.04742150123864257,0.32085027759415574,0.30000000000000004,0.25,"{'I': 1, 'W': 0, 'R': 1, 'C': 'free'}",False,True,True,0.0,3
5426,4,0.277398027179691,0.7225829375405041,2.329781184436315,2.3568945315295275,1.1957497038938683,1.6155588368152096,0.8600551573964458,0.999999999999999,0.3,0.75,0.050000000000000044,0.6224035753920614,0.6224009630075544,0.43781525368540847,0.7,0.75,"{'I': 1, 'W': 0, 'R': 1, 'C': 'free'}",False,True,True,0.3333333333333333,3
5426,5,0.4130226572029326,0.8934420388023874,2.327758790128239,2.2640104412352415,1.206891343347458,1.7070384940055705,0.8736282192553638,1.0,0.3,1.0,0.050000000000000044,0.9933036091860922,0.9706707584620121,0.11920956060445924,0.7,0.75,"{'I': 1, 'W': 0, 'R': 1, 'C': 'free'}",True,False,True,0.0,3
5426,6,0.7923428541870919,1.0257313326475606,2.4578704393402644,2.8432556135126426,1.4337098917413256,1.9732442316482208,0.834920330057845,1.0,0.0,1.0,0.09999999999999998,0.5621307161127423,0.43778091739226765,0.18242900818853083,0.75,0.5,"{'I': 0, 'W': 1, 'R': 0, 'C': 'costly'}",False,True,True,0.0,3
5446,1,0.23002720603185853,0.467444824662697,0.6433267992597143,2.2780714015727233,1.289257814002363,1.3353737489267288,0.7192620407552567,0.9999929159146578,0.0,0.050000000000000044,0.050000000000000044,0.989002500881828,0.8173719273804351,0.029310192383268215,0.4,0.050000000000000044,"{'I': 0, 'W': 1, 'R': 0, 'C': 'costly'}",False,True,True,0.0,3
5472,1,0.6577196779471297,0.5112122384987318,2.1560639346914283,2.147158217759857,1.428931869827406,1.5825504778477726,0.917791004364582,0.9999999999828332,0.3,0.050000000000000044,0.050000000000000044,0.8808082056124004,0.5621356245672113,0.8175554151832953,0.5,0.25,"{'I': 1, 'W': 0, 'R': 1, 'C': 'free'}",False,True,True,0.3333333333333333,3
5472,2,0.1906094480722443,0.8307640482191383,0.6885746288819993,2.4554486179767907,1.2050740717221413,1.7388428597023329,0.7290408608556148,0.9999999999999978,0.3,0.09999999999999998,0.15000000000000002,0.014063042133771486,0.0758506745799604,0.11920085770898343,0.4,0.5,"{'I': 1, 'W': 0, 'R': 1, 'C': 'free'}",False,True,True,0.0,3
5472,3,0.07203310429880146,0.6726755653211334,0.48147233909082826,2.3704374284667358,1.0162717581456038,1.5308707598812679,0.1068364276548609,0.999999999991989,0.15,0.050000000000000044,0.010000000000000009,0.09534452659972688,0.11919442698618395,0.5000449544008698,0.4,1.0,"{'I': 1, 'W': 0, 'R': 1, 'C': 'free'}",True,True,True,0.0,3
5472,4,0.2854214994317908,0.7695442638972482,1.129703666030128,2.5149274452134627,1.1920067168229753,1.5936209866068813,0.7941780556790035,1.0,0.3,0.75,0.050000000000000044,0.562159087970604,0.32080348963040717,0.4378203173681694,1.0,0.8,"{'I': 1, 'W': 0, 'R': 1, 'C': 'free'}",False,True,True,1.0,3
5472,5,0.1800211600970387,0.9639571869256623,0.8338341619525818,2.227831086144615,1.0591082466898336,2.1025445276894743,0.3310131942605722,1.0,0.0,0.050000000000000044,0.050000000000000044,0.07585359913640655,0.037323414179089756,0.3208334275293456,0.5,0.75,"{'I': 1, 'W': 0, 'R': 1, 'C': 'free'}",True,True,True,0.0,3
5472,6,0.2833535592370226,1.0375441189140384,1.3766848233833655,2.5656552866310682,1.185015368427173,2.1791085475727656,0.7829877971646888,1.0,0.1,0.09999999999999998,0.75,0.3775770395021842,0.2226762954667002,0.5621840361933801,1.0,1.0,"{'I': 1, 'W': 0, 'R': 1, 'C': 'free'}",False,True,True,0.0,3
5472,7,0.31763702304830027,1.0311932736669818,0.7043730305747755,2.4336004921834102,1.2175806991347606,2.1066357401410127,0.6930882827188518,1.0,0.0,0.050000000000000044,0.050000000000000044,0.029312103560123155,0.07585408224214384,0.060086350088909425,0.4,0.7,"{'I': 1, 'W': 0, 'R': 1, 'C': 'free'}",False,True,True,1.0,3
5483,1,0.17223311974702396,0.8991540578985493,1.1396810976865124,2.341974508367624,1.0502452257294463,1.9150102460367435,0.44472079662051556,0.9999999999999715,0.3,0.050000000000000044,0.050000000000000044,0.9240943356680908,0.2689382734679918,0.8175548864778092,0.5,0.25,"{'I': 0, 'W': 1, 'R': 0, 'C': 'costly'}",False,True,True,0.0,3
5486,1,0.2267933512432664,0.5100261984495961,0.7276736975735212,1.7157010540560835,1.3276791851744902,1.455325036487187,0.8174250794510064,0.9999601819506868,0.01,0.050000000000000044,0.050000000000000044,0.9859360705317658,0.7310656961089124,0.22269874495981015,0.25,0.050000000000000044,"{'I': 0, 'W': 1, 'R': 0, 'C': 'costly'}",False,True,True,0.0,3
5503,1,0.02265756134349844,0.9003889089110357,0.19621700925114663,2.4799999640337425,1.004448329361859,1.8855961279932938,0.039158852738588545,1.0,0.0,0.050000000000000044,0.30000000000000004,0.22266526044346593,0.1823519514859062,0.14802310247031658,0.5,0.75,"{'I': 1, 'W': 0, 'R': 1, 'C': 'free'}",False,True,True,1.0,3
5503,2,0.39863571720929386,0.71527674747318,1.1429787861951923,2.1392199725952996,1.3710256673701675,1.631580002386453,0.8901801358683323,1.0,0.05,0.050000000000000044,0.0,0.017985443731630312,0.06008054307123114,0.047424770925610406,0.25,0.25,"{'I': 1, 'W': 0, 'R': 1, 'C': 'free'}",False,True,True,1.0,3
5503,3,0.3998504451804673,0.687999516554744,1.3119966226130124,2.0959306447468022,1.1658302358266168,1.4928972670869403,0.658372519500482,0.9999999999999603,0.1,0.050000000000000044,0.010000000000000009,0.006692663220348954,0.014061945010529936,0.022977646102619133,0.050000000000000044,0.25,"{'I': 1, 'W': 0, 'R': 1, 'C': 'free'}",True,False,True,0.0,3
5503,4,0.8761007290935883,0.6820121609292152,1.7318487827840374,2.1012525872606322,2.156704090573531,1.5653430393484578,0.9953924923426509,1.0,0.1,0.050000000000000044,0.050000000000000044,0.047424069063520216,0.07585207707945908,0.03732700989712632,0.050000000000000044,0.25,"{'I': 1, 'W': 0, 'R': 1, 'C': 'free'}",False,True,True,0.0,3
5503,5,0.2101736340471853,0.750080167903437,0.9220305751907263,2.262625731204132,1.249887567421125,1.5356504109346363,0.7901527110844775,1.0,0.05,0.050000000000000044,0.010000000000000009,0.010986680718625994,0.017983703009393014,0.008577311282919213,0.050000000000000044,0.25,"{'I': 1, 'W': 0, 'R': 1, 'C': 'free'}",True,True,True,0.0,3
5503,6,0.05751526956382624,0.8466051035332681,0.22791391133051156,2.493489703796936,1.012017738206406,1.7814854322797935,0.08022176792138302,0.9999999999999997,0.05,0.050000000000000044,0.030000000000000027,0.005220040210152231,0.006692271175428439,0.01098676979643949,0.050000000000000044,0.25,"{'I': 1, 'W': 0, 'R': 1, 'C': 'free'}",True,False,True,0.0,3
5503,7,0.6313865664342154,0.6387323513421885,1.2595676221465346,2.649341816844983,1.911673284589294,1.616292768728133,0.9892822332046597,1.0,0.2,0.050000000000000044,0.050000000000000044,0.04742326497332526,0.09533303100660746,0.22271388841636272,0.050000000000000044,0.25,"{'I': 1, 'W': 0, 'R': 1, 'C': 'free'}",True,True,True,0.0,3
5504,1,0.22933340159449375,0.5822859367935359,0.46927690545256845,1.6584033299037748,1.0790251665208614,1.3503741926906747,0.3664067295085872,0.9999728290096073,0.25,0.050000000000000044,0.030000000000000027,0.8808336740850627,0.49992433643421746,0.03732467891266291,0.25,0.050000000000000044,,False,True,False,0.0,3
5504,2,0.3392229041597818,0.7480396052475308,0.6954159599397753,2.1446367275058953,1.192210292824908,1.519671105825262,0.7549938057011616,0.9999998115203035,0.1,0.0,0.0,0.37756479407167054,0.3775196379285331,0.2227028676522757,0.050000000000000044,0.9,"{'I': 1, 'W': 0, 'R': 1, 'C': 'free'}",False,True,True,1.0,3
5504,3,0.35018941344319227,0.9324725892030727,0.827312808899277,2.5844493461652154,1.1561832968949095,1.8361322202443717,0.637912807557756,1.0,0.3,0.050000000000000044,0.0,0.07586000382169876,0.18240926140898792,0.18244814398011475,0.30000000000000004,0.25,"{'I': 1, 'W': 0, 'R': 1, 'C': 'free'}",False,True,True,1.0,3
5504,4,0.2954024909313262,0.8536465667249153,0.718204190540794,2.401031422999434,1.191234869444594,1.6383098662041526,0.7929746998947919,0.9999999999999973,0.25,0.050000000000000044,0.050000000000000044,0.017986539531308975,0.060074454842735554,0.06009333121243866,0.25,0.25,"{'I': 1, 'W': 0, 'R': 1, 'C': 'free'}",False,True,True,0.6666666666666666,3
5504,5,0.36584879834514683,0.7192652005026604,0.8339495693108486,2.397694747875545,1.2051378096048824,1.6732048216956856,0.7752465829055715,1.0,0.25,0.050000000000000044,0.050000000000000044,0.37752178106142087,0.11918948304643343,0.09535879590702263,0.30000000000000004,0.30000000000000004,"{'I': 1, 'W': 0, 'R': 1, 'C': 'free'}",True,True,True,0.0,3
5504,6,0.25395314714654077,0.9697570153597278,1.0130282765879834,2.5647279404887526,1.2263066875769195,2.0707676405287323,0.8699803378038892,1.0,0.3,0.050000000000000044,0.09999999999999998,0.0373270136324603,0.037321089044046095,0.029314748310161218,0.30000000000000004,0.30000000000000004,"{'I': 1, 'W': 0, 'R': 1, 'C': 'free'}",False,True,True,0.0,3
5504,7,0.1526428723896723,1.027246851361109,0.706262147769014,2.596435834324506,1.1247803960532128,2.0880842028596716,0.6096464861829685,1.0,0.05,0.050000000000000044,0.050000000000000044,0.03732868747679082,0.02297414249747842,0.029316713184202977,0.30000000000000004,0.25,"{'I': 1, 'W': 0, 'R': 1, 'C': 'free'}",False,True,True,0.0,3
553,1,0.38084169847303034,0.5827930829853866,2.1333091215211226,2.243562153547999,1.1931387144893275,1.3832774800506586,0.7959288742458033,0.9999999099394347,0.1,0.050000000000000044,0.030000000000000027,0.18241759078302125,0.377506944917074,0.32079205948240086,0.25,0.25,"{'I': 1, 'W': 0, 'R': 1, 'C': 'free'}",False,True,True,0.6666666666666666,3
553,2,0.15258357078113668,0.854800488756842,0.4968446215274761,2.546076189340375,1.0519768049230709,1.7577859381307965,0.39752593199687236,0.9999999999999891,0.25,0.050000000000000044,0.0,0.18242028894263582,0.18240965776784693,0.26894247717561315,0.4,0.4,"{'I': 1, 'W': 0, 'R': 1, 'C': 'free'}",False,True,True,1.0,3
553,3,0.7441728055893653,0.8251198646888995,1.9964879058530778,2.2037447271301165,1.4478604612902326,1.6924706908638085,0.9829389322488494,0.9999999999986912,0.3,0.050000000000000044,0.0,0.5621422483161704,0.3774569683624613,0.4378414133932135,0.30000000000000004,0.5,"{'I': 1, 'W': 0, 'R': 1, 'C': 'free'}",False,True,True,0.3333333333333333,3
553,4,0.21567154417865073,0.8596622468133219,0.9419216707383615,2.053298495073788,1.0815587279491017,1.963236278201591,0.5778674605460425,0.9999999999999913,0.3,0.050000000000000044,0.050000000000000044,0.09534793867340682,0.06008227241898737,0.11920530427561066,0.30000000000000004,0.30000000000000004,"{'I': 1, 'W': 0, 'R': 1, 'C': 'free'}",True,False,True,0.0,3
553,5,0.17470178880556916,0.9597467890890157,0.8416289484606849,2.180848887272066,1.0909004844013024,1.9573363832073634,0.6159714438773977,0.9999999999994376,0.3,0.050000000000000044,0.010000000000000009,0.3208118287611318,0.11919544629632545,0.2689586965115203,1.0,0.7,"{'I': 1, 'W': 0, 'R': 1, 'C': 'free'}",True,False,True,0.0,3
553,6,0.18615661250126012,0.7471482131450916,0.969614342394305,2.1155783729193534,1.0657869507835767,1.5810416741538582,0.5038355820526486,0.9999999999714239,0.2,0.050000000000000044,0.0,0.18241782917531718,0.029307912932200208,0.14805457352384613,0.7,0.8,"{'I': 1, 'W': 0, 'R': 1, 'C': 'free'}",True,False,True,0.0,3
553,7,0.1726874997217824,1.0014970442355267,0.6700255802865497,2.385942477868556,1.0556054223651126,1.8481084211616166,0.44858031795115505,0.9999999999999539,0.3,0.050000000000000044,0.050000000000000044,0.2689280373779707,0.07585360756720674,0.18243399081920508,0.30000000000000004,0.75,"{'I': 1, 'W': 0, 'R': 1, 'C': 'free'}",True,False,True,0.0,3
5532,1,0.7195604319500958,0.8714402957538159,2.137188242635304,2.00548105081229,1.6764334991348797,1.5439848655792974,0.9731282663239047,0.9999996144003115,0.25,0.050000000000000044,0.050000000000000044,0.43782136962532303,0.3775044427812236,0.43781482490412316,0.25,0.4,"{'I': 1, 'W': 0, 'R': 1, 'C': 'free'}",False,True,True,1.0,3
5532,2,0.080338543867423,0.913985215572148,0.5412896487207692,2.483004554461247,1.0372599524142476,1.6504360737846346,0.2259184322824762,0.9999999999021728,0.05,0.050000000000000044,0.050000000000000044,0.014063469948339305,0.022976050715646755,0.03732577561937393,0.25,0.19999999999999996,"{'I': 1, 'W': 0, 'R': 1, 'C': 'free'}",False,True,True,1.0,3
5532,3,0.5469495119928204,0.958360870030606,1.6237327832608672,2.2420251141625944,1.2999482885780216,2.01019496969927,0.9056666384541806,0.9999999999999993,0.25,0.050000000000000044,0.050000000000000044,0.4378830125827175,0.4378082444211446,0.37755788902466125,0.30000000000000004,0.25,"{'I': 1, 'W': 0, 'R': 1, 'C': 'free'}",False,True,True,1.0,3
5532,4,0.22703664487721648,0.8140102956025371,0.9646001782618536,2.44208242898503,1.1283782448876212,1.7284033135946202,0.8156538216447047,1.0,0.25,0.050000000000000044,0.050000000000000044,0.0229764061605658,0.017985707090048545,0.18243493259077456,0.30000000000000004,0.30000000000000004,"{'I': 1, 'W': 0, 'R': 1, 'C': 'free'}",False,True,True,1.0,3
5532,5,0.4747855643064011,1.058490515679437,1.3606319036441767,2.492825077875049,1.3356031755786124,2.0861924141567196,0.8680960202302974,1.0,0.05,0.050000000000000044,0.050000000000000044,0.07585915217432256,0.0758503767760199,0.11922640966516748,0.25,0.30000000000000004,"{'I': 1, 'W': 0, 'R': 1, 'C': 'free'}",False,True,True,0.0,3
5532,6,0.21250618273091332,0.8459986797903329,0.7931702119305967,2.636561302931601,1.0946236588562916,1.8485995489521272,0.7179719066269991,1.0,0.2,0.050000000000000044,0.09999999999999998,0.5000630690278255,0.22267330813871344,0.1824686023303495,0.30000000000000004,0.7,"{'I': 1, 'W': 0, 'R': 1, 'C': 'free'}",True,True,True,0.0,3
5532,7,0.2515432742864759,0.9817998949643713,0.8326325734895655,2.5331628528104666,1.1694536905958748,1.9197257680574789,0.7555709943909785,0.9999999999999999,0.3,0.050000000000000044,0.050000000000000044,0.2689688742096125,0.26894491010708205,0.43787252076934696,0.7,0.7,"{'I': 1, 'W': 0, 'R': 1, 'C': 'free'}",False,True,True,1.0,3
5540,1,0.029682383443998234,0.554808304912969,0.16357305981304246,2.0419357360893033,1.0056209971950865,1.4301548293169628,0.03847701452669283,0.9999999998863722,0.25,0.050000000000000044,0.09999999999999998,0.22269478009197963,0.3207997901327714,0.5000097127698294,0.25,0.25,"{'I': 1, 'W': 0, 'R': 1, 'C': 'free'}",False,True,True,1.0,3
5540,2,0.27648002807857075,0.4215458788915801,0.9483055870152588,1.4620702711091222,1.1308375068168302,1.342691467809655,0.6693274380698283,0.9998921706728272,0.25,0.09999999999999998,0.0,0.0758605588160919,0.04742126682921593,0.1480503417844277,0.050000000000000044,0.050000000000000044,"{'I': 1, 'W': 0, 'R': 1, 'C': 'free'}",False,True,True,0.6666666666666666,3
5540,3,0.11326719789265355,0.3750884595348821,0.5956792428412994,1.7861955795370639,1.0445529207968183,1.2174838028175032,0.3244990410420756,0.9993115666664899,0.1,0.050000000000000044,0.0,0.02297695488611162,0.0373227069730833,0.09535167669642267,0.050000000000000044,0.25,"{'I': 1, 'W': 0, 'R': 1, 'C': 'free'}",True,False,True,0.0,3
5540,4,0.07639056831178911,0.49370209243486546,0.3983820469126438,1.929394622153448,1.0183449090748813,1.4576952907193308,0.15092524090843784,0.9999999990038408,0.1,0.050000000000000044,0.050000000000000044,0.022976676440009565,0.01798481423992217,0.11919777972208258,0.19999999999999996,0.25,"{'I': 1, 'W': 0, 'R': 1, 'C': 'free'}",False,True,True,1.0,3
5540,5,0.08699004176255798,0.7124244294117507,0.6307481536944832,2.277704911258496,1.024784680444789,1.771512108980417,0.1778728246162794,0.9999999999999993,0.3,0.050000000000000044,0.050000000000000044,0.04742582923599469,0.03732352017515474,0.1480493219842459,0.19999999999999996,0.25,"{'I': 1, 'W': 0, 'R': 1, 'C': 'free'}",False,True,True,1.0,3
5540,6,0.20011735645440062,0.4965360825274477,0.6695272148176652,2.6401101865444656,1.069893300006848,1.3476414877434086,0.33325895263902594,0.9999999588603332,0.05,0.050000000000000044,0.0,0.0066920579485499655,0.006691436207538025,0.004069794495101477,0.050000000000000044,0.050000000000000044,"{'I': 0, 'W': 1, 'R': 0, 'C': 'costly'}",False,True,True,1.0,3
5545,1,0.6796832839109743,0.9996914794104634,1.315887449158291,2.506808279910029,1.449465703594762,1.8245773493324138,0.9755701634059141,0.9999999956065361,0.3,0.050000000000000044,0.050000000000000044,0.8808043057807446,0.8175320774129566,0.904677966413646,0.25,0.5,"{'I': 1, 'W': 0, 'R': 1, 'C': 'free'}",False,True,True,1.0,3
5545,2,0.273673933499013,1.0626098746407473,0.5379279352265145,2.5466571675929273,1.0827366983699167,2.037595282498997,0.4705595198749607,1.0,0.2,0.050000000000000044,0.0,0.6791916851311692,0.5621499859915113,0.14807791234751216,0.7,0.4,"{'I': 1, 'W': 0, 'R': 1, 'C': 'free'}",False,True,True,0.0,3
5545,3,0.03216450883466825,0.9756932904130144,0.14221267683796418,2.5437872133238044,1.0056417319666442,1.9173925754106491,0.044009225436042576,1.0,0.3,0.050000000000000044,0.0,0.06008159073066766,0.06007756824722648,0.09535269096135408,0.30000000000000004,0.8,"{'I': 1, 'W': 0, 'R': 1, 'C': 'free'}",True,False,True,0.0,3
5545,4,0.09743895716059776,1.0826693126922506,0.5866919863857523,2.684490721323022,1.0436618784559133,2.0392480739416547,0.2895697640449394,0.999999999999795,0.2,0.050000000000000044,0.050000000000000044,0.07585199276601243,0.029308228278320515,0.18243457781306927,0.19999999999999996,0.30000000000000004,"{'I': 1, 'W': 0, 'R': 1, 'C': 'free'}",False,True,True,1.0,3
5545,5,0.08313721363308489,1.0426803135157794,0.5906740463090192,2.6575606379093224,1.0414727948250397,2.0150943327780957,0.27753541813916205,1.0,0.05,0.050000000000000044,0.050000000000000044,0.017985803246937267,0.006690387362588636,0.006692043095121939,0.09999999999999998,0.050000000000000044,"{'I': 1, 'W': 0, 'R': 1, 'C': 'free'}",True,False,True,0.0,3
5545,6,0.19794845428811172,1.0659998390185628,0.7927364900669605,2.7516172103457954,1.0710329352324872,2.0977783906214658,0.4224662188220548,1.0,0.05,0.050000000000000044,0.050000000000000044,0.14803601781438436,0.060064095156015795,0.037326699788141925,0.19999999999999996,0.19999999999999996,"{'I': 1, 'W': 0, 'R': 1, 'C': 'free'}",False,True,True,0.0,3
5545,7,0.3594417603083912,0.936559436246668,0.8009405932617512,2.2567299391650217,1.1853151204273609,1.7072355728230755,0.8173323023168619,0.9999999985111572,0.05,0.050000000000000044,0.050000000000000044,0.7773140991292192,0.37753619997592136,0.3208679842821228,0.25,0.25,"{'I': 1, 'W': 0, 'R': 1, 'C': 'free'}",False,False,True,0.0,3
5571,1,0.124420803921587,0.6597840861332582,0.728571819989301,1.8984414242522136,1.1024654594624281,1.4228452674242469,0.44305789843230425,0.999999999842272,0.0,0.050000000000000044,0.050000000000000044,0.09534254224313335,0.1191810767009566,0.11919463514581738,0.050000000000000044,0.25,"{'I': 1, 'W': 0, 'R': 1, 'C': 'free'}",False,True,True,1.0,3
5571,2,0.1701717255240205,0.5963778458943246,0.6772657507329093,2.3863412997724174,1.086091769734453,1.3828812363357754,0.28132273020286414,0.9999995379593105,0.0,0.050000000000000044,0.030000000000000027,0.01798542856826097,0.0179830727220649,0.014063279353976547,0.050000000000000044,0.050000000000000044,"{'I': 1, 'W': 0, 'R': 1, 'C': 'free'}",False,True,True,1.0,3
5571,3,0.4513830467397293,0.8143696761048952,1.0596832592324357,2.4161248042062184,1.1868295795604311,1.6546193973307395,0.6421757008369405,0.9999999999999997,0.0,0.050000000000000044,0.010000000000000009,0.11920317985995502,0.029310152241597668,0.01798666108389435,0.050000000000000044,0.050000000000000044,"{'I': 1, 'W': 0, 'R': 1, 'C': 'free'}",False,True,True,1.0,3
5571,4,0.08694790304149691,0.601044378416685,0.2749144221698465,2.000406896982941,1.0215845089208528,1.4826182256112916,0.12026026633021747,0.9999999999948469,0.05,0.050000000000000044,0.050000000000000044,0.008577003894349938,0.01098609025776942,0.04742681007435199,0.050000000000000044,0.050000000000000044,"{'I': 1, 'W': 0, 'R': 1, 'C': 'free'}",True,False,True,0.0,3
5571,5,0.0019483341656982192,0.6963492498097484,0.008448551158264256,2.2861385630266833,1.0002206309645076,1.7304797384820498,0.0013227641497085552,1.0,0.0,0.050000000000000044,0.010000000000000009,0.02297679322231685,0.017985089786059536,0.037327594267629514,0.09999999999999998,0.050000000000000044,"{'I': 1, 'W': 0, 'R': 1, 'C': 'free'}",True,False,True,0.0,3
5571,6,0.008988397052010523,0.6901792718079209,0.03451106635612226,2.2917464284751894,1.0012989010357292,1.6381792125527188,0.007758098554983994,0.9999999999999883,0.0,0.050000000000000044,0.030000000000000027,0.02297668288966468,0.022975742819209378,0.02931308584382627,0.09999999999999998,0.09999999999999998,"{'I': 1, 'W': 0, 'R': 1, 'C': 'free'}",True,False,True,0.0,3
5571,7,0.0018939655899376893,0.9049214110648297,0.005050264775962562,2.713164617973621,1.0001966167387033,1.7895435256577557,0.0011788890366974947,1.0,0.0,0.050000000000000044,0.050000000000000044,0.047425829604259735,0.0229772196689745,0.3208408263685328,0.050000000000000044,0.09999999999999998,"{'I': 1, 'W': 0, 'R': 1, 'C': 'free'}",True,False,True,0.0,3
5573,1,0.07566111962096224,0.719510401018541,0.2680323605601154,2.412700636447754,1.0146530872715627,1.5248501479360883,0.09681455113860737,0.9999999999994706,0.0,0.050000000000000044,0.030000000000000027,0.02297628119227998,0.029309281036517067,0.09534093736785211,0.25,0.25,"{'I': 1, 'W': 0, 'R': 1, 'C': 'free'}",False,True,True,1.0,2
5573,2,0.4305470212136641,0.5185210354245426,0.804364252436098,1.8948091810556662,1.493958800884373,1.3737723870017833,0.9397954031311178,0.9999999999973989,0.05,0.050000000000000044,0.0,0.010986228231532301,0.008577029885296062,0.010986559207176038,0.050000000000000044,0.050000000000000044,"{'I': 1, 'W': 0, 'R': 1, 'C': 'free'}",True,False,True,0.0,2
5573,3,0.12857313213610758,0.7538786066966918,0.6197953983553303,2.53830662310029,1.3262603839372467,1.766381585363663,0.8955352853765292,1.0,0.05,0.050000000000000044,0.010000000000000009,0.014061432955263546,0.01098473991226588,0.017985671384740914,0.050000000000000044,0.09999999999999998,"{'I': 0, 'W': 1, 'R': 0, 'C': 'costly'}",False,True,True,0.5,2
5615,1,0.043801061650063255,0.7623157396485372,0.14414851284168653,2.0760569011982746,1.0082723836405483,1.670871517983741,0.04822834396643261,0.9999999999999989,0.0,0.050000000000000044,0.050000000000000044,0.03732331643726548,0.1823620028202859,0.22267452384349254,0.25,0.25,"{'I': 1, 'W': 0, 'R': 1, 'C': 'free'}",False,True,True,1.0,3
5615,2,0.5398630961713358,0.4737701502538545,1.0033413927934907,1.9197670754349943,1.1959144326918887,1.2501615246776727,0.5912107520722067,0.9999153898255946,0.0,0.09999999999999998,0.050000000000000044,0.8519815216755938,0.6224514266345242,0.32084099230434576,0.6,0.4,"{'I': 1, 'W': 0, 'R': 1, 'C': 'free'}",False,True,True,0.6666666666666666,3
5615,3,0.45970409196681594,0.6401897922993434,1.019712645677907,2.6182275785804894,1.222870892512942,1.5020264779365364,0.6343235761881069,0.9999999985340452,0.2,0.050000000000000044,0.09999999999999998,0.6791913671873914,0.26892653166706826,0.320902132056046,0.5,0.25,"{'I': 1, 'W': 0, 'R': 1, 'C': 'free'}",False,True,True,0.0,3
5615,4,0.07100162125639052,0.8418738745604927,0.3295064872180027,2.608876717264853,1.0139535544426164,1.8410380720727517,0.07978008451753404,1.0,0.05,0.050000000000000044,0.050000000000000044,0.014062205141967017,0.029306629184988064,0.06009286943935798,0.19999999999999996,0.25,"{'I': 1, 'W': 0, 'R': 1, 'C': 'free'}",True,True,True,0.0,3
5615,5,0.6186612103674765,0.6202465995068752,0.9049620044962644,2.270421536300339,1.4221863027540647,1.4475785308041247,0.8281230881224286,0.9999999999638373,0.0,0.050000000000000044,0.050000000000000044,0.8519746636434422,0.4377510124087334,0.32105495894305164,0.5,0.75,"{'I': 1, 'W': 0, 'R': 1, 'C': 'free'}",False,True,True,0.0,3
5615,6,0.2207322176073761,0.6889584926005091,0.6295488202376204,2.1766572396096815,1.1001231823984499,1.5393627711472346,0.37942622643501467,0.9999999993388622,0.05,0.09999999999999998,0.050000000000000044,0.14808422402745264,0.07585293565398553,0.11922796050165728,0.09999999999999998,0.19999999999999996,"{'I': 1, 'W': 0, 'R': 1, 'C': 'free'}",True,True,True,0.0,3
5615,7,0.22901387770015313,0.6809611650750247,0.6661290049783682,2.4947384664551997,1.1317264544184107,1.6101383603150217,0.4613673674408808,0.9999999999891295,0.3,0.050000000000000044,0.050000000000000044,0.5621973948945487,0.18239582931315246,0.3208992675948805,0.4,0.25,"{'I': 1, 'W': 0, 'R': 1, 'C': 'free'}",True,False,True,0.0,3
562,1,0.08585127360922126,0.6590735612439952,0.5861730279117126,2.3355544048612242,1.0331876022187645,1.663683005779231,0.2546035428486727,0.9999999695490907,0.0,0.050000000000000044,0.050000000000000044,0.014063174268410902,0.03732289559635588,0.04742404510741632,0.050000000000000044,0.050000000000000044,"{'I': 1, 'W': 0, 'R': 1, 'C': 'free'}",False,True,True,1.0,3
562,2,0.2930312950080341,0.5115010972845363,0.809889742644999,1.9054812874065525,1.1311458066061943,1.3922829670933836,0.3891625707961127,0.9999987201116504,0.1,0.010000000000000009,0.0,0.06007979882739539,0.01406027577414987,0.017984772724404872,0.050000000000000044,0.050000000000000044,"{'I': 0, 'W': 1, 'R': 0, 'C': 'costly'}",False,True,True,1.0,3
5630,1,0.12964030984581892,0.5348200269357388,0.5895389305629313,1.8354680490943047,1.0378513451189215,1.4218334551991432,0.19981743424627374,0.9999999998349249,0.0,0.050000000000000044,0.050000000000000044,0.320807240166806,0.3207656976306176,0.18242021413253473,0.4,0.25,"{'I': 1, 'W': 0, 'R': 1, 'C': 'free'}",False,True,True,1.0,3
5630,2,0.4978861545816705,0.8805687715647961,2.1426332811651383,2.6122939826037617,1.805322044056152,1.882780536664236,0.9972807248857313,1.0,0.25,0.30000000000000004,0.050000000000000044,0.9770285396973818,0.7772814086537115,0.8808081190917753,0.5,0.5,"{'I': 1, 'W': 0, 'R': 1, 'C': 'free'}",False,True,True,0.6666666666666666,3
5630,3,0.35069234334216925,0.8215373385943655,1.042920684030552,2.5061693748766207,1.1172373310683306,1.713318975994155,0.6699759319801073,1.0,0.1,0.050000000000000044,0.30000000000000004,0.7310746641977789,0.32082038620051734,0.7310953718210067,0.7,0.8,"{'I': 1, 'W': 0, 'R': 1, 'C': 'free'}",True,False,True,0.0,3
5630,4,0.14953075084751713,0.8689377797266792,0.8918148148204817,2.514472632969765,1.1574238707663143,1.7875303144007444,0.5840459187874867,1.0,0.25,0.050000000000000044,0.050000000000000044,0.1480416891658758,0.04742335563853902,0.3775439071794478,0.7,0.8,"{'I': 1, 'W': 0, 'R': 1, 'C': 'free'}",True,True,True,0.0,3
5630,5,0.27440328775984313,0.8526486152755495,1.4636582981481425,2.504488411507088,1.1463557163201115,1.6992256588741075,0.7448438793038575,1.0,0.3,0.050000000000000044,0.75,0.047426505721901165,0.11919334445617641,0.22270109052160794,1.0,1.0,"{'I': 1, 'W': 0, 'R': 1, 'C': 'free'}",False,True,True,1.0,3
5630,6,0.34933484064836956,0.796367141060365,2.174000208948691,2.1282898591204193,1.1872211348824742,1.72127101900039,0.8724675895129456,1.0,0.3,0.09999999999999998,0.19999999999999996,0.14806514136161486,0.09534802982300243,0.7311182584142915,0.7,0.8,"{'I': 1, 'W': 0, 'R': 1, 'C': 'free'}",False,True,True,1.0,3
5630,7,0.009404052129997549,0.5631864280850776,0.050633827272896295,2.243208573269332,1.001333086758342,1.4849634487260983,0.01585928375995116,0.9999999999997085,0.25,0.19999999999999996,0.050000000000000044,0.1192118944243898,0.022977282883367863,0.8808121279049809,0.7,0.8,"{'I': 1, 'W': 0, 'R': 1, 'C': 'free'}",False,True,True,0.0,3
564,1,0.07274967667458249,0.7526406897860051,0.42696812821981606,1.9617427476941365,1.0273875331003541,1.6323903376890014,0.14965678391298531,0.999999999986005,0.0,0.050000000000000044,0.010000000000000009,0.010986563518001254,0.010986404783966725,0.022975526216471778,0.25,0.25,"{'I': 1, 'W': 0, 'R': 1, 'C': 'free'}",False,True,True,1.0,3
564,2,0.39033178164077215,0.5280966362688483,1.1960642298194506,1.8003544187956082,1.368789772642466,1.3493389489172052,0.8479524276009275,0.9999793156458572,0.0,0.0,0.0,0.047424795286458384,0.11919511955477102,0.9046496693836139,0.5,0.5,"{'I': 1, 'W': 0, 'R': 1, 'C': 'free'}",True,False,True,0.0,3
564,3,0.6299610559317697,0.9424881073362915,2.0929133759949647,1.9751620185798242,1.7226092597190439,1.732821182198355,0.9999936336443362,0.9999999770976494,0.1,1.0,1.0,0.8175314799393218,0.3775117283056217,0.7772905160177074,1.0,1.0,"{'I': 0, 'W': 1, 'R': 0, 'C': 'costly'}",False,True,True,0.0,3
565,1,0.053028467859740934,1.112399009035033,0.30732877898217603,2.3964619156809484,1.0144309339619872,2.0553298497890755,0.08237529903748553,0.9999999999999277,0.05,0.050000000000000044,0.050000000000000044,0.9525931497716852,0.7309642461103172,0.4378008752653989,0.25,0.050000000000000044,"{'I': 0, 'W': 1, 'R': 0, 'C': 'costly'}",False,True,True,0.0,3
5660,1,0.1837596261801114,0.5706976279462549,0.8560105409217132,1.9180515125150597,1.1325739573901865,1.4421634264670118,0.46337964257532027,0.9999960779984368,0.0,0.050000000000000044,0.030000000000000027,0.43778551735475774,0.37748864481141853,0.09534504738812574,0.050000000000000044,0.050000000000000044,"{'I': 1, 'W': 0, 'R': 1, 'C': 'free'}",False,True,True,1.0,3
5660,2,0.007951233613739344,0.8994090563718059,0.03404327983788059,2.5473040852851185,1.0010641458046206,1.7810025546739177,0.006361161616870947,0.999999999999707,0.0,0.050000000000000044,0.0,0.03732477721318781,0.029308199520605524,0.060084783295580445,0.050000000000000044,0.4,"{'I': 1, 'W': 0, 'R': 1, 'C': 'free'}",False,True,True,1.0,3
5660,3,0.18429029976635217,0.6951712108118976,1.0472370922708036,2.5126020890145924,1.219956832730377,1.5564299258295653,0.6966575308960279,0.9999999999928141,0.0,0.050000000000000044,0.010000000000000009,0.1480232095450115,0.02929972945377946,0.022977214104214605,0.050000000000000044,0.050000000000000044,"{'I': 1, 'W': 0, 'R': 1, 'C': 'free'}",True,False,True,0.0,3
5660,4,0.0009312393772676335,0.6961047223055837,0.0032059647675121805,1.921546627187172,1.0000848946157133,1.6244156142496906,0.00042436499354059354,0.9999999999999798,0.0,0.050000000000000044,0.050000000000000044,0.022977409493898482,0.017984393649615876,0.014063569124521056,0.09999999999999998,0.09999999999999998,"{'I': 1, 'W': 0, 'R': 1, 'C': 'free'}",False,True,True,1.0,3
5660,5,0.04746772441316207,0.870309483586683,0.2022990726487877,2.3228338908750485,1.0089570892298678,1.8611720073311915,0.04360671280250761,0.9999999999999998,0.0,0.050000000000000044,0.050000000000000044,0.017985680254993502,0.014062553644251295,0.07586734152440397,0.09999999999999998,0.09999999999999998,"{'I': 1, 'W': 0, 'R': 1, 'C': 'free'}",True,False,True,0.0,3
5660,6,0.3549087742497223,0.9669160013668542,1.6513688789079264,2.64755422143481,1.2903307188918056,1.8834063078466894,0.8698657220109378,1.0,0.05,0.09999999999999998,0.050000000000000044,0.6224821319676376,0.11918286804436741,0.09536066599767141,0.050000000000000044,0.050000000000000044,"{'I': 1, 'W': 0, 'R': 1, 'C': 'free'}",False,True,True,0.0,3
5660,7,0.14724395650112623,0.7971890642580243,0.6050928375211624,2.5057511568824187,1.0457870540936842,1.772925017953262,0.2690340104325162,1.0,0.0,0.050000000000000044,0.050000000000000044,0.01798396752764718,0.014062012180303356,0.022977649457800512,0.050000000000000044,0.09999999999999998,"{'I': 1, 'W': 0, 'R': 1, 'C': 'free'}",True,False,True,0.0,3
5671,1,0.32134820732435154,0.589083858141183,1.4273854147638116,2.3472678317159774,1.110557556527941,1.5921434892813133,0.5678132701580378,0.9999999999987893,0.3,0.050000000000000044,0.050000000000000044,0.14804352688361594,0.22268081307979423,0.377522393813918,0.25,0.25,"{'I': 1, 'W': 0, 'R': 1, 'C': 'free'}",False,True,True,1.0,3
5671,2,0.09277129701045461,0.825560814958369,0.6372742654188555,2.574328327486002,1.0319660400964452,1.6768825539867849,0.1976900844894861,1.0,0.1,0.09999999999999998,0.0,0.017985452830676346,0.017985410091719785,0.04743066347519685,0.30000000000000004,0.4,"{'I': 1, 'W': 0, 'R': 1, 'C': 'free'}",False,True,True,1.0,3
5671,3,0.20711592839625967,0.5966367711967697,0.898204549671682,2.385231923785421,1.157649926860789,1.404427153188337,0.9380512888425669,0.9999999999999982,0.05,0.050000000000000044,0.050000000000000044,0.02931104229189229,0.017985151111575302,0.022978879695916967,0.19999999999999996,0.19999999999999996,"{'I': 0, 'W': 1, 'R': 0, 'C': 'costly'}",False,True,True,0.6666666666666666,3
5679,1,0.07329267166956138,0.7782114138914114,0.34766085626601256,2.4018361509046864,1.021566688507464,1.65681769989158,0.1011931254698778,0.9999999983056194,0.0,0.050000000000000044,0.050000000000000044,0.01798570206353577,0.03732337000663709,0.014062815157369114,0.050000000000000044,0.050000000000000044,"{'I': 1, 'W': 0, 'R': 1, 'C': 'free'}",False,True,True,1.0,3
5679,2,0.008203396649390352,0.6808283810837172,0.05183782710371482,1.9380947011914824,1.0012205185616037,1.506333572493679,0.008502071556619195,0.9999999994401136,0.05,0.050000000000000044,0.030000000000000027,0.008577432118739787,0.0293100493295871,0.010986625000126166,0.050000000000000044,0.050000000000000044,"{'I': 1, 'W': 0, 'R': 1, 'C': 'free'}",False,True,True,1.0,3
5679,3,0.22784531846920403,0.680280077030602,0.6630179372791627,2.489414713225128,1.082583163226202,1.537631729825896,0.4261860256360124,0.9999999999938503,0.05,0.050000000000000044,0.050000000000000044,0.03732655391388197,0.022976099691014832,0.010986606380366377,0.050000000000000044,0.050000000000000044,"{'I': 1, 'W': 0, 'R': 1, 'C': 'free'}",False,True,True,1.0,3
5679,4,0.09825268353875939,0.6992434889634688,0.3762785062544266,2.449691787462785,1.0232652109885132,1.5068325046173046,0.10862806954188364,0.9999999957249033,0.01,0.050000000000000044,0.010000000000000009,0.002472406556905242,0.004069254562317348,0.005219496478865579,0.050000000000000044,0.050000000000000044,"{'I': 0, 'W': 1, 'R': 0, 'C': 'costly'}",False,True,True,1.0,3
5686,1,0.14600909668697057,1.1268544724688454,0.6932264571105627,2.3147162357074964,1.1073171325749598,1.9724806984271002,0.4575397954573317,0.9999999999938409,0.0,0.050000000000000044,0.050000000000000044,0.06008445101045046,0.11918354806739169,0.1191933886949851,0.050000000000000044,0.050000000000000044,"{'I': 1, 'W': 0, 'R': 1, 'C': 'free'}",False,True,True,1.0,3
5686,2,0.24212568106987348,0.9476743221274905,0.7144864046190541,2.4832300901838082,1.1713622538931285,1.858124637022576,0.46882809097690203,1.0,0.0,0.0,0.0,0.11919022555368375,0.11918841348228615,0.22270153696083034,0.8,0.9,"{'I': 1, 'W': 0, 'R': 1, 'C': 'free'}",False,True,True,1.0,3
5686,3,0.4664831332668348,1.055183373828108,1.3838983319220728,2.6634624490552716,1.5353568849710109,2.0097303649599465,0.9236614414797453,1.0,0.1,0.050000000000000044,0.050000000000000044,0.962675849176244,0.7310564585585024,0.5622243047248744,0.8,0.8,"{'I': 1, 'W': 0, 'R': 1, 'C': 'free'}",False,True,True,0.0,3
5686,4,0.4144169874067936,1.05970082649975,1.2512524695594924,2.4506205457482273,1.1535013756263248,2.1396413005328876,0.5754867018871112,0.9999999999999999,0.25,0.050000000000000044,0.050000000000000044,0.5621870755372911,0.22268781513030517,0.9046635153566889,0.30000000000000004,0.8,"{'I': 1, 'W': 0, 'R': 1, 'C': 'free'}",False,True,True,1.0,3
5686,5,0.04268004868230121,0.9043692791942284,0.2479832560628031,2.5577674510213817,1.0086069593461264,1.9768682000899356,0.05012110727542729,1.0,0.1,0.050000000000000044,0.050000000000000044,0.0373226958876605,0.037322487223957014,0.2227218898130596,0.09999999999999998,0.30000000000000004,"{'I': 1, 'W': 0, 'R': 1, 'C': 'free'}",True,False,True,0.0,3
5686,6,0.0486616133527851,0.893831919792978,0.2427654646591854,2.221119920353243,1.0098783196480907,1.9923874597614901,0.0572735167497066,0.9999999999999915,0.0,0.050000000000000044,0.050000000000000044,0.09534571628068704,0.14803355403791033,0.6792136100229171,0.09999999999999998,0.8,"{'I': 1, 'W': 0, 'R': 1, 'C': 'free'}",True,False,True,0.0,3
5686,7,0.01647211252247317,1.2064444614348417,0.0960428091322608,2.4299320065102,1.0027485977460104,2.2046111250400235,0.016334091587354882,1.0,0.0,0.050000000000000044,0.050000000000000044,0.11920322093397738,0.09534054215513245,0.26900360381181204,0.09999999999999998,0.09999999999999998,"{'I': 1, 'W': 0, 'R': 1, 'C': 'free'}",True,False,True,0.0,3
5699,1,0.013082629806992568,0.7703221739794993,0.05963872299993332,2.6487478020875144,1.0018801228884,1.8377786868517136,0.014914521484592602,1.0,0.3,0.050000000000000044,0.09999999999999998,0.320814684077786,0.37751227173796725,0.4377862245985035,0.25,0.5,"{'I': 1, 'W': 0, 'R': 1, 'C': 'free'}",False,True,True,1.0,3
5699,2,0.34096204308585454,0.6452337857182068,0.8428840215235265,2.103940835617105,1.1274651147225916,1.466629361569549,0.4511111174498973,0.999999929494359,0.05,0.050000000000000044,0.0,0.006692747877456368,0.00857720446554336,0.06008719227430109,0.050000000000000044,0.25,"{'I': 1, 'W': 0, 'R': 1, 'C': 'free'}",False,True,True,1.0,3
5699,3,0.29698159625700415,0.9375129045529503,2.1589296742268598,2.725093170267584,1.3407066425963776,2.0938828060407695,0.9999966530573412,1.0,0.05,0.050000000000000044,0.0,0.18242951334457594,0.029307541045394604,0.11920805724915198,0.050000000000000044,0.25,"{'I': 0, 'W': 1, 'R': 0, 'C': 'costly'}",False,True,True,0.3333333333333333,3
5704,1,0.19255199833264294,0.7083933171386483,0.7091682224084731,2.1737901102262684,1.092394657687022,1.6371080435316818,0.46130489777677786,0.999999999967625,0.25,0.050000000000000044,0.050000000000000044,0.49998658577250743,0.2689015107691734,0.9241362270351757,0.4,0.5,"{'I': 1, 'W': 0, 'R': 1, 'C': 'free'}",False,True,True,1.0,3
5704,2,0.041613723310374516,0.8331529059240428,0.21794728284393974,2.6424378033854627,1.0075332404247885,1.803766558716622,0.04403123937142994,0.9999999998158603,0.0,0.050000000000000044,0.050000000000000044,0.010986686260965658,0.010986496888711388,0.2226974927980601,0.050000000000000044,0.25,"{'I': 1, 'W': 0, 'R': 1, 'C': 'free'}",False,True,True,1.0,3
5704,3,0.1309856769482083,0.7634540233124418,0.7399485548090647,2.6159073461976226,1.0366962266782649,1.7249956274879934,0.19445298418483659,0.9999999994175374,0.0,0.050000000000000044,0.050000000000000044,0.029312138860211955,0.010986517705555452,0.26895130634411374,0.050000000000000044,0.25,"{'I': 1, 'W': 0, 'R': 1, 'C': 'free'}",True,False,True,0.0,3
5704,4,0.7630700643690329,0.7629138720902577,1.863602671899,2.3840593429090764,1.7986155741392862,1.5767083026484416,0.9908695285473711,0.9999999999867054,0.25,0.050000000000000044,0.050000000000000044,0.14805478009904458,0.02930806941700079,0.7310619286190302,0.25,0.75,"{'I': 1, 'W': 0, 'R': 1, 'C': 'free'}",False,True,True,0.6666666666666666,3
5704,5,0.05417480836389358,1.0406022207812262,0.199339384650051,2.5201906264806238,1.011686575727605,1.960303859931989,0.08876141358598355,0.9999999999999976,0.1,0.050000000000000044,0.050000000000000044,0.22270382876735237,0.06008165806309318,0.1480496242122704,0.09999999999999998,0.7,"{'I': 1, 'W': 0, 'R': 1, 'C': 'free'}",True,False,True,0.0,3
5704,6,0.6205694422755444,0.8438987645497378,1.3918323624178464,2.5276737858685263,1.49543476653077,1.6852962126547453,0.9402101191011488,0.9999999999999999,0.3,0.09999999999999998,0.050000000000000044,0.18241837829468294,0.0758506127803969,0.3775498069937352,0.7,0.8,"{'I': 1, 'W': 0, 'R': 1, 'C': 'free'}",False,True,True,0.3333333333333333,3
5704,7,0.07320258752115402,0.7639373578936205,0.6420830054970509,2.5307293827854336,1.0343726690067336,1.6044121940720673,0.2867699504908173,0.9999999999999825,0.0,0.050000000000000044,0.050000000000000044,0.11919112743327231,0.0758500929122067,0.43784940806929973,0.09999999999999998,1.0,"{'I': 1, 'W': 0, 'R': 1, 'C': 'free'}",False,True,True,0.3333333333333333,3
5711,1,0.3422202700003003,0.8356264866205645,1.8252904656608788,2.1404607394608375,1.281151377564206,1.6696698631372453,0.8924535773474839,0.9999999999999737,0.3,0.050000000000000044,0.050000000000000044,0.6791814575156656,0.3207763135987183,0.5621666103698333,0.25,0.25,"{'I': 1, 'W': 0, 'R': 1, 'C': 'free'}",False,True,True,1.0,3
5711,2,0.18169577598364078,1.1764784602204874,0.7568827547101386,2.597631719067848,1.1511907215068193,2.1580820829897625,0.6757934718529388,1.0,0.25,0.050000000000000044,0.0,0.07586526301986145,0.18240894369768096,0.3208625467802601,0.30000000000000004,0.7,"{'I': 1, 'W': 0, 'R': 1, 'C': 'free'}",False,True,True,1.0,3
5711,3,0.5483871645908504,0.7749675644273721,1.9227029665558253,2.2265675578755593,1.4398013212990748,1.5311999582467108,0.9818585600974576,0.999999992779022,0.3,0.050000000000000044,0.010000000000000009,0.1480406223932143,0.14804290968992392,0.9241447072397221,0.30000000000000004,1.0,"{'I': 1, 'W': 0, 'R': 1, 'C': 'free'}",False,True,True,0.3333333333333333,3
5711,4,0.06269878095084502,1.0010561963416083,0.2827522031797047,2.219205547164523,1.015823364179733,1.8673564897879364,0.08989643597750097,1.0,0.3,0.050000000000000044,0.050000000000000044,0.022978842652015618,0.022976106482810676,0.22271219175840246,0.30000000000000004,0.8,"{'I': 1, 'W': 0, 'R': 1, 'C': 'free'}",False,True,True,1.0,3
5711,5,0.27709993606197414,0.6403981988512575,1.1093248513611889,2.58791233228218,1.2238752371188397,1.4654436455898214,0.9984425601847838,0.9999999998386304,0.05,0.050000000000000044,0.010000000000000009,0.006692571233949075,0.006692085121140489,0.010986125623781024,0.09999999999999998,0.050000000000000044,"{'I': 0, 'W': 1, 'R': 0, 'C': 'costly'}",False,True,True,0.0,3
5717,1,0.22936666349677629,0.7162031220655521,0.8947195818227763,2.275535797173168,1.069968770482689,1.7115808713772525,0.5558325015802857,0.9999999999999993,0.25,0.050000000000000044,0.030000000000000027,0.06008470323118058,0.047418381824539,0.06008209535344301,0.25,0.25,"{'I': 1, 'W': 0, 'R': 1, 'C': 'free'}",False,True,True,1.0,3
5717,2,0.18626877810340975,0.8276588103360399,0.7492926823122835,2.3916225162498943,1.179719623682272,1.7996229432681234,0.733455594786234,0.9999999999999999,0.1,0.050000000000000044,0.0,0.005219968997543354,0.03732336626181574,0.022976698107481108,0.25,0.4,"{'I': 1, 'W': 0, 'R': 1, 'C': 'free'}",False,True,True,1.0,3
5717,3,0.07159028104372618,0.7159567122597097,0.22807995456063626,2.3947582349460914,1.0157308271737335,1.5066669027826864,0.10350150186930396,0.9999999999999983,0.3,0.050000000000000044,0.0,0.0031727839691550737,0.010986609613066134,0.02297752171643688,0.30000000000000004,0.25,"{'I': 1, 'W': 0, 'R': 1, 'C': 'free'}",True,False,True,0.0,3
5717,4,0.20966832800022492,0.6731384993155773,0.7173891538969791,2.304071695927935,1.0901795304015158,1.5725341608161894,0.6745189584428686,1.0,0.3,0.050000000000000044,0.050000000000000044,0.11920253077121339,0.14804057291386669,0.18245708633550517,0.30000000000000004,0.30000000000000004,"{'I': 1, 'W': 0, 'R': 1, 'C': 'free'}",False,True,True,1.0,3
5717,5,0.2115566562990783,0.8225322249967554,1.0431957738277362,2.4035732572651622,1.0847856485440754,1.693625274048975,0.8331087685847185,0.9999999999999999,0.25,0.050000000000000044,0.050000000000000044,0.037326250518974105,0.03732525265192484,0.029312398087178462,0.5,0.30000000000000004,"{'I': 1, 'W': 0, 'R': 1, 'C': 'free'}",False,True,True,0.0,3
5717,6,0.2304260221509069,0.8534878114289395,1.1270269994466913,2.4052372025780553,1.109815301012854,1.681282543270495,0.898962074426043,0.9999999999999939,0.3,0.050000000000000044,0.09999999999999998,0.09534577764363869,0.07585235961897605,0.07587006355161198,0.7,0.7,"{'I': 1, 'W': 0, 'R': 1, 'C': 'free'}",True,False,True,0.0,3
5717,7,0.10571610516772188,0.959087937421795,0.7114771051409904,2.172947183028127,1.0636039948823675,2.1658806371342814,0.5513987062577667,1.0,0.1,0.050000000000000044,0.050000000000000044,0.1480328093091254,0.06007592618034685,0.11920338341634741,0.8,0.75,"{'I': 1, 'W': 0, 'R': 1, 'C': 'free'}",True,False,True,0.0,3
5720,1,0.45214449452325167,0.5974557874246481,1.3569724866055763,2.3043966257089354,1.313200278836599,1.5657699899899693,0.8869287300807166,0.9999999972962312,0.25,0.050000000000000044,0.050000000000000044,0.8807984319726088,0.5621147896221336,0.8175629083487425,0.5,0.5,"{'I': 1, 'W': 0, 'R': 1, 'C': 'free'}",False,True,True,1.0,3
5720,2,0.8114539263905302,0.9622594457380376,1.5926499400513767,2.4490126277213085,1.9013512971571276,1.9154148758675176,0.9788346327728419,1.0,0.2,0.09999999999999998,0.0,0.3208353574160601,0.1480244847860853,0.5000829736273623,0.30000000000000004,0.4,"{'I': 1, 'W': 0, 'R': 1, 'C': 'free'}",False,True,True,0.3333333333333333,3
5720,3,0.3700572726313612,0.9403935760566133,1.0530409781091572,2.5316263736357856,1.2907618612017686,2.0716872477144364,0.7208938687124367,1.0,0.2,0.050000000000000044,0.0,0.11920986147514857,0.09533903828990693,0.2227466885047741,0.30000000000000004,0.7,"{'I': 1, 'W': 0, 'R': 1, 'C': 'free'}",False,True,True,1.0,3
5720,4,0.34032962171102976,0.6337503762662519,1.0126034622615665,2.3935513321998307,1.339588156692202,1.402857451542401,0.9035661278048186,0.9999990614774255,0.1,0.050000000000000044,0.050000000000000044,0.11920739307897149,0.02297649740283541,0.11922788908911187,0.19999999999999996,0.25,"{'I': 1, 'W': 0, 'R': 1, 'C': 'free'}",False,True,True,1.0,3
5720,5,0.22270385806668958,0.5955465545109971,0.8839418217513363,1.9733265327138856,1.0897855822354827,1.3309281273450726,0.4973432295751222,0.9998935727864059,0.05,0.050000000000000044,0.050000000000000044,0.060088806535445634,0.017983139456797068,0.029313570605087276,0.09999999999999998,0.050000000000000044,"{'I': 1, 'W': 0, 'R': 1, 'C': 'free'}",False,True,True,0.0,3
5720,6,0.13584825720220572,0.5762895702537058,1.24299070562394,2.2494655257064027,1.0844065683427777,1.4525864518090423,0.8449110727136715,0.9999999991681431,0.01,0.050000000000000044,0.0,0.014062233710206973,0.008576028599961306,0.01406200016316067,0.09999999999999998,0.050000000000000044,"{'I': 0, 'W': 1, 'R': 0, 'C': 'costly'}",False,True,True,1.0,3
5726,1,0.4421592066251787,0.40402110251832274,1.259385945110842,1.411339749056103,1.2207476307610194,1.292424680349505,0.797235052562315,0.999789318215517,0.15,0.050000000000000044,0.050000000000000044,0.6224599237960664,0.26891778733652405,0.8175529448988339,0.25,0.25,"{'I': 1, 'W': 0, 'R': 1, 'C': 'free'}",False,True,True,1.0,3
5726,2,0.10610633902849984,0.886093350234363,0.666924845152668,2.114415560647257,1.2235475096343646,1.7381915779777841,0.8372906675647033,0.9999999999999793,0.0,0.050000000000000044,0.09999999999999998,0.2689459969174879,0.14803653586885568,0.1480438287783914,0.30000000000000004,0.4,"{'I': 1, 'W': 0, 'R': 1, 'C': 'free'}",False,True,True,0.0,3
5726,3,0.3097560435441924,0.834655031413592,0.9607041153611698,2.2095923876975863,1.2284041988824426,1.6993197340116821,0.7630749646102017,1.0,0.0,0.050000000000000044,0.0,0.09534526633535029,0.18240432262531564,0.2689321759406602,0.5,1.0,"{'I': 1, 'W': 0, 'R': 1, 'C': 'free'}",False,True,True,0.0,3
5726,4,0.185385108709943,0.9159255601563117,0.7738707939084414,2.495970673370333,1.0560898811971076,1.696053034346429,0.6255583649283208,0.9999999999999979,0.2,0.050000000000000044,0.050000000000000044,0.26895162451534316,0.07585480187790249,0.6224855684633245,0.25,1.0,"{'I': 1, 'W': 0, 'R': 1, 'C': 'free'}",False,True,True,0.6666666666666666,3
5726,5,0.12562639428810424,0.9647329946658532,0.6949498372790298,2.758391882517433,1.062069465051103,2.079364447877772,0.6617425361160139,1.0,0.1,0.050000000000000044,0.19999999999999996,0.03732641679859357,0.06008121027841391,0.32093660156840664,0.5,1.0,"{'I': 1, 'W': 0, 'R': 1, 'C': 'free'}",False,True,True,0.0,3
5726,6,0.17199592932587215,0.7612020054392373,1.0083561337214,2.2516137908928275,1.0888087865500542,1.8449821320323145,0.6077777614969767,1.0,0.0,0.050000000000000044,0.050000000000000044,0.014063546073397435,0.006692239356827095,0.07586891247265201,0.09999999999999998,0.09999999999999998,"{'I': 1, 'W': 0, 'R': 1, 'C': 'free'}",False,True,True,1.0,3
5726,7,0.19560811539056153,0.7892051035882421,0.6505582227058685,2.3008893165565323,1.2419765521697947,1.6355783162781037,0.7275294176693812,1.0,0.2,0.050000000000000044,0.050000000000000044,0.014063527139065961,0.008576585886354335,0.060087521555536885,0.4,0.25,"{'I': 1, 'W': 0, 'R': 1, 'C': 'free'}",False,True,True,0.0,3
5735,1,0.12186753935628021,0.6531530538133181,0.33989695749259163,2.3331151808047683,1.0233332425720232,1.4583196040603938,0.16849791589594532,0.999999990641268,0.25,0.050000000000000044,0.050000000000000044,0.4377974384755939,0.49993077836792615,0.22268865893499246,0.25,0.25,"{'I': 1, 'W': 0, 'R': 1, 'C': 'free'}",False,True,True,1.0,2
5735,2,0.49279671597014935,0.8802432633608076,1.483443238113847,2.4422349731777016,1.687064392832184,1.790137232441958,0.984761341886309,1.0,0.25,0.050000000000000044,0.09999999999999998,0.09534819665403554,0.09533993060130747,0.3208205214334992,0.5,0.7,"{'I': 1, 'W': 0, 'R': 1, 'C': 'free'}",False,True,True,0.5,2
5735,3,0.40960092649350405,0.9173490694524982,1.112006788359971,2.5297587258286485,1.410258504321962,1.8758447183940805,0.9546777508503087,1.0,0.1,0.050000000000000044,0.8,0.0953515358902463,0.11919442588058156,0.7773185449176326,0.30000000000000004,0.8,"{'I': 1, 'W': 0, 'R': 1, 'C': 'free'}",False,True,True,0.0,2
5735,4,0.10147294511409788,1.0510098974213453,0.598794830088443,2.557289852790709,1.1833533130070604,1.7680649191028581,0.739933416733132,0.9999999999998651,0.2,0.050000000000000044,0.7,0.029311686068759696,0.060082442481218974,0.6791690711386279,0.8,0.8,"{'I': 1, 'W': 0, 'R': 1, 'C': 'free'}",False,True,True,0.0,2
5735,5,0.28460033882580654,0.9304101301300075,0.8799493405096749,2.5993973007268134,1.1197709323604053,1.8822966840816278,0.7118763459979294,1.0,0.1,0.050000000000000044,0.050000000000000044,0.32084274500117566,0.26892872177872396,0.3775810018046744,1.0,0.75,"{'I': 1, 'W': 0, 'R': 1, 'C': 'free'}",False,True,True,0.0,2
5735,6,0.15210837700867397,1.130735880179601,0.5446321060080014,2.6333662721359623,1.048176589210848,1.9863563707889116,0.3136836341636908,0.9999999999999614,0.1,0.09999999999999998,0.75,0.18241697941745763,0.047423427904706036,0.2689372919019158,1.0,0.8,"{'I': 1, 'W': 0, 'R': 1, 'C': 'free'}",True,True,True,0.0,2
5735,7,0.1144710681770217,1.0976845536868043,0.6504414240804042,2.6605224258114415,1.1251601506022189,2.0997448951605673,0.7266983633990618,1.0,0.1,0.050000000000000044,0.050000000000000044,0.09534833964286703,0.022975144898759965,0.07585913434934796,0.7,0.7,"{'I': 1, 'W': 0, 'R': 1, 'C': 'free'}",False,True,True,1.0,2
5747,1,0.08529682993689976,0.39483034673355,0.3879231558089185,1.6152971301366243,1.0250076086639022,1.224819627283656,0.1377415384682693,0.9999677654950291,0.0,0.050000000000000044,0.050000000000000044,0.18242053744242478,0.22268513158753242,0.18241446391351565,0.25,0.25,"{'I': 1, 'W': 0, 'R': 1, 'C': 'free'}",False,True,True,1.0,2
5747,2,0.16098655534765025,0.8046681904121165,1.0312374688388821,2.2145854710910484,1.1578397678019572,1.6443790880595663,0.7325984982541327,1.0,0.3,0.050000000000000044,0.0,0.32082059277163133,0.11919294646624214,0.6224786185089493,0.4,0.4,"{'I': 1, 'W': 0, 'R': 1, 'C': 'free'}",False,True,True,1.0,2
5747,3,0.016045251004663336,0.8982945698557948,0.06254496518636192,2.5751705487232828,1.0023949100086162,1.8534212475162617,0.023636641025251648,1.0,0.3,0.050000000000000044,0.19999999999999996,0.32083187722999135,0.18241823416851266,0.37755999575738297,0.30000000000000004,0.25,"{'I': 1, 'W': 0, 'R': 1, 'C': 'free'}",False,True,True,1.0,2
5747,4,0.27456671065070415,0.6798710168867832,0.8046814847022847,2.4494298385332494,1.1316131738101831,1.514496427205423,0.3901710729038348,0.9999999990304117,0.05,0.050000000000000044,0.050000000000000044,0.02931105832354894,0.03732407862052814,0.1824333046569718,0.050000000000000044,0.25,"{'I': 1, 'W': 0, 'R': 1, 'C': 'free'}",False,True,True,1.0,2
5747,5,0.3500915944702253,0.5181262392377014,1.1331796688651339,2.148462245324029,1.1684221674349855,1.3258750720420602,0.5408008656531893,0.9999999891024055,0.0,0.050000000000000044,0.050000000000000044,0.0758646266717348,0.06008005289792469,0.43791748273270426,0.09999999999999998,0.25,"{'I': 1, 'W': 0, 'R': 1, 'C': 'free'}",False,True,True,1.0,2
5747,6,0.7284388317381685,0.7393659950963968,1.4608081035079785,2.139654827908153,1.6940799629360288,1.5473176680614336,0.8785872273920123,0.9999999999999654,0.0,0.050000000000000044,0.0,0.005219779265731976,0.0040694439677447835,0.008576910930721188,0.050000000000000044,0.050000000000000044,"{'I': 0, 'W': 1, 'R': 0, 'C': 'costly'}",False,True,True,0.0,2
5762,1,0.048564086249540464,0.9114128639583917,0.30119454464242046,2.5242813665139154,1.008860540316666,1.883939758708828,0.08443613789763116,1.0,0.25,0.050000000000000044,0.09999999999999998,0.5621616320175088,0.11912895314679336,0.11915103770904267,0.25,0.25,"{'I': 1, 'W': 0, 'R': 1, 'C': 'free'}",False,True,True,1.0,3
5762,2,0.011598071803557495,0.9160261182320153,0.06806775333077793,2.7901031269238397,1.0016055759109543,1.813919654007578,0.014334858522964344,0.9999999999999803,0.0,0.050000000000000044,0.0,0.014063801305484085,0.03732240452957651,0.11919638967522538,0.25,0.4,"{'I': 1, 'W': 0, 'R': 1, 'C': 'free'}",False,True,True,1.0,3
5762,3,0.08933072773480177,0.7544419322870674,0.3199648206929614,2.6245984097810937,1.0222918752583867,1.6669168632758593,0.12390632551826675,1.0,0.25,0.050000000000000044,0.09999999999999998,0.022975949102796666,0.04741702436239059,0.1824294764715386,0.30000000000000004,0.5,"{'I': 1, 'W': 0, 'R': 1, 'C': 'free'}",False,True,True,1.0,3
5762,4,0.4879644805820685,0.7777394478544701,1.3645970208952278,2.3243387569506844,1.467367194682783,1.7318689320757814,0.9931609539437476,1.0,0.15,0.050000000000000044,0.050000000000000044,0.03732500095345596,0.06006965511791619,0.047428361081138785,0.050000000000000044,0.050000000000000044,"{'I': 1, 'W': 0, 'R': 1, 'C': 'free'}",False,True,True,0.3333333333333333,3
5762,5,0.08756459445809389,0.7237119190760022,0.6473827933192156,2.2327769587434054,1.02564762980154,1.5832782125055613,0.33314853720106263,1.0,0.01,0.050000000000000044,0.010000000000000009,0.008576478445916854,0.010984414787215235,0.022972192756628092,0.050000000000000044,0.050000000000000044,"{'I': 0, 'W': 1, 'R': 0, 'C': 'costly'}",False,True,True,0.3333333333333333,3
5773,1,0.011732933801188257,0.7825070355859043,0.02411521016665965,2.59082854854859,1.0014586945705841,1.5917163892485868,0.007261664321914885,0.9999999999921043,0.0,0.050000000000000044,0.050000000000000044,0.06008625442180959,0.06008172738476705,0.222685215475029,0.25,0.25,"{'I': 1, 'W': 0, 'R': 1, 'C': 'free'}",False,True,True,1.0,3
5773,2,0.007067672113036912,0.8606395010760246,0.018305519657661626,2.304045226662076,1.000883597713608,2.0608029837178554,0.006163380958361109,1.0,0.2,0.09999999999999998,0.0,0.2689375315449485,0.09534053883139029,0.2227121119665767,0.4,1.0,"{'I': 1, 'W': 0, 'R': 1, 'C': 'free'}",False,True,True,0.0,3
5773,3,0.20048044798908807,1.0860630971288545,0.8194689661055188,2.238456474705321,1.0591754202454466,2.057005459021553,0.36866938508967584,1.0,0.25,0.050000000000000044,0.09999999999999998,0.2689496780848173,0.18241556099686393,0.07585952256199964,0.30000000000000004,1.0,"{'I': 1, 'W': 0, 'R': 1, 'C': 'free'}",False,True,True,1.0,3
5773,4,0.22357487489241637,0.9162616999945293,0.7452246913525905,2.320433071589586,1.1132950193632962,1.7906151993354724,0.5762420383300483,0.9999999999999988,0.0,0.050000000000000044,0.050000000000000044,0.060086606744699185,0.07585273142566708,0.26896480195294903,0.09999999999999998,1.0,"{'I': 1, 'W': 0, 'R': 1, 'C': 'free'}",False,True,True,0.0,3
5773,5,0.4829419148595198,1.082219825152406,2.0275532443192437,2.617717118295625,1.3510123204176407,2.328205981223669,0.9634617624479624,1.0,0.25,0.050000000000000044,0.050000000000000044,0.09535193312975915,0.0600822436026255,0.1480720554877232,0.30000000000000004,0.5,"{'I': 1, 'W': 0, 'R': 1, 'C': 'free'}",False,True,True,0.0,3
5773,6,0.15692083114162733,0.8694464127422714,0.8342983823272486,2.5343167375184263,1.0837699675148258,1.8967921545244972,0.5872455469457505,1.0,0.1,0.050000000000000044,0.0,0.03732679226392267,0.01798523307573846,0.37760522287414855,0.4,1.0,"{'I': 1, 'W': 0, 'R': 1, 'C': 'free'}",True,False,True,0.0,3
5773,7,0.2307970878855486,0.8663529606214817,1.0120420984491243,2.3367937821291274,1.0676822036646636,1.7488917862876485,0.40780604624369987,0.9999999999961082,0.1,1.0,0.050000000000000044,0.9399195396849076,0.32083275915740445,0.37755855371280733,1.0,1.0,"{'I': 1, 'W': 0, 'R': 1, 'C': 'free'}",True,True,True,0.0,3
5780,1,0.026300422266739135,0.6276392608204205,0.1314904535707643,1.8294039430763402,1.004008305421712,1.4959595863571613,0.03536225519863723,0.9999810694274479,0.0,0.050000000000000044,0.050000000000000044,0.09534745408848339,0.18239997832771723,0.7310412885065518,0.4,0.5,"{'I': 1, 'W': 0, 'R': 1, 'C': 'free'}",False,True,True,1.0,3
5780,2,0.7714170717202152,0.8186413604180863,2.4601329123421642,2.2792400309422045,1.5570899904230604,1.79954238170401,0.9549386696070572,1.0,0.1,0.09999999999999998,0.0,0.2689399507534472,0.14802671542121226,0.2689446415633509,0.25,1.0,"{'I': 1, 'W': 0, 'R': 1, 'C': 'free'}",False,True,True,0.0,3
5780,3,0.1068654492365647,1.1493203144941957,0.37589806821716226,2.5755877764944826,1.0231137942397728,2.087238573093739,0.18588728283727896,1.0,0.2,0.050000000000000044,0.09999999999999998,0.7772827231190994,0.32079862400229875,0.3208158939243389,0.7,0.8,"{'I': 1, 'W': 0, 'R': 1, 'C': 'free'}",True,True,True,0.0,3
5780,4,0.9545628970528846,1.2155753249164196,2.0012174570827335,2.5784117094408248,1.6783649024669731,2.5921218882038004,0.9552614746017117,1.0,0.3,0.9,1.0,0.37752010003196157,0.3775098140372625,0.3208387818279738,0.8,0.9,"{'I': 1, 'W': 0, 'R': 1, 'C': 'free'}",False,True,True,0.0,3
5780,5,0.09981157436740888,0.9875336210878344,0.5853217054275657,2.430087233761954,1.0406161102648595,2.0043836121947276,0.24322603270624965,1.0,0.3,0.050000000000000044,0.75,0.2689370760326819,0.32080193870376117,0.4378677345236073,0.8,0.8,"{'I': 1, 'W': 0, 'R': 1, 'C': 'free'}",False,True,True,0.0,3
5780,6,0.4904216118129517,1.0565565620075756,0.8933844498374701,2.742884718653773,1.132641739047076,2.1008901733545606,0.5263640823289556,1.0,0.3,0.9,0.9,0.2689727204779059,0.26892897875824534,0.2689771066669529,0.7,0.9,"{'I': 1, 'W': 0, 'R': 1, 'C': 'free'}",False,True,True,0.0,3
5780,7,0.2754801752180034,1.1921138260403872,0.7567085042800895,2.7241515915749708,1.1402613545681524,2.386463340028477,0.6010034312154883,1.0,0.1,1.0,0.050000000000000044,0.4378139433398992,0.26891026328919504,0.3208451579877788,0.8,0.8,"{'I': 1, 'W': 0, 'R': 1, 'C': 'free'}",False,True,True,0.0,3
5797,1,0.6190697437031144,0.5339200887276634,1.738979165689456,2.04983006212366,1.3395964283616142,1.3602695309169155,0.8708239104492324,0.9999916391365706,0.25,0.050000000000000044,0.050000000000000044,0.49998568287067546,0.22266075564248283,0.11919239678093622,0.4,0.25,"{'I': 1, 'W': 0, 'R': 1, 'C': 'free'}",False,True,True,1.0,3
5797,2,0.014220317899646345,0.8784894140353234,0.04382892691132512,2.384070429996232,1.0018465998106858,1.6858092075509132,0.014650792767639587,0.9999999999923018,0.25,0.050000000000000044,0.0,0.11919710104138381,0.06008260957368352,0.26894615507072,0.4,0.4,"{'I': 1, 'W': 0, 'R': 1, 'C': 'free'}",False,True,True,0.0,3
5797,3,0.029464361863275626,0.8900049963533238,0.13562211907382682,2.5907989102204096,1.0059519600988365,1.7519254573109817,0.03497946969176091,1.0,0.2,0.050000000000000044,0.8,0.037328029639569674,0.3208076947326232,0.320833725711841,0.5,0.8,"{'I': 1, 'W': 0, 'R': 1, 'C': 'free'}",False,True,True,1.0,3
5797,4,0.24629761652415813,0.9379437359535134,1.2106302041103298,2.499408834716054,1.1105622616160684,1.908156288873675,0.4669811952222097,1.0,0.0,0.050000000000000044,0.050000000000000044,0.04742316386587222,0.07584838808826222,0.3208748834487946,1.0,0.9,"{'I': 1, 'W': 0, 'R': 1, 'C': 'free'}",True,False,True,0.0,3
5797,5,0.28017507267868663,0.8874602782706037,0.5374575345740052,2.462603929958526,1.090119515801408,1.7289137535348849,0.45338543772218753,1.0,0.3,1.0,0.9,0.777320310782751,0.43780450587937664,0.8808327319314081,1.0,1.0,"{'I': 1, 'W': 0, 'R': 1, 'C': 'free'}",False,True,True,0.0,3
5797,6,0.3402629137713235,0.8115696235312503,1.1427791208871991,2.2902990788919686,1.3423676707533547,1.607984568378734,0.8726791261147067,0.9999999999999941,0.05,0.050000000000000044,0.0,0.04742572954323855,0.022976710052004874,0.22280653713264237,0.09999999999999998,1.0,"{'I': 0, 'W': 1, 'R': 0, 'C': 'costly'}",False,True,True,0.0,3
5801,1,0.01240729878938914,0.5600996989694528,0.07133855182306734,2.21647249119805,1.0017743334288327,1.5386002913383485,0.012332649902393467,0.9999999998791262,0.0,0.050000000000000044,0.050000000000000044,0.0052199650329228095,0.017984719897508744,0.022976072747976313,0.25,0.25,"{'I': 1, 'W': 0, 'R': 1, 'C': 'free'}",False,True,True,1.0,2
5801,2,0.21486629546983893,0.48391782015350354,0.5961429913344544,2.1126312533608185,1.0773398905252403,1.449623695033454,0.3604366690238793,0.9999999999999998,0.0,0.050000000000000044,0.050000000000000044,0.02297499566573916,0.014062304699100603,0.11920207363466212,0.25,0.25,"{'I': 1, 'W': 0, 'R': 1, 'C': 'free'}",False,True,True,1.0,2
5801,3,0.3353585516945432,0.8486633383527356,1.6565222074852706,2.539907220183467,1.2347554994870797,1.9381316084643705,0.7178278254033127,1.0,0.1,0.050000000000000044,0.050000000000000044,0.37766220994858674,0.11917861522406531,0.09536648108401005,0.09999999999999998,0.09999999999999998,"{'I': 1, 'W': 0, 'R': 1, 'C': 'free'}",False,True,True,0.0,2
5801,4,0.33135436269913443,0.7270785536289939,1.4840426531781392,2.6350875592396497,1.1303003806517444,1.6654247598694358,0.5204468402835685,0.9999999999612453,0.05,0.050000000000000044,0.050000000000000044,0.14803636409469306,0.09532377392310991,0.14805813138943313,0.09999999999999998,0.050000000000000044,"{'I': 1, 'W': 0, 'R': 1, 'C': 'free'}",False,True,True,0.0,2
5801,5,0.24057518882002582,0.6986899833181546,0.7959066744801746,2.2370205960559693,1.1017341211690241,1.4747394461665164,0.44083600322450256,0.9999999826581133,0.0,0.050000000000000044,0.050000000000000044,0.06008513618757924,0.014060440930413939,0.1480673080468141,0.09999999999999998,0.050000000000000044,"{'I': 1, 'W': 0, 'R': 1, 'C': 'free'}",False,True,True,1.0,2
5801,6,0.3247195198516415,0.809085948910864,2.0091656949492247,2.6981597396466914,1.2255811446127927,1.823815608170842,0.8692085687836689,1.0,0.1,0.050000000000000044,0.050000000000000044,0.7773624807665515,0.2689154212041246,0.2227862983816017,0.30000000000000004,0.25,"{'I': 1, 'W': 0, 'R': 1, 'C': 'free'}",False,True,True,0.0,2
5801,7,0.13148301613698363,0.6751862492384441,0.9261907140190854,2.010485834126439,1.0877393302192435,1.4484403245491404,0.5687275850658677,0.9999999603199624,0.1,0.050000000000000044,0.020000000000000018,0.2689662723325995,0.047418167182881936,0.07585944993396267,0.25,0.19999999999999996,"{'I': 1, 'W': 0, 'R': 1, 'C': 'free'}",False,True,True,0.0,2
5821,1,0.5028242536744407,0.6962719600625532,2.1459422907002517,1.9919351495490505,1.4640812210787897,1.451323073406141,0.9779022376958726,0.999999963788092,0.0,0.050000000000000044,0.050000000000000044,0.8808068781846929,0.43777545080265334,0.8175543033192294,0.25,0.25,"{'I': 1, 'W': 0, 'R': 1, 'C': 'free'}",False,True,True,1.0,3
5821,2,0.43104026015100144,0.8535566306110042,1.0746570337465067,2.4157515319383784,1.1507754135287669,1.8860735527968473,0.7174568198825934,1.0,0.05,0.050000000000000044,0.050000000000000044,0.04742306205625655,0.022971127701066046,0.014063298726236503,0.050000000000000044,0.19999999999999996,"{'I': 1, 'W': 0, 'R': 1, 'C': 'free'}",False,True,True,1.0,3
5821,3,0.12082985073154758,0.7138622789943379,0.3854105112160511,2.400479678220953,1.033847220544627,1.5404216280545975,0.2588728564655035,0.999999999999999,0.0,0.050000000000000044,0.0,0.014063454604027206,0.008576692423372343,0.01098682030155451,0.050000000000000044,0.09999999999999998,"{'I': 1, 'W': 0, 'R': 1, 'C': 'free'}",False,True,True,0.0,3
5821,4,0.003454317039236909,0.6823265102393691,0.026994296124711006,2.1127457267303593,1.0004999480737002,1.4811760079998075,0.004488305587554309,0.9999999999879449,0.0,0.050000000000000044,0.050000000000000044,0.005220073355276646,0.0052199105122774205,0.003172646845124176,0.050000000000000044,0.09999999999999998,"{'I': 1, 'W': 0, 'R': 1, 'C': 'free'}",False,True,True,1.0,3
5821,5,0.2104381417841798,0.9162945325343742,0.8101732503244388,2.3138318582388133,1.0707576940110461,1.8820369096078569,0.4952364772457516,0.9999999999999996,0.2,0.050000000000000044,0.010000000000000009,0.07585627383641999,0.04742303017647518,0.03732806665563693,0.09999999999999998,0.09999999999999998,"{'I': 1, 'W': 0, 'R': 1, 'C': 'free'}",False,True,True,1.0,3
5821,6,0.10762508424798346,0.9743293830764368,0.43938949268213606,2.5658120461419403,1.0245950683908631,2.0881955655440745,0.13565637562009303,1.0,0.3,0.050000000000000044,0.09999999999999998,0.22269650586794926,0.22268523497209858,0.3208525811716759,0.30000000000000004,0.8,"{'I': 1, 'W': 0, 'R': 1, 'C': 'free'}",False,True,True,1.0,3
5821,7,0.1524681638217523,0.7376936735050873,0.9041093324291772,2.4214242430809074,1.062614875578672,1.5970955816453583,0.4551949973460857,0.9999999999999994,0.25,0.050000000000000044,0.050000000000000044,0.029310863276335135,0.022975859803239615,0.017986228527585586,0.09999999999999998,0.09999999999999998,"{'I': 1, 'W': 0, 'R': 1, 'C': 'free'}",False,True,True,0.0,3
5838,1,0.016274735194696265,0.36687325874311666,0.12196753173239967,1.4990912511834094,1.0032168898290266,1.2400723808556868,0.025366536629475855,0.9997732404228545,0.1,0.0,0.030000000000000027,0.9770291563773622,0.8807689213164476,0.0373216378806189,0.25,0.050000000000000044,,False,True,False,0.0,3
5838,2,0.1705256383908915,0.45013978683518835,0.646485581863812,1.91502249829864,1.3316097687317285,1.2867813703903248,0.8988457300499434,0.9999944566628379,0.0,0.0,0.0,0.1191982165387103,0.32078416079107647,0.7773141751780006,0.050000000000000044,1.0,"{'I': 1, 'W': 0, 'R': 1, 'C': 'free'}",False,True,True,1.0,3
5838,3,0.2353797650896176,0.30005391660782205,0.9573157101489289,1.5134316720668979,1.2295898676308996,1.2607801285011384,0.8734106287667953,0.9999057186498103,0.0,0.050000000000000044,0.0,0.6224532240724481,0.377498383039795,0.14807194865682782,0.050000000000000044,0.09999999999999998,"{'I': 1, 'W': 0, 'R': 1, 'C': 'free'}",False,True,True,0.0,3
5838,4,0.1919750614858451,0.4347689084197161,0.5386212265469649,1.9950388342715837,1.0696406880511653,1.2574950917690386,0.4164249949460749,0.9999999138901566,0.0,0.050000000000000044,0.050000000000000044,0.014062345636618265,0.02930924964189289,0.09536514585089635,0.050000000000000044,0.050000000000000044,"{'I': 1, 'W': 0, 'R': 1, 'C': 'free'}",False,True,True,0.0,3
5838,5,0.1801297345925975,0.7150126277904553,0.6941661877771391,2.4786257238347735,1.1071983849191949,1.6851620683614417,0.5572113794750273,1.0,0.0,0.050000000000000044,0.050000000000000044,0.01406299958020535,0.022976029081070434,0.02931364266906636,0.09999999999999998,0.09999999999999998,"{'I': 1, 'W': 0, 'R': 1, 'C': 'free'}",False,True,True,1.0,3
5838,6,0.13090781394944734,0.4883990557964596,0.6693148117444239,2.583717783312765,1.0740057450868323,1.3403353242941685,0.5102956577513003,0.9999998189967242,0.0,0.050000000000000044,0.0,0.02930960872517176,0.04741159808459372,0.04742693177350968,0.09999999999999998,0.050000000000000044,"{'I': 1, 'W': 0, 'R': 1, 'C': 'free'}",False,True,True,0.0,3
5838,7,0.030030872045657707,0.6096394707409452,0.13365677443557422,2.358101193151729,1.00602853447992,1.5598688853195937,0.046945781551664956,0.9999999999999979,0.0,0.050000000000000044,0.050000000000000044,0.04742314169023629,0.04742220667867985,0.0953556972590718,0.09999999999999998,0.09999999999999998,"{'I': 1, 'W': 0, 'R': 1, 'C': 'free'}",True,True,True,0.0,3
5853,1,0.1545970376614213,0.4897543240368373,0.7507422285351841,2.286793219083449,1.0625061998015786,1.4521488564108842,0.3843296810666851,0.9999999999378705,0.25,0.050000000000000044,0.050000000000000044,0.377535586222432,0.49997361105245985,0.14804265998349797,0.4,0.5,"{'I': 1, 'W': 0, 'R': 1, 'C': 'free'}",False,True,True,1.0,3
5853,2,0.2878409681748266,0.883703883086191,1.0069166557682159,2.216322164831635,1.1461188416837562,1.8645450327245758,0.6641365208653554,1.0,0.2,0.050000000000000044,0.050000000000000044,0.0758522730606012,0.11918444330055591,0.1480469031848846,0.25,0.4,"{'I': 1, 'W': 0, 'R': 1, 'C': 'free'}",False,True,True,1.0,3
5853,3,0.49849951438167406,0.9372352415356696,1.4219535542275004,2.3932805539671365,1.3146699590430087,1.7946415743661677,0.9351615523811739,1.0,0.25,0.050000000000000044,0.0,0.14804760621476115,0.3208057853898182,0.6791768175003898,0.30000000000000004,1.0,"{'I': 1, 'W': 0, 'R': 1, 'C': 'free'}",False,True,True,1.0,3
5853,4,0.05370470077901744,0.7946984209500121,0.28130536682295754,2.4179926569213275,1.013827544856472,1.6556503429406404,0.12831587789047394,1.0,0.0,0.050000000000000044,0.050000000000000044,0.11920622180761269,0.09534636422308818,0.3775640493453826,0.30000000000000004,0.75,"{'I': 1, 'W': 0, 'R': 1, 'C': 'free'}",False,True,True,0.0,3
5853,5,0.31542032850080004,1.0179345503335977,1.2698989718009117,2.6815366284722124,1.4795396350109697,1.8295606692714226,0.9958482848770408,0.9999999999999997,0.1,0.050000000000000044,0.19999999999999996,0.148044660098091,0.14803495860602647,0.5000100408449982,0.30000000000000004,0.7,"{'I': 1, 'W': 0, 'R': 1, 'C': 'free'}",False,True,True,0.6666666666666666,3
5853,6,0.09144850849127226,0.9349917144922293,0.7447543791870057,2.596604411549718,1.0433316981276495,2.0105135303972883,0.4478127561226779,1.0,0.1,0.050000000000000044,0.09999999999999998,0.022976287433420447,0.0474240515331061,0.500034616775798,0.4,0.8,"{'I': 1, 'W': 0, 'R': 1, 'C': 'free'}",False,True,True,0.0,3
5853,7,0.1738388109110609,1.246035911266537,0.6832893269319916,2.525068473603189,1.0724389726811834,2.291156646917207,0.4284959711562394,1.0,0.25,0.050000000000000044,0.050000000000000044,0.09535349460958491,0.22268988832707076,0.32084580427833065,0.4,0.7,"{'I': 1, 'W': 0, 'R': 1, 'C': 'free'}",False,True,True,1.0,3
5866,1,0.0026631523757939617,0.6386541295123626,0.009438871661995842,1.9322348078716791,1.0002811209830345,1.5765674176063134,0.0019656359339352836,0.9999999921695706,0.5,0.07999999999999996,0.030000000000000027,0.9626697364129507,0.3207360223568186,0.04742360202815704,0.050000000000000044,0.050000000000000044,"{'I': 0, 'W': 1, 'R': 0, 'C': 'costly'}",False,True,True,0.0,3
5887,1,0.14060380476706572,0.7766314273353615,0.8103333420796132,2.489662261986693,1.0877064716429183,1.6408103081241234,0.39614909023275113,0.9999999889632781,0.0,0.050000000000000044,0.050000000000000044,0.047424169506300254,0.060080785633786236,0.0474225769719526,0.25,0.25,"{'I': 1, 'W': 0, 'R': 1, 'C': 'free'}",False,True,True,1.0,3
5887,2,0.16094528824703352,0.5477317297591516,1.1658938864137018,2.1419021674787295,1.0544414316745372,1.413813635372754,0.3456346370468608,0.9999999999997672,0.25,0.050000000000000044,0.050000000000000044,0.008577480651505855,0.006692637970630332,0.029311587223778246,0.050000000000000044,0.25,"{'I': 1, 'W': 0, 'R': 1, 'C': 'free'}",False,True,True,1.0,3
5887,3,0.2316640497320276,0.6981816410988165,0.8653219184985723,2.076627927385079,1.1705436959810793,1.5390804774909572,0.7162741166301791,0.9999999998811089,0.25,0.050000000000000044,0.09999999999999998,0.0031727081284948326,0.010985747517960583,0.222700552707892,0.25,0.4,"{'I': 1, 'W': 0, 'R': 1, 'C': 'free'}",True,False,True,0.0,3
5887,4,0.2699253987593389,0.9510448436532973,1.3988107997571293,2.3329574284236276,1.2468510761097802,2.040353650768546,0.9116839633329126,1.0,0.25,0.050000000000000044,0.050000000000000044,0.06008788521974171,0.02297609212431369,0.4378390941254219,0.30000000000000004,0.75,"{'I': 1, 'W': 0, 'R': 1, 'C': 'free'}",False,True,True,1.0,3
5887,5,0.026525031758126726,0.7364634619312964,0.16290158382152345,2.236734795425198,1.0056408759418924,1.651799189201064,0.05999988706118842,1.0,0.0,0.050000000000000044,0.050000000000000044,0.005220025686498665,0.00317252488804272,0.09534794927913338,0.4,0.75,"{'I': 1, 'W': 0, 'R': 1, 'C': 'free'}",True,False,True,0.0,3
5887,6,0.03881578078985634,0.7276932956796092,0.36936676646382915,2.3339987917035816,1.012429989632169,1.6077261150121058,0.12705880685985493,0.9999999999999606,0.25,0.050000000000000044,0.09999999999999998,0.004070076701633257,0.0015011162625692288,0.060087763589408975,0.4,0.25,"{'I': 1, 'W': 0, 'R': 1, 'C': 'free'}",True,False,True,0.0,3
5887,7,0.07085939701405895,0.8323339143867858,0.3398615184864286,2.5368487012837275,1.018547288552663,1.7293974816194722,0.18302863796939617,0.9999999999999969,0.3,0.050000000000000044,0.050000000000000044,0.014062972584720012,0.010986131510570133,0.2689433304773616,0.4,0.75,"{'I': 1, 'W': 0, 'R': 1, 'C': 'free'}",True,False,True,0.0,3
5913,1,0.1881293708356125,0.715400477361309,1.0149840869328173,2.1203473494404967,1.1325326182836168,1.5303791001519709,0.5260902043154958,0.999999992606623,0.05,0.050000000000000044,0.030000000000000027,0.9706881860614156,0.7772502154051125,0.18241934139612317,0.25,0.25,"{'I': 0, 'W': 1, 'R': 0, 'C': 'costly'}",False,True,True,0.0,3
5925,1,0.012433019931389669,0.6864048978452401,0.06292845653474036,2.251368873188501,1.002115241840968,1.444397690747344,0.012598019315629538,0.9999991451259108,0.0,0.050000000000000044,0.030000000000000027,0.014063336151351618,0.04742343829805411,0.017984374813508754,0.050000000000000044,0.050000000000000044,"{'I': 1, 'W': 0, 'R': 1, 'C': 'free'}",False,True,True,1.0,3
5925,2,0.18512828031081976,0.49515926385672043,0.8785743814950588,1.738784199803009,1.072664599401262,1.349719582235174,0.3435278421246466,0.9999995849827895,0.0,0.050000000000000044,0.030000000000000027,0.014063474318854454,0.02297580761435024,0.11920390109801338,0.050000000000000044,0.25,"{'I': 1, 'W': 0, 'R': 1, 'C': 'free'}",False,True,True,1.0,3
5925,3,0.20869093308958903,0.3995916476132621,1.1596285833578677,2.224193963756406,1.0841402739709751,1.2528538134824494,0.5541947077640127,0.9999999999864151,0.0,0.050000000000000044,0.0,0.022975753583491115,0.00857645300660183,0.008577433640532131,0.050000000000000044,0.050000000000000044,"{'I': 0, 'W': 1, 'R': 0, 'C': 'costly'}",False,True,True,0.0,3
5931,1,0.09223498038023602,0.5334553349979564,0.5027846129070863,1.576212908419892,1.0335972580592476,1.3151434594308689,0.2065116402723023,0.9999825789301283,0.0,0.050000000000000044,0.050000000000000044,0.029311430431354066,0.11919326582766743,0.008577073557840783,0.050000000000000044,0.25,"{'I': 1, 'W': 0, 'R': 1, 'C': 'free'}",False,True,True,1.0,3
5931,2,0.43845108046911657,0.6459219188959169,1.179069824729128,1.8156389925772605,1.1965418076459895,1.486345233829008,0.5922813178253695,0.9999999994923826,0.0,0.0,0.0,0.01798541510419378,0.014063223980396026,0.02297671569890249,0.050000000000000044,0.19999999999999996,"{'I': 1, 'W': 0, 'R': 1, 'C': 'free'}",False,True,True,1.0,3
5931,3,0.45427996183828717,0.6088526226607668,1.3416801130335807,1.968561345787053,1.417687769849759,1.4660147300165112,0.9387148493984676,0.9999999893986794,0.1,0.050000000000000044,0.0,0.14805485654177575,0.04742415689380437,0.03732620616767587,0.19999999999999996,0.25,"{'I': 1, 'W': 0, 'R': 1, 'C': 'free'}",False,True,True,0.0,3
5931,4,0.4457516314455814,0.6512049044544144,1.305199255249629,2.2193105696990565,1.2823522227876847,1.4281456299409978,0.7751173105944191,0.9999999817452775,0.2,0.050000000000000044,0.050000000000000044,0.0373231219774774,0.02297606348824428,0.26898027370673433,0.19999999999999996,0.30000000000000004,"{'I': 1, 'W': 0, 'R': 1, 'C': 'free'}",False,True,True,0.3333333333333333,3
5931,5,0.14177905047917236,0.8067072698354419,0.8544409740877665,1.9657451110080202,1.0960979888210873,1.7772415922962401,0.8404075351436177,0.9999999999994214,0.0,0.050000000000000044,0.010000000000000009,0.008577320683253882,0.005219602380575249,0.017985410801700717,0.09999999999999998,0.050000000000000044,"{'I': 0, 'W': 1, 'R': 0, 'C': 'costly'}",False,True,True,0.6666666666666666,3
5939,1,0.17678361474232485,0.4960901444234629,0.9098375013734098,2.008688645477042,1.0769740757760196,1.2975085876495986,0.44746727516932605,0.9999951714283973,0.0,0.050000000000000044,0.050000000000000044,0.02297689937253373,0.03732538185518647,0.11919226044209341,0.25,0.25,"{'I': 1, 'W': 0, 'R': 1, 'C': 'free'}",False,True,True,1.0,3
5939,2,0.2696846728796216,0.9111325189323801,1.2880613036428548,2.5970908427733637,1.1103979095411625,1.8042872145154685,0.5195485023373653,0.9999999999999976,0.05,0.050000000000000044,0.050000000000000044,0.04742527971573347,0.06007074547008357,0.09535502756821608,0.050000000000000044,0.050000000000000044,"{'I': 1, 'W': 0, 'R': 1, 'C': 'free'}",False,True,True,0.0,3
5939,3,0.11527424914123903,0.5234671458022768,0.30039157205654027,2.0832961586136727,1.0269236727810926,1.274795661772545,0.16970419768031686,0.9999627182944919,0.1,0.050000000000000044,0.010000000000000009,0.02297614357604231,0.06008018300510834,0.037326278418367914,0.050000000000000044,0.09999999999999998,"{'I': 1, 'W': 0, 'R': 1, 'C': 'free'}",False,True,True,0.0,3
5939,4,0.10107154347798908,0.5592460155529411,0.4473269140267432,1.8856032168622898,1.0228264687008572,1.4004859320292864,0.14614073970929453,0.9999999993912504,0.0,0.050000000000000044,0.050000000000000044,0.02931110281135778,0.060077089812565314,0.04742624222433771,0.19999999999999996,0.050000000000000044,"{'I': 1, 'W': 0, 'R': 1, 'C': 'free'}",True,False,True,0.0,3
5939,5,0.36100479669293556,0.5403961306737085,1.915117061827185,2.282460697366007,1.1472668837500957,1.3118328046548833,0.6177488540572755,0.999956499326456,0.1,0.050000000000000044,0.050000000000000044,0.5000571623118515,0.11918439241710109,0.14805924210356217,0.09999999999999998,0.09999999999999998,"{'I': 1, 'W': 0, 'R': 1, 'C': 'free'}",True,False,True,0.0,3
5939,6,0.21076442345068025,0.568721656199175,1.058194599603055,2.2464547594375226,1.0592417960785798,1.3556346358569336,0.33160339279078765,0.9999988686930247,0.1,0.050000000000000044,0.0,0.32080382345321123,0.14802036891925968,0.18242910098920773,0.09999999999999998,0.09999999999999998,"{'I': 1, 'W': 0, 'R': 1, 'C': 'free'}",True,False,True,0.0,3
5939,7,0.3700573189069831,0.582128150343442,2.00057927779148,2.2231213723943757,1.19804132663549,1.5116337502004609,0.7177087580700652,0.9999999336047811,0.1,0.050000000000000044,0.050000000000000044,0.6224786516723805,0.1824008234514612,0.3208558303261641,0.09999999999999998,0.09999999999999998,"{'I': 1, 'W': 0, 'R': 1, 'C': 'free'}",True,False,True,0.0,3
5962,1,0.2724548977676681,0.6353039061758181,1.9109387674171596,2.1573407190063882,1.3372099731468978,1.457269607867247,0.9021855214180484,0.9999999933471976,0.0,0.050000000000000044,0.050000000000000044,0.11919684862699942,0.09533577507110454,0.2226800157570725,0.25,0.25,"{'I': 1, 'W': 0, 'R': 1, 'C': 'free'}",False,True,True,1.0,3
5962,2,0.2796878198847226,1.207813151724296,1.3357229257807315,2.687815792418232,1.1758862210492178,2.390219739232424,0.8317396898966471,1.0,0.2,0.050000000000000044,0.0,0.09534431801821665,0.1191708506770818,0.04742369598765829,0.25,0.4,"{'I': 1, 'W': 0, 'R': 1, 'C': 'free'}",False,True,True,0.0,3
5962,3,0.30455297493105593,1.1297580023359706,1.129499401088216,2.6138865423733364,1.2044895875585577,2.0649774258383173,0.7742771110960643,1.0,0.1,0.050000000000000044,0.09999999999999998,0.11919533247106132,0.07584606481704137,0.029310978536177996,0.30000000000000004,0.25,"{'I': 1, 'W': 0, 'R': 1, 'C': 'free'}",False,True,True,1.0,3
5962,4,0.2040695021183894,0.8404843750411125,0.7694983916252536,2.304657108432414,1.1298194785645916,1.832045195556365,0.7388437864301491,0.999999999999961,0.1,0.050000000000000044,0.050000000000000044,0.3776241562130102,0.060081333263863376,0.18246549434061649,0.19999999999999996,0.25,"{'I': 1, 'W': 0, 'R': 1, 'C': 'free'}",False,True,True,0.0,3
5962,5,0.28607518988613856,0.9965420089437987,0.9775388761832299,2.595552750776219,1.241952189506173,1.9172327373595686,0.8854615701117671,1.0,0.25,0.050000000000000044,0.050000000000000044,0.14810001464300435,0.06007732731934071,0.1192107863175245,0.30000000000000004,0.25,"{'I': 1, 'W': 0, 'R': 1, 'C': 'free'}",False,True,True,0.0,3
5962,6,0.3287680866387151,0.9758155409411422,1.0610724980900899,2.545315220550719,1.1581307506702512,2.0516078412179346,0.5855668936030536,1.0,0.05,0.09999999999999998,0.050000000000000044,0.06008665629761521,0.09534200833587256,0.0758699453723245,0.30000000000000004,0.25,"{'I': 1, 'W': 0, 'R': 1, 'C': 'free'}",False,False,True,0.0,3
5962,7,0.27487501576524825,1.0674994972885103,0.8416394578765775,2.476669606335311,1.2076433578428547,2.3010598952557753,0.6776202028025999,1.0,0.05,0.050000000000000044,0.050000000000000044,0.11918961075354725,0.03732043443503275,0.06008915120813263,0.09999999999999998,0.25,"{'I': 1, 'W': 0, 'R': 1, 'C': 'free'}",True,False,True,0.0,3
5965,1,0.025762031515071282,0.46978319090350706,0.10437543586499626,1.7184906166132503,1.0038425476325628,1.3281717166346831,0.026489129018950064,0.9999990868484895,0.0,0.050000000000000044,0.050000000000000044,0.022977114430765107,0.0758546098846952,0.11919728284959512,0.25,0.25,"{'I': 1, 'W': 0, 'R': 1, 'C': 'free'}",False,True,True,1.0,3
5965,2,0.39571830839281064,0.476505939313563,1.2882773779698353,1.784904815560525,1.3322976576977694,1.2974004946095041,0.9574023057528839,0.9999894137682562,0.1,0.050000000000000044,0.050000000000000044,0.0293120589355275,0.03732224734830416,0.2689418203147775,0.050000000000000044,0.25,"{'I': 1, 'W': 0, 'R': 1, 'C': 'free'}",False,True,True,0.3333333333333333,3
5965,3,0.230186086034504,0.48202851795204615,0.8301704474645942,2.276797086383336,1.0794486499348668,1.4298637771243448,0.5687013114765365,0.9999993859362944,0.1,0.050000000000000044,0.050000000000000044,0.07585308636745708,0.06008144181639923,0.11920601049088198,0.050000000000000044,0.25,"{'I': 1, 'W': 0, 'R': 1, 'C': 'free'}",True,False,True,0.0,3
5965,4,0.11008297985136227,0.4410675456184045,0.6496523506468876,1.9417339817744586,1.032240231661162,1.3823770741727675,0.2946390691039166,0.9999967223270679,0.0,0.050000000000000044,0.010000000000000009,0.18242702839488656,0.14802248018287775,0.3775851297004929,0.19999999999999996,0.25,"{'I': 1, 'W': 0, 'R': 1, 'C': 'free'}",True,False,True,0.0,3
5965,5,0.1557086129253799,0.8010333286780011,0.7187174615550062,2.235769102115295,1.1064956044449732,1.6654029030069954,0.5075613310179448,0.9999999991726144,0.05,0.050000000000000044,0.050000000000000044,0.037325864315029024,0.04742166848885941,0.2689638925622536,0.09999999999999998,0.75,"{'I': 1, 'W': 0, 'R': 1, 'C': 'free'}",False,True,True,1.0,3
5965,6,0.1335595580955889,0.7203872949899569,0.6243989552404312,2.2554569900164148,1.0435255269865744,1.6549605832670844,0.374155919113785,0.9999999993529788,0.0,0.050000000000000044,0.050000000000000044,0.11921128774122858,0.18240646016456227,0.22270406635539255,0.09999999999999998,1.0,"{'I': 1, 'W': 0, 'R': 1, 'C': 'free'}",True,True,True,0.0,3
5965,7,0.22704243468469476,0.603375589236053,0.47795683722306737,2.2897021638674806,1.5719340536539521,1.4749668661994895,0.8362193047460227,0.9999999999656838,0.01,0.050000000000000044,0.010000000000000009,0.014062428553546637,0.008575229296558495,0.017984149124324538,0.050000000000000044,0.050000000000000044,"{'I': 0, 'W': 1, 'R': 0, 'C': 'costly'}",False,True,True,1.0,3
5980,1,0.0753785650606457,0.525404024637437,0.3928623647739528,1.7667706611813143,1.0206881318752614,1.375707718211279,0.15110205955211276,0.9999858230138251,0.0,0.050000000000000044,0.050000000000000044,0.4378196929592571,0.14803169555990675,0.22267298203072244,0.4,0.25,"{'I': 1, 'W': 0, 'R': 1, 'C': 'free'}",False,True,True,1.0,3
5980,2,0.27742346723999006,0.8310513760733783,0.7091526228783483,2.573220911752358,1.1951138081389712,1.7993952610300559,0.6568022635140077,0.9999999999999832,0.2,0.09999999999999998,0.050000000000000044,0.07585467933047042,0.060081146637645924,0.18242081425958634,0.25,0.75,"{'I': 1, 'W': 0, 'R': 1, 'C': 'free'}",False,True,True,1.0,3
5980,3,0.1942619968430197,0.5587752803144164,0.7955261160591586,2.2299163718224984,1.059703301824439,1.4197933041042008,0.3711809358580259,0.9999999999999966,0.3,0.9,0.9,0.5621739584419768,0.3775220271358167,0.37754068745283076,0.75,0.9,"{'I': 1, 'W': 0, 'R': 1, 'C': 'free'}",True,True,True,0.0,3
5980,4,0.3086168401655583,0.8091818425770382,1.1285279119811156,2.5281988372117183,1.1233540225608352,1.8070784713764254,0.6489651803409258,1.0,0.25,0.050000000000000044,0.7,0.3208296940385434,0.22267558640713822,0.14804519255767368,1.0,0.9,"{'I': 1, 'W': 0, 'R': 1, 'C': 'free'}",False,True,True,1.0,3
5980,5,0.5355314222000283,0.8291538051076207,2.2503927474785055,2.2690387299426957,1.5420859799028255,1.8874287063042046,0.9687297545519201,1.0,0.3,0.050000000000000044,0.050000000000000044,0.8175784775951488,0.2689348663774651,0.3208463850335302,1.0,0.75,"{'I': 1, 'W': 0, 'R': 1, 'C': 'free'}",True,True,True,0.0,3
5980,6,0.18009054602502741,0.8893193854825501,0.9337799457970117,2.238218900295499,1.0752252065832562,1.7083026868862319,0.3528523509071996,1.0,0.25,0.09999999999999998,0.0,0.09534857835077044,0.04742347578190413,0.6224831592409511,0.4,0.8,"{'I': 1, 'W': 0, 'R': 1, 'C': 'free'}",False,True,True,0.0,3
5980,7,0.2912720884925331,0.8016722385044374,0.9820798192786516,2.4920461326726486,1.153272713130895,1.6850684885410332,0.5749814351050186,1.0,0.3,1.0,1.0,0.1480502873267346,0.09534369154781072,0.5622080883332354,0.8,0.9,"{'I': 1, 'W': 0, 'R': 1, 'C': 'free'}",True,False,True,0.0,3
6,1,0.2510827889963528,0.711144749783633,1.0839844568109318,1.8476560827400077,1.1249363318815557,1.5158401496514564,0.44491398810678895,0.9999995245215999,0.0,0.050000000000000044,0.050000000000000044,0.1480392222409619,0.09534200416826676,0.6791516069981366,0.5,0.75,"{'I': 1, 'W': 0, 'R': 1, 'C': 'free'}",False,True,True,1.0,3
6,2,0.2337555787689523,0.91786991752041,1.0875195309673555,2.3023829621085303,1.255989950949745,1.8444391457878389,0.8385229961407662,0.9999999999874234,0.0,1.0,0.8,0.7773016617085237,0.3207942985165125,0.7310568031340606,0.9,1.0,"{'I': 1, 'W': 0, 'R': 1, 'C': 'free'}",False,True,True,1.0,3
6,3,0.1030742474834449,0.9616545407829349,0.588603366593273,2.1286503885398766,1.0363159484779745,1.8317210450032375,0.2746120053565323,1.0,0.3,0.050000000000000044,0.8,0.5000345571673938,0.3208235583226089,0.7773143927697123,0.75,0.9,"{'I': 1, 'W': 0, 'R': 1, 'C': 'free'}",False,True,True,0.0,3
6,4,0.26214594810275466,0.7580453063785334,0.9327866202979533,2.271020868777146,1.1505761252682087,1.5887904631552194,0.7170160675633149,1.0,0.3,0.050000000000000044,0.050000000000000044,0.022978429799698954,0.029310807172340404,0.09536214005721833,0.30000000000000004,0.7,"{'I': 1, 'W': 0, 'R': 1, 'C': 'free'}",False,True,True,0.0,3
6,5,0.5438252209109589,0.9618400149472626,1.3746397836879816,2.769211704042875,1.3802253458337774,1.958333609645339,0.8003588750697384,1.0,0.3,1.0,0.95,0.6224903135947668,0.6791693083066188,0.777333454872418,0.8,0.9,"{'I': 1, 'W': 0, 'R': 1, 'C': 'free'}",False,True,True,0.6666666666666666,3
6,6,0.21812581581630033,0.9283960252542882,0.7264953449567253,2.6446782674446525,1.175653147724032,1.8557808808040774,0.7669296109349397,1.0,0.1,0.050000000000000044,0.0,0.4378926814195084,0.1823980647436408,0.14807839269021214,0.7,0.9,"{'I': 1, 'W': 0, 'R': 1, 'C': 'free'}",False,True,True,0.0,3
6,7,0.26667397781886654,0.8104061659379953,1.2438071312860075,2.3922099661221825,1.1241467417950113,1.6717172219092293,0.7544590525952248,1.0,0.0,1.0,1.0,0.26892666687812866,0.22268637799233224,0.7311156597010896,0.9,0.9,"{'I': 0, 'W': 1, 'R': 0, 'C': 'costly'}",False,True,True,0.0,3
60,1,0.18297946249772848,0.49324684051348616,0.8526346772632574,2.0802913171032498,1.1853875461941337,1.4525554268511442,0.8459945684740076,0.9999999999905599,0.0,0.050000000000000044,0.050000000000000044,0.11920113778501483,0.26891843829829726,0.4378098256365569,0.25,0.25,"{'I': 1, 'W': 0, 'R': 1, 'C': 'free'}",False,True,True,1.0,3
60,2,0.03914849359479595,0.7323680663823833,0.16673550482224847,2.6280773410693268,1.0079154896611813,1.8491450951517012,0.05369493739521991,1.0,0.1,0.050000000000000044,0.0,0.014062779949069888,0.014062393360585212,0.09535431999956576,0.25,0.4,"{'I': 1, 'W': 0, 'R': 1, 'C': 'free'}",False,True,True,1.0,3
60,3,0.6370437807363785,0.6457260502758994,1.441247577670678,2.2679874842568175,1.4263576961735085,1.5061038648772704,0.959079215409552,0.9999999999996451,0.05,0.050000000000000044,0.010000000000000009,0.14804744303078676,0.07584832582553032,0.029312501806534632,0.050000000000000044,0.09999999999999998,"{'I': 1, 'W': 0, 'R': 1, 'C': 'free'}",False,True,True,0.0,3
60,4,0.21784728519465857,0.5828130691620216,0.902427576778144,2.0257325766888337,1.0794248706061347,1.3855047180199398,0.4973470708281328,0.9999999915210225,0.05,0.050000000000000044,0.010000000000000009,0.03732149352271092,0.022973263514535817,0.029310400506540157,0.050000000000000044,0.050000000000000044,"{'I': 1, 'W': 0, 'R': 1, 'C': 'free'}",True,False,True,0.0,3
60,5,0.4623300351483068,0.6790106428898157,1.5724723360828645,2.0808662492739627,1.3435279919510104,1.4787030431305441,0.8734468483181855,0.9999999999358581,0.05,0.050000000000000044,0.010000000000000009,0.5622185638762409,0.14801011538280257,0.07587000362583432,0.09999999999999998,0.09999999999999998,"{'I': 1, 'W': 0, 'R': 1, 'C': 'free'}",False,True,True,0.0,3
60,6,0.3065142148344845,0.8207483295040247,1.2963014757512172,2.1894852418085904,1.1167679540387694,1.7004126970101305,0.5384068054871214,0.9999999999999278,0.05,0.050000000000000044,0.0,0.3775177896641724,0.06007389902887423,0.04742634244407171,0.09999999999999998,0.050000000000000044,"{'I': 1, 'W': 0, 'R': 1, 'C': 'free'}",False,True,True,0.0,3
60,7,0.24907940054839,0.8335466440669619,0.8489535022853261,2.3401281394278906,1.1604007175805622,1.6538938397154115,0.7378631346801611,0.9999999999984129,0.05,0.050000000000000044,0.020000000000000018,0.5621311755254434,0.2688521513680716,0.0953684614240736,0.09999999999999998,0.09999999999999998,"{'I': 1, 'W': 0, 'R': 1, 'C': 'free'}",True,True,True,0.0,3
6014,1,0.22990687271485485,0.7273047997884069,1.1323639102680565,2.2917019419178684,1.0671668739351208,1.5699336400826986,0.47799262106951246,0.9999999996039975,0.1,0.050000000000000044,0.050000000000000044,0.03732568581596272,0.04742140966132659,0.060079560562083294,0.4,0.25,"{'I': 1, 'W': 0, 'R': 1, 'C': 'free'}",False,True,True,1.0,3
6014,2,0.137419666553336,0.9703232445915095,0.6313000595876224,2.6602233780896523,1.0516847154077926,1.8849011384929462,0.2609282080196511,1.0,0.25,0.050000000000000044,0.09999999999999998,0.022976521512905555,0.047417883681568976,0.037326489425201295,0.30000000000000004,0.4,"{'I': 1, 'W': 0, 'R': 1, 'C': 'free'}",False,True,True,1.0,3
6014,3,0.6307628298764989,0.7579534883707942,1.3996399540090287,2.5902073465108453,1.2776455803954754,1.6356433240831416,0.8200602051360849,0.9999999999922697,0.1,0.050000000000000044,0.050000000000000044,0.07586207854341494,0.02930476649761003,0.22274851237273074,0.30000000000000004,0.25,"{'I': 1, 'W': 0, 'R': 1, 'C': 'free'}",False,True,True,0.0,3
6014,4,0.7382756416493549,0.8301847553918744,2.1413186412940632,2.641935152488646,1.7545148512762931,1.8341098160362423,0.9999597122398008,1.0,0.0,0.050000000000000044,0.050000000000000044,0.6789607226581882,0.3207263459737831,0.26897697453957353,0.9,0.75,"{'I': 0, 'W': 1, 'R': 0, 'C': 'costly'}",False,True,True,0.0,3
6028,1,0.1279398676833884,0.4581263726640271,0.8981052557294118,1.781515958282246,1.1173847935205945,1.3418088194362545,0.5884923189896669,0.9999999991410569,0.0,0.050000000000000044,0.050000000000000044,0.0953443808369602,0.320799840647275,0.14803598824102454,0.25,0.25,"{'I': 1, 'W': 0, 'R': 1, 'C': 'free'}",False,True,True,1.0,3
6028,2,0.27042626142971454,0.8169279968033527,1.1170947772964448,2.2218415575731387,1.272152250741414,1.6858800044199638,0.8542235818939455,1.0,0.2,0.050000000000000044,0.0,0.022975953982998377,0.03731966374176551,0.07585416009286673,0.050000000000000044,0.25,"{'I': 1, 'W': 0, 'R': 1, 'C': 'free'}",False,True,True,1.0,3
6028,3,0.6075450779735183,0.7141880414418825,1.9446341920047927,2.459970265120514,1.5163510057925236,1.6516580222720556,0.964223154074501,1.0,0.1,0.050000000000000044,0.050000000000000044,0.6224349400678965,0.2226637018959991,0.060087351882003044,0.30000000000000004,0.25,"{'I': 1, 'W': 0, 'R': 1, 'C': 'free'}",True,False,True,0.0,3
6028,4,0.09478850297025795,0.7645998090741382,0.2845395890299901,2.373915041566489,1.0195727060708768,1.5732362052294793,0.14364390565572394,0.9999999999999997,0.1,0.050000000000000044,0.050000000000000044,0.06008399520187136,0.07584627519019756,0.22273831959505322,0.19999999999999996,0.25,"{'I': 1, 'W': 0, 'R': 1, 'C': 'free'}",True,False,True,0.0,3
6028,5,0.2652747911782584,1.13263887097147,0.8416364936947827,2.6845815486718148,1.0774834533920405,2.4397480475219115,0.4495534885822221,1.0,0.1,0.050000000000000044,0.050000000000000044,0.1480479620180674,0.07585164152806753,0.1824502732448859,0.19999999999999996,0.25,"{'I': 1, 'W': 0, 'R': 1, 'C': 'free'}",False,True,True,0.0,3
6028,6,0.02419107373572971,0.8793057423187167,0.07387546750742452,2.830907362732217,1.003380888738626,2.015272343751511,0.026640209821335525,1.0,0.05,0.09999999999999998,0.050000000000000044,0.06008335823719251,0.029309592227035573,0.09535388617846591,0.09999999999999998,0.25,"{'I': 1, 'W': 0, 'R': 1, 'C': 'free'}",True,True,True,0.0,3
6028,7,0.32730116320221914,0.8751806573744123,0.9121304333545659,2.3074258516043673,1.109687288256773,1.893229726999032,0.5650942885757946,1.0,0.1,0.050000000000000044,0.050000000000000044,0.03732615019541979,0.037322328408471175,0.11921025375640806,0.09999999999999998,0.25,"{'I': 1, 'W': 0, 'R': 1, 'C': 'free'}",True,True,True,0.0,3
6030,1,0.10053235538258172,0.6492540784159377,0.6713812398944518,2.3369606461669514,1.1500916914028116,1.4602859649921687,0.6242727117517606,0.9999999601623237,0.0,0.050000000000000044,0.050000000000000044,0.037326174389543415,0.09533589371662984,0.07585537111972189,0.25,0.25,"{'I': 1, 'W': 0, 'R': 1, 'C': 'free'}",False,True,True,1.0,3
6030,2,0.9451454469545294,0.5535478552017616,2.3207911672764476,1.837157531730245,2.0212111252524374,1.3988645088081435,0.9964098998847355,0.999999859218894,0.1,0.0,0.0,0.9046778208104161,0.7772839184224909,0.2227052932117653,0.25,0.25,"{'I': 1, 'W': 0, 'R': 1, 'C': 'free'}",False,True,True,0.3333333333333333,3
6030,3,0.6326271624261471,0.7134245114182486,1.1454455732746616,2.094007085520863,1.5821450540163693,1.5898633154208361,0.9745299606068762,0.9999999999999797,0.25,0.050000000000000044,0.0,0.5622227236768261,0.3207828289818781,0.32082391847081243,0.30000000000000004,1.0,"{'I': 1, 'W': 0, 'R': 1, 'C': 'free'}",False,False,True,0.0,3
6030,4,0.30827363552964926,0.9224026518310078,0.9389837371050461,1.975824588017916,1.1731640592975945,1.801594845240613,0.7624411284494933,0.9999995939572729,0.0,0.050000000000000044,0.050000000000000044,0.5622030845268071,0.3207935847268509,0.3208504942410571,0.19999999999999996,0.25,"{'I': 1, 'W': 0, 'R': 1, 'C': 'free'}",False,False,True,0.0,3
6030,5,0.3670711593048613,1.2454296573577779,0.9505054140165878,2.6625856324104014,1.2002133603862035,2.4677126261968776,0.8065031550475801,1.0,0.25,0.050000000000000044,0.050000000000000044,0.5000895057046266,0.6791143160246544,0.5621921423327028,0.30000000000000004,0.7,"{'I': 1, 'W': 0, 'R': 1, 'C': 'free'}",True,False,True,0.0,3
6030,6,0.34173435750629527,0.8464273758726407,0.9675510068990344,2.1818866612025505,1.2602435341303613,1.7448859450597205,0.8752875822283065,0.9999999999975159,0.0,0.09999999999999998,0.0,0.8519404768826785,0.5620916065011774,0.3208211510428161,1.0,1.0,"{'I': 1, 'W': 0, 'R': 1, 'C': 'free'}",True,False,True,0.0,3
6030,7,0.21127068613813796,0.5140467830663615,0.8402919251757253,2.187197835463746,1.09208935805431,1.3257877725126137,0.5474397308656289,0.9999999807629969,0.0,0.050000000000000044,0.050000000000000044,0.32081593436349315,0.18240321410674984,0.32085241909457385,0.050000000000000044,0.25,"{'I': 1, 'W': 0, 'R': 1, 'C': 'free'}",True,False,True,0.0,3
6055,1,0.05602656736940032,0.683163691454394,0.29975465357088693,2.469640221644254,1.0146799971908211,1.4289164198027682,0.08372591028361076,0.9999999957378243,0.1,0.0,0.030000000000000027,0.985942659011931,0.9240936100913759,0.4999619230657189,0.09999999999999998,0.25,"{'I': 0, 'W': 1, 'R': 0, 'C': 'costly'}",False,True,True,0.0,3
6063,1,0.4317727251399348,0.5751730915612504,1.3261957436611878,1.922650766933885,1.3059535862125788,1.477194572046753,0.8818107269515546,0.999999976269693,0.0,0.050000000000000044,0.010000000000000009,0.6791840341403613,0.622391590079935,0.49997961568958,0.25,0.25,"{'I': 1, 'W': 0, 'R': 1, 'C': 'free'}",False,True,True,1.0,2
6063,2,0.1202715311404009,0.9879053545841853,0.5073868391134143,2.2972768859485395,1.0340238359603169,1.798107798815515,0.1818805842741189,0.9999999999889612,0.2,0.30000000000000004,0.0,0.6224547550169305,0.4999725458044797,0.22270544537013345,0.4,0.4,"{'I': 1, 'W': 0, 'R': 1, 'C': 'free'}",False,True,True,0.0,2
6063,3,0.06307307846185818,0.8025092978989923,0.2711163001341191,2.598922051256953,1.0134064382847257,1.6900460787994294,0.10105995503040555,1.0,0.2,0.050000000000000044,0.19999999999999996,0.11920723491860702,0.182411250921813,0.26898644713776626,0.4,0.7,"{'I': 1, 'W': 0, 'R': 1, 'C': 'free'}",False,True,True,1.0,2
6063,4,0.6066620023605311,0.7585611075073047,1.0944488743119907,2.298172233746656,1.270150834798634,1.6054875662220929,0.697501301766508,1.0,0.15,0.050000000000000044,0.050000000000000044,0.029312932498693038,0.11917474428997143,0.32092642141625616,0.30000000000000004,0.75,"{'I': 1, 'W': 0, 'R': 1, 'C': 'free'}",False,True,True,1.0,2
6063,5,0.28929886743398003,0.7156702011816395,0.6481482140502847,2.430829381803382,1.0836278930252983,1.545693989740219,0.38238341817078936,1.0,0.05,0.050000000000000044,0.050000000000000044,0.11920679682835221,0.03732553143375417,0.07586830718770445,0.25,0.25,"{'I': 1, 'W': 0, 'R': 1, 'C': 'free'}",False,True,True,1.0,2
6063,6,0.3254300244570408,0.5290884310101052,1.9281371439528512,2.3376144149790408,1.2631349724200431,1.350105577980286,0.9990952945397109,0.9999999999999994,0.05,0.050000000000000044,0.050000000000000044,0.014062700012934479,0.008575025153618824,0.010986152010332829,0.09999999999999998,0.050000000000000044,"{'I': 0, 'W': 1, 'R': 0, 'C': 'costly'}",False,True,True,0.5,2
6090,1,0.0018316634056106263,0.4941677804631217,0.006781081447434704,2.0300202664711815,1.0001982259879385,1.3593632310659758,0.0011885311992321235,0.9999996019889735,0.0,0.050000000000000044,0.030000000000000027,0.01098626445511015,0.029306940838201057,0.037324763391936314,0.050000000000000044,0.050000000000000044,"{'I': 1, 'W': 0, 'R': 1, 'C': 'free'}",False,True,True,1.0,3
6090,2,0.054821030247526124,0.6320149270118589,0.24987584785293698,2.4288807179466727,1.0122099523026133,1.3914786663666605,0.0588757055380964,0.9999999653885908,0.0,0.050000000000000044,0.050000000000000044,0.0373263013146927,0.022977022455929558,0.0758595257316983,0.25,0.25,"{'I': 1, 'W': 0, 'R': 1, 'C': 'free'}",False,True,True,1.0,3
6090,3,0.4318272823425381,0.7066395133525059,0.8860151464549477,1.9669016181305061,1.2261529521790002,1.5580581100229196,0.6391915006297015,0.9999999966401543,0.0,0.050000000000000044,0.050000000000000044,0.014062570526336724,0.014062274143149808,0.0758617508351603,0.050000000000000044,0.25,"{'I': 1, 'W': 0, 'R': 1, 'C': 'free'}",True,False,True,0.0,3
6090,4,0.6176709485936842,0.8460252016704286,1.181198595250144,2.4927150148061488,1.2939082040508116,1.8786479997682595,0.7242708592988574,1.0,0.1,0.050000000000000044,0.050000000000000044,0.14801865299040978,0.037322226931876964,0.03732899041184487,0.19999999999999996,0.25,"{'I': 0, 'W': 1, 'R': 0, 'C': 'costly'}",False,True,True,0.6666666666666666,3
6092,1,0.05511712258388009,0.5790653566467839,0.16311253912869217,1.794828425217612,1.0118902824283262,1.4561263484918965,0.05738819629522196,0.9999990845497181,0.0,0.050000000000000044,0.050000000000000044,0.4378219570064576,0.43780395994632654,0.3208106293006003,0.25,0.25,"{'I': 1, 'W': 0, 'R': 1, 'C': 'free'}",False,True,True,1.0,3
6092,2,0.02993614303091228,0.6151923377544647,0.16278786024487352,2.1319183854538264,1.006737347403827,1.482836455542655,0.03948772537181733,0.9999999999924327,0.0,0.050000000000000044,0.050000000000000044,0.1191947886292407,0.07585411270428007,0.1192033492097722,0.050000000000000044,0.19999999999999996,"{'I': 1, 'W': 0, 'R': 1, 'C': 'free'}",False,True,True,1.0,3
6092,3,0.08801432287234087,0.49992696018804744,0.7333030553945089,2.357320774159498,1.0625030374666844,1.3790259575958255,0.720059190469829,0.9999999999992802,0.0,0.050000000000000044,0.010000000000000009,0.0024724971512985736,0.0052190911962698774,0.006691864995163787,0.050000000000000044,0.050000000000000044,"{'I': 0, 'W': 1, 'R': 0, 'C': 'costly'}",False,True,True,1.0,3
6100,1,0.013250136752983246,0.532105970688654,0.07574397172705931,2.062182679842839,1.0024490091291118,1.3493774781482153,0.014568922248517246,0.9999999716691582,0.0,0.050000000000000044,0.050000000000000044,0.01798511104689451,0.022973028174581175,0.02930990301915603,0.050000000000000044,0.25,"{'I': 1, 'W': 0, 'R': 1, 'C': 'free'}",False,True,True,1.0,3
6100,2,0.21854611662494214,0.76315447388584,0.6976017593740182,2.5730546537451677,1.124523126334313,1.5720648930916534,0.5054734053751463,1.0,0.25,0.050000000000000044,0.050000000000000044,0.26893967309169464,0.4377551917838428,0.43785205494551677,0.30000000000000004,0.75,"{'I': 1, 'W': 0, 'R': 1, 'C': 'free'}",False,True,True,0.0,3
6100,3,0.08784187601880335,0.7428100308197794,0.37926148193644227,2.592346939820959,1.0207804744230742,1.6107211926045364,0.134088474281142,1.0,0.05,0.050000000000000044,0.050000000000000044,0.008576910779267961,0.01798396492961046,0.022977670957408946,0.19999999999999996,0.25,"{'I': 1, 'W': 0, 'R': 1, 'C': 'free'}",False,True,True,1.0,3
6100,4,0.4847187648147173,0.7781908681197286,1.4949596391924456,2.252235556259583,1.5088389897518804,1.6353455564399366,0.9836479947070467,0.9999999999999429,0.3,0.050000000000000044,0.050000000000000044,0.09534506514996513,0.11918343011166849,0.18246444621763674,0.30000000000000004,0.25,"{'I': 1, 'W': 0, 'R': 1, 'C': 'free'}",False,True,True,0.0,3
6100,5,0.8309529562316129,0.8730120049297053,2.5787125483130398,2.209564588424996,1.9644582900515,1.6820710064521562,0.9988316529180504,0.9999999999997747,0.3,0.050000000000000044,0.050000000000000044,0.3775505962134607,0.14797529755613925,0.07586736090878958,0.19999999999999996,0.25,"{'I': 1, 'W': 0, 'R': 1, 'C': 'free'}",False,False,True,0.0,3
6100,6,0.2631970307606556,0.895561591046398,1.1466868638826422,2.58876797200819,1.1026308888373866,1.8522796218107753,0.7453299717319792,1.0,0.3,0.050000000000000044,0.050000000000000044,0.1191968065252286,0.14802511378842179,0.09536373228268422,0.19999999999999996,0.19999999999999996,"{'I': 1, 'W': 0, 'R': 1, 'C': 'free'}",False,False,True,0.0,3
6100,7,0.3362003935396391,1.0263406611263213,1.6189066486599826,2.5602845277984803,1.2178975667310477,2.006056743690403,0.7934078108199714,1.0,0.05,0.050000000000000044,0.050000000000000044,0.029308755231664037,0.037311437350512414,0.047427299529687085,0.25,0.25,"{'I': 1, 'W': 0, 'R': 1, 'C': 'free'}",False,False,True,0.0,3
6102,1,0.10884411470929342,0.43899342583215245,0.593565887549497,1.699916536616494,1.0274765285858456,1.238557206113104,0.23742791633817528,0.9999720029322688,0.0,0.050000000000000044,0.030000000000000027,0.017985581071597236,0.022975691823545724,0.07585296628413672,0.050000000000000044,0.25,"{'I': 1, 'W': 0, 'R': 1, 'C': 'free'}",False,True,True,1.0,3
6102,2,0.19122833250358573,0.7816058588993128,0.8520176396864938,2.540826570393512,1.0675234510956488,1.6925965230349396,0.5434683317151886,0.9999999979347667,0.1,0.050000000000000044,0.050000000000000044,0.49999369317477804,0.1480245908193905,0.32081813534119547,0.25,0.25,"{'I': 1, 'W': 0, 'R': 1, 'C': 'free'}",False,True,True,1.0,3
6102,3,0.04293965720021656,0.7319727890547831,0.2682677767117962,2.264665834648546,1.0077553302438953,1.6088471346267779,0.0885376096981012,0.9999999999929498,0.25,0.050000000000000044,0.050000000000000044,0.6224360320077128,0.14802877701144265,0.37753832633105516,0.30000000000000004,0.25,"{'I': 1, 'W': 0, 'R': 1, 'C': 'free'}",False,True,True,0.0,3
6102,4,0.114473350523207,0.7886058857393278,0.7001550450502461,2.226467933128966,1.0477863840858386,1.604120057379548,0.4015887573063037,0.9999999999999999,0.25,0.050000000000000044,0.050000000000000044,0.029312111574671326,0.008576918766513132,0.32082462472305273,0.30000000000000004,0.75,"{'I': 1, 'W': 0, 'R': 1, 'C': 'free'}",False,True,True,0.3333333333333333,3
6102,5,0.07770368408155028,0.43324183700134933,0.6533534957714768,1.9323996341192182,1.0378370152478735,1.3041927454438669,0.35960176387285403,0.9999999755970398,0.0,0.050000000000000044,0.050000000000000044,0.07585541948129992,0.06008287600745408,0.8175797588369759,0.09999999999999998,1.0,"{'I': 1, 'W': 0, 'R': 1, 'C': 'free'}",False,True,True,1.0,3
6102,6,0.010009793727417464,0.48552009114201317,0.07070667242120941,2.0177692262290328,1.0013843890524117,1.3873240185262652,0.016464139834269642,0.9999999959120687,0.0,0.09999999999999998,0.0,0.04742536098040627,0.06007676558784774,0.5000017644789654,0.09999999999999998,1.0,"{'I': 1, 'W': 0, 'R': 1, 'C': 'free'}",False,True,True,0.0,3
6102,7,0.03641722211979834,0.4379840097598658,0.37083257383568397,2.2080563414519347,1.0114304536611904,1.3078175434116084,0.12749547210665446,0.9999999734273616,0.0,0.050000000000000044,0.050000000000000044,0.04742597718962773,0.029311617620522295,0.3208285369858265,0.050000000000000044,1.0,"{'I': 1, 'W': 0, 'R': 1, 'C': 'free'}",True,True,True,0.0,3
6108,1,0.05781574504929188,0.6504260595066823,0.24726397428936014,2.269031213435358,1.014088785452165,1.345441002496193,0.06756170829298569,0.9999440929905439,0.0,0.050000000000000044,0.050000000000000044,0.04742367345513469,0.060082255111677176,0.11919588619061687,0.050000000000000044,0.25,"{'I': 1, 'W': 0, 'R': 1, 'C': 'free'}",False,True,True,1.0,3
6108,2,0.0317889279886827,0.49647884720386315,0.11196951116027958,1.456760891585598,1.0059884425315269,1.2618867739670878,0.029411718332960857,0.9997691839443867,0.0,0.050000000000000044,0.0,0.006692613567204254,0.006692655543333795,0.037325875464444214,0.050000000000000044,0.050000000000000044,"{'I': 1, 'W': 0, 'R': 1, 'C': 'free'}",False,True,True,1.0,3
6108,3,0.22453592420408688,0.6628398808086022,0.6462037845528944,1.4981386212460341,1.110344588366309,1.5255955113271977,0.40746896973377855,0.9999998930199702,0.0,0.050000000000000044,0.0,0.0052197786529612645,0.004070038902314789,0.0293132171576798,0.050000000000000044,0.050000000000000044,"{'I': 1, 'W': 0, 'R': 1, 'C': 'free'}",True,False,True,0.0,3
6108,4,0.8125941860573178,1.0907677302829648,1.7133268471013259,2.4921257410004607,2.395723451006471,1.8497565542274272,0.9873288340241937,0.9999999999999559,0.1,0.050000000000000044,0.050000000000000044,0.047428123066973776,0.01798515436671666,0.1480974677650496,0.050000000000000044,0.25,"{'I': 1, 'W': 0, 'R': 1, 'C': 'free'}",False,True,True,0.0,3
6108,5,0.6448480789489259,0.6781732549261715,1.8116388948816353,2.134852694318422,1.3627497290984578,1.6593484045002682,0.7872255492227027,0.9999999999939301,0.05,0.050000000000000044,0.050000000000000044,0.005219744782181876,0.0052197088401736555,0.010986498447811925,0.09999999999999998,0.050000000000000044,"{'I': 1, 'W': 0, 'R': 1, 'C': 'free'}",False,True,True,0.3333333333333333,3
6108,6,0.516532400242854,0.6678140773356688,0.8046007689901405,2.406928943702534,1.4390414841231898,1.5787487736842074,0.837955822391937,0.9999999999804523,0.0,0.050000000000000044,0.09999999999999998,0.11921908126766999,0.1824164406761227,0.11922762474740631,0.09999999999999998,1.0,"{'I': 1, 'W': 0, 'R': 1, 'C': 'free'}",True,True,True,0.0,3
6108,7,0.6044727801260015,0.8798326686346697,1.2176621820910865,2.4074140048742754,1.3530208034504467,1.7662539480307702,0.9109642940203079,0.9999999999992158,0.1,0.050000000000000044,0.020000000000000018,0.07586927797483882,0.037326421719505835,0.06010464473566908,0.050000000000000044,0.09999999999999998,"{'I': 1, 'W': 0, 'R': 1, 'C': 'free'}",False,True,True,0.0,3
612,1,0.014921642846292433,0.5344762194061743,0.07027514566749482,1.6555365036404457,1.0020846174502405,1.4790174945378494,0.012416951406340693,0.9999992397423456,0.0,0.050000000000000044,0.030000000000000027,0.09534439398332563,0.1480224937261781,0.1191977386344518,0.050000000000000044,0.050000000000000044,"{'I': 1, 'W': 0, 'R': 1, 'C': 'free'}",False,True,True,1.0,3
612,2,0.0017635722900732585,0.8097291811328755,0.006461776164552563,2.2823841203710584,1.0001839458549355,1.7420211965672152,0.0011029649203851966,0.9999999999991143,0.0,0.050000000000000044,0.030000000000000027,0.010986120209710955,0.017981866461053368,0.014063228534520108,0.050000000000000044,0.050000000000000044,"{'I': 1, 'W': 0, 'R': 1, 'C': 'free'}",True,False,True,0.0,3
612,3,0.0006227639307806248,0.5066584838473914,0.002396437356479408,2.008739201936643,1.0000606732424795,1.3306976113704307,0.0003033110015780993,0.9999938529583908,0.0,0.050000000000000044,0.010000000000000009,0.014063096972394516,0.014062937212982398,0.029312302707876988,0.050000000000000044,0.09999999999999998,"{'I': 1, 'W': 0, 'R': 1, 'C': 'free'}",False,True,True,1.0,3
612,4,0.11752935495913086,0.5864071069216754,0.63413344238559,2.5273279153826573,1.0310356288395333,1.4263585628386484,0.34811862116038017,0.9999999983820567,0.1,0.050000000000000044,0.0,0.09534425890541312,0.010986508905083563,0.022977685574996503,0.050000000000000044,0.050000000000000044,"{'I': 0, 'W': 1, 'R': 0, 'C': 'costly'}",False,True,True,1.0,3
6128,1,0.1455434000459963,0.5898867457671108,1.051624188550045,2.248308766737012,1.0446455087373685,1.4997425726350295,0.3250376827751573,0.9999999999999963,0.0,0.050000000000000044,0.050000000000000044,0.4378137342348485,0.22267248332298037,0.11919140676174579,0.19999999999999996,0.25,"{'I': 1, 'W': 0, 'R': 1, 'C': 'free'}",False,True,True,1.0,3
6128,2,0.3276375510655264,0.7286713906964736,1.2756703069526565,2.4650141156856074,1.3626243286342887,1.5699561232379398,0.9546853517420257,0.9999999997479354,0.05,0.050000000000000044,0.030000000000000027,0.04742597289113752,0.02296750482698535,0.060080967094877126,0.050000000000000044,0.050000000000000044,"{'I': 1, 'W': 0, 'R': 1, 'C': 'free'}",False,True,True,1.0,3
6128,3,0.33124570187536373,0.8508922430277647,1.0267603120657418,2.1705820889705305,1.2383634268189156,1.7130017852111616,0.8820986366741945,0.999999999989687,0.05,0.050000000000000044,0.050000000000000044,0.2689331289851108,0.09532232976239641,0.3775739863260188,0.050000000000000044,0.25,"{'I': 1, 'W': 0, 'R': 1, 'C': 'free'}",False,True,True,0.0,3
6128,4,0.09196376893141511,0.6705671057076303,0.5521115664874949,2.6265359391907444,1.0341556673114665,1.50183481494776,0.28527193272555473,0.9999999999143876,0.05,0.050000000000000044,0.050000000000000044,0.060078435379206305,0.04741596226208509,0.2227181264462555,0.19999999999999996,0.25,"{'I': 1, 'W': 0, 'R': 1, 'C': 'free'}",True,False,True,0.0,3
6128,5,0.044339929605197816,0.878474871922341,0.4021337755284181,2.0746478298618376,1.0140175682612849,2.0152543005735524,0.12994800713351085,0.999999999999995,0.05,0.050000000000000044,0.050000000000000044,0.37755177695346354,0.0758476964749484,0.3208461275532479,0.09999999999999998,0.25,"{'I': 1, 'W': 0, 'R': 1, 'C': 'free'}",True,True,True,0.0,3
6128,6,0.25046039289997474,0.7711536984812011,1.8519067773576179,2.8372690696663647,1.1334235654744746,1.6760386676354786,0.9074135402679868,1.0,0.3,0.09999999999999998,0.050000000000000044,0.2689118317515802,0.22262069438966847,0.3776855646672508,0.30000000000000004,0.8,"{'I': 1, 'W': 0, 'R': 1, 'C': 'free'}",False,True,True,0.6666666666666666,3
6128,7,0.12884071041508185,0.8370995061238538,0.7178599123309662,2.3446386799306405,1.074729982480815,1.6308611345988635,0.5135856806997261,0.9999999999998201,0.3,0.050000000000000044,0.050000000000000044,0.26895253048579165,0.26889598015951005,0.43784841339238356,1.0,0.25,"{'I': 1, 'W': 0, 'R': 1, 'C': 'free'}",True,True,True,0.0,3
6149,1,0.015373298755501493,0.5742220337221398,0.04710887989808983,1.8164266156959432,1.0021045699805862,1.4175136301125693,0.010456736568548508,0.9999998929105232,0.0,0.050000000000000044,0.030000000000000027,0.04742334288030265,0.11919286865209935,0.1480396269720648,0.25,0.050000000000000044,"{'I': 1, 'W': 0, 'R': 1, 'C': 'free'}",False,True,True,1.0,3
6149,2,0.5533469724303673,0.8170849568954003,1.1783897127189866,2.2119378096003683,1.6751350593551315,1.6956759457009472,0.9942521990728247,0.9999999999979885,0.25,0.050000000000000044,0.030000000000000027,0.017985372511314036,0.02297494430303212,0.22268616124816407,0.25,0.25,"{'I': 1, 'W': 0, 'R': 1, 'C': 'free'}",False,True,True,0.6666666666666666,3
6149,3,0.10107808977436095,0.8207981553861582,0.42418967324464973,2.562780652334756,1.022767571427143,1.7376429899012937,0.20158165934767291,0.9999999999165057,0.25,0.050000000000000044,0.030000000000000027,0.022975906173862727,0.022973943380047827,0.09533851128376906,0.050000000000000044,0.09999999999999998,"{'I': 1, 'W': 0, 'R': 1, 'C': 'free'}",True,False,True,0.0,3
6149,4,0.11344775388570771,0.8710102158331062,0.4899606448940843,2.215464636750279,1.0329101908608942,1.6408769713551723,0.2766068744105954,0.9999999999996646,0.1,0.050000000000000044,0.050000000000000044,0.0953451156873524,0.047418858855713446,0.07585960891583914,0.19999999999999996,0.25,"{'I': 1, 'W': 0, 'R': 1, 'C': 'free'}",False,True,True,0.3333333333333333,3
6149,5,0.17665676991343632,0.931140204940145,1.090406047924373,2.380801682755512,1.0902705587070005,1.7877968221798006,0.7491284317276041,0.9999999999986163,0.1,0.050000000000000044,0.0,0.37761339402868255,0.22266051319092822,0.43793851515911075,0.09999999999999998,0.8,"{'I': 0, 'W': 1, 'R': 0, 'C': 'costly'}",False,True,True,0.0,3
6151,1,0.21053117447515046,0.800742679916374,0.9954657988745933,2.3419449877895593,1.0576575477932688,1.6697322859808315,0.36138455779494905,0.9999999979261704,0.25,0.050000000000000044,0.050000000000000044,0.43783186481645914,0.37747706865193315,0.5621569079893547,0.25,0.25,"{'I': 1, 'W': 0, 'R': 1, 'C': 'free'}",False,True,True,1.0,3
6151,2,0.3915298900275499,0.9669379866595683,1.0528851646936164,2.496148079985477,1.2695357950266148,1.786662714911663,0.7611472217789171,1.0,0.05,0.09999999999999998,0.8,0.0474268608704424,0.14804008806507818,0.8175696825697818,0.30000000000000004,0.85,"{'I': 1, 'W': 0, 'R': 1, 'C': 'free'}",False,True,True,1.0,3
6151,3,0.02440211090622794,0.7850441449178207,0.12708156125119457,2.070208211938773,1.0045504568238248,1.5578004437370012,0.031281237093699565,0.9999999996310898,0.25,0.050000000000000044,0.0,0.014063159392698905,0.029311289718927547,0.32084417789506076,0.050000000000000044,0.25,"{'I': 1, 'W': 0, 'R': 1, 'C': 'free'}",False,True,True,1.0,3
6151,4,0.5271771302419832,0.6365212181609566,1.2546616681904417,2.4132473275470443,1.1959988204623295,1.6039032407150533,0.8330092225472953,0.9999999999999999,0.0,0.050000000000000044,0.050000000000000044,0.06009200036160758,0.047419933727023335,0.09536812466525435,0.19999999999999996,0.09999999999999998,"{'I': 1, 'W': 0, 'R': 1, 'C': 'free'}",False,True,True,0.0,3
6151,5,0.354830360408782,0.72441090545644,1.2457128419561867,2.215445024187612,1.135796339917598,1.69545723926568,0.7201048638893983,1.0,0.05,0.050000000000000044,0.050000000000000044,0.2689652443196832,0.11919677343038769,0.11922350865037784,0.19999999999999996,0.25,"{'I': 1, 'W': 0, 'R': 1, 'C': 'free'}",False,False,True,0.0,3
6151,6,0.036291454189164164,0.6694038220740884,0.12392183935571585,2.253994679090707,1.005612548828714,1.58923781590598,0.05443114688552342,1.0,0.0,0.050000000000000044,0.050000000000000044,0.1824183854148514,0.060074381588079186,0.029311665753408777,0.09999999999999998,0.09999999999999998,"{'I': 1, 'W': 0, 'R': 1, 'C': 'free'}",True,False,True,0.0,3
6151,7,0.34023998325331967,0.6293998265774587,1.5134114901529778,2.3344300055872416,1.2591899362116925,1.44799889080318,0.8007669920677177,0.9999999999993952,0.0,0.050000000000000044,0.050000000000000044,0.022974780800117778,0.014060382455600996,0.029310317487733002,0.050000000000000044,0.09999999999999998,"{'I': 0, 'W': 1, 'R': 0, 'C': 'costly'}",False,True,True,0.0,3
6158,1,0.015839375398340405,0.5163333362376555,0.04126164721393758,2.0630348479535034,1.0021261094897345,1.3325601136162482,0.010563077276286026,0.9999897073404097,0.0,0.050000000000000044,0.030000000000000027,0.017985216397133415,0.03731915838270926,0.07584853821030359,0.050000000000000044,0.050000000000000044,"{'I': 1, 'W': 0, 'R': 1, 'C': 'free'}",False,True,True,1.0,3
6158,2,0.05887083251727943,0.39296562898495374,0.32153594299963106,1.3822292743328328,1.0176815268809554,1.339298733244622,0.09982146518678137,0.9999996617407834,0.0,0.050000000000000044,0.050000000000000044,0.014062818318129432,0.01798451245188816,0.09534456962357514,0.050000000000000044,0.09999999999999998,"{'I': 1, 'W': 0, 'R': 1, 'C': 'free'}",False,True,True,1.0,3
6158,3,0.176560640044393,0.48955250061041433,0.6793487010583954,2.170661137467175,1.1486491439265412,1.3582547997499144,0.8104380004626484,0.9999997756440561,0.01,0.050000000000000044,0.010000000000000009,0.0040695507431582935,0.003171852906911754,0.010985634452255125,0.050000000000000044,0.010000000000000009,"{'I': 0, 'W': 1, 'R': 0, 'C': 'costly'}",False,True,True,1.0,3
6166,1,0.2611795506658909,0.6132683013715897,2.473616334362783,1.7818332740134961,1.2009276157348077,1.4003220964756273,0.9691553250461278,0.9999998659438528,0.1,0.050000000000000044,0.050000000000000044,0.32081377429576186,0.1824079462191816,0.43780762445788374,0.25,0.25,"{'I': 1, 'W': 0, 'R': 1, 'C': 'free'}",False,True,True,0.6666666666666666,3
6166,2,0.03394863566386999,0.8234113539810017,0.13393022358671827,2.1522707266786973,1.0064966832240139,1.772287369873797,0.05661521549759452,1.0,0.1,0.09999999999999998,0.0,0.029310676554862747,0.014063184980556065,0.029312864650084588,0.25,0.4,"{'I': 1, 'W': 0, 'R': 1, 'C': 'free'}",False,True,True,0.0,3
6166,3,0.5021851549314726,0.7372544448593,1.8851455105418458,2.5895076512561266,1.4197073632983293,1.6804328353376676,0.9850853185403862,1.0,0.3,0.050000000000000044,0.09999999999999998,0.14806097524470033,0.09533969141186238,0.06009605030317678,0.30000000000000004,0.25,"{'I': 1, 'W': 0, 'R': 1, 'C': 'free'}",False,True,True,0.0,3
6166,4,0.15075806930610888,0.5281613500590284,0.6034062449669283,2.1000053762028363,1.0442102248009328,1.399470663489842,0.4049619984315085,0.9999999975558049,0.15,0.050000000000000044,0.050000000000000044,0.06008501305775201,0.022974673077001018,0.029312168240274356,0.050000000000000044,0.25,"{'I': 1, 'W': 0, 'R': 1, 'C': 'free'}",True,False,True,0.0,3
6166,5,0.20005121905332493,0.8013791120796462,0.5140299859807955,2.4452787009955723,1.0546043397475773,1.749576515609851,0.4716455734410695,1.0,0.25,0.050000000000000044,0.050000000000000044,0.2689693192384791,0.09532835983723334,0.22272786912388962,1.0,1.0,"{'I': 1, 'W': 0, 'R': 1, 'C': 'free'}",True,False,True,0.0,3
6166,6,0.20022067240066035,0.8444170154046338,0.6089944888731167,2.5827206409009738,1.059664976682261,1.7919433501624398,0.5011418944056636,1.0,0.1,0.050000000000000044,0.0,0.49999356610807427,0.22264831851934475,0.14806342841191789,1.0,1.0,"{'I': 1, 'W': 0, 'R': 1, 'C': 'free'}",True,False,True,0.0,3
6166,7,0.22680250924548936,0.691605632596769,0.5173064692051652,2.5634097246929475,1.0620652929798398,1.515190754932267,0.5145042887380609,0.9999999999999997,0.1,1.0,0.050000000000000044,0.3208135484790128,0.11915472346735136,0.32086768388797066,1.0,1.0,"{'I': 1, 'W': 0, 'R': 1, 'C': 'free'}",True,False,True,0.0,3
6174,1,0.2670060970550009,0.6656082143090577,1.154424941084712,1.8935987025847114,1.0696907710624262,1.5103435572951647,0.5233942666418266,0.9999999999589223,0.3,0.30000000000000004,0.050000000000000044,0.11920365122587426,0.268889647474234,0.4999788679004656,0.4,0.5,"{'I': 1, 'W': 0, 'R': 1, 'C': 'free'}",False,True,True,1.0,3
6174,2,0.30053538130548946,1.031807982070825,1.5144420960151452,2.522100430835097,1.2254183715947888,1.98152131566637,0.893126079113005,1.0,0.3,0.30000000000000004,0.0,0.22270925636283662,0.11919354342268026,0.22270098535575683,0.5,0.7,"{'I': 1, 'W': 0, 'R': 1, 'C': 'free'}",False,True,True,1.0,3
6174,3,0.5968083995971702,0.9247960041288005,2.122586852002437,2.32842313899469,1.3176567816328588,1.98107959736709,0.9164821538202589,1.0,0.3,0.050000000000000044,0.0,0.14804540444116535,0.09534209484858387,0.11920347150344152,0.30000000000000004,0.7,"{'I': 1, 'W': 0, 'R': 1, 'C': 'free'}",False,True,True,1.0,3
6174,4,0.06124137597537829,0.9100413543672468,0.20583438949761226,2.4481624926610324,1.0113437876278628,1.8610021759299789,0.09653631559343212,1.0,0.3,0.050000000000000044,0.7,0.03732646548557004,0.060083540091889306,0.320826638175857,1.0,0.8,"{'I': 1, 'W': 0, 'R': 1, 'C': 'free'}",True,False,True,0.0,3
6174,5,0.5485038729874087,0.9495648750047319,2.2659088627851545,2.4893015080669203,1.301452388410898,1.9079642042058025,0.9674588948523036,1.0,0.25,0.050000000000000044,0.75,0.04742444423984901,0.047422990458349794,0.5621826852534594,0.5,0.8,"{'I': 1, 'W': 0, 'R': 1, 'C': 'free'}",False,True,True,1.0,3
6174,6,0.16661510776230612,0.7319653863277407,1.3486420992471657,2.419134531794711,1.0657336531835877,1.601651322147228,0.5898728867976966,1.0,0.25,0.09999999999999998,0.09999999999999998,0.022975778267390754,0.022974359454608174,0.06008662240960933,0.30000000000000004,0.5,"{'I': 1, 'W': 0, 'R': 1, 'C': 'free'}",False,True,True,1.0,3
6174,7,0.01571667666521307,0.8214725184297412,0.10272009325337107,2.580818936615706,1.0023824054717703,1.7318087422334958,0.032765208148986424,1.0,0.25,0.050000000000000044,0.050000000000000044,0.0085778561994174,0.008576842391338282,0.11921075128049281,0.4,0.75,"{'I': 1, 'W': 0, 'R': 1, 'C': 'free'}",True,False,True,0.0,3
6175,1,0.10914137899486456,0.43970662193882404,0.5465282458190872,1.6967972745602378,1.0395958527122349,1.2850917668607331,0.2949512363018635,0.9999954056182294,0.0,0.050000000000000044,0.050000000000000044,0.622429511987393,0.5621153764834235,0.43779365064054165,0.25,0.25,"{'I': 1, 'W': 0, 'R': 1, 'C': 'free'}",False,True,True,1.0,3
6175,2,0.46055552174291847,0.8705963391613446,2.1594455786843336,2.6109400379340424,1.3529281034860208,1.7485272230701092,0.7793893830970144,1.0,0.1,0.050000000000000044,0.09999999999999998,0.022977177405241644,0.07585695950336567,0.07586096296953655,0.30000000000000004,0.4,"{'I': 1, 'W': 0, 'R': 1, 'C': 'free'}",False,True,True,1.0,3
6175,3,0.43360053645060814,0.7832875372185623,1.1909610854828325,2.3375929128600452,1.2728920619518316,1.6852127267332309,0.700744521841188,1.0,0.05,0.050000000000000044,0.050000000000000044,0.0293114043865186,0.047423723065531394,0.11921529949949963,0.050000000000000044,0.25,"{'I': 1, 'W': 0, 'R': 1, 'C': 'free'}",True,False,True,0.0,3
6175,4,0.31006432453762706,0.7628372065662121,1.1268553570832804,1.9151415946672545,1.157898301862057,1.6487106202314177,0.6416502705304297,0.999999984766478,0.1,0.050000000000000044,0.050000000000000044,0.2227246926062202,0.22272059052668894,0.7774583329680324,0.050000000000000044,1.0,"{'I': 1, 'W': 0, 'R': 1, 'C': 'free'}",False,True,True,0.3333333333333333,3
6175,5,0.1140721295124085,0.6871800133860879,0.4718235469925513,2.1726096132522783,1.0347652924844766,1.505202114716802,0.21276022960271057,0.9999999955017512,0.25,0.050000000000000044,0.010000000000000009,0.07586317407375191,0.04742431680670665,0.22273120234812538,0.09999999999999998,1.0,"{'I': 1, 'W': 0, 'R': 1, 'C': 'free'}",False,True,True,0.0,3
6175,6,0.2198746494678819,0.5797659842636884,0.7699783246847993,2.181298724231132,1.126273544875801,1.439483526782431,0.5649964325549395,0.9999999999999486,0.0,0.09999999999999998,0.0,0.07585491457905771,0.047423047259905364,0.32085875473415254,0.09999999999999998,1.0,"{'I': 1, 'W': 0, 'R': 1, 'C': 'free'}",False,True,True,0.3333333333333333,3
6175,7,0.24329977863222374,0.5412151991555997,0.9298438507721531,2.1540183930806127,1.1728697075858159,1.3573106014665937,0.6724696023378043,0.9999950701880751,0.1,0.050000000000000044,0.050000000000000044,0.4378579368656683,0.26894814670809764,0.622516030922541,0.09999999999999998,1.0,"{'I': 1, 'W': 0, 'R': 1, 'C': 'free'}",False,True,True,0.0,3
6180,1,0.018163719827607706,0.6531914030903238,0.07967455746107845,1.9792685049665395,1.002649285919206,1.5958840097889686,0.015749357604159964,0.9999999992672759,0.0,0.050000000000000044,0.030000000000000027,0.029311531853445105,0.09533487486956554,0.060084946700819035,0.25,0.25,"{'I': 1, 'W': 0, 'R': 1, 'C': 'free'}",False,True,True,1.0,3
6180,2,0.017909356659293867,0.934962278033651,0.0936606141998646,2.1444565306719356,1.002539482949378,1.7365523438315331,0.015102381151141264,0.9999998880429303,0.0,0.050000000000000044,0.050000000000000044,0.008577136396551648,0.03732310456651439,0.0953477268342697,0.050000000000000044,0.050000000000000044,"{'I': 1, 'W': 0, 'R': 1, 'C': 'free'}",True,False,True,0.0,3
6180,3,0.22866392668863514,0.5514685621398888,1.006710059699871,2.0727573846246634,1.075304958825057,1.393688546310407,0.3044285352808631,0.9999999999959177,0.0,0.050000000000000044,0.010000000000000009,0.014063053532116203,0.01098618744488234,0.014063292787091232,0.050000000000000044,0.25,"{'I': 1, 'W': 0, 'R': 1, 'C': 'free'}",False,True,True,1.0,3
6180,4,0.06906185593517605,0.6561051847475752,0.3527065895010661,2.2354218764567273,1.0158835196494427,1.5511505183531886,0.11844648728201768,1.0,0.05,0.050000000000000044,0.050000000000000044,0.010987003229892166,0.022976478914082405,0.004070159721857619,0.050000000000000044,0.050000000000000044,"{'I': 1, 'W': 0, 'R': 1, 'C': 'free'}",False,True,True,1.0,3
6180,5,0.028240513942655504,0.5326090388704245,0.11407108194429749,2.3522170264124793,1.0049247685134126,1.376546661574968,0.03853916889955433,0.9999999975170849,0.0,0.050000000000000044,0.050000000000000044,0.004070026009490013,0.005219631701005048,0.004069884079306514,0.09999999999999998,0.050000000000000044,"{'I': 1, 'W': 0, 'R': 1, 'C': 'free'}",True,False,True,0.0,3
6180,6,0.3739422510494743,0.6497207419498463,1.0655667263768769,2.2961683513930966,1.2781318851625192,1.5975884836099776,0.706828564153335,1.0,0.0,0.050000000000000044,0.050000000000000044,0.03732510010972094,0.022975457898955925,0.04742606440842987,0.09999999999999998,0.09999999999999998,"{'I': 1, 'W': 0, 'R': 1, 'C': 'free'}",True,True,True,0.0,3
6180,7,0.12214935926517825,0.5593935404233392,0.25578043741931455,2.282410359778343,1.0260747136095487,1.4184188638621464,0.12076478382222022,0.999999999998557,0.0,0.050000000000000044,0.020000000000000018,0.02931118352191506,0.014061798396091554,0.008577570875858899,0.050000000000000044,0.09999999999999998,"{'I': 1, 'W': 0, 'R': 1, 'C': 'free'}",True,False,True,0.0,3
6216,1,0.12081098910495057,0.8090413090861851,0.7820511770395795,2.5002433203361614,1.0462274729948509,1.6639403957688457,0.3341676072278059,0.9999999999999991,0.3,0.050000000000000044,0.09999999999999998,0.924142004113815,0.939901748885865,0.7310923919632913,0.30000000000000004,0.5,"{'I': 1, 'W': 0, 'R': 1, 'C': 'free'}",False,True,True,0.0,3
6216,2,0.15437863591360843,0.7150782708794968,0.7714078650659596,2.31664689422069,1.0991654558051254,1.5052812170543592,0.5306515030363202,0.9999999932455741,0.0,0.050000000000000044,0.30000000000000004,0.022977590129287833,0.07585527145371673,0.3208159187453584,0.050000000000000044,0.4,"{'I': 1, 'W': 0, 'R': 1, 'C': 'free'}",False,True,True,1.0,3
6216,3,0.02545570343816795,0.9398100527698867,0.11837858470017219,2.49445665715372,1.0045583580658775,2.18063815422267,0.031334571283119894,1.0,0.0,0.050000000000000044,0.050000000000000044,0.029311247330752525,0.037324510519481754,0.07585523609330833,0.050000000000000044,0.25,"{'I': 1, 'W': 0, 'R': 1, 'C': 'free'}",True,False,True,0.0,3
6216,4,0.32226937792472377,0.690885680989477,0.8885840412732221,1.9301162471748683,1.1643779675373922,1.5477504758034484,0.6553786761720627,0.9999999999999999,0.1,0.050000000000000044,0.050000000000000044,0.22270594564065524,0.2689338485627778,0.2689520889234003,0.30000000000000004,0.75,"{'I': 1, 'W': 0, 'R': 1, 'C': 'free'}",True,False,True,0.0,3
6216,5,0.7893680798933401,0.7253582726690163,1.8513233377339808,1.9959899725983012,2.346002860852224,1.4898532522008872,0.9974431795082874,0.9999999999876417,0.3,0.050000000000000044,0.050000000000000044,0.14805391954800118,0.18241894021344346,0.22272340974283336,0.25,0.30000000000000004,"{'I': 1, 'W': 0, 'R': 1, 'C': 'free'}",False,True,True,0.0,3
6216,6,0.13782162754762067,0.785122759123723,0.46667513852703646,2.233117403256512,1.0398670976986433,1.7111037870611232,0.23940206632138383,1.0,0.3,0.050000000000000044,0.77,0.32083935063067304,0.5621379424137475,0.43782848405787933,0.7,0.8,"{'I': 1, 'W': 0, 'R': 1, 'C': 'free'}",True,True,True,0.0,3
6216,7,0.2261282864143625,0.8056293860163861,1.1734944116415964,2.4264613028662683,1.0752782415624655,1.6638725431291117,0.39833604399402034,1.0,0.3,1.0,0.050000000000000044,0.5621975852263881,0.4377840807435236,0.26894974692783086,0.7,0.7,"{'I': 1, 'W': 0, 'R': 1, 'C': 'free'}",True,False,True,0.0,3
6237,1,0.04017402097713104,0.521640248096135,0.2756859101464105,2.1260379174938913,1.0101081584513103,1.3945524835503138,0.08654093401652208,0.9999999886215656,0.0,0.050000000000000044,0.050000000000000044,0.09534804813148924,0.18241023649920135,0.11919543961101674,0.25,0.25,"{'I': 1, 'W': 0, 'R': 1, 'C': 'free'}",False,True,True,1.0,3
6237,2,0.019188139756756123,0.5018627746866842,0.09417238624163238,2.1152518111683407,1.0031062268211857,1.4131483128040172,0.015387446930266169,0.9999999845033689,0.05,0.050000000000000044,0.0,0.005219928102342573,0.008577323802294297,0.047424555515771134,0.050000000000000044,0.25,"{'I': 1, 'W': 0, 'R': 1, 'C': 'free'}",False,True,True,1.0,3
6237,3,0.014873305573723938,0.7444872762151407,0.07203691869171584,2.13764557928808,1.0020827190460833,1.533566176627517,0.01034884433757921,0.9999999999994459,0.0,0.050000000000000044,0.050000000000000044,0.0019266773083000078,0.004069957005448756,0.010985683178024133,0.050000000000000044,0.25,"{'I': 1, 'W': 0, 'R': 1, 'C': 'free'}",True,False,True,0.0,3
6237,4,0.28887201863697687,0.7104344340782542,0.8630828707455759,2.446714190739479,1.140146150794376,1.5314417173965151,0.6007211350164183,1.0,0.05,0.050000000000000044,0.050000000000000044,0.017986285233656907,0.0600823881828691,0.148052334558049,0.19999999999999996,0.4,"{'I': 1, 'W': 0, 'R': 1, 'C': 'free'}",False,True,True,1.0,3
6237,5,0.3985392642055573,0.9733410309453475,1.0049684796772709,2.4413339761942487,1.2133135670510615,1.8877471936199128,0.7416618035977072,1.0,0.1,0.050000000000000044,0.050000000000000044,0.3775696687364051,0.14802772194522998,0.11920727527246333,0.09999999999999998,0.75,"{'I': 0, 'W': 1, 'R': 0, 'C': 'costly'}",False,True,True,1.0,3
6238,1,0.7435554600589735,0.6647776448029814,1.7063896723032461,2.130607918902281,1.3961412638632777,1.6011545500749067,0.8114818434474229,0.9999998206494871,0.25,0.050000000000000044,0.010000000000000009,0.047424779618090586,0.06007887939893045,0.09534527226979624,0.25,0.050000000000000044,"{'I': 1, 'W': 0, 'R': 1, 'C': 'free'}",False,True,True,0.0,3
6238,2,0.6370900582584643,0.6154429168046631,1.9345239360785718,1.9998119329343647,1.7478175498891582,1.4452228151788769,0.9885176380253958,0.9999999999985384,0.1,0.0,0.0,0.37753532823276315,0.3207919056073495,0.8175650432590239,0.30000000000000004,1.0,"{'I': 1, 'W': 0, 'R': 1, 'C': 'free'}",False,True,True,0.0,3
6238,3,0.5455023310760538,0.87880340064249,1.6363036074211186,2.4474179854485234,1.4279983329417236,1.834016941481291,0.8820674206272896,1.0,0.1,0.050000000000000044,0.050000000000000044,0.9046342747348065,0.6791480441878954,0.18243922593756187,0.75,0.25,"{'I': 1, 'W': 0, 'R': 1, 'C': 'free'}",False,True,True,0.0,3
6238,4,0.3511288863714059,0.9742486145387461,1.5152076740623204,2.4020202374911386,1.1645931221715022,1.9897729246042422,0.5991751170626858,1.0,0.0,0.050000000000000044,0.050000000000000044,0.3208174493513922,0.2688963078714717,0.22272523723819188,0.30000000000000004,0.30000000000000004,"{'I': 1, 'W': 0, 'R': 1, 'C': 'free'}",False,True,True,0.0,3
6238,5,0.4047544614869687,0.8823250808759011,2.058847513539653,2.3958892702775434,1.4123140061768702,1.7913164241318205,0.8739878552728457,1.0,0.0,0.050000000000000044,0.050000000000000044,0.07584195865474871,0.03732053676329133,0.037327259012206446,0.09999999999999998,0.25,"{'I': 1, 'W': 0, 'R': 1, 'C': 'free'}",True,False,True,0.0,3
6238,6,0.41521408127394543,1.1420401772884285,1.4095292105031678,2.477537087216479,1.2542503691878384,2.122568082461897,0.8367225911306256,1.0,0.2,0.050000000000000044,0.050000000000000044,0.37757169498962756,0.18240980648803962,0.3775856062340866,0.30000000000000004,0.5,"{'I': 1, 'W': 0, 'R': 1, 'C': 'free'}",False,False,True,0.0,3
6238,7,0.3415987969667662,1.1839045443979233,1.7733433187271503,2.3877036531684457,1.2177745141043643,2.3754073230027783,0.6933812454381749,1.0,0.0,0.050000000000000044,0.050000000000000044,0.11919894995474398,0.029303617519567268,0.02931096986255276,0.09999999999999998,0.09999999999999998,"{'I': 1, 'W': 0, 'R': 1, 'C': 'free'}",True,True,True,0.0,3
6249,1,0.03797789453631377,0.6388610038708952,0.20107865028993357,2.3034189956983373,1.0075997286823497,1.5024238589006713,0.07291494276772448,0.9999966930062238,0.0,0.050000000000000044,0.050000000000000044,0.11919959419531702,0.09534223501134123,0.22268722544909508,0.050000000000000044,0.050000000000000044,"{'I': 1, 'W': 0, 'R': 1, 'C': 'free'}",False,True,True,1.0,3
6249,2,0.1505020069882008,0.5085302372702071,0.5906843962155611,2.211061500949443,1.0557567587713086,1.4249452569314618,0.3521282594229497,0.9999999999958415,0.1,0.050000000000000044,0.050000000000000044,0.06008513230177756,0.03732451562509489,0.06008580280271101,0.050000000000000044,0.25,"{'I': 1, 'W': 0, 'R': 1, 'C': 'free'}",False,True,True,1.0,3
6249,3,0.21149471637402045,1.008445362455094,0.7097870868073947,2.6061601851659932,1.0700672688096766,1.953415557213416,0.41828353084376824,1.0,0.0,0.050000000000000044,0.010000000000000009,0.014063093029023676,0.0066923866427043045,0.017985068126468783,0.050000000000000044,0.050000000000000044,"{'I': 1, 'W': 0, 'R': 1, 'C': 'free'}",False,True,True,0.0,3
6249,4,0.12410848222305128,0.8456939537304244,1.316792743400226,2.2447256608888475,1.041427127112544,1.7006406027262098,0.5184071261260499,0.9999999997938074,0.05,0.050000000000000044,0.050000000000000044,0.09534968376549872,0.022975158258929013,0.037326887368799605,0.050000000000000044,0.050000000000000044,"{'I': 1, 'W': 0, 'R': 1, 'C': 'free'}",False,True,True,0.0,3
6249,5,0.029421264537246215,0.5670465953825691,0.10617069803189506,2.2941525452217526,1.0047485488536687,1.3179551412868769,0.03718931999322672,0.9999992325184547,0.0,0.050000000000000044,0.010000000000000009,0.003172398266628268,0.0019265590041612159,0.006692316185915627,0.050000000000000044,0.050000000000000044,"{'I': 0, 'W': 1, 'R': 0, 'C': 'costly'}",False,True,True,0.0,3
6268,1,0.009830538249184681,0.5137314582023422,0.06203975813722567,1.8039715640936165,1.001297070543642,1.3016689349397867,0.00903256954013909,0.9999975482650065,0.0,0.050000000000000044,0.030000000000000027,0.04742473627349556,0.09533842112090275,0.14803615914783425,0.050000000000000044,0.050000000000000044,"{'I': 1, 'W': 0, 'R': 1, 'C': 'free'}",False,True,True,1.0,3
6268,2,0.0035852477911172734,0.6158763650516493,0.011350657068613766,1.9312070815926725,1.0003960946076995,1.5313403681494908,0.0027682745225273697,0.9999999928080969,0.0,0.050000000000000044,0.050000000000000044,0.014063313851120612,0.010986583471120349,0.037325897963151666,0.050000000000000044,0.050000000000000044,"{'I': 1, 'W': 0, 'R': 1, 'C': 'free'}",False,True,True,1.0,3
6268,3,0.11127119927948687,0.4094412093024656,0.42518967941805413,2.003583150733415,1.0278316731673385,1.345329067196735,0.26063644767504923,0.9999999999506011,0.0,0.050000000000000044,0.010000000000000009,0.005219993110941493,0.0031722291795135945,0.006692323325089581,0.050000000000000044,0.050000000000000044,"{'I': 0, 'W': 1, 'R': 0, 'C': 'costly'}",False,True,True,1.0,3
6276,1,0.14126358516923254,0.5452265729923343,0.8444413813739015,1.8201351824296625,1.065445750804866,1.399420996145177,0.3163844232949349,0.9999999742555302,0.0,0.050000000000000044,0.050000000000000044,0.06008442945212124,0.09533751853457055,0.09534376335756135,0.25,0.050000000000000044,"{'I': 1, 'W': 0, 'R': 1, 'C': 'free'}",False,True,True,1.0,3
6276,2,0.039406254849209794,0.6442009319114512,0.2268157029863186,2.191766768205057,1.007919421421917,1.5201537990060117,0.0685325623927645,0.9999999981404897,0.0,0.050000000000000044,0.050000000000000044,0.010986570868711791,0.014062601044462504,0.029311686387592302,0.050000000000000044,0.050000000000000044,"{'I': 1, 'W': 0, 'R': 1, 'C': 'free'}",False,True,True,1.0,3
6276,3,0.3790115831720656,0.5486732527422434,1.7768895581385376,2.05184465238562,1.2797878504705629,1.356941938198395,0.9989996856981342,0.99999999671845,0.05,0.050000000000000044,0.010000000000000009,0.04742178016771916,0.0066916156662138,0.014063657300989725,0.050000000000000044,0.050000000000000044,"{'I': 0, 'W': 1, 'R': 0, 'C': 'costly'}",False,True,True,1.0,3
628,1,0.16474192374206767,0.7257568557429704,0.6157640466301646,1.677551189872123,1.036329975981459,1.5145872740395052,0.22104283307058892,0.9999940916637977,0.0,0.050000000000000044,0.050000000000000044,0.22268967539123188,0.37749311046386536,0.2689160752555889,0.25,0.25,"{'I': 1, 'W': 0, 'R': 1, 'C': 'free'}",False,True,True,1.0,3
628,2,0.05246797801148614,0.819500946776008,0.20203721630406005,2.4979268203229927,1.0104075969131416,1.669147861499995,0.07949282710999606,1.0,0.1,0.09999999999999998,0.30000000000000004,0.07585559951140003,0.22268263671518604,0.2689613425370729,0.25,0.4,"{'I': 1, 'W': 0, 'R': 1, 'C': 'free'}",False,True,True,1.0,3
628,3,0.1715563095982451,0.8475067140114783,0.605220720668878,2.441853010561978,1.0675159315371343,1.7666067184139487,0.32430017066224304,1.0,0.3,0.050000000000000044,0.0,0.7311132586311515,0.8807634356890568,0.43789503546256187,0.7,0.8,"{'I': 1, 'W': 0, 'R': 1, 'C': 'free'}",False,True,True,1.0,3
628,4,0.06678389686866905,0.8586623447574768,0.4477866349853425,2.4208407150121376,1.0226936225485594,1.8406208635124575,0.16432844785999356,1.0,0.1,0.050000000000000044,0.050000000000000044,0.005219747704899871,0.010984047201406508,0.022976263528488024,0.050000000000000044,0.050000000000000044,"{'I': 1, 'W': 0, 'R': 1, 'C': 'free'}",True,True,True,0.0,3
628,5,0.17386617188178602,1.081719644594558,0.8366053443545821,2.6262932098025225,1.1159627189682344,2.2529705693314606,0.5842784773842871,1.0,0.05,0.050000000000000044,0.050000000000000044,0.03732575605408714,0.02297499466627105,0.06008776620890299,0.09999999999999998,0.4,"{'I': 1, 'W': 0, 'R': 1, 'C': 'free'}",True,False,True,0.0,3
628,6,0.2836730256144383,0.7602881048261209,1.33299529982058,2.526500707238711,1.3061034470192807,1.6708483485732473,0.9817888921840385,1.0,0.0,0.050000000000000044,0.0,0.010986129044347794,0.010985470568043004,0.022976939966086227,0.050000000000000044,0.09999999999999998,"{'I': 0, 'W': 1, 'R': 0, 'C': 'costly'}",False,True,True,1.0,3
6294,1,0.4798503290286886,0.7063671216887749,1.284970041489492,2.1162186855612264,1.5588850177935507,1.6420635155233274,0.9553006283605783,0.9999999960208356,0.3,0.050000000000000044,0.050000000000000044,0.8807989582410156,0.817546380925069,0.9399065800540789,0.5,0.75,"{'I': 1, 'W': 0, 'R': 1, 'C': 'free'}",False,True,True,1.0,3
6294,2,0.174767979990522,0.6518563143388789,0.770190322376041,2.17139586615855,1.0590865780771115,1.511305970801184,0.3682455840343638,0.999999999999997,0.1,0.050000000000000044,0.0,0.01798596150354723,0.008577137744879192,0.14805293552335022,0.30000000000000004,0.4,"{'I': 1, 'W': 0, 'R': 1, 'C': 'free'}",False,True,True,1.0,3
6294,3,0.35531893056795893,0.7528528841478168,1.0929476205512099,2.233170897450009,1.1938112718497587,1.796064039789129,0.8575351997669813,1.0,0.25,0.050000000000000044,0.09999999999999998,0.09535180564288552,0.06008134694735856,0.11921305812095402,0.30000000000000004,0.25,"{'I': 1, 'W': 0, 'R': 1, 'C': 'free'}",False,True,True,1.0,3
6294,4,0.17060905718185018,0.7152899642921878,0.7601966737510812,2.3201058626566486,1.0589197587990284,1.5917854557156206,0.46727089149995893,1.0,0.3,0.050000000000000044,0.0,0.3208290813813434,0.11918522297309558,0.562190776729036,1.0,0.8,"{'I': 1, 'W': 0, 'R': 1, 'C': 'free'}",True,False,True,0.0,3
6294,5,0.28621423458123074,0.8829889564879471,1.5262369981333295,2.367190042178976,1.1389210223468935,1.8841337161749423,0.8752322764005627,1.0,0.5,0.050000000000000044,0.8,0.8519797744682871,0.622429496885072,0.37754241459709564,0.7,0.8,"{'I': 1, 'W': 0, 'R': 1, 'C': 'free'}",False,True,True,1.0,3
6294,6,0.14024934615148935,0.8702167178436246,0.9841164237500816,2.5052227688261466,1.0402025787372144,1.9008801092577896,0.467753048561689,1.0,0.3,0.050000000000000044,0.30000000000000004,0.5000001542345339,0.26892205447179807,0.43782887112354174,0.7,0.8,"{'I': 1, 'W': 0, 'R': 1, 'C': 'free'}",False,True,True,0.0,3
6294,7,0.12877060591238568,0.9131177286487914,1.0524530475482936,2.390248539779201,1.0489482312773593,1.7151645766288215,0.5344834559024987,0.9999999999943334,0.5,1.0,0.050000000000000044,0.5621972290102735,0.2226849626921446,0.3775469027291686,1.0,0.75,"{'I': 1, 'W': 0, 'R': 1, 'C': 'free'}",True,False,True,0.0,3
632,1,0.01364705324727017,0.48477069214983165,0.09249141679437534,1.7288423974361282,1.002531942082894,1.2632266306105133,0.020026684669213535,0.9999657371090663,0.0,0.050000000000000044,0.030000000000000027,0.014063391214267043,0.02931071089416816,0.07585292607810656,0.25,0.25,"{'I': 1, 'W': 0, 'R': 1, 'C': 'free'}",False,True,True,1.0,3
632,2,0.6698949167398316,0.9487177542463857,1.4143011817759086,2.4568609389748026,1.5382972863536564,1.9210970598149348,0.9509410687853239,1.0,0.2,0.050000000000000044,0.0,0.43783628737262914,0.6224156489024347,0.43788277998728475,0.7,0.9,"{'I': 1, 'W': 0, 'R': 1, 'C': 'free'}",False,True,True,0.0,3
632,3,0.009737901571297813,0.9807707118583608,0.03694500333725698,2.471907713818545,1.0013241583591272,1.9148217004977057,0.009220207829004234,1.0,0.2,0.050000000000000044,0.0,0.060080232067425396,0.0474214546215998,0.07585537997775653,0.30000000000000004,0.4,"{'I': 1, 'W': 0, 'R': 1, 'C': 'free'}",True,False,True,0.0,3
632,4,0.08572461556068858,0.9318222734968936,0.5424668568353264,2.5319719681592177,1.0244529444179058,1.841380829716461,0.15558508646057245,1.0,0.1,0.050000000000000044,0.050000000000000044,0.07585852141857154,0.09534316845600824,0.1480548588918858,0.30000000000000004,0.30000000000000004,"{'I': 1, 'W': 0, 'R': 1, 'C': 'free'}",False,True,True,0.0,3
632,5,0.2108240672078415,0.8999621893319383,1.1779578495773115,2.5043213184153847,1.2078921032123295,1.7817260346714494,0.8172965610635672,0.9999999999999972,0.25,0.050000000000000044,0.050000000000000044,0.07585878129873293,0.0600831677148362,0.09535351961977367,0.25,0.30000000000000004,"{'I': 1, 'W': 0, 'R': 1, 'C': 'free'}",False,True,True,0.0,3
632,6,0.1609454994657914,1.0246828351083914,1.3812712388634607,2.4768654796373895,1.152020939476772,2.0540027345820584,0.7201942449831014,1.0,0.1,0.050000000000000044,0.050000000000000044,0.04742537959732994,0.02931056058131334,0.029312467483486624,0.30000000000000004,0.7,"{'I': 1, 'W': 0, 'R': 1, 'C': 'free'}",True,False,True,0.0,3
632,7,0.07347330255459557,1.1604102228116706,0.38796024168327964,2.667473961295382,1.0148468432450646,2.1743175103435384,0.1242191317886775,1.0,0.25,0.050000000000000044,0.050000000000000044,0.18242577367156118,0.148037383187284,0.14805883036878267,0.30000000000000004,0.75,"{'I': 1, 'W': 0, 'R': 1, 'C': 'free'}",True,False,True,0.0,3
6324,1,0.022257421699226506,0.8898899254247442,0.1533117536542068,2.1491481876826026,1.0036856143518234,1.871641572118759,0.029001847081526755,1.0,0.0,0.050000000000000044,0.050000000000000044,0.1480358529159902,0.14802652801750582,0.09533054868845005,0.25,0.25,"{'I': 1, 'W': 0, 'R': 1, 'C': 'free'}",False,True,True,1.0,3
6324,2,0.05607582326636571,0.9063594190226787,0.16923991272555888,2.2746781461725005,1.0111241214941153,1.8124287126728427,0.06422126164293462,0.9999999999999887,0.2,0.050000000000000044,0.050000000000000044,0.37753786923316435,0.3208091162172565,0.2689562738854226,0.30000000000000004,0.5,"{'I': 1, 'W': 0, 'R': 1, 'C': 'free'}",False,True,True,1.0,3
6324,3,0.2854911449170818,0.8346469661703755,0.8919191749266957,1.9638367816682292,1.131642159705304,1.8744854867142828,0.5238483575132329,1.0,0.0,0.050000000000000044,0.050000000000000044,0.004069745651986496,0.0052199036750505134,0.005219828583006932,0.050000000000000044,0.050000000000000044,"{'I': 1, 'W': 0, 'R': 1, 'C': 'free'}",True,False,True,0.0,3
6324,4,0.1559630025759457,0.8114705722429869,0.6040918619548109,2.313897405116796,1.0619015366356646,1.743412500003387,0.38151950765445686,1.0,0.05,0.050000000000000044,0.050000000000000044,0.01406326798928764,0.01798492324138746,0.029312816588337013,0.25,0.25,"{'I': 1, 'W': 0, 'R': 1, 'C': 'free'}",True,True,True,0.0,3
6324,5,0.20145845274829371,0.6910199523286925,1.1117027082393964,2.223571292088619,1.0858928587191072,1.533971403433487,0.48274561185533826,0.9999999999999968,0.1,0.050000000000000044,0.050000000000000044,0.060084004266976854,0.02931048495510533,0.047430109787994015,0.25,0.25,"{'I': 1, 'W': 0, 'R': 1, 'C': 'free'}",True,False,True,0.0,3
6324,6,0.17844567300709,0.6185153575750059,1.121471586071081,2.1825451264266453,1.139103055911048,1.404278134838871,0.8582396601727755,0.9999999999997072,0.01,0.050000000000000044,0.0,0.0031725106617601926,0.004069636136291403,0.004069772925279635,0.050000000000000044,0.050000000000000044,"{'I': 0, 'W': 1, 'R': 0, 'C': 'costly'}",False,True,True,1.0,3
6325,1,0.07196152270348019,0.5262706978464229,0.4234163639549408,1.9342903401051588,1.0163972150613076,1.3725408339930996,0.1076078627041176,0.9999998670353156,0.1,0.050000000000000044,0.050000000000000044,0.03732505371838179,0.11918796018820463,0.1824272982912631,0.25,0.25,"{'I': 1, 'W': 0, 'R': 1, 'C': 'free'}",False,True,True,1.0,3
6325,2,0.0038316688397219928,0.44579186356283024,0.01064613608009444,1.6360316692684684,1.0004044502613867,1.2549911914241967,0.0028265771411407625,0.9999883059183811,0.0,0.0,0.0,0.006692622825793296,0.01406304901748754,0.010986790883496498,0.050000000000000044,0.050000000000000044,"{'I': 1, 'W': 0, 'R': 1, 'C': 'free'}",False,True,True,1.0,3
6325,3,0.08587448878421525,0.4774220035302024,0.5824698004780223,1.998452727253707,1.0381440562162474,1.2961786863776492,0.23052122057088875,0.9999949330008272,0.0,0.050000000000000044,0.050000000000000044,0.006692604327914892,0.010986230400956112,0.06008788190655497,0.050000000000000044,0.09999999999999998,"{'I': 1, 'W': 0, 'R': 1, 'C': 'free'}",True,False,True,0.0,3
6325,4,0.39846882431711855,0.6241756331136925,1.0910850477019554,2.3034945820338857,1.5150005634240353,1.4849620220813249,0.9454103336978099,0.9999999999664754,0.05,0.050000000000000044,0.050000000000000044,0.029309756495862784,0.029309525233385432,0.008576990935851106,0.050000000000000044,0.050000000000000044,"{'I': 1, 'W': 0, 'R': 1, 'C': 'free'}",False,True,True,0.0,3
6325,5,0.4108139041300484,0.5608414819289276,1.147266852520133,2.107574423056882,1.335676063009926,1.4633708665402103,0.8681463976992566,0.999999975243036,0.05,0.050000000000000044,0.010000000000000009,0.0373242932424344,0.022972867724824472,0.006692517045299489,0.050000000000000044,0.050000000000000044,"{'I': 1, 'W': 0, 'R': 1, 'C': 'free'}",False,True,True,0.0,3
6325,6,0.31489568501747983,0.720873125379326,1.029057511981045,2.4964673656659158,1.1237972414185387,1.5940210257949177,0.6502092306182448,0.9999999999981997,0.05,0.050000000000000044,0.050000000000000044,0.029310900073919642,0.022976021105373213,0.010986586934642143,0.050000000000000044,0.050000000000000044,"{'I': 1, 'W': 0, 'R': 1, 'C': 'free'}",False,True,True,0.0,3
6325,7,0.06590061044880025,0.7508650162155203,0.4217324943955194,2.181486774750492,1.01634286640865,1.5567424101079317,0.13575313921182142,0.9999999985611048,0.05,0.050000000000000044,0.050000000000000044,0.02297611113767821,0.01798458644941337,0.005220027660946814,0.050000000000000044,0.050000000000000044,"{'I': 1, 'W': 0, 'R': 1, 'C': 'free'}",True,False,True,0.0,3
6333,1,0.02512982268289783,0.5130145092769504,0.11357380333746908,1.8523733494363737,1.004543023321438,1.3184675692333923,0.03561229297468438,0.9999999793197832,0.0,0.050000000000000044,0.030000000000000027,0.03732529615759838,0.07585048339388323,0.2226793760318184,0.050000000000000044,0.050000000000000044,"{'I': 1, 'W': 0, 'R': 1, 'C': 'free'}",False,True,True,1.0,3
6333,2,0.08954895869974294,0.6143518734193063,0.4193840255685823,2.0355420513818285,1.0300223304677332,1.4410614188505337,0.16262467533295832,0.9999999999887563,0.0,0.050000000000000044,0.030000000000000027,0.029310979191713007,0.06008290066591422,0.09535328153443383,0.050000000000000044,0.25,"{'I': 1, 'W': 0, 'R': 1, 'C': 'free'}",False,True,True,1.0,3
6333,3,0.15642628689808855,0.7167511030629187,0.5844480834939008,2.2731254807162866,1.06421869236902,1.455439757677972,0.3922108572911692,0.9999999966557417,0.0,0.050000000000000044,0.050000000000000044,0.26892503062983514,0.09532728789434591,0.06008734226153641,0.050000000000000044,0.09999999999999998,"{'I': 1, 'W': 0, 'R': 1, 'C': 'free'}",True,True,True,0.0,3
6333,4,0.2686238327844091,1.1172501347832124,0.8159011364730263,2.609102993088345,1.1189391639177633,2.125345982059374,0.4904800995397526,1.0,0.05,0.050000000000000044,0.050000000000000044,0.22269485279169998,0.22268052649211573,0.22273528875303014,0.050000000000000044,0.25,"{'I': 1, 'W': 0, 'R': 1, 'C': 'free'}",True,True,True,0.0,3
6333,5,0.3927725364544637,0.7639182196671273,1.4915023939764822,2.3808777659983984,1.2429684526463336,1.6239191008116984,0.9988203947118854,0.9999999999999873,0.05,0.050000000000000044,0.050000000000000044,0.6225791158336509,0.11922041531713205,0.07587097830596935,0.09999999999999998,0.050000000000000044,"{'I': 0, 'W': 1, 'R': 0, 'C': 'costly'}",False,True,True,0.0,3
6378,1,0.4227839107892064,0.4808394526339903,1.6186449507441374,1.5044023518400154,1.453237568398578,1.3389009299245043,0.9887290479568119,0.9999936420980077,0.25,0.050000000000000044,0.09999999999999998,0.7310617374626069,0.49994941117049146,0.499968977143307,0.25,0.25,"{'I': 1, 'W': 0, 'R': 1, 'C': 'free'}",False,True,True,0.6666666666666666,3
6378,2,0.24582277171027955,0.7110365439227107,1.4967441397956458,2.5325491011377226,1.1244335083913477,1.6361142520432939,0.7247493021650528,1.0,0.25,0.0,0.0,0.04742458516424904,0.029310505071068856,0.3775995434982736,0.30000000000000004,0.4,"{'I': 1, 'W': 0, 'R': 1, 'C': 'free'}",False,True,True,0.6666666666666666,3
6378,3,0.2801643306031963,0.4634913951819704,0.8852158704987909,1.5974834849853337,1.1614485688780367,1.2971045608322753,0.7399839530911971,0.9999143158505389,0.1,0.050000000000000044,0.09999999999999998,0.017986213236955984,0.01798543125006465,0.14806701534783995,0.09999999999999998,0.4,"{'I': 1, 'W': 0, 'R': 1, 'C': 'free'}",False,True,True,0.0,3
6378,4,0.024008290227726107,0.42521626703470217,0.09954461637315586,1.829900447748564,1.0038899579837421,1.2206514444720646,0.03433829208272976,0.9997183293765436,0.0,0.0,0.0,0.006692751703833221,0.010986509421951726,0.022978295038732388,0.19999999999999996,0.09999999999999998,"{'I': 1, 'W': 0, 'R': 1, 'C': 'free'}",True,False,True,0.0,3
6378,5,0.011096889886957118,0.3791272802420712,0.05252497098286943,1.8961567947778573,1.0015297391145839,1.256584066469209,0.013662935410155841,0.9996624828844173,0.0,0.050000000000000044,0.010000000000000009,0.029312867778925642,0.06007551691223755,0.09536341626361362,0.09999999999999998,0.09999999999999998,"{'I': 1, 'W': 0, 'R': 1, 'C': 'free'}",True,False,True,0.0,3
6378,6,0.014311473418644506,0.38353184173143307,0.08878795522912061,1.8838784820311696,1.0023112195332606,1.2416081516690598,0.020562620728929448,0.999859837048244,0.0,0.050000000000000044,0.0,0.029310962517455897,0.07583931594418175,0.1480634008859625,0.09999999999999998,1.0,"{'I': 1, 'W': 0, 'R': 1, 'C': 'free'}",True,False,True,0.0,3
6378,7,0.008293268803939952,0.3387669254859131,0.03403642272716024,1.8172666500674073,1.0010966433195017,1.238845258403176,0.009815888576612863,0.9994448596471147,0.0,0.050000000000000044,0.050000000000000044,0.04742583520305887,0.07583946976697212,0.148082670423583,0.09999999999999998,1.0,"{'I': 1, 'W': 0, 'R': 1, 'C': 'free'}",True,False,True,0.0,3
6386,1,0.3193575342409287,0.5291308820735925,0.7766207657395855,1.7231148928278228,1.6192657837338762,1.3815877869050779,0.978842960938916,0.9999936027100058,0.25,0.050000000000000044,0.050000000000000044,0.04742517311976241,0.14803342449406934,0.07585535483335817,0.25,0.25,"{'I': 1, 'W': 0, 'R': 1, 'C': 'free'}",False,True,True,0.6666666666666666,3
6386,2,0.2906052186899833,0.8929581127205345,1.4516355028487793,2.5663448572773158,1.1863400691906985,1.8184072764389074,0.8189043541598686,1.0,0.3,0.09999999999999998,0.0,0.09534383751171248,0.14803070209447894,0.09535328531410683,0.5,0.5,"{'I': 1, 'W': 0, 'R': 1, 'C': 'free'}",False,True,True,0.0,3
6386,3,0.04334547691275331,0.8347048039402074,0.3033241527776937,2.435554215771466,1.0089068161057424,1.6415695773314076,0.08485599526803711,1.0,0.25,0.050000000000000044,0.050000000000000044,0.010987189311144351,0.010986379908952775,0.010986678142339648,0.19999999999999996,0.25,"{'I': 1, 'W': 0, 'R': 1, 'C': 'free'}",True,False,True,0.0,3
6386,4,0.32929895521029795,0.8752296514868677,1.2419822405244,2.3116085280386267,1.213766151793433,1.8496229746567951,0.8559047124036634,1.0,0.25,0.050000000000000044,0.050000000000000044,0.09535140422049593,0.06008409776279948,0.029312613946079372,1.0,0.30000000000000004,"{'I': 1, 'W': 0, 'R': 1, 'C': 'free'}",False,True,True,0.0,3
6386,5,0.3577101348077048,0.8486995438068347,1.1117556383317915,2.6394390081923533,1.279919310507346,1.946430209119218,0.8611521150856112,1.0,0.25,0.050000000000000044,0.050000000000000044,0.8808183714622406,0.5621805219746162,0.010987071478848273,1.0,0.25,"{'I': 1, 'W': 0, 'R': 1, 'C': 'free'}",False,False,True,0.0,3
6386,6,0.03646222947151183,0.942075979037199,0.1560936785730855,2.5782046363822015,1.0060990381624269,1.9775643880595766,0.05899341645677125,1.0,0.25,0.050000000000000044,0.09999999999999998,0.014063513974226246,0.022975417770773235,0.060088774946285124,0.30000000000000004,0.5,"{'I': 1, 'W': 0, 'R': 1, 'C': 'free'}",False,True,True,0.0,3
6386,7,0.08157231561051342,0.9882293805212427,0.47600947895101614,2.492356984944637,1.0306415839046503,2.113756092007419,0.21451352717215244,1.0,0.1,0.050000000000000044,0.050000000000000044,0.2227085423464039,0.09534204461027393,0.11921691405973946,0.4,0.7,"{'I': 1, 'W': 0, 'R': 1, 'C': 'free'}",True,True,True,0.0,3
6399,1,0.012047686889658979,0.5471212792405187,0.03767811223242381,2.0394715836006863,1.0014996495955881,1.5015384642812226,0.008950857878633034,0.9999999999423386,0.0,0.050000000000000044,0.050000000000000044,0.0953459813259954,0.1191795897221616,0.26893291065071623,0.25,0.25,"{'I': 1, 'W': 0, 'R': 1, 'C': 'free'}",False,True,True,1.0,3
6399,2,0.20188301497271652,1.1539225025245854,0.5716488918344909,2.509226026199599,1.0707610899795186,2.2413758697916606,0.33649452131925117,0.9999999999994605,0.0,0.050000000000000044,0.050000000000000044,0.010986543392828422,0.01798489334537607,0.07585996819755766,0.050000000000000044,0.09999999999999998,"{'I': 1, 'W': 0, 'R': 1, 'C': 'free'}",True,False,True,0.0,3
6399,3,0.24180098985818754,0.9832672460192651,1.1140417101492144,2.390606008537245,1.140929879038715,2.0388330526168734,0.9068165398393131,0.9999999999851529,0.0,0.050000000000000044,0.010000000000000009,0.01798471479008455,0.008575697772871954,0.017983898759090462,0.050000000000000044,0.050000000000000044,"{'I': 0, 'W': 1, 'R': 0, 'C': 'costly'}",False,True,True,0.0,3
6404,1,0.002324121114320534,0.4943697017567167,0.011185328928989303,2.4077310541278694,1.000270244366104,1.5278602204522587,0.0016199336288299504,0.999999999732298,0.05,0.050000000000000044,0.010000000000000009,0.022976149186665525,0.02930926618783477,0.060081519509397496,0.050000000000000044,0.050000000000000044,"{'I': 1, 'W': 0, 'R': 1, 'C': 'free'}",False,True,True,0.0,3
6404,2,0.47236863381844063,0.8411669193651302,1.5131777737777496,2.8111865744533926,1.626192931816264,1.926467946528892,0.9795532895315844,1.0,0.1,1.0,0.0,0.9770224517376909,0.9046251456029291,0.22269781180284468,1.0,1.0,"{'I': 1, 'W': 0, 'R': 1, 'C': 'free'}",False,True,True,1.0,3
6404,3,0.39893979961765663,0.9855594744729868,0.8581950458285005,2.2732761909420534,1.632993289755138,1.9416793012872426,0.9472656497816402,0.9999999375456812,0.0,0.050000000000000044,0.0,0.06008582670267794,0.0758405550813668,0.1824405978843658,0.050000000000000044,0.09999999999999998,"{'I': 1, 'W': 0, 'R': 1, 'C': 'free'}",False,True,True,0.0,3
6404,4,0.3871422788006562,0.8394704168198491,1.2202241846585224,2.667088406611392,1.4202078516018188,1.816985679874018,0.8781323198302914,1.0,0.05,0.050000000000000044,0.050000000000000044,0.060086628488794334,0.02297495115357525,0.04743090365076611,0.09999999999999998,0.09999999999999998,"{'I': 1, 'W': 0, 'R': 1, 'C': 'free'}",False,True,True,0.0,3
6404,5,0.43117047235355477,0.9613695601661773,0.9489919413383145,2.433096391508083,1.2757257649425329,2.0068644458061975,0.7680170646175305,1.0,0.05,0.050000000000000044,0.050000000000000044,0.3775566634459384,0.22268157364714697,0.3776025771342431,0.09999999999999998,1.0,"{'I': 1, 'W': 0, 'R': 1, 'C': 'free'}",False,True,True,0.0,3
6404,6,0.29740780414385615,0.8396329062177247,1.0378456128191424,2.3758710240608685,1.1007558758035751,1.732093213596244,0.5360492288835738,1.0,0.1,0.9,0.75,0.679216606392412,0.4378248151180129,0.8175996504536956,1.0,0.9,"{'I': 1, 'W': 0, 'R': 1, 'C': 'free'}",True,True,True,0.0,3
6404,7,0.11715292561263195,0.7726159513526417,0.727598498626555,2.3180435491507696,1.0643040950762361,1.6579045811862037,0.4292993049535102,1.0,0.05,0.050000000000000044,0.050000000000000044,0.022976898846686473,0.03732453172313992,0.09535458432674737,0.09999999999999998,1.0,"{'I': 1, 'W': 0, 'R': 1, 'C': 'free'}",False,True,True,0.6666666666666666,3
6406,1,0.04630737132066753,0.48582372856149236,0.2783256212766056,1.624082519155681,1.0089318184235072,1.4033333264984207,0.060347506380034166,0.9998936696246441,0.0,0.050000000000000044,0.050000000000000044,0.18242318686009693,0.2226558738418705,0.9241273118590955,0.25,0.25,"{'I': 1, 'W': 0, 'R': 1, 'C': 'free'}",False,True,True,1.0,3
6406,2,0.2939047943928015,0.6583628489408709,0.9221819478541102,2.1904409447640547,1.1051444924761773,1.5660278654048883,0.6320325840801009,0.999999997315752,0.25,0.09999999999999998,0.0,0.7773326980132818,0.32080482438292746,0.6792121213997137,0.4,0.4,"{'I': 1, 'W': 0, 'R': 1, 'C': 'free'}",False,True,True,1.0,3
6406,3,0.133593631651327,0.8308251814308998,0.7206584442983833,2.415744980932391,1.109794718236259,1.69652231522729,0.6084239530204794,1.0,0.1,0.050000000000000044,0.050000000000000044,0.07585578928713953,0.0474215444105188,0.11922503079287314,0.30000000000000004,0.25,"{'I': 1, 'W': 0, 'R': 1, 'C': 'free'}",False,True,True,1.0,3
6406,4,0.15335885152236528,0.8638196127819159,0.9559529242173689,2.380659955089051,1.0759973267964231,1.8882492341028103,0.4827514657616294,1.0,0.1,0.050000000000000044,0.050000000000000044,0.18243824261227085,0.14801892601107514,0.18249070648402155,0.30000000000000004,0.30000000000000004,"{'I': 1, 'W': 0, 'R': 1, 'C': 'free'}",False,True,True,0.0,3
6406,5,0.1438493100210027,0.842446236962248,0.6486919615927423,2.3644421449127675,1.0416318209912796,1.969402207049359,0.3072574704178924,1.0,0.25,0.050000000000000044,0.050000000000000044,0.037330955293653975,0.029303398707431177,0.047432463721463494,0.25,0.25,"{'I': 1, 'W': 0, 'R': 1, 'C': 'free'}",False,True,True,0.3333333333333333,3
6406,6,0.09645748207446861,0.7973882987945026,0.4694356629474167,2.551667434785382,1.0235802524029753,1.7102722907202639,0.1892202137730905,1.0,0.1,0.050000000000000044,0.050000000000000044,0.010985940892388277,0.008576753427361493,0.010987194337845604,0.25,0.25,"{'I': 1, 'W': 0, 'R': 1, 'C': 'free'}",False,True,True,0.0,3
6406,7,0.22546564506928327,0.543502126948466,1.1228819908158176,2.339249234633913,1.2457758398979364,1.4493511692919585,0.8616303433455429,0.9999999999998149,0.1,0.050000000000000044,0.050000000000000044,0.07585545209612232,0.04741080120301864,0.11923505349414593,0.25,0.25,"{'I': 1, 'W': 0, 'R': 1, 'C': 'free'}",False,True,True,0.0,3
6414,1,0.18044936538107376,0.6430383949525547,0.6498859026141944,2.064762578228683,1.4909805644960339,1.5404737066936605,0.9389485302011507,0.9999999688234253,0.0,0.050000000000000044,0.050000000000000044,0.06008287347217767,0.18237761343925094,0.22268750541295657,0.25,0.25,"{'I': 1, 'W': 0, 'R': 1, 'C': 'free'}",False,True,True,1.0,3
6414,2,0.0989699001606011,0.849981707748586,0.4275694112083933,2.0291535099355675,1.0306222013616153,1.9392568729457373,0.1903383964140607,0.9999999999999999,0.0,0.050000000000000044,0.0,0.04742229127111084,0.03731937127490193,0.14803762136049045,0.050000000000000044,0.25,"{'I': 1, 'W': 0, 'R': 1, 'C': 'free'}",True,False,True,0.0,3
6414,3,0.12054367972019026,0.6346037798862174,0.460558501178883,2.3173966632515257,1.0383961344266208,1.4310875320094232,0.20233300331871507,0.999999991958118,0.0,0.050000000000000044,0.0,0.01798406086501515,0.01098616593515562,0.11919551236269023,0.050000000000000044,0.25,"{'I': 1, 'W': 0, 'R': 1, 'C': 'free'}",False,True,True,1.0,3
6414,4,0.2843177525607799,0.7390728823861641,0.8130345927632514,2.2311408126464154,1.0990291102269205,1.6059576408025777,0.43252749376298183,1.0,0.1,0.050000000000000044,0.050000000000000044,0.0953465082874688,0.0758508539142474,0.14804733616215918,0.19999999999999996,0.25,"{'I': 1, 'W': 0, 'R': 1, 'C': 'free'}",False,True,True,1.0,3
6414,5,0.08860151565165393,0.6565725657688647,0.2653118469166802,2.214214015479988,1.0213018527877011,1.534195119351936,0.11879839130269976,0.9999999971849083,0.0,0.050000000000000044,0.050000000000000044,0.017985417329605437,0.014061740831089306,0.07585672882878117,0.09999999999999998,0.25,"{'I': 1, 'W': 0, 'R': 1, 'C': 'free'}",True,True,True,0.0,3
6414,6,0.3864130976777671,0.833241535486235,1.1644108761912146,2.371034481520918,1.2403826650084133,1.6700320429093332,0.7254219153051853,1.0,0.05,0.050000000000000044,0.050000000000000044,0.11919808469581164,0.037322254090659555,0.010986919189950439,0.09999999999999998,0.09999999999999998,"{'I': 1, 'W': 0, 'R': 1, 'C': 'free'}",True,False,True,0.0,3
6414,7,0.1814000582644151,0.797885555866264,0.6955476739969146,2.2804662614197277,1.1658786135023442,1.6573842522563336,0.6018195023046833,1.0,0.05,0.050000000000000044,0.050000000000000044,0.017985934686673734,0.014063474781503748,0.029312392765226635,0.09999999999999998,0.25,"{'I': 1, 'W': 0, 'R': 1, 'C': 'free'}",True,True,True,0.0,3
6432,1,0.2649947551225435,0.540677273185321,1.6610814942534693,2.051122365171615,1.101671143706535,1.3261030212926577,0.7422062620429011,0.9999928918777237,0.25,0.050000000000000044,0.050000000000000044,0.5621811469549346,0.37750713265538693,0.22269041148115148,0.25,0.25,"{'I': 1, 'W': 0, 'R': 1, 'C': 'free'}",False,True,True,1.0,3
6432,2,0.011430821993797736,1.0761757828569887,0.04562002606429085,2.5206714717563106,1.001487045725879,2.0469903507526257,0.007402173804062495,1.0,0.1,0.09999999999999998,0.0,0.03732515216320295,0.07584546105515022,0.06008872925500608,0.5,1.0,"{'I': 1, 'W': 0, 'R': 1, 'C': 'free'}",False,True,True,0.0,3
6432,3,0.9163734957810149,0.631024094079864,1.6601812153980235,2.1395903790069664,1.642552574022006,1.342969209695559,0.9490804771749505,0.9998561140697021,0.2,0.050000000000000044,0.0,0.731073106918388,0.2689339977797837,0.924153299149769,0.5,1.0,"{'I': 1, 'W': 0, 'R': 1, 'C': 'free'}",False,True,True,0.0,3
6432,4,0.32033865091259534,0.7995802927675397,0.6693249611147829,2.5141175926550607,1.1259953239846958,1.7456238140464777,0.44751935877500015,1.0,0.25,0.9,0.7,0.8519501646591344,0.6791535027300701,0.43785158898899007,1.0,1.0,"{'I': 1, 'W': 0, 'R': 1, 'C': 'free'}",False,True,True,0.0,3
6432,5,0.29756344286150044,0.8413267436659407,2.113762025893464,2.6117097278636803,1.2064826553865353,1.9538030950884788,0.9995453935372041,1.0,0.1,0.050000000000000044,0.77,0.9770192313639038,0.8807018412962848,0.6224797885641928,1.0,1.0,"{'I': 0, 'W': 1, 'R': 0, 'C': 'costly'}",False,True,True,0.0,3
6434,1,0.33772963119959504,0.6733834236424264,0.8112331449754789,2.105284977686357,1.1458348668621114,1.5668212122683034,0.5581571822303043,0.999999997374908,0.1,0.050000000000000044,0.050000000000000044,0.9914226915225801,0.9525388141255181,0.7772913415559781,0.5,0.25,"{'I': 0, 'W': 1, 'R': 0, 'C': 'costly'}",False,True,True,0.0,3
6453,1,0.306795608306076,0.7751130915283402,0.8536314983365249,2.16995239691273,1.0817923153339988,1.6023297270054078,0.32503610888772794,0.9999999990206976,0.0,0.050000000000000044,0.050000000000000044,0.07585432664844872,0.095330056476137,0.26893119681443345,0.25,0.25,"{'I': 1, 'W': 0, 'R': 1, 'C': 'free'}",False,True,True,1.0,3
6453,2,0.30611384221310567,0.6860174539374173,1.3153017282323458,1.8677372466954678,1.1058613921188283,1.4814981397889075,0.3953604951659937,0.9999999691573889,0.0,0.050000000000000044,0.050000000000000044,0.037325547023594266,0.07585342508303254,0.32083571923777326,0.050000000000000044,0.050000000000000044,"{'I': 1, 'W': 0, 'R': 1, 'C': 'free'}",True,False,True,0.0,3
6453,3,0.5358740514476366,0.7888382095288499,2.219499906793349,2.1358336978502153,1.608133403061752,1.5169835491000516,0.9946240255243504,0.9999999998888135,0.3,0.050000000000000044,0.050000000000000044,0.14805248339767166,0.075844775728448,0.3208176295617006,0.050000000000000044,0.09999999999999998,"{'I': 1, 'W': 0, 'R': 1, 'C': 'free'}",False,True,True,1.0,3
6453,4,0.23057191490239493,1.0080040341970125,0.7417481709892056,2.499511176169424,1.1009854861145072,1.9798729351165572,0.6847748401598706,1.0,0.25,0.050000000000000044,0.050000000000000044,0.18242805793814898,0.07584765092809295,0.2689679746785573,0.30000000000000004,0.7,"{'I': 1, 'W': 0, 'R': 1, 'C': 'free'}",False,True,True,0.0,3
6453,5,0.11910231065910883,0.6647810691967418,0.5692038565972606,2.3911290028798797,1.0306244838595986,1.6017087199929894,0.30370298385215344,0.9999999999999997,0.1,0.050000000000000044,0.050000000000000044,0.014063762050925915,0.022967637836251317,0.2690226388986674,0.09999999999999998,0.25,"{'I': 1, 'W': 0, 'R': 1, 'C': 'free'}",True,False,True,0.0,3
6453,6,0.262017290133596,0.8345573557791691,0.8482986411263613,2.3672105159958656,1.1500338819877747,1.8424651289926532,0.67317526694384,1.0,0.2,0.050000000000000044,0.050000000000000044,0.4379047518778737,0.22268052201824295,0.37758808006889555,0.4,0.8,"{'I': 1, 'W': 0, 'R': 1, 'C': 'free'}",False,True,True,1.0,3
6453,7,0.054512512938549966,1.0575942280405883,0.23903230176055976,2.4574598490021304,1.010071355923754,2.1648005207649477,0.11330280272012416,1.0,0.2,0.050000000000000044,0.050000000000000044,0.029312797435450035,0.01798439281080931,0.06009058614306769,0.09999999999999998,0.25,"{'I': 1, 'W': 0, 'R': 1, 'C': 'free'}",True,True,True,0.0,3
6467,1,0.2613165656094645,0.5993816441873537,0.825641461437059,1.7733108128270982,1.1506796542658304,1.373949240668673,0.42959639287060236,0.9999977960498068,0.5,0.050000000000000044,0.050000000000000044,0.880824859705368,0.49997963347979,0.11919810737682765,0.25,0.050000000000000044,"{'I': 1, 'W': 0, 'R': 1, 'C': 'free'}",False,True,True,0.3333333333333333,3
6467,2,0.14116467269115468,0.6405010255892015,0.2709498216663125,1.8476553791903227,1.032405980445141,1.6149683289913692,0.11976637731622586,0.999999999997798,0.05,0.050000000000000044,0.0,0.037326439618854235,0.04742289062276458,0.11921047496578362,0.050000000000000044,0.09999999999999998,"{'I': 1, 'W': 0, 'R': 1, 'C': 'free'}",False,True,True,1.0,3
6467,3,0.3098996824011296,1.1460343871131644,0.6586700643148811,2.501682202247744,1.1229932815684884,2.402332531420142,0.5560235915775276,1.0,0.1,0.050000000000000044,0.0,0.6225477155342336,0.43780215354254476,0.4379120382158819,0.09999999999999998,0.8,"{'I': 1, 'W': 0, 'R': 1, 'C': 'free'}",True,True,True,0.0,3
6467,4,0.38364694658471266,0.8477800939595256,1.2469832298864845,2.0793465759700807,1.189214518192395,1.8331410284362184,0.5795648792427841,0.9999999999995737,0.05,0.050000000000000044,0.050000000000000044,0.18242953000934103,0.09534055890960957,0.18244284719920034,0.19999999999999996,0.25,"{'I': 1, 'W': 0, 'R': 1, 'C': 'free'}",False,True,True,1.0,3
6467,5,0.42170915192367886,0.6867903677587924,1.0186357688901493,2.5142888017264426,1.6562078018267088,1.6345448718278626,0.8670951910433013,1.0,0.05,0.050000000000000044,0.050000000000000044,0.02931196310082006,0.017984510634566284,0.03732821528243071,0.09999999999999998,0.25,"{'I': 1, 'W': 0, 'R': 1, 'C': 'free'}",True,True,True,0.0,3
6467,6,0.4267636071904093,0.7308212202333779,0.9461214373452913,2.138237930420285,1.3248515090959145,1.5921029982021186,0.6754129559242037,0.9999999999951066,0.25,0.050000000000000044,0.050000000000000044,0.14804899464123406,0.09534828943445864,0.3208654814007824,0.75,0.8,"{'I': 1, 'W': 0, 'R': 1, 'C': 'free'}",False,True,True,0.0,3
6467,7,0.39718492719925297,0.8031989723950842,0.8250649661954125,1.9747655762076377,1.1975617050627836,1.7533688600520938,0.5138073375515673,0.9999999999428097,0.0,0.050000000000000044,0.050000000000000044,0.32090766391450565,0.09534127789830969,0.3775908817137958,0.09999999999999998,1.0,"{'I': 1, 'W': 0, 'R': 1, 'C': 'free'}",False,True,True,0.0,3
648,1,0.25804846525256964,0.7299488590530983,0.941350961369132,1.978326772337369,1.0972854212984735,1.5769561454493601,0.604811854397344,0.9999995325100379,0.0,0.050000000000000044,0.050000000000000044,0.07585667701950788,0.11919341326897082,0.18241816951262987,0.25,0.5,"{'I': 1, 'W': 0, 'R': 1, 'C': 'free'}",False,True,True,1.0,2
648,2,0.05693950916455667,0.8012222575533354,0.23487409448697505,2.2890755808759775,1.0144659359137536,1.6995074313164003,0.1085433065455792,1.0,0.0,0.050000000000000044,0.0,0.09534701559395391,0.2226775775148126,0.2226992847231449,0.4,0.4,"{'I': 1, 'W': 0, 'R': 1, 'C': 'free'}",False,True,True,0.0,2
648,3,0.18290727227569184,0.8629885525249561,0.706735376325631,2.4211560490826196,1.0971510527687078,1.8083987237607217,0.6393637868427797,1.0,0.3,0.050000000000000044,0.09999999999999998,0.06008480278392378,0.11918624905233996,0.2689655247074265,0.30000000000000004,0.7,"{'I': 1, 'W': 0, 'R': 1, 'C': 'free'}",False,True,True,0.0,2
648,4,0.009854936792980022,0.9350927626536967,0.035700095711885996,2.4013657323986433,1.0013594819243532,1.91693095140038,0.008118219808352922,1.0,0.1,0.050000000000000044,0.050000000000000044,0.060083908049986826,0.11919124249560498,0.26898347072330364,0.30000000000000004,0.8,"{'I': 1, 'W': 0, 'R': 1, 'C': 'free'}",False,True,True,1.0,2
648,5,0.4813853689813346,0.7696887566929154,1.2645282958577584,2.6708062446116805,1.1934954230863992,1.6324732573434804,0.7570964080669187,1.0,0.1,0.050000000000000044,0.050000000000000044,0.26894171269245426,0.1823948006548616,0.3775719169175783,0.09999999999999998,1.0,"{'I': 1, 'W': 0, 'R': 1, 'C': 'free'}",False,True,True,1.0,2
648,6,0.49007699373261837,0.6827860360701895,1.9418713775818435,2.2642683834421904,1.5449382259802658,1.566248207184412,0.9999996224087201,1.0,0.05,0.09999999999999998,0.09999999999999998,0.029305234519950166,0.02297485561042152,0.07585574073266518,1.0,1.0,"{'I': 0, 'W': 1, 'R': 0, 'C': 'costly'}",False,True,True,0.0,2
6490,1,0.32037047328752194,0.7297171876434739,1.263931514997434,2.1455264220688135,1.2362152943046494,1.6344898257791638,0.7198211644173937,0.9999999999999989,0.15,0.050000000000000044,0.050000000000000044,0.04742465030239696,0.07585038235222258,0.2689194544732589,0.25,0.25,"{'I': 1, 'W': 0, 'R': 1, 'C': 'free'}",False,True,True,1.0,2
6490,2,0.8980050028347669,0.6831314456596564,2.2281488274975354,2.1382378028080797,3.020814553983669,1.5704777463693471,0.996024610603958,0.9999999999592324,0.05,0.050000000000000044,0.0,0.022976159223304107,0.060077906626293046,0.029311227897400375,0.050000000000000044,0.050000000000000044,"{'I': 1, 'W': 0, 'R': 1, 'C': 'free'}",False,True,True,1.0,2
6490,3,0.4262235085113734,0.7017244922185153,1.9718435537950714,2.2847117373392463,1.2081024288790208,1.6721585086438233,0.9724558986308726,0.9999999997493487,0.1,0.050000000000000044,0.010000000000000009,0.18242801710255352,0.18241541895568755,0.04742623339818774,0.050000000000000044,0.050000000000000044,"{'I': 1, 'W': 0, 'R': 1, 'C': 'free'}",False,True,True,0.5,2
6490,4,0.10846497567079248,0.6212675118244934,0.6212775624399504,2.590994035126046,1.0296710943585616,1.488490215710639,0.4262428651598634,1.0,0.05,0.050000000000000044,0.050000000000000044,0.11920670027455105,0.047420906419067155,0.037325792715429566,0.050000000000000044,0.050000000000000044,"{'I': 1, 'W': 0, 'R': 1, 'C': 'free'}",True,False,True,0.0,2
6490,5,0.7087465849040827,0.9024173511858355,1.5196307288376285,2.760222316376453,1.9081730275989546,1.8458049206440086,0.9604714178967196,1.0,0.0,0.050000000000000044,0.010000000000000009,0.04741839752934255,0.022967102043046972,0.03732928867576883,0.09999999999999998,0.050000000000000044,"{'I': 0, 'W': 1, 'R': 0, 'C': 'costly'}",False,True,True,0.0,2
6494,1,0.03234849215217697,0.4680312126623153,0.10940072996748741,1.5817464877648997,1.0052236624195605,1.279247664832079,0.04082384167968656,0.99951648897543,0.0,0.050000000000000044,0.050000000000000044,0.7772901755780666,0.49996276697646846,0.43780408452700403,0.25,0.25,"{'I': 1, 'W': 0, 'R': 1, 'C': 'free'}",False,True,True,1.0,3
6494,2,0.0013451870722594914,1.0171278786988585,0.0035659274373865627,2.191421752201204,1.0001294849949218,2.0140477592908583,0.0009059256885672884,0.9999999999999974,0.3,0.09999999999999998,0.0,0.02930921935222893,0.022973599978857118,0.07585402002344953,0.5,0.4,"{'I': 1, 'W': 0, 'R': 1, 'C': 'free'}",False,True,True,0.0,3
6494,3,0.09522254711698973,0.9584713529963907,0.2896480542037548,2.4730975402877737,1.0218008812270591,1.9743649456331205,0.14012348081152803,1.0,0.1,0.050000000000000044,0.0,0.2689298432782873,0.2226731158734024,0.0758567790191952,0.8,0.9,"{'I': 1, 'W': 0, 'R': 1, 'C': 'free'}",True,False,True,0.0,3
6494,4,0.10197449849199315,0.7642729776805812,0.7806167904299115,2.543959824486677,1.064541310854823,1.6346226625874072,0.39368286142710707,1.0,0.0,0.050000000000000044,0.7,0.037325146855977306,0.060083476652153876,0.06008575703288774,1.0,0.9,"{'I': 1, 'W': 0, 'R': 1, 'C': 'free'}",True,True,True,0.0,3
6494,5,0.32523251365463596,0.9034489888094493,2.451703333041565,2.4625102598684094,1.2223650272759823,1.7693298146600434,0.9999999984414976,1.0,0.0,1.0,1.0,0.22269004869372258,0.14804027343911144,0.8175765871178253,1.0,1.0,"{'I': 0, 'W': 1, 'R': 0, 'C': 'costly'}",False,True,True,0.0,3
6505,1,0.21540017092837752,0.463643566019544,2.609382362093476,1.7956243899430282,1.1138633893661334,1.3221419930939333,0.9067395415329478,0.9999999900997663,0.25,0.050000000000000044,0.050000000000000044,0.14804033285244939,0.09533538867644216,0.09534334780212725,0.25,0.25,"{'I': 1, 'W': 0, 'R': 1, 'C': 'free'}",False,True,True,1.0,2
6505,2,0.2731931940002643,0.8914886022283323,0.7197187880776048,2.7658528571787335,1.076989618018862,1.959591977340338,0.4049966890540738,1.0,0.3,0.09999999999999998,0.0,0.14804171225271492,0.11919361071199876,0.32082133094576754,0.5,1.0,"{'I': 1, 'W': 0, 'R': 1, 'C': 'free'}",False,True,True,1.0,2
6505,3,0.3717176297987278,0.7064881292722756,1.114125415410548,2.344114587600183,1.3101791101359774,1.6077747707031032,0.8491013669853197,0.9999999999999994,0.0,0.050000000000000044,0.050000000000000044,0.03732366481044018,0.014060693223398807,0.008576985687563267,0.050000000000000044,0.050000000000000044,"{'I': 0, 'W': 1, 'R': 0, 'C': 'costly'}",False,True,True,0.5,2
6518,1,0.014729710250484437,0.5925058062825492,0.1120262230603673,1.8993777269687444,1.003009379546295,1.4612723340073643,0.023752250834430222,0.9999999972836885,0.0,0.050000000000000044,0.030000000000000027,0.022977066771070618,0.06008062027583755,0.09533999289544319,0.050000000000000044,0.050000000000000044,"{'I': 1, 'W': 0, 'R': 1, 'C': 'free'}",False,True,True,1.0,3
6518,2,0.2254755724796695,0.7871721214600003,0.6907615978784156,2.398603085291412,1.1197726469597757,1.7025626000855314,0.547007493874581,0.9999999999999998,0.25,0.050000000000000044,0.050000000000000044,0.09534415752465067,0.09532755117750583,0.047427686781846896,0.25,0.25,"{'I': 1, 'W': 0, 'R': 1, 'C': 'free'}",False,True,True,0.3333333333333333,3
6518,3,0.007644909799196827,0.8547371442857036,0.026009760453410604,2.812877244781252,1.0009707015815734,1.7983203938841361,0.006768604392269673,1.0,0.25,0.050000000000000044,0.050000000000000044,0.02931124953435763,0.029309629660136255,0.02931329177791016,0.30000000000000004,0.25,"{'I': 1, 'W': 0, 'R': 1, 'C': 'free'}",False,True,True,1.0,3
6518,4,0.07970470417128073,0.6062721579456954,0.3251441927266584,2.1012136979321734,1.0205538521116269,1.4610980063815495,0.13274159824630938,0.9999999999099343,0.0,0.050000000000000044,0.050000000000000044,0.006692424511612309,0.005218850032067693,0.008577061261729517,0.050000000000000044,0.050000000000000044,"{'I': 0, 'W': 1, 'R': 0, 'C': 'costly'}",False,True,True,1.0,3
6519,1,0.8374220823483906,0.8996420741020138,2.820080422507633,2.166389077360405,1.7804266342631474,1.7980294086648565,0.9823667882568946,0.9999999999980974,0.3,0.050000000000000044,0.050000000000000044,0.5621777745547227,0.5621460605833318,0.6791817471934252,0.25,0.5,"{'I': 1, 'W': 0, 'R': 1, 'C': 'free'}",False,True,True,0.6666666666666666,3
6519,2,0.16371193722152702,0.7853770920984208,1.027213254975336,2.3857053220214866,1.0831571378022549,1.6803017119684276,0.8746795676388682,1.0,0.05,0.0,0.0,0.008577410517337609,0.014061794823967732,0.037321893821732365,0.050000000000000044,0.050000000000000044,"{'I': 0, 'W': 1, 'R': 0, 'C': 'costly'}",False,True,True,0.0,3
6524,1,0.24493601610082175,0.6964514446199157,1.0894677859142048,2.010772388046088,1.0745615684105034,1.5293136400315295,0.35045061496680574,0.9999999999287658,0.0,0.050000000000000044,0.050000000000000044,0.3208104787204665,0.32073345403683484,0.22268262724494967,0.25,0.25,"{'I': 1, 'W': 0, 'R': 1, 'C': 'free'}",False,True,True,1.0,3
6524,2,0.05940329377396029,0.7670252764612041,0.22960892842585592,2.356787931978239,1.0139134021150913,1.6811191866846067,0.07956141122869487,0.9999999999851655,0.05,0.050000000000000044,0.050000000000000044,0.010986254538475819,0.02930756340233633,0.02297681454270293,0.050000000000000044,0.4,"{'I': 1, 'W': 0, 'R': 1, 'C': 'free'}",False,True,True,1.0,3
6524,3,0.021768079645193398,0.8808300267817512,0.11541644997227982,2.476501596335944,1.00324843312641,1.7530074680485073,0.01927090574140644,0.9999999999999987,0.0,0.050000000000000044,0.050000000000000044,0.006692475830635139,0.010985518833493883,0.006692616855626086,0.050000000000000044,0.25,"{'I': 1, 'W': 0, 'R': 1, 'C': 'free'}",True,False,True,0.0,3
6524,4,0.43102455950087537,0.8420942641900839,1.1065500090518352,2.0780640923522484,1.2207484859395612,1.709552556335723,0.7524763846122866,0.9999999975825967,0.0,0.050000000000000044,0.050000000000000044,0.02297776414398506,0.014061566945932516,0.26897247075521524,0.050000000000000044,0.25,"{'I': 1, 'W': 0, 'R': 1, 'C': 'free'}",False,True,True,1.0,3
6524,5,0.09576083028672762,0.797778105606675,0.4170345136023935,2.257317526125384,1.0235498799603664,1.6675570872317225,0.150356150071712,0.9999999998307811,0.05,0.050000000000000044,0.010000000000000009,0.00669185408157047,0.006691544522448171,0.0229746578008396,0.09999999999999998,0.09999999999999998,"{'I': 1, 'W': 0, 'R': 1, 'C': 'free'}",True,False,True,0.0,3
6524,6,0.21192273720636126,0.8608257913073123,0.6752068438675024,2.4173015166224427,1.1999021991606489,1.7673022666517637,0.7207590834021296,1.0,0.05,0.050000000000000044,0.050000000000000044,0.047420408763874954,0.017982956431684228,0.06008383392823165,0.09999999999999998,1.0,"{'I': 1, 'W': 0, 'R': 1, 'C': 'free'}",False,True,True,0.6666666666666666,3
6524,7,0.26273800901401717,1.407575861702986,0.9108419435325679,2.625261717744774,1.0947316877107354,2.813957953543481,0.4693035584227758,1.0,0.1,1.0,0.050000000000000044,0.8174948294806121,0.6223881815658215,0.43788044922837616,0.8,0.8,"{'I': 1, 'W': 0, 'R': 1, 'C': 'free'}",False,True,True,0.0,3
6527,1,0.023684477737721803,0.5879786975510735,0.16209588201929337,1.9565603902971975,1.0055375035293301,1.4302867575071394,0.03791800250001265,0.9999999830627025,0.0,0.050000000000000044,0.030000000000000027,0.04742369701218398,0.09533282379895079,0.09534031096456953,0.050000000000000044,0.050000000000000044,"{'I': 1, 'W': 0, 'R': 1, 'C': 'free'}",False,True,True,1.0,3
6527,2,0.16270492327813976,0.759103439877287,0.7845387465416233,2.5849495003609237,1.0565340437679505,1.6691240961699467,0.6283817097004631,1.0,0.0,0.050000000000000044,0.050000000000000044,0.8519809501565585,0.43777749824314827,0.006692598279303028,0.09999999999999998,0.050000000000000044,"{'I': 0, 'W': 1, 'R': 0, 'C': 'costly'}",False,True,True,0.0,3
6528,1,0.2504712093127884,0.6864867113125362,0.7818635216212609,2.4804786080703116,1.0982297671490289,1.7450956723541629,0.4810237024185642,0.9999999999999836,0.3,1.0,0.050000000000000044,0.9706815322220873,0.9241071533421154,0.09534239429338126,1.0,0.25,"{'I': 1, 'W': 0, 'R': 1, 'C': 'free'}",False,True,True,1.0,2
6528,2,0.17155563718863698,0.9221758238227422,1.1200824177860935,2.594853139409507,1.166936745674243,1.8584907637868542,0.7507850106392479,1.0,0.1,0.050000000000000044,0.9,0.07584996539762008,0.1480248044167487,0.07586167511648252,0.25,1.0,"{'I': 1, 'W': 0, 'R': 1, 'C': 'free'}",False,True,True,1.0,2
6528,3,0.020505337988388755,0.8172984986265428,0.07850551794059818,2.4415855847563956,1.0028747170414753,1.6091942719580143,0.02550445975406923,1.0,0.0,0.050000000000000044,0.010000000000000009,0.014061759198932088,0.014060314985563606,0.010986137041090655,0.050000000000000044,0.050000000000000044,"{'I': 0, 'W': 1, 'R': 0, 'C': 'costly'}",False,True,True,1.0,2
6586,1,0.4561136370918885,0.9317849863519433,1.8101041732610643,2.394071372229626,1.2188830957116035,1.991567737420559,0.6950506752776271,1.0,0.0,0.050000000000000044,0.050000000000000044,0.9820156635453101,0.9241315407521346,0.6792012480865375,0.25,0.25,"{'I': 1, 'W': 0, 'R': 1, 'C': 'free'}",False,True,True,1.0,2
6586,2,0.42454536167264845,0.8396788597316881,1.747386325901496,2.167806881995085,1.1914407343875577,1.7755776784095816,0.6504049015988919,0.999999999999998,0.05,0.050000000000000044,0.0,0.11920055933072067,0.37751240859566665,0.731071135851157,0.30000000000000004,0.7,"{'I': 1, 'W': 0, 'R': 1, 'C': 'free'}",True,False,True,0.0,2
6586,3,0.327072799489255,0.5843204160826757,0.8886522999306992,2.104149385152117,1.301010535062115,1.3864153931839875,0.8414981605132973,0.9999999977894297,0.2,0.050000000000000044,0.0,0.18242637890424396,0.18241032444232988,0.5621740969519948,0.30000000000000004,1.0,"{'I': 1, 'W': 0, 'R': 1, 'C': 'free'}",False,True,True,0.5,2
6586,4,0.27405206878767585,0.6500515576339181,0.9552422372438611,1.9799029039442768,1.1152310458600403,1.4977871855794906,0.5339354784813769,0.9999999999988267,0.2,0.050000000000000044,0.050000000000000044,0.18242787911303598,0.18241091441329357,0.3208237205481671,0.30000000000000004,0.7,"{'I': 1, 'W': 0, 'R': 1, 'C': 'free'}",True,False,True,0.0,2
6586,5,0.3085960567342497,0.730739712795778,0.7925827186530017,2.182457034892512,1.1528032784862567,1.4994596331062324,0.6304156441760944,0.9999999999999962,0.05,0.050000000000000044,0.050000000000000044,0.32082614504156903,0.18241319468293177,0.5621971271634578,0.30000000000000004,0.7,"{'I': 1, 'W': 0, 'R': 1, 'C': 'free'}",True,False,True,0.0,2
6586,6,0.43300339802967514,0.7764952618326801,1.4626424664859436,2.5284246305076197,1.1980204242493757,1.634806401696354,0.7176742794544109,1.0,0.25,0.050000000000000044,0.77,0.32083703468777086,0.22267487333171299,0.37754633038807184,0.4,0.8,"{'I': 1, 'W': 0, 'R': 1, 'C': 'free'}",True,False,True,0.0,2
6586,7,0.33416688232910285,0.7733443700961065,0.6761178337446948,2.4222240633165435,1.11728492007856,1.6415850169869062,0.5398997811180017,0.9999999999535102,0.1,0.050000000000000044,0.050000000000000044,0.18243167663206664,0.09533537980791926,0.3775852176701077,0.09999999999999998,0.25,"{'I': 1, 'W': 0, 'R': 1, 'C': 'free'}",True,False,True,0.0,2
6592,1,0.009931516763427784,0.7217849821001406,0.07073081507952939,2.0785762333881324,1.0015777796832253,1.445449181519117,0.01408863967287377,0.99999999994248,0.0,0.050000000000000044,0.050000000000000044,0.022976612509069204,0.03732381843181412,0.22268644563881715,0.25,0.25,"{'I': 1, 'W': 0, 'R': 1, 'C': 'free'}",False,True,True,1.0,3
6592,2,0.04424736318820849,0.6257328606266875,0.22439258131177459,2.1690236585638445,1.0090749819094837,1.4534359704977455,0.05276144378019698,0.9999999839676716,0.0,0.050000000000000044,0.010000000000000009,0.0031725423967181037,0.004069692010083277,0.008577302340179675,0.050000000000000044,0.050000000000000044,"{'I': 1, 'W': 0, 'R': 1, 'C': 'free'}",False,True,True,1.0,3
6592,3,0.39681069766279126,0.6918348717979662,1.0165948531705304,2.2782008315145488,1.166536755794817,1.4648496779226114,0.5370779544696316,0.9999999838665895,0.01,0.050000000000000044,0.010000000000000009,0.014061405523239796,0.008575149524344825,0.008576877653255181,0.050000000000000044,0.050000000000000044,"{'I': 0, 'W': 1, 'R': 0, 'C': 'costly'}",False,True,True,1.0,3
6596,1,0.09838666657214246,0.4990727991785063,0.6728725685129443,1.9399357039081986,1.028275527612316,1.339721973901398,0.28437418192953956,0.9999974215776852,0.2,0.050000000000000044,0.050000000000000044,0.09534781521736622,0.14802632773253369,0.37750152681099136,0.25,0.25,"{'I': 1, 'W': 0, 'R': 1, 'C': 'free'}",False,True,True,1.0,3
6596,2,0.5641630791304691,0.8524004239126741,1.1667367549533467,2.204112461852588,1.4398510858857607,1.769174990745098,0.9624039866055226,0.9999999999999999,0.1,0.050000000000000044,0.09999999999999998,0.4378103960767692,0.26891028280578844,0.26896512962832775,0.30000000000000004,0.4,"{'I': 1, 'W': 0, 'R': 1, 'C': 'free'}",False,True,True,1.0,3
6596,3,0.43290144163097005,0.773566096590983,0.8709859341278987,2.5251200941318044,1.2886189458018442,1.7119752239243284,0.7815998528684884,1.0,0.2,0.050000000000000044,0.09999999999999998,0.037325333166604725,0.01406306702309634,0.11920605134113328,0.30000000000000004,0.4,"{'I': 1, 'W': 0, 'R': 1, 'C': 'free'}",False,True,True,1.0,3
6596,4,0.32877045365704965,0.6037016253654116,0.647360205145827,2.2269689791816774,1.1440709549043122,1.424920728349766,0.5540540342425514,0.9999999708757001,0.05,0.050000000000000044,0.050000000000000044,0.04742057429482509,0.017984821451261804,0.03732540469080941,0.050000000000000044,0.25,"{'I': 1, 'W': 0, 'R': 1, 'C': 'free'}",True,False,True,0.0,3
6596,5,0.48101542263300523,0.7098978512239644,1.7851114930626033,2.307374110632224,1.344127574482473,1.5951897578595917,0.8304268623246249,0.9999999992527875,0.25,0.050000000000000044,0.050000000000000044,0.11920219652407882,0.037322470835586,0.1824454422738327,0.09999999999999998,0.25,"{'I': 1, 'W': 0, 'R': 1, 'C': 'free'}",True,False,True,0.0,3
6596,6,0.07242096620289018,0.6407928518718378,0.29916499277697806,2.2813944453059505,1.0128116447818518,1.5804234793807244,0.07353741730685437,0.9999999999996999,0.05,0.050000000000000044,0.050000000000000044,0.029309101587664102,0.0373219322308255,0.060091314150693464,0.09999999999999998,0.050000000000000044,"{'I': 1, 'W': 0, 'R': 1, 'C': 'free'}",True,False,True,0.0,3
6596,7,0.2503908932740814,1.1133470823118572,0.669669857892571,2.7707529699046898,1.1339982082210578,2.1759981916820093,0.529753263858967,1.0,0.05,0.050000000000000044,0.050000000000000044,0.02297437083796434,0.010986141391218625,0.11921582476213408,0.050000000000000044,0.25,"{'I': 1, 'W': 0, 'R': 1, 'C': 'free'}",True,False,True,0.0,3
6626,1,0.5317139036423016,0.7762167129039825,1.582063406048376,2.3192951676678817,1.9675826221351398,1.6176373026169293,0.9660894284964102,0.9999999999997068,0.1,0.050000000000000044,0.050000000000000044,0.07585562846097092,0.14800486053164816,0.37752329844669513,0.25,0.25,"{'I': 1, 'W': 0, 'R': 1, 'C': 'free'}",False,True,True,1.0,3
6626,2,0.2356582572523203,0.746053534766571,0.8453657517818453,2.0584642477514947,1.1072203915455088,1.60281527171092,0.3990620621911407,0.9999999999999998,0.0,0.050000000000000044,0.050000000000000044,0.02297660871991277,0.017984943914297606,0.22268929935619305,0.050000000000000044,0.25,"{'I': 1, 'W': 0, 'R': 1, 'C': 'free'}",True,False,True,0.0,3
6626,3,0.11180229026620103,0.9789177026090492,0.27499432869335205,2.3710755362050615,1.0241441477438458,2.08651825240394,0.13337048853663214,0.999999999999998,0.25,0.050000000000000044,0.050000000000000044,0.14805228379298327,0.037325240734162525,0.5621923484441034,0.25,0.25,"{'I': 1, 'W': 0, 'R': 1, 'C': 'free'}",False,True,True,1.0,3
6626,4,0.2750269651920532,0.9225035207247653,0.73257908023447,2.345856076595479,1.3427496769103402,1.7191021891765483,0.8293801087892465,0.9999999999998034,0.0,0.050000000000000044,0.050000000000000044,0.02297782758666743,0.010986536447901207,0.03732594075809899,0.050000000000000044,0.25,"{'I': 1, 'W': 0, 'R': 1, 'C': 'free'}",False,True,True,0.0,3
6626,5,0.29206882976125925,1.0428057905193535,0.8974097478952344,2.2207965578492326,1.0950551138537126,2.174196061390867,0.42005857140960623,1.0,0.3,0.050000000000000044,0.19999999999999996,0.4378453259672095,0.0758534166124868,0.7773154157117276,0.5,0.7,"{'I': 1, 'W': 0, 'R': 1, 'C': 'free'}",False,True,True,0.0,3
6626,6,0.1759051497726012,1.2441790621317022,0.44390182875612677,2.422929877465377,1.0475202554514262,2.2137678540670516,0.24312279958499883,1.0,0.3,0.09999999999999998,0.77,0.3208294384038047,0.119195196814095,0.43784429549476733,0.7,0.8,"{'I': 1, 'W': 0, 'R': 1, 'C': 'free'}",False,True,True,0.0,3
6626,7,0.01327772472512655,0.9261299569915596,0.05704885177737438,2.4276494630053986,1.0017420301912505,2.0397777713997427,0.01210968273973112,1.0,0.3,0.050000000000000044,0.050000000000000044,0.04742404225491021,0.037325432547841084,0.06008662619059136,0.4,0.7,"{'I': 1, 'W': 0, 'R': 1, 'C': 'free'}",False,True,True,1.0,3
6665,1,0.13642247223137935,0.41674873031525106,0.6981821579666145,1.972024323733673,1.1358931132038292,1.254794625413402,0.7538001019210301,0.9999987820176092,0.0,0.050000000000000044,0.050000000000000044,0.18241816668378802,0.18239746301768536,0.22268518723083608,0.050000000000000044,0.25,"{'I': 1, 'W': 0, 'R': 1, 'C': 'free'}",False,True,True,1.0,3
6665,2,0.10891040537492373,0.7253106794945626,0.9899842637072401,2.417221615170443,1.0419512996669416,1.6845009544941847,0.36367589960696445,1.0,0.1,0.050000000000000044,0.050000000000000044,0.04742352952388779,0.03732273191777989,0.09534615956861879,0.25,0.4,"{'I': 1, 'W': 0, 'R': 1, 'C': 'free'}",False,True,True,0.6666666666666666,3
6665,3,0.30245549725551313,0.6692313079854965,1.5631492295533367,2.0657103074166048,1.2530485139920873,1.679430748116017,0.9332601278438006,0.9999999999995869,0.1,0.050000000000000044,0.050000000000000044,0.029310554200706197,0.02930872880120323,0.26898324376346155,0.30000000000000004,1.0,"{'I': 1, 'W': 0, 'R': 1, 'C': 'free'}",False,True,True,0.6666666666666666,3
6665,4,0.034578609134799966,0.6937541410611049,0.18955941615689118,2.4693585782029426,1.0067894618966875,1.7334345661627597,0.08420681910331518,1.0,0.3,0.050000000000000044,0.050000000000000044,0.18242403148684375,0.1823940316104164,0.3775654915121968,0.30000000000000004,0.7,"{'I': 1, 'W': 0, 'R': 1, 'C': 'free'}",False,True,True,0.3333333333333333,3
6665,5,0.21541969965165486,0.7713465057504965,1.1062991686902885,2.4271993801797964,1.0755300053299242,1.6795935709448169,0.5826219276170533,1.0,0.25,0.050000000000000044,0.050000000000000044,0.3775644895322803,0.09533661059665857,0.2689511780788902,0.30000000000000004,0.75,"{'I': 1, 'W': 0, 'R': 1, 'C': 'free'}",True,True,True,0.0,3
6665,6,0.35101615441122,0.6326230454793503,1.7825738906503572,2.319686764671927,1.2371468968701198,1.6021226422946517,0.9667907033312353,1.0,0.15,0.050000000000000044,0.050000000000000044,0.047428524941382874,0.06007304145242259,0.04742852497195766,0.25,0.5,"{'I': 1, 'W': 0, 'R': 1, 'C': 'free'}",False,True,True,0.3333333333333333,3
6665,7,0.0654173589722088,0.7173877068437247,0.3882201211103689,2.4727299097055333,1.0172944674556408,1.6696660722080212,0.23993089750541174,1.0,0.25,0.050000000000000044,0.050000000000000044,0.04742511812587994,0.0474246178257879,0.07586091203997276,0.4,0.25,"{'I': 1, 'W': 0, 'R': 1, 'C': 'free'}",True,False,True,0.0,3
6669,1,0.12547913572808345,0.7076186109643053,0.672219941356851,2.256739769249763,1.0364028805475447,1.6470917163608385,0.275159422724893,0.9999999999999989,0.0,0.050000000000000044,0.050000000000000044,0.14804266938926677,0.32078050485884874,0.14804345329507704,0.050000000000000044,0.25,"{'I': 1, 'W': 0, 'R': 1, 'C': 'free'}",False,True,True,1.0,3
6669,2,0.300877014793285,0.5581723225105638,0.8290317768509724,2.112639817198766,1.318646898850725,1.39320556737617,0.9370907043865266,0.999999998822238,0.05,0.0,0.0,0.03732713239609959,0.029308627186295403,0.022976861852107216,0.050000000000000044,0.050000000000000044,"{'I': 1, 'W': 0, 'R': 1, 'C': 'free'}",False,True,True,0.0,3
6669,3,0.2938440906378111,0.5744571105649445,1.6905543736235256,2.3004876985336122,1.1821271573505718,1.4722620911443958,0.8412572647742941,0.9999999999988168,0.1,0.050000000000000044,0.050000000000000044,0.8175732002595845,0.5621436587651638,0.07586524662730862,0.25,0.25,"{'I': 1, 'W': 0, 'R': 1, 'C': 'free'}",False,True,True,0.0,3
6669,4,0.1743159186962635,0.6525431888290569,0.8327482591457137,2.2114505234487956,1.120449072272249,1.5632386700873977,0.7137887732360169,0.9999999988119447,0.05,0.050000000000000044,0.050000000000000044,0.32082482812979896,0.2689206656962515,0.11921964335672713,0.19999999999999996,0.25,"{'I': 1, 'W': 0, 'R': 1, 'C': 'free'}",False,True,True,0.0,3
6669,5,0.266802071813001,0.7885450605793828,1.3199641932742976,2.0110035638658172,1.1138787369163707,1.6190973467694094,0.6598888551746789,0.9999999999998941,0.1,0.050000000000000044,0.050000000000000044,0.6225007789960161,0.14803827895529945,0.14808524769393322,0.09999999999999998,0.25,"{'I': 1, 'W': 0, 'R': 1, 'C': 'free'}",True,True,True,0.0,3
6669,6,0.0843737101860813,0.6544989140076458,0.41001709416180016,2.5835819780807627,1.022381411535738,1.5505302754422243,0.21610551721695592,0.9999999999999999,0.3,0.050000000000000044,0.050000000000000044,0.14805206301637153,0.07584914602853746,0.14806829991170334,0.30000000000000004,0.25,"{'I': 1, 'W': 0, 'R': 1, 'C': 'free'}",True,True,True,0.0,3
6669,7,0.5740612489239275,0.8192337426193312,2.0090947840018676,2.492985331369644,1.6858159021984065,1.6486625817518772,0.9265571927136037,0.9999999999999655,0.2,0.050000000000000044,0.050000000000000044,0.26896124262687604,0.09534179144116721,0.2690350509927476,0.09999999999999998,0.25,"{'I': 1, 'W': 0, 'R': 1, 'C': 'free'}",False,True,True,0.0,3
6696,1,0.010057459772793402,0.583479609452009,0.0410862423939233,1.8945013378590385,1.001511975124519,1.356917586745288,0.012013915579290657,0.9999908173487538,0.0,0.050000000000000044,0.050000000000000044,0.02297728635844749,0.060084699751400655,0.022976110419418726,0.25,0.050000000000000044,"{'I': 1, 'W': 0, 'R': 1, 'C': 'free'}",False,True,True,1.0,3
6696,2,0.016354852093084796,0.7348478792903492,0.09857369630927516,2.2959488729307957,1.0028587101518323,1.6095499969506324,0.025364463217059208,0.999999999997342,0.05,0.09999999999999998,0.0,0.006692441734063521,0.005219863803755545,0.029309106589854927,0.050000000000000044,0.19999999999999996,"{'I': 1, 'W': 0, 'R': 1, 'C': 'free'}",False,True,True,1.0,3
6696,3,0.25784907858731626,0.8442328893562153,1.2850455343829787,2.5544595373499193,1.285147285516022,1.7790815187051998,0.9968805126754694,1.0,0.05,0.050000000000000044,0.050000000000000044,0.014063449122607732,0.014061827107804502,0.022977012804115553,0.050000000000000044,0.09999999999999998,"{'I': 0, 'W': 1, 'R': 0, 'C': 'costly'}",False,True,True,0.6666666666666666,3
670,1,0.39327464413181373,0.6679203078854303,1.1396697989927707,2.2722167054724673,1.2878640924861386,1.6364065252621083,0.7808306637691877,0.9999999998551212,0.0,0.050000000000000044,0.050000000000000044,0.22269327632395852,0.22267983605693598,0.8807887746896488,0.4,0.5,"{'I': 1, 'W': 0, 'R': 1, 'C': 'free'}",False,True,True,1.0,3
670,2,0.3134121712989338,0.745126402744261,1.7936056831789968,2.3071615603612856,1.1943615705666142,1.7187852137061914,0.6555032947013136,0.9999999999999991,0.0,0.15000000000000002,0.050000000000000044,0.022976621998393256,0.0600781998374019,0.5000030879093853,0.4,0.75,"{'I': 1, 'W': 0, 'R': 1, 'C': 'free'}",True,False,True,0.0,3
670,3,0.3346680671073541,0.8484026544787484,1.3157608291974467,2.3173649122492987,1.2743094473262877,1.6062146025392534,0.7664657499981026,1.0,0.0,0.9,0.010000000000000009,0.4377889695633016,0.320765628516292,0.1480487437705478,0.9,0.9,"{'I': 1, 'W': 0, 'R': 1, 'C': 'free'}",True,False,True,0.0,3
670,4,0.27765534094949657,0.8134907565270552,0.948150821128813,2.501055951500878,1.1586222006588551,1.7231096930157719,0.6432145962385585,1.0,0.3,0.9,0.050000000000000044,0.8519455309825588,0.622396764505554,0.26894455257391775,1.0,0.9,"{'I': 1, 'W': 0, 'R': 1, 'C': 'free'}",False,True,True,0.0,3
670,5,0.3146387079007151,0.8028209598090513,1.212484559575162,2.311845289667262,1.2691039160870652,1.7256542318273322,0.9273005753889355,1.0,0.3,0.050000000000000044,0.050000000000000044,0.3208684810696869,0.18241315629112595,0.6792062098586523,1.0,1.0,"{'I': 1, 'W': 0, 'R': 1, 'C': 'free'}",False,True,True,0.0,3
670,6,0.06309671353531895,0.8602111236158188,0.36912160566543717,2.73270764160696,1.0197713161685926,1.792545062109681,0.12807233916684524,1.0,0.25,0.09999999999999998,0.19999999999999996,0.029312887248873275,0.04742087048271117,0.2689435204087736,0.7,0.7,"{'I': 1, 'W': 0, 'R': 1, 'C': 'free'}",True,True,True,0.0,3
670,7,0.22285860248731976,0.8495787990229915,1.3804344639782833,2.381868042277418,1.0844550224716234,1.7813809637295055,0.6514621707193584,1.0,0.5,1.0,0.050000000000000044,0.9241490951018351,0.679138483896019,0.7773360050986041,0.8,0.75,"{'I': 1, 'W': 0, 'R': 1, 'C': 'free'}",False,True,True,1.0,3
6700,1,0.025626080229387786,0.3975721928425777,0.12122046536159703,1.7859353629938683,1.0042359256016793,1.3209410492454097,0.03325046993268099,0.9999984238590529,0.0,0.050000000000000044,0.030000000000000027,0.017985480872690567,0.04742132606501731,0.06008324157381194,0.050000000000000044,0.050000000000000044,"{'I': 1, 'W': 0, 'R': 1, 'C': 'free'}",False,True,True,1.0,3
6700,2,0.3274775718917025,0.8761117602541199,1.2131317596738949,2.3861753173795774,1.234122021950539,1.7209047070877304,0.9011308324221571,0.999999999999892,0.0,0.050000000000000044,0.030000000000000027,0.04742100301787301,0.017981949412783943,0.008577031166931174,0.050000000000000044,0.050000000000000044,"{'I': 0, 'W': 1, 'R': 0, 'C': 'costly'}",False,True,True,0.3333333333333333,3
6709,1,1.2636300443686075,0.8576415023594312,2.4114833463685,2.5652746149213312,2.465029356112555,1.8428529462229122,0.9955427455629559,1.0,0.4,0.050000000000000044,0.030000000000000027,0.9626716955783718,0.43772072896739056,0.37749689530117553,0.75,0.5,"{'I': 1, 'W': 0, 'R': 1, 'C': 'free'}",False,True,True,1.0,3
6709,2,0.2976789115603299,0.8915160875920936,1.090513933248124,2.51765403666915,1.1562009314598565,1.7555788590778307,0.765756876310854,0.9999999999999795,0.5,1.0,0.0,0.37754475877962207,0.11917461237149075,0.6791681938798343,1.0,1.0,"{'I': 1, 'W': 0, 'R': 1, 'C': 'free'}",False,True,True,0.0,3
6709,3,0.2619239408253159,1.0999884652830496,1.2259156948262793,2.5738543100967117,1.092986587369371,2.16822928976266,0.5889906754520411,1.0,0.3,0.050000000000000044,0.09999999999999998,0.0758481818343945,0.04741120549676124,0.119209839142831,1.0,1.0,"{'I': 1, 'W': 0, 'R': 1, 'C': 'free'}",False,True,True,0.0,3
6709,4,1.1605531976451995,1.0582680256238237,2.014540394241838,2.4352858958564148,2.217832525263409,1.962032346510899,0.958668134547827,1.0,0.1,0.0,0.050000000000000044,0.03732144504848607,0.022968682570147416,0.01798534001061179,0.19999999999999996,0.09999999999999998,"{'I': 1, 'W': 0, 'R': 1, 'C': 'free'}",False,True,True,0.0,3
6709,5,0.2593407066312769,1.077835809468203,1.2816439233373087,2.526944832127632,1.1036619533665595,2.4341177600425232,0.6270597250918734,1.0,0.5,1.0,0.75,0.3775381518115584,0.09531736466741093,0.4378281128691583,1.0,1.0,"{'I': 1, 'W': 0, 'R': 1, 'C': 'free'}",True,True,True,0.0,3
6709,6,0.8879057559631723,1.1557581616392314,2.4787503835681184,2.6370405536871764,1.7257509567152463,2.340893066017067,0.8872575394883184,1.0,1.0,1.0,1.0,0.7310323335255348,0.268907093097974,0.43782878598261143,1.0,1.0,"{'I': 0, 'W': 1, 'R': 0, 'C': 'costly'}",False,True,True,0.0,3
6779,1,0.29785561258567633,0.6000961217014873,1.1012023482639612,2.2640377712970503,1.0781659810310114,1.4298414009339036,0.31360853102238007,0.9999982038240017,0.0,0.050000000000000044,0.050000000000000044,0.07585430338558571,0.07584425192416137,0.49995838478654964,0.25,0.25,"{'I': 1, 'W': 0, 'R': 1, 'C': 'free'}",False,True,True,1.0,3
6779,2,0.06089797040267968,0.8036374682284174,0.26959837362916467,2.3736972384464496,1.0103836965938564,1.8207638719339414,0.05033955219350761,1.0,0.0,0.050000000000000044,0.050000000000000044,0.014063363424147322,0.029310412608129315,0.3775571967181584,0.25,0.4,"{'I': 1, 'W': 0, 'R': 1, 'C': 'free'}",True,False,True,0.0,3
6779,3,0.253809618885237,0.6115237655456068,0.9220975438528645,1.7668784584678048,1.101011896421276,1.419038276882786,0.5369115944000807,0.9999863167748307,0.0,0.050000000000000044,0.09999999999999998,0.6224725642664399,0.11919929939021046,0.9046529424252097,0.5,0.75,"{'I': 1, 'W': 0, 'R': 1, 'C': 'free'}",False,True,True,1.0,3
6779,4,0.3364347426880665,0.5981035523327737,1.5027308595403457,1.9828284986470066,1.1127747228958926,1.6357427453021756,0.750709502156034,0.9999999999999999,0.1,0.050000000000000044,0.050000000000000044,0.1480520397051725,0.18241351260686425,0.5000162274706595,0.30000000000000004,0.25,"{'I': 1, 'W': 0, 'R': 1, 'C': 'free'}",False,True,True,0.3333333333333333,3
6779,5,0.1150445656721577,0.6580093580340763,0.5323368242708169,2.1583395177275935,1.026478141820924,1.4682853028058662,0.2880429010499632,0.999999999999335,0.1,0.050000000000000044,0.010000000000000009,0.6224503331256882,0.22269242165487566,0.43788040868018974,0.5,0.75,"{'I': 1, 'W': 0, 'R': 1, 'C': 'free'}",True,False,True,0.0,3
6779,6,0.22012367840229835,0.8147595579021858,0.8666796131935136,2.344939239101943,1.0748812889846828,1.837498151359681,0.6088769044623115,1.0,0.5,0.050000000000000044,0.050000000000000044,0.6791423592799197,0.22266680448660509,0.37762399002164276,0.75,0.8,"{'I': 1, 'W': 0, 'R': 1, 'C': 'free'}",True,False,True,0.0,3
6779,7,0.11776179341092329,0.5950956815535458,0.7161453145970337,2.2661363823682277,1.0275397322231816,1.412487258898311,0.29754600054617064,0.9999999999943615,0.0,0.050000000000000044,0.050000000000000044,0.26893916646900773,0.11919029693705181,0.1480629021006166,0.25,0.25,"{'I': 1, 'W': 0, 'R': 1, 'C': 'free'}",True,False,True,0.0,3
6781,1,0.24117084858717766,0.6453793424177355,0.8570629726543672,2.1264837550286626,1.105103625036353,1.612735698060108,0.39328465053690453,1.0,0.3,0.050000000000000044,0.050000000000000044,0.22269479569767842,0.3207899518302669,0.4999701521356702,0.4,0.5,"{'I': 1, 'W': 0, 'R': 1, 'C': 'free'}",False,True,True,0.6666666666666666,3
6781,2,0.5098172567145202,0.7561311851557598,2.5653318887067535,2.4878327582707227,1.3851164369642992,1.7412124602400678,0.9799476810465497,1.0,0.25,0.0,0.050000000000000044,0.8807982753895052,0.6791211349965336,0.18242054544471173,0.5,0.5,"{'I': 1, 'W': 0, 'R': 1, 'C': 'free'}",False,True,True,0.0,3
6781,3,0.6991334269984041,0.8268434852622609,1.8433231564180454,2.7322303378673576,1.6015905134399404,1.6840282036825298,0.963005293520358,1.0,0.3,0.050000000000000044,0.0,0.18243461038520686,0.2689095314710963,0.3208225154672194,0.7,0.9,"{'I': 1, 'W': 0, 'R': 1, 'C': 'free'}",False,True,True,1.0,3
6781,4,0.417148503678609,0.9608322032725671,1.6603628679171685,2.457832839520483,1.2155571678601955,2.1242814454567935,0.8580138072835295,1.0,0.3,0.050000000000000044,0.050000000000000044,0.18242963226182174,0.1191938671954208,0.22277077642086335,0.7,0.8,"{'I': 1, 'W': 0, 'R': 1, 'C': 'free'}",False,True,True,0.0,3
6781,5,0.21632784969121632,0.9622273605331003,0.9790346745803927,2.4627330129811362,1.0702415620817298,2.121442284654922,0.526085428028755,1.0,0.3,0.050000000000000044,0.050000000000000044,0.22270547738456994,0.09534132833643197,0.11920919051691316,0.7,0.75,"{'I': 1, 'W': 0, 'R': 1, 'C': 'free'}",False,True,True,0.6666666666666666,3
6781,6,0.1529290674220222,0.9693383078984569,0.4650195702361235,2.678650820862358,1.044297759375093,2.0113024406719178,0.22900080810950862,1.0,0.3,0.9,0.75,0.43783148697574603,0.43781464856988345,0.7311149758036595,0.7,0.9,"{'I': 1, 'W': 0, 'R': 1, 'C': 'free'}",False,True,True,1.0,3
6781,7,0.59172301123072,0.9761094197317591,1.8046504680945488,2.7258780340799227,1.6937382770442204,2.0975600280370927,0.9749921771794093,1.0,0.3,0.050000000000000044,0.050000000000000044,0.07585806287788738,0.09534027902117413,0.1480613093922507,0.7,0.7,"{'I': 1, 'W': 0, 'R': 1, 'C': 'free'}",False,True,True,0.0,3
6798,1,0.8501282064766738,0.7211299492435566,1.9129746296627586,1.9468771219397607,1.6792821402853138,1.7103551658538598,0.9554078938552055,0.9999999999445115,0.25,0.050000000000000044,0.050000000000000044,0.26894325938530517,0.14802957693464602,0.1824126328286126,0.25,0.25,"{'I': 1, 'W': 0, 'R': 1, 'C': 'free'}",False,True,True,0.3333333333333333,3
6798,2,0.45793195045482094,0.8849816426596664,1.1041617352794573,2.620303719124287,1.2187208613803937,1.596651692376297,0.6948070277677374,0.9999999999998423,0.0,0.050000000000000044,0.050000000000000044,0.014063402123142705,0.037323489726133974,0.26895625850610566,0.050000000000000044,0.25,"{'I': 1, 'W': 0, 'R': 1, 'C': 'free'}",True,False,True,0.0,3
6798,3,0.5430535332960371,0.886882538580411,1.4578962952071675,2.416214241034125,1.2772277833654924,1.7863309586849603,0.9134401632288205,0.9999999999853567,0.25,0.050000000000000044,0.010000000000000009,0.8175954783153455,0.6791606961055541,0.8808112335973224,0.25,0.25,"{'I': 1, 'W': 0, 'R': 1, 'C': 'free'}",False,True,True,0.0,3
6798,4,0.26152358072551374,0.8722578417682401,0.7980251502345462,1.9625949091791783,1.116251454311609,1.7677508560199833,0.483074717593201,0.9999999992994794,0.0,0.050000000000000044,0.050000000000000044,0.008576286852504618,0.005219625221397323,0.010986778947381204,0.050000000000000044,0.050000000000000044,"{'I': 1, 'W': 0, 'R': 1, 'C': 'free'}",True,True,True,0.0,3
6798,5,0.6021432820770315,0.8499910249536698,1.6299564012455294,2.516976831218047,1.8427786481367798,1.7023568224342502,0.9744635236600468,0.9999999996635461,0.05,0.050000000000000044,0.010000000000000009,0.017985071051651078,0.008576298436143642,0.008577068232515996,0.09999999999999998,0.050000000000000044,"{'I': 1, 'W': 0, 'R': 1, 'C': 'free'}",False,True,True,0.3333333333333333,3
6798,6,0.4363827446501771,0.8441472131399528,0.8994233777066211,1.906956739143956,1.2096075651207745,1.6839051219794765,0.7360701325163901,0.9999997266059368,0.1,0.050000000000000044,0.020000000000000018,0.01798511906510077,0.03732278431728526,0.010986907135035374,0.09999999999999998,0.09999999999999998,"{'I': 1, 'W': 0, 'R': 1, 'C': 'free'}",False,True,True,0.0,3
6798,7,0.30385999723320584,0.4949794435360244,1.2167447356009717,2.4281471872984577,1.1718162279557818,1.3933850653666777,0.8508284840489859,0.9999998307004178,0.05,0.050000000000000044,0.020000000000000018,0.003172415722988453,0.005219031636646696,0.0031724930132169668,0.050000000000000044,0.050000000000000044,"{'I': 0, 'W': 1, 'R': 0, 'C': 'costly'}",False,True,True,0.3333333333333333,3
6800,1,0.053956132238025416,0.7560824376022602,0.3065043914456929,2.244344065807869,1.0100615579244923,1.6781450395722426,0.05829918839527193,0.9999999999236739,0.0,0.050000000000000044,0.050000000000000044,0.014063357780172753,0.04742303027955964,0.060083306763967254,0.25,0.25,"{'I': 1, 'W': 0, 'R': 1, 'C': 'free'}",False,True,True,1.0,3
6800,2,0.0925044017961969,0.8639765105388526,0.17097949243960814,2.390236796130526,1.0185061517750884,1.8218772198203208,0.19751648031844893,0.9999999999999992,0.25,0.050000000000000044,0.09999999999999998,0.029312527453108448,0.029310710677821858,0.09534820978510478,0.050000000000000044,0.25,"{'I': 1, 'W': 0, 'R': 1, 'C': 'free'}",False,True,True,1.0,3
6800,3,0.20191158544139123,0.6387816714206532,0.6846740751952303,2.0617419583596432,1.0794219194729475,1.4829243383016588,0.3678027496320412,0.999999857031527,0.05,0.050000000000000044,0.0,0.037325505431582015,0.022975222096895443,0.3208289432171535,0.050000000000000044,0.25,"{'I': 1, 'W': 0, 'R': 1, 'C': 'free'}",False,True,True,1.0,3
6800,4,0.0263055970121763,0.6119276431477265,0.10470708265329697,2.0646706830198895,1.0042474230530403,1.4578083844767404,0.025109936061101124,0.999999866776339,0.0,0.050000000000000044,0.010000000000000009,0.0040699251780410665,0.005219855955899383,0.014063408998228853,0.050000000000000044,0.050000000000000044,"{'I': 1, 'W': 0, 'R': 1, 'C': 'free'}",True,False,True,0.0,3
6800,5,0.1649507672149477,0.6036184179741456,1.4139090242566736,2.4191466565586768,1.0774390675648655,1.578747993827275,0.8665260261350906,0.9999999999921569,0.01,0.050000000000000044,0.010000000000000009,0.010985913159616747,0.006691612183177892,0.010985993151078222,0.050000000000000044,0.050000000000000044,"{'I': 0, 'W': 1, 'R': 0, 'C': 'costly'}",False,True,True,1.0,3
6819,1,0.3014974384200717,0.7442252964433969,0.9598060846603845,2.256617859960177,1.2958146191597972,1.8703677255248,0.8369953952360965,0.9999999999999928,0.0,0.050000000000000044,0.0,0.2689123555831308,0.43775049686659995,0.8176361721199992,0.050000000000000044,0.25,"{'I': 1, 'W': 0, 'R': 1, 'C': 'free'}",False,True,True,0.0,3
6819,2,0.1105069151499122,0.6010041379995906,0.6087573210952829,2.1723470053148715,1.050963311040397,1.4044039487428046,0.29386601472948237,0.9999993612451062,0.0,0.050000000000000044,0.0,0.008577023826688613,0.022975694230350955,0.04742494981530619,0.050000000000000044,0.050000000000000044,"{'I': 1, 'W': 0, 'R': 1, 'C': 'free'}",True,False,True,0.0,3
6819,3,0.7787897463393358,0.8267946506662345,1.6529234439292757,2.444334623078746,1.7777131365353263,1.800730796985457,0.9436762461798949,1.0,0.25,0.050000000000000044,0.050000000000000044,0.4378367485663517,0.2226928500116112,0.26895008862601705,0.30000000000000004,0.25,"{'I': 1, 'W': 0, 'R': 1, 'C': 'free'}",False,True,True,0.0,3
6819,4,0.2504266120612288,0.7844577307175095,0.704004846793921,2.521935207264804,1.1357832027615469,1.6899817182460701,0.6388925341351457,1.0,0.25,0.050000000000000044,0.050000000000000044,0.37757155720888813,0.4999800408056417,0.6224944684555465,0.30000000000000004,0.75,"{'I': 1, 'W': 0, 'R': 1, 'C': 'free'}",False,True,True,0.3333333333333333,3
6819,5,0.32847622548442446,0.7127392735976138,1.5356720459771762,2.5434911280975867,1.1204094364710757,1.711765361863618,0.5972960064537686,0.999999999999998,0.25,0.050000000000000044,0.050000000000000044,0.268958139312368,0.14803245501139106,0.14806886634018007,0.09999999999999998,0.25,"{'I': 1, 'W': 0, 'R': 1, 'C': 'free'}",True,False,True,0.0,3
6819,6,0.4473001296567422,0.6423978270314684,1.3236264688358348,2.593140495346912,1.1608716419970528,1.5567230453901308,0.5256717527962002,0.9999999999996791,0.1,0.050000000000000044,0.050000000000000044,0.7772680231250383,0.4999286349799082,0.22272447713814836,0.7,0.5,"{'I': 1, 'W': 0, 'R': 1, 'C': 'free'}",True,True,True,0.0,3
6819,7,0.28011988617766975,0.6820709669216474,0.7919494827092867,2.5793391622031034,1.0695688461056236,1.5634540588761434,0.2855756021798045,0.9999999999999992,0.1,0.050000000000000044,0.050000000000000044,0.2689383295216513,0.14802310816261724,0.2227121516811299,0.09999999999999998,0.25,"{'I': 1, 'W': 0, 'R': 1, 'C': 'free'}",False,True,True,0.0,3
6837,1,0.01450711874106269,0.40493258169180985,0.08174303830151472,1.5553359713280757,1.0022692230147134,1.320664833653476,0.013507852291710254,0.9999997728010885,0.1,0.050000000000000044,0.050000000000000044,0.4999896737253822,0.11919406821644969,0.18241152164233942,0.050000000000000044,0.25,"{'I': 1, 'W': 0, 'R': 1, 'C': 'free'}",False,True,True,1.0,3
6837,2,0.327979697699198,0.7474240382269068,1.555645463575324,2.090611171004064,1.127428313551296,1.5101688459462235,0.8345503161752704,0.9999999542959986,0.1,0.09999999999999998,0.050000000000000044,0.731070651284916,0.22265215934711977,0.32087061822753055,0.4,0.4,"{'I': 1, 'W': 0, 'R': 1, 'C': 'free'}",False,True,True,0.3333333333333333,3
6837,3,0.13544402204902845,0.6186989332983214,0.7818663086534694,2.1905069213295034,1.040424950602349,1.6403859325955452,0.44812766723240793,0.9999999974755978,0.1,0.050000000000000044,0.050000000000000044,0.26895282818581595,0.18240887019337,0.37755795917162777,0.09999999999999998,0.25,"{'I': 1, 'W': 0, 'R': 1, 'C': 'free'}",True,False,True,0.0,3
6837,4,0.09531544031288917,0.9262334047614259,0.5697186967530962,2.357241328614607,1.0244668773251513,1.8306539113169829,0.3041250915061542,0.9999999999948957,0.25,0.050000000000000044,0.050000000000000044,0.2689274007569722,0.1823963526350594,0.3775498160639686,0.19999999999999996,0.30000000000000004,"{'I': 1, 'W': 0, 'R': 1, 'C': 'free'}",True,False,True,0.0,3
6837,5,0.09401037758815661,0.4685485454010959,0.8730874534537794,2.2587506991038095,1.0322852228249686,1.3626789068102083,0.3791247567088607,0.9999999997128829,0.1,0.050000000000000044,0.050000000000000044,0.4377378287605289,0.11915498599475274,0.3209133235981333,0.09999999999999998,1.0,"{'I': 1, 'W': 0, 'R': 1, 'C': 'free'}",True,False,True,0.0,3
6837,6,0.25216906821290125,1.0124151419593685,1.080978066941466,2.4649893549528423,1.1382163790729711,1.9531577423773367,0.8565741154519302,0.9999999995029435,0.5,0.050000000000000044,0.0,0.5622198396508492,0.32073112008546795,0.4378689052085084,0.75,0.9,"{'I': 1, 'W': 0, 'R': 1, 'C': 'free'}",False,True,True,0.3333333333333333,3
6837,7,0.4819503409773911,0.6462527179953332,1.8892399078442745,2.407704999815204,1.282558418011088,1.4855369562381755,0.9693154454417146,1.0,0.5,0.050000000000000044,0.050000000000000044,0.26894671504169065,0.18236655750590117,0.22271363194924054,0.4,0.75,"{'I': 1, 'W': 0, 'R': 1, 'C': 'free'}",False,True,True,0.6666666666666666,3
6849,1,0.11352319307489497,0.7649255215152834,0.5681581583347246,2.510694659232908,1.0298975076609265,1.7170705190716848,0.31816717249482507,0.9999999999999994,0.1,0.050000000000000044,0.030000000000000027,0.26893987234805367,0.3207841508835353,0.11919462698214274,0.25,0.25,"{'I': 1, 'W': 0, 'R': 1, 'C': 'free'}",False,True,True,0.0,3
6849,2,0.1007986228262917,0.9282721114364851,0.7037668602742595,2.6223180212887125,1.0840428245517129,1.8959277148386484,0.51629336135427,1.0,0.15,0.050000000000000044,0.050000000000000044,0.014063283260399746,0.017984636747929994,0.029311296957447212,0.25,0.19999999999999996,"{'I': 1, 'W': 0, 'R': 1, 'C': 'free'}",False,True,True,0.0,3
6849,3,0.8913770817481588,0.7518695040667824,2.1603261783645205,2.1924581456100087,2.0646333912318577,1.6952215795154117,0.987089522097982,0.9999999999995814,0.3,0.050000000000000044,0.8,0.6224737952583629,0.3775220915686167,0.6791781390266851,0.30000000000000004,0.7,"{'I': 1, 'W': 0, 'R': 1, 'C': 'free'}",False,True,True,1.0,3
6849,4,0.4540321511325954,0.664568790928126,1.6847764037352713,2.268789217986239,1.1782200573900925,1.5202094132887969,0.6261980780435034,0.9999999999990129,0.3,0.050000000000000044,0.050000000000000044,0.1192089419334407,0.06008137387249956,0.5621996641586248,0.30000000000000004,0.7,"{'I': 1, 'W': 0, 'R': 1, 'C': 'free'}",True,False,True,0.0,3
6849,5,0.3503238347755592,0.8317608658931294,1.272397054303395,2.475593120404595,1.4572915344619064,1.8570866914749706,0.84785145983898,0.999999999999997,0.0,0.050000000000000044,0.75,0.18243501469844087,0.022976421347188882,0.7773052730206493,0.5,0.7,"{'I': 1, 'W': 0, 'R': 1, 'C': 'free'}",False,True,True,1.0,3
6849,6,0.2051916659958953,0.8146909544374158,0.5762050481962564,2.3908822018225337,1.0558704746098153,1.6786552471457263,0.2783341990702527,0.9999999994021695,0.0,0.050000000000000044,0.050000000000000044,0.22271365989749523,0.03732537950647037,0.5621807687876348,0.7,1.0,"{'I': 1, 'W': 0, 'R': 1, 'C': 'free'}",True,True,True,0.0,3
6849,7,0.5268484224682422,0.7073100222438846,1.562926423443274,2.5143748572215916,2.7684951556771416,1.5449715318428474,0.9977790571029591,1.0,0.2,0.050000000000000044,0.050000000000000044,0.5000613765925895,0.1191912098312817,0.32085539345405506,0.7,0.25,"{'I': 1, 'W': 0, 'R': 1, 'C': 'free'}",True,False,True,0.0,3
687,1,0.15958481204101704,0.5241334693297025,0.6228685053548706,2.058180860212738,1.0469008905287416,1.4528220415152129,0.20480772234398092,0.9999998461567824,0.0,0.050000000000000044,0.010000000000000009,0.017985652395748366,0.0373210326162528,0.1824131062291387,0.050000000000000044,0.25,"{'I': 1, 'W': 0, 'R': 1, 'C': 'free'}",False,True,True,1.0,3
687,2,0.010035339757640408,1.0710083666672296,0.03613721947192117,2.4080111122436096,1.0012543961475073,2.0376474351687586,0.007493443403316591,1.0,0.0,0.050000000000000044,0.0,0.01406305825929403,0.02297487992708091,0.04742371539544225,0.050000000000000044,0.09999999999999998,"{'I': 1, 'W': 0, 'R': 1, 'C': 'free'}",False,True,True,1.0,3
687,3,0.35137286511290994,0.8849280376851146,1.1521591267608253,2.6919758737359367,1.1485979184710438,1.8111324254146484,0.5644962984958652,1.0,0.0,0.050000000000000044,0.0,0.3207770710892572,0.14800731724771815,0.8176064645545927,0.5,1.0,"{'I': 1, 'W': 0, 'R': 1, 'C': 'free'}",True,False,True,0.0,3
687,4,0.7242703597915588,0.8452992436217669,2.0048358259174126,2.6398680402119483,1.8296972450808104,1.7026756313402929,0.9854338304515636,1.0,0.25,0.050000000000000044,1.0,0.07585372013693063,0.07584746475238048,0.851956010735719,0.30000000000000004,1.0,"{'I': 1, 'W': 0, 'R': 1, 'C': 'free'}",False,True,True,1.0,3
687,5,0.31853359783035645,0.890383226469466,1.7052769093969515,2.4890218068080814,1.2581288182874952,1.983016526751475,0.9994882340806539,1.0,0.5,0.050000000000000044,0.010000000000000009,0.6791682320697474,0.3207807882667313,0.6792337978207159,1.0,1.0,"{'I': 1, 'W': 0, 'R': 1, 'C': 'free'}",False,True,True,0.3333333333333333,3
687,6,0.12287666751249621,0.7982847491560023,0.7281637808328959,2.496739464590622,1.0810640476787063,1.710111331555746,0.7342178664541411,1.0,0.2,0.050000000000000044,0.19999999999999996,0.622463410319639,0.22267829948889797,0.622510534713937,0.30000000000000004,1.0,"{'I': 1, 'W': 0, 'R': 1, 'C': 'free'}",False,True,True,0.3333333333333333,3
687,7,0.07276112315435809,0.7771360812816014,0.7216671039391929,2.5231391809721306,1.0477107089760194,1.6881659716515613,0.5472103520086935,0.9999999999999972,0.1,0.050000000000000044,0.050000000000000044,0.8519862624395533,0.4999134207652937,0.7311787882659215,0.7,1.0,"{'I': 1, 'W': 0, 'R': 1, 'C': 'free'}",True,False,True,0.0,3
6875,1,0.05026120961460222,0.6597587329562682,0.17039515491527793,1.8257308094593672,1.0084437531410197,1.520873115755193,0.0411700311931551,0.9999998169542588,0.0,0.050000000000000044,0.050000000000000044,0.06008398763724294,0.06008280900265546,0.11919372963198668,0.050000000000000044,0.25,"{'I': 1, 'W': 0, 'R': 1, 'C': 'free'}",False,True,True,1.0,2
6875,2,0.6424761002905834,0.7324212462392697,1.8125174050241293,2.228102870889503,1.3598295219485583,1.5464047466933524,0.7849310709303781,0.9999999994713545,0.0,0.050000000000000044,0.050000000000000044,0.02931119427098933,0.060083247812488576,0.2689868358047766,0.050000000000000044,0.050000000000000044,"{'I': 1, 'W': 0, 'R': 1, 'C': 'free'}",True,False,True,0.0,2
6875,3,0.35746063727468225,0.7363867852946913,1.7811157628098608,2.2235680839842042,1.1803862211965719,1.6381422466306108,0.630295095194864,0.9999999999983757,0.0,0.050000000000000044,0.050000000000000044,0.022976094411563508,0.022975998994182224,0.047424673899759344,0.050000000000000044,0.09999999999999998,"{'I': 1, 'W': 0, 'R': 1, 'C': 'free'}",False,True,True,0.0,2
6875,4,0.25713530610688423,0.6818502349116995,1.7994708818757779,2.0173482441320374,1.2358412849563183,1.573444968458359,0.8512915297368969,0.9999999915065111,0.1,0.050000000000000044,0.050000000000000044,0.017985958375316143,0.01406250178859655,0.07586546697201191,0.050000000000000044,0.050000000000000044,"{'I': 1, 'W': 0, 'R': 1, 'C': 'free'}",False,True,True,0.5,2
6875,5,0.04621009001672971,0.5859769208062799,0.3763556799209401,1.695549371080071,1.0130027457325108,1.4442797875568898,0.10976554808596362,0.9999999055196857,0.0,0.050000000000000044,0.050000000000000044,0.006692871020846396,0.006692386500313828,0.02297750645566884,0.09999999999999998,0.050000000000000044,"{'I': 1, 'W': 0, 'R': 1, 'C': 'free'}",True,False,True,0.0,2
6875,6,0.02151538552384844,0.5349589047668162,0.10242245244722403,2.0426479045647046,1.0035998850109906,1.4135957024155363,0.03182341749832618,0.9999997569528748,0.15,0.050000000000000044,0.050000000000000044,0.18243388122451498,0.04742484562302495,0.029313432081728343,0.25,0.09999999999999998,"{'I': 1, 'W': 0, 'R': 1, 'C': 'free'}",False,True,True,0.0,2
6875,7,0.2599321942085724,0.861969891346437,1.0447215848090865,2.3984980721341307,1.1698228612328765,1.8174652426809386,0.7916473843168443,1.0,0.05,0.050000000000000044,0.050000000000000044,0.1824287502950835,0.11918573967266229,0.1480679143929387,0.25,0.25,"{'I': 1, 'W': 0, 'R': 1, 'C': 'free'}",False,True,True,0.0,2
690,1,0.5246461077607752,0.5996109063588079,1.9850660735865129,2.1770250325816844,1.2099974310978565,1.5846530346696066,0.6813651234261412,0.9999999989931574,0.25,0.050000000000000044,0.050000000000000044,0.03732604490900928,0.14803279728148858,0.4999844509321065,0.25,0.25,"{'I': 1, 'W': 0, 'R': 1, 'C': 'free'}",False,True,True,1.0,3
690,2,0.7172821039034275,0.7922683041313187,1.6886913521162232,2.4188642364836426,1.6096657187987677,1.60621319556326,0.9862158895140969,1.0,0.3,0.050000000000000044,0.050000000000000044,0.8176112807795214,0.7772752232868416,0.7310974354313515,0.5,0.5,"{'I': 1, 'W': 0, 'R': 1, 'C': 'free'}",False,True,True,1.0,3
690,3,0.32185895310311513,0.9222239206454778,1.3940460611675078,2.6735612498498256,1.176353760108718,1.812036351775099,0.6791999812732361,1.0,0.25,0.050000000000000044,0.09999999999999998,0.047426860812950535,0.09533005619585914,0.32086121482166047,0.30000000000000004,0.7,"{'I': 1, 'W': 0, 'R': 1, 'C': 'free'}",False,True,True,1.0,3
690,4,0.3249166775258128,0.9445109354435184,1.4437992289193746,2.687205882564813,1.4659965603020944,1.9141059294251344,0.9531255279258457,1.0,0.25,0.050000000000000044,0.050000000000000044,0.06009004120612155,0.04742303475460756,0.2690222395037849,0.30000000000000004,0.30000000000000004,"{'I': 1, 'W': 0, 'R': 1, 'C': 'free'}",False,True,True,1.0,3
690,5,0.05622382050382878,0.8823679611033551,0.2751261383782118,2.655989140359956,1.0090166172102153,1.8842493112778096,0.06929199037147638,1.0,0.05,0.050000000000000044,0.050000000000000044,0.0474224813513074,0.022975389414982443,0.07586422261908271,0.30000000000000004,0.25,"{'I': 1, 'W': 0, 'R': 1, 'C': 'free'}",True,False,True,0.0,3
690,6,0.19275726263572754,1.0604143257254073,0.8160672617921462,2.594612618688105,1.2965640142579204,2.135873427560448,0.8747873260204395,1.0,0.25,0.09999999999999998,0.0,0.22272675001270426,0.18239778973814422,0.32085526374919765,0.7,0.7,"{'I': 1, 'W': 0, 'R': 1, 'C': 'free'}",False,True,True,0.6666666666666666,3
690,7,0.09947878386365547,0.8887888736506795,0.691660826961388,2.7834499586218766,1.0326546534405863,1.9320490619448811,0.2266801669518358,1.0,0.1,0.050000000000000044,0.050000000000000044,0.18244842367846842,0.11919278224545063,0.3776041026218234,0.4,0.75,"{'I': 1, 'W': 0, 'R': 1, 'C': 'free'}",False,True,True,0.0,3
6906,1,0.22179929787547298,0.5149535931472359,1.0353149698946134,2.043566029675187,1.2394231886826887,1.38646909538478,0.6580977853476477,0.9999999988527507,0.0,0.050000000000000044,0.010000000000000009,0.008577147815103625,0.017984602860218572,0.1824095733464747,0.050000000000000044,0.050000000000000044,"{'I': 1, 'W': 0, 'R': 1, 'C': 'free'}",False,True,True,1.0,3
6906,2,0.4718412926075433,0.7069898074165066,1.1894506178551605,2.180285437523351,1.4851090241773197,1.539299500437012,0.9808390680100738,0.9999999999989736,0.15,0.050000000000000044,0.050000000000000044,0.11920055300163336,0.2689262717076204,0.3775356633959259,0.25,0.4,"{'I': 1, 'W': 0, 'R': 1, 'C': 'free'}",False,True,True,1.0,3
6906,3,0.07165651850208853,0.7749692015200382,0.2813781147417583,2.4361693292897555,1.0186974319079745,1.7258679348958914,0.08846375205877255,0.9999999996690994,0.1,0.050000000000000044,0.010000000000000009,0.022974710769931503,0.01098523153150142,0.03732757849363286,0.050000000000000044,0.010000000000000009,"{'I': 0, 'W': 1, 'R': 0, 'C': 'costly'}",False,True,True,1.0,3
6913,1,0.10610660450631136,0.3280745038737312,0.3794816553818341,1.8096650894088118,1.023483739727217,1.202994759901479,0.14997173188216972,0.9999614970024714,0.0,0.050000000000000044,0.0,0.04742459306394973,0.14803077286229324,0.37749129958439903,0.050000000000000044,0.050000000000000044,"{'I': 1, 'W': 0, 'R': 1, 'C': 'free'}",False,True,True,1.0,3
6913,2,0.014845616557373159,0.5447907761718558,0.0917839598827538,2.285871665187098,1.0022946937600679,1.4505494246858213,0.0226599670893185,0.9999999986946987,0.0,0.050000000000000044,0.0,0.010985924305193752,0.01798399279895576,0.060085136189486,0.050000000000000044,0.09999999999999998,"{'I': 1, 'W': 0, 'R': 1, 'C': 'free'}",False,True,True,1.0,3
6913,3,0.16358094532488052,0.32670003647101437,0.9863277774334777,1.4334602129368317,1.091731512009632,1.215660067806855,0.7073300354158945,0.9999992174265375,0.05,0.050000000000000044,0.0,0.029310997577593263,0.03732129647545395,0.3208470097793405,0.050000000000000044,0.09999999999999998,"{'I': 1, 'W': 0, 'R': 1, 'C': 'free'}",False,True,True,1.0,3
6913,4,0.08405728907339623,0.5541228292333529,0.5604349106050145,2.042213707659002,1.031826937242814,1.4556190800542035,0.3133780836258808,0.9999999999994093,0.1,0.050000000000000044,0.050000000000000044,0.047422265994290794,0.06007320171975324,0.2689544782199756,0.19999999999999996,0.25,"{'I': 1, 'W': 0, 'R': 1, 'C': 'free'}",False,True,True,1.0,3
6913,5,0.15615435979305742,0.41434539713991053,0.9299491408781574,1.9682394531916654,1.052704601775349,1.315168220592557,0.51279840625216,0.9999999988076547,0.1,0.050000000000000044,0.050000000000000044,0.26900028576545615,0.22265540972202733,0.04743144148198764,0.09999999999999998,0.050000000000000044,"{'I': 1, 'W': 0, 'R': 1, 'C': 'free'}",True,True,True,0.0,3
6913,6,0.1112427564772797,0.4162273552705607,0.868079137549609,2.2686990139697083,1.1006549125037492,1.3191164054805904,0.8665479351599237,0.9999999999403054,0.05,0.050000000000000044,0.0,0.006691553609198266,0.006690505382361214,0.014059742786206739,0.050000000000000044,0.050000000000000044,"{'I': 0, 'W': 1, 'R': 0, 'C': 'costly'}",False,True,True,1.0,3
6916,1,0.7285586405095243,0.9492670010602731,1.5686254532222597,2.1836191877824467,1.568012832964389,1.8345271314860405,0.972634518237114,0.9999999999914496,0.25,0.050000000000000044,0.030000000000000027,0.26893166136493796,0.09532969935480876,0.18241689880358192,0.25,0.050000000000000044,"{'I': 1, 'W': 0, 'R': 1, 'C': 'free'}",False,True,True,1.0,3
6916,2,0.2661340522035748,0.6684076612829826,0.7897186410784605,2.2520209415449544,1.13636492847588,1.4790120042756545,0.4722710835007984,0.9999999999939484,0.0,0.050000000000000044,0.050000000000000044,0.010986214252005801,0.006691023299828428,0.006692637131433748,0.050000000000000044,0.19999999999999996,"{'I': 1, 'W': 0, 'R': 1, 'C': 'free'}",False,True,True,1.0,3
6916,3,0.0093777952786642,0.7284237976049361,0.03460537724710526,2.162244758522593,1.0013830717911416,1.584168815899345,0.006886757984642222,0.9999999999999999,0.05,0.050000000000000044,0.050000000000000044,0.004069822877708207,0.003172355365571966,0.0024725099570639974,0.050000000000000044,0.09999999999999998,"{'I': 1, 'W': 0, 'R': 1, 'C': 'free'}",True,False,True,0.0,3
6916,4,0.39079067950841884,0.8317405115265748,1.2317241406709143,2.535778041422292,1.141953173638191,1.7169446556796282,0.6542090414648031,1.0,0.05,0.050000000000000044,0.050000000000000044,0.029310479876462212,0.017981428368321367,0.017985451005369243,0.15000000000000002,0.25,"{'I': 1, 'W': 0, 'R': 1, 'C': 'free'}",False,True,True,0.3333333333333333,3
6916,5,0.13454738057794308,0.7457383474826742,0.5039286861816071,2.583492933060049,1.4150856889140913,1.629718283008073,0.8237673768118676,1.0,0.1,0.050000000000000044,0.050000000000000044,0.008576966889710604,0.0031723950001860965,0.00857735072692692,0.15000000000000002,0.25,"{'I': 1, 'W': 0, 'R': 1, 'C': 'free'}",False,True,True,1.0,3
6916,6,0.3639318121440828,1.0903884022747303,1.0555933537802367,2.585448376390127,1.13488095908387,2.2176859148522396,0.6365894559877332,1.0,0.25,0.050000000000000044,0.050000000000000044,0.09535715725797285,0.04741678295207405,0.07586030899240048,0.30000000000000004,0.30000000000000004,"{'I': 1, 'W': 0, 'R': 1, 'C': 'free'}",False,True,True,0.0,3
6916,7,0.34872150396604273,1.0268680501346412,1.6392702355950013,2.469603327852525,1.3326436394417382,1.8309919489840634,0.9998186243106499,0.9999999993603023,0.05,0.050000000000000044,0.050000000000000044,0.005219685362983105,0.00669125471518144,0.017985845955655416,0.050000000000000044,0.09999999999999998,"{'I': 0, 'W': 1, 'R': 0, 'C': 'costly'}",False,True,True,1.0,3
6948,1,0.01191268732130491,0.4998203843935823,0.06369176917885347,1.9833385801112708,1.0020287624004454,1.410281078322081,0.012086606470008143,0.9999916129947914,0.0,0.050000000000000044,0.010000000000000009,0.029310324979333616,0.03732280209209624,0.029311189364840368,0.050000000000000044,0.050000000000000044,"{'I': 1, 'W': 0, 'R': 1, 'C': 'free'}",False,True,True,1.0,3
6948,2,0.014042771834809195,0.7728128921601484,0.05825338140038654,2.217809822085255,1.0020846333321771,1.6999256110747571,0.014471510857229308,0.9999999853653337,0.0,0.050000000000000044,0.0,0.00857733420273006,0.008577215678200955,0.029312451228672938,0.050000000000000044,0.050000000000000044,"{'I': 1, 'W': 0, 'R': 1, 'C': 'free'}",False,True,True,1.0,3
6948,3,0.1931953949556814,0.7171634107347176,1.1777811785597248,2.427559919777079,1.1564794412869346,1.4961078336479088,0.9023227706228448,0.9999999999987338,0.0,0.050000000000000044,0.010000000000000009,0.0031723537165065222,0.0031720895175394526,0.008576018343695521,0.050000000000000044,0.010000000000000009,"{'I': 0, 'W': 1, 'R': 0, 'C': 'costly'}",False,True,True,1.0,3
6951,1,0.09934979538848408,0.46488288083380896,0.4800130624001791,1.6871172513795805,1.0416165335213676,1.3359221049927736,0.1844310635172366,0.9999978129995152,0.0,0.050000000000000044,0.030000000000000027,0.006692573689810502,0.014062552809692378,0.06008268391139468,0.050000000000000044,0.050000000000000044,"{'I': 1, 'W': 0, 'R': 1, 'C': 'free'}",False,True,True,1.0,3
6951,2,0.034928564827370646,0.5689442564012276,0.11055022909883071,1.8138198695372394,1.0064034556779413,1.4983465827861613,0.03757413961875,0.9999999962794215,0.05,0.050000000000000044,0.050000000000000044,0.017984959477553925,0.02930946721934603,0.029310746781221513,0.050000000000000044,0.050000000000000044,"{'I': 1, 'W': 0, 'R': 1, 'C': 'free'}",False,True,True,0.6666666666666666,3
6951,3,0.1309774187727422,0.5664732536971279,0.6375371237901889,2.055720817395191,1.071082546593829,1.3656672361425037,0.33768842513729413,0.9999928072632215,0.1,0.050000000000000044,0.050000000000000044,0.0758541786121366,0.06008316054047081,0.320878975640063,0.050000000000000044,0.25,"{'I': 1, 'W': 0, 'R': 1, 'C': 'free'}",False,True,True,0.0,3
6951,4,0.0533116988203044,0.8848780495778067,0.22559954960070827,2.3270506377643367,1.009363630334363,1.9572445093120412,0.054385577099717586,1.0,0.15,0.050000000000000044,0.050000000000000044,0.18247867252123118,0.14804181051591705,0.18249800411101652,0.19999999999999996,0.25,"{'I': 1, 'W': 0, 'R': 1, 'C': 'free'}",True,False,True,0.0,3
6951,5,0.12596211574737476,0.7741261856788524,0.2942922043008335,2.471955802850315,1.028865703840694,1.6364815714443905,0.1569606318598904,0.9999999999999982,0.1,0.050000000000000044,0.050000000000000044,0.43788290188285595,0.3208176507286519,0.320893407739661,0.09999999999999998,0.25,"{'I': 1, 'W': 0, 'R': 1, 'C': 'free'}",True,False,True,0.0,3
6951,6,0.642131000289633,0.7546632100319823,1.9941014129112264,2.205602748002257,1.3545044146785228,1.678405559236928,0.9348407350660178,0.9999999996416316,0.25,0.050000000000000044,0.050000000000000044,0.26895354710259695,0.26890664747204995,0.5001098967018408,0.09999999999999998,0.25,"{'I': 1, 'W': 0, 'R': 1, 'C': 'free'}",False,False,True,0.0,3
6951,7,0.03334333560445349,0.84281812539436,0.14657639091767136,2.4969111285523544,1.0061540695958207,1.825694351818332,0.05372011842476132,1.0,0.1,0.050000000000000044,0.050000000000000044,0.02297753601265032,0.029310151814673054,0.18246429761160185,0.09999999999999998,0.25,"{'I': 1, 'W': 0, 'R': 1, 'C': 'free'}",False,True,True,1.0,3
6952,1,0.050543228259380485,0.8088270383164227,0.2526439880098053,2.0530482517353237,1.0122441312468664,1.6380906116152492,0.07041652461784154,0.9999999999990067,0.0,0.050000000000000044,0.0,0.029311316701020676,0.07584818090903987,0.3775266328906867,0.050000000000000044,0.25,"{'I': 1, 'W': 0, 'R': 1, 'C': 'free'}",False,True,True,1.0,3
6952,2,0.8699163608165872,0.9290406741997133,2.0679128710185846,2.6010393414129784,1.9798335503932978,1.8275585083030463,0.9833954189411144,1.0,0.0,0.0,0.0,0.09534593794477977,0.14802682854077184,0.4378317133395091,0.25,0.25,"{'I': 1, 'W': 0, 'R': 1, 'C': 'free'}",True,False,True,0.0,3
6952,3,0.6703474469747084,0.8011757218201304,1.648245461517287,2.247020871472823,1.5113365928191418,1.5321601751295113,0.9444771671856969,0.9999999999356911,0.1,0.050000000000000044,0.0,0.8519579808246541,0.4999659156082978,0.26893116935005157,1.0,1.0,"{'I': 1, 'W': 0, 'R': 1, 'C': 'free'}",False,True,True,0.0,3
6952,4,0.37878720702191565,1.0114132608811488,1.2429877186376164,2.6515493845763913,1.3820584032845673,1.940932540950051,0.9606689047123176,1.0,0.3,0.050000000000000044,1.0,0.32080356250023845,0.1191915154114264,0.3208162946618768,1.0,0.9,"{'I': 1, 'W': 0, 'R': 1, 'C': 'free'}",False,True,True,1.0,3
6952,5,0.4384978909350498,0.844245250563543,1.0779599190024503,2.6418284867475355,1.270488958307788,1.7672423590474593,0.9087377755722434,1.0,0.1,0.050000000000000044,0.0,0.6224703262135933,0.37750032499689323,0.3775470406157418,1.0,1.0,"{'I': 1, 'W': 0, 'R': 1, 'C': 'free'}",False,True,True,0.6666666666666666,3
6952,6,0.04801829864812932,0.7313115004682,0.37653739829595456,2.4900486332145673,1.0152354996569664,1.5984439022256054,0.1272319439545352,1.0,0.0,0.050000000000000044,0.0,0.022976179107361428,0.029299949226414827,0.09535785664223921,0.30000000000000004,0.09999999999999998,"{'I': 1, 'W': 0, 'R': 1, 'C': 'free'}",False,True,True,0.0,3
6952,7,0.6788819488568155,0.8436857284233242,2.1855528963940976,2.5358954204324538,1.5901635724358893,1.7720124039558267,0.8436014225884766,1.0,1.0,1.0,0.050000000000000044,0.2689062001516496,0.22265566167481196,0.09534751441738738,1.0,1.0,"{'I': 0, 'W': 1, 'R': 0, 'C': 'costly'}",False,True,True,0.0,3
6982,1,0.003273322742234883,0.7255223640581475,0.01850959676419449,2.5171638104811076,1.0003930378451318,1.7446797785903034,0.003530399068876977,0.9999999999999946,0.0,0.050000000000000044,0.0,0.006692616180068019,0.022973388805706197,0.008576985281754183,0.050000000000000044,0.25,"{'I': 1, 'W': 0, 'R': 1, 'C': 'free'}",False,True,True,1.0,3
6982,2,0.12177633433974841,0.6504901932395211,0.7092091456108984,2.461872488731802,1.0888473481752656,1.5000308515078493,0.5351669275384859,0.9999999998624726,0.05,0.050000000000000044,0.0,0.02931195934196191,0.07584521573607926,0.1480460589426784,0.050000000000000044,0.25,"{'I': 1, 'W': 0, 'R': 1, 'C': 'free'}",False,True,True,0.3333333333333333,3
6982,3,0.021118239888725947,0.7137720745824193,0.0872042915980314,2.033990796082333,1.003255524711533,1.607575459889385,0.028828430492770063,0.9999999999508604,0.05,0.050000000000000044,0.0,0.04742398938737784,0.04742015100791159,0.04742546451463204,0.050000000000000044,0.25,"{'I': 1, 'W': 0, 'R': 1, 'C': 'free'}",True,False,True,0.0,3
6982,4,0.029782357109740545,0.7609598904334032,0.20322552959855486,2.6291029347994845,1.0047504364464692,1.7043855477952052,0.04175586816185339,0.9999999998896981,0.0,0.050000000000000044,0.050000000000000044,0.02931194119614952,0.022974682329752718,0.03732675643054411,0.050000000000000044,0.25,"{'I': 1, 'W': 0, 'R': 1, 'C': 'free'}",False,True,True,1.0,3
6982,5,0.68668091824826,1.1731891831177848,1.9092167879192266,2.6138942278785677,1.7810381652401215,2.14012436734472,0.9994488775997177,0.9999999999999997,0.25,0.050000000000000044,0.050000000000000044,0.14805556378367013,0.14799871971913273,0.04742682226813612,0.25,0.25,"{'I': 1, 'W': 0, 'R': 1, 'C': 'free'}",False,True,True,0.0,3
6982,6,0.4094421883495434,0.5705013842578063,1.1159149008558076,2.4651693230178777,1.2944944863840027,1.445790215524621,0.9651102919723278,1.0,0.25,0.09999999999999998,0.0,0.2689539205947055,0.3207367617567103,0.060086140549848586,0.25,0.25,"{'I': 1, 'W': 0, 'R': 1, 'C': 'free'}",False,False,True,0.0,3
6982,7,0.31594687597365695,1.0597735759824725,0.9868120635230186,2.4875149167994417,1.134294316600982,2.031963163326642,0.8056586696352889,1.0,0.1,0.050000000000000044,0.050000000000000044,0.26895355303164675,0.07584818445152108,0.02297763752665637,0.050000000000000044,0.25,"{'I': 1, 'W': 0, 'R': 1, 'C': 'free'}",True,False,True,0.0,3
6986,1,0.41294408475252337,0.9746093816290549,1.5170406981959805,2.4677056500811854,1.2669159215388488,1.831227162675458,0.6936195640030043,1.0,0.0,0.050000000000000044,0.050000000000000044,0.3775220256039855,0.5620554567468724,0.49998994971703953,0.5,0.75,"{'I': 1, 'W': 0, 'R': 1, 'C': 'free'}",False,True,True,1.0,3
6986,2,0.3759895051009945,0.9597656299057106,1.0485198168748304,2.6447184084421633,1.164619647324194,1.8886988132884455,0.7045206735441603,1.0,0.0,0.0,0.0,0.2689509211403383,0.1480151787263355,0.3208158874289298,0.5,1.0,"{'I': 1, 'W': 0, 'R': 1, 'C': 'free'}",False,True,True,0.0,3
6986,3,0.12767124582486866,0.9344067815119014,0.38692032046792363,2.4714597481697247,1.031577034086259,1.9402583571890353,0.22019380556738322,1.0,0.1,0.050000000000000044,0.0,0.1191984024194351,0.1191968887670895,0.11920208483298156,0.30000000000000004,0.9,"{'I': 1, 'W': 0, 'R': 1, 'C': 'free'}",False,True,True,1.0,3
6986,4,0.01775996936096519,0.7623070569676272,0.061030825360930636,2.548538717108027,1.0028123339048058,1.6961252816931942,0.024958729570004334,1.0,0.0,0.050000000000000044,0.050000000000000044,0.0031726664347027284,0.005219113846319997,0.0031722885038251514,0.050000000000000044,0.050000000000000044,"{'I': 1, 'W': 0, 'R': 1, 'C': 'free'}",False,True,True,0.0,3
6986,5,0.22936475556136096,0.9533286269450963,1.667738577045113,2.583762293254633,1.228661357463117,1.8962659234999213,0.9996004451395851,1.0,0.0,0.050000000000000044,0.010000000000000009,0.029309874426892746,0.02931091898754691,0.01798587698378453,0.09999999999999998,0.09999999999999998,"{'I': 0, 'W': 1, 'R': 0, 'C': 'costly'}",False,True,True,0.3333333333333333,3
6996,1,0.07317179058839618,1.0221711119625627,0.38432993969194745,2.7962397154791088,1.0144658689947903,2.392820482736,0.09564713356056598,1.0,0.0,0.050000000000000044,0.050000000000000044,0.06008424305262381,0.22260609517687552,0.2689238568468042,0.4,0.25,"{'I': 1, 'W': 0, 'R': 1, 'C': 'free'}",False,True,True,1.0,3
6996,2,0.03423922311209546,0.5860061827069905,0.13493056945580978,2.0168180176607864,1.0070431404936182,1.5993684985608994,0.04123638015789732,0.9999999999902999,0.05,0.050000000000000044,0.0,0.008577091892470695,0.017984425387950295,0.037325850286215496,0.050000000000000044,0.050000000000000044,"{'I': 1, 'W': 0, 'R': 1, 'C': 'free'}",False,True,True,1.0,3
6996,3,0.17195521243457712,0.6328665503435121,1.1217560615658413,2.41130141263397,1.1622659833882685,1.408397797560707,0.7416251398954384,0.9999994330616501,0.05,0.050000000000000044,0.010000000000000009,0.07585515041850922,0.014061261779000236,0.008576997939938644,0.050000000000000044,0.050000000000000044,"{'I': 1, 'W': 0, 'R': 1, 'C': 'free'}",False,True,True,0.0,3
6996,4,0.02349300295078217,0.6113915946281153,0.08099317297828608,1.9064534734128968,1.003452866851811,1.4859624423336382,0.030546021308678006,0.9999998042532674,0.0,0.050000000000000044,0.010000000000000009,0.060079950317714584,0.02296932982862942,0.014062915173509832,0.050000000000000044,0.050000000000000044,"{'I': 1, 'W': 0, 'R': 1, 'C': 'free'}",True,False,True,0.0,3
6996,5,0.043648813147899056,0.6837133384970391,0.16615545626238298,2.2772686236314708,1.0070768579048026,1.5925541748668752,0.061495295488259716,0.9999999999805461,0.0,0.010000000000000009,0.010000000000000009,0.06006236569798943,0.037296947554879833,0.014062427704680957,0.09999999999999998,0.050000000000000044,"{'I': 1, 'W': 0, 'R': 1, 'C': 'free'}",True,False,True,0.0,3
6996,6,0.11224259527156533,1.0018248613501581,0.722307271505185,2.7475335175727653,1.0864925207415337,1.9182235582483558,0.5260207487289783,1.0,0.0,0.050000000000000044,0.010000000000000009,0.9046550466721355,0.43770512010219115,0.14806846396129827,1.0,1.0,"{'I': 1, 'W': 0, 'R': 1, 'C': 'free'}",True,False,True,0.0,3
6996,7,0.03943209725156084,0.9225844569296262,0.11664138282402345,2.50903593254656,1.0060674498333417,1.9441702819166964,0.052986615960171846,0.9999999999999861,0.0,1.0,0.050000000000000044,0.37748682335840056,0.14796704436538882,0.047421720156109064,0.09999999999999998,0.09999999999999998,"{'I': 1, 'W': 0, 'R': 1, 'C': 'free'}",True,False,True,0.0,3
7026,1,0.09183208108483455,0.4793272078342419,0.46301860450395216,1.8516167693380081,1.0221825552930806,1.3002727981260305,0.12334399852260092,0.9999903953176661,0.0,0.050000000000000044,0.010000000000000009,0.0140634620985397,0.09534366622431664,0.06008316730786912,0.25,0.25,"{'I': 1, 'W': 0, 'R': 1, 'C': 'free'}",False,True,True,1.0,3
7026,2,0.12838821480351179,0.5333603027750456,0.6318846806945859,1.840034737510088,1.0591581549937208,1.3168207966607521,0.29167085205945953,0.9999999981182904,0.0,0.050000000000000044,0.030000000000000027,0.26893380331489175,0.07585319346564418,0.11920221921932427,0.050000000000000044,0.25,"{'I': 1, 'W': 0, 'R': 1, 'C': 'free'}",False,True,True,1.0,3
7026,3,0.14106191837754015,0.7550748365553568,0.671002832027028,2.5159944633145077,1.192043368434839,1.6843706583645688,0.7076146503842747,1.0,0.3,0.050000000000000044,0.010000000000000009,0.5621631583533996,0.18241605010530143,0.047424525729155675,0.30000000000000004,0.25,"{'I': 1, 'W': 0, 'R': 1, 'C': 'free'}",False,True,True,1.0,3
7026,4,0.13403557353132173,0.4819842855929662,1.036575153601627,2.204171497571299,1.1055935035862579,1.3887013014097072,0.8184998987907235,0.9999999997992762,0.01,0.050000000000000044,0.010000000000000009,0.022977246008085928,0.008577135530180078,0.014063629766746183,0.050000000000000044,0.050000000000000044,"{'I': 0, 'W': 1, 'R': 0, 'C': 'costly'}",False,True,True,1.0,3
7039,1,0.006154640271115947,0.4321415809873955,0.0256293681812478,1.5004328462444212,1.0007242461395642,1.4339260701870644,0.005775131443806147,0.9999999999039965,0.0,0.050000000000000044,0.050000000000000044,0.1192008143575349,0.14801397031830382,0.22270045947012243,0.25,0.25,"{'I': 1, 'W': 0, 'R': 1, 'C': 'free'}",False,True,True,1.0,3
7039,2,0.004050810945664835,0.4732490091015499,0.01842618773512816,2.0264146317001686,1.00052639441342,1.3777680371205272,0.0036770145798101783,0.9999999999999997,0.0,0.050000000000000044,0.050000000000000044,0.01098665664877632,0.029309904929813106,0.03732704438374507,0.050000000000000044,0.19999999999999996,"{'I': 1, 'W': 0, 'R': 1, 'C': 'free'}",False,True,True,1.0,3
7039,3,0.543180615160397,0.7840173870401255,1.5083568614072118,2.6418112980312047,1.25843681711681,1.7275156519427206,0.8410177368274537,1.0,0.25,0.050000000000000044,0.050000000000000044,0.3776006571428831,0.43781539345139003,0.022978041484595178,0.25,0.25,"{'I': 1, 'W': 0, 'R': 1, 'C': 'free'}",False,True,True,0.0,3
7039,4,0.1711101930296474,0.709091599297146,1.310905465359297,2.5687084291371525,1.1049983169497823,1.7397431078986239,0.8642413004208345,0.9999999999999888,0.01,0.050000000000000044,0.010000000000000009,0.0031725255510111116,0.0019264822703561504,0.0040695496648115795,0.050000000000000044,0.050000000000000044,"{'I': 0, 'W': 1, 'R': 0, 'C': 'costly'}",False,True,True,1.0,3
7042,1,0.010260021384376232,0.3980871965137656,0.06632172752987646,1.704923332982653,1.0015957086336462,1.218958823986077,0.011099004372492671,0.9999498179703529,0.2,0.050000000000000044,0.050000000000000044,0.622474366995442,0.18240239116198936,0.11919587470166283,0.25,0.25,,False,True,False,0.0,3
7042,2,0.25548140968974253,0.6227622479260683,0.7500224582155873,1.6516867804198634,1.4313965718230113,1.4835207812221298,0.883737364509049,0.9999999999950498,0.0,0.0,0.0,0.022976823160011026,0.0474183176307487,0.09535012740959471,0.050000000000000044,0.09999999999999998,"{'I': 1, 'W': 0, 'R': 1, 'C': 'free'}",False,True,True,1.0,3
7042,3,0.2288318329560948,0.9293876636661317,1.2090183958600882,2.305652484829631,1.110644692282225,2.1894360460582445,0.5680844537522831,1.0,0.0,0.050000000000000044,0.0,0.01406303945327048,0.04741937621958896,0.06009383103807941,0.050000000000000044,0.4,"{'I': 1, 'W': 0, 'R': 1, 'C': 'free'}",False,True,True,1.0,3
7042,4,0.07486107918563478,0.8151132802214696,0.47119805190163605,2.3150487347821547,1.0187500172388897,1.9687944151518832,0.13809585910145916,1.0,0.0,0.050000000000000044,0.050000000000000044,0.03732491826099198,0.02930719013432134,0.1480900679259654,0.050000000000000044,0.4,"{'I': 1, 'W': 0, 'R': 1, 'C': 'free'}",True,False,True,0.0,3
7042,5,0.4538809499292025,0.6541926484113606,0.8541558391518844,2.699538821987285,1.3829700542069356,1.6779370162349494,0.8966499798293331,1.0,0.1,0.050000000000000044,0.050000000000000044,0.11921528517511688,0.14804002686574683,0.2690852705744911,0.09999999999999998,0.75,"{'I': 1, 'W': 0, 'R': 1, 'C': 'free'}",False,True,True,0.0,3
7042,6,0.24950817376185191,0.6520039789461841,1.5715808806094653,2.3118756058075056,1.180975907828278,1.4928142427940136,0.9575946865258096,0.9999999999999976,0.0,0.050000000000000044,0.050000000000000044,0.09529749563413903,0.03732089516106871,0.029315200096860953,0.19999999999999996,0.09999999999999998,"{'I': 0, 'W': 1, 'R': 0, 'C': 'costly'}",False,True,True,0.0,3
7050,1,0.39090734176979175,0.5785920318493805,1.93998913398373,1.2324879846427697,1.2176967723734575,1.5103057782955043,0.9059128873194018,0.9997377579564084,0.3,0.050000000000000044,0.030000000000000027,0.37753147895895983,0.18237140184369557,0.32080463632605694,0.25,0.050000000000000044,"{'I': 1, 'W': 0, 'R': 1, 'C': 'free'}",False,True,True,1.0,3
7050,2,0.09642084093336568,0.78030510559405,0.32710138774633196,2.3101982438645097,1.025015351956731,1.6417583876565252,0.17935176453641,1.0,0.1,0.050000000000000044,0.09999999999999998,0.06008383212647715,0.03731904392344883,0.03732470895134539,0.30000000000000004,0.4,"{'I': 1, 'W': 0, 'R': 1, 'C': 'free'}",False,True,True,1.0,3
7050,3,0.531588997954011,0.7768194999258855,1.4907909215094128,2.1365497293636455,1.1931340825439574,1.636200354234368,0.6533713230390752,1.0,0.05,0.050000000000000044,0.050000000000000044,0.03732271167037237,0.014062058583092955,0.029311401008954473,0.050000000000000044,0.15000000000000002,"{'I': 1, 'W': 0, 'R': 1, 'C': 'free'}",False,True,True,0.6666666666666666,3
7050,4,0.45791403074869086,0.8493010966400537,1.5096172323321886,2.4339432343308327,1.2917099670120844,1.864902443106967,0.7847169012323925,1.0,0.0,0.050000000000000044,0.050000000000000044,0.029307879996433688,0.010983229785793804,0.010986015133274664,0.050000000000000044,0.050000000000000044,"{'I': 1, 'W': 0, 'R': 1, 'C': 'free'}",False,True,True,0.0,3
7050,5,0.20895167072755294,0.7651997758901489,0.6231380097880467,2.3365919361952345,1.0706030547636325,1.7077417727411162,0.3359066511398512,0.9999999999999035,0.0,0.050000000000000044,0.010000000000000009,0.07584676792624831,0.014060491184408943,0.014062254716331019,0.09999999999999998,0.050000000000000044,"{'I': 1, 'W': 0, 'R': 1, 'C': 'free'}",False,True,True,0.0,3
7050,6,0.3418046816851866,0.6649829871889427,0.9079562129937975,2.31025655742769,1.2336086431121729,1.4900073653308472,0.7162501904277123,0.9999999951364199,0.0,0.050000000000000044,0.010000000000000009,0.00406960403280668,0.00406918502024022,0.008575200555347705,0.050000000000000044,0.050000000000000044,"{'I': 0, 'W': 1, 'R': 0, 'C': 'costly'}",False,True,True,1.0,3
7067,1,0.25234206472471765,0.5083148425276942,0.8227311853691089,1.825825759947705,1.1406983431219924,1.4517344060905042,0.5460843718291516,0.9999999999977913,0.0,0.050000000000000044,0.050000000000000044,0.09534431830483114,0.222657269825365,0.3207866259309143,0.25,0.5,"{'I': 1, 'W': 0, 'R': 1, 'C': 'free'}",False,True,True,1.0,3
7067,2,0.32491361455646417,0.8017912207042468,1.031340497191336,2.5993988921506053,1.1223104702227533,1.6546188342958281,0.6027207487883546,0.999999999855924,0.3,1.0,0.0,0.9399166347973358,0.7310212544330276,0.6224733948154016,0.6,0.5,"{'I': 1, 'W': 0, 'R': 1, 'C': 'free'}",False,True,True,0.3333333333333333,3
7067,3,0.2891256751339628,0.8878695554611531,1.5155244386222624,2.198617550639056,1.1279232340447083,1.929605994230436,0.6182635258491016,0.9999999999999972,0.0,1.0,0.0,0.9046343433206624,0.49995933568896506,0.6792041813184402,0.9,0.7,"{'I': 0, 'W': 1, 'R': 0, 'C': 'costly'}",False,True,True,0.0,3
7081,1,0.37560248100608007,0.7147636107819189,0.9422027286804799,1.92299255174248,1.2820752259781156,1.5306229162060085,0.8243672738782104,0.9999761056775841,0.0,0.050000000000000044,0.050000000000000044,0.010986605804215344,0.06007733036302036,0.07585280419285335,0.050000000000000044,0.050000000000000044,"{'I': 1, 'W': 0, 'R': 1, 'C': 'free'}",False,True,True,1.0,3
7081,2,0.054241648724182204,0.8217414604782839,0.28107338063273546,2.309128970879634,1.0129424944990706,1.7713445052344936,0.16475683908574934,1.0,0.05,0.0,0.0,0.008576959111769743,0.0066920669275613905,0.008577111159989229,0.050000000000000044,0.050000000000000044,"{'I': 1, 'W': 0, 'R': 1, 'C': 'free'}",False,True,True,1.0,3
7081,3,0.19154723706765364,0.6431790239908619,0.4591885191745511,2.106729671927753,1.0518782132110152,1.5726409145799491,0.22344414211610764,0.9999999999621005,0.0,0.050000000000000044,0.010000000000000009,0.008576218600411271,0.006691759052367459,0.006691980254916657,0.050000000000000044,0.050000000000000044,"{'I': 0, 'W': 1, 'R': 0, 'C': 'costly'}",False,True,True,1.0,3
7082,1,0.009244579119278392,0.4718118773299661,0.062493450533297044,2.3705509441763737,1.001632015804965,1.3457789779270073,0.011349896967947859,0.9999999554859798,0.0,0.050000000000000044,0.050000000000000044,0.03732594694222891,0.0758534975179932,0.09534698397606332,0.25,0.25,"{'I': 1, 'W': 0, 'R': 1, 'C': 'free'}",False,True,True,1.0,3
7082,2,0.11088107988047381,0.8779981483998903,0.6035100854620591,2.726058137525239,1.055564042992816,1.6951882523794113,0.27707628330923584,0.9999999999987959,0.0,0.050000000000000044,0.0,0.010986644284106898,0.01406315636047831,0.029311495416324447,0.050000000000000044,0.4,"{'I': 1, 'W': 0, 'R': 1, 'C': 'free'}",False,True,True,1.0,3
7082,3,0.4286079657235062,0.6379943090007403,1.9963118386415568,2.4469791183815612,1.290471208969811,1.5216662806816947,0.7834739855598729,0.9999999999995998,0.0,0.050000000000000044,0.0,0.037325983951887055,0.060081123055578306,0.06009215856948199,0.30000000000000004,0.4,"{'I': 1, 'W': 0, 'R': 1, 'C': 'free'}",True,False,True,0.0,3
7082,4,0.530181534950045,0.6040754134991462,2.1773724005909125,2.4933011165166583,1.2890833389760477,1.4052057198210364,0.9387777831112584,0.9999999999544795,0.2,0.050000000000000044,0.050000000000000044,0.22275214633207957,0.14805285948316882,0.037327652780016624,0.30000000000000004,0.30000000000000004,"{'I': 1, 'W': 0, 'R': 1, 'C': 'free'}",False,True,True,1.0,3
7082,5,0.03318230181226864,0.8068151173813828,0.13693572442931337,2.4223097806922333,1.0055890240154637,1.8491075514220023,0.05946658049012421,1.0,0.2,0.050000000000000044,0.050000000000000044,0.07585738079280975,0.09534567814873772,0.1480702704281132,0.30000000000000004,0.7,"{'I': 1, 'W': 0, 'R': 1, 'C': 'free'}",True,False,True,0.0,3
7082,6,0.07554574630725351,0.7143385514835924,0.6427012519631934,2.5713598157173614,1.0386527692964809,1.6623964084119016,0.34109047921459346,1.0,0.1,0.050000000000000044,0.0,0.008577645087495913,0.010986731410472825,0.02931317332888112,0.4,1.0,"{'I': 1, 'W': 0, 'R': 1, 'C': 'free'}",True,False,True,0.0,3
7082,7,0.08664197833967183,0.791768817164557,0.30489579023871793,2.4857506918762193,1.0181991912056798,1.6973170628736223,0.17995105348427853,1.0,0.2,0.050000000000000044,0.050000000000000044,0.022978232175325065,0.010986692321757646,0.037327095852776146,0.4,0.25,"{'I': 1, 'W': 0, 'R': 1, 'C': 'free'}",True,False,True,0.0,3
7085,1,0.15783131338080414,0.6428405170203522,0.537810511503244,2.1212872662290008,1.0630972957463616,1.433631099673129,0.30727331213847187,0.999997665181572,0.0,0.050000000000000044,0.050000000000000044,0.22268784467033373,0.2226815959416153,0.04742323307502774,0.050000000000000044,0.25,"{'I': 1, 'W': 0, 'R': 1, 'C': 'free'}",False,True,True,1.0,3
7085,2,0.017960189232047303,0.9466149502034166,0.07115671078092087,2.538790580394169,1.0024477324198404,1.9209737670234437,0.0145613920025498,1.0,0.0,0.0,0.030000000000000027,0.07585506489276064,0.11919342652188028,0.07585694647483296,0.050000000000000044,0.5,"{'I': 1, 'W': 0, 'R': 1, 'C': 'free'}",True,False,True,0.0,3
7085,3,0.0877485258595857,0.6019999994379752,0.48054743476151385,2.6316940693729247,1.0352036969771572,1.5164635055393036,0.18745931822905582,0.9999999999999999,0.0,0.050000000000000044,0.010000000000000009,0.43780401872101193,0.268923895897254,0.22270198022961618,0.050000000000000044,0.25,"{'I': 1, 'W': 0, 'R': 1, 'C': 'free'}",True,False,True,0.0,3
7085,4,0.06418237271420553,0.6627872797017897,0.4164641082249821,2.4149768078406897,1.0201133589467897,1.632184352176946,0.13011677580302983,0.99999999997701,0.0,0.050000000000000044,0.050000000000000044,0.075854764526965,0.14804168539075424,0.437818660894263,0.050000000000000044,1.0,"{'I': 1, 'W': 0, 'R': 1, 'C': 'free'}",False,True,True,1.0,3
7085,5,0.26088261765970105,0.6860280695972254,0.9555025610502708,2.4234960202342752,1.4416080735914647,1.6569107900248268,0.9227195648337128,1.0,0.0,0.050000000000000044,0.010000000000000009,0.09534007814815688,0.047422313171007556,0.029311437208995168,0.050000000000000044,0.25,"{'I': 1, 'W': 0, 'R': 1, 'C': 'free'}",True,False,True,0.0,3
7085,6,0.6122724495489118,0.9787800193024256,1.4721290530888298,2.3934106862905753,1.4074427918230046,1.9341627421038035,0.9085918873625336,1.0,0.0,0.050000000000000044,0.030000000000000027,0.1192026973030193,0.14803488299979056,0.14804629006779937,0.09999999999999998,0.8,"{'I': 1, 'W': 0, 'R': 1, 'C': 'free'}",False,True,True,0.3333333333333333,3
7085,7,0.7237309158497078,0.8443419459286491,1.9169712830911292,2.6162711443736835,1.5754681580629843,1.7688341232724756,0.9346053499868284,1.0,0.3,0.050000000000000044,0.050000000000000044,0.9046477301729334,0.437808272202874,0.37754126420395817,0.09999999999999998,0.25,"{'I': 1, 'W': 0, 'R': 1, 'C': 'free'}",False,True,True,0.0,3
7094,1,0.1675929855657936,0.7561696423281078,0.8323552321367413,2.0542414685793333,1.0741874258383606,1.7620037413793614,0.4358956024194103,0.9999999999999084,0.0,0.050000000000000044,0.050000000000000044,0.06008577250246755,0.04741897917293332,0.1824150260335909,0.25,0.25,"{'I': 1, 'W': 0, 'R': 1, 'C': 'free'}",False,True,True,1.0,3
7094,2,0.17092451406591003,0.9149869313773705,0.6023640566337641,2.453104665949451,1.0634868246743983,1.9025857658629908,0.38885665216047693,1.0,0.3,0.09999999999999998,0.0,0.14804039153764065,0.22267954702738388,0.5000039087222297,0.30000000000000004,0.7,"{'I': 1, 'W': 0, 'R': 1, 'C': 'free'}",False,True,True,0.0,3
7094,3,0.35969045704467545,0.9478796975267132,0.9979852334464778,2.6126230798834547,1.4351663603134652,1.8535394068282545,0.944437467689592,1.0,0.0,0.050000000000000044,0.0,0.14804540559284898,0.14803921958773938,0.679191544140603,0.30000000000000004,0.9,"{'I': 1, 'W': 0, 'R': 1, 'C': 'free'}",True,False,True,0.0,3
7094,4,0.03267507805156132,0.6843112176123909,0.20020132228117565,2.3328130060669916,1.0064445039207779,1.3656513761928175,0.0500924502221467,0.9999988907057921,0.0,0.050000000000000044,0.050000000000000044,0.014063416261906077,0.017985742507053256,0.18242352010971086,0.050000000000000044,1.0,"{'I': 1, 'W': 0, 'R': 1, 'C': 'free'}",False,True,True,0.0,3
7094,5,0.11899326834818082,0.8558065289628829,0.77465287293815,2.3988735393399248,1.0800995813278658,1.6832567739605986,0.5715518963750372,0.9999999999999236,0.1,0.050000000000000044,0.050000000000000044,0.010987228483286985,0.0052198309259089675,0.02297671068857826,0.09999999999999998,0.4,"{'I': 1, 'W': 0, 'R': 1, 'C': 'free'}",False,True,True,0.6666666666666666,3
7094,6,0.18172133124101783,0.8924866529046127,0.7286571986975932,2.3930064825086115,1.2518746389328421,1.8325061828909215,0.9155050516448113,1.0,0.25,0.09999999999999998,0.0,0.008577568983779968,0.006692608475179964,0.09535088715166451,0.30000000000000004,0.5,"{'I': 1, 'W': 0, 'R': 1, 'C': 'free'}",False,True,True,1.0,3
7094,7,0.028479734091476253,0.8702533461014244,0.1556578988651751,2.6507062381173454,1.005021633266151,1.788372876123022,0.05360924606765727,1.0,0.0,0.050000000000000044,0.050000000000000044,0.014063395024602734,0.00521988618275969,0.06009474643017018,0.4,0.7,"{'I': 1, 'W': 0, 'R': 1, 'C': 'free'}",False,True,True,0.0,3
7096,1,0.0018975335733306695,0.5673629272950579,0.004369426423383835,1.8975267452741909,1.0001955262974223,1.3540981414040782,0.0011723553617615234,0.9999817780484166,0.0,0.050000000000000044,0.050000000000000044,0.029311064723929293,0.047422486725431895,0.06008308992841937,0.050000000000000044,0.050000000000000044,"{'I': 1, 'W': 0, 'R': 1, 'C': 'free'}",False,True,True,1.0,3
7096,2,0.13712779074894246,0.4256622818609769,0.514559248137206,1.4751345468633337,1.0435660081598497,1.3265213533190996,0.2580741061022852,0.999983626390339,0.1,0.0,0.0,0.0052200848588531855,0.004069778325203563,0.01798617683434807,0.050000000000000044,0.050000000000000044,"{'I': 1, 'W': 0, 'R': 1, 'C': 'free'}",False,True,True,1.0,3
7096,3,0.3481420054154571,0.41644384206156065,1.1674059770408982,1.587754227968411,1.1343248670679156,1.223699622649423,0.6351617394520255,0.994746430027264,0.0,0.050000000000000044,0.010000000000000009,0.010986758762247714,0.014062538106877472,0.014063643778611227,0.050000000000000044,0.050000000000000044,"{'I': 1, 'W': 0, 'R': 1, 'C': 'free'}",False,True,True,0.0,3
7096,4,0.06395333861169492,0.6093411007096251,0.20571476249911394,2.6415384278906124,1.0125224815470382,1.4762872916212861,0.09476236531970883,0.9999999999520734,0.0,0.050000000000000044,0.050000000000000044,0.022977559119095135,0.03731788243642147,0.03732823768761449,0.050000000000000044,0.050000000000000044,"{'I': 1, 'W': 0, 'R': 1, 'C': 'free'}",True,False,True,0.0,3
7096,5,0.12039420866534582,0.3713404056419494,0.5299962348580651,1.737264793930012,1.0305271656175128,1.200313921018404,0.21381556245902367,0.9927716489014,0.1,0.050000000000000044,0.010000000000000009,0.07585578034737818,0.06007735133896345,0.060091725240372415,0.09999999999999998,0.050000000000000044,"{'I': 1, 'W': 0, 'R': 1, 'C': 'free'}",True,False,True,0.0,3
7096,6,0.06767330897059409,0.4609181584636962,0.2826154843866105,1.5321398364924954,1.0132644852213033,1.2496918388748075,0.10005196643499181,0.9980523188669947,0.0,0.09999999999999998,0.050000000000000044,0.07585480094311198,0.07584849022921186,0.11921887705733464,0.19999999999999996,0.09999999999999998,"{'I': 1, 'W': 0, 'R': 1, 'C': 'free'}",True,False,True,0.0,3
7096,7,0.07225534416283462,0.4915541995813952,0.31799139024777284,1.5348426929256538,1.0142649164214055,1.3827795858197387,0.10712888690291855,0.9997810106187296,0.0,0.050000000000000044,0.050000000000000044,0.0373242771150508,0.06007831006402831,0.09536040332539338,0.19999999999999996,0.09999999999999998,"{'I': 1, 'W': 0, 'R': 1, 'C': 'free'}",True,False,True,0.0,3
7100,1,0.004757466491994058,0.8451269860123645,0.010052551342588787,2.168448054059392,1.0005401760118482,1.8759798650220019,0.0032349372943830668,0.9999999999997299,0.15,0.050000000000000044,0.050000000000000044,0.18241242707417768,0.09533652759248873,0.0953392916520731,0.25,0.25,"{'I': 1, 'W': 0, 'R': 1, 'C': 'free'}",False,True,True,1.0,3
7100,2,0.01520786771441139,0.6764721045362647,0.0903574953309148,1.7554524492792611,1.0030450985068864,1.5565677530373108,0.01807743636915593,0.9999999964956561,0.0,0.050000000000000044,0.0,0.008577410669003015,0.008577042634783805,0.06008526912846305,0.050000000000000044,0.050000000000000044,"{'I': 1, 'W': 0, 'R': 1, 'C': 'free'}",False,True,True,1.0,3
7100,3,0.21211158289359028,0.7480323116655183,0.4319140324157435,2.300991981352074,1.0525095032028495,1.7109280721017734,0.1851158008914503,1.0,0.0,0.050000000000000044,0.010000000000000009,0.06008314687310079,0.022975164324927716,0.014062522521796463,0.050000000000000044,0.050000000000000044,"{'I': 1, 'W': 0, 'R': 1, 'C': 'free'}",False,True,True,0.3333333333333333,3
7100,4,0.4605780348200992,0.9578227673638121,0.8557422894130167,2.359541092612735,1.1521517145606792,1.8884300691477511,0.43250594251804675,1.0,0.0,0.050000000000000044,0.010000000000000009,0.04742607441668514,0.017984739475691517,0.014063295868733592,0.050000000000000044,0.050000000000000044,"{'I': 1, 'W': 0, 'R': 1, 'C': 'free'}",False,True,True,0.0,3
7100,5,0.11319095280215374,0.7620430761155285,0.5343156025071459,2.3865943248670063,1.028714356157045,1.6937958897996326,0.3079020041862547,0.9999999999999992,0.0,0.050000000000000044,0.010000000000000009,0.005219384984661243,0.003172043754592023,0.005219459227715429,0.050000000000000044,0.050000000000000044,"{'I': 0, 'W': 1, 'R': 0, 'C': 'costly'}",False,True,True,1.0,3
7111,1,0.23758462064094843,0.789687583208278,0.9032913196636801,2.4121031524243652,1.192664662276127,1.6093593680963423,0.7557395308568888,0.9999999999999998,0.0,0.050000000000000044,0.010000000000000009,0.029311130373145363,0.037323624840018915,0.0758518088644651,0.050000000000000044,0.25,"{'I': 1, 'W': 0, 'R': 1, 'C': 'free'}",False,True,True,1.0,3
7111,2,0.23333675611684818,0.7447854381284978,1.3347503037697594,2.3295829261391727,1.1113680962530854,1.6192644373019507,0.8505288617202025,0.9999999997648298,0.0,0.0,0.0,0.006692648589338828,0.0031722304063401827,0.0066920516571514765,0.050000000000000044,0.010000000000000009,"{'I': 0, 'W': 1, 'R': 0, 'C': 'costly'}",False,True,True,1.0,3
7136,1,0.05726624363834884,0.5253700125470089,0.32047123134223765,2.019999150382312,1.0174184780222082,1.4255676419464254,0.09842414020897827,0.9999941868194344,0.0,0.050000000000000044,0.030000000000000027,0.6225130526393595,0.07585502270471262,0.014062975257760147,0.09999999999999998,0.050000000000000044,"{'I': 0, 'W': 1, 'R': 0, 'C': 'costly'}",False,True,True,0.0,3
7149,1,0.6303907628861322,0.5114733922396066,2.757435068343329,2.0648738824607316,1.5714324905268886,1.2837414733726125,0.9930697805168223,0.999999758527262,0.25,0.050000000000000044,0.050000000000000044,0.029311534009373433,0.02930745137816445,0.0474228999590264,0.25,0.25,"{'I': 1, 'W': 0, 'R': 1, 'C': 'free'}",False,True,True,1.0,3
7149,2,0.01657394134217414,0.5111478026454993,0.08217882754818723,2.387795332989027,1.00265167166398,1.3811665918013425,0.02096246542956859,0.9999999999696928,0.0,0.050000000000000044,0.0,0.003172607032610676,0.006692591818373979,0.029311298661616244,0.050000000000000044,0.050000000000000044,"{'I': 1, 'W': 0, 'R': 1, 'C': 'free'}",False,True,True,1.0,3
7149,3,0.4254576968425414,0.7822155558946574,1.2377443822964416,2.5410569911516347,1.3621547358618176,1.7521584271503279,0.8434542318360365,1.0,0.05,0.050000000000000044,0.050000000000000044,0.0140635903609625,0.01098662130077162,0.004069872881858511,0.050000000000000044,0.050000000000000044,"{'I': 1, 'W': 0, 'R': 1, 'C': 'free'}",False,True,True,0.6666666666666666,3
7149,4,0.2771014236690152,0.5917103144209515,1.2514286183172,2.640974888863736,1.1372834816422637,1.3985760349766718,0.9012896171953609,0.9999999930564847,0.01,0.050000000000000044,0.010000000000000009,0.004069952423936757,0.0031723800553653775,0.004069748395752046,0.050000000000000044,0.050000000000000044,"{'I': 0, 'W': 1, 'R': 0, 'C': 'costly'}",False,True,True,0.6666666666666666,3
716,1,0.43005213384594504,0.5253945482918548,1.7502157904948623,2.1815129539475717,1.6880287764426907,1.4175197742227033,0.9910136902007152,0.9999995677084866,0.3,0.050000000000000044,0.050000000000000044,0.952575303211453,0.7310243002830922,0.7772892015217676,0.5,0.5,"{'I': 1, 'W': 0, 'R': 1, 'C': 'free'}",False,True,True,1.0,2
716,2,0.27534905557514877,0.8907949504097236,0.9349462026907894,2.2794341848894666,1.319703169007961,1.5921095848372808,0.8913099162401863,0.9999999999922109,0.3,0.15000000000000002,0.30000000000000004,0.04742468721915456,0.03732357917658865,0.3208210233904742,0.30000000000000004,0.75,"{'I': 1, 'W': 0, 'R': 1, 'C': 'free'}",False,True,True,1.0,2
716,3,0.03667762066588287,1.1737059816532647,0.14065847608094645,2.6239488529185,1.00679871707644,2.446240997191174,0.05276274144363835,1.0,0.25,0.050000000000000044,0.30000000000000004,0.017984797491061622,0.037321339303739404,0.18243191677965914,0.30000000000000004,0.8,"{'I': 1, 'W': 0, 'R': 1, 'C': 'free'}",False,True,True,1.0,2
716,4,0.16088512904279914,1.1607195765859561,1.0596225543032767,2.5028964068161277,1.2584538859706875,2.125856034736704,0.9873208195383565,1.0,0.5,0.050000000000000044,0.050000000000000044,0.9626696864551343,0.6791450235329077,0.437840691600232,1.0,0.75,"{'I': 1, 'W': 0, 'R': 1, 'C': 'free'}",False,True,True,0.5,2
716,5,0.7948245883048924,1.2433048194828837,2.229025058719752,2.382236481350692,1.7163000245162894,2.517127954241757,0.9999999998596911,1.0,0.5,0.050000000000000044,0.050000000000000044,0.2227083478487166,0.1824135842236557,0.32082740344411753,1.0,0.75,"{'I': 1, 'W': 0, 'R': 1, 'C': 'free'}",False,True,True,1.0,2
716,6,0.3794098683523256,1.0160320205742848,1.143838654797851,2.225352014420506,1.2493094245669805,1.8941219638403668,0.8920308113731884,0.9999999999993776,0.25,0.050000000000000044,0.19999999999999996,0.4378316256878197,0.1191941070010656,0.320834675847716,1.0,1.0,"{'I': 1, 'W': 0, 'R': 1, 'C': 'free'}",True,False,True,0.0,2
716,7,0.8435675829735965,1.131226345365042,2.550763495177664,2.377110426413309,1.9294456705417544,1.9908898309212903,1.0,0.9999999999999956,0.1,1.0,0.8,0.7772806521999747,0.4377738697950555,0.4999989955315168,0.8,1.0,"{'I': 1, 'W': 0, 'R': 1, 'C': 'free'}",False,True,True,0.0,2
7174,1,0.01451589266097248,0.6378412007974217,0.06132728404223369,2.473679552021458,1.0022886527889612,1.5787621835238288,0.020364132666881862,0.9999999998786152,0.0,0.050000000000000044,0.050000000000000044,0.047425234378010155,0.09534016558350938,0.679136600477515,0.25,0.5,"{'I': 1, 'W': 0, 'R': 1, 'C': 'free'}",False,True,True,1.0,3
7174,2,0.06913824513740605,0.8091277439901987,0.5851585255189354,2.050976902666373,1.0298129235895328,1.6989572462412685,0.23232930739547242,0.9999999999999993,0.05,0.050000000000000044,0.050000000000000044,0.03732602829517985,0.07585232464811104,0.5621641284180791,0.050000000000000044,0.4,"{'I': 1, 'W': 0, 'R': 1, 'C': 'free'}",True,False,True,0.0,3
7174,3,0.056810651122554595,0.8444154310662393,0.4408348379672639,2.730629085946774,1.013870562977067,1.7934066380423956,0.11660003891706872,1.0,0.1,0.050000000000000044,0.0,0.11919902090702603,0.06008204129295361,0.7772913138338391,0.5,0.9,"{'I': 1, 'W': 0, 'R': 1, 'C': 'free'}",True,False,True,0.0,3
7174,4,0.07990387101901246,0.950739390414725,0.6459339670890021,2.2885592405929405,1.0221721437351847,1.8771368121884393,0.17911252817007406,1.0,0.25,0.050000000000000044,0.050000000000000044,0.3775434128563358,0.03732577476636097,0.777291739677389,0.30000000000000004,0.75,"{'I': 1, 'W': 0, 'R': 1, 'C': 'free'}",True,False,True,0.0,3
7174,5,0.4406765254524108,0.8507697069771359,2.308944196375264,2.629312911822225,1.2858628644491656,1.6422088125905727,0.8959485557176721,0.9999999999994745,0.1,1.0,0.0,0.952573690679067,0.6791514579205734,0.6791727564377883,1.0,1.0,"{'I': 1, 'W': 0, 'R': 1, 'C': 'free'}",True,False,True,0.0,3
7174,6,0.04407061749113555,0.9257380194073455,0.30506676090253815,2.6823414946827793,1.008344422266645,1.992773191650054,0.07205999715359412,1.0,0.1,0.050000000000000044,1.0,0.09535120735042119,0.14804045239206332,0.9046500298888736,0.75,1.0,"{'I': 1, 'W': 0, 'R': 1, 'C': 'free'}",True,False,True,0.0,3
7174,7,0.2704430559134913,0.9758166899892743,1.4186872049811556,2.6096776377662714,1.123920835463645,1.8619638402129328,0.7538661572798585,0.9999999999999998,0.0,0.050000000000000044,0.050000000000000044,0.029311363163424,0.047419800703140606,0.3208130157655633,0.4,1.0,"{'I': 1, 'W': 0, 'R': 1, 'C': 'free'}",False,True,True,0.3333333333333333,3
7203,1,0.2771100234005791,0.6672179316532455,1.194694146982723,1.9153938935721246,1.139118695031622,1.4678593740720765,0.47861911782324296,0.9999999997850676,0.0,0.050000000000000044,0.050000000000000044,0.06008462025051656,0.09533616433780377,0.3775163810183372,0.25,0.25,"{'I': 1, 'W': 0, 'R': 1, 'C': 'free'}",False,True,True,1.0,3
7203,2,0.21097144863254555,0.7667897859819393,0.5221402975478905,2.7079728088485244,1.330686108857994,1.5573538034197236,0.864646142585805,0.999999999973776,0.3,0.30000000000000004,0.0,0.7310502054702371,0.7310521143957266,0.5000145881108267,0.8,1.0,"{'I': 1, 'W': 0, 'R': 1, 'C': 'free'}",False,True,True,0.0,3
7203,3,0.5670242000410961,0.6252934772536072,1.4819309250182595,2.2275489575731524,1.2524987694750842,1.5073463155583355,0.8681730424009297,0.999999999999495,0.0,0.050000000000000044,0.0,0.06008650220341436,0.060081265786046265,0.622468083557616,0.30000000000000004,0.9,"{'I': 1, 'W': 0, 'R': 1, 'C': 'free'}",False,True,True,1.0,3
7203,4,0.2145349070884037,0.9418364626328519,1.7681849577023796,2.611482488971994,1.0772497253071132,1.9932613031686297,0.6471659321352672,1.0,0.1,0.9,0.7,0.6224870310675561,0.3775318350575687,0.43784817701512113,1.0,0.9,"{'I': 1, 'W': 0, 'R': 1, 'C': 'free'}",False,True,True,0.3333333333333333,3
7203,5,0.4735150953750774,1.0611658908167365,1.553441231984498,2.642598132295646,1.3039078108682867,2.152479335741934,0.843947118738523,1.0,0.1,0.050000000000000044,0.77,0.6791768983835754,0.3775286886231024,0.26896540908309513,0.8,0.8,"{'I': 1, 'W': 0, 'R': 1, 'C': 'free'}",False,True,True,0.0,3
7203,6,0.3377946085198424,0.7533646841968384,0.9308628702957619,2.486152452767027,1.1982169742939173,1.6846260507509592,0.7646488857001081,1.0,0.05,0.050000000000000044,0.09999999999999998,0.017986003104956745,0.00857714059528584,0.017987897185048018,0.30000000000000004,0.25,"{'I': 1, 'W': 0, 'R': 1, 'C': 'free'}",False,True,True,0.0,3
7203,7,0.04528346441789063,0.9811223701097554,0.15456951391288032,2.769817365185494,1.008549254080281,1.9983849652134542,0.09711040166988683,1.0,0.5,0.050000000000000044,0.050000000000000044,0.22270049225191782,0.11919162096036957,0.320917339261451,0.7,0.7,"{'I': 1, 'W': 0, 'R': 1, 'C': 'free'}",False,True,True,1.0,3
7247,1,0.12508890998205965,1.020976588336446,0.43073623639005765,2.595727243923904,1.3746214865103659,1.8686133488252645,0.8921753383905214,0.9999999999862209,0.0,0.050000000000000044,0.050000000000000044,0.014063450843913172,0.037324055775893636,0.26892081944819124,0.050000000000000044,0.25,"{'I': 1, 'W': 0, 'R': 1, 'C': 'free'}",False,True,True,1.0,3
7247,2,0.3678818391842753,0.6605165848849429,0.8742999886024465,1.9946985640066988,1.2388779105483143,1.4608755565343323,0.7234147962624462,0.9999999995859562,0.15,0.050000000000000044,0.030000000000000027,0.010986387851268032,0.01798531406463757,0.029311641895458047,0.050000000000000044,0.25,"{'I': 1, 'W': 0, 'R': 1, 'C': 'free'}",False,True,True,1.0,3
7247,3,0.0030340784396064523,0.7220019489620841,0.005855258907683257,1.839720380656431,1.0003246132429338,1.4404470720266986,0.0019454685228168511,0.9999990513578773,0.05,0.050000000000000044,0.050000000000000044,0.0011694962740029246,0.0031726223428236115,0.0040701018003853895,0.050000000000000044,0.09999999999999998,"{'I': 1, 'W': 0, 'R': 1, 'C': 'free'}",True,False,True,0.0,3
7247,4,0.42187971737877966,0.883054006607982,1.440149279467715,2.665636890883116,1.2301283521174236,1.8268880258438152,0.7113992666341862,1.0,0.1,0.050000000000000044,0.050000000000000044,0.010985047588738242,0.022974331670176554,0.029311848486375115,0.050000000000000044,0.25,"{'I': 1, 'W': 0, 'R': 1, 'C': 'free'}",True,False,True,0.0,3
7247,5,0.7749567371159699,0.7455287452752686,1.6834584934497403,2.301367071813725,1.801091280163465,1.6826770557655117,0.9707055291138816,1.0,0.1,0.050000000000000044,0.050000000000000044,0.01406281714033356,0.03732262017421753,0.01798623056789661,0.09999999999999998,0.25,"{'I': 1, 'W': 0, 'R': 1, 'C': 'free'}",False,True,True,0.0,3
7247,6,0.43653365969356983,0.9227084765469835,1.0028149070115855,2.6261962578264466,1.1923681706175544,1.7855434286942051,0.7081717172431872,1.0,0.3,0.09999999999999998,0.09999999999999998,0.047424090354900195,0.017984598880417608,0.029312430882494585,0.25,0.25,"{'I': 1, 'W': 0, 'R': 1, 'C': 'free'}",False,True,True,1.0,3
7247,7,0.06596090295576648,0.8368281795654227,0.30420150978352933,2.4488105078650406,1.0154171628534352,1.7463194096920442,0.10156119370732897,1.0,0.1,0.050000000000000044,0.050000000000000044,0.09534923012552084,0.0229744256006254,0.06008849311804191,0.09999999999999998,0.25,"{'I': 1, 'W': 0, 'R': 1, 'C': 'free'}",False,True,True,0.0,3
7256,1,0.42706000421448914,0.568137192135239,1.3505654003385705,2.2919759598908533,1.2013537815410742,1.4461455423545617,0.8081500359631177,0.9999999997560618,0.1,0.050000000000000044,0.050000000000000044,0.679167771487743,0.26890189857684355,0.7310244698686981,0.25,0.25,"{'I': 1, 'W': 0, 'R': 1, 'C': 'free'}",False,True,True,1.0,3
7256,2,0.16970527269033234,0.6348583517344093,0.9420139124314586,2.1040610328062117,1.0601630147051375,1.4515450512648582,0.40892014592076487,0.9999999987430401,0.1,0.0,0.0,0.06008478956869817,0.09533946052348857,0.5000111870994045,0.4,1.0,"{'I': 1, 'W': 0, 'R': 1, 'C': 'free'}",True,False,True,0.0,3
7256,3,0.27789600133123904,0.8531612117285077,1.6356846155392823,2.3983075725312024,1.3273917269845226,1.8702254098199913,0.8962454508612799,1.0,0.0,0.050000000000000044,0.0,0.07585667977941501,0.07584816072572638,0.2689414485490524,0.30000000000000004,1.0,"{'I': 1, 'W': 0, 'R': 1, 'C': 'free'}",False,True,True,1.0,3
7256,4,0.0058137010039514886,1.0398020103101238,0.0359379751815581,2.282423677863126,1.0007130197995924,1.8398474514570031,0.005685899510819881,1.0,0.0,0.0,0.0,0.017986145538563144,0.01798475042611592,0.03732423884977855,0.19999999999999996,0.75,"{'I': 1, 'W': 0, 'R': 1, 'C': 'free'}",True,False,True,0.0,3
7256,5,0.15143423873803627,0.7960433865114139,0.7732708866536847,2.699974490961348,1.058109904594952,1.595442484527426,0.5465085698254923,0.9999999999998346,0.3,0.050000000000000044,0.050000000000000044,0.0293114405479909,0.014063220212070226,0.09534718004806703,0.09999999999999998,1.0,"{'I': 1, 'W': 0, 'R': 1, 'C': 'free'}",False,True,True,1.0,3
7256,6,0.501031515222429,0.6601703394530292,1.5783950648672658,2.2311681444901237,1.2488239903138172,1.475980959689466,0.864640449858292,0.9999999964847012,0.25,0.9,1.0,0.49999767164747727,0.11918892910633781,0.5000014943058844,0.7,1.0,"{'I': 1, 'W': 0, 'R': 1, 'C': 'free'}",True,True,True,0.0,3
7256,7,0.048080867929413726,0.9665960468186723,0.197533920536387,2.486683244427518,1.0086150117929598,2.012634763920906,0.06632317717554503,1.0,0.3,1.0,0.9,0.2227099661312085,0.03732529443584545,0.060086590430757064,0.7,0.9,"{'I': 1, 'W': 0, 'R': 1, 'C': 'free'}",True,True,True,0.0,3
7260,1,0.15144641469774614,0.5819407475357811,0.7277117743411341,2.2846985390622385,1.1023945237091057,1.3945942348025964,0.6227497567628919,0.9999999999924575,0.0,0.050000000000000044,0.050000000000000044,0.04742478725716869,0.047420960595171924,0.11919412842760477,0.25,0.5,"{'I': 1, 'W': 0, 'R': 1, 'C': 'free'}",False,True,True,1.0,3
7260,2,0.04475870763536115,0.7023197779027713,0.13963263693626016,2.1115019362695113,1.0075789374419635,1.556843525512389,0.07272362239069108,0.9999999999987955,0.05,0.050000000000000044,0.050000000000000044,0.3208191211838327,0.14804076199293822,0.7310597368051032,0.5,0.5,"{'I': 1, 'W': 0, 'R': 1, 'C': 'free'}",True,False,True,0.0,3
7260,3,0.40502783255836766,0.5020924670173254,1.4028550121684826,2.2099345338490295,1.1994055809221347,1.3352044556250826,0.8871745131329224,0.9999904920019759,0.1,0.050000000000000044,0.050000000000000044,0.43783236939927567,0.2689115165786461,0.5621925793589009,0.050000000000000044,0.25,"{'I': 1, 'W': 0, 'R': 1, 'C': 'free'}",False,True,True,0.0,3
7260,4,0.029326621257972238,0.9495935801582592,0.12875890508404028,2.3964477294356237,1.004985797052048,1.7814098949249708,0.057934910346238655,1.0,0.1,0.050000000000000044,0.050000000000000044,0.09534504211974376,0.06008115640775741,0.37756695797605533,0.050000000000000044,0.25,"{'I': 1, 'W': 0, 'R': 1, 'C': 'free'}",True,False,True,0.0,3
7260,5,0.021712650671694898,0.8116797933418892,0.10255638200701037,2.5302236621183827,1.003656172054604,1.9266093881325606,0.042848941442628186,1.0,0.05,0.050000000000000044,0.050000000000000044,0.03732787866798438,0.03731083006697425,0.029311665776449114,0.09999999999999998,0.25,"{'I': 1, 'W': 0, 'R': 1, 'C': 'free'}",True,False,True,0.0,3
7260,6,0.10088006832835196,0.7289686065829607,0.5918952275959792,2.199767546825126,1.0365717081720416,1.6855837396461975,0.3501579865860316,0.9999999999999989,0.05,0.050000000000000044,0.050000000000000044,0.09535121303952081,0.11917160831433153,0.11920333205310017,0.4,1.0,"{'I': 1, 'W': 0, 'R': 1, 'C': 'free'}",True,False,True,0.0,3
7260,7,0.09531512042328823,0.8770574406118824,0.6962386234211043,2.403397083611639,1.0469282246627614,1.8746149896082147,0.4232373878192708,1.0,0.0,0.050000000000000044,0.050000000000000044,0.3208338662792513,0.22263429487355837,0.32083507657056193,0.4,1.0,"{'I': 1, 'W': 0, 'R': 1, 'C': 'free'}",True,False,True,0.0,3
7271,1,0.67016395523317,0.5920709814211401,1.7725879176898895,2.220868291472252,1.7677278111235446,1.4792600998066743,0.9940671762235367,0.999999993115666,0.25,0.050000000000000044,0.050000000000000044,0.11919753449925274,0.06007372642123472,0.3207615563990936,0.25,0.25,"{'I': 1, 'W': 0, 'R': 1, 'C': 'free'}",False,True,True,1.0,3
7271,2,0.191236758279085,0.652716604950618,0.7032880573198359,2.303358210307586,1.1536607532647227,1.5314540234004983,0.5758384581400551,1.0,0.2,0.09999999999999998,0.09999999999999998,0.037325923940456016,0.03732515451241308,0.037325370031516834,0.30000000000000004,0.4,"{'I': 1, 'W': 0, 'R': 1, 'C': 'free'}",False,True,True,0.6666666666666666,3
7271,3,0.439417298972207,0.7131410766012246,0.9981861456145084,2.702505978303949,1.3755837333980108,1.7552352481392635,0.8524029046870021,1.0,0.1,0.050000000000000044,0.09999999999999998,0.017985762858367414,0.02296482888031883,0.010986843744885184,0.25,0.25,"{'I': 1, 'W': 0, 'R': 1, 'C': 'free'}",False,True,True,0.0,3
7271,4,1.0057449082748502,0.7421322715517423,2.164812995788592,2.5100776318315656,2.3735925226965895,1.6491187996135692,0.9944080534856307,0.9999999999999999,0.3,0.050000000000000044,0.050000000000000044,0.2689711843715417,0.18237367218611886,0.00857701881386906,0.30000000000000004,0.25,"{'I': 1, 'W': 0, 'R': 1, 'C': 'free'}",False,True,True,0.3333333333333333,3
7271,5,0.28654390939165514,0.530823571057454,0.7522172111189552,2.5834184460896044,1.1505445127917497,1.3877526537047988,0.7861731100285858,0.9999999999997004,0.05,0.050000000000000044,0.050000000000000044,0.004069961828101549,0.00669187384926705,0.0040700092870131835,0.09999999999999998,0.15000000000000002,"{'I': 0, 'W': 1, 'R': 0, 'C': 'costly'}",False,True,True,0.0,3
7275,1,0.0021000625662041797,0.5520714180506163,0.010169708419698647,2.3028899071935975,1.0002483665121704,1.3983645545305026,0.0014889045260915168,0.9999997200492186,0.0,0.050000000000000044,0.030000000000000027,0.02297680624442225,0.07585106810822907,0.09534535082671952,0.050000000000000044,0.050000000000000044,"{'I': 1, 'W': 0, 'R': 1, 'C': 'free'}",False,True,True,1.0,3
7275,2,0.024182705017690726,0.8486563820320182,0.10294538734004617,2.1828035991358385,1.0041886566241736,1.7600437225257999,0.024767574953734273,0.9999999998489705,0.0,0.050000000000000044,0.0,0.008576360582425568,0.010985963468944437,0.00857729396882251,0.050000000000000044,0.050000000000000044,"{'I': 1, 'W': 0, 'R': 1, 'C': 'free'}",True,False,True,0.0,3
7275,3,0.10852083690549108,0.8025549104070309,0.5413231393554051,2.286130917563859,1.0519660187939428,1.7283998889379446,0.22376817614767686,0.9999999999999716,0.0,0.050000000000000044,0.010000000000000009,0.03732362230495419,0.0179846265069804,0.006692640029006261,0.050000000000000044,0.050000000000000044,"{'I': 1, 'W': 0, 'R': 1, 'C': 'free'}",False,True,True,1.0,3
7275,4,0.32017736061057267,0.7725795051993999,0.8675582685063555,2.234530897624054,1.2148048475050754,1.6585941953422403,0.688856378310438,0.9999999999998915,0.0,0.050000000000000044,0.010000000000000009,0.07585423726405899,0.01798388190213295,0.00521990149118804,0.050000000000000044,0.050000000000000044,"{'I': 0, 'W': 1, 'R': 0, 'C': 'costly'}",False,True,True,1.0,3
7278,1,0.11756008354498027,0.6631818889152665,0.7026706595680076,1.7256256139547301,1.1480874520504356,1.5588426212766666,0.5633331957774728,0.9999998213839446,0.5,0.050000000000000044,0.030000000000000027,0.939915964860428,0.2688744909341568,0.04742395129300967,0.050000000000000044,0.050000000000000044,"{'I': 0, 'W': 1, 'R': 0, 'C': 'costly'}",False,True,True,0.0,3
7318,1,0.012194021975971149,0.611051453330047,0.0493760289052632,1.6866153741695045,1.0015744074199933,1.506050905737264,0.012506490335048137,0.9999997370138421,0.0,0.050000000000000044,0.050000000000000044,0.022977087783289024,0.06008209993905989,0.22269020571638518,0.25,0.25,"{'I': 1, 'W': 0, 'R': 1, 'C': 'free'}",False,True,True,1.0,3
7318,2,0.46233840405934334,0.6532259001784051,1.4499661620656368,2.4556473894224222,1.195247555023832,1.6939562137396356,0.8319566386230596,0.9999999998563829,0.25,0.050000000000000044,0.0,0.3775524653852407,0.18241794686788526,0.6791791799419392,0.4,0.4,"{'I': 1, 'W': 0, 'R': 1, 'C': 'free'}",False,True,True,1.0,3
7318,3,0.10797170462675774,0.8839265802417231,0.6876877995213613,2.516203227591538,1.0819379638103286,1.7433055224940885,0.7163634190010415,1.0,0.3,0.050000000000000044,0.09999999999999998,0.18242159937222338,0.04742311122288531,0.3775726720895443,0.30000000000000004,0.7,"{'I': 1, 'W': 0, 'R': 1, 'C': 'free'}",False,True,True,0.3333333333333333,3
7318,4,0.3629580485947632,0.9890658966361444,1.1075326151206342,2.2879473496357,1.1611963522981084,1.9776573796371177,0.7756410643798244,1.0,0.3,0.050000000000000044,0.050000000000000044,0.6224724188811044,0.49996156593410185,0.6792208871130814,1.0,0.75,"{'I': 1, 'W': 0, 'R': 1, 'C': 'free'}",True,True,True,0.0,3
7318,5,0.3825963641663037,1.0598415025897692,1.227784380094623,2.7218825073394086,1.2561675020017034,2.1110156153743382,0.9895516207930051,1.0,0.1,0.050000000000000044,0.050000000000000044,0.8808322736299614,0.2689835518897149,0.0758655643238955,1.0,0.75,"{'I': 0, 'W': 1, 'R': 0, 'C': 'costly'}",False,True,True,0.0,3
734,1,0.43587709414816056,0.932453248936702,1.6683819875926835,2.626226171614279,1.1961832989094892,1.7279806169472938,0.8332665813365707,0.9999999998944721,0.3,0.050000000000000044,0.050000000000000044,0.8519603073266174,0.43778373244555907,0.8175483913529628,0.5,0.5,"{'I': 1, 'W': 0, 'R': 1, 'C': 'free'}",False,True,True,1.0,3
734,2,0.2912079331522798,1.072624138206603,1.0637409875613786,2.653378139672168,1.0878818207414918,2.0315163815066075,0.5692921319000304,0.9999999999999996,0.3,0.050000000000000044,0.30000000000000004,0.32080096673219627,0.22268068429646853,0.6224632202845644,0.5,0.7,"{'I': 1, 'W': 0, 'R': 1, 'C': 'free'}",True,False,True,0.0,3
734,3,0.41231858867710697,0.9843521423297085,1.3228790207017787,2.770778550699946,1.3344861408168092,2.1140159142968953,0.9005768640200931,1.0,0.3,0.9,0.8,0.5621781832857875,0.5621330297754724,0.7310847517352829,0.7,0.8,"{'I': 1, 'W': 0, 'R': 1, 'C': 'free'}",False,True,True,1.0,3
734,4,0.3631359760307382,1.1759167388119856,1.0301349453023114,2.357047575077304,1.1332838275884503,2.3500887438210745,0.7138372587377523,1.0,0.5,0.75,0.8,0.6791793046876137,0.3775093928155978,0.8808188891042404,0.7,0.95,"{'I': 1, 'W': 0, 'R': 1, 'C': 'free'}",False,True,True,0.0,3
734,5,0.3405188377971098,1.0674390177656217,1.5387150931118936,2.026426708998611,1.149261273266051,1.7871760489802953,0.7512218264699577,0.9999999999974863,0.5,0.050000000000000044,0.050000000000000044,0.32081025777104916,0.11919910456553971,0.5621842528816782,0.7,0.75,"{'I': 1, 'W': 0, 'R': 1, 'C': 'free'}",False,True,True,0.0,3
734,6,0.24396264094253928,0.9760523850348427,1.1481099354151731,2.1301945918299636,1.3570573160058579,1.9755136445129418,0.7827253562454193,1.0,0.3,0.09999999999999998,0.19999999999999996,0.02931119786899454,0.07585221615354865,0.09535165739397708,0.7,0.8,"{'I': 1, 'W': 0, 'R': 1, 'C': 'free'}",False,True,True,0.0,3
734,7,0.41062032707746826,1.0478022784766594,1.8283918508224322,2.5587196364399745,1.1977611976368068,2.041046485601708,0.8354501074038815,1.0,0.5,1.0,0.8,0.5621939706089464,0.32080141125416967,0.7773382909271884,0.8,0.9,"{'I': 1, 'W': 0, 'R': 1, 'C': 'free'}",True,True,True,0.0,3
7353,1,0.02840428594042234,0.523443689642409,0.15641926917365157,1.8464094310040766,1.0045317782739143,1.4035673619971714,0.03552592429440604,0.9999245830961396,0.25,0.050000000000000044,0.050000000000000044,0.11920043936668528,0.1480379699619503,0.5621676017549366,0.25,0.5,"{'I': 1, 'W': 0, 'R': 1, 'C': 'free'}",False,True,True,1.0,3
7353,2,0.24388427840542187,0.7018339358816316,0.9385447274632267,2.5523879359606694,1.099146015517544,1.5840308120773332,0.5729276144110959,1.0,0.1,0.050000000000000044,0.050000000000000044,0.4999540869887313,0.5621059683818421,0.4378393512331069,0.30000000000000004,0.7,"{'I': 1, 'W': 0, 'R': 1, 'C': 'free'}",False,True,True,1.0,3
7353,3,0.08111562506236686,0.7073586977594734,0.6836939096039342,1.9628002123232426,1.0336909387421869,1.538702617583042,0.25786379973176154,0.999999999998381,0.0,0.050000000000000044,0.050000000000000044,0.029311278402091783,0.014061748013961336,0.0179854711266986,0.050000000000000044,0.09999999999999998,"{'I': 1, 'W': 0, 'R': 1, 'C': 'free'}",True,False,True,0.0,3
7353,4,0.19064183126150233,0.6774862539109333,1.0210708060377331,2.4568139609978275,1.1851801794189358,1.5488903699419696,0.9761908636035895,0.9999999999646114,0.05,0.050000000000000044,0.050000000000000044,0.017985211217595793,0.008576320969317548,0.022975494936176413,0.050000000000000044,0.050000000000000044,"{'I': 0, 'W': 1, 'R': 0, 'C': 'costly'}",False,True,True,1.0,3
738,1,0.10836867175289253,0.6317876334337976,0.3930541165758926,1.9871282101125394,1.0312705056282687,1.4337025087872626,0.19389461870835234,0.9999992091443215,0.1,0.050000000000000044,0.050000000000000044,0.014063489262929128,0.06008211123688095,0.06008305546598682,0.25,0.25,"{'I': 1, 'W': 0, 'R': 1, 'C': 'free'}",False,True,True,1.0,3
738,2,0.013015357767743029,0.9291647897019866,0.09171844800171315,2.420267869790532,1.0023580759449386,1.7913837320204322,0.020974608297404163,1.0,0.2,0.09999999999999998,0.0,0.017985669168331702,0.017983082400980645,0.029311516830046815,0.25,0.4,"{'I': 1, 'W': 0, 'R': 1, 'C': 'free'}",False,True,True,0.0,3
738,3,0.5609546776238278,0.7386185149861266,1.1488520700957199,2.5517995840946024,1.3789052631516614,1.7004194003944935,0.7994014203311374,1.0,0.1,0.050000000000000044,0.09999999999999998,0.500053155550249,0.14803761411239666,0.09535544444238392,0.30000000000000004,0.25,"{'I': 0, 'W': 1, 'R': 0, 'C': 'costly'}",False,True,True,0.0,3
7390,1,0.05082681195789285,0.4962582739090812,0.23746521892771782,1.8123416328288602,1.0129243793882798,1.4003098692394935,0.10914548786165224,0.9999999872973037,0.0,0.050000000000000044,0.050000000000000044,0.07585725516731845,0.07585213521845964,0.060083375476834185,0.050000000000000044,0.5,"{'I': 1, 'W': 0, 'R': 1, 'C': 'free'}",False,True,True,1.0,3
7390,2,0.17110641066965718,0.9566330840860806,0.47653047597196174,2.5793676389301736,1.049083121560839,2.0413904131467455,0.35030293994456585,1.0,0.0,0.050000000000000044,0.8,0.2689218921561069,0.2689151352865911,0.22269213224271175,0.4,1.0,"{'I': 1, 'W': 0, 'R': 1, 'C': 'free'}",True,False,True,0.0,3
7390,3,0.22980013825443252,1.0461016869710016,0.533500779584628,2.811962308374346,1.062368054732858,2.2804617041112363,0.3452507966173034,1.0,0.2,0.050000000000000044,0.0,0.18243160295805402,0.37752964916938897,0.2689757398566542,0.30000000000000004,0.7,"{'I': 1, 'W': 0, 'R': 1, 'C': 'free'}",False,True,True,0.0,3
7390,4,0.24931362977735994,0.9872918094150008,0.9317120508467375,2.4134429592365296,1.077926609403569,2.03681450432963,0.4086077220405878,1.0,0.25,0.050000000000000044,0.7,0.09534859011356794,0.6224330691379202,0.4378563369905359,0.30000000000000004,0.9,"{'I': 1, 'W': 0, 'R': 1, 'C': 'free'}",False,True,True,0.3333333333333333,3
7390,5,0.26210467460898224,0.8329432060287082,1.0506222581187876,2.541408759445562,1.1094783041527043,1.6671247977336139,0.5167539622395223,1.0,0.0,0.050000000000000044,0.050000000000000044,0.002472642879152676,0.0066926024790880155,0.010986748795436724,0.09999999999999998,0.09999999999999998,"{'I': 1, 'W': 0, 'R': 1, 'C': 'free'}",True,False,True,0.0,3
7390,6,0.5170354030024291,0.8127631636628607,0.974730527529656,2.5298327438541,1.6993570581122772,1.7012167377766676,0.9584766712235102,0.9999999999999757,0.1,0.050000000000000044,0.0,0.029312634501539533,0.01406253436498884,0.04743020635127544,0.09999999999999998,0.09999999999999998,"{'I': 0, 'W': 1, 'R': 0, 'C': 'costly'}",False,True,True,0.0,3
753,1,0.007222752213284218,0.7335921349898009,0.03051892995760976,2.26368782716598,1.0010015191392514,1.6162097874334016,0.006982633010933825,0.9999999999392409,0.0,0.050000000000000044,0.050000000000000044,0.1480404773943734,0.3207938956934864,0.060082204594278446,0.25,0.25,"{'I': 1, 'W': 0, 'R': 1, 'C': 'free'}",False,True,True,1.0,3
753,2,0.4153666619995473,0.607980217679565,1.2726829096207541,2.321908092491477,1.228139286344331,1.4106331692724012,0.7627169960137601,0.9999998110417397,0.25,0.050000000000000044,0.0,0.017985896641116793,0.022976911383937173,0.26894424295367064,0.25,0.4,"{'I': 1, 'W': 0, 'R': 1, 'C': 'free'}",False,True,True,1.0,3
753,3,0.14535355847258438,0.6927576544583363,0.532287041800191,2.2399551384816396,1.0504686219510062,1.5002953375787678,0.29153498395826916,0.9999999999092337,0.25,0.050000000000000044,0.09999999999999998,0.006692812314171542,0.0066927040028806175,0.11920254129359772,0.19999999999999996,0.25,"{'I': 1, 'W': 0, 'R': 1, 'C': 'free'}",True,False,True,0.0,3
753,4,0.1307248246046142,0.6129525772703288,0.42272381501810136,2.2089389942573114,1.0364900386443592,1.5003307813468776,0.22188449043290004,0.9999999601759724,0.25,0.050000000000000044,0.050000000000000044,0.04742671534242034,0.0474233618752205,0.26895151564159236,0.19999999999999996,0.4,"{'I': 1, 'W': 0, 'R': 1, 'C': 'free'}",False,True,True,0.0,3
753,5,0.10744072468802594,0.5135199218049299,0.4207879417953769,1.6301128451957432,1.0309045035355084,1.3149754874737478,0.1918891421852662,0.9999866839304445,0.25,0.050000000000000044,0.010000000000000009,0.07585780998394259,0.07585554334858378,0.37755597105052974,0.5,0.75,"{'I': 1, 'W': 0, 'R': 1, 'C': 'free'}",False,True,True,0.0,3
753,6,0.08970627224115049,0.4458706591139798,0.3167625020082303,1.5716245939175715,1.0218571402105607,1.3360282236277579,0.14045481335657872,0.9999961101953322,0.0,0.050000000000000044,0.0,0.017985288744330412,0.02297682371252581,0.3208399959678812,0.4,0.5,"{'I': 1, 'W': 0, 'R': 1, 'C': 'free'}",True,True,True,0.0,3
753,7,0.07186912637331085,0.7272098695856052,0.25733986332680603,2.2196938441980003,1.0152749713206575,1.605568900171722,0.10068002498349049,0.9999999999988155,0.25,0.050000000000000044,0.050000000000000044,0.010986103283954276,0.008577160985674244,0.0758596062253364,0.4,0.25,"{'I': 1, 'W': 0, 'R': 1, 'C': 'free'}",True,True,True,0.0,3
797,1,0.0049267988387581355,0.7148489487217143,0.015761488874267777,2.0975914029523706,1.0005717765799749,1.6523007710526496,0.003423804436873512,0.9999999993077586,0.0,0.050000000000000044,0.030000000000000027,0.005220022624028692,0.006692383895547824,0.02931055048870078,0.050000000000000044,0.050000000000000044,"{'I': 1, 'W': 0, 'R': 1, 'C': 'free'}",False,True,True,1.0,3
797,2,0.2815632374570403,0.6986932659925802,1.5123130133536498,2.4147907684810397,1.4157523719508194,1.5193751962398017,0.875812978096862,0.9999999999917123,0.1,1.0,0.0,0.377528437385058,0.2688741865930739,0.3775340468754857,0.9,1.0,"{'I': 1, 'W': 0, 'R': 1, 'C': 'free'}",True,False,True,0.0,3
797,3,0.07792375149105385,0.6261461206219889,0.5784685107769743,2.1283328054826085,1.0337854192388973,1.6200656587261304,0.2334212429979864,1.0,0.0,0.050000000000000044,0.010000000000000009,0.37753963473571384,0.32079496183716427,0.18242458981677076,0.30000000000000004,0.9,"{'I': 1, 'W': 0, 'R': 1, 'C': 'free'}",False,True,True,1.0,3
797,4,0.1954844819622138,0.9748596185525901,0.696075259612547,2.4967287636704465,1.093448108678395,1.872507531589344,0.7381652200504278,1.0,0.3,0.9,0.8,0.9046681562562805,0.8175798447027697,0.7310695702151524,0.7,0.8,"{'I': 1, 'W': 0, 'R': 1, 'C': 'free'}",False,True,True,0.0,3
797,5,0.09428046637747829,0.9232141523448079,0.48621773645848826,2.3681098403369027,1.027598406485476,1.8215006127725617,0.2173110529507153,1.0,0.1,0.050000000000000044,0.050000000000000044,0.07585396218680565,0.060082880035252424,0.07586180118601266,0.30000000000000004,0.7,"{'I': 1, 'W': 0, 'R': 1, 'C': 'free'}",False,True,True,0.0,3
797,6,0.15570114771303237,1.0280870421994073,0.4962360730799811,2.4774677631260897,1.0442921628054258,2.1194194155843897,0.4307359522091475,1.0,0.1,0.050000000000000044,0.0,0.2689543586278265,0.26891299773160815,0.26896059161934044,0.7,0.7,"{'I': 1, 'W': 0, 'R': 1, 'C': 'free'}",False,True,True,0.0,3
797,7,0.05628571863588389,1.0603311348986038,0.42416407855020055,2.423844418553043,1.0206926530946705,2.056581461948921,0.15113214104103523,1.0,0.1,1.0,0.050000000000000044,0.5000064569088051,0.32080233208792824,0.2689440526397326,0.8,1.0,"{'I': 1, 'W': 0, 'R': 1, 'C': 'free'}",True,True,True,0.0,3
802,1,0.15711588021621367,0.5873895360750516,0.7069789382527114,2.344604255170175,1.077805923007216,1.4681741903584102,0.45086961800732905,0.9999999995424325,0.05,0.050000000000000044,0.050000000000000044,0.06008295111205864,0.04741343205010431,0.26893100880333365,0.25,0.050000000000000044,"{'I': 1, 'W': 0, 'R': 1, 'C': 'free'}",False,True,True,1.0,3
802,2,0.039347753741042685,0.7346086094494425,0.13775741256703472,2.1730122619873513,1.0078632682546396,1.5188324865644205,0.06073733551517424,0.9999999999999146,0.05,0.050000000000000044,0.0,0.0040697872030938075,0.014061557307147827,0.008576915761962758,0.050000000000000044,0.050000000000000044,"{'I': 1, 'W': 0, 'R': 1, 'C': 'free'}",True,False,True,0.0,3
802,3,0.381839559937559,0.7254183051965707,1.3902435366784536,2.143728852700082,1.1584466586291484,1.6382360085370655,0.586244525974526,0.9999999999990117,0.05,0.050000000000000044,0.050000000000000044,0.5622213156287469,0.5621672887045422,0.2689676990575003,0.25,0.25,"{'I': 1, 'W': 0, 'R': 1, 'C': 'free'}",False,True,True,1.0,3
802,4,0.18715631016606163,0.7934569082551889,1.4315328571442751,2.3554526502765034,1.2070265135807645,1.695502569123999,0.9998556855118405,1.0,0.05,0.0,0.0,0.017985018216677643,0.01798311263696418,0.03732021878413198,0.050000000000000044,0.050000000000000044,"{'I': 0, 'W': 1, 'R': 0, 'C': 'costly'}",False,True,True,1.0,3
807,1,0.014922116903315973,0.5608395484587692,0.09733435446091679,1.92887695393251,1.002810255232576,1.4196046938279878,0.01945250694877021,0.9999991809641074,0.0,0.050000000000000044,0.030000000000000027,0.006692779656168745,0.010986382464363209,0.008577057927772243,0.050000000000000044,0.050000000000000044,"{'I': 1, 'W': 0, 'R': 1, 'C': 'free'}",False,True,True,1.0,3
807,2,0.09967791831583303,0.9781465820032519,0.7555544125700672,2.4100066668114652,1.0605320427864455,1.913096708455454,0.6095015776249295,0.99999999999997,0.0,0.0,0.0,0.00669261656143221,0.0024724359735863624,0.01406217693485955,0.010000000000000009,0.010000000000000009,"{'I': 0, 'W': 1, 'R': 0, 'C': 'costly'}",False,True,True,1.0,3
816,1,0.4571963758534818,0.7659011690366809,1.214829377351223,2.434497889869811,1.2621889754694284,1.8081577911435114,0.8040571943551802,1.0,0.25,0.050000000000000044,0.09999999999999998,0.9046542580834372,0.851915275876927,0.37753371361482596,0.5,0.5,"{'I': 1, 'W': 0, 'R': 1, 'C': 'free'}",False,True,True,0.0,2
816,2,0.34623623978017626,0.7596889394030225,0.8631604429667875,2.271917218716382,1.1993391212094424,1.513594525618306,0.7664047546576571,0.9999999965362126,0.0,0.050000000000000044,0.0,0.2689344964845559,0.11919694015134374,0.7772982054917221,0.4,1.0,"{'I': 1, 'W': 0, 'R': 1, 'C': 'free'}",False,True,True,1.0,2
816,3,0.10459532454448374,0.800289452377048,0.3261517466107706,2.311819584136162,1.0246864265428974,1.5778984420469864,0.17724196377866186,0.9999999980745958,0.0,0.050000000000000044,0.0,0.37754830115810034,0.18242050905326446,0.6791841348823917,1.0,1.0,"{'I': 1, 'W': 0, 'R': 1, 'C': 'free'}",True,False,True,0.0,2
816,4,0.10674906932987904,1.1448502782828802,0.6768241927076311,2.5273899745245454,1.0653492560463238,2.5021825451530413,0.39735168793332665,1.0,0.0,0.050000000000000044,0.0,0.07585393367989238,0.04742285815647025,0.437831927683314,0.30000000000000004,0.75,"{'I': 1, 'W': 0, 'R': 1, 'C': 'free'}",False,True,True,0.0,2
816,5,0.5589273965891157,0.9269965631339607,1.4853716059031803,2.4258585839988274,1.2769120186855722,1.7163031910291264,0.9132258730167712,1.0,0.3,0.050000000000000044,0.0,0.5000065260286347,0.377534343278491,0.6224836858941918,0.30000000000000004,0.75,"{'I': 1, 'W': 0, 'R': 1, 'C': 'free'}",False,True,True,1.0,2
816,6,0.286559923771854,1.0301139212475336,2.660670561380274,2.4764612790994693,1.3984252642505324,2.109785824428898,0.9998365521534263,1.0,0.5,1.0,1.0,0.037319959313886215,0.11919031661539374,0.8519726247521359,1.0,0.9,"{'I': 0, 'W': 1, 'R': 0, 'C': 'costly'}",False,True,True,0.0,2
84,1,0.08597146688638227,0.5377513682116122,0.9786801340469619,2.4518271099806546,1.1106967249327961,1.4167073793250229,0.7700342696161717,0.9999999999483644,0.0,0.050000000000000044,0.050000000000000044,0.047424566625640666,0.09534247147119261,0.22268855769121762,0.25,0.5,"{'I': 1, 'W': 0, 'R': 1, 'C': 'free'}",False,True,True,1.0,2
84,2,0.5649104668323207,0.3717610023357196,1.5928732140418782,2.226684415273664,1.2293991021921453,1.2474657976459866,0.764413847986569,0.9999999988268979,0.1,0.15000000000000002,0.0,0.6224341083963145,0.4999276935832822,0.18242943195186834,0.5,0.25,"{'I': 1, 'W': 0, 'R': 1, 'C': 'free'}",False,True,True,0.5,2
84,3,0.08654644631297766,0.6162004894795415,0.3959860788663909,2.5646720539300114,1.0183305271488095,1.4988838375202458,0.11940004610201804,1.0,0.05,0.050000000000000044,0.010000000000000009,0.037325908655836584,0.07584165313944487,0.03732966178193448,0.050000000000000044,0.25,"{'I': 1, 'W': 0, 'R': 1, 'C': 'free'}",False,True,True,0.0,2
84,4,0.21302286892934555,0.5408401619410792,0.8854611598599315,2.381649993997432,1.0521137997396368,1.3915674207607234,0.2992534287055394,0.9999999999999999,0.1,0.050000000000000044,0.050000000000000044,0.14805102354111851,0.09534443658159662,0.07588119067510238,0.050000000000000044,0.25,"{'I': 1, 'W': 0, 'R': 1, 'C': 'free'}",False,True,True,0.5,2
84,5,0.2428995773032702,0.5007634730447806,0.9228156567091507,2.4379939353695734,1.0969727998239904,1.356874957212901,0.47684667921921386,0.9999999999999992,0.1,0.050000000000000044,0.010000000000000009,0.5621949764573988,0.37748847135978614,0.07588523777717024,0.09999999999999998,0.050000000000000044,"{'I': 1, 'W': 0, 'R': 1, 'C': 'free'}",True,False,True,0.0,2
84,6,0.16258925807501345,0.6043609222038228,0.5544996861360091,2.622833336180559,1.055434346803225,1.5716299847779687,0.3145410721117222,1.0,0.05,0.050000000000000044,0.0,0.03732558746555022,0.04741527038036249,0.047428455191225495,0.09999999999999998,0.050000000000000044,"{'I': 1, 'W': 0, 'R': 1, 'C': 'free'}",True,False,True,0.0,2
84,7,0.07459623027494507,0.7023040184218152,0.2721188241781723,2.471297302754389,1.017707192954576,1.529669095848762,0.1156175987760154,0.9999999999999999,0.05,0.050000000000000044,0.050000000000000044,0.02297734277135675,0.022975086045550847,0.0373302199106586,0.09999999999999998,0.25,"{'I': 1, 'W': 0, 'R': 1, 'C': 'free'}",False,True,True,0.0,2
851,1,0.048893766839672365,0.8765801837119077,0.23103054160935482,2.1458257840205337,1.0084541431306395,1.6536359086263872,0.049257139981070175,0.9999999999999527,0.0,0.050000000000000044,0.050000000000000044,0.060083324247939975,0.06007939999801776,0.11919366239078237,0.25,0.25,"{'I': 1, 'W': 0, 'R': 1, 'C': 'free'}",False,True,True,1.0,2
851,2,0.11965745415504507,0.8583750743442282,0.49153587764305207,2.4608096471945102,1.03933746776763,1.846110883556281,0.23668479438757462,1.0,0.3,0.09999999999999998,0.0,0.0600829768510183,0.09533811982515351,0.22270035524806056,0.30000000000000004,1.0,"{'I': 1, 'W': 0, 'R': 1, 'C': 'free'}",False,True,True,0.0,2
851,3,0.13347052057603817,1.1533215207178151,0.45091767780138114,2.3020033844731884,1.035660732490245,2.2881325249370583,0.21751246264151325,1.0,0.2,0.050000000000000044,0.0,0.11919924358119367,0.18241082601726463,0.32082048997144325,0.30000000000000004,1.0,"{'I': 1, 'W': 0, 'R': 1, 'C': 'free'}",True,False,True,0.0,2
851,4,0.08713454708715444,0.8671967573342254,0.3049324932826687,2.717190322105955,1.0203289104853779,1.747902951463473,0.13140234274728513,1.0,0.0,0.050000000000000044,0.050000000000000044,0.11919828277933497,0.11919176690180727,0.11920797594162377,0.19999999999999996,0.25,"{'I': 1, 'W': 0, 'R': 1, 'C': 'free'}",True,False,True,0.0,2
851,5,0.22814296660833172,1.1324168429052337,0.7767457964895216,2.6673096068220397,1.133961430993013,2.38236395959326,0.7155426453893088,1.0,0.25,0.050000000000000044,0.010000000000000009,0.2689530269277995,0.4377828048478923,0.26894489464895055,0.5,0.9,"{'I': 1, 'W': 0, 'R': 1, 'C': 'free'}",False,True,True,1.0,2
851,6,0.43626761690640786,0.934627547231953,0.8943398731242099,2.415054955505616,1.1783313999349703,2.0472557524236334,0.5597871193624222,1.0,0.3,0.09999999999999998,0.19999999999999996,0.1192025750212177,0.14803736516046806,0.43783514559949144,0.4,1.0,"{'I': 1, 'W': 0, 'R': 1, 'C': 'free'}",False,True,True,0.0,2
851,7,0.05911967387982007,1.0859906855357357,0.38206579969508625,2.6845343378018742,1.016495129736937,2.280771815634794,0.1509231925863197,1.0,0.25,0.050000000000000044,0.050000000000000044,0.11920726614400709,0.09534313035492825,0.18244060068995047,0.30000000000000004,0.7,"{'I': 1, 'W': 0, 'R': 1, 'C': 'free'}",True,True,True,0.0,2
88,1,0.15656842609293078,0.6662401793612635,1.067345333969259,2.131470835187411,1.243924082043593,1.5600488611820127,0.9271426297979164,0.9999999999989397,0.0,0.050000000000000044,0.050000000000000044,0.09534400596810456,0.07584026574757491,0.26891731913611616,0.25,0.25,"{'I': 1, 'W': 0, 'R': 1, 'C': 'free'}",False,True,True,0.0,3
88,2,0.1604953973239674,0.8467251717448583,0.6447509737540926,2.291707244374117,1.039795553706293,1.6691507740094935,0.32310635001541455,1.0,0.0,0.050000000000000044,0.050000000000000044,0.017986565909760024,0.029310561961668386,0.029312124671171273,0.050000000000000044,0.19999999999999996,"{'I': 1, 'W': 0, 'R': 1, 'C': 'free'}",False,True,True,0.0,3
88,3,0.07263739029259449,0.6614879178797041,0.34774399873107137,2.5314759968531497,1.0165935722138875,1.4970289141149604,0.15174504325118832,0.9999999999863313,0.0,0.050000000000000044,0.0,0.22271326974870814,0.2227002169741313,0.6224852786000922,0.050000000000000044,1.0,"{'I': 1, 'W': 0, 'R': 1, 'C': 'free'}",True,False,True,0.0,3
88,4,0.2611663028742021,1.1015252143088436,1.329576134709095,2.6282584534221822,1.1055783696690975,2.0997484157540205,0.7546723299054279,1.0,0.1,0.050000000000000044,0.050000000000000044,0.2227054614876582,0.11919588304155197,0.11921164589476752,0.19999999999999996,0.25,"{'I': 1, 'W': 0, 'R': 1, 'C': 'free'}",False,True,True,0.0,3
88,5,0.13698063999455357,0.8245080653196292,0.6729911125745648,2.534324208889871,1.1517918148381099,1.814463460716846,0.7196928932101214,1.0,0.25,0.050000000000000044,0.050000000000000044,0.03732755664276907,0.11920630387759308,0.04742824387849575,0.30000000000000004,0.30000000000000004,"{'I': 1, 'W': 0, 'R': 1, 'C': 'free'}",False,True,True,0.0,3
88,6,0.39387279193152513,1.2366935339132075,1.1354274913569422,2.735042498640787,1.1958755370638166,2.1533652946803725,0.8328369910474558,1.0,0.0,0.050000000000000044,0.0,0.2227115704624315,0.22271701964906865,0.03732747913884611,0.09999999999999998,0.5,"{'I': 1, 'W': 0, 'R': 1, 'C': 'free'}",True,True,True,0.0,3
88,7,0.13858309291697046,1.042867609468081,0.7459762607337345,2.5631606049680684,1.0970767904912895,2.2355660985056285,0.70013992529525,1.0,0.1,0.050000000000000044,0.050000000000000044,0.14807328980986223,0.09534778286084038,0.18244687410902172,0.4,0.7,"{'I': 1, 'W': 0, 'R': 1, 'C': 'free'}",False,True,True,0.0,3
891,1,0.002260464555607679,0.37424201219561254,0.01215216848975291,1.3132776644387534,1.000230577734475,1.3298240236639238,0.0016125565199150982,0.9999984805941093,0.0,0.050000000000000044,0.030000000000000027,0.005220022395998387,0.03732315343932903,0.04742059386329782,0.050000000000000044,0.050000000000000044,"{'I': 1, 'W': 0, 'R': 1, 'C': 'free'}",False,True,True,1.0,3
891,2,0.26676329785766417,0.3428852913616425,1.1021677318361578,1.4544666313429633,1.267748244558731,1.2305439002744363,0.9067454949424637,0.9998355926245598,0.0,0.050000000000000044,0.0,0.014063144508431775,0.008577062274190314,0.02297699065685137,0.050000000000000044,0.050000000000000044,"{'I': 1, 'W': 0, 'R': 1, 'C': 'free'}",False,True,True,1.0,3
891,3,0.0221883577192815,0.8339107745504762,0.1398854348384454,2.400629155933202,1.003792001407792,1.8349932869107681,0.029824832905485432,1.0,0.3,0.050000000000000044,0.050000000000000044,0.03732613173493397,0.029310868763885937,0.0758605461164678,0.30000000000000004,0.4,"{'I': 1, 'W': 0, 'R': 1, 'C': 'free'}",False,True,True,0.0,3
891,4,0.1006741950459966,0.46139698857000794,0.6387521223481087,1.848882387961167,1.0330275904497583,1.2882981045484099,0.2535637688930742,0.9999887988284671,0.1,0.050000000000000044,0.050000000000000044,0.377586223755417,0.09534663460058442,0.22273513400833767,0.09999999999999998,0.4,"{'I': 1, 'W': 0, 'R': 1, 'C': 'free'}",False,True,True,1.0,3
891,5,0.16720892308423316,0.5268597209242221,0.8538512840716465,2.5224988729650724,1.0672282579730985,1.3916246278215454,0.47829278767597194,0.9999999982414629,0.01,0.050000000000000044,0.010000000000000009,0.017985135950342096,0.00317237187241373,0.008576230509417863,0.050000000000000044,0.050000000000000044,"{'I': 0, 'W': 1, 'R': 0, 'C': 'costly'}",False,True,True,0.6666666666666666,3
899,1,0.0022251100968924504,0.40584061401786964,0.0070633678456053575,1.6020466887646827,1.0002423888598206,1.3479279332921892,0.0014531001564332957,0.999971048809116,0.0,0.050000000000000044,0.010000000000000009,0.03732463895542368,0.07584466663643194,0.09534037093058234,0.050000000000000044,0.050000000000000044,"{'I': 1, 'W': 0, 'R': 1, 'C': 'free'}",False,True,True,1.0,3
899,2,0.12373667112623564,0.7727914800303156,0.7059477195315125,2.36964560265288,1.0846422443515118,1.8352645573191704,0.47795507484812283,0.9999999999999644,0.0,0.050000000000000044,0.050000000000000044,0.06008396311240978,0.0758482089457523,0.06008713000158892,0.050000000000000044,0.19999999999999996,"{'I': 1, 'W': 0, 'R': 1, 'C': 'free'}",False,True,True,1.0,3
899,3,0.4459623358481651,0.8037210908609946,1.3144587590834722,2.113049916077847,1.1793225645911307,1.6753762676349189,0.6282899094042751,0.9999999999999402,0.1,0.050000000000000044,0.050000000000000044,0.7773352741962297,0.5621696358813592,0.09535954189284053,0.25,0.25,"{'I': 1, 'W': 0, 'R': 1, 'C': 'free'}",False,True,True,0.3333333333333333,3
899,4,0.614881181649184,0.7130381775136687,2.2103587085403587,2.3781500507662177,1.7092959773382117,1.5723868942985764,0.9999996972275017,0.9999999999999826,0.05,0.050000000000000044,0.050000000000000044,0.2226746731399533,0.09533448094588165,0.047427821516626,0.19999999999999996,0.050000000000000044,"{'I': 0, 'W': 1, 'R': 0, 'C': 'costly'}",False,True,True,0.0,3
909,1,0.0024105513866309676,0.4085466227211069,0.008376925563338192,1.732408360260993,1.0002676354852273,1.428987493992354,0.0018714444007459363,0.999999691818884,0.0,0.050000000000000044,0.050000000000000044,0.029310419492632016,0.075848516310838,0.07585902140514118,0.050000000000000044,0.050000000000000044,"{'I': 1, 'W': 0, 'R': 1, 'C': 'free'}",False,True,True,1.0,3
909,2,0.0002508974192133048,0.4981325358659123,0.0008233857688025689,2.053544474091864,1.0000224407401976,1.3344610682399713,0.00017950779381115112,0.999999033245039,0.0,0.050000000000000044,0.050000000000000044,0.029310770606451576,0.01798547238075663,0.037326179215301625,0.050000000000000044,0.09999999999999998,"{'I': 1, 'W': 0, 'R': 1, 'C': 'free'}",False,True,True,1.0,3
909,3,0.8622446654123542,0.8911982444795274,2.358865496443817,2.462083570897065,2.6160244500025143,1.8343650953805315,0.9998257295262727,1.0,0.05,0.050000000000000044,0.050000000000000044,0.6792120719541906,0.26891672892868695,0.09537299047671506,0.050000000000000044,0.09999999999999998,"{'I': 1, 'W': 0, 'R': 1, 'C': 'free'}",False,True,True,0.0,3
909,4,0.06479490451195714,0.8549583979823129,0.7346562822467031,2.351101222058894,1.0250883108189015,1.8144367358277953,0.34376676901311065,0.9999999999998844,0.0,0.050000000000000044,0.010000000000000009,0.0024723250602313837,0.0031718638510560486,0.0052197078893376336,0.050000000000000044,0.050000000000000044,"{'I': 0, 'W': 1, 'R': 0, 'C': 'costly'}",False,True,True,1.0,3
919,1,1.0637784422325451,0.4723672314135098,2.8671963627626185,1.9397702139677118,2.6959264383146984,1.367615645943281,0.9929780163942107,0.999999840853545,0.25,0.050000000000000044,0.050000000000000044,0.6791729767227865,0.3207501496524851,0.18240821031347274,0.25,0.25,"{'I': 1, 'W': 0, 'R': 1, 'C': 'free'}",False,True,True,0.0,3
919,2,0.5763211565702793,0.7653962813360129,1.0535602356998184,2.211447419749274,1.482099525415146,1.6800422327212394,0.8601658782987902,1.0,0.1,0.0,0.0,0.8807707494086247,0.8175196813989613,0.924137579483699,0.5,0.95,"{'I': 1, 'W': 0, 'R': 1, 'C': 'free'}",False,True,True,1.0,3
919,3,0.6796793105849115,0.6751820686455007,1.2825456196149967,2.360772712394928,1.653400247029575,1.5435845170055165,0.9190699126556623,0.9999999999999997,0.0,0.050000000000000044,0.09999999999999998,0.9241443592333047,0.6224062926891069,0.731056490711143,1.0,1.0,"{'I': 0, 'W': 1, 'R': 0, 'C': 'costly'}",False,True,True,0.0,3
92,1,0.1818881033979275,0.5839156428533518,0.635319056643176,1.9729589657149262,1.183258815710441,1.4507736959993807,0.7397672149918594,0.9999998367648272,0.25,0.050000000000000044,0.09999999999999998,0.4378095099124799,0.4377836600859897,0.49995349769198477,0.25,0.5,"{'I': 1, 'W': 0, 'R': 1, 'C': 'free'}",False,True,True,1.0,3
92,2,0.12190449166199685,0.9966100866129277,0.6457102190764102,2.219423397036906,1.0577145046502439,2.1508428612566206,0.3616596163186624,0.9999999999999504,0.1,0.0,0.0,0.06008323732069817,0.0373244254732062,0.14803146316243224,0.4,0.4,"{'I': 1, 'W': 0, 'R': 1, 'C': 'free'}",False,True,True,0.0,3
92,3,0.020283835621888714,0.8166802036804762,0.23300043917762084,2.648412775091075,1.0042170349889947,1.6812269388673158,0.06903989991008408,1.0,0.1,0.050000000000000044,0.0,0.01798637342452364,0.029309747787636,0.03732696913690361,0.09999999999999998,1.0,"{'I': 1, 'W': 0, 'R': 1, 'C': 'free'}",False,True,True,0.6666666666666666,3
92,4,0.19928526511143052,0.8506867889622854,1.487735784000843,2.764395796188901,1.0648386992790038,1.768100276492678,0.6968850888594007,1.0,0.3,0.050000000000000044,0.7,0.26893991948715784,0.3775158355494114,0.5000411399966721,0.30000000000000004,0.8,"{'I': 1, 'W': 0, 'R': 1, 'C': 'free'}",False,True,True,0.0,3
92,5,0.016015624578220432,0.6564390129186506,0.15278723966122035,2.1144835267183515,1.0027900914439867,1.5359328972872714,0.05156111112168149,0.9999999995198379,0.1,0.050000000000000044,0.050000000000000044,0.4378365739209406,0.14803657673185022,0.3775620030578698,0.09999999999999998,1.0,"{'I': 1, 'W': 0, 'R': 1, 'C': 'free'}",True,False,True,0.0,3
92,6,0.047192470580857605,0.5490015424523915,0.6918979301739913,2.4056626266681618,1.0270999954648787,1.462140970874813,0.39833024426390284,0.9999999879630583,0.1,0.050000000000000044,0.0,0.3208253725110289,0.18241164240057825,0.7310772888165235,0.4,1.0,"{'I': 1, 'W': 0, 'R': 1, 'C': 'free'}",True,False,True,0.0,3
92,7,0.044395859795009006,0.893987387604993,0.5320868302176927,2.451987647659152,1.0136561813753207,1.7096270455904936,0.22718203130371872,0.9999999999999469,0.5,1.0,0.050000000000000044,0.500009826736825,0.1480431736775527,0.5622198297842332,0.4,1.0,"{'I': 1, 'W': 0, 'R': 1, 'C': 'free'}",True,False,True,0.0,3
923,1,0.050209748398959364,0.6118828502573419,0.21146563153076411,1.9856075898900414,1.0113284836230705,1.361375974957453,0.05476715443840685,0.9999982664256567,0.1,0.050000000000000044,0.030000000000000027,0.9914266730177411,0.9525592520774323,0.06008627889265114,1.0,0.050000000000000044,,False,True,False,0.0,3
923,2,0.28406158468554715,0.6714050005776079,1.0614689612312425,1.8853579748696034,1.2441087497250318,1.5150812017236959,0.6644878301461254,1.0,0.0,0.0,0.0,0.060086407113550705,0.22269621258947866,0.3208612147883668,0.050000000000000044,1.0,"{'I': 1, 'W': 0, 'R': 1, 'C': 'free'}",False,True,True,1.0,3
923,3,0.022290139894123612,0.8729649195101407,0.164190111154337,2.3604859279884964,1.0044603598928497,1.7675108348505155,0.03497718530073013,1.0,0.0,0.050000000000000044,0.0,0.14804445956946258,0.075853492541809,0.1480937362602615,0.09999999999999998,0.8,"{'I': 1, 'W': 0, 'R': 1, 'C': 'free'}",False,True,True,1.0,3
923,4,0.030473824691330975,0.7648765695573683,0.06823601571904879,2.5371656787997887,1.0048669996737345,1.6918712310253314,0.023983679223753884,1.0,0.0,0.050000000000000044,0.050000000000000044,0.09534579164064347,0.11920329628624349,0.5001552901197649,0.19999999999999996,0.8,"{'I': 1, 'W': 0, 'R': 1, 'C': 'free'}",True,True,True,0.0,3
923,5,0.4733390247354638,1.1345836119556867,0.9084737201106798,2.4356282473466817,1.195202311218912,2.3658521274427136,0.5899914827530661,1.0,0.0,0.050000000000000044,0.050000000000000044,0.14805240291251728,0.22269689045460958,0.18251080762057523,0.09999999999999998,1.0,"{'I': 1, 'W': 0, 'R': 1, 'C': 'free'}",True,False,True,0.0,3
923,6,0.021662095367825363,1.0018548849301956,0.10813760536294452,2.5894425313222937,1.0035126529896146,2.213809460261294,0.027662180781384493,1.0,0.0,0.050000000000000044,0.75,0.22273747561507612,0.07586188211813313,0.2689899138655088,0.4,0.9,"{'I': 1, 'W': 0, 'R': 1, 'C': 'free'}",True,True,True,0.0,3
923,7,0.0727099782207451,1.2091600080875353,0.3279736191842427,2.3068639742889836,1.0137895162949313,2.511047804991051,0.06618462352249099,1.0,0.05,0.050000000000000044,0.050000000000000044,0.11920895319674589,0.11919411449598591,0.18244328575704433,0.09999999999999998,1.0,"{'I': 1, 'W': 0, 'R': 1, 'C': 'free'}",True,True,True,0.0,3
924,1,0.001599756698707379,0.6597442312426413,0.006111577388975977,2.0990661384910516,1.0001614833903443,1.6816243156910236,0.001129653933199526,0.9999998994454637,0.0,0.050000000000000044,0.030000000000000027,0.010986292133108862,0.04742110946040861,0.060082127595034,0.050000000000000044,0.050000000000000044,"{'I': 1, 'W': 0, 'R': 1, 'C': 'free'}",False,True,True,1.0,3
924,2,0.05934450362578681,0.9650062270703698,0.5102440375881379,2.416955075149424,1.1445719529559197,2.0346027635677952,0.8271618116557033,1.0,0.3,0.15000000000000002,0.0,0.1824282107892607,0.07585689336160545,0.04742625524575694,0.5,0.4,"{'I': 1, 'W': 0, 'R': 1, 'C': 'free'}",False,True,True,0.0,3
924,3,0.462145553166286,0.9499626440323272,1.9934253125037653,2.2289360236205953,1.2936967727535913,1.88088001012666,0.9789858136799668,1.0,0.25,0.050000000000000044,0.30000000000000004,0.5622806314956831,0.4378423895731863,0.1824497689987317,0.30000000000000004,0.7,"{'I': 1, 'W': 0, 'R': 1, 'C': 'free'}",False,True,True,0.0,3
924,4,0.27683101203818095,0.7844810786383615,0.8740392376458291,2.1923043653786207,1.1102158988935238,1.6213072275679525,0.7431359953529192,0.9999999999999992,0.0,0.050000000000000044,0.7,0.731125725438082,0.6791381324666484,0.22270395143912147,1.0,0.9,"{'I': 1, 'W': 0, 'R': 1, 'C': 'free'}",False,True,True,1.0,3
924,5,0.11499132973596758,0.41147918476577566,0.7633701656761804,2.045916740428771,1.0751084043116643,1.263847067437709,0.5491571620722157,0.9999984026059173,0.25,0.050000000000000044,0.050000000000000044,0.008577294230048074,0.006692382634698377,0.017985773713379845,0.09999999999999998,0.25,"{'I': 1, 'W': 0, 'R': 1, 'C': 'free'}",False,True,True,1.0,3
924,6,0.130457363452856,0.610759145474392,0.6300304826779691,2.214647890893502,1.0424740206804908,1.4780098899018645,0.39296027790373367,0.999999999786994,0.25,0.050000000000000044,0.0,0.029312264872820532,0.010985354652639685,0.06008834749578852,0.09999999999999998,0.09999999999999998,"{'I': 1, 'W': 0, 'R': 1, 'C': 'free'}",False,True,True,0.0,3
924,7,0.08854645380820259,0.48320966430568246,0.726767278552331,2.4131940389857682,1.02789481527987,1.3669207002734174,0.2811870473248731,0.9999999999960413,0.1,0.050000000000000044,0.050000000000000044,0.9399223020887989,0.3208293788385655,0.11922597652423463,0.7,0.25,"{'I': 1, 'W': 0, 'R': 1, 'C': 'free'}",False,True,True,0.0,3
953,1,0.5102739172944979,0.518360743541333,1.1545193329139924,1.896464668975115,1.2629680326525818,1.4000503477877957,0.7535970794237483,0.9999999820366907,0.1,0.050000000000000044,0.050000000000000044,0.06008453819864613,0.11918876397864706,0.18241352958434215,0.25,0.5,"{'I': 1, 'W': 0, 'R': 1, 'C': 'free'}",False,True,True,1.0,3
953,2,0.9469895486228547,0.5671606928806823,2.1530779672432443,1.9769365311611304,3.8989256397268006,1.349162007665279,0.9997153374826917,0.9999999788057563,0.1,1.0,0.0,0.9996639526740143,0.9980729008838435,0.04742477828226592,0.8,0.050000000000000044,"{'I': 1, 'W': 0, 'R': 1, 'C': 'free'}",False,True,True,0.0,3
953,3,0.3194673179338165,0.6939783983738117,0.9822078490469728,2.3184812638693972,1.1363079822122097,1.762820682905153,0.640224537448629,0.9999999999543692,0.0,0.050000000000000044,0.010000000000000009,0.005219848638944422,0.005219723325036264,0.047426098137360574,0.050000000000000044,0.050000000000000044,"{'I': 1, 'W': 0, 'R': 1, 'C': 'free'}",False,True,True,0.6666666666666666,3
953,4,0.004138474976418338,0.6773803431697841,0.010595053850607173,2.5174520925949357,1.000473001961488,1.5945620465563093,0.00236165754498574,0.9999999999999326,0.01,0.050000000000000044,0.010000000000000009,0.006692160115211868,0.006690505328958667,0.014062627262907771,0.050000000000000044,0.050000000000000044,"{'I': 0, 'W': 1, 'R': 0, 'C': 'costly'}",False,True,True,0.0,3
