task_id,step_idx,MTE_A,MTE_T,MaxTE_A,MaxTE_T,PPL_A,PPL_T,SP_A,SP_T,chat_ingen_J,posthoc_num_A,posthoc_num_T,ptrue_A,ptrue_R,ptrue_T,sep_verbalized_A,sep_verbalized_T,tau,loop_flag,obs_changed,in_admissible,judge_correct_frac,judge_n_valid
1009,1,0.003433191276001118,0.2349463962814158,0.026464203905502793,1.3819109420563256,1.0005220807286765,1.101675917740139,0.004166850422903656,0.9662623335858604,,0.050000000000000044,0.050000000000000044,3.059023350552657e-07,3.4663274436673724e-07,1.3007123694515823e-05,0.050000000000000044,0.050000000000000044,"{'I': 1, 'W': 0, 'R': 1, 'C': 'free'}",False,True,True,1.0,3
1009,2,0.006717593839197108,0.27233918567839027,0.04017960483532663,1.1045380114673367,1.0011214227299787,1.1737785146406106,0.006702205789493876,0.9930364744680078,0.0,0.0,0.050000000000000044,2.9023119845033387e-06,1.444980209274974e-07,2.902311964530676e-06,0.0,0.0,"{'I': 0, 'W': 1, 'R': 0, 'C': 'costly'}",False,True,True,1.0,3
1084,1,0.0012455183298689645,0.323508657125365,0.005855038833181111,1.7578172339837708,1.000148089937512,1.1872259716742897,0.0007401208417516791,0.9997772262800685,,0.050000000000000044,0.09999999999999998,5.043476472384347e-07,1.7603429882069996e-06,4.0063691942600364e-05,0.050000000000000044,0.050000000000000044,"{'I': 1, 'W': 0, 'R': 1, 'C': 'free'}",False,True,True,1.0,3
1084,2,8.452333513678965e-05,0.23990064072113962,0.0003977602205843525,1.2745564543501204,1.000007390877868,1.151089131895524,3.695356997779342e-05,0.9999195177489563,,0.050000000000000044,0.09999999999999998,6.475945624852728e-07,1.994729944779551e-06,2.430025168032434e-05,0.050000000000000044,0.050000000000000044,"{'I': 1, 'W': 0, 'R': 1, 'C': 'free'}",True,False,True,0.0,3
1084,3,0.001291685643687404,0.25177766825767145,0.005203374017297725,1.482454371552182,1.0001414184337507,1.2050009324016508,0.0008480907781943658,0.9999996680983867,,0.25,0.4,3.28875062485666e-06,1.76035525310595e-06,0.11920292536841173,0.25,0.4,"{'I': 1, 'W': 0, 'R': 1, 'C': 'free'}",False,True,True,1.0,3
1084,4,0.0001044654002625187,0.29317757906222724,0.0006266331091527814,1.123926376367305,1.0000097153211358,1.1956210050995537,5.828994472933946e-05,0.9980759062435242,,0.09999999999999998,0.09999999999999998,3.28875057736243e-06,4.222834921286456e-06,8.4811039154269e-05,0.050000000000000044,0.050000000000000044,"{'I': 1, 'W': 0, 'R': 1, 'C': 'free'}",True,False,True,0.0,3
1084,5,0.007629247725231642,0.28885994361613904,0.033394484942590466,1.1219117230588345,1.001006042122719,1.1388224200457027,0.005015064368991129,0.9951548899026728,,0.09999999999999998,0.09999999999999998,5.422217490769293e-06,1.0129987189362363e-05,4.539785098831299e-05,0.050000000000000044,0.050000000000000044,"{'I': 1, 'W': 0, 'R': 1, 'C': 'free'}",True,True,True,0.0,3
1084,6,0.00012602786437647276,0.3015774761712212,0.0006266338609719792,1.6150339647416991,1.000011682238824,1.1482100220779619,5.840914705601552e-05,0.9998559097246188,,0.19999999999999996,0.15000000000000002,3.12019032308695e-05,7.889290379502241e-06,0.006692851292628359,0.050000000000000044,0.25,"{'I': 1, 'W': 0, 'R': 1, 'C': 'free'}",True,False,True,0.0,3
1084,7,0.00019807574194023267,0.30407912873515114,0.0009850546904089886,1.581579749795125,1.0000192634841327,1.285980103774294,9.631185468694792e-05,0.9999999382638504,,0.19999999999999996,0.15000000000000002,1.4738988700779659e-05,4.222834942000092e-06,0.0005527785911106127,0.050000000000000044,0.25,"{'I': 1, 'W': 0, 'R': 1, 'C': 'free'}",True,False,True,0.0,3
110,1,0.22467647574967983,0.3109287385633332,1.5055700265953744,1.4242329938833371,1.1413209676407154,1.2734845725104964,0.842858513531231,0.999995581021323,,0.15000000000000002,0.09999999999999998,1.9947299534508454e-06,3.726638825814101e-06,0.000261190306753431,0.050000000000000044,0.050000000000000044,"{'I': 1, 'W': 0, 'R': 1, 'C': 'free'}",False,True,True,1.0,3
110,2,0.004016638870248489,0.6382912724285016,0.02153719377512102,2.28624114656887,1.000516361114929,1.4771425739377921,0.006688493786946359,0.9999999996746546,,0.15000000000000002,0.15000000000000002,7.33820804745934e-07,1.7603430002147148e-06,2.7535687797599402e-05,0.15000000000000002,0.25,"{'I': 1, 'W': 0, 'R': 1, 'C': 'free'}",False,True,True,0.0,3
110,3,0.07021393456916995,0.44716908765939894,0.39817043825771564,1.801263187799868,1.4274017495709606,1.296552166562016,0.8817713715127589,0.9999999999999998,0.05,0.4,0.25,0.9990889485908824,3.535626572317378e-05,0.0004305570926711689,0.65,0.35,"{'I': 1, 'W': 0, 'R': 1, 'C': 'free'}",False,True,True,0.0,3
110,4,0.00019197262186011594,0.4311582492442651,0.0009853594650474592,1.683406713412539,1.0000180198577875,1.4018913691399433,0.00010811232803187298,0.9999999999998772,0.05,0.15000000000000002,0.15000000000000002,2.902311984155087e-06,6.144177522052857e-06,0.004070137785251121,0.050000000000000044,0.15000000000000002,"{'I': 1, 'W': 0, 'R': 1, 'C': 'free'}",False,True,True,0.0,3
110,5,0.07060090675155667,0.41062493701262004,0.3504031555333544,2.368335640035677,1.0181092369049425,1.27705388719278,0.13374654690835241,0.9999999999997703,0.15,0.4,0.25,0.0005527785520618318,2.902311980684963e-06,2.7535687794302143e-05,0.65,0.35,"{'I': 1, 'W': 0, 'R': 1, 'C': 'free'}",False,True,True,0.0,3
110,6,0.00028002286274589675,0.3749641632156326,0.002161756060703727,1.4637848410258552,1.0000294865099177,1.2591585461860313,0.00023586078206538907,0.9999999993797003,0.05,0.30000000000000004,0.19999999999999996,6.144177518400446e-06,1.0129987180004009e-05,7.484626280371403e-05,0.4,0.35,"{'I': 1, 'W': 0, 'R': 1, 'C': 'free'}",True,False,True,0.0,3
110,7,0.08340190846465168,0.5109460411513671,0.3692929943291919,2.233862280715252,1.0256960913688808,1.471761741658709,0.18369887391100914,1.0,0.15,0.25,0.25,1.3709578605523236e-06,3.927863406542954e-07,4.785094494540646e-06,0.25,0.25,"{'I': 1, 'W': 0, 'R': 1, 'C': 'free'}",False,True,True,0.0,3
1107,1,0.0076009043807949254,0.1618688003344148,0.06048898307573651,1.7323702177038796,1.0013853687664909,1.0883744140178906,0.011014175105828028,0.9483870511770405,,0.050000000000000044,0.09999999999999998,3.9278633898731353e-07,3.4663274466821696e-07,1.4738988877057041e-05,0.050000000000000044,0.050000000000000044,"{'I': 1, 'W': 0, 'R': 1, 'C': 'free'}",False,True,True,1.0,3
1107,2,0.0005741570535659838,0.1770307572594846,0.0023730332919154823,1.3498060458369758,1.0000569778981012,1.1004048276931273,0.00039875440078007696,0.957462895211007,,0.09999999999999998,0.15000000000000002,0.9996200149322647,0.9998415619143601,0.9993736657502478,0.050000000000000044,0.050000000000000044,"{'I': 1, 'W': 0, 'R': 1, 'C': 'free'}",False,True,True,0.0,3
1107,3,3.675793592476029e-05,0.32281700216041453,0.0001352384214455463,1.8895887565072265,1.0000028312134783,1.221561620658119,2.2649419261444592e-05,0.9999959144881744,,0.09999999999999998,0.09999999999999998,0.9991959074125645,0.9996646439173302,7.484626265780927e-05,0.050000000000000044,0.050000000000000044,"{'I': 1, 'W': 0, 'R': 1, 'C': 'free'}",False,True,True,0.0,3
1107,4,0.032900583840297565,0.23032611157913424,0.25773893260157404,1.4075895327482817,1.0084721174526061,1.1483337077652709,0.06526428171957477,0.9969998757012218,,0.09999999999999998,0.09999999999999998,0.0007096702995612374,3.535637101602201e-05,9.61023888420156e-05,0.050000000000000044,0.050000000000000044,"{'I': 1, 'W': 0, 'R': 1, 'C': 'free'}",True,False,True,0.0,3
1107,5,0.0002236043490738332,0.26937111842384737,0.0015447658518065231,1.5678620288922063,1.0000222311924285,1.113741593266988,0.00017783174861396578,0.9902664979106995,0.0,0.050000000000000044,0.050000000000000044,0.0007096703047268061,6.144179653872524e-06,8.939699464101448e-06,0.0,0.050000000000000044,"{'I': 0, 'W': 1, 'R': 0, 'C': 'costly'}",False,True,True,0.0,3
1112,1,0.010364447499865393,0.16576817748755523,0.04935753929152816,1.3917984126149086,1.0017039593494836,1.182639911264208,0.010163059066373159,0.997615985607881,,0.050000000000000044,0.09999999999999998,6.475945638348191e-07,1.3709578577417546e-06,6.605215964574439e-05,0.050000000000000044,0.050000000000000044,"{'I': 1, 'W': 0, 'R': 1, 'C': 'free'}",False,True,True,1.0,3
1112,2,0.0001616584914410105,0.2511070224511575,0.0006266345151620106,1.6199703229922608,1.0000149306499875,1.202483082968868,5.972037077328629e-05,0.9993736155182281,,0.09999999999999998,0.09999999999999998,2.561281275689643e-06,4.785094455978358e-06,9.61023898652993e-05,0.050000000000000044,0.050000000000000044,"{'I': 1, 'W': 0, 'R': 1, 'C': 'free'}",False,True,True,1.0,3
1112,3,0.000123619832959519,0.2844000172104852,0.00029118736207963043,1.4187275227910943,1.000010460557085,1.2626535102902259,4.184113412986079e-05,0.9999999596118373,,0.09999999999999998,0.15000000000000002,3.2887505921182484e-06,2.2603250935121276e-06,1.1478768079852239e-05,0.050000000000000044,0.25,"{'I': 1, 'W': 0, 'R': 1, 'C': 'free'}",True,False,True,0.0,3
1112,4,0.022917823474374228,0.11664955552140376,0.09588345042222478,0.7984783667301963,1.0043023812358667,1.0715526487538534,0.021237012485222917,0.9902479807137683,0.0,0.050000000000000044,0.050000000000000044,0.9999038949152304,6.1441775287336095e-06,5.829127239552658e-05,0.050000000000000044,0.050000000000000044,"{'I': 0, 'W': 1, 'R': 0, 'C': 'costly'}",False,True,True,1.0,3
1114,1,0.027270738143503167,0.21044886775750427,0.19086497544012404,1.451564891595046,1.006965483521197,1.1015020044191706,0.04742778277056259,0.9827568047744317,,0.050000000000000044,0.09999999999999998,5.043476456413519e-07,8.315279258000763e-07,2.753568730330526e-05,0.050000000000000044,0.050000000000000044,"{'I': 1, 'W': 0, 'R': 1, 'C': 'free'}",False,True,True,1.0,3
1114,2,0.11646612796786575,0.1968819614773411,0.6435301092167081,1.153199727109194,1.0684831320426642,1.092953919602318,0.32796177286126504,0.9760821454673031,0.0,0.050000000000000044,0.050000000000000044,2.9023119648197876e-06,3.7266387966667248e-06,1.3007123506059896e-05,0.050000000000000044,0.050000000000000044,"{'I': 1, 'W': 0, 'R': 1, 'C': 'free'}",False,True,True,0.6666666666666666,3
1114,3,0.07405676433098536,0.27967901091695063,0.36999859395123647,1.844213105447205,1.0258236929030613,1.1517435132428393,0.11968850586411917,0.998865190917047,,0.050000000000000044,0.050000000000000044,0.9998766036841564,0.9994472205026269,7.484626236767343e-05,0.050000000000000044,0.050000000000000044,"{'I': 0, 'W': 1, 'R': 0, 'C': 'costly'}",False,True,True,0.6666666666666666,3
1129,1,0.1545950023789088,0.14688396842145407,0.6628575567646644,1.2163470863637236,1.0948468974912853,1.0679994543664022,0.46969434809178034,0.8515978795649028,,0.050000000000000044,0.09999999999999998,4.4508526223338234e-07,2.3823696664837415e-07,1.8925145852282877e-05,0.050000000000000044,0.050000000000000044,"{'I': 1, 'W': 0, 'R': 1, 'C': 'free'}",False,True,True,1.0,3
1129,2,0.008675145160233927,0.39485405841434495,0.06049070140501052,1.490877764011787,1.0015822239323164,1.2326613730239153,0.01100580282589747,0.9987612067941636,,0.09999999999999998,0.09999999999999998,2.26032503026157e-06,1.370957836315738e-06,0.00010889692931719654,0.0,0.050000000000000044,"{'I': 1, 'W': 0, 'R': 1, 'C': 'free'}",False,True,True,0.0,3
1129,3,0.0032770806750504825,0.5247104594247214,0.026464516548604933,1.613789831349758,1.0004906091656935,1.418675598825583,0.004404670566269253,0.9999999984483983,0.0,0.15000000000000002,0.15000000000000002,1.7603429965378124e-06,1.7603429998081259e-06,4.539785213239989e-05,0.050000000000000044,0.15000000000000002,"{'I': 1, 'W': 0, 'R': 1, 'C': 'free'}",False,True,True,0.3333333333333333,3
1129,4,6.2319554904044e-05,0.3669808344077033,0.0003208514944641358,1.9264447306430037,1.000005023778921,1.2171013924299272,3.516574578465992e-05,0.9999976642095015,,0.09999999999999998,0.09999999999999998,4.006369159934969e-05,0.010986943097002579,0.03732688491453077,0.19999999999999996,0.050000000000000044,"{'I': 1, 'W': 0, 'R': 1, 'C': 'free'}",True,True,True,0.0,3
1129,5,0.007063075718668288,0.2805232867230799,0.049362963026140315,1.433861666867272,1.0012322726736316,1.217778816012329,0.008583547527014512,0.9999358572365943,,0.09999999999999998,0.19999999999999996,0.5621764642854055,0.4378234942747807,0.4378234739353119,0.25,0.15000000000000002,"{'I': 1, 'W': 0, 'R': 1, 'C': 'free'}",False,True,True,0.0,3
1129,6,0.22590157260702654,0.32293609677949237,1.2286971978700836,1.8530870058167723,1.093675759874198,1.2288228060494224,0.5533136092548673,0.9999998057749335,0.05,0.15000000000000002,0.15000000000000002,1.1478768039015334e-05,5.422216984388041e-06,3.5356254610404454e-05,0.15000000000000002,0.050000000000000044,"{'I': 1, 'W': 0, 'R': 1, 'C': 'free'}",False,True,True,0.3333333333333333,3
1129,7,0.07474667115464823,0.24039572682492016,0.6628474413345945,1.3916677523632202,1.0542332426314485,1.1678781886221115,0.37831606974494825,0.9999432514850065,0.05,0.19999999999999996,0.30000000000000004,1.0129987328850126e-05,4.785094487858071e-06,0.017986211782532353,0.19999999999999996,0.25,"{'I': 1, 'W': 0, 'R': 1, 'C': 'free'}",False,True,True,1.0,3
1139,1,0.5530735362987786,0.2596767901017855,1.8043419024670229,1.80554144790776,1.693929657031694,1.2384491146377137,0.9282993419048732,0.9999465922456343,,0.050000000000000044,0.09999999999999998,1.3709578596411444e-06,6.475945660581765e-07,4.785094480683253e-06,0.050000000000000044,0.050000000000000044,"{'I': 1, 'W': 0, 'R': 1, 'C': 'free'}",False,True,True,0.0,3
1139,2,7.63988086958694e-05,0.20875514282366436,0.0009850541929114689,1.4744261026571848,1.000007418158457,1.1432046836705343,9.643105248102746e-05,0.9938157336332897,0.0,0.0,0.0,6.475945665424829e-07,5.315784971490653e-08,1.370957850996079e-06,0.0,0.0,"{'I': 0, 'W': 1, 'R': 0, 'C': 'costly'}",False,True,True,0.0,3
1143,1,0.00502641738746908,0.22926352397207003,0.040179607726920315,1.3651787374949105,1.0008400096443308,1.1905624815237001,0.0066947459343094096,0.9998058476855447,,0.09999999999999998,0.09999999999999998,2.699578411556411e-07,7.33820803768041e-07,3.120190364915033e-05,0.050000000000000044,0.050000000000000044,"{'I': 1, 'W': 0, 'R': 1, 'C': 'free'}",False,True,True,1.0,3
1143,2,0.0004886227204215611,0.22367395748221272,0.003767526941490119,1.2268878967734385,1.0000543504214376,1.1265001062334412,0.0004890208908503446,0.999113136020599,0.0,0.09999999999999998,0.09999999999999998,9.422445888750726e-07,3.7266387683379374e-06,4.006369134634904e-05,0.050000000000000044,0.050000000000000044,"{'I': 1, 'W': 0, 'R': 1, 'C': 'free'}",True,False,True,0.0,3
1143,3,0.0002484648204382435,0.2985346332246654,0.0015266830197906479,2.1667650870253796,1.0000238645588835,1.1565307217834753,0.00023861426838034383,0.9999620686903536,,0.15000000000000002,0.15000000000000002,2.5612812834313773e-06,4.222834891154255e-06,8.481104011530101e-05,0.050000000000000044,0.050000000000000044,"{'I': 1, 'W': 0, 'R': 1, 'C': 'free'}",False,True,True,0.6666666666666666,3
1143,4,0.008261108221210699,0.3669122709267753,0.09009525139936438,1.4869933825567303,1.0016575891601578,1.2709870369043814,0.018053434078877606,0.9999937921109741,0.05,0.4,0.25,2.2603251003866203e-06,2.260328610978902e-06,5.829127179626904e-05,0.15000000000000002,0.25,"{'I': 1, 'W': 0, 'R': 1, 'C': 'free'}",True,False,True,0.0,3
1143,5,0.01620646473252238,0.4362388898361945,0.15935385380314257,1.881942275532119,1.0037041045835255,1.3322648769735879,0.03985395328837438,0.9999999985741661,0.15,0.4,0.25,1.5534971967861698e-06,1.7603429978399125e-06,4.0063691812141644e-05,0.4,0.4,"{'I': 1, 'W': 0, 'R': 1, 'C': 'free'}",False,True,True,0.6666666666666666,3
1143,6,0.10700037637155006,0.4078073726196876,1.0541451880748003,1.5134073343064278,1.1527494280666715,1.25935881920762,0.7586480312278572,0.9998757861640545,,0.25,0.25,4.2228349384721e-06,6.14424799496735e-06,8.481103773009887e-05,0.4,0.35,"{'I': 1, 'W': 0, 'R': 1, 'C': 'free'}",True,False,True,0.0,3
1143,7,0.006799357146434537,0.4849056585820321,0.07393490402253598,1.892343250670168,1.0012956748089632,1.4108928667009482,0.01414224314775625,0.9999999999996092,0.15,0.4,0.25,1.0129987279872463e-05,4.785117361866814e-06,8.481104038737831e-05,0.4,0.35,"{'I': 1, 'W': 0, 'R': 1, 'C': 'free'}",True,False,True,0.0,3
1146,1,0.02151642464421009,0.18126469301915826,0.1908649744823537,1.055339799597856,1.0054446975228548,1.0783994692313834,0.04769446796330801,0.9610529663223665,0.0,0.050000000000000044,0.09999999999999998,2.1024339027952868e-07,3.9278634006348006e-07,1.8925145844372497e-05,0.050000000000000044,0.050000000000000044,"{'I': 1, 'W': 0, 'R': 1, 'C': 'free'}",False,True,True,1.0,3
1146,2,0.0009549798422264946,0.3816404551103208,0.005410182473746569,1.3469342297054685,1.0001049234131092,1.271060809798425,0.0009438155069951826,0.9999951301313437,0.0,0.15000000000000002,0.15000000000000002,1.3709578458984874e-06,1.760342997915014e-06,0.00023050665532139316,0.050000000000000044,0.15000000000000002,"{'I': 1, 'W': 0, 'R': 1, 'C': 'free'}",False,True,True,0.0,3
1146,3,0.023864264696767123,0.4075207610271631,0.1908895078442479,1.540885469877514,1.0060922908043182,1.2388321913819755,0.047428836707920974,0.999999837785823,,0.09999999999999998,0.15000000000000002,0.010986942036046589,0.0009110514591407933,0.03732688942889353,0.0,0.15000000000000002,"{'I': 1, 'W': 0, 'R': 1, 'C': 'free'}",True,False,True,0.0,3
1146,4,1.7717707593609282e-05,0.5738230597076855,8.823206145594013e-05,2.095989160002081,1.0000012665961489,1.5563744804752635,1.0132711438348707e-05,0.9999999999999771,,0.30000000000000004,0.4,1.3007123706753602e-05,3.726656669300542e-06,0.9706877655897493,0.25,0.4,"{'I': 1, 'W': 0, 'R': 1, 'C': 'free'}",True,False,True,0.0,3
1146,5,0.016664424291562483,0.4318530115786769,0.1594585729461011,2.0084632849857456,1.0037180372747068,1.3113880350180138,0.04000054962696553,0.9999999998710035,0.05,0.15000000000000002,0.15000000000000002,3.72663882796837e-06,6.14417751279771e-06,0.0011695103663853844,0.050000000000000044,0.25,"{'I': 1, 'W': 0, 'R': 1, 'C': 'free'}",False,True,True,0.0,3
1146,6,0.0052172006981199524,0.3686319432981992,0.04017997998021971,1.957164685452593,1.0008596943240673,1.2555173065782403,0.006851023982103688,0.9999999974740498,0.0,0.19999999999999996,0.25,2.260325095717065e-06,2.9023119810704815e-06,0.00012339461806250708,0.050000000000000044,0.25,"{'I': 1, 'W': 0, 'R': 1, 'C': 'free'}",False,True,True,1.0,3
1146,7,4.412011007734792e-06,0.306029554848418,2.3073133576130707e-05,1.4590252699842314,1.0000002831219241,1.3073582924655764,2.2649725082146688e-06,0.9999999996267195,,0.19999999999999996,0.15000000000000002,6.962257878544037e-06,1.7603504360359124e-06,0.994779873625553,0.15000000000000002,0.25,"{'I': 1, 'W': 0, 'R': 1, 'C': 'free'}",False,True,True,0.0,3
1162,1,0.029852843524716954,0.2253413668847285,0.26853517143895905,1.3024788657728537,1.008805206641728,1.1208587877754186,0.07586766870163963,0.9869061983707903,,0.050000000000000044,0.09999999999999998,5.715002408654871e-07,7.338208040223548e-07,2.7535687561337668e-05,0.050000000000000044,0.050000000000000044,"{'I': 1, 'W': 0, 'R': 1, 'C': 'free'}",False,True,True,1.0,3
1162,2,8.97803208717885e-05,0.08810613869722939,0.0006267119598331807,1.2787127730406782,1.000008344442377,1.0312168447533503,5.840914705601552e-05,0.6590033979018379,,0.09999999999999998,0.09999999999999998,5.715002412278492e-07,6.962257778482424e-06,0.0003353500307957072,0.050000000000000044,0.050000000000000044,"{'I': 1, 'W': 0, 'R': 1, 'C': 'free'}",False,True,True,1.0,3
1162,3,0.0006449628811200848,0.186819876168683,0.003018206629740218,1.5567228921313931,1.0000691935412183,1.1255995196735804,0.00041506072318964193,0.9676505481511515,0.0,0.0,0.0,1.6701429799847932e-05,8.315279284492225e-07,5.422217011875029e-06,0.0,0.0,"{'I': 0, 'W': 1, 'R': 0, 'C': 'costly'}",False,True,True,1.0,3
1176,1,0.0032765174250567832,0.1910654659119403,0.032639461445601425,1.1169864473470332,1.0005244665029231,1.147395918268155,0.005229568131751128,0.9992149300232784,,0.09999999999999998,0.09999999999999998,1.4449802075551037e-07,9.422445903937752e-07,1.8925145840038758e-05,0.050000000000000044,0.050000000000000044,"{'I': 1, 'W': 0, 'R': 1, 'C': 'free'}",False,True,True,1.0,3
1176,2,0.26322015875901433,0.14118538493777608,1.0568351916092356,1.1919344225994113,1.2296111178492262,1.1075676256389355,0.7106701031369032,0.9963722604671154,,0.09999999999999998,0.09999999999999998,6.605216016515934e-05,2.430046925871739e-05,1.89251455596373e-05,0.050000000000000044,0.050000000000000044,"{'I': 1, 'W': 0, 'R': 1, 'C': 'free'}",False,True,True,1.0,3
1176,3,3.200908811383641e-06,0.12319986410327952,1.248672483483378e-05,1.183544393021213,1.00000020435873,1.0647736697974748,1.4305099398370658e-06,0.9876408450225617,0.0,0.0,0.050000000000000044,1.670142979725724e-05,1.444980209278054e-07,2.561281287248699e-06,0.0,0.050000000000000044,"{'I': 0, 'W': 1, 'R': 0, 'C': 'costly'}",False,True,True,1.0,3
1187,1,0.01824087605800033,0.2236050300817342,0.1094106140469707,1.4314131428175048,1.003882134598438,1.117706917174644,0.022979565264214075,0.9916459198552007,,0.050000000000000044,0.09999999999999998,2.3823696577174246e-07,3.9278634016098467e-07,7.889264380189357e-06,0.050000000000000044,0.050000000000000044,"{'I': 1, 'W': 0, 'R': 1, 'C': 'free'}",False,True,True,1.0,3
1187,2,0.0018562522407509893,0.1316386357281692,0.013970684662850766,1.0793706138556254,1.0002445168309482,1.0662595126883831,0.0021979634073210352,0.9666369839017456,0.0,0.09999999999999998,0.09999999999999998,4.222834927347939e-06,7.889264250567849e-06,3.1201902967956254e-05,0.050000000000000044,0.050000000000000044,"{'I': 1, 'W': 0, 'R': 1, 'C': 'free'}",False,True,True,1.0,3
1187,3,0.0006222321266546924,0.12079708202731142,0.004755974327396537,1.0648257799766128,1.0000718812599128,1.1121703832201733,0.0005748641149025957,0.9994729693518364,0.0,0.050000000000000044,0.050000000000000044,1.7603430032613896e-06,1.125351754631899e-07,1.5534971948266318e-06,0.0,0.050000000000000044,"{'I': 0, 'W': 1, 'R': 0, 'C': 'costly'}",False,True,True,1.0,3
119,1,0.0036161489759676505,0.1846602166211461,0.021420656897472985,1.413627208749862,1.0005332977585202,1.1244921836914668,0.0031938224981635788,0.9869799790681876,,0.050000000000000044,0.09999999999999998,8.315279265145277e-07,1.994729953203127e-06,7.484626214457208e-05,0.050000000000000044,0.050000000000000044,"{'I': 1, 'W': 0, 'R': 1, 'C': 'free'}",False,True,True,1.0,3
119,2,3.344164258373765e-05,0.2915930609067907,0.00020041780109289505,1.4489968439117047,1.0000027815306143,1.1705794313999147,1.6689021211657717e-05,0.996551994056147,,0.09999999999999998,0.09999999999999998,1.8553914591848648e-07,4.785094462524166e-06,2.7535687635814195e-05,0.050000000000000044,0.050000000000000044,"{'I': 1, 'W': 0, 'R': 1, 'C': 'free'}",False,True,True,1.0,3
119,3,0.009128397855959383,0.4905300254397846,0.07256122406279811,2.0359386439223828,1.0014132640552296,1.3173362006525535,0.014023406371736491,0.999998964455716,0.05,0.15000000000000002,0.09999999999999998,2.1444958608078262e-05,2.753571365770523e-05,0.00010889693432226473,0.050000000000000044,0.050000000000000044,"{'I': 1, 'W': 0, 'R': 1, 'C': 'free'}",False,True,True,0.0,3
119,4,0.1317310411357493,0.468704590364983,0.47510758713676676,1.9532874910745226,1.0515632393697887,1.2961929408721635,0.26041579692389283,0.9999999940417954,0.0,0.09999999999999998,0.15000000000000002,5.829127236148008e-05,1.0129987285327123e-05,7.484626259530635e-05,0.050000000000000044,0.050000000000000044,"{'I': 1, 'W': 0, 'R': 1, 'C': 'free'}",False,True,True,0.6666666666666666,3
119,5,3.2925677243553413e-05,0.4484951769118276,0.0001593374072721455,1.6167856826612752,1.0000026464328076,1.293503096803901,1.3232058984291584e-05,0.9999999090821383,,0.09999999999999998,0.09999999999999998,7.889264412034135e-06,4.785094435507216e-06,3.535625482113201e-05,0.050000000000000044,0.050000000000000044,"{'I': 1, 'W': 0, 'R': 1, 'C': 'free'}",False,True,True,0.0,3
119,6,0.005295670177765483,0.4039530992772023,0.026464201132613854,1.9418759477853367,1.0008161569216394,1.3254930009143513,0.0040708119231926965,0.9999995671143591,,0.09999999999999998,0.09999999999999998,1.1478768074322588e-05,6.144177502591225e-06,1.8925145915917603e-05,0.050000000000000044,0.050000000000000044,"{'I': 1, 'W': 0, 'R': 1, 'C': 'free'}",False,True,True,0.0,3
119,7,0.0001572136864871715,0.35242493374059164,0.0007858885328501083,1.3959609961010335,1.0000149722386016,1.2598521997336665,7.485783060701134e-05,0.9999995215183491,,0.09999999999999998,0.09999999999999998,1.5534971970353707e-06,2.2603251001231537e-06,7.889264464761571e-06,0.050000000000000044,0.050000000000000044,"{'I': 1, 'W': 0, 'R': 1, 'C': 'free'}",False,True,True,0.0,3
12,1,0.012541381271768159,0.28334004130035195,0.09009478278334154,1.642047712789042,1.0024186838933862,1.188584082123585,0.019140556700131928,0.9996463088842034,,0.09999999999999998,0.09999999999999998,2.102433908534127e-07,7.33820803937912e-07,2.43002521436752e-05,0.050000000000000044,0.050000000000000044,"{'I': 1, 'W': 0, 'R': 1, 'C': 'free'}",False,True,True,1.0,3
12,2,0.0018691619612092771,0.21683853553445206,0.013970691363262781,1.0555162113473453,1.0002522990021427,1.2047827807981417,0.00201610237069616,0.9995183393404089,,0.09999999999999998,0.09999999999999998,7.33820801397314e-07,1.7603429961619216e-06,1.6701429536746962e-05,0.050000000000000044,0.050000000000000044,"{'I': 1, 'W': 0, 'R': 1, 'C': 'free'}",True,False,True,0.0,3
12,3,0.11376208169865669,0.36209583997185807,0.9095876907302297,2.2479067636827152,1.1925511428900673,1.2250176606807262,0.7555534589148696,0.9999948541276316,,0.09999999999999998,0.15000000000000002,1.3007123430718645e-05,1.3709578571037562e-06,8.48110402011894e-05,0.050000000000000044,0.050000000000000044,"{'I': 1, 'W': 0, 'R': 1, 'C': 'free'}",True,False,True,0.0,3
12,4,0.00017589218201964057,0.43539032698081453,0.0010227067290521732,1.9354793665045054,1.0000168277079398,1.345179949504365,0.00010096030129846945,0.9999999999329576,,0.19999999999999996,0.4,2.4300251931561978e-05,3.726648374349774e-06,0.9996646465020701,0.050000000000000044,0.25,"{'I': 1, 'W': 0, 'R': 1, 'C': 'free'}",False,True,True,1.0,3
12,5,4.310417868013373e-05,0.353400098110493,0.00015935580787398887,1.4798669657912842,1.0000033378474882,1.293388934535387,2.002685096513801e-05,0.999999999108873,,0.19999999999999996,0.25,3.28875061371074e-06,1.760342997741794e-06,0.008577485300093961,0.15000000000000002,0.25,"{'I': 1, 'W': 0, 'R': 1, 'C': 'free'}",True,False,True,0.0,3
12,6,0.004683078495530921,0.3914305502562291,0.03264013531244917,1.7567372242437191,1.0007494924826028,1.4424470698974765,0.005230753986189884,0.9999999998632879,0.0,0.19999999999999996,0.4,4.0064097039925176e-05,8.93978997425369e-06,0.9995121408856529,0.25,0.75,"{'I': 1, 'W': 0, 'R': 1, 'C': 'free'}",True,False,True,0.0,3
12,7,0.002538055595597534,0.3797008229222867,0.01731538324398568,1.6549905884264482,1.0003591273468055,1.334703656631246,0.0025102840861878084,0.9999927686207586,0.0,0.19999999999999996,0.30000000000000004,4.006369082987134e-05,1.14788705846352e-05,0.9940889254359375,0.15000000000000002,0.65,"{'I': 1, 'W': 0, 'R': 1, 'C': 'free'}",True,False,True,0.0,3
1217,1,0.0008050853275953656,0.24040437278536622,0.00376746865146608,1.2932155518304116,1.0000901315438844,1.1372534939506311,0.00045053588961652125,0.9989046216019375,,0.09999999999999998,0.09999999999999998,3.4663274417957133e-07,8.315279256134397e-07,8.48110408978239e-05,0.050000000000000044,0.050000000000000044,"{'I': 1, 'W': 0, 'R': 1, 'C': 'free'}",False,True,True,1.0,3
1217,2,0.00010292428363126262,0.25353025476215485,0.0004993885042492088,1.286401526834322,1.0000092504769704,1.138561849172026,4.62511013100686e-05,0.9997184649486323,,0.09999999999999998,0.09999999999999998,2.9023119709487855e-06,6.9622578304464075e-06,9.610239042141962e-05,0.050000000000000044,0.050000000000000044,"{'I': 1, 'W': 0, 'R': 1, 'C': 'free'}",False,True,True,1.0,3
1217,3,0.001071346561719274,0.2798401961436598,0.0072888371768843096,1.3185459612023875,1.0001326634228793,1.175464457858466,0.0009281513678697229,0.9999622600455472,0.0,0.09999999999999998,0.050000000000000044,2.5612812883006732e-06,2.3823696664432653e-07,1.9947299543848077e-06,0.050000000000000044,0.050000000000000044,"{'I': 1, 'W': 0, 'R': 1, 'C': 'free'}",False,True,True,1.0,3
1217,4,0.11163095713026529,0.24155891066697788,0.6628479629044078,1.317071006823964,1.0823585109348595,1.1934332732925723,0.3780246387137044,0.9998554250992404,,0.050000000000000044,0.050000000000000044,5.715002415983445e-07,8.315279271191517e-07,6.144177499726683e-06,0.050000000000000044,0.050000000000000044,"{'I': 1, 'W': 0, 'R': 1, 'C': 'free'}",False,True,True,0.0,3
1217,5,0.09672905283970093,0.22583318943957795,0.8703333541583871,1.775870939583638,1.0437149986910408,1.255398385282508,0.3196025470259254,0.9999994019171354,0.0,0.09999999999999998,0.050000000000000044,6.144177523217714e-06,8.939699436703109e-06,3.2887506259979066e-06,0.050000000000000044,0.050000000000000044,"{'I': 1, 'W': 0, 'R': 1, 'C': 'free'}",False,True,True,0.0,3
1217,6,9.402702543271555e-06,0.32764126219461465,5.6102858734996746e-05,1.6329733282293706,1.000000625847942,1.2494361915287646,5.006769434712233e-06,0.9999991927410783,,0.19999999999999996,0.15000000000000002,3.7266388237639216e-06,4.785094449259336e-06,2.753568777729424e-05,0.050000000000000044,0.050000000000000044,"{'I': 1, 'W': 0, 'R': 1, 'C': 'free'}",True,False,True,0.0,3
1217,7,0.005012207881011192,0.5108946773109356,0.03278467216724222,1.8838388716127004,1.0007462339673683,1.3617673939223027,0.006691115188106611,0.9999999951513787,,0.19999999999999996,0.25,2.902311981991845e-06,4.785094466096969e-06,2.7535687810373926e-05,0.15000000000000002,0.25,"{'I': 1, 'W': 0, 'R': 1, 'C': 'free'}",False,True,True,0.0,3
1222,1,0.018244031663031877,0.17455611730094706,0.10941061184769756,1.1329137999685843,1.003882373941734,1.0774636842001526,0.022980962896992252,0.9208756421945482,,0.050000000000000044,0.09999999999999998,3.0590233469846724e-07,2.1024339089802054e-07,8.939699443250241e-06,0.050000000000000044,0.050000000000000044,"{'I': 1, 'W': 0, 'R': 1, 'C': 'free'}",False,True,True,1.0,3
1222,2,0.02534816279233811,0.3019529268049203,0.22720588695960378,1.673087363690301,1.006917704275146,1.1841037793329658,0.060159388790599566,0.9999446148292973,0.0,0.25,0.09999999999999998,0.07585817292364574,0.0005527790095398434,0.02931223266463492,0.15000000000000002,0.050000000000000044,"{'I': 1, 'W': 0, 'R': 1, 'C': 'free'}",False,True,True,1.0,3
1222,3,0.00042748161838055754,0.3913859234601597,0.0029291833238153154,1.5803691284559034,1.0000442209711555,1.261953728010243,0.00030949205151098447,0.9999999979570161,,0.25,0.15000000000000002,1.670142968120822e-05,5.829173088802778e-05,0.004070138684990319,0.15000000000000002,0.25,"{'I': 1, 'W': 0, 'R': 1, 'C': 'free'}",False,True,True,1.0,3
1222,4,0.00335338237147202,0.4760293024105389,0.027968026522304918,1.8581902361997864,1.0004653638864898,1.3253692593385518,0.005567511301530881,0.9999999999944409,0.05,0.19999999999999996,0.15000000000000002,4.785094491169386e-06,7.889264422916753e-06,0.02297736975131198,0.15000000000000002,0.4,"{'I': 1, 'W': 0, 'R': 1, 'C': 'free'}",False,True,True,1.0,3
1222,5,4.0515243553479706e-05,0.4104993763423539,0.0002560367711769935,1.914581575057534,1.0000030994176499,1.321176532474856,2.1695654573217205e-05,0.9999999999999877,,0.4,0.4,0.022977372170332577,5.829134279059283e-05,0.3775406526906358,0.25,0.35,"{'I': 1, 'W': 0, 'R': 1, 'C': 'free'}",False,True,True,0.0,3
1222,6,0.005469442216255135,0.4472605216696519,0.04845352160848575,1.7924494457094409,1.0008193349319638,1.2692070148464314,0.00734389598173113,0.9999999915963526,,0.19999999999999996,0.19999999999999996,4.785094458545907e-06,6.144177431416079e-06,0.14804719404624628,0.15000000000000002,0.4,"{'I': 1, 'W': 0, 'R': 1, 'C': 'free'}",False,True,True,0.0,3
1222,7,0.00025758446743457547,0.363199250448881,0.002417670794757895,1.774285114365666,1.0000273078009154,1.255357295899057,0.0002730369992542947,0.9999999995859034,0.05,0.19999999999999996,0.19999999999999996,2.561281286242444e-06,2.9023119700765656e-06,0.09534946205653383,0.15000000000000002,0.4,"{'I': 1, 'W': 0, 'R': 1, 'C': 'free'}",False,True,True,0.0,3
1224,1,0.025893658111160723,0.11929400494029395,0.20869656602383685,0.8673961397994758,1.0059659374406977,1.0809600241920214,0.09078290707841763,0.9945705658451912,,0.09999999999999998,0.09999999999999998,6.825603720635798e-08,7.338208044886131e-07,1.0129987320140262e-05,0.050000000000000044,0.050000000000000044,"{'I': 1, 'W': 0, 'R': 1, 'C': 'free'}",False,True,True,1.0,3
1224,2,0.0006027457092677434,0.444700648490751,0.00769355900069754,1.9349270449061957,1.0000737037299476,1.3309381757656578,0.0009576543376157431,0.9999999162469346,,0.15000000000000002,0.15000000000000002,8.315279269747668e-07,1.9947299463954536e-06,8.481104077842623e-05,0.050000000000000044,0.15000000000000002,"{'I': 1, 'W': 0, 'R': 1, 'C': 'free'}",False,True,True,1.0,3
1224,3,0.0013015734948145796,0.2446698642364059,0.007709728655657234,1.1719603072843927,1.0001533845216877,1.1942911945120953,0.000919813269099401,0.9999314436692417,0.0,0.15000000000000002,0.15000000000000002,6.962257861716545e-06,1.1478838514968483e-05,0.00048785700018341276,0.050000000000000044,0.15000000000000002,"{'I': 1, 'W': 0, 'R': 1, 'C': 'free'}",False,True,True,1.0,3
1224,4,0.10734078522934598,0.19454749825372777,0.733851813762371,1.0031135724698217,1.1517094417208493,1.1822818363014864,0.6279515413951362,0.9934178242188094,,0.15000000000000002,0.15000000000000002,0.003172684403853287,0.07585817555861715,0.09534946158030284,0.050000000000000044,0.050000000000000044,"{'I': 1, 'W': 0, 'R': 1, 'C': 'free'}",False,True,True,1.0,3
1224,5,0.008750119845095135,0.3697783440694581,0.06048898534809088,1.4922410054527226,1.001589558351155,1.20929701028894,0.011056497012778221,0.9999964287243378,0.05,0.19999999999999996,0.25,1.473898895135282e-05,0.00015843642748020336,0.9980732645135465,0.15000000000000002,0.25,"{'I': 1, 'W': 0, 'R': 1, 'C': 'free'}",False,True,True,1.0,3
1224,6,3.816095015077446e-05,0.34449860617125283,0.00025197864711147116,1.717778088359664,1.0000031845630413,1.2290092572969045,2.2291657330586467e-05,0.9999667154804303,,0.19999999999999996,0.19999999999999996,8.939699450483647e-06,2.430111089346484e-05,0.0011695103298820348,0.15000000000000002,0.15000000000000002,"{'I': 1, 'W': 0, 'R': 1, 'C': 'free'}",True,True,True,0.0,3
1224,7,0.0001229342873448236,0.3709291521896337,0.0004693543976353927,2.0834132192044246,1.0000104902963254,1.3060162267914646,6.29394670441652e-05,0.9999999999993311,,0.15000000000000002,0.25,7.889264442845326e-06,6.962257860860822e-06,0.0004305570999446948,0.15000000000000002,0.25,"{'I': 1, 'W': 0, 'R': 1, 'C': 'free'}",False,True,True,1.0,3
1237,1,0.01510243472308155,0.13760527927311625,0.09009478037247515,0.9524664556901042,1.0030368073115117,1.0960201927476663,0.018028735384291505,0.9417058762650484,,0.050000000000000044,0.09999999999999998,4.450852634293338e-07,4.450852635901822e-07,8.93969945588997e-06,0.050000000000000044,0.050000000000000044,"{'I': 1, 'W': 0, 'R': 1, 'C': 'free'}",False,True,True,1.0,3
1237,2,0.045539214970534536,0.17005981926154914,0.26853519962893074,0.9286053618789802,1.013328497656742,1.1262220603534498,0.07636908348209814,0.9903024320940907,0.0,0.09999999999999998,0.09999999999999998,1.0677029911745177e-06,3.7266387789864057e-06,0.0015011820983649284,0.050000000000000044,0.050000000000000044,"{'I': 1, 'W': 0, 'R': 1, 'C': 'free'}",False,True,True,1.0,3
1237,3,0.03360107518773661,0.3408462948641,0.26853522022806053,1.4752506018738865,1.0099128750805244,1.295066491969823,0.07587923579295319,0.9999996930553078,0.0,0.15000000000000002,0.15000000000000002,1.0677029931461186e-06,3.288750599196643e-06,1.8925145885937614e-05,0.050000000000000044,0.050000000000000044,"{'I': 1, 'W': 0, 'R': 1, 'C': 'free'}",False,True,True,1.0,3
1237,4,0.00871884726290102,0.27202589671666283,0.06052949865915206,1.1231814169478211,1.0015864156660013,1.1855085088938793,0.01103477570056588,0.9999738235876884,,0.050000000000000044,0.09999999999999998,3.2887505573762553e-06,3.288750571403474e-06,5.144221144504951e-05,0.050000000000000044,0.050000000000000044,"{'I': 1, 'W': 0, 'R': 1, 'C': 'free'}",True,False,True,0.0,3
1237,5,6.739129930152694e-05,0.09501797666152434,0.00020048144348008235,1.1113690914592902,1.0000056028056148,1.0545765222429484,3.361617447850129e-05,0.9715706193047215,0.0,0.0,0.050000000000000044,0.008577485254831199,1.8553914605403634e-07,7.889264460978502e-06,0.0,0.0,"{'I': 0, 'W': 1, 'R': 0, 'C': 'costly'}",False,True,True,1.0,3
1245,1,0.002495699249480577,0.40484710563873266,0.01125999528661914,1.300394739605917,1.0003583581707798,1.2928207100533227,0.002147454767603585,0.9999553309950944,0.0,0.050000000000000044,0.09999999999999998,2.3823696577593318e-07,5.043476473908465e-07,8.939699440366389e-06,0.050000000000000044,0.050000000000000044,"{'I': 1, 'W': 0, 'R': 1, 'C': 'free'}",False,True,True,1.0,3
1245,2,0.03663307301604403,0.1486648863619851,0.5311707971839562,1.2437695598269658,1.0134961979164803,1.0980664378885607,0.3221112760301882,0.9966760512174084,0.0,0.0,0.050000000000000044,1.0129987356980046e-05,1.1253517546241552e-07,2.2603250962509362e-06,0.0,0.050000000000000044,"{'I': 0, 'W': 1, 'R': 0, 'C': 'costly'}",False,True,True,0.6666666666666666,3
1270,1,0.022057715285619877,0.15827932643563272,0.13234324013628954,0.9487113347483936,1.0049707158973264,1.0994437156614922,0.02931222859905147,0.9845692176319575,,0.050000000000000044,0.09999999999999998,2.102433905422685e-07,6.475945651045528e-07,1.892514580335788e-05,0.050000000000000044,0.050000000000000044,"{'I': 1, 'W': 0, 'R': 1, 'C': 'free'}",False,True,True,1.0,3
1270,2,0.13873777344388818,0.39700671682166727,0.6861644686328655,1.7270433067543827,1.0823965687138684,1.221610935951049,0.5096317552234778,0.999899749614225,0.0,0.19999999999999996,0.25,8.315279281211622e-07,1.1478767580412623e-05,0.00020342723460439096,0.050000000000000044,0.25,"{'I': 1, 'W': 0, 'R': 1, 'C': 'free'}",False,True,True,1.0,3
1270,3,0.004234082245531155,0.2973263335722447,0.014007072086476252,2.013446872774834,1.0005740556460578,1.209071373206466,0.0034374241188558363,0.9999997903991835,0.0,0.09999999999999998,0.15000000000000002,3.28875061760526e-06,4.785094437125194e-06,7.484641089536955e-05,0.050000000000000044,0.25,"{'I': 1, 'W': 0, 'R': 1, 'C': 'free'}",False,True,True,1.0,3
1270,4,0.003996639044722252,0.2641349143497491,0.01988866503409678,1.5424091228232253,1.000572696341127,1.1404712940835282,0.0028585685558008,0.9954339432689973,,0.050000000000000044,0.050000000000000044,5.422217555238366e-06,4.785094425983288e-06,1.8925145711289384e-05,0.050000000000000044,0.050000000000000044,"{'I': 1, 'W': 0, 'R': 1, 'C': 'free'}",True,False,True,0.0,3
1270,5,0.00016548477008490885,0.2609109287263063,0.0006266410869887145,1.584831468786251,1.0000150399843608,1.2579698361454912,9.02351561310466e-05,0.9999994742543851,0.0,0.0,0.050000000000000044,6.14417752983099e-06,6.475945663753072e-07,4.222834933564977e-06,0.0,0.050000000000000044,"{'I': 0, 'W': 1, 'R': 0, 'C': 'costly'}",False,True,True,1.0,3
129,1,0.09427596052063666,0.15952797756827458,0.5822212997370302,1.1608931379130267,1.1831429159039404,1.0665537539397851,0.7395632073647403,0.967121323834449,0.0,0.09999999999999998,0.09999999999999998,5.043476467159881e-07,1.2098659694780344e-06,4.006369191146279e-05,0.050000000000000044,0.050000000000000044,"{'I': 1, 'W': 0, 'R': 1, 'C': 'free'}",False,True,True,1.0,3
129,2,0.03006969309914398,0.4376072429744313,0.47936508915982234,1.9836546900827399,1.0085705548659025,1.2752322974185597,0.14239585124698517,0.999999410842925,0.05,0.15000000000000002,0.15000000000000002,8.31527927202741e-07,1.7603429977593846e-06,3.5356254719256814e-05,0.050000000000000044,0.15000000000000002,"{'I': 1, 'W': 0, 'R': 1, 'C': 'free'}",False,True,True,0.6666666666666666,3
129,3,0.00043573781849714523,0.17792552070079018,0.0037674672700970975,1.3176589677464108,1.0000491448642939,1.1694731523175348,0.00044219511342979967,0.9999167115783172,0.0,0.050000000000000044,0.050000000000000044,0.9999251530637896,6.144177581659761e-06,3.1201903599771614e-05,0.050000000000000044,0.050000000000000044,"{'I': 0, 'W': 1, 'R': 0, 'C': 'costly'}",False,True,True,0.0,3
1307,1,0.07153791988801084,0.35384789378326253,0.587046964890488,2.039325769872489,1.0343349981385297,1.2549615540464123,0.28651014685745635,0.9999925660764517,,0.050000000000000044,0.09999999999999998,1.1253517525302646e-07,2.6995784151457216e-07,1.3007123744476472e-05,0.050000000000000044,0.050000000000000044,"{'I': 1, 'W': 0, 'R': 1, 'C': 'free'}",False,True,True,1.0,3
1307,2,0.0006918494890816838,0.6654772899873062,0.004987868303122138,2.043422834857781,1.0000748847557375,1.5548628047220268,0.0007485392247714717,0.9999957083735517,,0.09999999999999998,0.09999999999999998,1.2098659599982232e-06,6.144177409417265e-06,2.144495824311419e-05,0.050000000000000044,0.050000000000000044,"{'I': 1, 'W': 0, 'R': 1, 'C': 'free'}",True,False,True,0.0,3
1307,3,0.0029819079363316778,0.5181542092645713,0.017311643729698963,1.8661111833131612,1.000420266655956,1.4628396689892986,0.0025178949833406516,0.99999999879946,0.0,0.25,0.30000000000000004,2.2603250992808175e-06,2.9023194122387488e-06,9.610239192273745e-05,0.15000000000000002,0.4,"{'I': 1, 'W': 0, 'R': 1, 'C': 'free'}",False,True,True,1.0,3
1307,4,0.2902960096862885,0.3934516607747542,1.6922342586025207,2.1105944345207686,1.1964750955809516,1.2428795589078747,0.7618938056475854,0.9999948480284502,0.05,0.15000000000000002,0.15000000000000002,0.9998204714207728,2.260325432376417e-06,1.0129987291912186e-05,0.25,0.15000000000000002,"{'I': 0, 'W': 1, 'R': 0, 'C': 'costly'}",False,True,True,0.6666666666666666,3
1320,1,0.002039693158056661,0.17445205824693955,0.0090643945672618,1.0998532443002371,1.0002538339067382,1.108533027625138,0.0012682036310399658,0.9699013967925685,,0.050000000000000044,0.09999999999999998,1.3709578512479994e-06,3.059023360655446e-07,1.4738988954514189e-05,0.050000000000000044,0.050000000000000044,"{'I': 1, 'W': 0, 'R': 1, 'C': 'free'}",False,True,True,1.0,3
1320,2,0.02992969890375111,0.3407348346991852,0.26853519566578754,1.3955625665860576,1.0088120879295472,1.195492694149907,0.07592440020210212,0.9999734092038001,0.0,0.09999999999999998,0.92,2.561281585777172e-06,2.260325098186032e-06,7.484626247136461e-05,0.050000000000000044,0.050000000000000044,"{'I': 1, 'W': 0, 'R': 1, 'C': 'free'}",False,True,True,1.0,3
1320,3,0.03814472372867162,0.245748634946764,0.22760887884903888,1.5261243971879987,1.0104085489110353,1.1717058631200787,0.0602378969543762,0.9991998657509102,0.0,0.09999999999999998,0.09999999999999998,9.422445908892647e-07,4.222834885439658e-06,4.006369120332663e-05,0.050000000000000044,0.050000000000000044,"{'I': 1, 'W': 0, 'R': 1, 'C': 'free'}",False,True,True,1.0,3
1320,4,0.00029914343629180426,0.1434471659484922,0.000988845556665684,0.855175364812517,1.0000287683482914,1.1296820700910297,0.0001725927111058123,0.9992491000330477,0.0,0.0,0.050000000000000044,0.00015843623574798428,6.475945657852914e-07,3.535625465522459e-05,0.0,0.0,"{'I': 0, 'W': 1, 'R': 0, 'C': 'costly'}",False,True,True,0.6666666666666666,3
1335,1,0.01459820436199565,0.21651721520019065,0.07393387470124868,1.4075648554336322,1.0025617099175477,1.1652870373697024,0.017749626526312845,0.9996488534552708,0.0,0.09999999999999998,0.91,3.0590233606410627e-07,1.0677029950197332e-06,5.829127227086394e-05,0.050000000000000044,0.050000000000000044,"{'I': 1, 'W': 0, 'R': 1, 'C': 'free'}",False,True,True,1.0,3
1335,2,0.006442131959407942,0.4911468539214635,0.0401796091117607,1.8616787602618021,1.0010285888620312,1.3614452327715318,0.008190753295106878,0.9999990667626744,0.0,0.09999999999999998,0.09999999999999998,5.715002411670101e-07,1.9947299395394787e-06,2.7535687615841785e-05,0.050000000000000044,0.050000000000000044,"{'I': 1, 'W': 0, 'R': 1, 'C': 'free'}",False,True,True,1.0,3
1335,3,0.017005850276497616,0.19216383388769134,0.13620398451280954,1.4172031786591575,1.00354401940955,1.1052339155981072,0.04832202064831914,0.998773780058221,0.0,0.09999999999999998,0.09999999999999998,1.5534971947263685e-06,1.9947299472708435e-06,2.7535687229050505e-05,0.050000000000000044,0.050000000000000044,"{'I': 1, 'W': 0, 'R': 1, 'C': 'free'}",False,True,True,1.0,3
1335,4,1.1361687591612408e-05,0.25641095713646467,6.340366683874715e-05,1.0908893944065947,1.0000008195626204,1.148853050585873,6.556476783825538e-06,0.9999737034130413,,0.09999999999999998,0.91,3.288750606210865e-06,1.3007123404145188e-05,5.144221271801447e-05,0.050000000000000044,0.050000000000000044,"{'I': 1, 'W': 0, 'R': 1, 'C': 'free'}",False,True,True,1.0,3
1335,5,0.21491695671041278,0.15502077981150675,1.0745303907454238,1.3546632386088087,1.15640073744618,1.0708451742852756,0.5164312802193527,0.8881216338214477,0.0,0.0,0.0,5.829127249724161e-05,1.0677029972112963e-06,2.561281289551191e-06,0.0,0.0,"{'I': 0, 'W': 1, 'R': 0, 'C': 'costly'}",False,True,True,1.0,3
136,1,0.01033084091436147,0.14244054390327615,0.09009477853914223,1.4083003656096824,1.0020519672984212,1.13991416912915,0.018279646907863545,0.9964149314414074,0.0,0.050000000000000044,0.09999999999999998,3.466327436043429e-07,5.043476479020684e-07,1.6701429624422357e-05,0.050000000000000044,0.050000000000000044,"{'I': 1, 'W': 0, 'R': 1, 'C': 'free'}",False,True,True,1.0,3
136,2,0.0003763929028069027,0.5561984783189688,0.0019335012885775896,2.063435197289893,1.0000365206213924,1.4114952448256726,0.0002921169617750019,0.9999992703009097,0.0,0.09999999999999998,0.09999999999999998,2.9023119704487802e-06,1.7603504268593053e-06,4.0063691659567056e-05,0.050000000000000044,0.050000000000000044,"{'I': 1, 'W': 0, 'R': 1, 'C': 'free'}",False,True,True,1.0,3
136,3,0.07137513730155198,0.24140777502070498,0.32922874408665875,1.6676883765896608,1.020708336116554,1.1564960141135672,0.18532688698518907,0.9946689721783749,0.05,0.15000000000000002,0.09999999999999998,2.7535687787060727e-05,0.008577485273359216,0.0052201264599838265,0.050000000000000044,0.050000000000000044,"{'I': 1, 'W': 0, 'R': 1, 'C': 'free'}",False,True,True,0.6666666666666666,3
136,4,0.010601020679877915,0.22027168035758052,0.07393390615664895,1.3086966836793401,1.0020284357185645,1.088217647191159,0.014084540122213163,0.9687641262150211,0.0,0.09999999999999998,0.09999999999999998,3.726638825627386e-06,3.535629741706274e-05,0.0005527785414058088,0.050000000000000044,0.050000000000000044,"{'I': 1, 'W': 0, 'R': 1, 'C': 'free'}",False,True,True,0.6666666666666666,3
136,5,9.22608685878593e-05,0.2547078683487244,0.00062663289296242,1.7786400906168935,1.0000084806826748,1.1661012443200136,5.936276495865922e-05,0.9990071849429927,0.0,0.0,0.050000000000000044,0.00020342704612846726,8.315279284644106e-07,7.484626283304875e-05,0.050000000000000044,0.050000000000000044,"{'I': 0, 'W': 1, 'R': 0, 'C': 'costly'}",False,True,True,1.0,3
1391,1,0.003816911977601505,0.24024504619107515,0.026464206026508747,1.3240663540139337,1.0005855765143064,1.1240812058803165,0.004089451246274245,0.990708356614328,,0.050000000000000044,0.09999999999999998,2.699578410107725e-07,5.715002416887174e-07,2.1444958554165818e-05,0.050000000000000044,0.050000000000000044,"{'I': 1, 'W': 0, 'R': 1, 'C': 'free'}",False,True,True,1.0,3
1391,2,0.005116640645325756,0.20677445373858722,0.021421132987629318,1.1649102384039545,1.0007092073293427,1.1345359273883144,0.004244701444429788,0.9996007285122245,0.0,0.09999999999999998,0.09999999999999998,5.422217630356744e-06,7.88929762697578e-06,7.484626232121891e-05,0.050000000000000044,0.050000000000000044,"{'I': 1, 'W': 0, 'R': 1, 'C': 'free'}",False,True,True,1.0,3
1391,3,8.583554550355344e-06,0.42433883946506595,2.8939777797475822e-05,2.308383855714759,1.000000566243831,1.351325922463919,4.529939104713776e-06,0.9999999976566731,,0.09999999999999998,0.09999999999999998,1.7603429913650554e-06,4.222834904247225e-06,7.484626135706446e-05,0.050000000000000044,0.050000000000000044,"{'I': 1, 'W': 0, 'R': 1, 'C': 'free'}",False,True,True,1.0,3
1391,4,0.035059012873338534,0.2246008156120486,0.19526986227973672,1.502197251182858,1.0085608560638248,1.1522487723555137,0.04986055260850486,0.9999757879844796,,0.050000000000000044,0.050000000000000044,2.7535687815775638e-05,2.260325102910329e-06,1.4738988860329194e-05,0.050000000000000044,0.050000000000000044,"{'I': 0, 'W': 1, 'R': 0, 'C': 'costly'}",False,True,True,1.0,3
1399,1,0.006653478730619059,0.2249324022806193,0.04935754109360836,1.0041031317044784,1.0011032671670421,1.13586384863844,0.009874851419902408,0.9971490392379355,,0.050000000000000044,0.09999999999999998,3.059023358911706e-07,8.315279272821053e-07,0.00012339461766527535,0.050000000000000044,0.050000000000000044,"{'I': 1, 'W': 0, 'R': 1, 'C': 'free'}",False,True,True,1.0,3
1399,2,0.0006004404864685894,0.1586726710300606,0.0029756604594152877,1.1531416349810377,1.0000643657001238,1.0729264572579764,0.0005791049126543379,0.9357649942078827,,0.09999999999999998,0.09999999999999998,1.0677029906306459e-06,3.726638737496857e-06,7.484626130523108e-05,0.050000000000000044,0.050000000000000044,"{'I': 1, 'W': 0, 'R': 1, 'C': 'free'}",True,False,True,0.0,3
1399,3,0.06277125986197941,0.2958488889720738,0.54699905764716,1.3977848446134922,1.0289486637281011,1.1544436112015817,0.2265065640508871,0.9993408397003708,0.0,0.19999999999999996,0.19999999999999996,2.5612812882609753e-06,5.422216993835334e-06,0.017986213344896595,0.050000000000000044,0.4,"{'I': 1, 'W': 0, 'R': 1, 'C': 'free'}",False,True,True,1.0,3
1399,4,0.0006516435683078072,0.22915921559282595,0.004835775506411052,1.185024420124781,1.0000742502468996,1.217473517365306,0.0005938035527387475,0.9999909241327819,,0.19999999999999996,0.19999999999999996,3.2887506177540504e-06,1.0130035806225768e-05,0.03732688925128901,0.15000000000000002,0.4,"{'I': 1, 'W': 0, 'R': 1, 'C': 'free'}",False,True,True,0.0,3
1399,5,0.002444847565821091,0.2847885889270339,0.01733440894171649,1.5901238998210505,1.000329805511485,1.157805937166401,0.0029633607912475934,0.9984150118489629,,0.30000000000000004,0.4,2.753568716522191e-05,1.3007792180436569e-05,0.3208212807352109,0.15000000000000002,0.5,"{'I': 1, 'W': 0, 'R': 1, 'C': 'free'}",True,True,True,0.0,3
1399,6,0.0008868983788567706,0.3345626566823736,0.007867699371892752,1.5344986259731483,1.0001076799492943,1.2916815953893788,0.0009685979758752294,0.9999998342260692,,0.30000000000000004,0.30000000000000004,3.535625450995652e-05,4.539837264732788e-05,0.9986749759896855,0.4,0.4,"{'I': 1, 'W': 0, 'R': 1, 'C': 'free'}",True,False,True,0.0,3
1399,7,0.0005506010059419593,0.24792907069873313,0.0037682506125907176,1.4246970360487807,1.0000599536871848,1.1558979497220634,0.0005993392247963802,0.9997408275250055,0.0,0.5,0.5,1.892514574511322e-05,4.785127732906956e-06,0.8175744569678802,0.15000000000000002,0.4,"{'I': 1, 'W': 0, 'R': 1, 'C': 'free'}",True,False,True,0.0,3
1429,1,0.015522988342779438,0.26446220273495685,0.09009477812736526,1.0869506749082685,1.0030769789269112,1.1345223230567514,0.018264669954654145,0.9742710727595773,,0.050000000000000044,0.09999999999999998,4.4508526320244097e-07,7.33820803953541e-07,2.7535687611590252e-05,0.050000000000000044,0.050000000000000044,"{'I': 1, 'W': 0, 'R': 1, 'C': 'free'}",False,True,True,1.0,3
1429,2,0.0448909551083636,0.16421862351423913,0.2685351781969375,1.3452036134943877,1.0132480142242852,1.1131951974123322,0.0759288057888916,0.9889336502653054,0.0,0.09999999999999998,0.09999999999999998,6.475945626887316e-07,4.2228348957066174e-06,5.14422125544062e-05,0.050000000000000044,0.050000000000000044,"{'I': 1, 'W': 0, 'R': 1, 'C': 'free'}",False,True,True,1.0,3
1429,3,0.0006343684834298656,0.1190406769897864,0.003767467271567776,1.0106214853411726,1.0000722081134674,1.078124977618232,0.0004331392076405427,0.9827865397027735,0.0,0.0,0.050000000000000044,1.3007123810546916e-05,1.760343000815483e-06,1.0129987254773022e-05,0.0,0.0,"{'I': 0, 'W': 1, 'R': 0, 'C': 'costly'}",False,True,True,1.0,3
1439,1,0.01565953671510357,0.19151614527845814,0.10941061365125312,1.2273956202363538,1.0033287413052892,1.0777115898530405,0.02299400728940082,0.9568587465073419,,0.050000000000000044,0.09999999999999998,2.699578407641772e-07,3.9278634010731274e-07,3.5356254311514655e-05,0.050000000000000044,0.050000000000000044,"{'I': 1, 'W': 0, 'R': 1, 'C': 'free'}",False,True,True,1.0,3
1439,2,3.973175838095764e-05,0.4498768614696106,0.00025198084003319205,1.88337073873794,1.0000032053833106,1.2508254055877475,2.8847987448177292e-05,0.9999827272291454,,0.09999999999999998,0.09999999999999998,3.1201903449156966e-05,1.473939391372554e-05,0.9840935912801884,0.050000000000000044,0.050000000000000044,"{'I': 1, 'W': 0, 'R': 1, 'C': 'free'}",False,True,True,1.0,3
1439,3,0.0002510788618970197,0.3786536482096891,0.002497380290413468,1.539865692664127,1.0000261255908771,1.2938288762176804,0.0002873364566777781,0.9999996755533468,,0.15000000000000002,0.15000000000000002,2.561281288979605e-06,3.7266388223968185e-06,0.0007096703841665106,0.050000000000000044,0.25,"{'I': 1, 'W': 0, 'R': 1, 'C': 'free'}",False,True,True,1.0,3
1439,4,2.278914181696148e-05,0.5198561823154628,0.00012663020721562985,1.6010504456357517,1.0000017136283263,1.4604091167342959,1.3708920897359533e-05,0.9999999999969326,,0.19999999999999996,0.15000000000000002,2.260325101411994e-06,1.9947299393607602e-06,1.3007123781980169e-05,0.15000000000000002,0.25,"{'I': 1, 'W': 0, 'R': 1, 'C': 'free'}",False,True,True,1.0,3
1439,5,2.7671322995929803e-06,0.39683550391744987,1.2473128635786104e-05,1.6958908631348284,1.0000001788138988,1.3126062933359581,1.4305100393130488e-06,0.9999999790463995,,0.19999999999999996,0.15000000000000002,7.338208040200272e-07,3.726638791535611e-06,3.5356254702463085e-05,0.15000000000000002,0.15000000000000002,"{'I': 1, 'W': 0, 'R': 1, 'C': 'free'}",True,False,True,0.0,3
1439,6,0.0008629028532914497,0.488385945942845,0.0031455184216555095,1.9751381139744297,1.0000883693578775,1.3305990867393156,0.0007066738166472408,0.9999999991198577,,0.30000000000000004,0.25,3.726638831534391e-06,3.288750604525817e-06,7.889264457302879e-06,0.4,0.35,"{'I': 1, 'W': 0, 'R': 1, 'C': 'free'}",True,False,True,0.0,3
1439,7,8.186118591365682e-06,0.418474292047933,3.993524225941432e-05,1.7237277460900495,1.0000005513425547,1.3214402716394653,4.410729495418764e-06,0.999999968735417,,0.30000000000000004,0.25,1.0129987293465021e-05,2.9023119611028665e-06,3.5356254918925194e-05,0.15000000000000002,0.25,"{'I': 1, 'W': 0, 'R': 1, 'C': 'free'}",True,False,True,0.0,3
1447,1,0.09460022640378493,0.3349996928545174,0.7259205596726175,1.8008441973122995,1.0441161374575472,1.2032055161934436,0.2920386721003192,0.9995775962170725,,0.09999999999999998,0.15000000000000002,3.9278633974989645e-07,1.760342997841305e-06,7.48462625541862e-05,0.050000000000000044,0.050000000000000044,"{'I': 1, 'W': 0, 'R': 1, 'C': 'free'}",False,True,True,1.0,3
1447,2,2.522020955035459e-05,0.40085137378873265,0.00015935018151871596,1.7765494727488491,1.0000019924879946,1.4329303363388706,1.3947304802530702e-05,0.9999999778705194,,0.09999999999999998,0.09999999999999998,2.902311957580804e-06,3.2887799879066383e-06,2.4300251822644152e-05,0.050000000000000044,0.050000000000000044,"{'I': 1, 'W': 0, 'R': 1, 'C': 'free'}",False,True,True,1.0,3
1447,3,0.2737605526097582,0.34285831956325885,0.791210484897746,1.4968371046632296,1.118981688990741,1.2226100067488916,0.636425695631683,0.9998556787195111,0.0,0.09999999999999998,0.09999999999999998,0.010986941566783856,1.3709578603685242e-06,8.939699451759309e-06,0.050000000000000044,0.050000000000000044,"{'I': 0, 'W': 1, 'R': 0, 'C': 'costly'}",False,True,True,0.0,3
1466,1,0.01222975016817397,0.23877008004445527,0.04017960650811263,1.2436998345628587,1.0020014031009121,1.191945406638013,0.01192474763359852,0.9926747610117702,,0.050000000000000044,0.09999999999999998,4.4508526361799264e-07,3.92786340217154e-07,2.4300252065833014e-05,0.050000000000000044,0.050000000000000044,"{'I': 1, 'W': 0, 'R': 1, 'C': 'free'}",False,True,True,1.0,3
1466,2,1.8672747598343745e-05,0.15749932945308104,8.296653318093411e-05,1.2455854450533514,1.0000014066663883,1.0821391794662356,7.033302260817109e-06,0.9607000470250225,,0.09999999999999998,0.09999999999999998,5.715002410416312e-07,2.5612812754415632e-06,0.00013982202064537024,0.050000000000000044,0.050000000000000044,"{'I': 1, 'W': 0, 'R': 1, 'C': 'free'}",False,True,True,1.0,3
1466,3,0.0003905357237822323,0.10582565123291708,0.0019325775691485367,1.0718884907574977,1.00004098085176,1.065744999349353,0.00020487906975552583,0.993462841423068,,0.050000000000000044,0.050000000000000044,0.6791786924097479,2.9023119839864983e-06,6.144177507299066e-06,0.0,0.050000000000000044,"{'I': 0, 'W': 1, 'R': 0, 'C': 'costly'}",False,True,True,0.0,3
1490,1,0.04496583865671403,0.16579067647579995,0.3147428505588728,1.0102213027171296,1.0144183525350143,1.0701144255995314,0.09535056578025025,0.8598724072299084,,0.050000000000000044,0.09999999999999998,3.0590233572513946e-07,2.3823696660166947e-07,8.939699419884836e-06,0.050000000000000044,0.050000000000000044,"{'I': 1, 'W': 0, 'R': 1, 'C': 'free'}",False,True,True,1.0,3
1490,2,0.005509722977447004,0.46445636082310415,0.06048903495661202,2.040701385364095,1.0010056475717537,1.2544319618536548,0.010995665557054224,0.9999939423647355,0.05,0.15000000000000002,0.15000000000000002,1.5534971947021433e-06,1.2098659672558397e-06,4.00636917699928e-05,0.050000000000000044,0.15000000000000002,"{'I': 1, 'W': 0, 'R': 1, 'C': 'free'}",False,True,True,1.0,3
1490,3,3.341683620854651e-05,0.2895851846105992,0.00016620067094847153,1.5047128347878003,1.0000025885341348,1.1600268232813988,1.8119551330575412e-05,0.9999692929714279,,0.19999999999999996,0.15000000000000002,1.8925145717181545e-05,5.144280273869799e-05,1.670142968319442e-05,0.050000000000000044,0.15000000000000002,"{'I': 1, 'W': 0, 'R': 1, 'C': 'free'}",True,True,True,0.0,3
1490,4,0.003069365581519726,0.4300457433926855,0.009729201775775055,1.8237725380095078,1.0003716787885917,1.257024201047726,0.002227174556941214,0.9999993070620026,0.05,0.15000000000000002,0.15000000000000002,3.726638804545536e-06,3.7266388171176424e-06,3.120190356070242e-05,0.050000000000000044,0.15000000000000002,"{'I': 1, 'W': 0, 'R': 1, 'C': 'free'}",False,True,True,0.3333333333333333,3
1490,5,1.4669271867020893e-05,0.21651429535210495,4.03555327501174e-05,1.3808846347627497,1.0000010331465161,1.11503754028736,6.198856681405296e-06,0.9968835721611037,0.0,0.050000000000000044,0.050000000000000044,2.753568781948532e-05,4.785094864322316e-06,1.3007123793745772e-05,0.050000000000000044,0.050000000000000044,"{'I': 0, 'W': 1, 'R': 0, 'C': 'costly'}",False,True,True,0.0,3
1496,1,0.0265606232839378,0.21709098682378875,0.15935376681552774,1.5972745692747063,1.0063604772830406,1.167350405706368,0.03732750074850466,0.9929277050388424,,0.09999999999999998,0.09999999999999998,3.4663274273079035e-07,3.9278634028927824e-07,1.3007123583909639e-05,0.050000000000000044,0.050000000000000044,"{'I': 1, 'W': 0, 'R': 1, 'C': 'free'}",False,True,True,1.0,3
1496,2,0.03707673020652402,0.14341880051693895,0.15935436316972382,1.1144605652569546,1.0081180648643862,1.0790570673825772,0.07018312022173467,0.9835713578839335,0.0,0.09999999999999998,0.09999999999999998,5.422217010943031e-06,8.939699291211805e-06,0.9988304835136367,0.050000000000000044,0.050000000000000044,"{'I': 1, 'W': 0, 'R': 1, 'C': 'free'}",False,True,True,0.6666666666666666,3
1496,3,0.07303926902152773,0.37662410287886017,0.5822037680929898,2.0655946080597882,1.0399625488107245,1.2550593501421483,0.26909925921192634,0.9999999372651647,,0.09999999999999998,0.09999999999999998,3.535625346502183e-05,2.430042091188805e-05,0.0019267347269127596,0.050000000000000044,0.050000000000000044,"{'I': 1, 'W': 0, 'R': 1, 'C': 'free'}",False,True,True,0.0,3
1496,4,0.00022896313910297862,0.5000977870110175,0.0009850599551885103,1.854738668990157,1.000021576220248,1.313607338691607,0.00017259300399063982,0.9999999999944311,,0.19999999999999996,0.19999999999999996,1.1478767973982836e-05,4.785094451761682e-06,0.00015843623513580235,0.050000000000000044,0.15000000000000002,"{'I': 1, 'W': 0, 'R': 1, 'C': 'free'}",True,True,True,0.0,3
1496,5,3.1340259410894554e-05,0.3780541785925897,0.00015390305784835314,1.7197454848055564,1.0000022947718965,1.320486085640936,1.8357985598127513e-05,0.9999999812485469,,0.95,0.9299999999999999,0.00020342703571583426,3.1202492415369524e-05,0.022977370188507245,0.15000000000000002,0.25,"{'I': 1, 'W': 0, 'R': 1, 'C': 'free'}",True,True,True,0.0,3
1496,6,9.733098301984386e-06,0.2943014929929867,4.002821642839693e-05,1.626045600576428,1.0000006556506147,1.200632634662325,5.245189441893672e-06,0.9999980836728886,,0.95,0.19999999999999996,9.610238840669728e-05,3.120221870891666e-05,0.00020342704307680656,0.15000000000000002,0.15000000000000002,"{'I': 1, 'W': 0, 'R': 1, 'C': 'free'}",True,True,True,0.0,3
1496,7,5.2029235155421156e-05,0.3603017188410794,0.0002004211679874959,1.4277645384034845,1.0000040381983588,1.231297053305934,3.230499982498358e-05,0.9999979716585233,,0.5,0.9299999999999999,0.0035936044343727503,0.00015843784509955386,0.90465051664035,0.65,0.65,"{'I': 1, 'W': 0, 'R': 1, 'C': 'free'}",True,False,True,0.0,3
151,1,0.0004891095099115104,0.23121162352649288,0.002416045307472211,1.1843378255065542,1.0000526612225944,1.1829804338308423,0.0002632645200174588,0.9999646516827743,,0.050000000000000044,0.09999999999999998,3.927863396442211e-07,4.450852635455846e-07,1.6701429733994715e-05,0.050000000000000044,0.050000000000000044,"{'I': 1, 'W': 0, 'R': 1, 'C': 'free'}",False,True,True,1.0,3
151,2,0.0026317671396639064,0.35735289199970666,0.019518713842708535,1.645934932204111,1.00037182956303,1.318443822852171,0.0029696654068496198,0.9999969996976046,0.0,0.050000000000000044,0.09999999999999998,0.0015011819891107149,2.902313274737738e-06,3.1201903103062454e-05,0.050000000000000044,0.050000000000000044,"{'I': 0, 'W': 1, 'R': 0, 'C': 'costly'}",False,True,True,1.0,3
1515,1,0.005269740075558332,0.3512989043270332,0.019546438638182447,1.2887752915241861,1.0007348950349952,1.1833299023190522,0.004398050914449003,0.9993927841787336,,0.09999999999999998,0.15000000000000002,4.222834893141857e-06,6.962257810261875e-06,0.00026119030535137066,0.050000000000000044,0.15000000000000002,"{'I': 1, 'W': 0, 'R': 1, 'C': 'free'}",False,True,True,1.0,3
1515,2,0.09333407175804327,0.23017825898898037,0.31535940792826317,1.4700484751040788,1.0260845321443972,1.1458430926827665,0.18616779197229594,0.9999837496484347,0.05,0.09999999999999998,0.09999999999999998,0.3208213070869532,2.7535725460160647e-05,6.9622578575672674e-06,0.050000000000000044,0.050000000000000044,"{'I': 1, 'W': 0, 'R': 1, 'C': 'free'}",False,True,True,0.0,3
1515,3,0.017841490928584402,0.24788315946834955,0.14122865086993935,1.5181234271647375,1.0032287671643514,1.176948986357744,0.04720307504812604,0.9999988614337479,0.0,0.050000000000000044,0.050000000000000044,0.9999417080587255,2.9023119832100338e-06,1.3007123727600327e-05,0.050000000000000044,0.050000000000000044,"{'I': 0, 'W': 1, 'R': 0, 'C': 'costly'}",False,True,True,0.0,3
1533,1,0.030263704875496074,0.2364631702773722,0.193672629225849,1.2212236242562196,1.0073742328190867,1.1561146567407075,0.05013008247583861,0.9992921281391681,,0.09999999999999998,0.15000000000000002,2.1024339099806225e-07,8.315279264380022e-07,5.829127224606242e-05,0.050000000000000044,0.050000000000000044,"{'I': 1, 'W': 0, 'R': 1, 'C': 'free'}",False,True,True,1.0,3
1533,2,0.005073909016893578,0.3344994461600064,0.03393850615774309,1.5629296130401316,1.0007434513298634,1.2643722764098457,0.005188717605665527,0.9999794054821738,,0.7,0.4,4.5397851859490946e-05,0.000123395719813323,0.0001398220229573157,0.5,0.25,"{'I': 1, 'W': 0, 'R': 1, 'C': 'free'}",False,True,True,0.0,3
1533,3,0.0015750574610840624,0.3910455989426569,0.005855109379001225,1.5760919267475488,1.0001859939519333,1.2251124488480856,0.0013009895787530201,0.9999522054577248,0.0,0.4,0.30000000000000004,1.6701429670322137e-05,1.7603552537994868e-06,0.00010889693379231778,0.25,0.4,"{'I': 1, 'W': 0, 'R': 1, 'C': 'free'}",False,True,True,1.0,3
1533,4,0.0010780499391829148,0.29331857996187355,0.009064389251592106,1.7826092384626613,1.0001365733635312,1.2105163849303147,0.001228321339166949,0.9999413192416781,0.0,0.050000000000000044,0.050000000000000044,5.8291272496047646e-05,3.726638832411382e-06,4.539785206280057e-05,0.050000000000000044,0.050000000000000044,"{'I': 0, 'W': 1, 'R': 0, 'C': 'costly'}",False,True,True,1.0,3
1534,1,0.004022314333691255,0.291625433148871,0.021420654370843284,1.2044957935295075,1.0005664455678476,1.1686852522801905,0.003956150124066804,0.982627459042238,,0.050000000000000044,0.09999999999999998,3.927863395714624e-07,2.5612812708370206e-06,0.00015843623296394544,0.050000000000000044,0.050000000000000044,"{'I': 1, 'W': 0, 'R': 1, 'C': 'free'}",False,True,True,1.0,3
1534,2,0.01024209641856013,0.456585344161119,0.09009484835357195,2.0465305892990564,1.0020425982739112,1.2938577515808358,0.018197032701040117,0.999999675973044,0.0,0.09999999999999998,0.09999999999999998,1.0677029926146114e-06,1.7603429822290336e-06,6.144177491393268e-06,0.050000000000000044,0.050000000000000044,"{'I': 1, 'W': 0, 'R': 1, 'C': 'free'}",False,True,True,1.0,3
1534,3,0.0600452063220372,0.19377060996753656,0.5368427774249637,1.0025327184061186,1.0285220534035413,1.2221054728003151,0.22361430265010618,0.9991062915035621,0.0,0.09999999999999998,0.09999999999999998,4.4508526287642736e-07,7.889264148522481e-06,9.610240024363878e-05,0.050000000000000044,0.050000000000000044,"{'I': 1, 'W': 0, 'R': 1, 'C': 'free'}",False,True,True,1.0,3
1534,4,0.021618751382896487,0.33019267608973213,0.10336634485201329,1.9801325033117636,1.0036983808069975,1.2178526751375163,0.03267817138772533,0.9999996875369533,0.0,0.050000000000000044,0.050000000000000044,0.0019267342769347284,6.144177497327656e-06,8.9396994335009e-06,0.0,0.050000000000000044,"{'I': 0, 'W': 1, 'R': 0, 'C': 'costly'}",False,True,True,1.0,3
1538,1,0.22890968717761465,0.24616847369081254,0.7351150450250031,1.809142563599193,1.0748428647074464,1.1819930514345238,0.35146990627910224,0.9999774760322009,,0.09999999999999998,0.09999999999999998,2.9023119834985552e-06,3.726638825665706e-06,4.5397852245701717e-05,0.050000000000000044,0.050000000000000044,"{'I': 1, 'W': 0, 'R': 1, 'C': 'free'}",False,True,True,0.3333333333333333,3
1538,2,0.08858187263872987,0.3481066624000081,0.6142865362870887,2.5657798890452974,1.0394744285836572,1.2466029697377805,0.23738853532473603,0.9999999999763313,,0.15000000000000002,0.15000000000000002,1.0129987304737817e-05,3.7266388164074845e-06,2.7535687359248454e-05,0.050000000000000044,0.050000000000000044,"{'I': 1, 'W': 0, 'R': 1, 'C': 'free'}",False,True,True,0.3333333333333333,3
1538,3,0.0019470493011973337,0.27690000930085007,0.011260004710279556,1.728066302993602,1.0002558464362807,1.1837532068595489,0.0015337049496005895,0.9999925575109906,,0.09999999999999998,0.09999999999999998,6.962257764968591e-06,4.222834912052904e-06,2.430025217534372e-05,0.050000000000000044,0.050000000000000044,"{'I': 1, 'W': 0, 'R': 1, 'C': 'free'}",True,True,True,0.0,3
1538,4,0.08090640767904028,0.26670366806131085,0.532153327273699,1.4504293824570076,1.0308916833694863,1.218592800420002,0.38540160196888573,0.9999999953041412,0.0,0.09999999999999998,0.09999999999999998,0.9990889457521555,3.7266389333359025e-06,1.6701429682291722e-05,0.050000000000000044,0.050000000000000044,"{'I': 0, 'W': 1, 'R': 0, 'C': 'costly'}",False,True,True,0.0,3
1548,1,0.0029396441473831625,0.19620918736170473,0.017311432565018835,0.9753227966182005,1.0004169671712628,1.153697378238257,0.0024981559894082794,0.9983935609841755,,0.050000000000000044,0.09999999999999998,7.338208034392312e-07,5.715002413135321e-07,4.006369182065942e-05,0.050000000000000044,0.050000000000000044,"{'I': 1, 'W': 0, 'R': 1, 'C': 'free'}",False,True,True,1.0,3
1548,2,0.06473583636739427,0.3565054146446242,0.582203124999936,1.4292664805995117,1.0354239471269624,1.2160175580107477,0.26896839319514576,0.9998169175196019,,0.15000000000000002,0.15000000000000002,7.338208045758305e-07,6.962257799748913e-06,0.00026119030840868467,0.050000000000000044,0.25,"{'I': 1, 'W': 0, 'R': 1, 'C': 'free'}",False,True,True,1.0,3
1548,3,0.05221171524445547,0.3462690999563325,0.3653345669471199,1.5075462243757696,1.0182994974501174,1.221970430278786,0.11921219297480823,0.9995976232999445,0.0,0.0,0.15000000000000002,3.7266387762455647e-06,6.962257823432825e-06,0.00013982203140270246,0.0,0.050000000000000044,"{'I': 1, 'W': 0, 'R': 1, 'C': 'free'}",True,True,True,0.0,3
1548,4,1.4477863385626772e-05,0.17109132533128152,0.0001266254451172468,1.1770554073866446,1.000001152351469,1.076358335168223,1.0371103464690279e-05,0.9837664009108877,,0.09999999999999998,0.09999999999999998,1.994729941659369e-06,3.7266387411048502e-06,2.7535687705219634e-05,0.0,0.25,"{'I': 1, 'W': 0, 'R': 1, 'C': 'free'}",True,True,True,0.0,3
1548,5,0.00867979300979691,0.41854579740755854,0.060494193438930366,1.8828854591775206,1.0015827013778793,1.3874125233110686,0.011009102934322224,0.9999971556620306,,0.15000000000000002,0.30000000000000004,2.4300252132557936e-05,3.535627065045337e-05,0.998299274658358,0.15000000000000002,0.25,"{'I': 1, 'W': 0, 'R': 1, 'C': 'free'}",False,True,True,1.0,3
1548,6,4.559419616352013e-05,0.32971857594864373,0.00031669526225553806,1.3351311660758538,1.0000039508902074,1.1825498298790296,2.76557943903466e-05,0.9997714256451568,,0.15000000000000002,0.15000000000000002,1.3709578567061103e-06,6.144177452167067e-06,9.61023912671119e-05,0.25,0.25,"{'I': 1, 'W': 0, 'R': 1, 'C': 'free'}",False,True,True,0.0,3
1548,7,0.000634470804021683,0.3331621415881821,0.005855033636861189,2.2153591033506728,1.0000752224620482,1.3183551101296647,0.0007519135010654043,0.999999990925374,,0.19999999999999996,0.19999999999999996,3.2887506265500674e-06,3.7266388203893804e-06,0.00012339461884342066,0.15000000000000002,0.25,"{'I': 1, 'W': 0, 'R': 1, 'C': 'free'}",False,True,True,1.0,3
1551,1,0.01001089389049001,0.1601179081137546,0.09009477876911108,1.3200650586222473,1.0020187104128429,1.1950911878789663,0.01798635930435788,0.9995303707873131,,0.050000000000000044,0.09999999999999998,1.444980206742322e-07,3.466327444522578e-07,1.300712372569702e-05,0.050000000000000044,0.050000000000000044,"{'I': 1, 'W': 0, 'R': 1, 'C': 'free'}",False,True,True,1.0,3
1551,2,0.0002924444733261859,0.15024321894211065,0.0015447658782073773,1.1100262858734986,1.0000291536706025,1.1248073039003277,0.00020405189807704005,0.9898151879896379,,0.050000000000000044,0.050000000000000044,1.0677029970924553e-06,1.8553914605995882e-07,2.5612812782638e-06,0.0,0.0,"{'I': 0, 'W': 1, 'R': 0, 'C': 'costly'}",False,True,True,1.0,3
1557,1,0.001882570955070417,0.27809805751311745,0.011259993972000249,1.292001377317628,1.0002507788086965,1.2051120321246538,0.001503353044654876,0.9999388249932074,,0.91,0.91,5.043476448319071e-07,5.043476475911056e-07,6.1441775153522135e-06,0.050000000000000044,0.050000000000000044,"{'I': 1, 'W': 0, 'R': 1, 'C': 'free'}",False,True,True,1.0,3
1557,2,0.4540674863996474,0.30431964615632745,1.4629341801445355,1.1696924273724085,1.2907783819228598,1.2329332924759202,0.783782968320537,0.9999900385374055,0.05,0.09999999999999998,0.09999999999999998,3.120190373008097e-05,1.4739180366716157e-05,0.000379984554368809,0.050000000000000044,0.050000000000000044,"{'I': 1, 'W': 0, 'R': 1, 'C': 'free'}",False,True,True,1.0,3
1557,3,0.0001810110135814497,0.40617076780354117,0.0008529953242733701,1.7372016646940913,1.0000159497517447,1.3143082172059848,7.974494294671342e-05,0.9999999999986502,,0.15000000000000002,0.09999999999999998,4.5397852293488795e-05,7.889282263589553e-06,3.120190367641556e-05,0.050000000000000044,0.050000000000000044,"{'I': 1, 'W': 0, 'R': 1, 'C': 'free'}",False,True,True,1.0,3
1557,4,0.001572155054721553,0.2921218065314602,0.004720470923213197,1.644823834831128,1.000179741389743,1.195268770465103,0.0008982225473758154,0.9999999253263596,,0.09999999999999998,0.09999999999999998,1.4738988803360687e-05,1.892514550070555e-05,5.8291271589057844e-05,0.050000000000000044,0.050000000000000044,"{'I': 1, 'W': 0, 'R': 1, 'C': 'free'}",True,False,True,0.0,3
1557,5,0.0003029062236892353,0.3552036917684319,0.001782993002282472,1.8964043845653349,1.0000297405719314,1.3055139090959254,0.0001784248585270376,0.9999999995814973,0.0,0.050000000000000044,0.09999999999999998,0.0005527785526220207,8.315279284680165e-07,2.2603251056491585e-06,0.050000000000000044,0.050000000000000044,"{'I': 0, 'W': 1, 'R': 0, 'C': 'costly'}",False,True,True,0.0,3
156,1,0.02659348298210723,0.20712027701838814,0.15935377076307444,1.1821306670426586,1.006362876626212,1.1166359579236715,0.03734127173294988,0.9831239629227604,,0.050000000000000044,0.09999999999999998,2.1024339094252212e-07,3.059023359754525e-07,1.1478768070720909e-05,0.050000000000000044,0.050000000000000044,"{'I': 1, 'W': 0, 'R': 1, 'C': 'free'}",False,True,True,1.0,3
156,2,0.0007837890936964153,0.1649696902991327,0.0046987831719333285,1.0700528147062645,1.0000922070192295,1.0981948207734955,0.000553063614446625,0.9623104190888024,,0.050000000000000044,0.09999999999999998,1.0677029830082705e-06,2.260325091530733e-06,3.1201903359072586e-05,0.0,0.050000000000000044,"{'I': 1, 'W': 0, 'R': 1, 'C': 'free'}",True,False,True,0.0,3
156,3,0.0005031361470550844,0.2682027468289911,0.0030182164559555513,1.2353166548688774,1.000055901342937,1.1336861377250012,0.0003353424432410712,0.9933887048090124,,0.09999999999999998,0.15000000000000002,5.043476481364217e-07,2.90232585526048e-06,0.000709670382494304,0.050000000000000044,0.050000000000000044,"{'I': 1, 'W': 0, 'R': 1, 'C': 'free'}",False,True,True,1.0,3
156,4,4.718588806338097e-05,0.4684565879419581,0.00031674967824956953,2.101976713184494,1.0000038688461423,1.4479837402310225,4.255631969662943e-05,0.9999999999644892,,0.15000000000000002,0.15000000000000002,6.475945657419837e-07,1.3709578568236172e-06,0.00012339461864360198,0.050000000000000044,0.15000000000000002,"{'I': 1, 'W': 0, 'R': 1, 'C': 'free'}",False,True,True,1.0,3
156,5,0.00031155355828831245,0.10029215899058928,0.0019325775743838187,0.8933820220702938,1.0000312753502143,1.0558425790155888,0.0002501675920730806,0.9407288894382283,0.0,0.0,0.050000000000000044,0.1192029173115665,5.043476485173325e-07,2.753568775077686e-05,0.050000000000000044,0.050000000000000044,"{'I': 0, 'W': 1, 'R': 0, 'C': 'costly'}",False,True,True,1.0,3
1560,1,0.0076642982714130725,0.17675114325551364,0.04935754176141164,1.3818955024792907,1.0013002052509536,1.1168865167904092,0.015471397585241964,0.9960230732244663,0.0,0.050000000000000044,0.09999999999999998,1.8553914567952665e-07,1.3709578562397676e-06,3.1201903584868856e-05,0.050000000000000044,0.050000000000000044,"{'I': 1, 'W': 0, 'R': 1, 'C': 'free'}",False,True,True,1.0,3
1560,2,0.1335245256707223,0.12968842045372833,0.801070904763901,1.6082272049305113,1.0762918261997656,1.0775434308618919,0.3566908218982102,0.9886782650619439,,0.91,0.91,1.3007123432346205e-05,1.99472994260695e-06,2.7535687617132334e-05,0.050000000000000044,0.050000000000000044,"{'I': 1, 'W': 0, 'R': 1, 'C': 'free'}",False,True,True,1.0,3
1560,3,0.031931210067812105,0.14140467322941927,0.4193176478340802,1.5309369495820466,1.0117698179945325,1.1027465125053049,0.15110119578852732,0.9978912196665357,0.0,0.91,0.91,8.481104071022057e-05,4.222834915109571e-06,2.2603251031265953e-06,0.050000000000000044,0.050000000000000044,"{'I': 1, 'W': 0, 'R': 1, 'C': 'free'}",False,True,True,0.0,3
1560,4,0.038333047558782606,0.2639263704729499,0.47505670313375786,1.6748479040026398,1.0152986299357816,1.205702418547843,0.19148738950008115,0.9999947592744705,0.0,0.09999999999999998,0.050000000000000044,0.000430557162053995,3.7266590329660172e-06,1.6701430007335164e-05,0.15000000000000002,0.050000000000000044,"{'I': 1, 'W': 0, 'R': 1, 'C': 'free'}",False,True,True,0.0,3
1560,5,0.0026806196112426845,0.3708176326207424,0.028140545626638015,1.58897063438569,1.0003770353747072,1.310966965267253,0.005263598866845909,0.9999995532695046,0.0,0.15000000000000002,0.15000000000000002,4.006369196082693e-05,1.1478884230633194e-05,0.00012339463296321166,0.15000000000000002,0.15000000000000002,"{'I': 1, 'W': 0, 'R': 1, 'C': 'free'}",False,True,True,0.0,3
1560,6,0.06637507811706497,0.300299305402607,0.6628473290344621,1.5403342126102735,1.0485584760287736,1.202836785090549,0.3775944626189158,0.9999964848463084,0.0,0.0,0.050000000000000044,1.4738988942711464e-05,1.8553914606191234e-07,2.753568780990616e-05,0.050000000000000044,0.0,"{'I': 0, 'W': 1, 'R': 0, 'C': 'costly'}",False,True,True,1.0,3
1574,1,0.06883353638571171,0.14384237981126996,0.5325695280488039,0.8707331489656208,1.0255959909952157,1.0803778239121338,0.20344976677189885,0.9735793240364203,0.0,0.09999999999999998,0.09999999999999998,2.1024339079294846e-07,6.475945644392317e-07,1.670142975729457e-05,0.050000000000000044,0.050000000000000044,"{'I': 1, 'W': 0, 'R': 1, 'C': 'free'}",False,True,True,1.0,3
1574,2,0.0016805532980256976,0.40559574522232,0.013970692149007442,1.8760150324637739,1.0002167330830922,1.3409328645795473,0.002380966590339706,0.9999999592251874,0.0,0.15000000000000002,0.15000000000000002,1.5534971964819836e-06,2.5612812820287653e-06,0.0001584362355826167,0.050000000000000044,0.15000000000000002,"{'I': 1, 'W': 0, 'R': 1, 'C': 'free'}",False,True,True,1.0,3
1574,3,2.9736173163352985e-05,0.4315994891398283,0.00012744198292499308,1.5517125002728274,1.0000022252338314,1.3305805858058817,1.3351299004371597e-05,0.9999988882087758,0.05,0.25,0.15000000000000002,0.0009110513898555836,1.670149199459106e-05,5.8291271620300275e-05,0.25,0.15000000000000002,"{'I': 1, 'W': 0, 'R': 1, 'C': 'free'}",False,True,True,1.0,3
1574,4,0.013652121550897345,0.27939705487288413,0.17471219933041,1.6105155192044058,1.0033364542480088,1.235537238452583,0.04237757610084003,0.9999999917455881,0.05,0.4,0.4,5.829127759013064e-05,0.0001584364527839789,0.999447220786028,0.5,0.5,"{'I': 1, 'W': 0, 'R': 1, 'C': 'free'}",False,True,True,0.0,3
1574,5,0.008358387810090542,0.4144011369716688,0.07900323666248642,1.538529517349856,1.001464099641857,1.215155526576213,0.017403132001125754,0.9999517191605449,0.05,0.4,0.19999999999999996,5.4222170063108115e-06,4.785127796043952e-06,0.00033535002768185734,0.25,0.25,"{'I': 1, 'W': 0, 'R': 1, 'C': 'free'}",False,True,True,0.0,3
1574,6,0.00029097220329135014,0.3005175274716078,0.0037690627295045346,1.4913024805435642,1.000033197785966,1.2463129232292516,0.0004314709437392983,0.9999999969154754,0.05,0.25,0.25,2.2603251006781e-06,7.88927829842025e-06,0.0003353500282363789,0.4,0.25,"{'I': 1, 'W': 0, 'R': 1, 'C': 'free'}",True,True,True,0.0,3
1574,7,0.0007219874420885244,0.2944983349424292,0.007535836056867178,2.006258269298455,1.0000817675973808,1.2516592464437466,0.0009806898641862016,0.9999999973623198,0.05,0.30000000000000004,0.4,1.0129987327335199e-05,3.7266439329191406e-06,0.037326889511119635,0.4,0.4,"{'I': 1, 'W': 0, 'R': 1, 'C': 'free'}",True,True,True,0.0,3
1614,1,0.16573429036677137,0.2737008495166514,1.7295249993725579,1.1518177787322208,1.1525663533704105,1.2063738251020641,0.7902631741027317,0.9999949455240824,,0.050000000000000044,0.09999999999999998,1.444980209334246e-07,2.382369666834327e-07,4.785094489631549e-06,0.050000000000000044,0.050000000000000044,"{'I': 1, 'W': 0, 'R': 1, 'C': 'free'}",False,True,True,0.0,3
1614,2,0.010287016432198459,0.29177138019286614,0.07663964014048247,1.4686590974316291,1.0018860486033427,1.2140074037318649,0.014961131295447405,0.9999869634537176,,0.30000000000000004,0.4,6.96225786714411e-06,1.0130156016001582e-05,0.9986749706729832,0.050000000000000044,0.75,"{'I': 1, 'W': 0, 'R': 1, 'C': 'free'}",False,True,True,1.0,3
1614,3,3.6856293386929422e-06,0.22834146540451672,2.5085237334311114e-05,1.3895463506882968,1.000000255448283,1.1339606040151653,1.7881361529248352e-06,0.9998492899066649,,0.09999999999999998,0.19999999999999996,0.0004305585316989243,0.9993736518850437,0.9992903217860492,0.15000000000000002,0.15000000000000002,"{'I': 1, 'W': 0, 'R': 1, 'C': 'free'}",False,True,True,1.0,3
1614,4,0.0906221619350615,0.21209162627087108,0.4071387180867134,2.040698781134257,1.0284683589442871,1.1720114172188447,0.17839427932584062,0.9997396580252306,0.0,0.0,0.050000000000000044,2.1444958612091643e-05,1.370957859523186e-06,5.422216991869975e-06,0.0,0.0,"{'I': 0, 'W': 1, 'R': 0, 'C': 'costly'}",False,True,True,1.0,3
1621,1,0.09019726220644954,0.24294678423310084,0.5565330914162792,1.3675703450905892,1.0333008345200205,1.1645074975761365,0.20491686943605725,0.9999890521630271,,0.09999999999999998,0.09999999999999998,3.288750626812945e-06,1.553497194797833e-06,2.1444958606151818e-05,0.050000000000000044,0.050000000000000044,"{'I': 1, 'W': 0, 'R': 1, 'C': 'free'}",False,True,True,1.0,3
1621,2,0.00587764965491235,0.2602227354588861,0.04018025970993803,1.74692977929799,1.0008955969165798,1.224334304784384,0.012454537730521076,0.9999934852324401,0.0,0.25,0.19999999999999996,1.147876805228393e-05,3.726638792967128e-06,0.0004305572045012711,0.050000000000000044,0.15000000000000002,"{'I': 1, 'W': 0, 'R': 1, 'C': 'free'}",False,True,True,1.0,3
1621,3,0.0006501234378786323,0.21742729910647532,0.006455742650032633,2.0538061658881874,1.0000686373679541,1.1640958789929803,0.0008918572214583476,0.9999992704650826,,0.15000000000000002,0.30000000000000004,9.42244592433007e-07,3.7266387899265643e-06,1.0129990450595126e-05,0.050000000000000044,0.35,"{'I': 1, 'W': 0, 'R': 1, 'C': 'free'}",True,False,True,0.0,3
1621,4,0.01819216169271267,0.20707246221139486,0.1908655147694213,1.5086471543872748,1.0042905258252988,1.1412545031304948,0.05817789334199752,0.9999947421327597,0.0,0.09999999999999998,0.09999999999999998,2.2603251018212193e-06,3.726638829489942e-06,1.670142979732729e-05,0.050000000000000044,0.050000000000000044,"{'I': 1, 'W': 0, 'R': 1, 'C': 'free'}",False,True,True,1.0,3
1621,5,0.03005760408246563,0.11184110045114343,0.2972103533015297,1.075234906092143,1.0080318575615657,1.0562792183454905,0.09877205329330607,0.9919188850314413,,0.050000000000000044,0.050000000000000044,2.2603250996808615e-06,2.5612812828226117e-06,4.785094490927367e-06,0.0,0.050000000000000044,"{'I': 1, 'W': 0, 'R': 1, 'C': 'free'}",False,True,True,0.0,3
1621,6,0.13563567435983295,0.12655870296069202,0.6629651928610977,1.0463205771947741,1.6019582367177843,1.0882153825239367,0.9052140316829047,0.999360549211301,0.0,0.15000000000000002,0.09999999999999998,0.0019267342929666165,3.7266388372012696e-06,3.726638836605099e-06,0.050000000000000044,0.050000000000000044,"{'I': 1, 'W': 0, 'R': 1, 'C': 'free'}",False,True,True,0.3333333333333333,3
1621,7,0.1068203756982064,0.18179482658728305,0.426551497913003,1.5765196260213692,1.0411128172531736,1.115038966115149,0.14884466157989018,0.9999986321625717,,0.09999999999999998,0.09999999999999998,2.2603251025517284e-06,4.785094477547579e-06,4.785094489529194e-06,0.050000000000000044,0.050000000000000044,"{'I': 1, 'W': 0, 'R': 1, 'C': 'free'}",False,True,True,0.0,3
1636,1,0.009245290318927315,0.1667312858312319,0.07393386946164641,0.9803048910828315,1.0017722083002527,1.0701226577202807,0.014065265080995037,0.8500797372730338,,0.050000000000000044,0.09999999999999998,3.9278633904961757e-07,6.475945651501036e-07,1.4738988875737921e-05,0.050000000000000044,0.050000000000000044,"{'I': 1, 'W': 0, 'R': 1, 'C': 'free'}",False,True,True,1.0,3
1636,2,0.00010368252197520358,0.17331762856612426,0.0005644566203308121,1.123636520261788,1.0000085233480156,1.0811365295077167,6.81841688897622e-05,0.9826933967119162,,0.09999999999999998,0.09999999999999998,1.3709578548944247e-06,4.222834798291169e-06,7.484626027631422e-05,0.050000000000000044,0.050000000000000044,"{'I': 1, 'W': 0, 'R': 1, 'C': 'free'}",False,True,True,1.0,3
1636,3,0.00041369698671950923,0.1540179092267932,0.0024171203144543988,0.9246588087550806,1.0000432692356187,1.1112504291453522,0.00043258940153634295,0.9987002863705146,0.0,0.09999999999999998,0.050000000000000044,1.7603429944958374e-06,1.7603429969781416e-06,1.300712373549862e-05,0.050000000000000044,0.050000000000000044,"{'I': 1, 'W': 0, 'R': 1, 'C': 'free'}",False,True,True,1.0,3
1636,4,0.05364075740463907,0.23359544981629377,0.4750570131169511,1.040505363392192,1.0227257036361985,1.1505215464378318,0.18310269905124998,0.9999688263230705,,0.050000000000000044,0.050000000000000044,1.9947299578993363e-06,1.0677029961960028e-06,6.144177520658479e-06,0.050000000000000044,0.050000000000000044,"{'I': 1, 'W': 0, 'R': 1, 'C': 'free'}",True,False,True,0.0,3
1636,5,0.00011113997626314775,0.15613772174780774,0.0007142899157038724,0.8864223877462877,1.000009655756332,1.1188352381847302,8.689761162450349e-05,0.9985155550373569,,0.09999999999999998,0.050000000000000044,1.5534971898127638e-06,1.5534971944693723e-06,1.7603430013440948e-06,0.0,0.050000000000000044,"{'I': 1, 'W': 0, 'R': 1, 'C': 'free'}",True,False,True,0.0,3
1636,6,2.8940253012344464e-06,0.15434307326400595,1.575026965453944e-05,1.5214561905722521,1.0000001854366076,1.133613415311102,1.6689279220827302e-06,0.9998801821083795,,0.09999999999999998,0.050000000000000044,3.288750597841907e-06,3.2887505978324542e-06,1.7603430013557366e-06,0.0,0.050000000000000044,"{'I': 1, 'W': 0, 'R': 1, 'C': 'free'}",True,False,True,0.0,3
1636,7,5.142760524716413e-06,0.15470964369756776,3.990784157858872e-05,1.3890599175910374,1.0000003576274716,1.1152104528184064,3.2186414884449732e-06,0.9996106787227632,,0.09999999999999998,0.050000000000000044,3.2887506061250394e-06,5.42221695426849e-06,5.4222170096380705e-06,0.0,0.050000000000000044,"{'I': 1, 'W': 0, 'R': 1, 'C': 'free'}",True,False,True,0.0,3
166,1,0.019323639599382245,0.2430548599475727,0.09054408782596286,1.1243837822279361,1.0034302343906671,1.1433313054445244,0.016976077367472975,0.9894767771151225,,0.09999999999999998,0.15000000000000002,1.2098659647105315e-06,7.338208039781095e-07,2.753568759304498e-05,0.050000000000000044,0.050000000000000044,"{'I': 1, 'W': 0, 'R': 1, 'C': 'free'}",False,True,True,0.3333333333333333,3
166,2,1.8658019871917768e-05,0.20149711049037183,0.00012662624291878618,1.3124791656761807,1.0000014815949876,1.0940907360165515,1.0371103450479424e-05,0.996535508240773,,0.09999999999999998,0.09999999999999998,9.422445869625746e-07,1.5534971866866644e-06,9.610239866180037e-05,0.050000000000000044,0.050000000000000044,"{'I': 1, 'W': 0, 'R': 1, 'C': 'free'}",False,True,True,1.0,3
166,3,0.01011934827104848,0.35751358832149893,0.060489850535880005,2.142828338680681,1.00184581323622,1.2338689557557032,0.011003682572690576,0.9999996689463818,0.0,0.050000000000000044,0.09999999999999998,1.3709578431445804e-06,1.2098659689049603e-06,1.0129987229076819e-05,0.050000000000000044,0.050000000000000044,"{'I': 1, 'W': 0, 'R': 1, 'C': 'free'}",True,True,True,0.0,3
166,4,0.0005062380362522752,0.19896603514088043,0.0024162536602154844,1.553872133567878,1.0000525072491273,1.1648930831121804,0.0003149856056342548,0.9999095205520809,0.0,0.050000000000000044,0.050000000000000044,0.010986941575761015,6.475945665398047e-07,1.3007123754758002e-05,0.050000000000000044,0.050000000000000044,"{'I': 0, 'W': 1, 'R': 0, 'C': 'costly'}",False,True,True,0.0,3
1669,1,0.0004001913060926497,0.38102779277534476,0.0024160481821717318,2.014139211462567,1.0000416340564482,1.2711344837165306,0.00029138986614851703,0.9999795175230309,,0.050000000000000044,0.09999999999999998,1.2751905776238321e-07,5.715002405529064e-07,1.1478768031758957e-05,0.050000000000000044,0.050000000000000044,"{'I': 1, 'W': 0, 'R': 1, 'C': 'free'}",False,True,True,1.0,3
1669,2,0.10230135883645423,0.3436131671532744,0.4750647725363396,1.274836513225708,1.0422008428797145,1.2288898469643763,0.18671474288573253,0.9999998957707956,,0.09999999999999998,0.09999999999999998,1.9947299551231574e-06,1.5534971914540358e-06,5.422217606455674e-06,0.050000000000000044,0.050000000000000044,"{'I': 1, 'W': 0, 'R': 1, 'C': 'free'}",False,True,True,0.6666666666666666,3
1669,3,0.036143891501435835,0.44776848278406955,0.3160555812774055,1.7184451954945141,1.0113259932655516,1.3345063367331027,0.09639323687711232,0.9999999977464052,0.05,0.15000000000000002,0.15000000000000002,4.222834943257824e-06,1.892514520169263e-05,2.1444958470432616e-05,0.15000000000000002,0.15000000000000002,"{'I': 1, 'W': 0, 'R': 1, 'C': 'free'}",False,True,True,0.3333333333333333,3
1669,4,0.14153328672010496,0.5082902726538789,0.6503172349272708,1.6931734608553914,1.0502093317298695,1.3999446981366006,0.32423916695529054,0.9999999999577207,,0.30000000000000004,0.25,2.2603250988984377e-06,6.9622578219082264e-06,1.3007123737489123e-05,0.4,0.25,"{'I': 1, 'W': 0, 'R': 1, 'C': 'free'}",True,False,True,0.0,3
1669,5,0.0004889093048118592,0.5592857124300126,0.003039230733254229,2.1468851277112515,1.0000460104097477,1.4422268252240165,0.0003680070791874934,0.9999999999999368,,0.4,0.25,6.962257889855411e-06,6.144177411358036e-06,8.93969946425697e-06,0.5,0.25,"{'I': 1, 'W': 0, 'R': 1, 'C': 'free'}",True,False,True,0.0,3
1669,6,0.3416594649960104,0.4389163265471561,1.496466031597737,1.731535237697565,1.1879603263221303,1.2478738663895619,0.7877818290617513,0.9999999509060935,,0.25,0.4,2.260325103616921e-06,2.2603250969256306e-06,2.7535687801262874e-05,0.25,0.35,"{'I': 1, 'W': 0, 'R': 1, 'C': 'free'}",False,True,True,0.3333333333333333,3
1669,7,1.3262778923522974e-05,0.5922368669448242,6.119684165801789e-05,2.561944499891189,1.000000940427602,1.5217751055342978,8.463808619518787e-06,1.0,,0.30000000000000004,0.30000000000000004,6.144177515911784e-06,6.144177491576516e-06,1.0129987348812099e-05,0.25,0.35,"{'I': 1, 'W': 0, 'R': 1, 'C': 'free'}",True,False,True,0.0,3
1707,1,0.03786422017331817,0.30250277062768544,0.26853517029125934,1.8391371961490526,1.0100222154535858,1.1873210451738059,0.08584115809843473,0.999778098682726,,0.09999999999999998,0.09999999999999998,4.4508526357893785e-07,7.338208044443397e-07,1.1478768084612678e-05,0.050000000000000044,0.050000000000000044,"{'I': 1, 'W': 0, 'R': 1, 'C': 'free'}",False,True,True,0.6666666666666666,3
1707,2,0.0003498239023006281,0.4132866425206523,0.0020353806091836313,2.207670264636083,1.0000353343935746,1.2881092215685361,0.0002473058001849493,0.999999966640685,,0.30000000000000004,0.25,0.00012339461862616806,0.00015843655143622776,0.9997388064767746,0.15000000000000002,0.75,"{'I': 1, 'W': 0, 'R': 1, 'C': 'free'}",False,True,True,1.0,3
1707,3,0.015642002181542998,0.5369249602406417,0.10941066183648625,2.020782090628015,1.0033272206178299,1.4001809574747197,0.02298364168543776,0.999999999999732,0.05,0.25,0.4,3.12019038112018e-05,0.14804720042538116,0.9975273721546973,0.15000000000000002,0.65,"{'I': 1, 'W': 0, 'R': 1, 'C': 'free'}",False,True,True,0.0,3
1707,4,0.004516207121801806,0.45193254795788523,0.02648036696942604,1.9564760504162193,1.0006892291424248,1.332027161080347,0.0041254173880446166,0.999999966176763,,0.15000000000000002,0.15000000000000002,1.1478767961565145e-05,1.0130030001280478e-05,0.0001584362353216407,0.15000000000000002,0.25,"{'I': 1, 'W': 0, 'R': 1, 'C': 'free'}",True,False,True,0.0,3
1707,5,0.46117838618737717,0.45456191620729797,1.3195324052406128,1.7578551522177732,1.2339511411470139,1.3834717890498853,0.7704304661671162,0.9999999999999997,,0.4,0.25,0.9999417086276199,3.7266390940839865e-06,0.0001584362359310381,0.75,0.35,"{'I': 1, 'W': 0, 'R': 1, 'C': 'free'}",False,True,True,0.0,3
1707,6,0.07157698204051294,0.46441669343241765,0.5507950584676685,2.0600301677504147,1.0326771505537107,1.3386044010668015,0.22681493230254857,0.9999999999946549,0.05,0.15000000000000002,0.15000000000000002,4.7850944915635265e-06,1.3007123757047742e-05,7.484626294729737e-05,0.050000000000000044,0.35,"{'I': 1, 'W': 0, 'R': 1, 'C': 'free'}",False,True,True,1.0,3
1707,7,0.0015963690893826617,0.5257662696050441,0.006639628954862462,2.064407354715463,1.0001749448703159,1.4556515724992753,0.0012237575819631363,0.9999999999999997,,0.09999999999999998,0.15000000000000002,1.3709578594033673e-06,4.785094473555586e-06,1.670142979379887e-05,0.050000000000000044,0.15000000000000002,"{'I': 1, 'W': 0, 'R': 1, 'C': 'free'}",True,False,True,0.0,3
1720,1,0.02207582294588976,0.23840525382756206,0.1323432363129032,1.1904132267955594,1.004972053681488,1.138558932165331,0.029319981449889454,0.995703959366063,,0.050000000000000044,0.09999999999999998,2.1024339057486675e-07,1.06770299262221e-06,1.4738988841070634e-05,0.050000000000000044,0.050000000000000044,"{'I': 1, 'W': 0, 'R': 1, 'C': 'free'}",False,True,True,1.0,2
1720,2,0.03667798033102284,0.4811407314510111,0.47505155295247636,1.9214966936875841,1.0156261492939669,1.332609812310882,0.18255293934977734,0.999999672324743,0.0,0.09999999999999998,0.09999999999999998,2.561281575965794e-06,3.726638775236658e-06,5.82912717223889e-05,0.050000000000000044,0.050000000000000044,"{'I': 1, 'W': 0, 'R': 1, 'C': 'free'}",False,True,True,0.5,2
1720,3,0.006945748817346375,0.32206684123105456,0.07393389136749273,1.9322838367735085,1.0013108865185598,1.2021860274181517,0.014306977071380955,0.9999979010069373,0.0,0.09999999999999998,0.09999999999999998,1.892514574298396e-05,6.1441774650291865e-06,0.00017952800678728838,0.050000000000000044,0.050000000000000044,"{'I': 1, 'W': 0, 'R': 1, 'C': 'free'}",False,True,True,1.0,2
1720,4,0.10587420097740252,0.15464484560469688,0.6288155127322183,1.477586033914071,1.0499904643123277,1.085873564310453,0.4152622996260569,0.9992287337057506,0.0,0.050000000000000044,0.09999999999999998,0.9399133470799472,1.300723994633495e-05,7.484626265416768e-05,0.050000000000000044,0.050000000000000044,"{'I': 1, 'W': 0, 'R': 1, 'C': 'free'}",False,True,True,0.0,2
1720,5,0.01010595145139095,0.1674923619537357,0.07395398640514148,1.6506394893833918,1.001765471546632,1.1120006689242323,0.017484490227920646,0.9999484497839394,,0.050000000000000044,0.050000000000000044,1.3709578567893886e-06,2.5612812695298205e-06,1.4738988944143695e-05,0.050000000000000044,0.050000000000000044,"{'I': 1, 'W': 0, 'R': 1, 'C': 'free'}",False,True,True,0.0,2
1720,6,0.006071965332174073,0.21742996726937744,0.056492138588207404,1.7240047104828293,1.0009941284109511,1.1590092517731407,0.009887143539196064,0.9999999937356437,,0.09999999999999998,0.09999999999999998,4.22283494648283e-06,4.222834921290441e-06,1.6701429805418972e-05,0.050000000000000044,0.050000000000000044,"{'I': 1, 'W': 0, 'R': 1, 'C': 'free'}",False,True,True,0.0,2
1720,7,0.0010681988062016354,0.2775257591883274,0.007262919274983501,1.9746228932382692,1.0001246374661161,1.247387061943949,0.0009965407192650266,0.999999999999669,,0.09999999999999998,0.09999999999999998,4.785094493689054e-06,1.0677029958425904e-06,6.144177530839997e-06,0.050000000000000044,0.050000000000000044,"{'I': 1, 'W': 0, 'R': 1, 'C': 'free'}",False,True,True,0.0,2
1727,1,0.0040475766692685995,0.22178539168094277,0.03263947443583677,1.24211494991658,1.0006297176569867,1.1426685943848558,0.005649655542740439,0.999617437127989,0.0,0.050000000000000044,0.09999999999999998,2.6995784071552035e-07,7.3382080336827e-07,7.889264434047604e-06,0.050000000000000044,0.050000000000000044,"{'I': 1, 'W': 0, 'R': 1, 'C': 'free'}",False,True,True,1.0,3
1727,2,0.0005727134226913655,0.35981617198632904,0.005091341613251114,1.4533754672738974,1.0000559572918384,1.2339050118704642,0.0005594007399055689,0.999998834029228,,0.15000000000000002,0.15000000000000002,1.7603430006715292e-06,6.962257766718752e-06,1.892514583381639e-05,0.050000000000000044,0.25,"{'I': 1, 'W': 0, 'R': 1, 'C': 'free'}",False,True,True,0.6666666666666666,3
1727,3,2.8512659987892758e-05,0.38650329315543563,0.00011529298392219165,1.7199851568901607,1.0000020606134434,1.2763945252812472,1.442417521357875e-05,0.9999999973985203,,0.15000000000000002,0.15000000000000002,1.99472994430491e-06,1.4738988128086182e-05,1.6701429595859552e-05,0.050000000000000044,0.25,"{'I': 1, 'W': 0, 'R': 1, 'C': 'free'}",False,True,True,0.6666666666666666,3
1727,4,0.0038135892914969286,0.4995711846851146,0.03264090313071354,2.080806116567578,1.000583917791468,1.355023447967729,0.006400649171309891,0.9999999999999744,0.15,0.4,0.30000000000000004,2.144495859889491e-05,1.1478768014438258e-05,2.1444958588151412e-05,0.4,0.4,"{'I': 1, 'W': 0, 'R': 1, 'C': 'free'}",False,True,True,1.0,3
1727,5,2.177513671314935e-05,0.3591431216277531,0.00012664342626109764,1.6160104988505002,1.0000016570037447,1.2238189522414755,1.656988643550239e-05,0.9999998824173572,,0.30000000000000004,0.25,1.1478768037078444e-05,6.962257732044098e-06,0.0007096704565519421,0.15000000000000002,0.35,"{'I': 1, 'W': 0, 'R': 1, 'C': 'free'}",True,False,True,0.0,3
1727,6,8.953587719396227e-06,0.4818063872722261,4.115521066229711e-05,2.4464816765991713,1.0000005960459823,1.41737789751102,4.768355069018071e-06,0.9999999999999998,,0.4,0.4,0.0011695103001184764,2.7535687683457413e-05,0.8807970813953185,0.75,0.35,"{'I': 1, 'W': 0, 'R': 1, 'C': 'free'}",False,True,True,1.0,3
1727,7,0.0002758856764415779,0.3499918852731187,0.0024171445617145377,1.8708051483284336,1.0000295737921179,1.2382812893626036,0.00026612477591603234,0.9999999755197121,0.15,0.30000000000000004,0.30000000000000004,1.7603430027512217e-06,2.9023119782450998e-06,5.8291272483120826e-05,0.4,0.35,"{'I': 1, 'W': 0, 'R': 1, 'C': 'free'}",True,False,True,0.0,3
1748,1,0.010995120819658404,0.14436983827855668,0.07393387029015633,0.9617090714825335,1.0020139952580005,1.072426900684671,0.01596691458693611,0.9247692957539442,0.0,0.050000000000000044,0.09999999999999998,6.475945643529554e-07,2.3823696663835177e-07,5.422217662290523e-06,0.050000000000000044,0.050000000000000044,"{'I': 1, 'W': 0, 'R': 1, 'C': 'free'}",False,True,True,1.0,3
1748,2,0.03795369723455105,0.2756388121761492,0.22720588193649002,1.3165595636116714,1.0103892618784118,1.1947816764022627,0.06013025871228306,0.9996673288855902,0.0,0.09999999999999998,0.09999999999999998,4.450852632413568e-07,1.760342993779429e-06,5.829127109268427e-05,0.050000000000000044,0.050000000000000044,"{'I': 1, 'W': 0, 'R': 1, 'C': 'free'}",False,True,True,1.0,3
1748,3,0.0016012966171855424,0.08541529458744847,0.011260071274599008,1.0886607012067542,1.000207660643172,1.0340406021854032,0.0016597337934178835,0.943796016738174,0.0,0.0,0.050000000000000044,0.04742587349554901,1.8553914603492751e-07,2.561281285854575e-06,0.0,0.0,"{'I': 0, 'W': 1, 'R': 0, 'C': 'costly'}",False,True,True,0.6666666666666666,3
1757,1,0.0007916723107947,0.25845180159112113,0.0046987721288163885,1.053379085806952,1.0000927435100193,1.164748191168582,0.0005562804762476725,0.9996403055993968,,0.050000000000000044,0.09999999999999998,4.4508526096922167e-07,1.209865963818278e-06,2.144495829866074e-05,0.050000000000000044,0.050000000000000044,"{'I': 1, 'W': 0, 'R': 1, 'C': 'free'}",False,True,True,1.0,3
1757,2,1.7507064995163016e-05,0.13924165885562054,0.00011292150559854407,1.2693386854066433,1.0000013623870796,1.0838760597899744,9.536657586850517e-06,0.9946749407041447,,0.09999999999999998,0.050000000000000044,5.715002410196388e-07,1.3709578531379823e-06,1.0129987194494212e-05,0.050000000000000044,0.050000000000000044,"{'I': 1, 'W': 0, 'R': 1, 'C': 'free'}",False,True,True,1.0,3
1757,3,0.043721681308788424,0.16195772328627794,0.20138849446544763,1.1123760420646682,1.010235591674527,1.0536655169631612,0.059272132678848566,0.9628699389073382,0.0,0.09999999999999998,0.050000000000000044,5.144221330558813e-05,7.889264422512974e-06,6.962257849718816e-06,0.050000000000000044,0.050000000000000044,"{'I': 1, 'W': 0, 'R': 1, 'C': 'free'}",False,True,True,0.6666666666666666,3
1757,4,9.694625483470006e-06,0.17504127200608816,3.0492538062754507e-05,1.023842669261934,1.0000005960461877,1.0835910840030343,2.9802256094058066e-06,0.9936396889358294,,0.050000000000000044,0.050000000000000044,1.1478767617994919e-05,5.422217548291577e-06,6.1441774693327805e-06,0.050000000000000044,0.0,"{'I': 1, 'W': 0, 'R': 1, 'C': 'free'}",True,False,True,0.0,3
1757,5,0.01826928821618243,0.2039077887160637,0.10941063707446068,1.7072918425646118,1.0038846078012025,1.119100036562114,0.022994007291150198,0.9998273788778483,0.0,0.0,0.050000000000000044,1.6701429797074787e-05,2.2603251042880456e-06,1.0129987211405745e-05,0.0,0.050000000000000044,"{'I': 0, 'W': 1, 'R': 0, 'C': 'costly'}",False,True,True,1.0,3
1768,1,0.0068880893793246455,0.28272339862979146,0.026464203712605123,1.538337126960541,1.0010089916279103,1.1642000895754072,0.0070345216695785195,0.9996313932150143,0.0,0.09999999999999998,0.09999999999999998,1.6373770514821604e-07,4.450852635499164e-07,1.1478768058695382e-05,0.050000000000000044,0.050000000000000044,"{'I': 1, 'W': 0, 'R': 1, 'C': 'free'}",False,True,True,1.0,3
1768,2,0.00013215672303300947,0.44772072399870505,0.0006942760048652683,1.8432391725891075,1.0000118665171505,1.3261710890350138,0.0001305223953950163,0.9999990168455256,,0.15000000000000002,0.15000000000000002,1.0677029915433656e-06,4.222834900111913e-06,1.6701429697838517e-05,0.050000000000000044,0.050000000000000044,"{'I': 1, 'W': 0, 'R': 1, 'C': 'free'}",False,True,True,1.0,3
1768,3,0.06042121624696617,0.3003726712275588,0.21957193976687017,1.6231639467388068,1.0125752384507585,1.185677872065007,0.048758501729100234,0.9999989797746793,,0.15000000000000002,0.09999999999999998,7.484626283147334e-05,1.670145572115624e-05,1.0129987326934196e-05,0.050000000000000044,0.050000000000000044,"{'I': 1, 'W': 0, 'R': 1, 'C': 'free'}",False,True,True,0.6666666666666666,3
1768,4,0.0019173577536346089,0.1859599718019838,0.009064766225524554,1.2915052466595807,1.0002426500960384,1.0855898893828608,0.001212367793958613,0.9479966208965745,0.0,0.050000000000000044,0.050000000000000044,0.9992903296915574,8.315279298709684e-07,1.3709578597742656e-06,0.050000000000000044,0.050000000000000044,"{'I': 0, 'W': 1, 'R': 0, 'C': 'costly'}",False,True,True,1.0,3
1771,1,0.0030963739237465098,0.25717061846702355,0.013970683332074742,1.274241128483927,1.0004156332197862,1.1484376204166193,0.002075577345278856,0.9792512230441028,,0.050000000000000044,0.09999999999999998,5.04347647642021e-07,1.9947299444718235e-06,0.00020342704218981078,0.050000000000000044,0.050000000000000044,"{'I': 1, 'W': 0, 'R': 1, 'C': 'free'}",False,True,True,1.0,3
1771,2,0.01992537028638042,0.17455109371222677,0.15935376498326043,1.76251667069466,1.0047669196186377,1.087876134544776,0.03733014020960912,0.9429443419706478,0.0,0.09999999999999998,0.09999999999999998,8.315279249087573e-07,5.42221758467959e-06,0.00010889693409392593,0.050000000000000044,0.050000000000000044,"{'I': 1, 'W': 0, 'R': 1, 'C': 'free'}",False,True,True,1.0,3
1771,3,0.018713750483827,0.10527260508648036,0.09086336407172213,1.1486518358675402,1.0037085774369368,1.0543371350319104,0.018338356045483284,0.9168306415924278,0.0,0.0,0.050000000000000044,5.829127249815271e-05,1.300712374726583e-05,6.144177518359947e-06,0.0,0.0,"{'I': 0, 'W': 1, 'R': 0, 'C': 'costly'}",False,True,True,1.0,3
1781,1,0.015231871824778639,0.2959131761591543,0.0796190637119993,1.255737908954087,1.0024740645279582,1.1451982506316454,0.01714832807619482,0.9970614645470988,0.0,0.09999999999999998,0.09999999999999998,5.043476480875162e-07,9.422445919552317e-07,5.144221317720364e-05,0.050000000000000044,0.050000000000000044,"{'I': 1, 'W': 0, 'R': 1, 'C': 'free'}",False,True,True,1.0,3
1781,2,0.08719742720639623,0.5207228951661803,0.5880784867953077,1.6736163353401032,1.038457694458446,1.514059089043869,0.31433510607873383,0.9999999995708856,0.05,0.15000000000000002,0.15000000000000002,3.927863406589673e-07,6.475945662150508e-07,0.0001584362357118793,0.050000000000000044,0.25,"{'I': 1, 'W': 0, 'R': 1, 'C': 'free'}",False,True,True,1.0,3
1781,3,5.072914170206219e-05,0.28956730958396804,0.00036600032120053894,1.5136235724465557,1.0000042517493264,1.198436794431362,3.826493046765744e-05,0.9999922372379881,,0.09999999999999998,0.15000000000000002,2.2603250995228174e-06,1.7603469767963688e-06,4.0063691796891235e-05,0.050000000000000044,0.25,"{'I': 1, 'W': 0, 'R': 1, 'C': 'free'}",True,False,True,0.0,3
1781,4,0.0014844266402891924,0.5128537785965365,0.012248966253539424,2.1096346650517153,1.0001881068977974,1.3586156856076175,0.001691370888573629,0.9999999999584603,,0.15000000000000002,0.15000000000000002,3.726638823088361e-06,6.962257857980492e-06,7.484626255673824e-05,0.15000000000000002,0.25,"{'I': 1, 'W': 0, 'R': 1, 'C': 'free'}",True,False,True,0.0,3
1781,5,0.0011326563765047632,0.5076610806145475,0.009064564143061707,2.1280291977024834,1.0001404283327302,1.4182494360274909,0.0012629680460600756,0.9999999999999993,,0.4,0.4,1.0129987307682862e-05,3.726638827651508e-06,2.7535687731424638e-05,0.65,0.65,"{'I': 1, 'W': 0, 'R': 1, 'C': 'free'}",True,False,True,0.0,3
1781,6,0.009733189180723714,0.4650728804711522,0.04935766941728646,1.8909471963138786,1.0015706023252713,1.3392236966630604,0.010925470282134975,0.9999999957567978,0.05,0.30000000000000004,0.25,6.144177460400116e-06,4.785094447911529e-06,3.5356254713833005e-05,0.15000000000000002,0.65,"{'I': 1, 'W': 0, 'R': 1, 'C': 'free'}",True,True,True,0.0,3
1781,7,0.06351919967518113,0.5347674808370941,0.6276971788815343,2.257543102096735,1.0395433465236614,1.485426070976013,0.3214623209890003,1.0,0.15,0.7,0.4,0.008577485254752909,1.1253518664525057e-07,0.00015843623594365863,0.65,0.65,"{'I': 1, 'W': 0, 'R': 1, 'C': 'free'}",False,True,True,1.0,3
1790,1,0.045185410853408534,0.23932579501854315,0.31474286099969734,2.053635660189644,1.0144384780889406,1.1991490493763037,0.09547619036426214,0.9999540827587432,0.0,0.09999999999999998,0.15000000000000002,6.023574189341965e-08,6.475945651762012e-07,2.1444958603545385e-05,0.050000000000000044,0.050000000000000044,"{'I': 1, 'W': 0, 'R': 1, 'C': 'free'}",False,True,True,1.0,3
1790,2,1.6412830197081516e-05,0.5196439020265696,0.00010067844166373113,1.9600599675038768,1.0000011920899428,1.36896418404273,1.0728745536980888e-05,0.9999997926100103,,0.15000000000000002,0.15000000000000002,4.450852636507324e-07,1.0677029927612912e-06,2.4300252167424143e-05,0.050000000000000044,0.15000000000000002,"{'I': 1, 'W': 0, 'R': 1, 'C': 'free'}",False,True,True,1.0,3
1790,3,0.023721632435316865,0.37899706208878897,0.2520312228974062,1.89317540492994,1.0046226209034377,1.2275533741612743,0.06252723446602293,0.9999844468183773,0.05,0.15000000000000002,0.15000000000000002,1.3007123806359564e-05,1.06770299594082e-06,8.481104021347441e-05,0.15000000000000002,0.15000000000000002,"{'I': 1, 'W': 0, 'R': 1, 'C': 'free'}",False,True,True,1.0,3
1790,4,0.07007749122701802,0.4427306588452949,0.4193069206046517,2.126841021929551,1.0270815157925284,1.3788573920976102,0.14813550067571013,0.9999999999996174,0.05,0.15000000000000002,0.15000000000000002,2.2603251029082357e-06,2.260325099949586e-06,4.539785230210273e-05,0.050000000000000044,0.15000000000000002,"{'I': 1, 'W': 0, 'R': 1, 'C': 'free'}",False,True,True,1.0,3
1790,5,0.06323431338150774,0.4265121996851221,0.47220699410753286,1.6918399315026635,1.0176291269300552,1.361114163847571,0.16033759233621647,0.9999999999735558,0.05,0.15000000000000002,0.15000000000000002,1.3007123787210336e-05,6.14420346043079e-06,2.1444958639866233e-05,0.15000000000000002,0.25,"{'I': 1, 'W': 0, 'R': 1, 'C': 'free'}",True,True,True,0.0,3
1790,6,3.073601266613913e-06,0.4012760384783203,2.506564920302117e-05,1.6184239740947999,1.0000001907347436,1.2432787208146068,1.907345435370189e-06,0.9999999781248292,,0.15000000000000002,0.15000000000000002,1.3007123786704434e-05,3.726638830475881e-06,0.00015843623588190778,0.15000000000000002,0.15000000000000002,"{'I': 1, 'W': 0, 'R': 1, 'C': 'free'}",False,True,True,1.0,3
1790,7,0.03812271303701447,0.43318307404921247,0.4193068272135666,1.7545041442228435,1.0146726783219648,1.3367955952655908,0.1480494866811084,0.9999999847254074,0.05,0.15000000000000002,0.15000000000000002,1.1478768068738797e-05,3.288750625248652e-06,7.484626277352616e-05,0.15000000000000002,0.15000000000000002,"{'I': 1, 'W': 0, 'R': 1, 'C': 'free'}",False,True,True,0.0,3
1801,1,0.040728291916261324,0.2884972345649696,0.3147428606543352,1.2877535977072878,1.0127782722215903,1.247765442287349,0.09658978812342678,0.999926500733553,0.0,0.09999999999999998,0.09999999999999998,5.715002409882614e-07,5.715002419037029e-07,2.4300252108906638e-05,0.050000000000000044,0.050000000000000044,"{'I': 1, 'W': 0, 'R': 1, 'C': 'free'}",False,True,True,1.0,3
1801,2,0.012971096242626571,0.2113557243731854,0.10941061191935789,1.5931163072761243,1.00268800673639,1.1546847623767298,0.023870097463954076,0.9998839076478003,0.0,0.09999999999999998,0.09999999999999998,5.715002399146085e-07,1.9947299419642037e-06,1.6701429614577144e-05,0.050000000000000044,0.050000000000000044,"{'I': 1, 'W': 0, 'R': 1, 'C': 'free'}",False,True,True,1.0,3
1801,3,0.1193945263833196,0.295642088274168,0.7519883870706933,1.7761123227339028,1.0468682537253509,1.234122803118833,0.27430222786445957,0.9999996737464559,0.05,0.19999999999999996,0.15000000000000002,4.785094489215171e-06,6.962295532401267e-06,0.0002611903642118089,0.050000000000000044,0.4,"{'I': 1, 'W': 0, 'R': 1, 'C': 'free'}",False,True,True,1.0,3
1801,4,8.26906488502159e-05,0.41052446783562146,0.00044631258921810815,2.365425327581604,1.0000072319224789,1.2156765834333527,4.339043657941577e-05,0.9999998651851159,,0.09999999999999998,0.09999999999999998,4.222834862305859e-06,4.785094438267575e-06,2.4300251942514243e-05,0.050000000000000044,0.050000000000000044,"{'I': 1, 'W': 0, 'R': 1, 'C': 'free'}",True,False,True,0.0,3
1801,5,0.1365836558742009,0.2508080414175526,0.3653534861554246,1.8017830408331859,1.0465345455218498,1.1755742454553573,0.20341494106580738,0.9999390468404438,,0.09999999999999998,0.09999999999999998,8.481103954046797e-05,5.42221762391163e-06,1.3007123741383928e-05,0.050000000000000044,0.050000000000000044,"{'I': 1, 'W': 0, 'R': 1, 'C': 'free'}",False,True,True,1.0,3
1801,6,1.01648047985783e-06,0.2515773970430518,4.894439975154516e-06,1.4569182070603683,1.000000071525565,1.1742403548522125,3.5762774786007867e-07,0.9999656796350193,,0.09999999999999998,0.09999999999999998,6.144177410357008e-06,5.422217610993365e-06,2.1444958316896395e-05,0.050000000000000044,0.050000000000000044,"{'I': 1, 'W': 0, 'R': 1, 'C': 'free'}",True,False,True,0.0,3
1801,7,3.2000641672077228e-06,0.2574343570078407,1.574864631206936e-05,1.8977892087444244,1.0000002145766305,1.1303049775558511,1.0728824619832267e-06,0.9996514353086126,,0.09999999999999998,0.09999999999999998,4.2228349172553855e-06,3.72663882114201e-06,1.4738988871443706e-05,0.050000000000000044,0.050000000000000044,"{'I': 1, 'W': 0, 'R': 1, 'C': 'free'}",True,False,True,0.0,3
1828,1,0.1277367671059159,0.509469631945315,0.741599219236033,1.9915132178032424,1.0711945386052462,1.3528424712665872,0.3381037795025148,0.9999998893638999,,0.09999999999999998,0.15000000000000002,3.927863404331476e-07,1.370957854022344e-06,5.8291272298830377e-05,0.050000000000000044,0.15000000000000002,"{'I': 1, 'W': 0, 'R': 1, 'C': 'free'}",False,True,True,1.0,3
1828,2,0.05262312532644423,0.36780774755139617,0.26853520503489237,1.9567705297757398,1.0134776986329004,1.2179678982242468,0.08945665616166121,0.9999972856222816,0.05,0.25,0.4,1.0129987342777855e-05,3.7266721384781693e-06,0.9990889418577688,0.25,0.65,"{'I': 1, 'W': 0, 'R': 1, 'C': 'free'}",False,True,True,1.0,3
1828,3,0.04097272540567765,0.3077333855822825,0.10614145162525238,1.550912398912496,1.0070709461185,1.2375960177678302,0.04139520023846255,0.9999996692675774,0.05,0.25,0.30000000000000004,0.9770226273547452,7.889302193980224e-06,0.9991959112533226,0.5,0.35,"{'I': 1, 'W': 0, 'R': 1, 'C': 'free'}",False,True,True,0.3333333333333333,3
1828,4,0.020385252286551643,0.33001422422378734,0.0906654506979067,1.816693731317404,1.0039473141708053,1.1994703111190963,0.01950498729070238,0.9999979452651395,,0.09999999999999998,0.15000000000000002,8.939699426985176e-06,6.144184942147468e-06,2.7535687792827337e-05,0.050000000000000044,0.15000000000000002,"{'I': 1, 'W': 0, 'R': 1, 'C': 'free'}",True,False,True,0.0,3
1828,5,0.002396712333462947,0.2966207035176423,0.015787170738367,1.374574837618213,1.0003285536256599,1.2465378057925565,0.002296855826784183,0.9999995175636796,0.0,0.09999999999999998,0.15000000000000002,0.9998766053515604,0.9990889486385515,0.22270013855079937,0.15000000000000002,0.25,"{'I': 0, 'W': 1, 'R': 0, 'C': 'costly'}",False,True,True,0.0,3
1855,1,0.0054930464884353995,0.24188563659507595,0.026464208220549606,1.5244901506460746,1.0008330980566278,1.1534454145336865,0.004155099701369291,0.998128758079795,,0.050000000000000044,0.09999999999999998,3.466327443986239e-07,1.2098659698938692e-06,2.753568766777724e-05,0.050000000000000044,0.050000000000000044,"{'I': 1, 'W': 0, 'R': 1, 'C': 'free'}",False,True,True,1.0,3
1855,2,0.0005476385809464158,0.3310313644413959,0.002480274532423169,1.612166119291073,1.0000517562690097,1.2335274645145935,0.00025874116922908197,0.9999999999783435,,0.09999999999999998,0.09999999999999998,1.760342994545612e-06,2.5612812713653286e-06,1.670142970816361e-05,0.0,0.15000000000000002,"{'I': 1, 'W': 0, 'R': 1, 'C': 'free'}",True,False,True,0.0,3
1855,3,0.17518277703437768,0.25755703440178684,0.7987461309845423,1.1352379063143276,1.0941395154443232,1.2197882888440312,0.6895048221690583,0.9999999536744107,,0.19999999999999996,0.09999999999999998,0.00020342706629243883,1.3007185901047407e-05,0.00015843623585104786,0.050000000000000044,0.050000000000000044,"{'I': 1, 'W': 0, 'R': 1, 'C': 'free'}",False,True,True,1.0,3
1855,4,0.06742662783036502,0.3960084290314134,0.2734883115129664,1.479687398649421,1.0148744327397916,1.2966113801287829,0.09819255090811352,0.9999999924544255,,0.30000000000000004,0.25,7.88926445987667e-06,1.760343001290173e-06,7.484626746990146e-05,0.4,0.4,"{'I': 1, 'W': 0, 'R': 1, 'C': 'free'}",False,True,True,1.0,3
1855,5,0.0006815786782292946,0.4453761348412084,0.003915615150435361,2.226617229930401,1.0000756646667577,1.2933958057083603,0.00045386779682288214,0.9999999999993374,,0.30000000000000004,0.25,6.1441775299532726e-06,4.785094478660973e-06,0.001501181993645453,0.4,0.4,"{'I': 1, 'W': 0, 'R': 1, 'C': 'free'}",False,True,True,1.0,3
1855,6,0.015645378287782417,0.32135804982480115,0.09185574867526733,2.010819720118014,1.0030853381009954,1.252640167599722,0.01831375645954436,0.9999999999985445,,0.4,0.30000000000000004,2.26032510557963e-06,6.144177519330379e-06,0.00020342704651751705,0.4,0.35,"{'I': 1, 'W': 0, 'R': 1, 'C': 'free'}",False,True,True,0.0,3
1855,7,0.08015051284751791,0.36555387514821164,0.5665320571260536,2.0295318401334543,1.0245997249825987,1.3354560129755948,0.1766848249513201,0.9999999999999639,0.05,0.15000000000000002,0.15000000000000002,4.785094491596465e-06,4.785094478802206e-06,0.00015843623585321407,0.15000000000000002,0.25,"{'I': 1, 'W': 0, 'R': 1, 'C': 'free'}",False,True,True,1.0,3
1858,1,0.00048717274737589074,0.20207503203846797,0.002416046199596664,1.561165083577079,1.0000525181641455,1.1543807322678086,0.00026254945343395786,0.9979155570274784,,0.050000000000000044,0.09999999999999998,2.3823696583822494e-07,2.3823696655883396e-07,1.012998731899179e-05,0.050000000000000044,0.050000000000000044,"{'I': 1, 'W': 0, 'R': 1, 'C': 'free'}",False,True,True,1.0,3
1858,2,0.052598117090538826,0.21715452620367126,0.3147430311781968,1.823010626970859,1.0168547343441687,1.1460998339751143,0.0954209817081132,0.9983535639452972,0.0,0.050000000000000044,0.050000000000000044,2.7535687800579342e-05,1.7603430024925793e-06,7.889264423290606e-06,0.050000000000000044,0.050000000000000044,"{'I': 0, 'W': 1, 'R': 0, 'C': 'costly'}",False,True,True,1.0,3
1885,1,0.001534831143499967,0.2514242845379479,0.009064416579468298,1.4283060492633637,1.000189944984586,1.1801098131286833,0.0015182618511250245,0.9998693259875295,0.0,0.09999999999999998,0.09999999999999998,1.2751905787383427e-07,4.450852637534783e-07,1.67014297849078e-05,0.050000000000000044,0.050000000000000044,"{'I': 1, 'W': 0, 'R': 1, 'C': 'free'}",False,True,True,1.0,3
1885,2,0.000299741417485711,0.31393887365307793,0.0024160600998941496,1.3545349983944615,1.0000312417245478,1.1916257169734137,0.000312363569692109,0.9997785445524427,0.0,0.15000000000000002,0.15000000000000002,3.2887506142367647e-06,3.288805480593331e-06,7.484626195880806e-05,0.050000000000000044,0.15000000000000002,"{'I': 1, 'W': 0, 'R': 1, 'C': 'free'}",False,True,True,1.0,3
1885,3,0.013747380317193861,0.41303211911837306,0.07406224733450713,1.4896646419611397,1.0023968637848883,1.2030168923916942,0.016618337501216884,0.999646559918478,,0.09999999999999998,0.09999999999999998,5.144221302456791e-05,2.4300530684473045e-05,0.0001088969332939353,0.050000000000000044,0.050000000000000044,"{'I': 1, 'W': 0, 'R': 1, 'C': 'free'}",False,True,True,0.0,3
1885,4,0.03358639139991604,0.521151161433401,0.17395233651355962,1.7368879149570464,1.0066014180344325,1.4610062999164417,0.03870922907499408,0.9999999941467703,,0.09999999999999998,0.09999999999999998,1.012998734932608e-05,6.14417749495928e-06,4.0063691084102236e-05,0.050000000000000044,0.050000000000000044,"{'I': 1, 'W': 0, 'R': 1, 'C': 'free'}",False,True,True,0.6666666666666666,3
1885,5,3.34393275866158e-06,0.6217959632797571,1.2489081363346153e-05,2.1556484008828165,1.000000204358737,1.5833831061366026,1.4305099895750573e-06,1.0,,0.30000000000000004,0.15000000000000002,1.0129987317376709e-05,1.9947438371436803e-06,1.6701429760630652e-05,0.15000000000000002,0.15000000000000002,"{'I': 1, 'W': 0, 'R': 1, 'C': 'free'}",False,True,True,0.0,3
1885,6,0.0002130102291291102,0.3868351264148166,0.0009850642634376264,1.5531981137994044,1.0000199272041115,1.2594134879899224,0.00011955488614934229,0.9999689240300886,,0.09999999999999998,0.15000000000000002,5.422217010966117e-06,4.222834935525164e-06,0.0002611903074755198,0.050000000000000044,0.050000000000000044,"{'I': 1, 'W': 0, 'R': 1, 'C': 'free'}",False,True,True,0.0,3
1885,7,0.007812408008665356,0.3881583506634344,0.028628858840066808,1.4894372477934306,1.000985505592934,1.2452589579312614,0.005892691392301974,0.9997011921236687,,0.09999999999999998,0.15000000000000002,1.4738988858189197e-05,6.144177494496122e-06,0.0001584362528817654,0.050000000000000044,0.050000000000000044,"{'I': 1, 'W': 0, 'R': 1, 'C': 'free'}",False,True,True,0.0,3
1886,1,0.003483952263719467,0.4283886073772168,0.017311430438153395,1.7695880825932486,1.0004628954919916,1.2829434178828483,0.0032342771432821715,0.9999826671543282,,0.09999999999999998,0.92,8.315279247048078e-07,9.422445919974483e-07,4.00636918458115e-05,0.050000000000000044,0.050000000000000044,"{'I': 1, 'W': 0, 'R': 1, 'C': 'free'}",False,True,True,1.0,3
1886,2,0.002008992048837861,0.3277220650043055,0.013983828367715492,1.4430698951497685,1.0002764568915083,1.195874400258142,0.0019330600186223679,0.9999687940801829,,0.0,0.91,1.9947299334224134e-06,2.2603250842054878e-06,2.7535687371739087e-05,0.0,0.050000000000000044,"{'I': 1, 'W': 0, 'R': 1, 'C': 'free'}",True,False,True,0.0,3
1886,3,0.09503328761470634,0.2721069317075679,0.4751205585068008,1.4523114269072108,1.405347073736642,1.1758256289949067,0.8175759759564503,0.9998409688473305,,0.09999999999999998,0.09999999999999998,4.006369186353516e-05,0.0015011821600349885,2.43002521217285e-05,0.050000000000000044,0.050000000000000044,"{'I': 1, 'W': 0, 'R': 1, 'C': 'free'}",False,True,True,1.0,3
1886,4,1.0414667876608068e-06,0.28372150038179034,4.894496444555185e-06,1.5330258487005233,1.000000071525565,1.2386029499406175,3.5762774786007867e-07,0.9999973449457532,,0.09999999999999998,0.91,1.3709578565769462e-06,1.209865968915177e-06,2.1444958613850842e-05,0.050000000000000044,0.050000000000000044,"{'I': 1, 'W': 0, 'R': 1, 'C': 'free'}",True,False,True,0.0,3
1886,5,1.9483209144584744e-05,0.3779512391607336,0.00012662605367821708,1.8492357889604054,1.000001532684747,1.2422835501096203,1.0728727453890308e-05,0.9999805480441186,,0.19999999999999996,0.19999999999999996,3.2887506172849686e-06,2.9023203973832976e-06,0.9959298617050922,0.050000000000000044,0.15000000000000002,"{'I': 1, 'W': 0, 'R': 1, 'C': 'free'}",False,True,True,1.0,3
1886,6,6.844817511862174e-07,0.297388975702207,3.061399364627823e-06,1.5858175536926788,1.0000000476837112,1.3057760357200439,2.3841852225814364e-07,0.9999999827496661,,0.0,0.91,1.5534971915649355e-06,1.3709578548144534e-06,6.1441775216308766e-06,0.0,0.050000000000000044,"{'I': 1, 'W': 0, 'R': 1, 'C': 'free'}",True,True,True,0.0,3
1886,7,2.0462555082429385e-07,0.2502013132870627,6.282237611296819e-07,1.5467463416209901,1.0,1.1874574910400428,0.0,0.9999858803039503,,0.9,0.91,2.260325077330639e-06,1.3709578509649788e-06,7.889264436098525e-06,0.0,0.050000000000000044,"{'I': 1, 'W': 0, 'R': 1, 'C': 'free'}",True,False,True,0.0,3
1887,1,0.09051521622317779,0.21845211404270132,0.4354886870722534,1.4216920865095237,1.0284266603715624,1.1424129188403223,0.13077268096225558,0.9987151728102924,,0.09999999999999998,0.09999999999999998,2.6995784143625227e-07,7.338208036640616e-07,1.1478768078625769e-05,0.050000000000000044,0.050000000000000044,"{'I': 1, 'W': 0, 'R': 1, 'C': 'free'}",False,True,True,1.0,3
1887,2,0.015962741447882806,0.2523661557510741,0.09009479165749941,1.8116720740090264,1.0030222212822018,1.172761297537098,0.020902103342283262,0.9999878068307455,0.0,0.09999999999999998,0.09999999999999998,1.760342997689725e-06,1.9947299442670372e-06,2.1444958187782892e-05,0.050000000000000044,0.050000000000000044,"{'I': 1, 'W': 0, 'R': 1, 'C': 'free'}",False,True,True,1.0,3
1887,3,9.377337318208151e-07,0.3100265325898371,3.06306361821944e-06,1.348040145532615,1.000000039736426,1.2560293422432638,2.3841852225814364e-07,0.9999999999973876,,0.09999999999999998,0.09999999999999998,2.9023119502720713e-06,3.726638783213569e-06,1.8925145821772628e-05,0.050000000000000044,0.050000000000000044,"{'I': 1, 'W': 0, 'R': 1, 'C': 'free'}",True,False,True,0.0,3
1887,4,0.01517864169725566,0.3660279026206882,0.09990403500273855,2.3629904356538782,1.0030451173308148,1.2909267059494998,0.021058538544438288,0.9999999999995103,,0.09999999999999998,0.09999999999999998,2.5612812900946848e-06,4.222834929990594e-06,1.4738988888792862e-05,0.050000000000000044,0.050000000000000044,"{'I': 1, 'W': 0, 'R': 1, 'C': 'free'}",False,True,True,1.0,3
1887,5,0.1757495082149651,0.15902698042988858,1.1477449469710466,1.2952796493526022,1.112333999036225,1.1115612552790717,0.7494223996210836,0.9994520656070034,0.0,0.050000000000000044,0.050000000000000044,0.9999417086907326,1.0677029972776076e-06,3.5356254732351855e-05,0.0,0.050000000000000044,"{'I': 0, 'W': 1, 'R': 0, 'C': 'costly'}",False,True,True,0.0,3
1902,1,0.35142894376444034,0.38454894153232505,2.20846514356785,1.7383430483290088,1.4339673452522275,1.2645927412735234,0.9197906181992903,0.9999999269782772,,0.09999999999999998,0.09999999999999998,1.3709578603712047e-06,1.3709578600533263e-06,3.5356254841913785e-05,0.050000000000000044,0.050000000000000044,"{'I': 1, 'W': 0, 'R': 1, 'C': 'free'}",False,True,True,0.0,3
1902,2,0.0006097074005796644,0.33206816788510035,0.004723964793535973,1.580499108995296,1.0000708084891494,1.2455422009817918,0.0005662874574726695,0.9999999707124725,,0.25,0.4,6.14417750516127e-06,6.962257653135376e-06,0.9982992721588104,0.15000000000000002,0.25,"{'I': 1, 'W': 0, 'R': 1, 'C': 'free'}",False,True,True,0.0,3
1902,3,0.004974841021413907,0.5312112719894346,0.049357899298624774,2.019585849281704,1.0008648418683956,1.444803772163374,0.008607423263917613,0.9999999999999875,0.05,0.25,0.4,1.0677029966806372e-06,1.370961835669459e-06,9.610239203438432e-05,0.15000000000000002,0.35,"{'I': 1, 'W': 0, 'R': 1, 'C': 'free'}",False,True,True,0.0,3
1902,4,0.0967112175706763,0.5558002740212785,0.7653277802747082,1.7507206401359718,1.0344057438224012,1.4429382593630944,0.23709122068077748,0.9999999999998739,,0.19999999999999996,0.19999999999999996,1.7603429985505276e-06,4.785094460260136e-06,0.00015843623559022753,0.050000000000000044,0.25,"{'I': 1, 'W': 0, 'R': 1, 'C': 'free'}",False,True,True,1.0,3
1902,5,2.622966465280971e-05,0.29901395447016205,0.00019756701185829725,1.8021159281951529,1.0000020712476196,1.244069134121652,1.6569826516432684e-05,0.9999999995922509,,0.15000000000000002,0.15000000000000002,2.5612815845472685e-06,7.889264386774331e-06,5.829127234368712e-05,0.15000000000000002,0.15000000000000002,"{'I': 1, 'W': 0, 'R': 1, 'C': 'free'}",False,True,True,0.0,3
1902,6,0.004460138036288509,0.4184989823026056,0.03434203227320526,2.161700278863049,1.0006907618579308,1.3194708660763887,0.005508956870244108,0.9999999995937296,,0.30000000000000004,0.4,3.1201903607239565e-05,4.785114688717205e-06,0.0002611903096659288,0.4,0.4,"{'I': 1, 'W': 0, 'R': 1, 'C': 'free'}",True,True,True,0.0,3
1902,7,0.0004516686975880266,0.4340028363820113,0.0030759189435720247,1.7550618176830441,1.000049464831072,1.2825921264382962,0.0003461853181226937,0.9999999999672351,,0.19999999999999996,0.30000000000000004,2.4300252166057564e-05,3.7266388314940124e-06,0.2227001335151965,0.15000000000000002,0.4,"{'I': 1, 'W': 0, 'R': 1, 'C': 'free'}",True,True,True,0.0,3
1917,1,0.05569248899724292,0.17404597551454615,0.6629300136177502,1.2955683555870465,1.0403424809256525,1.1566687627003573,0.37786589731284614,0.9999564910590587,,0.09999999999999998,0.15000000000000002,6.475945639901577e-07,8.315279268280915e-07,3.535625489700566e-05,0.050000000000000044,0.050000000000000044,"{'I': 1, 'W': 0, 'R': 1, 'C': 'free'}",False,True,True,1.0,3
1917,2,0.0007983624684986156,0.3544692154495355,0.0037675841111062475,2.179385485754588,1.000085513576102,1.2205350199627791,0.0005983903332219542,0.9999999704791608,0.0,0.09999999999999998,0.15000000000000002,1.2098659662991941e-06,6.962257688398872e-06,3.1201903686867553e-05,0.050000000000000044,0.15000000000000002,"{'I': 1, 'W': 0, 'R': 1, 'C': 'free'}",False,True,True,1.0,3
1917,3,0.027081904781801423,0.22375253530829217,0.19086498551727657,1.5240106066773218,1.006544203991659,1.1279196367435904,0.05084491016106152,0.9998646630660987,0.05,0.09999999999999998,0.09999999999999998,1.99472995644351e-06,3.288750613827e-06,2.1444958393130966e-05,0.050000000000000044,0.050000000000000044,"{'I': 1, 'W': 0, 'R': 1, 'C': 'free'}",False,True,True,1.0,3
1917,4,0.0896442918866021,0.2603896933282213,0.6274935241892464,1.673507858834588,1.1763428680255013,1.2251872728348714,0.6791791880643854,0.9999999884713862,,0.09999999999999998,0.09999999999999998,4.2228349072414765e-06,6.144177439007594e-06,2.144495844380205e-05,0.050000000000000044,0.050000000000000044,"{'I': 1, 'W': 0, 'R': 1, 'C': 'free'}",False,True,True,1.0,3
1917,5,0.18269378813125825,0.20346305844730747,0.9623898670517463,1.3208295408513067,1.2136246591907587,1.1405787601602089,0.742124991652993,0.999922913230267,,0.09999999999999998,0.09999999999999998,2.902311966280439e-06,1.0129987254164607e-05,5.8291272169293784e-05,0.050000000000000044,0.050000000000000044,"{'I': 1, 'W': 0, 'R': 1, 'C': 'free'}",False,True,True,0.0,3
1917,6,0.0009923092885681327,0.2545224278415454,0.003574966064883872,1.4747522984773593,1.0001015377282112,1.2405176722464601,0.0007104755079044844,0.9999999984102743,,0.09999999999999998,0.15000000000000002,5.422217619885204e-06,1.3007123463565556e-05,1.4738988926130293e-05,0.050000000000000044,0.050000000000000044,"{'I': 1, 'W': 0, 'R': 1, 'C': 'free'}",True,False,True,0.0,3
1917,7,0.1672051457863694,0.241682640317284,0.9246502959516021,1.5794301325179758,1.1508330789388652,1.1528631205559075,0.6259637929897016,0.999998202497227,0.05,0.09999999999999998,0.09999999999999998,6.962257887803555e-06,5.422217001759201e-06,1.67014297628369e-05,0.050000000000000044,0.050000000000000044,"{'I': 1, 'W': 0, 'R': 1, 'C': 'free'}",False,True,True,1.0,3
1937,1,0.013765690324339604,0.19052211564304106,0.10941061711878057,1.2938371168342302,1.0029175279912743,1.1503969368508666,0.023036749351128538,0.997217751603856,,0.050000000000000044,0.09999999999999998,3.0590233539793127e-07,6.475945652844735e-07,2.144495849924921e-05,0.050000000000000044,0.050000000000000044,"{'I': 1, 'W': 0, 'R': 1, 'C': 'free'}",False,True,True,1.0,3
1937,2,0.010042192700215606,0.3657349399591482,0.09009478207030605,1.40814855408067,1.0020210463147683,1.2089694036274206,0.018006962459905074,0.9999757482745804,0.0,0.15000000000000002,0.15000000000000002,1.2098659660620541e-06,2.561281275596259e-06,3.535625470603363e-05,0.050000000000000044,0.15000000000000002,"{'I': 1, 'W': 0, 'R': 1, 'C': 'free'}",False,True,True,0.6666666666666666,3
1937,3,0.0606332855391992,0.17397753985153927,0.6630755874928352,1.672349359013717,1.09263717487588,1.1556590788870442,0.6226326666742044,0.9982801457688142,0.0,0.0,0.050000000000000044,2.1444958613518334e-05,5.043476484406257e-07,2.14449582432638e-05,0.0,0.050000000000000044,"{'I': 0, 'W': 1, 'R': 0, 'C': 'costly'}",False,True,True,0.6666666666666666,3
1945,1,0.008789633437158917,0.19748371791303967,0.06048898964070185,1.1339864870996992,1.0015937711010527,1.1150873044357605,0.011085613441360165,0.993335126346882,,0.050000000000000044,0.09999999999999998,1.444980206490466e-07,5.043476470122646e-07,4.785094475278661e-06,0.050000000000000044,0.050000000000000044,"{'I': 1, 'W': 0, 'R': 1, 'C': 'free'}",False,True,True,1.0,3
1945,2,0.0002687876912640804,0.3993135325740781,0.0015453026610951083,1.778698673509909,1.0000271978645139,1.2922211838330167,0.0001631716540100303,0.9999999839150373,,0.15000000000000002,0.15000000000000002,5.043476478056151e-07,1.994729947230169e-06,4.539785235509645e-05,0.050000000000000044,0.15000000000000002,"{'I': 1, 'W': 0, 'R': 1, 'C': 'free'}",False,True,True,0.6666666666666666,3
1945,3,0.08760923813638656,0.3751703159418728,0.5160166128945676,1.7289675221926495,1.03559285343984,1.2942892722841408,0.1892896237104903,0.9999998867453077,0.05,0.09999999999999998,0.09999999999999998,2.2603250942756346e-06,1.2098659684644301e-06,1.3007123619220415e-05,0.050000000000000044,0.050000000000000044,"{'I': 1, 'W': 0, 'R': 1, 'C': 'free'}",False,True,True,0.6666666666666666,3
1945,4,3.585898745473861e-05,0.18058230857060395,0.00020041778974138122,1.1560853911225968,1.0000029139890736,1.1063683884315867,2.622551955577812e-05,0.9904366266438945,0.0,0.050000000000000044,0.050000000000000044,5.829127248111893e-05,2.2603251014709542e-06,1.473898893840283e-05,0.050000000000000044,0.050000000000000044,"{'I': 0, 'W': 1, 'R': 0, 'C': 'costly'}",False,True,True,0.0,3
1949,1,0.004946452678859101,0.19710325432892647,0.049357540554943354,1.1376504782751706,1.0008625868994836,1.1559255781345128,0.00858508671007896,0.9999474262955855,,0.09999999999999998,0.09999999999999998,1.8553914578480371e-07,1.0677029951535691e-06,3.535625478234605e-05,0.050000000000000044,0.050000000000000044,"{'I': 1, 'W': 0, 'R': 1, 'C': 'free'}",False,True,True,1.0,3
1949,2,0.000738246144823796,0.18239760654879392,0.007288831644814641,1.205302309488256,1.0000918015001652,1.0776682435463372,0.0009175516584561949,0.9744005392494612,,0.050000000000000044,0.09999999999999998,1.3709578466318326e-06,3.2887506017327686e-06,1.4738988809693097e-05,0.0,0.050000000000000044,"{'I': 1, 'W': 0, 'R': 1, 'C': 'free'}",True,False,True,0.0,3
1949,3,0.05349081252910602,0.2018817562862994,0.6929076863140081,1.3466535489156493,1.0375893390407434,1.0960459038937396,0.38103158369881573,0.9982142662480201,,0.15000000000000002,0.09999999999999998,8.939699414906371e-06,4.222834918286516e-06,5.829127224975455e-05,0.050000000000000044,0.050000000000000044,"{'I': 1, 'W': 0, 'R': 1, 'C': 'free'}",False,True,True,1.0,3
1949,4,0.006804978892311841,0.30233463306863106,0.0740603889446499,2.068967914017651,1.0012953475650443,1.1896250992542707,0.014138698957403162,0.9999962806121837,,0.15000000000000002,0.25,4.222834939117132e-06,2.902311961868625e-06,0.000911051378580163,0.15000000000000002,0.4,"{'I': 1, 'W': 0, 'R': 1, 'C': 'free'}",False,True,True,1.0,3
1949,5,5.08030438223568e-06,0.30010696413102844,2.5294004605630116e-05,1.5916119436349956,1.000000330117851,1.1731029581354298,4.291522145649651e-06,0.9999571625298446,,0.19999999999999996,0.15000000000000002,6.962257808415392e-06,7.889264280456516e-06,7.484626250969444e-05,0.050000000000000044,0.15000000000000002,"{'I': 1, 'W': 0, 'R': 1, 'C': 'free'}",True,True,True,0.0,3
1949,6,0.0017902204546124212,0.36897629268729265,0.02142099776400078,1.9189324841487891,1.0002651923952823,1.2392785579820687,0.0031768300188018683,0.9999999998926199,0.05,0.15000000000000002,0.25,4.785094490109165e-06,5.422217002266065e-06,0.005220125632063116,0.15000000000000002,0.35,"{'I': 1, 'W': 0, 'R': 1, 'C': 'free'}",False,True,True,1.0,3
1949,7,6.334796819363051e-06,0.2697845488178748,4.70208997847512e-05,1.5344863071434836,1.0000004334878616,1.1844071250218529,4.768354074258241e-06,0.9999915193289118,,0.19999999999999996,0.15000000000000002,1.4738988746563206e-05,6.962257818890449e-06,0.0005527785423259863,0.15000000000000002,0.15000000000000002,"{'I': 1, 'W': 0, 'R': 1, 'C': 'free'}",False,True,True,0.0,3
1955,1,0.0007378459816513361,0.2652662551663517,0.00193257878885323,1.3152757570171902,1.000075002245564,1.196504901191739,0.0003749268625324875,0.9961571709950418,,0.050000000000000044,0.09999999999999998,1.2751905790616722e-07,2.6995784143809705e-07,3.726638826566556e-06,0.0,0.050000000000000044,"{'I': 1, 'W': 0, 'R': 1, 'C': 'free'}",False,True,True,1.0,3
1955,2,0.00027932904306429224,0.1635679206172109,0.0019325776055036323,1.4945733613373644,1.000029288896,1.1221896837710432,0.0002049982546074025,0.9937326487575969,0.0,0.0,0.050000000000000044,4.78509449288161e-06,1.8553914597594104e-07,1.0677029940275201e-06,0.0,0.0,"{'I': 0, 'W': 1, 'R': 0, 'C': 'costly'}",False,True,True,0.0,3
200,1,0.0003642077269229217,0.16281413788152593,0.0024878069297443375,1.0480641349953317,1.000037919672072,1.1276095422199282,0.0003033056186615424,0.9882476008657386,,0.050000000000000044,0.050000000000000044,2.1024339085114608e-07,2.3823696661986776e-07,1.1478768071745176e-05,0.050000000000000044,0.050000000000000044,"{'I': 1, 'W': 0, 'R': 1, 'C': 'free'}",False,True,True,1.0,3
200,2,0.00038981237539312453,0.11578021286447135,0.0012339537639736824,1.02102763318126,1.0000387216425803,1.0430232970131104,0.00023229837205540615,0.7173950715820255,0.0,0.0,0.050000000000000044,1.012998734890218e-05,2.382369667079427e-07,2.2603250894951814e-06,0.0,0.0,"{'I': 0, 'W': 1, 'R': 0, 'C': 'costly'}",False,True,True,1.0,3
2004,1,0.003088464694852185,0.2948137221694226,0.021420657045043888,1.8896754213930078,1.0004561919734267,1.1878266886355495,0.00318752466847938,0.9998170442551089,,0.09999999999999998,0.09999999999999998,6.475945614039727e-07,1.0677029936712737e-06,3.120190359796418e-05,0.050000000000000044,0.050000000000000044,"{'I': 1, 'W': 0, 'R': 1, 'C': 'free'}",False,True,True,1.0,3
2004,2,0.09882306959293102,0.2723277342210081,0.7018724867992885,1.2967107726761207,1.0806546009382343,1.2389359319451234,0.5396046467516555,0.9998764199528195,0.0,0.050000000000000044,0.050000000000000044,0.9820137879182294,0.00015843624044954935,2.9023119714143677e-06,0.050000000000000044,0.050000000000000044,"{'I': 0, 'W': 1, 'R': 0, 'C': 'costly'}",False,True,True,0.6666666666666666,3
2008,1,0.0007002627803818088,0.30416737999493854,0.004698775167026807,1.314859840141351,1.0000814354612568,1.1756679260671812,0.0005698625855915518,0.9999014234078862,,0.09999999999999998,0.09999999999999998,9.422445843161238e-07,1.994729947430637e-06,3.53562546403452e-05,0.050000000000000044,0.050000000000000044,"{'I': 1, 'W': 0, 'R': 1, 'C': 'free'}",False,True,True,1.0,3
2008,2,0.05223643324520216,0.324767569586293,0.3653338607552256,1.5890292525995857,1.018302011924714,1.2135049222548735,0.11922741725496777,0.999999589944362,0.0,0.15000000000000002,0.15000000000000002,1.370957858462402e-06,4.785132155087833e-06,0.00020342706013030758,0.050000000000000044,0.15000000000000002,"{'I': 1, 'W': 0, 'R': 1, 'C': 'free'}",False,True,True,1.0,3
2008,3,0.005594411655782715,0.4470765923957302,0.03911786996337463,2.190076783028312,1.0007879495943102,1.390257279810476,0.005498303965231988,1.0,,0.15000000000000002,0.09999999999999998,6.962257899831046e-06,1.0129987317221256e-05,5.829127229613596e-05,0.050000000000000044,0.050000000000000044,"{'I': 1, 'W': 0, 'R': 1, 'C': 'free'}",False,True,True,0.0,3
2008,4,0.012427457194961166,0.43364228726481924,0.07404505822194837,2.1128593776905418,1.0021018004231026,1.366956862225091,0.012518551175688786,0.999999997950291,0.0,0.050000000000000044,0.050000000000000044,0.000709670304096509,2.1444958554753557e-05,2.1444958591319525e-05,0.050000000000000044,0.050000000000000044,"{'I': 0, 'W': 1, 'R': 0, 'C': 'costly'}",False,True,True,0.0,3
2019,1,0.006466272663010501,0.2264891363785738,0.09009481238786388,1.0501392430397531,1.0012996111351118,1.1776239701480256,0.018018434494314284,0.9991154658417694,,0.09999999999999998,0.09999999999999998,8.315279237311349e-07,1.5534971886667352e-06,5.8291271654248814e-05,0.050000000000000044,0.050000000000000044,"{'I': 1, 'W': 0, 'R': 1, 'C': 'free'}",False,True,True,1.0,3
2019,2,0.0003828494599084999,0.4791902683640829,0.004812891960686073,1.5053822593088946,1.0000441604513914,1.2773757809183013,0.0005739084440294917,0.9999286208172713,,0.09999999999999998,0.050000000000000044,3.288750580363288e-06,1.9947299410274403e-06,4.539785180084633e-05,0.050000000000000044,0.050000000000000044,"{'I': 1, 'W': 0, 'R': 1, 'C': 'free'}",False,True,True,1.0,3
2019,3,0.005159891590614974,0.17719376843380905,0.021550596481310483,1.4352049050607552,1.0007132572544437,1.1001771663574869,0.004268880360103644,0.9973126940262551,0.0,0.09999999999999998,0.09999999999999998,8.939699410771253e-06,7.88926439640523e-06,0.0002959572364353602,0.050000000000000044,0.050000000000000044,"{'I': 1, 'W': 0, 'R': 1, 'C': 'free'}",False,True,True,1.0,3
2019,4,0.04862688707949108,0.25991040850318364,0.33784017923155213,1.145988187406348,1.0122306546251547,1.1844139556409443,0.08157520101234672,0.9937641663358225,,0.09999999999999998,0.050000000000000044,4.53978549986665e-05,4.539785232771714e-05,0.0010322311400499302,0.050000000000000044,0.050000000000000044,"{'I': 1, 'W': 0, 'R': 1, 'C': 'free'}",False,True,True,0.0,3
2019,5,0.0004738405570460944,0.3523648051838784,0.0037686258011989915,1.8627010225239866,1.000054006576902,1.2279473385531843,0.0004319476325431726,0.9999029687552107,0.0,0.09999999999999998,0.09999999999999998,2.144493831983559e-05,1.670141580112711e-05,8.481103747839499e-05,0.050000000000000044,0.050000000000000044,"{'I': 1, 'W': 0, 'R': 1, 'C': 'free'}",False,True,True,0.0,3
2019,6,0.01367706288553527,0.3908223534227082,0.1094107209533306,1.7830240867621885,1.0029099362692269,1.3199196013699799,0.022977585275191004,0.999999974560483,0.05,0.15000000000000002,0.15000000000000002,8.939699364093198e-06,5.422216977853977e-06,5.8291271700689116e-05,0.15000000000000002,0.050000000000000044,"{'I': 1, 'W': 0, 'R': 1, 'C': 'free'}",True,True,True,0.0,3
2019,7,0.0026942202054444694,0.461540187934237,0.021421174666837316,2.4110285971457954,1.000398411246357,1.2958665703109133,0.003181583216636419,0.9999999939312522,0.05,0.4,0.15000000000000002,1.4738988769939344e-05,2.561281283276383e-06,9.610239175640636e-05,0.15000000000000002,0.25,"{'I': 1, 'W': 0, 'R': 1, 'C': 'free'}",True,False,True,0.0,3
2033,1,0.09988389098910759,0.19376241412176803,0.395985955161966,1.129362463724379,1.0194849615735642,1.084179818392286,0.1263565346724409,0.9455055186402119,0.0,0.09999999999999998,0.09999999999999998,1.0677029968501147e-06,6.47594566464457e-07,1.1478768074350841e-05,0.050000000000000044,0.050000000000000044,"{'I': 1, 'W': 0, 'R': 1, 'C': 'free'}",False,True,True,1.0,3
2033,2,0.0005416090885510186,0.3170291551558747,0.0024161254779908946,1.6660338976359348,1.000058353685883,1.1952909037151538,0.0005250299738571718,0.9999344723161745,0.0,0.15000000000000002,0.15000000000000002,1.3709578537502133e-06,2.561281258052612e-06,7.48462614372116e-05,0.050000000000000044,0.15000000000000002,"{'I': 1, 'W': 0, 'R': 1, 'C': 'free'}",False,True,True,1.0,3
2033,3,0.010808901075648924,0.47368714279770674,0.0739339337849052,1.4542169738463662,1.0020499692655889,1.4241813472993299,0.014232838333425701,0.9999999996987329,0.05,0.19999999999999996,0.19999999999999996,5.422217623140419e-06,6.14418589863349e-06,0.0001795280058408952,0.050000000000000044,0.35,"{'I': 1, 'W': 0, 'R': 1, 'C': 'free'}",True,True,True,0.0,3
2033,4,4.915403457660911e-06,0.4669846079516265,2.0145800143251055e-05,1.9731053748450138,1.000000298023119,1.3438628220074755,2.384181755132886e-06,0.9999999996825067,,0.19999999999999996,0.19999999999999996,1.7603429992692969e-06,1.7603475035413396e-06,1.3007123744386614e-05,0.15000000000000002,0.35,"{'I': 1, 'W': 0, 'R': 1, 'C': 'free'}",True,True,True,0.0,3
2033,5,3.4166952601147315e-05,0.4393257322031582,0.00016140431607964594,1.3443569672446742,1.0000026821979464,1.2957466605857249,1.6093036601438904e-05,0.9999933307732909,,0.30000000000000004,0.30000000000000004,5.144221213371216e-05,1.300719422879102e-05,0.0019267344964853065,0.15000000000000002,0.25,"{'I': 1, 'W': 0, 'R': 1, 'C': 'free'}",True,True,True,0.0,3
2033,6,1.2836889594798525e-05,0.363117215760087,7.987606296274922e-05,1.4891105891381256,1.0000009536720336,1.248154886971865,6.675678769108018e-06,0.9999999897737587,,0.30000000000000004,0.4,0.2689414213419547,1.0129987555694981e-05,0.999620014902214,0.4,0.4,"{'I': 1, 'W': 0, 'R': 1, 'C': 'free'}",False,True,True,0.6666666666666666,3
2033,7,1.744010856085814e-05,0.3860831449051152,5.039867214588922e-05,1.1444302275998064,1.0000012119602437,1.2427414033586044,7.2717306168756934e-06,0.9999948158564999,,0.30000000000000004,0.9299999999999999,0.00017952800076697457,0.00015843636756283515,0.9525741170560932,0.15000000000000002,0.25,"{'I': 1, 'W': 0, 'R': 1, 'C': 'free'}",False,True,True,0.0,3
2053,1,0.00018870368296351604,0.30508731571026343,0.0007858930471733392,1.560906147656524,1.0000166038010072,1.1791819980466678,0.00011621888822110904,0.9999884940624882,,0.09999999999999998,0.09999999999999998,1.2098659693731783e-06,5.043476483615666e-07,3.535625483660923e-05,0.050000000000000044,0.050000000000000044,"{'I': 1, 'W': 0, 'R': 1, 'C': 'free'}",False,True,True,1.0,3
2053,2,0.03588215319387611,0.5442555114707869,0.1908650832270653,2.4172428288333268,1.0079421701067075,1.3598372445434577,0.07605983947595196,0.9999915375407861,0.0,0.15000000000000002,0.15000000000000002,8.315279279605992e-07,2.5612812766681288e-06,7.484626251202267e-05,0.050000000000000044,0.050000000000000044,"{'I': 1, 'W': 0, 'R': 1, 'C': 'free'}",False,True,True,0.3333333333333333,3
2053,3,5.852583247713445e-06,0.43775752868266615,3.1656207552371696e-05,2.1640324839162877,1.0000004172321788,1.3781968387973424,2.5033894175408022e-06,0.9999999999972636,,0.15000000000000002,0.15000000000000002,1.7603430014661162e-06,1.3709578581543998e-06,5.8291272304959534e-05,0.050000000000000044,0.25,"{'I': 1, 'W': 0, 'R': 1, 'C': 'free'}",False,True,True,0.0,3
2053,4,0.01193487316920752,0.2609221209697557,0.09009491908961778,1.730098909072434,1.0023428868130477,1.2234657648120872,0.018547019592728975,0.9999995965431996,0.05,0.30000000000000004,0.4,0.00017952800409036534,0.00020342845888173918,0.014063626799082895,0.15000000000000002,0.4,"{'I': 1, 'W': 0, 'R': 1, 'C': 'free'}",True,True,True,0.0,3
2053,5,3.0422982771600105e-06,0.4205910773570684,1.9882331469368663e-05,1.822796243096181,1.0000002043586569,1.3033100794186432,1.430509428246296e-06,0.9999999040407141,,0.4,0.25,0.00010889693289802216,0.0003353512752667461,7.484630545388024e-05,0.15000000000000002,0.5,"{'I': 1, 'W': 0, 'R': 1, 'C': 'free'}",True,False,True,0.0,3
2053,6,0.0004948825826660618,0.4789809722938686,0.0034302352319751203,2.1461123713972667,1.0000470130170573,1.3050906321581097,0.0003290292418629548,0.9999999323483623,,0.5,0.4,0.022977371443769937,0.0031726840078695976,0.004070138341897038,0.75,0.75,"{'I': 1, 'W': 0, 'R': 1, 'C': 'free'}",True,False,True,0.0,3
2053,7,1.1312799632394824e-05,0.48159894716084806,6.534826580860414e-05,2.078457626499324,1.0000008174337398,1.4506718408329182,5.7220174697336645e-06,0.9999998871438533,,0.30000000000000004,0.25,3.535625439140676e-05,5.829268772711412e-05,0.0009110514582096246,0.15000000000000002,0.25,"{'I': 1, 'W': 0, 'R': 1, 'C': 'free'}",True,False,True,0.0,3
2112,1,0.0062408512211960575,0.29645269846446404,0.04935754007536064,1.030929064977463,1.0010838840001341,1.1843380858897754,0.008628931386093441,0.9926004581679564,,0.09999999999999998,0.92,3.92786339826433e-07,9.422445908281591e-07,5.144221292246233e-05,0.050000000000000044,0.050000000000000044,"{'I': 1, 'W': 0, 'R': 1, 'C': 'free'}",False,True,True,1.0,3
2112,2,0.028561553693643483,0.29954687125087054,0.19086497697941754,1.5809619585209953,1.0071335573965752,1.214256378801954,0.048540005265021335,0.9999587086072127,0.0,0.19999999999999996,0.25,1.067702993902187e-06,6.144177410492275e-06,0.0005527786126033476,0.050000000000000044,0.25,"{'I': 1, 'W': 0, 'R': 1, 'C': 'free'}",False,True,True,1.0,3
2112,3,0.1360715567438221,0.313659781618427,0.8598397035028915,2.441689378043859,1.1646255873785494,1.261832544338979,0.8129531507059395,0.9999999832942017,0.05,0.15000000000000002,0.15000000000000002,2.7535689917567472e-05,2.2603278372851188e-06,7.484626276260526e-05,0.050000000000000044,0.15000000000000002,"{'I': 1, 'W': 0, 'R': 1, 'C': 'free'}",False,True,True,1.0,3
2112,4,0.003878864410446956,0.33062434671166024,0.0524705296784872,1.738223829338654,1.0006516337554057,1.2637782820215848,0.009078441312232566,0.9999999521704735,,0.19999999999999996,0.19999999999999996,1.0129987340664534e-05,4.785105300354682e-06,1.8925145879161496e-05,0.050000000000000044,0.15000000000000002,"{'I': 1, 'W': 0, 'R': 1, 'C': 'free'}",False,True,True,0.6666666666666666,3
2112,5,0.04330833915885338,0.40251945751132046,0.6060011908685241,1.5188749854995818,1.0913237517497256,1.2821434190248129,0.7057953741751267,0.9999999937364893,,0.15000000000000002,0.19999999999999996,2.56128129136693e-06,2.9023143959891722e-06,1.6701429790047188e-05,0.050000000000000044,0.15000000000000002,"{'I': 1, 'W': 0, 'R': 1, 'C': 'free'}",True,False,True,0.0,3
2112,6,0.014908878608246747,0.39251399713209817,0.2085776482259351,1.9923771705115108,1.0039297230034139,1.3210030219067062,0.0534280604478955,0.9999999980279152,,0.30000000000000004,0.30000000000000004,0.00026119030584885727,2.753583709434435e-05,0.008577485292743716,0.15000000000000002,0.4,"{'I': 1, 'W': 0, 'R': 1, 'C': 'free'}",False,True,True,0.0,3
2112,7,0.0029124436162710904,0.25976604165559053,0.040475417726242253,1.3346465951296544,1.000483491647906,1.159513653240357,0.006744400995519206,0.9998800025203138,,0.15000000000000002,0.19999999999999996,3.7266388356942163e-06,2.9023170889314325e-06,2.7535687815783323e-05,0.050000000000000044,0.15000000000000002,"{'I': 1, 'W': 0, 'R': 1, 'C': 'free'}",True,True,True,0.0,3
2132,1,0.03828338210807614,0.3659752941261986,0.19086497531704855,1.9854166308973575,1.0097736931553052,1.2747156988473374,0.04746763906035267,0.9999996286472879,,0.09999999999999998,0.09999999999999998,8.315279264528654e-07,7.338208043593503e-07,2.1444958560833742e-05,0.050000000000000044,0.050000000000000044,"{'I': 1, 'W': 0, 'R': 1, 'C': 'free'}",False,True,True,1.0,3
2132,2,1.8212044369807614e-05,0.35376357066920217,0.00012662542954408273,1.7508522447664998,1.0000014475351449,1.2728927478349783,1.0132687344066582e-05,0.9999999251560373,,0.19999999999999996,0.15000000000000002,2.1444958172204452e-05,0.00020342801435206098,0.1824255230330701,0.050000000000000044,0.15000000000000002,"{'I': 1, 'W': 0, 'R': 1, 'C': 'free'}",False,True,True,1.0,3
2132,3,0.22074311743869648,0.5093637819386738,0.7652587716853566,1.806942120525806,1.1791920358838195,1.45193977894667,0.6845661922753188,0.999999988398386,0.05,0.15000000000000002,0.09999999999999998,0.9890130580849554,0.022977372569347256,4.006369155321405e-05,0.050000000000000044,0.050000000000000044,"{'I': 1, 'W': 0, 'R': 1, 'C': 'free'}",False,True,True,1.0,3
2132,4,3.877851014103487e-05,0.3814108275497605,9.977350637490683e-05,1.9500747542356502,1.0000028411502806,1.2863361723967717,1.704673216973429e-05,0.9999999919133564,,0.09999999999999998,0.09999999999999998,6.962257845267309e-06,1.3007214275548766e-05,2.7535687426887352e-05,0.050000000000000044,0.050000000000000044,"{'I': 1, 'W': 0, 'R': 1, 'C': 'free'}",False,True,True,0.0,3
2132,5,0.11326215642302255,0.345930141281716,0.627487111081777,1.7251158672890585,1.061149090469287,1.214397252035597,0.33996774904247673,0.999950157429354,0.05,0.15000000000000002,0.09999999999999998,5.8291271264546566e-05,0.00013982410704040322,0.00015843624864900026,0.050000000000000044,0.050000000000000044,"{'I': 1, 'W': 0, 'R': 1, 'C': 'free'}",False,True,True,1.0,3
2132,6,0.00011510762677085618,0.3558533562913642,0.0004595142306549139,2.513095670973968,1.0000097551875569,1.3004058852154807,5.852912695514245e-05,0.9999999772641112,,0.30000000000000004,0.15000000000000002,0.00010889693390465079,2.1445817313580613e-05,5.8291272374654835e-05,0.15000000000000002,0.15000000000000002,"{'I': 1, 'W': 0, 'R': 1, 'C': 'free'}",True,False,True,0.0,3
2132,7,0.0029186510012943418,0.3028725697972739,0.01399862031907935,1.9243904332956445,1.0003960285435627,1.1978796077815779,0.001977792310923321,0.9999994667310932,,0.30000000000000004,0.30000000000000004,4.0063691959123056e-05,1.1478768074561673e-05,7.484626294313525e-05,0.4,0.25,"{'I': 1, 'W': 0, 'R': 1, 'C': 'free'}",False,True,True,1.0,3
214,1,0.0023295779751394048,0.13648224558977196,0.013970689264254455,1.062612189698803,1.0003215469930655,1.1592869849595824,0.0019271125769538822,0.9897651793969701,,0.050000000000000044,0.09999999999999998,9.422445894900315e-07,3.059023359575576e-07,1.1478768077365015e-05,0.050000000000000044,0.050000000000000044,"{'I': 1, 'W': 0, 'R': 1, 'C': 'free'}",False,True,True,1.0,3
214,2,2.6639433906022058e-05,0.08780594379175184,0.00015934925048209154,0.5858282275683804,1.0000021656236746,1.0289176295667346,1.2993643559888746e-05,0.6802756898933024,,0.09999999999999998,0.09999999999999998,7.33820802131475e-07,2.260325073326562e-06,7.48462620566183e-05,0.0,0.050000000000000044,"{'I': 1, 'W': 0, 'R': 1, 'C': 'free'}",False,True,True,1.0,3
214,3,0.0921055160479182,0.12531962865263604,0.7454084815953135,1.2129922374222182,1.0294451697500822,1.0924323743302427,0.25188597262490264,0.9935209703828735,0.0,0.0,0.050000000000000044,0.9914225141135783,1.0677029937949596e-06,1.47389888107004e-05,0.0,0.050000000000000044,"{'I': 0, 'W': 1, 'R': 0, 'C': 'costly'}",False,True,True,1.0,3
2143,1,0.001697236587032932,0.30395861765208804,0.005855032430110605,1.3466012737785507,1.0001900677141904,1.1718935579335106,0.0011396480290376543,0.988220378739378,,0.050000000000000044,0.15000000000000002,2.3823696643002394e-07,8.315279265111219e-07,4.0063691726820144e-05,0.050000000000000044,0.050000000000000044,"{'I': 1, 'W': 0, 'R': 1, 'C': 'free'}",False,True,True,1.0,3
2143,2,0.21306074076963563,0.21025277384853241,0.6954980773559628,1.283069682607279,1.1826894482259098,1.1814170974359999,0.6345940058449241,0.9987298063613259,0.0,0.09999999999999998,0.09999999999999998,3.466327446535475e-07,2.260325078397349e-06,2.753568754568617e-05,0.050000000000000044,0.050000000000000044,"{'I': 1, 'W': 0, 'R': 1, 'C': 'free'}",False,True,True,1.0,3
2143,3,0.0005667720775507471,0.11273301596153507,0.0024160445039460247,0.9848109439809941,1.0000584876802678,1.0612678774842785,0.00035085425582637164,0.9700550309571057,0.0,0.0,0.050000000000000044,3.5356254931797763e-05,5.043476484418811e-07,4.222834939407326e-06,0.0,0.0,"{'I': 0, 'W': 1, 'R': 0, 'C': 'costly'}",False,True,True,1.0,3
2150,1,0.003545328028858062,0.39262774418525836,0.017311426942242844,1.5822869464661709,1.000474088717997,1.3184996476265287,0.002839818306408337,0.9999996721471037,0.0,0.09999999999999998,0.09999999999999998,1.7603429922759885e-06,1.2098659656614717e-06,5.829127235930767e-05,0.050000000000000044,0.050000000000000044,"{'I': 1, 'W': 0, 'R': 1, 'C': 'free'}",False,True,True,1.0,3
2150,2,1.6267638053948715e-05,0.26469139820763293,7.987469523518961e-05,1.6400183770331054,1.00000123977356,1.1331369811250627,6.198844744287335e-06,0.9992894084798036,,0.09999999999999998,0.09999999999999998,1.370957845271766e-06,3.288750543487184e-06,5.829127126330034e-05,0.050000000000000044,0.050000000000000044,"{'I': 1, 'W': 0, 'R': 1, 'C': 'free'}",False,True,True,1.0,3
2150,3,0.04956144175224824,0.2669487269893092,0.4096578773277488,1.8549925032412924,1.227658717304975,1.1851880388505183,0.9304990847011315,0.999977540368328,0.0,0.050000000000000044,0.050000000000000044,0.09534946230463412,1.8553914605413086e-07,1.1478768082397752e-05,0.0,0.050000000000000044,"{'I': 0, 'W': 1, 'R': 0, 'C': 'costly'}",False,True,True,1.0,3
217,1,0.000734010616003236,0.20791314722909662,0.007288827841074318,1.466474506660339,1.0000914676847283,1.125862682931493,0.000914216867034856,0.9990830198135472,,0.09999999999999998,0.09999999999999998,2.1024339060379433e-07,3.059023361277504e-07,2.1444958491813656e-05,0.050000000000000044,0.050000000000000044,"{'I': 1, 'W': 0, 'R': 1, 'C': 'free'}",False,True,True,1.0,3
217,2,6.339303431766943e-05,0.16082573345059298,0.0006266344675637282,1.4578568225714315,1.0000058649443453,1.1767381338419285,5.864755163109692e-05,0.9979385796872224,,0.7,0.9,5.144245813190223e-05,3.120454935762384e-05,0.9997694852314781,0.75,0.75,"{'I': 1, 'W': 0, 'R': 1, 'C': 'free'}",True,False,True,0.0,3
217,3,1.8428021285981072e-05,0.36921904699566077,0.0001266271126395657,1.4166480027215127,1.0000014645650672,1.2461460729155658,1.0251895411483858e-05,0.9999598368143102,,0.19999999999999996,0.4,6.1441775024503745e-06,2.902320388882193e-06,0.00012339464196907326,0.15000000000000002,0.65,"{'I': 1, 'W': 0, 'R': 1, 'C': 'free'}",False,True,True,1.0,3
217,4,4.792990794687225e-07,0.23898809537013238,2.4203843791060772e-06,1.7350685253930718,1.0000000238418567,1.199213980952006,2.3841853646899835e-07,0.9999956845553389,,0.09999999999999998,0.30000000000000004,8.939699464040916e-06,4.785311671738323e-06,0.004070138018045661,0.15000000000000002,0.4,"{'I': 1, 'W': 0, 'R': 1, 'C': 'free'}",True,True,True,0.0,3
217,5,1.3925419421566973e-07,0.20643327860067512,9.436601801410239e-07,2.0056937734406595,1.0,1.1440273230738915,0.0,0.9999876592186643,,0.09999999999999998,0.09999999999999998,8.315279267550873e-07,4.4508526301568953e-07,2.2603251052358712e-06,0.0,0.050000000000000044,"{'I': 1, 'W': 0, 'R': 1, 'C': 'free'}",True,True,True,0.0,3
217,6,0.03717238033338786,0.12071332037406543,0.3344681972973252,1.2509861673197349,1.333756121614639,1.0675740978472468,0.9251292526334601,0.9687460790226079,0.0,0.0,0.050000000000000044,3.726638839328773e-06,6.475945665220133e-07,1.3709578603456037e-06,0.0,0.050000000000000044,"{'I': 0, 'W': 1, 'R': 0, 'C': 'costly'}",False,True,True,0.0,3
2208,1,0.02731862462322726,0.24743005899607326,0.19086497587152557,0.9390274632007238,1.006969101818748,1.1505015935778646,0.047451742361698246,0.9957791662898046,,0.09999999999999998,0.92,2.3823696625513003e-07,3.9278634028114646e-07,4.006369163161103e-05,0.050000000000000044,0.050000000000000044,"{'I': 1, 'W': 0, 'R': 1, 'C': 'free'}",False,True,True,1.0,3
2208,2,0.09645929352900538,0.3448093726527279,0.6294536673844761,1.7873852985838248,1.1253046103197806,1.2081057263829547,0.7270840484786923,0.9999999841499576,0.05,0.91,0.19999999999999996,4.78509448318846e-06,1.7603429930241257e-06,4.539785215470054e-05,0.050000000000000044,0.15000000000000002,"{'I': 1, 'W': 0, 'R': 1, 'C': 'free'}",False,True,True,0.6666666666666666,3
2208,3,0.09534105308050907,0.4292522312823894,0.9397466704040512,1.8850358819245117,1.0454647974329676,1.2445060766215688,0.41347431910548116,0.9999999748673503,0.05,0.19999999999999996,0.30000000000000004,7.338208048904979e-07,2.9023119688547803e-06,3.120190356558913e-05,0.25,0.35,"{'I': 1, 'W': 0, 'R': 1, 'C': 'free'}",False,True,True,0.6666666666666666,3
2208,4,0.001144890898666487,0.3993603051482845,0.012295826101113414,1.876341246800369,1.0001442774326614,1.3372001297378762,0.0021616656135148293,0.9999999999989735,,0.19999999999999996,0.19999999999999996,1.55349719778654e-06,3.726638828768915e-06,6.605216022800641e-05,0.15000000000000002,0.25,"{'I': 1, 'W': 0, 'R': 1, 'C': 'free'}",False,True,True,0.3333333333333333,3
2208,5,0.000671482485940862,0.2769297990349012,0.009065988660062379,1.2166700841320264,1.000084135244955,1.201052725635959,0.0012611796304278222,0.9999943907709732,,0.92,0.92,2.9023119749953808e-06,4.222834916110477e-06,5.829127158231782e-05,0.15000000000000002,0.25,"{'I': 1, 'W': 0, 'R': 1, 'C': 'free'}",True,False,True,0.0,3
2208,6,0.024473656453710566,0.2771225529475664,0.36539652785401405,1.2344688040128262,1.0085086079103034,1.1659632756770928,0.11934489065457965,0.9999900313895643,,0.9299999999999999,0.9299999999999999,1.3007123722331396e-05,6.962257805223048e-06,0.00017952800718110806,0.15000000000000002,0.35,"{'I': 1, 'W': 0, 'R': 1, 'C': 'free'}",True,False,True,0.0,3
2208,7,0.005639841718153552,0.30473170058431476,0.09009755157002564,1.8448297768420132,1.0011356351756768,1.2564930987209282,0.017995956753629416,0.9999999976391378,0.05,0.9299999999999999,0.30000000000000004,1.1478768084926288e-05,4.7850944362121325e-06,0.00026119030878488195,0.4,0.4,"{'I': 1, 'W': 0, 'R': 1, 'C': 'free'}",False,True,True,0.0,3
2226,1,0.00140853829387199,0.13203409872421842,0.011259995252298103,0.9175836376635343,1.0001878695558628,1.1274100465936743,0.0015016866232729909,0.9906930822280559,,0.050000000000000044,0.09999999999999998,3.9278633998360353e-07,1.7603429951549203e-06,5.829127209009015e-05,0.050000000000000044,0.050000000000000044,"{'I': 1, 'W': 0, 'R': 1, 'C': 'free'}",False,True,True,1.0,3
2226,2,0.022754155794015473,0.125158842033923,0.227205877715994,1.0337048480646798,1.0062187959716,1.048268857369023,0.060112780858106896,0.7889421848342599,0.0,0.09999999999999998,0.09999999999999998,9.422445872715005e-07,4.785094409610265e-06,0.00015843623227328928,0.050000000000000044,0.050000000000000044,"{'I': 1, 'W': 0, 'R': 1, 'C': 'free'}",False,True,True,1.0,3
2226,3,0.00026021793974062335,0.070288578005903,0.0004994150566371381,0.6274870217372451,1.0000225542806713,1.0431238687276174,0.00011276377332403165,0.8439653156593405,0.0,0.0,0.050000000000000044,4.5397852416416125e-05,1.3709578504892306e-06,2.9023119807240425e-06,0.0,0.0,"{'I': 0, 'W': 1, 'R': 0, 'C': 'costly'}",False,True,True,1.0,3
2261,1,0.011705775489088046,0.18244018673566287,0.09009477685200559,1.2089361730286563,1.002314212238792,1.1177769115119487,0.018322374952587928,0.9603994613296314,,0.09999999999999998,0.09999999999999998,8.315279271978216e-07,6.475945655192989e-07,4.006369188574435e-05,0.050000000000000044,0.050000000000000044,"{'I': 1, 'W': 0, 'R': 1, 'C': 'free'}",False,True,True,1.0,3
2261,2,0.13890236353847438,0.291366274106813,0.6854463937177868,1.8175084822625711,1.179891734739346,1.2359943408159981,0.5626902042275486,0.9990807024876339,,0.09999999999999998,0.09999999999999998,1.7603429953600844e-06,4.785120404884547e-06,0.0005527785482761969,0.050000000000000044,0.050000000000000044,"{'I': 1, 'W': 0, 'R': 1, 'C': 'free'}",False,True,True,1.0,3
2261,3,0.09796191486870978,0.4098944886699128,0.5395454602734858,1.5054953472357593,1.038006544068114,1.225123754164609,0.33656406196019306,0.9989956586564387,0.0,0.15000000000000002,0.09999999999999998,0.9890130574235398,0.9997965704947759,0.0001233946299213779,0.050000000000000044,0.050000000000000044,"{'I': 1, 'W': 0, 'R': 1, 'C': 'free'}",False,True,True,1.0,3
2261,4,1.9145201181673667e-05,0.3092206180366416,0.0001266265938520154,1.769145443040167,1.0000014986249075,1.2830094056431725,1.049031146826973e-05,0.9999998051277903,,0.25,0.15000000000000002,7.889264413153297e-06,4.7851278028006985e-06,0.0007096703029578162,0.15000000000000002,0.25,"{'I': 1, 'W': 0, 'R': 1, 'C': 'free'}",False,True,True,1.0,3
2261,5,0.12979265265671122,0.45614933626015136,0.7317506743594013,1.7629919813539803,1.0454709110905656,1.38638212337694,0.23417722421080722,0.9999999941008572,0.05,0.4,0.25,0.0005527785779143366,2.2603278389712323e-06,0.00043055710975215976,0.4,0.35,"{'I': 1, 'W': 0, 'R': 1, 'C': 'free'}",False,True,True,0.0,3
2261,6,6.336109581059706e-05,0.39703360510967467,0.00031666411860283597,1.7520192236316687,1.0000055074086731,1.2642079516521538,2.753658839760309e-05,0.9999968245882497,,0.4,0.4,2.902311981979198e-06,1.370957859890011e-06,0.5621765007264515,0.4,0.35,"{'I': 1, 'W': 0, 'R': 1, 'C': 'free'}",False,True,True,0.0,3
2261,7,2.5548179498448426e-05,0.2747199843917071,0.00012664101502662744,1.5139223029843305,1.0000020265497895,1.1384168358734847,1.0132687344066582e-05,0.999382232098396,,0.30000000000000004,0.30000000000000004,3.288750628047595e-06,1.760343002033709e-06,0.002472622966762375,0.4,0.35,"{'I': 1, 'W': 0, 'R': 1, 'C': 'free'}",True,True,True,0.0,3
2287,1,0.003817119679387554,0.3126852729242957,0.03263945858051952,1.036285017488667,1.0006007143738451,1.3670798394265244,0.005390226468548698,0.9998423218936666,,0.050000000000000044,0.09999999999999998,3.059023357700755e-07,6.475945647666285e-07,1.670142968930226e-05,0.050000000000000044,0.050000000000000044,"{'I': 1, 'W': 0, 'R': 1, 'C': 'free'}",False,True,True,1.0,3
2287,2,3.026506814332494e-05,0.1698314492223755,0.00015933821876419697,1.1825270038429976,1.0000023692746467,1.1436147251099709,1.8953995091219866e-05,0.9994550776329097,,0.09999999999999998,0.09999999999999998,2.6995784121751596e-07,7.338208013646813e-07,1.012998723153124e-05,0.050000000000000044,0.050000000000000044,"{'I': 1, 'W': 0, 'R': 1, 'C': 'free'}",False,True,True,1.0,3
2287,3,0.0065602497861585885,0.28565547661905,0.2712905747478148,1.3900733851520168,1.0017192477253816,1.1644501251549522,0.08545089680640394,0.9993298111642198,0.0,0.0,0.050000000000000044,0.9999546014419134,3.927863405780725e-07,5.144221309821301e-05,0.0,0.050000000000000044,"{'I': 0, 'W': 1, 'R': 0, 'C': 'costly'}",False,True,True,1.0,3
2294,1,0.004512216195754477,0.32227559232309416,0.020578114408397883,1.7078154413485853,1.0006259012825356,1.304079386445858,0.00312363869765675,0.999999544720238,,0.09999999999999998,0.15000000000000002,6.475945640315349e-07,2.9023119742234784e-06,3.1201903817818854e-05,0.050000000000000044,0.050000000000000044,"{'I': 1, 'W': 0, 'R': 1, 'C': 'free'}",False,True,True,1.0,2
2294,2,0.02690665827154758,0.4613126619376097,0.2685351786422683,1.7689654031298454,1.0079242601398026,1.243617261407246,0.07589564994712084,0.9997477077987313,0.0,0.15000000000000002,0.15000000000000002,9.422445911824699e-07,1.994729950815505e-06,3.120190366231787e-05,0.050000000000000044,0.050000000000000044,"{'I': 1, 'W': 0, 'R': 1, 'C': 'free'}",False,True,True,1.0,2
2294,3,0.0006719201280618931,0.25720742579106715,0.004698773313361578,1.2764319138915032,1.000079051098634,1.1503424719755104,0.0005531827577917037,0.9997034997765835,0.0,0.09999999999999998,0.09999999999999998,1.7603429896282828e-06,5.422216967712401e-06,4.539785181566729e-05,0.050000000000000044,0.050000000000000044,"{'I': 1, 'W': 0, 'R': 1, 'C': 'free'}",False,True,True,1.0,2
2294,4,0.10677585213655674,0.28603040920915296,0.42404071890741474,1.4807378990829572,1.0410814242528768,1.2675203282853842,0.14874199322835047,0.9999978249027781,,0.09999999999999998,0.09999999999999998,4.0063690733761176e-05,3.535711102672547e-05,2.4300252033302747e-05,0.050000000000000044,0.050000000000000044,"{'I': 1, 'W': 0, 'R': 1, 'C': 'free'}",False,True,True,0.0,2
2294,5,0.024372101983208612,0.2670557899404438,0.05511624592177171,1.0846569842592295,1.0040522529330613,1.227195847725047,0.016046125638246478,0.999994323492081,,0.09999999999999998,0.09999999999999998,0.0007096709519784249,2.753614730909399e-05,3.535625399597154e-05,0.15000000000000002,0.050000000000000044,"{'I': 1, 'W': 0, 'R': 1, 'C': 'free'}",True,False,True,0.0,2
2294,6,0.08728725413999781,0.2772179228188155,0.7779760437167914,1.5298449309783722,1.0986955342931652,1.227469558720533,0.6449013284054488,0.9999872822633618,0.0,0.09999999999999998,0.09999999999999998,1.0129986978079205e-05,7.889264287894509e-06,2.753568736921063e-05,0.050000000000000044,0.050000000000000044,"{'I': 1, 'W': 0, 'R': 1, 'C': 'free'}",False,False,True,0.0,2
2294,7,0.0005119582565264809,0.30886660998333226,0.004735078198054649,1.422023978739685,1.0000587206719878,1.2151630970993308,0.0005870171179607198,0.9999133954839879,,0.09999999999999998,0.09999999999999998,1.8925145209817094e-05,1.670142919065851e-05,5.829126961100259e-05,0.050000000000000044,0.050000000000000044,"{'I': 1, 'W': 0, 'R': 1, 'C': 'free'}",True,False,True,0.0,2
2304,1,0.025025024910657345,0.24708555305708327,0.10941061575879166,1.7176356595021176,1.0047254062748985,1.1834303717473695,0.03246137861709386,0.998033383415895,,0.09999999999999998,0.09999999999999998,5.043476483228804e-07,5.043476483487194e-07,2.144495856174907e-05,0.050000000000000044,0.050000000000000044,"{'I': 1, 'W': 0, 'R': 1, 'C': 'free'}",False,True,True,1.0,3
2304,2,2.150798058428812e-05,0.35920655436155297,0.0001266344671376283,1.8181562618690494,1.000001688791206,1.313387603742604,1.0132687344066582e-05,0.9999860076529041,,0.09999999999999998,0.15000000000000002,1.3709578511970804e-06,8.315279268540521e-07,2.4300251906031375e-05,0.050000000000000044,0.050000000000000044,"{'I': 1, 'W': 0, 'R': 1, 'C': 'free'}",False,True,True,1.0,3
2304,3,0.0009813239351792393,0.18779458733949386,0.006226043489946124,1.1474130569237666,1.00010499878237,1.1513662812727274,0.0008395935070346638,0.9969079519919299,0.0,0.09999999999999998,0.09999999999999998,6.475945648878152e-07,2.561281280620025e-06,5.829127177822266e-05,0.050000000000000044,0.050000000000000044,"{'I': 1, 'W': 0, 'R': 1, 'C': 'free'}",False,True,True,1.0,3
2304,4,1.287747214403716e-05,0.12374149353265802,6.340261950903157e-05,0.9970909634873596,1.0000009387717732,1.060713060148683,7.510142460143143e-06,0.8996121232461117,0.0,0.0,0.050000000000000044,1.3007123811559779e-05,1.8553914601938216e-07,7.889264371496749e-06,0.0,0.0,"{'I': 0, 'W': 1, 'R': 0, 'C': 'costly'}",False,True,True,1.0,3
2319,1,0.002543975441231062,0.2293168604792465,0.007288827307704929,1.0822913034766786,1.0002890726675084,1.1358359418399737,0.0014441107373992512,0.9830214510676936,,0.09999999999999998,0.91,1.9947299502929986e-06,1.209865967428212e-06,1.8925145815582556e-05,0.050000000000000044,0.050000000000000044,"{'I': 1, 'W': 0, 'R': 1, 'C': 'free'}",False,True,True,1.0,3
2319,2,0.03504102436130618,0.3739800965110429,0.13234447782016187,1.5548623383160705,1.007653802107048,1.2577985128280493,0.05197330947568857,0.9998963529551846,0.0,0.09999999999999998,0.09999999999999998,6.144177371243266e-06,3.120287488280192e-05,2.430025109703519e-05,0.050000000000000044,0.050000000000000044,"{'I': 1, 'W': 0, 'R': 1, 'C': 'free'}",False,True,True,1.0,3
2319,3,0.018705305003648906,0.1981626895664868,0.10943259199916032,1.1835729757408109,1.0037525361195059,1.1640031821568273,0.029519630094077987,0.9998259746774917,0.0,0.09999999999999998,0.15000000000000002,1.067702991035448e-06,2.56128153948099e-06,7.484626053895766e-05,0.050000000000000044,0.050000000000000044,"{'I': 1, 'W': 0, 'R': 1, 'C': 'free'}",False,True,True,1.0,3
2319,4,0.05206397605471018,0.20965404405243696,0.582969473618655,1.48512559834367,1.0256002439207237,1.136791394439833,0.28007956873721274,0.9985536268286792,0.0,0.0,0.050000000000000044,0.00015843623595933486,1.855391460281076e-07,6.144177493742102e-06,0.0,0.050000000000000044,"{'I': 0, 'W': 1, 'R': 0, 'C': 'costly'}",False,True,True,1.0,3
2342,1,0.2644418832554596,0.3000492811571307,1.8399226087021872,1.8445328040253361,1.2762605103567608,1.1537772087059588,0.8186887807038798,0.9994900397305049,,0.09999999999999998,0.09999999999999998,2.902311979479915e-06,6.144177478512046e-06,2.753568768513625e-05,0.050000000000000044,0.050000000000000044,"{'I': 1, 'W': 0, 'R': 1, 'C': 'free'}",False,True,True,0.0,3
2342,2,0.00573230612794767,0.31713083701816486,0.025282987973423467,1.4920820618779054,1.0007682948980223,1.2523775045787187,0.004597398922625451,0.9999999848232302,0.0,0.050000000000000044,0.050000000000000044,0.9998911026599359,0.3208213066258297,2.430025207762144e-05,0.050000000000000044,0.050000000000000044,"{'I': 0, 'W': 1, 'R': 0, 'C': 'costly'}",False,True,True,0.0,3
2382,1,0.17328717342823344,0.2467531691046359,1.0294242822645339,1.7330253701292446,1.0740335198285582,1.153880801469569,0.34853215255101244,0.9998136440992772,,0.050000000000000044,0.09999999999999998,1.3709578549709292e-06,1.0677029923176005e-06,1.6701429761972528e-05,0.050000000000000044,0.050000000000000044,"{'I': 1, 'W': 0, 'R': 1, 'C': 'free'}",False,True,True,1.0,3
2382,2,0.2083460630031974,0.34188619160135597,1.0201812679542086,1.6428716350491435,1.0902016609534722,1.2387617875355041,0.4988759047319724,0.9999997500424872,0.0,0.09999999999999998,0.30000000000000004,2.7535687266144317e-05,1.4739137752339807e-05,0.014063630434011515,0.050000000000000044,0.55,"{'I': 1, 'W': 0, 'R': 1, 'C': 'free'}",False,True,True,0.0,3
2382,3,0.0005171371185142344,0.40884982108087015,0.0025633748091257193,1.9336770800895595,1.0000537186467444,1.286572209642398,0.00032225128959306737,0.9999999937993456,,0.19999999999999996,0.19999999999999996,1.1478767936260163e-05,8.939779250427703e-06,5.829127219958042e-05,0.050000000000000044,0.25,"{'I': 1, 'W': 0, 'R': 1, 'C': 'free'}",True,True,True,0.0,3
2382,4,7.874297282577091e-05,0.28654560517192346,0.0003705469528758163,1.6235708312532235,1.0000065365774728,1.1427290961904568,3.921856758837272e-05,0.9999964245462912,,0.09999999999999998,0.09999999999999998,3.12019035749638e-05,1.670142899556209e-05,5.829128805486683e-05,0.050000000000000044,0.15000000000000002,"{'I': 1, 'W': 0, 'R': 1, 'C': 'free'}",True,False,True,0.0,3
2382,5,4.667637011071328e-05,0.31301735006256004,0.00022461992186199534,1.8084757143369716,1.0000035961259677,1.2492064062215784,2.157648423473102e-05,0.9999999979912692,,0.09999999999999998,0.09999999999999998,3.120190354221584e-05,1.1478767861028055e-05,0.00026119030924928786,0.0,0.050000000000000044,"{'I': 1, 'W': 0, 'R': 1, 'C': 'free'}",True,False,True,0.0,3
2382,6,0.07093266782525304,0.25278643059047934,1.0038601712397053,1.5108956420897781,1.0352676431850245,1.1757560491925818,0.5494019920871334,0.9999985422918326,,0.30000000000000004,0.15000000000000002,0.7772998591237131,1.8925225682679266e-05,0.0007096702984820181,0.75,0.15000000000000002,"{'I': 1, 'W': 0, 'R': 1, 'C': 'free'}",False,True,True,0.6666666666666666,3
2382,7,0.23149733009349646,0.3578607852246106,1.5498787781050671,1.70793050484382,1.221927991565045,1.2494761004478823,0.7987967038540885,0.9999999998911018,0.05,0.15000000000000002,0.15000000000000002,1.6701429793659607e-05,6.144197684352997e-06,3.5356254897492224e-05,0.15000000000000002,0.25,"{'I': 1, 'W': 0, 'R': 1, 'C': 'free'}",False,True,True,0.0,3
2401,1,0.033350720377464275,0.2845970217281426,0.13239314655153256,1.8556337385294546,1.0067177013128743,1.2060054425194089,0.05215273712322288,0.9999868464210095,0.0,0.15000000000000002,0.15000000000000002,3.059023361635323e-07,1.209865969149401e-06,0.3775406662599622,0.050000000000000044,0.25,"{'I': 1, 'W': 0, 'R': 1, 'C': 'free'}",False,True,True,1.0,3
2401,2,0.0003545066367430752,0.3552114585088368,0.0024161162232479196,1.1943877723647318,1.0000370257286177,1.2675103684627766,0.00029615648246839044,0.9999767093519997,,0.09999999999999998,0.09999999999999998,8.315279262981814e-07,2.9023119629745806e-06,9.610239001489775e-05,0.050000000000000044,0.050000000000000044,"{'I': 1, 'W': 0, 'R': 1, 'C': 'free'}",False,True,True,0.3333333333333333,3
2401,3,0.038660374701574775,0.2618504742906076,0.2685780403710966,1.3592091498363283,1.0113596134661023,1.1900386953508801,0.07602387169976088,0.9999585564283138,,0.4,0.4,0.0004878583651148776,0.00026119212454391754,0.00043055730570398695,0.5,0.65,"{'I': 1, 'W': 0, 'R': 1, 'C': 'free'}",False,True,True,0.0,3
2401,4,1.0262738854833153e-05,0.46969816752948146,6.643218711551982e-05,1.6009262816017769,1.0000007322842717,1.2496090399208297,5.125974887332241e-06,0.9999818838360465,,0.25,0.19999999999999996,3.726638832417408e-06,2.9023119784375567e-06,0.00043055714135916643,0.25,0.25,"{'I': 1, 'W': 0, 'R': 1, 'C': 'free'}",False,True,True,0.3333333333333333,3
2401,5,3.745309660328367e-05,0.3126203619346002,0.00015366055065016283,1.432246299262271,1.0000028099250857,1.1851402424814834,1.9669254523124735e-05,0.9999864731456088,,0.4,0.4,0.00020342789991659348,4.539791462082723e-05,0.04742587845526899,0.75,0.4,"{'I': 1, 'W': 0, 'R': 1, 'C': 'free'}",True,True,True,0.0,3
2401,6,7.362250924552287e-05,0.3082956449429034,0.00040074252021985146,1.4374373747657085,1.000005926341831,1.1758992340451329,4.148340943255224e-05,0.9999733349124481,,0.8,0.4,0.0005527791344156031,0.00020342790251340174,0.7310585660174591,0.75,0.65,"{'I': 1, 'W': 0, 'R': 1, 'C': 'free'}",False,True,True,0.0,3
2401,7,0.0009174452266919186,0.3435108556055745,0.005855461817090481,1.6290209459934841,1.0001051310300213,1.21602397102567,0.0008406504883600174,0.9999955470745395,0.05,0.8,0.4,0.0003353502750715865,3.5356500944387485e-05,0.07585817266988618,0.65,0.65,"{'I': 1, 'W': 0, 'R': 1, 'C': 'free'}",True,True,True,0.0,3
2421,1,0.007917447596715114,0.25798468180505624,0.049366919871868184,1.2545303250556405,1.0013275041058807,1.1203994673945232,0.00924338112167733,0.992467041569051,,0.09999999999999998,0.09999999999999998,6.475945641264486e-07,9.422445912953835e-07,3.1201903693900875e-05,0.050000000000000044,0.050000000000000044,"{'I': 1, 'W': 0, 'R': 1, 'C': 'free'}",False,True,True,1.0,3
2421,2,1.7173793131590494e-05,0.3407650816674212,8.361773081787286e-05,2.276935856712114,1.000001177189656,1.2256706769741572,9.417467360939291e-06,0.9999988006231578,,0.15000000000000002,0.15000000000000002,6.475945660644836e-07,1.7603429997753798e-06,7.484626266389982e-05,0.050000000000000044,0.15000000000000002,"{'I': 1, 'W': 0, 'R': 1, 'C': 'free'}",False,True,True,1.0,3
2421,3,0.08167295919103364,0.3494116076975478,0.4193071233389878,1.976712623614923,1.0279010140371776,1.219775935919229,0.1752146496116378,0.9999999976449839,0.05,0.15000000000000002,0.15000000000000002,1.0677029959109862e-06,2.90231197612862e-06,4.785094489443671e-06,0.050000000000000044,0.25,"{'I': 1, 'W': 0, 'R': 1, 'C': 'free'}",False,True,True,1.0,3
2421,4,0.00026547085653329944,0.3504652853392067,0.001557582940765335,1.6933085238854668,1.000025906532751,1.1867381323114987,0.0001554251033631937,0.999991212466779,,0.09999999999999998,0.09999999999999998,2.902311962624329e-06,1.1478767647489312e-05,7.484626176930767e-05,0.050000000000000044,0.050000000000000044,"{'I': 1, 'W': 0, 'R': 1, 'C': 'free'}",True,False,True,0.0,3
2421,5,1.4084075928714628e-05,0.36491124473032843,8.498155087671345e-05,1.6837299555051863,1.000001038821339,1.2108851145630521,7.271719155932388e-06,0.9999999972432516,,0.15000000000000002,0.15000000000000002,3.7266388234881793e-06,6.962257847085026e-06,2.1444958526451862e-05,0.050000000000000044,0.15000000000000002,"{'I': 1, 'W': 0, 'R': 1, 'C': 'free'}",False,True,True,1.0,3
2421,6,0.08980321709834248,0.2778057040504432,0.6283362521000573,1.3011165143281869,1.1763588143753156,1.2462197058680038,0.679209629448012,0.9999996063041431,,0.09999999999999998,0.09999999999999998,2.56128128016132e-06,2.5612812767492877e-06,2.7535687582987528e-05,0.050000000000000044,0.050000000000000044,"{'I': 1, 'W': 0, 'R': 1, 'C': 'free'}",True,False,True,0.0,3
2421,7,3.9136041612267335e-05,0.37182682668874156,0.00021399591211348175,1.7014487539826695,1.0000029461571747,1.2899619409915664,2.06228571898448e-05,0.9999999609745521,,0.09999999999999998,0.09999999999999998,3.288750604904227e-06,3.7266388075520604e-06,5.829127236944144e-05,0.050000000000000044,0.050000000000000044,"{'I': 1, 'W': 0, 'R': 1, 'C': 'free'}",True,False,True,0.0,3
2424,1,0.0007458232454120901,0.23100300210924685,0.005855033342517383,0.9633498648309318,1.0000897073093526,1.1173907670033827,0.0007173688549808599,0.9816084989931771,,0.050000000000000044,0.050000000000000044,1.855391456666727e-07,5.715002415642333e-07,2.144495841290744e-05,0.050000000000000044,0.050000000000000044,"{'I': 1, 'W': 0, 'R': 1, 'C': 'free'}",False,True,True,1.0,3
2424,2,0.038001484729864546,0.3267573553494321,0.3147428503333284,1.6141757054960952,1.0112401690481205,1.2238928433840675,0.10575427159803563,0.9995368187408802,0.0,0.0,0.050000000000000044,9.610239189395752e-05,6.47594566032499e-07,1.9947299500623964e-06,0.0,0.0,"{'I': 0, 'W': 1, 'R': 0, 'C': 'costly'}",False,True,True,1.0,3
2434,1,0.0030697712886217088,0.26784658015052826,0.013970688679115073,1.4583046425804824,1.000393579771395,1.2069717035192105,0.003143068898034951,0.9996930799974556,,0.09999999999999998,0.09999999999999998,1.5534971946747158e-06,1.370957854433009e-06,1.4738988900439828e-05,0.050000000000000044,0.050000000000000044,"{'I': 1, 'W': 0, 'R': 1, 'C': 'free'}",False,True,True,1.0,3
2434,2,0.009280418841612398,0.39488279707574686,0.07393419229357247,1.543051469065451,1.0017104172614169,1.2583083051645358,0.015262928049506908,0.9999897518176005,0.0,0.09999999999999998,0.09999999999999998,8.315279232930561e-07,8.315279240782354e-07,1.1478767980204073e-05,0.050000000000000044,0.050000000000000044,"{'I': 1, 'W': 0, 'R': 1, 'C': 'free'}",False,True,True,0.0,3
2434,3,0.0035349883518907585,0.22648681564707068,0.04935765682463122,1.1996869375990287,1.0006162620856685,1.0882165890032678,0.008587923130519481,0.9886737310806767,0.0,0.15000000000000002,0.15000000000000002,5.043476481507853e-07,1.760348787388006e-06,5.829127200716235e-05,0.050000000000000044,0.15000000000000002,"{'I': 1, 'W': 0, 'R': 1, 'C': 'free'}",False,True,True,1.0,3
2434,4,7.187551249159948e-05,0.34140507869537634,0.0009249824109765439,1.1280092349322948,1.0000066387792585,1.2412974072090242,8.630011981691776e-05,0.9996638031694728,,0.09999999999999998,0.09999999999999998,9.42244588182385e-07,1.553497187615419e-06,1.1478767956959313e-05,0.050000000000000044,0.050000000000000044,"{'I': 1, 'W': 0, 'R': 1, 'C': 'free'}",True,False,True,0.0,3
2434,5,0.02168069225179646,0.5261932442688031,0.23153807540657495,2.2399349079962336,1.004935730493676,1.586872621295481,0.062001253388787925,0.9999999999999908,,0.09999999999999998,0.09999999999999998,2.4300252048674962e-05,7.889396170974666e-06,1.4738988852998801e-05,0.050000000000000044,0.050000000000000044,"{'I': 1, 'W': 0, 'R': 1, 'C': 'free'}",True,False,True,0.0,3
2434,6,9.653241586940107e-06,0.2787518698476183,6.521148575044572e-05,1.3215148046005594,1.000000678574682,1.1507309662918714,8.821428963634581e-06,0.9999924455859145,,0.09999999999999998,0.09999999999999998,5.4222175929183775e-06,6.144177419312792e-06,1.8925145921616874e-05,0.0,0.050000000000000044,"{'I': 1, 'W': 0, 'R': 1, 'C': 'free'}",True,False,True,0.0,3
2434,7,2.1278154500184146e-05,0.3680887091425104,0.00016240334416603073,1.6651637565882043,1.0000016780918923,1.2941925131248244,2.181493834729764e-05,0.9999999985806541,,0.09999999999999998,0.15000000000000002,1.670142976858138e-05,2.902311967126235e-06,4.539785236140555e-05,0.050000000000000044,0.050000000000000044,"{'I': 1, 'W': 0, 'R': 1, 'C': 'free'}",True,False,True,0.0,3
2451,1,0.004477095079562659,0.2606135862641963,0.017311434702154196,1.497980781587843,1.000614556343022,1.2311139459612677,0.0036794197686054186,0.9997556175804255,,0.050000000000000044,0.09999999999999998,2.3823696661361867e-07,3.466327447560791e-07,3.53562547284885e-05,0.050000000000000044,0.050000000000000044,"{'I': 1, 'W': 0, 'R': 1, 'C': 'free'}",False,True,True,1.0,3
2451,2,0.0027011755103822288,0.24894598303139023,0.021420656218302487,1.3638471636446148,1.0003860385855003,1.1805540365886573,0.0034676505903957766,0.9999340796489847,0.05,0.15000000000000002,0.09999999999999998,2.260325097563149e-06,2.9023119682222334e-06,9.610239159469539e-05,0.050000000000000044,0.050000000000000044,"{'I': 1, 'W': 0, 'R': 1, 'C': 'free'}",False,True,True,1.0,3
2451,3,0.021267036201364713,0.3387967137761392,0.19086504614855504,1.436605384868784,1.0054177852534811,1.1453938795910361,0.047465027994850084,0.9956166547911585,0.0,0.15000000000000002,0.15000000000000002,1.553497189456929e-06,4.222834882342834e-06,1.6701429621606948e-05,0.050000000000000044,0.25,"{'I': 1, 'W': 0, 'R': 1, 'C': 'free'}",False,True,True,0.0,3
2451,4,0.004097463345903846,0.6202396114261672,0.029634546951846443,1.9673900452218402,1.0005835835203498,1.4646739018034372,0.0052369587820820795,0.9999999992339659,0.05,0.15000000000000002,0.19999999999999996,1.2098659708333587e-06,1.5534971959751142e-06,4.539785229415248e-05,0.050000000000000044,0.35,"{'I': 1, 'W': 0, 'R': 1, 'C': 'free'}",False,True,True,1.0,3
2451,5,0.005495647662763355,0.1778532934026981,0.04935784853543536,1.1293611328195128,1.0009585155788463,1.1079233892586147,0.008585441252958459,0.9303779192166142,0.0,0.050000000000000044,0.050000000000000044,5.0434764834533e-07,6.9622578282476506e-06,2.2603251061010155e-06,0.0,0.050000000000000044,"{'I': 1, 'W': 0, 'R': 1, 'C': 'free'}",True,False,True,0.0,3
2451,6,0.004226615972675976,0.3411798519130308,0.01976162935304684,1.7736145633625935,1.0005659317009907,1.1839204476149254,0.005079002624374551,0.9994059690682852,0.0,0.09999999999999998,0.050000000000000044,1.300712375843075e-05,1.4738988597700386e-05,1.3007123796567113e-05,0.0,0.050000000000000044,"{'I': 1, 'W': 0, 'R': 1, 'C': 'free'}",True,True,True,0.0,3
2451,7,0.06117572253226753,0.4626519339867049,0.21135004136731061,1.846519178100199,1.0129780159109103,1.349742762357657,0.07445001372452664,0.9999999999486937,0.0,0.050000000000000044,0.050000000000000044,3.726638832645171e-06,7.88926430352263e-06,2.144495857305108e-05,0.0,0.050000000000000044,"{'I': 1, 'W': 0, 'R': 1, 'C': 'free'}",False,True,True,0.6666666666666666,3
2474,1,0.0591239447395952,0.3244980490319835,0.1159031021041628,1.730394579518932,1.0116860890437993,1.2423578960291881,0.056436553248143895,0.9999114087471357,,0.09999999999999998,0.09999999999999998,5.043476483228863e-07,6.475945657048019e-07,1.01299873388197e-05,0.050000000000000044,0.050000000000000044,"{'I': 1, 'W': 0, 'R': 1, 'C': 'free'}",False,True,True,1.0,3
2474,2,0.013602580754759697,0.3904503153067894,0.14605635788148585,1.8469867465830485,1.0029148423050436,1.2580059981251865,0.03150952045118105,0.9999973832144169,,0.09999999999999998,0.09999999999999998,1.012998731803524e-05,3.7266388193976544e-06,1.0129987342091099e-05,0.050000000000000044,0.050000000000000044,"{'I': 1, 'W': 0, 'R': 1, 'C': 'free'}",False,True,True,1.0,3
2474,3,0.02656832061002329,0.3802655814952351,0.15935800248851198,1.9840963915535077,1.0063610358808337,1.2973849320821313,0.037330706830426164,0.9999999655288383,0.0,0.0,0.050000000000000044,6.144177529602871e-06,1.06770299648424e-06,1.0677029941960517e-06,0.0,0.0,"{'I': 0, 'W': 1, 'R': 0, 'C': 'costly'}",False,True,True,1.0,3
2498,1,0.0046131387281059056,0.2384861345009443,0.01731142486821133,0.9105801436978077,1.0006368104231176,1.1441014362806765,0.003177978229909839,0.979838232298682,,0.050000000000000044,0.92,6.475945640685644e-07,1.0677029943637911e-06,3.120190358327082e-05,0.050000000000000044,0.050000000000000044,"{'I': 1, 'W': 0, 'R': 1, 'C': 'free'}",False,True,True,1.0,3
2498,2,0.0001076812357518205,0.1907960773795443,0.0006266415251723745,1.4213281533668258,1.0000100530838911,1.1025058586794652,6.0316381049418943e-05,0.9671399446248512,,0.09999999999999998,0.15000000000000002,1.067702994101719e-06,8.939699294446207e-06,3.535625477494319e-05,0.050000000000000044,0.050000000000000044,"{'I': 1, 'W': 0, 'R': 1, 'C': 'free'}",False,True,True,1.0,3
2498,3,0.0003264634144326133,0.139179455707905,0.0017808442628336517,1.1085569365363257,1.0000328796280455,1.1049899539609065,0.00019725506779544322,0.9751262191735576,0.0,0.0,0.050000000000000044,1.0129987356116484e-05,8.315279279340413e-07,1.3709578584463742e-06,0.0,0.0,"{'I': 0, 'W': 1, 'R': 0, 'C': 'costly'}",False,True,True,0.6666666666666666,3
2501,1,0.00637350817722974,0.20865119682023114,0.048292945813660046,1.0052771690724152,1.0009653275514951,1.1022438020462038,0.008646162382358491,0.9906530039692405,,0.09999999999999998,0.09999999999999998,1.444980206206445e-07,7.338208027079103e-07,1.8925145883281122e-05,0.050000000000000044,0.050000000000000044,"{'I': 1, 'W': 0, 'R': 1, 'C': 'free'}",False,True,True,1.0,3
2501,2,0.08139291919192201,0.477763296551747,0.6183123174746754,1.4754425537185727,1.039906207978045,1.4869606613760888,0.3238262737752382,0.9999998717607894,0.0,0.09999999999999998,0.15000000000000002,7.338208038255638e-07,3.288750604577245e-06,5.1442212962365576e-05,0.050000000000000044,0.15000000000000002,"{'I': 1, 'W': 0, 'R': 1, 'C': 'free'}",False,True,True,1.0,3
2501,3,2.2963342616620256e-05,0.3099531737109359,0.00017418015468547365,2.0054073105771195,1.0000017881299483,1.226984994960838,1.609302565219739e-05,0.9999999997456915,,0.15000000000000002,0.15000000000000002,1.3007123535626e-05,2.144495776075947e-05,2.7535687569010983e-05,0.050000000000000044,0.25,"{'I': 1, 'W': 0, 'R': 1, 'C': 'free'}",True,False,True,0.0,3
2501,4,0.12450920820208138,0.3871777679832429,0.6861314053212351,1.9674096942566661,1.131262610833206,1.2817614172664435,0.5782491514879207,0.9999999999999296,0.15,0.25,0.15000000000000002,2.7535687816558215e-05,6.475945665594e-07,1.6701429803072247e-05,0.25,0.25,"{'I': 1, 'W': 0, 'R': 1, 'C': 'free'}",False,True,True,1.0,3
2501,5,0.00013039971074302046,0.21616717739495223,0.000772211505142249,1.2471451930735535,1.0000108676245545,1.1176284036240625,6.520326718850722e-05,0.9999677641620122,,0.09999999999999998,0.15000000000000002,5.043476484508803e-07,1.7603429991572774e-06,4.785094493736398e-06,0.050000000000000044,0.15000000000000002,"{'I': 1, 'W': 0, 'R': 1, 'C': 'free'}",True,False,True,0.0,3
2501,6,4.5406292409646896e-05,0.2836424402427722,0.0003792011865739218,1.5330751891924612,1.0000038676262772,1.2468083207486444,3.4807963371408235e-05,0.9999999999638729,,0.19999999999999996,0.25,2.2603251013318714e-06,2.90231196485769e-06,1.670142979073886e-05,0.15000000000000002,0.25,"{'I': 1, 'W': 0, 'R': 1, 'C': 'free'}",True,True,True,0.0,3
2501,7,0.010532239699157163,0.1707999395872212,0.04936150177180041,1.5807603956959353,1.0017277199268362,1.0834901438798492,0.012010890382534778,0.9945502413227728,0.0,0.09999999999999998,0.15000000000000002,3.2887506149957215e-06,2.561281283449907e-06,7.484626276833932e-05,0.050000000000000044,0.050000000000000044,"{'I': 1, 'W': 0, 'R': 1, 'C': 'free'}",True,True,True,0.0,3
251,1,0.01823673264850716,0.21713149941193516,0.10941061311193795,1.001433869177812,1.003881855363875,1.103240267572844,0.02297793468550291,0.9783296508997614,,0.050000000000000044,0.050000000000000044,4.4508526127843687e-07,1.37095785567318e-06,1.3007123720196957e-05,0.0,0.050000000000000044,"{'I': 1, 'W': 0, 'R': 1, 'C': 'free'}",False,True,True,1.0,3
251,2,0.0003553505519337853,0.4399493795867328,0.0029359398409311774,1.6179801287917108,1.0000358643007174,1.267107707881798,0.0003227208329056319,0.9999813543514923,,0.09999999999999998,0.09999999999999998,3.92786340425742e-07,4.222834912348811e-06,6.9622578265656735e-06,0.050000000000000044,0.050000000000000044,"{'I': 1, 'W': 0, 'R': 1, 'C': 'free'}",False,True,True,0.3333333333333333,3
251,3,0.01773958521936642,0.2918029832690168,0.1323451681148224,2.3748182807961578,1.0037039447133849,1.21109284077714,0.03629593692771427,0.9999981771251351,0.05,0.050000000000000044,0.09999999999999998,7.338208005562098e-07,4.785094418492042e-06,1.3007123446028183e-05,0.050000000000000044,0.050000000000000044,"{'I': 1, 'W': 0, 'R': 1, 'C': 'free'}",False,True,True,0.3333333333333333,3
251,4,0.023014022614852837,0.29301063516688663,0.20200533264245846,1.5413294549556062,1.0056446962531154,1.1694542384383522,0.04939763023184862,0.999961885528253,,0.050000000000000044,0.09999999999999998,6.475945618611436e-07,6.144177299415011e-06,1.47389885587896e-05,0.050000000000000044,0.050000000000000044,"{'I': 1, 'W': 0, 'R': 1, 'C': 'free'}",False,True,True,0.3333333333333333,3
251,5,0.002515513819165297,0.2990399877430693,0.01829017548322736,2.3902700038857456,1.0003169842227884,1.181422468257892,0.002848341700506518,0.9999859119832928,,0.050000000000000044,0.09999999999999998,2.902311909945272e-06,3.2887505890170097e-06,1.1478767864559744e-05,0.050000000000000044,0.050000000000000044,"{'I': 1, 'W': 0, 'R': 1, 'C': 'free'}",False,True,True,0.3333333333333333,3
251,6,0.09542051220018555,0.4302923675336996,1.273424719863924,1.6794166464064175,1.045554170118485,1.2608771871779396,0.9056735567983406,0.9999999955928416,0.0,0.0,0.09999999999999998,0.9998911028186978,2.3823696675074732e-07,1.3007123750215593e-05,0.0,0.050000000000000044,"{'I': 0, 'W': 1, 'R': 0, 'C': 'costly'}",False,True,True,1.0,3
2521,1,0.004349836883443269,0.37734793202947325,0.021420658619545403,1.9811200796545194,1.0006406832605548,1.34939116921864,0.0031972683698445747,0.9999793444431648,,0.050000000000000044,0.09999999999999998,6.82560372127343e-08,9.42244592288757e-07,2.1444958592614046e-05,0.050000000000000044,0.050000000000000044,"{'I': 1, 'W': 0, 'R': 1, 'C': 'free'}",False,True,True,1.0,3
2521,2,0.0005635673673241621,0.23693147050755262,0.002416123044371142,1.4068852984283915,1.0000569646708877,1.147789860235545,0.0005125360446662786,0.9989840301732337,0.0,0.09999999999999998,0.050000000000000044,1.7603429920407067e-06,6.962257778381617e-06,2.753568728644333e-05,0.050000000000000044,0.050000000000000044,"{'I': 1, 'W': 0, 'R': 1, 'C': 'free'}",False,True,True,1.0,3
2521,3,3.5467226843539854e-05,0.1684360917865301,0.0001266249032566943,1.5383933218324932,1.000002724777209,1.0819327892820731,1.907323258165672e-05,0.9771762803041273,0.0,0.0,0.050000000000000044,1.3007123802572075e-05,6.475945664304052e-07,8.939699407954709e-06,0.0,0.0,"{'I': 0, 'W': 1, 'R': 0, 'C': 'costly'}",False,True,True,1.0,3
2543,1,0.00765571257559663,0.24737961238922726,0.03263945902788961,1.1941011043660816,1.001174310364877,1.1418619753016557,0.005850923297342714,0.987446904308344,,0.050000000000000044,0.09999999999999998,2.1024339067920758e-07,5.715002413861923e-07,1.8925145768590533e-05,0.050000000000000044,0.050000000000000044,"{'I': 1, 'W': 0, 'R': 1, 'C': 'free'}",False,True,True,1.0,3
2543,2,0.006172675566987547,0.21922239791572953,0.049357539885955336,1.4686821125171163,1.001077559247104,1.104477180864597,0.00857882285441891,0.9873787285060937,0.0,0.0,0.050000000000000044,1.6701429792344433e-05,5.043476484053616e-07,7.889264421049318e-06,0.0,0.0,"{'I': 0, 'W': 1, 'R': 0, 'C': 'costly'}",False,True,True,0.0,3
2544,1,0.0016053245693654122,0.22284848258484274,0.009064391925938293,1.4138067346068997,1.0001963256233786,1.2008010276372854,0.0013732007739651886,0.9986226568053511,,0.09999999999999998,0.09999999999999998,5.043476470712621e-07,7.338208040380882e-07,8.481103981016963e-05,0.050000000000000044,0.050000000000000044,"{'I': 1, 'W': 0, 'R': 1, 'C': 'free'}",False,True,True,1.0,3
2544,2,5.282882814591484e-05,0.20210074275122175,0.00031666150377770264,1.365025307757437,1.000004589505121,1.178880069802796,2.753658839760309e-05,0.999988288949968,,0.09999999999999998,0.09999999999999998,1.9947299515614097e-06,4.785094411813273e-06,3.535625482589871e-05,0.050000000000000044,0.050000000000000044,"{'I': 1, 'W': 0, 'R': 1, 'C': 'free'}",False,True,True,1.0,3
2544,3,0.08887811848964373,0.11783635520445626,0.6166909049806029,1.3809758768446723,1.20755231799541,1.0728593203315049,0.7329095815338582,0.9790999566887844,0.0,0.0,0.050000000000000044,0.002472622933586938,1.4449802094478774e-07,5.043476486286395e-07,0.0,0.0,"{'I': 0, 'W': 1, 'R': 0, 'C': 'costly'}",False,True,True,0.6666666666666666,3
2545,1,0.08283275131242859,0.2878473957502437,0.386334918715803,1.275420211384596,1.0251492081959659,1.1480873295295537,0.13845589247735723,0.9982575774031343,,0.09999999999999998,0.92,3.4663274445414437e-07,5.715002417956762e-07,2.753568773316544e-05,0.050000000000000044,0.15000000000000002,"{'I': 1, 'W': 0, 'R': 1, 'C': 'free'}",False,True,True,1.0,3
2545,2,0.0006685194317711362,0.3564052944560915,0.005855330469431988,1.574425786658861,1.000078751115057,1.2402033206246734,0.0007871701623930472,0.999986247877607,0.0,0.09999999999999998,0.91,1.2098659663790748e-06,7.338208041666304e-07,1.6701429639810052e-05,0.050000000000000044,0.050000000000000044,"{'I': 1, 'W': 0, 'R': 1, 'C': 'free'}",False,True,True,1.0,3
2545,3,0.04309999080152985,0.1895237697774498,0.25293844676929206,2.0304494489361313,1.009498701623098,1.1295997917311684,0.0987680323395066,0.9995368198159273,0.0,0.19999999999999996,0.15000000000000002,4.222834940735202e-06,2.9023742149130047e-06,0.0005527789493223029,0.050000000000000044,0.15000000000000002,"{'I': 1, 'W': 0, 'R': 1, 'C': 'free'}",False,True,True,1.0,3
2545,4,0.28116347308628487,0.3172509802043797,1.0929329993595034,2.2456147025048523,1.2329443509156535,1.2385923080418635,0.9342743600165462,0.9999999806382515,0.05,0.19999999999999996,0.15000000000000002,0.00012339461899362185,3.726676576730168e-06,5.8291272359601575e-05,0.050000000000000044,0.050000000000000044,"{'I': 1, 'W': 0, 'R': 1, 'C': 'free'}",False,True,True,0.6666666666666666,3
2545,5,1.4536933703526751e-06,0.23104742307364162,1.1322406896844863e-05,1.6756863162819993,1.000000087838405,1.1529620674356595,1.6689282276161066e-06,0.9999999712546462,,0.09999999999999998,0.15000000000000002,9.422445922518442e-07,1.067702995069091e-06,0.0002611903097891652,0.050000000000000044,0.15000000000000002,"{'I': 1, 'W': 0, 'R': 1, 'C': 'free'}",False,True,True,1.0,3
2545,6,4.246336224201949e-07,0.24551997969213404,3.275979275847919e-06,1.6648705491572562,1.0000000188225178,1.1733288362492549,3.5762776917636074e-07,0.9999999561966715,,0.09999999999999998,0.15000000000000002,9.422445917772988e-07,2.9023119680176983e-06,7.484626291280925e-05,0.050000000000000044,0.050000000000000044,"{'I': 1, 'W': 0, 'R': 1, 'C': 'free'}",True,False,True,0.0,3
2545,7,2.388239333554906e-06,0.21732863600002233,4.4117524515937084e-05,1.7041635863011833,1.0000001631282636,1.2150554757203247,3.0994319502042345e-06,0.9999999799666182,,0.09999999999999998,0.09999999999999998,2.9023119582429296e-06,3.2887505801917793e-06,2.7535687719458336e-05,0.050000000000000044,0.050000000000000044,"{'I': 1, 'W': 0, 'R': 1, 'C': 'free'}",True,False,True,0.0,3
2547,1,0.014598107968556243,0.21427647268983638,0.10958950471522698,1.1838111163087512,1.0029449539368798,1.1475499646287797,0.026118488808663964,0.9992203914448082,,0.050000000000000044,0.09999999999999998,1.2751905788633283e-07,1.067702991824704e-06,3.5356254635560635e-05,0.050000000000000044,0.050000000000000044,"{'I': 1, 'W': 0, 'R': 1, 'C': 'free'}",False,True,True,1.0,3
2547,2,0.0011750243438607838,0.28898290073465155,0.005080802949195923,1.8701847379785117,1.0001254785439857,1.2031818690819303,0.001128598702805017,0.9999335073717369,,0.09999999999999998,0.15000000000000002,3.7266388078812644e-06,1.1479125965723632e-05,0.9997388070153681,0.0,0.75,"{'I': 1, 'W': 0, 'R': 1, 'C': 'free'}",True,False,True,0.0,3
2547,3,0.0007043738559552251,0.3673555627882689,0.005275244388009736,1.523050552718713,1.0000811093678055,1.2762430507961038,0.0007296883554408495,0.9999644534377954,,0.09999999999999998,0.7,9.422445886811175e-07,8.939945157494378e-06,1.6701429343711457e-05,0.050000000000000044,0.75,"{'I': 1, 'W': 0, 'R': 1, 'C': 'free'}",True,False,True,0.0,3
2547,4,0.0019878544459043736,0.36223306436303976,0.017328305386686962,1.4752027451539456,1.0002807804841418,1.2385761906691528,0.0025234803110433246,0.9999817635243803,,0.19999999999999996,0.4,6.962257822024753e-06,1.4739578727325159e-05,0.9902915167071953,0.15000000000000002,0.75,"{'I': 1, 'W': 0, 'R': 1, 'C': 'free'}",True,False,True,0.0,3
2547,5,0.001581486694812971,0.4681500158029592,0.01398024544128999,1.6742372459969557,1.00021659200236,1.3535760020901595,0.0019472186523833424,0.9999999825207061,,0.30000000000000004,0.7,1.670142903046828e-05,6.144220210176601e-06,0.9978172814629598,0.25,0.75,"{'I': 1, 'W': 0, 'R': 1, 'C': 'free'}",True,False,True,0.0,3
2547,6,0.0007501289968692105,0.40550731500753673,0.006540532271062511,1.4366276719278268,1.0000913089734806,1.3333313933005628,0.0008214057071126435,0.9999998655984611,,0.8,0.8,1.8925145528998848e-05,2.144512711603395e-05,0.9914225061917217,0.75,0.75,"{'I': 1, 'W': 0, 'R': 1, 'C': 'free'}",True,False,True,0.0,3
2547,7,3.1916594415260907e-05,0.32469782427150345,0.00025203811223194547,1.2848077782779581,1.000002635827422,1.2474457496431357,2.3722134159909203e-05,0.9999998101182317,,0.9,0.9,3.120190334291273e-05,0.5621764961109527,0.8175744824677753,0.65,0.75,"{'I': 1, 'W': 0, 'R': 1, 'C': 'free'}",True,False,True,0.0,3
2559,1,0.010562210046430352,0.14605800391886542,0.07393387043289384,1.1105540586515623,1.0020253982689509,1.0865555788039154,0.014063619624191448,0.9353920765622611,,0.050000000000000044,0.09999999999999998,3.466327437713083e-07,3.059023359748889e-07,3.120190356470797e-05,0.050000000000000044,0.050000000000000044,"{'I': 1, 'W': 0, 'R': 1, 'C': 'free'}",False,True,True,1.0,3
2559,2,0.0009144624218781498,0.17005940432267,0.005855035813954499,1.2523590511063345,1.0001041114738496,1.0843696252779078,0.0009365156868330615,0.9825766040525343,0.0,0.09999999999999998,0.09999999999999998,1.5534971928441994e-06,1.0129987079959982e-05,0.0002305066563940614,0.050000000000000044,0.050000000000000044,"{'I': 1, 'W': 0, 'R': 1, 'C': 'free'}",False,True,True,1.0,3
2559,3,0.002949194418596702,0.1543094871313022,0.026464201103606828,1.2072030589627705,1.0004538948693495,1.0649095636840116,0.004075798307727196,0.9445866326289446,0.0,0.050000000000000044,0.050000000000000044,5.8291272498153634e-05,1.7603430025792374e-06,0.04742587351074531,0.050000000000000044,0.050000000000000044,"{'I': 0, 'W': 1, 'R': 0, 'C': 'costly'}",False,True,True,1.0,3
2562,1,0.02385897425763702,0.23060473086021496,0.19086497715125514,1.2168249225483552,1.0060919417732401,1.1823029090236288,0.04742619299451967,0.9997269193987699,,0.050000000000000044,0.09999999999999998,5.715002392580132e-07,3.9278633994820375e-07,1.3007123722982154e-05,0.050000000000000044,0.050000000000000044,"{'I': 1, 'W': 0, 'R': 1, 'C': 'free'}",False,True,True,1.0,3
2562,2,0.0019240310326360307,0.12168320322409155,0.00906438922916865,0.8723265449114197,1.0002394002580572,1.0485008973627772,0.0014351987541305622,0.8755564148859757,0.0,0.0,0.050000000000000044,6.144177525500061e-06,2.382369667304118e-07,4.2228349079019556e-06,0.050000000000000044,0.050000000000000044,"{'I': 0, 'W': 1, 'R': 0, 'C': 'costly'}",False,True,True,1.0,3
2563,1,0.0023449892387802994,0.2718155793596946,0.01397069352780637,1.4602056960864451,1.0003227195917659,1.11532209429149,0.0019341323247885622,0.9933993615646868,,0.050000000000000044,0.09999999999999998,8.315279180199819e-07,3.059023358180207e-07,7.889264432110506e-06,0.050000000000000044,0.050000000000000044,"{'I': 1, 'W': 0, 'R': 1, 'C': 'free'}",False,True,True,1.0,2
2563,2,0.016551401875703937,0.34793278083124507,0.09665691485487045,1.6407547571774452,1.0028366075900332,1.2799737694784188,0.02792850247926726,0.9999965900701593,,0.09999999999999998,0.7,4.006369133917579e-05,0.00015843733161652248,0.9993736597972414,0.15000000000000002,0.15000000000000002,"{'I': 1, 'W': 0, 'R': 1, 'C': 'free'}",False,True,True,0.5,2
2563,3,0.017634555277129527,0.4585738777851645,0.10941075432234416,2.199141700486609,1.0036033669905915,1.3077266330216586,0.024863904816597948,0.999999999998696,0.05,0.15000000000000002,0.15000000000000002,7.338208039466517e-07,6.475945658273496e-07,1.0129987326362492e-05,0.15000000000000002,0.25,"{'I': 1, 'W': 0, 'R': 1, 'C': 'free'}",False,True,True,0.5,2
2563,4,0.05891412326908664,0.4315218902153372,0.3653366708130512,2.428409886028197,1.0192668806534777,1.372679618374799,0.12504722974015936,0.9999999993934529,0.05,0.25,0.4,1.3007123804311088e-05,6.475953498018531e-07,2.7535687776106534e-05,0.25,0.4,"{'I': 1, 'W': 0, 'R': 1, 'C': 'free'}",False,True,True,0.5,2
2563,5,0.16276925514201654,0.3245781748842826,0.8027860514665935,1.628352331774461,1.0925672714779018,1.1685880865833844,0.35766872845124276,0.9997406161620279,0.0,0.09999999999999998,0.15000000000000002,4.539785221587048e-05,7.889293824367013e-06,0.0019267343514117888,0.050000000000000044,0.25,"{'I': 1, 'W': 0, 'R': 1, 'C': 'free'}",False,True,True,0.5,2
2563,6,0.04936211362030846,0.31862757044186835,0.6869015110018346,2.254071155596635,1.0608155820601086,1.2323029703500625,0.562436049095939,0.9999987312887089,0.0,0.09999999999999998,0.09999999999999998,0.9998766051372168,0.9996646498368625,0.0004305571603232079,0.050000000000000044,0.050000000000000044,"{'I': 0, 'W': 1, 'R': 0, 'C': 'costly'}",False,True,True,0.0,2
26,1,0.01232370319323093,0.17552413778026738,0.07393386999968483,0.9061012327704752,1.002363442912308,1.0935628529027355,0.01406408975506901,0.9316580257424664,,0.050000000000000044,0.050000000000000044,5.043476466009632e-07,4.4508526331027684e-07,1.1478768013974372e-05,0.050000000000000044,0.050000000000000044,"{'I': 1, 'W': 0, 'R': 1, 'C': 'free'}",False,True,True,1.0,3
26,2,0.01182293731258991,0.17717199872463438,0.09012190610472376,1.3683395122855202,1.0023311102144568,1.1484016433992548,0.01845476542260327,0.9999764073355565,0.0,0.0,0.050000000000000044,7.484626289799184e-05,1.7603430032661383e-06,0.060086650197368516,0.0,0.050000000000000044,"{'I': 0, 'W': 1, 'R': 0, 'C': 'costly'}",False,True,True,0.3333333333333333,3
2609,1,0.02224056429111931,0.3198499138750942,0.13234323747862656,1.8008359513706258,1.0049881663709404,1.258937269165316,0.02941335352735308,0.9999205978445925,,0.09999999999999998,0.09999999999999998,2.6995784110653225e-07,4.4508526337664023e-07,1.0129987319514998e-05,0.050000000000000044,0.050000000000000044,"{'I': 1, 'W': 0, 'R': 1, 'C': 'free'}",False,True,True,1.0,3
2609,2,8.220075807286333e-05,0.29498243265560803,0.0004993885394695312,1.4012871696491978,1.0000073397634985,1.1747638132459008,5.1376836102901e-05,0.9999908048322079,,0.25,0.4,7.889264423728402e-06,1.473907921956843e-05,0.9399133368623188,0.25,0.55,"{'I': 1, 'W': 0, 'R': 1, 'C': 'free'}",False,True,True,0.0,3
2609,3,4.6893755927887526e-05,0.3535455472671183,0.00031685184345776207,1.9473921281051711,1.0000040360400277,1.2255013143882003,2.8251824091052313e-05,0.9999999745894069,,0.25,0.30000000000000004,2.430025170212176e-05,8.939848662492857e-06,0.22270014856769638,0.25,0.65,"{'I': 1, 'W': 0, 'R': 1, 'C': 'free'}",True,False,True,0.0,3
2609,4,8.684240110730921e-05,0.5479731301555532,0.00026043429573749583,1.7561105897609175,1.0000074249874527,1.4189585887176726,5.1973368550561894e-05,0.9999999996216643,,0.4,0.25,0.00033535111879364583,3.535640403112069e-05,0.022977372491151726,0.15000000000000002,0.35,"{'I': 1, 'W': 0, 'R': 1, 'C': 'free'}",True,False,True,0.0,3
2609,5,3.4511727572067847e-06,0.5227357439402702,1.2473930852150488e-05,1.915339846806113,1.0000002043587422,1.4107418111700587,1.430510025102194e-06,0.9999999999029456,,0.8,0.7,0.9914225113253432,0.9990889484792198,0.939913342066054,0.75,0.75,"{'I': 1, 'W': 0, 'R': 1, 'C': 'free'}",True,False,True,0.0,3
2609,6,0.0034582103520382776,0.4799226159990608,0.01270491241723983,1.653961157086168,1.0004032034187642,1.3725327316321572,0.0028178773880899177,0.9999983248790337,,0.5,0.7,0.04742587999424026,0.00012339643538590147,0.3208212850308776,0.55,0.75,"{'I': 1, 'W': 0, 'R': 1, 'C': 'free'}",True,False,True,0.0,3
2609,7,0.015374243863075553,0.5377056026124264,0.05162409085229368,2.381953614187446,1.0021159617711204,1.4210186830029254,0.014687159767395763,0.9999999327317749,,0.8,0.7,0.037326887779565956,0.00116951189066191,0.9992903273699347,0.65,0.75,"{'I': 1, 'W': 0, 'R': 1, 'C': 'free'}",True,False,True,0.0,3
2611,1,0.0038167119069502085,0.1760418803762824,0.021420656492793604,1.0199803164777883,1.0005299210561431,1.0801078661317052,0.0037015970194202996,0.9732671697957822,,0.09999999999999998,0.09999999999999998,3.0590233502436057e-07,6.4759456452604e-07,6.144177518485894e-06,0.050000000000000044,0.050000000000000044,"{'I': 1, 'W': 0, 'R': 1, 'C': 'free'}",False,True,True,1.0,3
2611,2,0.009303575487905573,0.5334316455623979,0.07393407603337132,2.0068844490532447,1.001777208990472,1.390355083363882,0.014104637252789876,0.9999999999974484,0.05,0.19999999999999996,0.15000000000000002,1.0677029939221693e-06,1.3709578546569565e-06,7.889264462169054e-06,0.050000000000000044,0.15000000000000002,"{'I': 1, 'W': 0, 'R': 1, 'C': 'free'}",False,True,True,1.0,3
2611,3,0.37186321434451675,0.24042514103777393,1.082282580768428,1.277317125130366,1.2553489857109745,1.20541313492149,0.679241909130208,0.9997767026224609,0.0,0.050000000000000044,0.050000000000000044,0.9998601777573459,1.3007124285187633e-05,1.553497195527346e-06,0.050000000000000044,0.050000000000000044,"{'I': 0, 'W': 1, 'R': 0, 'C': 'costly'}",False,True,True,1.0,3
2646,1,0.13667471109931034,0.2957788752707691,0.7849393497810655,1.563462685797542,1.0868401006941604,1.1527236138042443,0.39325518203074483,0.9989105911822709,,0.09999999999999998,0.09999999999999998,8.315279259189398e-07,1.2098659642660529e-06,5.144221307528784e-05,0.050000000000000044,0.050000000000000044,"{'I': 1, 'W': 0, 'R': 1, 'C': 'free'}",False,True,True,1.0,3
2646,2,0.00020764825698897334,0.24226891047200058,0.0012339573406002292,1.1809434068749993,1.0000206817571218,1.1662025756938834,0.00012408156078957955,0.9999885521408978,,0.19999999999999996,0.25,7.338208044110236e-07,6.962257763348573e-06,0.00015843623453404418,0.050000000000000044,0.25,"{'I': 1, 'W': 0, 'R': 1, 'C': 'free'}",False,True,True,1.0,3
2646,3,7.277511540824922e-05,0.11989115905978703,0.0004993774384253471,1.511406723560879,1.0000065734148063,1.0739154284938761,4.601269379367334e-05,0.9802008975118082,0.0,0.050000000000000044,0.050000000000000044,2.260325105743937e-06,5.043476483581462e-07,1.0129987318373497e-05,0.050000000000000044,0.050000000000000044,"{'I': 0, 'W': 1, 'R': 0, 'C': 'costly'}",False,True,True,1.0,3
2648,1,1.3595144819861822e-06,0.2872256628208611,5.385627599643877e-06,1.606961709568751,1.0000000510896887,1.173629022507843,3.5762774786007867e-07,0.9940431988655415,,0.050000000000000044,0.09999999999999998,3.9278633909450814e-07,3.0590233606565e-07,6.962257841508538e-06,0.050000000000000044,0.050000000000000044,"{'I': 1, 'W': 0, 'R': 1, 'C': 'free'}",False,True,True,1.0,3
2648,2,0.0008926293339052201,0.17559353416070905,0.004077357453100703,0.8796332319514604,1.0000934671495625,1.067344574408916,0.0005606194848222223,0.7284141967692137,,0.09999999999999998,0.09999999999999998,3.2887506284481615e-06,5.829151774265885e-05,7.484626278958276e-05,0.050000000000000044,0.050000000000000044,"{'I': 1, 'W': 0, 'R': 1, 'C': 'free'}",False,True,True,1.0,3
2648,3,0.0004092524031369033,0.16389614042184933,0.0012568904535959033,0.8047447600027965,1.0000401322866914,1.0683010986432357,0.00024075990115834944,0.7951896973019363,,0.09999999999999998,0.09999999999999998,2.2603250760836095e-06,5.422216936524376e-06,2.7535687509410662e-05,0.050000000000000044,0.050000000000000044,"{'I': 1, 'W': 0, 'R': 1, 'C': 'free'}",True,False,True,0.0,3
2648,4,0.01620933897011687,0.15400915090409664,0.15944769194188643,1.1251358292693177,1.0038401226567095,1.1383519718834807,0.03760247120435023,0.9990857488099355,0.0,0.0,0.050000000000000044,3.5356254888172206e-05,2.3823696671820067e-07,2.753568734819967e-05,0.0,0.050000000000000044,"{'I': 0, 'W': 1, 'R': 0, 'C': 'costly'}",False,True,True,1.0,3
2662,1,0.00033850989573092977,0.24388598997810876,0.0010097456396309528,1.1945234696978766,1.0000300251466343,1.1318596269243477,0.0002401687219830695,0.9990281121939578,,0.09999999999999998,0.09999999999999998,1.3709578538448402e-06,1.994729945257464e-06,4.539785222251184e-05,0.050000000000000044,0.050000000000000044,"{'I': 1, 'W': 0, 'R': 1, 'C': 'free'}",False,True,True,1.0,3
2662,2,0.0003065516142668659,0.41642597702032147,0.0017767065421043346,1.720856234285105,1.0000293716241784,1.1949196017486425,0.00029366879928116596,0.9990366341056175,,0.09999999999999998,0.15000000000000002,1.9947299494101137e-06,3.72663879956984e-06,0.00012339461735560138,0.050000000000000044,0.050000000000000044,"{'I': 1, 'W': 0, 'R': 1, 'C': 'free'}",False,True,True,1.0,3
2662,3,0.0023878900182230135,0.2584514325790896,0.02142074758583809,1.6801130737499856,1.0003537114880643,1.123673379986621,0.0031777806549080356,0.9958321157081551,0.0,0.09999999999999998,0.09999999999999998,3.7266387999780476e-06,2.4300251550848115e-05,4.006369167493422e-05,0.050000000000000044,0.050000000000000044,"{'I': 1, 'W': 0, 'R': 1, 'C': 'free'}",False,True,True,1.0,3
2662,4,0.11378788048052074,0.40804710595353183,0.7385756694401572,1.8284736378614797,1.0881524184127245,1.3193267686436392,0.7183861397081412,0.9999949359785656,0.05,0.09999999999999998,0.09999999999999998,5.42221700121403e-06,1.1478767973461817e-05,1.3007123774100586e-05,0.050000000000000044,0.050000000000000044,"{'I': 1, 'W': 0, 'R': 1, 'C': 'free'}",False,True,True,0.3333333333333333,3
2662,5,0.0018981984481244263,0.3155550774654475,0.026464310188537708,1.8665304862448269,1.0002918936748804,1.2208475961366676,0.004077579156880562,0.9999828754125515,,0.050000000000000044,0.09999999999999998,5.4222175808550605e-06,5.422217579288708e-06,1.0129987327620119e-05,0.050000000000000044,0.050000000000000044,"{'I': 1, 'W': 0, 'R': 1, 'C': 'free'}",True,False,True,0.0,3
2662,6,0.0045866789594003615,0.27669072216791735,0.03924288627558534,1.8363679488405282,1.0006958605947776,1.2543079842544467,0.009691393156217476,0.9999998968895364,,0.09999999999999998,0.15000000000000002,4.785094482069949e-06,2.902311977894126e-06,2.9023119846663418e-06,0.050000000000000044,0.050000000000000044,"{'I': 1, 'W': 0, 'R': 1, 'C': 'free'}",True,False,True,0.0,3
2662,7,0.06937869048807162,0.3361713578639316,0.6628479408646574,2.144947731683691,1.0484129028334133,1.2922326156066894,0.7578807696448362,0.9999964980835336,0.0,0.050000000000000044,0.050000000000000044,0.9998204708208259,2.2603251046869693e-06,7.889264460942581e-06,0.0,0.050000000000000044,"{'I': 0, 'W': 1, 'R': 0, 'C': 'costly'}",False,True,True,0.0,3
2672,1,0.0189294274119034,0.23104244617011085,0.1323432382881474,1.4504460342530703,1.0042608139856832,1.1434752317828174,0.02932379998721668,0.9976022952197873,,0.050000000000000044,0.09999999999999998,1.2751905771465008e-07,1.855391459457937e-07,1.300712367524778e-05,0.050000000000000044,0.050000000000000044,"{'I': 1, 'W': 0, 'R': 1, 'C': 'free'}",False,True,True,1.0,3
2672,2,0.010472841330091194,0.1182452510737495,0.036401067215683904,0.8334793255313935,1.0015451061135292,1.0471106646763824,0.007689848981234371,0.8485378548395771,,0.0,0.050000000000000044,2.9023119828824302e-06,1.4449802093568918e-07,3.288750586195539e-06,0.0,0.0,"{'I': 0, 'W': 1, 'R': 0, 'C': 'costly'}",False,True,True,1.0,3
2674,1,0.012328656588601739,0.17973656195028445,0.07393387415873011,1.722032839921343,1.0023637814700477,1.1301767618972063,0.014066087807817151,0.99251580546866,,0.050000000000000044,0.09999999999999998,3.927863386644642e-07,3.9278634020370494e-07,1.3007123702429028e-05,0.050000000000000044,0.050000000000000044,"{'I': 1, 'W': 0, 'R': 1, 'C': 'free'}",False,True,True,1.0,3
2674,2,0.027313387186118972,0.1641426060390571,0.19086536073969837,1.0804572779013437,1.0065528208529166,1.0727846336822071,0.06932568809930406,0.8944158842702205,0.0,0.0,0.050000000000000044,1.3007123781857393e-05,3.9278634052493826e-07,7.889264300595888e-06,0.0,0.050000000000000044,"{'I': 0, 'W': 1, 'R': 0, 'C': 'costly'}",False,True,True,1.0,3
2679,1,0.014032903273198147,0.20730200463606127,0.10941061418709468,1.3725822760749276,1.0029424523628314,1.1322113193396992,0.02323096250575374,0.9898915916155353,,0.050000000000000044,0.09999999999999998,6.475945621610254e-07,1.0677029932948377e-06,4.5397851484534844e-05,0.050000000000000044,0.050000000000000044,"{'I': 1, 'W': 0, 'R': 1, 'C': 'free'}",False,True,True,1.0,3
2679,2,0.011379623679628682,0.21168300798221543,0.09009478150178331,1.5925522688802638,1.0022826409389265,1.138507969611989,0.01807496964381805,0.996219504085363,,0.050000000000000044,0.09999999999999998,3.466327440520371e-07,8.315279260848999e-07,0.00010889694242319132,0.0,0.050000000000000044,"{'I': 1, 'W': 0, 'R': 1, 'C': 'free'}",True,False,True,0.0,3
2679,3,0.0006612549948030778,0.3635764927904303,0.0030182484368033264,1.564550312400373,1.0000841213714486,1.2388333219558982,0.0006727162924213825,0.9999923388902078,,0.15000000000000002,0.4,6.144177447899499e-06,4.7851429090864675e-06,0.000203427147971819,0.050000000000000044,0.65,"{'I': 1, 'W': 0, 'R': 1, 'C': 'free'}",True,False,True,0.0,3
2679,4,0.004239333850292294,0.4397682019201058,0.032639496226764216,2.120552883485309,1.000655829664519,1.3065776571724217,0.005883158367848473,0.999999759955345,0.0,0.09999999999999998,0.7,3.288750599550049e-06,6.962374095773091e-06,0.0002611903024880579,0.050000000000000044,0.75,"{'I': 1, 'W': 0, 'R': 1, 'C': 'free'}",True,False,True,0.0,3
2679,5,0.005530333757958781,0.33927954548309613,0.04018082046629959,1.9785780492795169,1.0008847076379355,1.2632131691398492,0.00792726085377482,0.999996686696708,0.0,0.4,0.7,2.7535878627268326e-05,0.00043056201199844613,0.0007096721519548763,0.050000000000000044,0.75,"{'I': 1, 'W': 0, 'R': 1, 'C': 'free'}",True,False,True,0.0,3
2679,6,3.271892159456468e-05,0.4041209150282668,0.0002519815140486095,2.2456629843423954,1.0000027153002196,1.35606342280025,2.4437370201413344e-05,0.9999999994499529,,0.30000000000000004,0.7,1.0129987294228174e-05,1.147883019476187e-05,0.0066928519281595055,0.15000000000000002,0.8,"{'I': 1, 'W': 0, 'R': 1, 'C': 'free'}",False,True,True,1.0,3
2679,7,0.019165587629398215,0.35796052392328825,0.19086599644527846,1.8309146875572702,1.0048781022626216,1.2305719018174917,0.0474973870560792,0.9998665252120789,0.0,0.19999999999999996,0.30000000000000004,4.785094454375614e-06,4.785117360982738e-06,0.00020342704147736703,0.15000000000000002,0.15000000000000002,"{'I': 1, 'W': 0, 'R': 1, 'C': 'free'}",False,True,True,0.0,3
2702,1,0.019421009233788318,0.24727674945622014,0.13234323531562012,1.449303784959709,1.0043108659021833,1.1636604725424582,0.029662379004294026,0.9921736554365342,,0.09999999999999998,0.15000000000000002,6.825603720935235e-08,1.209865967067355e-06,2.7535687749225432e-05,0.050000000000000044,0.050000000000000044,"{'I': 1, 'W': 0, 'R': 1, 'C': 'free'}",False,True,True,1.0,3
2702,2,2.143127384816647e-05,0.4085073856246661,0.00015949757785017275,1.6049924186709534,1.0000016689226356,1.3356988891645105,1.6689073165654378e-05,0.9999999617003613,0.0,0.09999999999999998,0.15000000000000002,1.5534971959499067e-06,1.3709578565639447e-06,5.829127220891866e-05,0.050000000000000044,0.050000000000000044,"{'I': 1, 'W': 0, 'R': 1, 'C': 'free'}",False,True,True,1.0,3
2702,3,1.3366191854780422e-05,0.2326889867640695,5.172934100535537e-05,1.4306819523170322,1.0000009139370585,1.1702715008044542,5.483604809453091e-06,0.9999573758484268,,0.09999999999999998,0.15000000000000002,2.5612812878798355e-06,1.3709578566697203e-06,0.00015843623543717182,0.050000000000000044,0.050000000000000044,"{'I': 1, 'W': 0, 'R': 1, 'C': 'free'}",False,True,True,0.6666666666666666,3
2702,4,6.45158571562269e-06,0.4515038097826941,3.1667202141453716e-05,1.6242505138719874,1.0000004371003977,1.3903260638823203,2.6225983731364977e-06,0.9999990247856213,,0.25,0.15000000000000002,1.7603430015708574e-06,2.9023185410252526e-06,0.0031726830418223593,0.15000000000000002,0.15000000000000002,"{'I': 1, 'W': 0, 'R': 1, 'C': 'free'}",False,True,True,0.0,3
2702,5,0.0005812648614467679,0.35733946127351524,0.003068703543319762,1.597595060074366,1.0000598074708213,1.27744656305502,0.00047833102262984095,0.9999999999946584,0.05,0.15000000000000002,0.15000000000000002,7.88926446471765e-06,2.2603251055470953e-06,3.535625471602315e-05,0.050000000000000044,0.15000000000000002,"{'I': 1, 'W': 0, 'R': 1, 'C': 'free'}",False,True,True,0.0,3
2702,6,0.048885132083223204,0.32038928127624405,0.4286642540903305,1.4061583738924794,1.0165131406945838,1.2543542795621556,0.1648643358967059,0.9999980428348231,0.05,0.15000000000000002,0.09999999999999998,2.2603251056075624e-06,2.902313276081918e-06,0.2689414208062293,0.050000000000000044,0.15000000000000002,"{'I': 1, 'W': 0, 'R': 1, 'C': 'free'}",False,True,True,0.0,3
2702,7,0.0010502872338020001,0.3392333765033361,0.007289946713678836,1.999376770907759,1.000130823971051,1.218795260838315,0.0009152887678545163,0.9999845873393374,0.05,0.15000000000000002,0.15000000000000002,0.00033535030223017247,1.670164699793932e-05,0.9995694419106506,0.15000000000000002,0.25,"{'I': 1, 'W': 0, 'R': 1, 'C': 'free'}",True,True,True,0.0,3
2705,1,0.011026717889331008,0.28813976137230457,0.07395567167474205,1.4212912252128533,1.0020758650090986,1.258163394049234,0.014411144556234934,0.9999994793256981,,0.09999999999999998,0.09999999999999998,7.338208043108868e-07,1.0677029946569685e-06,8.481104055949161e-05,0.050000000000000044,0.050000000000000044,"{'I': 1, 'W': 0, 'R': 1, 'C': 'free'}",False,True,True,1.0,3
2705,2,0.002887966017252326,0.2952554962627688,0.019318474560903978,1.7911961020744147,1.00041249573392,1.2544217620577132,0.002882711750642253,0.9998845864463762,,0.09999999999999998,0.09999999999999998,2.9023119486474185e-06,6.962257655124047e-06,0.00017952802742494952,0.050000000000000044,0.050000000000000044,"{'I': 1, 'W': 0, 'R': 1, 'C': 'free'}",False,True,True,0.0,3
2705,3,0.06601500760870345,0.5549893008636819,0.3653418505015075,1.7852060258174902,1.0221531241051947,1.3462432078927615,0.12319253656921803,0.9999999994952153,0.05,0.25,0.25,6.475945664426932e-07,1.0677029961067048e-06,3.535625479026601e-05,0.25,0.4,"{'I': 1, 'W': 0, 'R': 1, 'C': 'free'}",False,True,True,0.0,3
2705,4,6.153646755197617e-06,0.44068073953767084,2.0582139749637468e-05,2.1173663817966246,1.0000003814695932,1.3465807456077359,1.9073457835361296e-06,0.9999999999923085,,0.09999999999999998,0.15000000000000002,7.338208016228767e-07,1.9947299496871104e-06,6.962257879095261e-06,0.050000000000000044,0.15000000000000002,"{'I': 1, 'W': 0, 'R': 1, 'C': 'free'}",True,False,True,0.0,3
2705,5,0.14406855579136899,0.44227110300291833,0.8366213846037015,1.9437909527290318,1.100844619931896,1.3805629921800702,0.6524528487655182,0.999999999999974,0.05,0.15000000000000002,0.25,1.0129987342575383e-05,1.0130010202629875e-05,3.5356254867140086e-05,0.15000000000000002,0.35,"{'I': 1, 'W': 0, 'R': 1, 'C': 'free'}",False,True,True,0.0,3
2705,6,0.10346692363726802,0.42375213514497184,0.39460523779966533,1.78876926832747,1.0293291261004385,1.406183976246691,0.22907586260341806,0.9999999999998681,0.05,0.25,0.15000000000000002,0.01798621186879236,5.422217003836183e-06,3.535625472175762e-05,0.15000000000000002,0.25,"{'I': 1, 'W': 0, 'R': 1, 'C': 'free'}",False,True,True,0.0,3
2705,7,4.163212791064604e-05,0.43206095619079116,0.0001356464301518015,2.05449485080325,1.0000030040662171,1.2536984869624532,1.502019571975044e-05,0.9999999999999928,,0.7,0.35,0.1824255148081365,1.0677037806888403e-06,0.008577485256369408,0.65,0.35,"{'I': 1, 'W': 0, 'R': 1, 'C': 'free'}",True,True,True,0.0,3
2711,1,0.038049267309488224,0.22932339902858764,0.2272058793452335,0.8493805073906762,1.0103988770282721,1.1109048726589015,0.06018392132192518,0.941558081447759,,0.050000000000000044,0.09999999999999998,7.338208036269062e-07,5.043476479311838e-07,7.88926444832351e-06,0.050000000000000044,0.050000000000000044,"{'I': 1, 'W': 0, 'R': 1, 'C': 'free'}",False,True,True,1.0,3
2711,2,0.0017004617155286503,0.43753511305127335,0.011323471912266755,2.145639116989034,1.0002226985490617,1.3176519139732383,0.0015575021206417627,0.9999999507782024,0.0,0.050000000000000044,0.050000000000000044,1.3007123795628221e-05,1.3709578587337543e-06,1.4738988772546294e-05,0.050000000000000044,0.050000000000000044,"{'I': 0, 'W': 1, 'R': 0, 'C': 'costly'}",False,True,True,1.0,3
2733,1,8.242313931939748e-06,0.31752444452517176,4.2265999037455006e-05,1.4847977999664064,1.0000005563095118,1.2838589376320408,5.006771679916255e-06,0.9999994918451329,,0.050000000000000044,0.09999999999999998,3.4663274399306373e-07,4.450852637331866e-07,3.5356254749203325e-05,0.050000000000000044,0.050000000000000044,"{'I': 1, 'W': 0, 'R': 1, 'C': 'free'}",False,True,True,1.0,3
2733,2,0.002751341905934713,0.27368355522067606,0.017565910539201573,1.1935050372049527,1.000377943975988,1.1263404388738691,0.002641612796297599,0.9976834243758449,,0.09999999999999998,0.050000000000000044,1.3007123755374237e-05,1.3007255288618178e-05,7.48462624588241e-05,0.050000000000000044,0.050000000000000044,"{'I': 1, 'W': 0, 'R': 1, 'C': 'free'}",False,True,True,1.0,3
2733,3,0.007051651669825139,0.3653963919563907,0.05264010683702289,2.1017642162693972,1.001145468877526,1.2092071819883967,0.011382852759107442,0.9999998825265589,,0.09999999999999998,0.050000000000000044,0.9770226256966363,0.8519527999524429,2.14449586196004e-05,0.050000000000000044,0.050000000000000044,"{'I': 1, 'W': 0, 'R': 1, 'C': 'free'}",False,True,True,0.0,3
2733,4,0.03148227316861894,0.4344672983743279,0.3147438628059786,2.0028021265509888,1.0100715390144512,1.329763525052379,0.09535401673176669,0.9993948470176632,,0.09999999999999998,0.050000000000000044,8.4811038887207e-05,2.1444958129629862e-05,8.481104030956773e-05,0.050000000000000044,0.050000000000000044,"{'I': 1, 'W': 0, 'R': 1, 'C': 'free'}",False,True,True,0.0,3
2733,5,2.2704854834690977e-05,0.25298083402152366,9.727519745970017e-05,1.3511519027122767,1.0000016093224855,1.132858566022662,1.6093082409351922e-05,0.9998172416659544,,0.15000000000000002,0.09999999999999998,5.829127193698068e-05,1.4739234505863942e-05,6.14417752077854e-06,0.15000000000000002,0.050000000000000044,"{'I': 1, 'W': 0, 'R': 1, 'C': 'free'}",True,False,True,0.0,3
2733,6,0.005348820739659753,0.3125648476605517,0.05959926128272073,1.890187508818823,1.0008565723507616,1.2093101993518236,0.011068957368344678,0.9999097074478216,,0.09999999999999998,0.09999999999999998,8.939699476734306e-06,4.222834919214885e-06,2.1444958548304922e-05,0.050000000000000044,0.050000000000000044,"{'I': 1, 'W': 0, 'R': 1, 'C': 'free'}",False,True,True,0.0,3
2733,7,0.00011510660397965384,0.37500063601471245,0.0008161607268233854,2.0717367733264194,1.0000101691910197,1.2708726736572307,0.00013219007320253162,0.9999950932279915,,0.15000000000000002,0.15000000000000002,2.4300251998767784e-05,1.4738988812954909e-05,9.610239210223765e-05,0.050000000000000044,0.25,"{'I': 1, 'W': 0, 'R': 1, 'C': 'free'}",True,False,True,0.0,3
2748,1,0.03230442319437029,0.11790009787887848,0.4750515546091131,1.1034863185336983,1.0135897804440612,1.0589316859509632,0.18329229396562152,0.9147531341765746,,0.050000000000000044,0.09999999999999998,2.6995784053300863e-07,4.450852633458334e-07,1.1478768032700063e-05,0.050000000000000044,0.050000000000000044,"{'I': 1, 'W': 0, 'R': 1, 'C': 'free'}",False,True,True,1.0,3
2748,2,0.011525444828539576,0.3437101621185071,0.15935394102667266,1.4574220293763138,1.0027351283011898,1.2276891189836494,0.0375176253304339,0.9999916447236674,0.0,0.09999999999999998,0.15000000000000002,9.422445918384933e-07,1.760342998333431e-06,3.12019037152143e-05,0.050000000000000044,0.050000000000000044,"{'I': 1, 'W': 0, 'R': 1, 'C': 'free'}",False,True,True,1.0,3
2748,3,0.10568190073966932,0.09798911046827669,0.6268563565337038,1.8165756733102725,1.4469501506832319,1.080451165559662,0.8910371174319494,0.9791194043621824,0.0,0.0,0.050000000000000044,2.7535687801709172e-05,3.726638837465901e-06,1.3007123710429934e-05,0.0,0.050000000000000044,"{'I': 0, 'W': 1, 'R': 0, 'C': 'costly'}",False,True,True,0.6666666666666666,3
2766,1,0.018480893767163584,0.2746392062355196,0.10964685048731561,1.1199308639906904,1.0037174259219792,1.1395990786398285,0.02563931777466333,0.9847266910135146,,0.050000000000000044,0.09999999999999998,3.927863402713345e-07,3.4663274442522825e-07,1.6701429699329343e-05,0.050000000000000044,0.050000000000000044,"{'I': 1, 'W': 0, 'R': 1, 'C': 'free'}",False,True,True,1.0,3
2766,2,0.00040271239824209794,0.17481274472236233,0.0024160459343064637,0.9838508840546556,1.0000435463854334,1.1243791496412998,0.0002612384951825586,0.9791129000760801,,0.050000000000000044,0.09999999999999998,5.0434764718559e-07,1.2098659658033533e-06,5.829127143279578e-05,0.050000000000000044,0.050000000000000044,"{'I': 1, 'W': 0, 'R': 1, 'C': 'free'}",False,True,True,1.0,3
2766,3,0.03599177030264205,0.2052748511983543,0.26966661999451064,1.0966034269048837,1.0097639285702773,1.1711227197457688,0.09259435839570462,0.9953493015186698,0.0,0.09999999999999998,0.09999999999999998,2.430025154290043e-05,1.0129987023679786e-05,4.00636915083627e-05,0.050000000000000044,0.050000000000000044,"{'I': 1, 'W': 0, 'R': 1, 'C': 'free'}",False,True,True,0.0,3
2766,4,3.0864096500680854e-05,0.2626173094937366,0.00025199231755089084,1.3525754159695507,1.0000025298635091,1.2401727034880616,2.2768483575075216e-05,0.9999888968786563,,0.15000000000000002,0.15000000000000002,3.7266388048821774e-06,1.5534971844213057e-06,0.6791787010758186,0.15000000000000002,0.25,"{'I': 1, 'W': 0, 'R': 1, 'C': 'free'}",True,False,True,0.0,3
2766,5,0.013722423999673623,0.38555652749241454,0.09009660322451153,1.9892806313302724,1.0023950829559014,1.307104857394805,0.02363832558320722,0.9999998626955178,0.05,0.4,0.25,5.829148873494825e-05,6.144248024118945e-06,0.9947798732405968,0.4,0.35,"{'I': 1, 'W': 0, 'R': 1, 'C': 'free'}",True,False,True,0.0,3
2766,6,0.006892295781732592,0.35399693590006054,0.032383480029766674,1.5061305114608172,1.0008738980117766,1.2153634553254897,0.00783082553986758,0.9999968804013303,,0.8,0.4,0.0005527796348252382,1.3007529527703577e-05,0.9998204716751743,0.75,0.75,"{'I': 1, 'W': 0, 'R': 1, 'C': 'free'}",True,False,True,0.0,3
2766,7,0.0497330772106879,0.3395100110534347,0.4095507397287364,1.542395820318221,1.0168039318713822,1.2433498193208232,0.1392737506683196,0.9999991168661674,,0.8,0.4,0.0005527792061750561,7.88954331504632e-06,0.9988304891812434,0.65,0.65,"{'I': 1, 'W': 0, 'R': 1, 'C': 'free'}",True,False,True,0.0,3
2767,1,0.13275113376017988,0.20838891085695463,0.6329245492223947,1.1751876407262998,1.067380031483971,1.180286252345057,0.2782203536275837,0.9995863865856672,,0.09999999999999998,0.09999999999999998,5.043476474800581e-07,1.2098659658887897e-06,3.5356254801795973e-05,0.050000000000000044,0.050000000000000044,"{'I': 1, 'W': 0, 'R': 1, 'C': 'free'}",False,True,True,1.0,3
2767,2,1.3793424648433662e-05,0.23922999131798608,6.340273203115682e-05,1.5322807414220205,1.0000009934092313,1.1448298322254353,5.960434663276892e-06,0.9999227080345208,,0.09999999999999998,0.09999999999999998,5.715002420491817e-07,8.315279273684044e-07,2.430025222168533e-05,0.050000000000000044,0.050000000000000044,"{'I': 1, 'W': 0, 'R': 1, 'C': 'free'}",False,True,True,1.0,3
2767,3,0.07922734455567702,0.2886050582638365,0.47514035235871643,1.4129751168179225,1.0341429684471362,1.1973853233547103,0.18244590186466902,0.9999882168237737,,0.050000000000000044,0.09999999999999998,2.9023119183693127e-06,8.939699268260172e-06,4.006369096619891e-05,0.050000000000000044,0.050000000000000044,"{'I': 1, 'W': 0, 'R': 1, 'C': 'free'}",True,False,True,0.0,3
2767,4,9.643030340412966e-06,0.3121621630372561,5.030963183088591e-05,2.383038058668972,1.0000006953866167,1.1987423379921787,4.172309544969721e-06,0.9999532180238482,0.0,0.050000000000000044,0.050000000000000044,1.0129987350279902e-05,2.3823696675331571e-07,4.785094469866548e-06,0.050000000000000044,0.050000000000000044,"{'I': 0, 'W': 1, 'R': 0, 'C': 'costly'}",False,True,True,1.0,3
280,1,0.0037871741337502703,0.2553168145969726,0.017563791038466642,1.501747339003806,1.000514790298017,1.1426997638900596,0.0030831842289407163,0.9995012669439236,0.0,0.050000000000000044,0.09999999999999998,6.475945634354635e-07,8.315279259150138e-07,5.82912721457365e-05,0.050000000000000044,0.050000000000000044,"{'I': 1, 'W': 0, 'R': 1, 'C': 'free'}",False,True,True,1.0,3
280,2,0.034792323119608344,0.18916768217534252,0.15935470756907863,1.5682549215153643,1.0078067611058374,1.1096981621880122,0.04558689400995497,0.9939051709685,0.0,0.09999999999999998,0.09999999999999998,1.2098659626643013e-06,1.994729946180903e-06,8.481103955259091e-05,0.050000000000000044,0.050000000000000044,"{'I': 1, 'W': 0, 'R': 1, 'C': 'free'}",True,False,True,0.0,3
280,3,0.011358015024373226,0.5342023797059696,0.052067431268942074,1.7420166090506297,1.0018927461209335,1.4458982537559153,0.009410229717049856,0.9999996069111987,,0.15000000000000002,0.15000000000000002,6.9622578178443716e-06,6.144279965957922e-06,9.610239171047074e-05,0.050000000000000044,0.15000000000000002,"{'I': 1, 'W': 0, 'R': 1, 'C': 'free'}",True,False,True,0.0,3
280,4,0.0002831713062881138,0.4301611056030301,0.0009074526553340313,1.7739076511777385,1.0000259870517956,1.3175743841005616,0.0001299251296895676,0.9998884626589567,,0.09999999999999998,0.25,8.481144486458827e-05,0.003172685006964793,0.9933071406218589,0.050000000000000044,0.5,"{'I': 1, 'W': 0, 'R': 1, 'C': 'free'}",True,False,True,0.0,3
280,5,0.006045742342257934,0.4520827031584421,0.02967976616502069,1.5833925775564877,1.0008872914110092,1.2237166629766258,0.004424672170331823,0.9999662498708052,,0.4,0.4,4.006369177923876e-05,0.00033535061924351556,0.14804719749191306,0.25,0.75,"{'I': 1, 'W': 0, 'R': 1, 'C': 'free'}",True,False,True,0.0,3
280,6,0.034996949848782856,0.47895226251261014,0.2272061635834022,1.5518617907021022,1.0092183512842812,1.26557817204853,0.06221339070401899,0.9999684292378368,0.05,0.25,0.4,1.1478768073161006e-05,1.0129987238238978e-05,0.0007096706291409799,0.050000000000000044,0.75,"{'I': 1, 'W': 0, 'R': 1, 'C': 'free'}",False,True,True,1.0,3
280,7,4.3679360315867454e-05,0.5040375552247005,0.00017446540341432026,1.8513371594324048,1.000003337847327,1.372748402335142,2.002684999879989e-05,0.9999999856346562,,0.15000000000000002,0.15000000000000002,4.2228348809846325e-06,2.9023119338320694e-06,9.610239158386624e-05,0.15000000000000002,0.15000000000000002,"{'I': 1, 'W': 0, 'R': 1, 'C': 'free'}",False,True,True,0.0,3
2811,1,0.01368091247521386,0.27578516436627915,0.10941061309896355,1.1440110543403894,1.002910160437029,1.136919458722489,0.02297933232536209,0.9954359266485019,,0.09999999999999998,0.91,2.6995784119615003e-07,6.475945659641338e-07,3.120190372067332e-05,0.050000000000000044,0.050000000000000044,"{'I': 1, 'W': 0, 'R': 1, 'C': 'free'}",False,True,True,1.0,3
2811,2,0.012838449304093743,0.2808300372524396,0.05496760753643542,1.9717526864418093,1.0019959674201362,1.2540641628688414,0.01974229856507126,0.9999975124384524,0.05,0.19999999999999996,0.9299999999999999,2.2603250934092165e-06,1.0677087782883235e-06,0.00020342714738749777,0.050000000000000044,0.4,"{'I': 1, 'W': 0, 'R': 1, 'C': 'free'}",False,True,True,1.0,3
2811,3,0.010955606374102308,0.3670226829913638,0.10941103226803502,1.7235214657781643,1.0023282402249076,1.2746180628047867,0.022987019289203436,0.9999999998757565,0.05,0.19999999999999996,0.19999999999999996,1.760342994521717e-06,1.0677029911402709e-06,1.3007123754255361e-05,0.050000000000000044,0.15000000000000002,"{'I': 1, 'W': 0, 'R': 1, 'C': 'free'}",True,False,True,0.0,3
2811,4,0.06281647064353177,0.4996153465589283,0.627487002874929,1.7991528084494972,1.0394510275196727,1.3211816321395096,0.3208594357837262,0.9999999862774214,0.05,0.30000000000000004,0.30000000000000004,3.7266388164547112e-06,4.7851428921012885e-06,0.006692852320009906,0.15000000000000002,0.5,"{'I': 1, 'W': 0, 'R': 1, 'C': 'free'}",False,True,True,1.0,3
2811,5,0.03138382020161571,0.4882243034976005,0.24924368923013857,2.0036496420242287,1.0068287453077887,1.4429359556645445,0.07212744197858934,0.9999999999999999,0.15,0.94,0.94,1.0129987345280432e-05,8.315295860241753e-07,9.610239077077674e-05,0.7,0.65,"{'I': 1, 'W': 0, 'R': 1, 'C': 'free'}",False,True,True,1.0,3
2811,6,0.09848505374355855,0.41405344696839247,0.6658714968347078,2.3427722971376905,1.0578076153003415,1.3381997346689378,0.42992354074837047,0.9999999999999999,0.15,0.4,0.4,3.7266388388995546e-06,8.315284032728383e-07,0.0024726230061193188,0.65,0.65,"{'I': 1, 'W': 0, 'R': 1, 'C': 'free'}",False,True,True,1.0,3
2811,7,0.02282758756016491,0.42467506066551736,0.27129729315338125,1.607145886446828,1.0066394270049754,1.2958017625751133,0.07633866679508872,0.9999999999736139,0.25,0.5,0.7,2.144495863616937e-05,3.927864608072281e-07,0.010986941780259973,0.65,0.65,"{'I': 1, 'W': 0, 'R': 1, 'C': 'free'}",False,True,True,1.0,3
2812,1,0.0005351439902716743,0.20692451214958033,0.0030182082935362345,1.0633251644704604,1.000058444604952,1.104757488664892,0.00035059590968178345,0.9931348142362213,,0.09999999999999998,0.09999999999999998,3.059023347892432e-07,7.338208026011942e-07,1.1478768060971066e-05,0.050000000000000044,0.050000000000000044,"{'I': 1, 'W': 0, 'R': 1, 'C': 'free'}",False,True,True,1.0,3
2812,2,0.007085850100585015,0.4012083592224306,0.04935755985230007,1.6536146663382054,1.0012341486574245,1.3796409727272367,0.00859655057451858,0.9999999999135347,0.05,0.30000000000000004,0.19999999999999996,4.22283491614615e-06,1.300712362984363e-05,5.829127232767806e-05,0.050000000000000044,0.25,"{'I': 1, 'W': 0, 'R': 1, 'C': 'free'}",False,True,True,0.3333333333333333,3
2812,3,0.0002197995329155764,0.41352206411274184,0.0012339803561085606,2.2490577213193736,1.000021615579675,1.2380110512341316,0.00012968366671695097,0.9999813340798042,,0.30000000000000004,0.30000000000000004,5.14422127424424e-05,2.7536045423561754e-05,0.0005527785470762467,0.15000000000000002,0.25,"{'I': 1, 'W': 0, 'R': 1, 'C': 'free'}",True,True,True,0.0,3
2812,4,0.13993273749389745,0.5724442483499355,0.4760908850896507,2.055650740487129,1.044615790576573,1.400756816524069,0.3248648457432861,0.999999999888485,0.15,0.19999999999999996,0.30000000000000004,3.726638829342379e-06,4.785094479276867e-06,3.535625480343084e-05,0.15000000000000002,0.4,"{'I': 1, 'W': 0, 'R': 1, 'C': 'free'}",False,True,True,0.3333333333333333,3
2812,5,0.00012521436070422401,0.42091070500159433,0.0009855254052955988,1.7604960458578927,1.00001212904212,1.2762872119422881,9.702704108194293e-05,0.9999999886794202,,0.19999999999999996,0.19999999999999996,2.5612812708976186e-06,6.144184931557351e-06,4.006369198701604e-05,0.15000000000000002,0.25,"{'I': 1, 'W': 0, 'R': 1, 'C': 'free'}",True,False,True,0.0,3
2812,6,0.009831840917262009,0.38011375343966347,0.060617410930018406,1.5823272401075454,1.0017105417383374,1.3423700022091913,0.011892284109213946,0.9999999999561117,0.15,0.30000000000000004,0.30000000000000004,0.9997388079919565,0.9994472209031351,4.539785217118121e-05,0.75,0.25,"{'I': 1, 'W': 0, 'R': 1, 'C': 'free'}",False,True,True,1.0,3
2812,7,0.0752127446105857,0.34570531136747157,0.36784798765747584,1.7707193791620914,1.022036339199749,1.1914573208007928,0.14150921854880194,0.9999613234636312,0.05,0.19999999999999996,0.19999999999999996,0.14804719648531336,0.00043055730796681034,0.0007096708372002702,0.25,0.25,"{'I': 1, 'W': 0, 'R': 1, 'C': 'free'}",False,False,True,0.3333333333333333,3
2817,1,0.08228721682270983,0.28742022896899,0.4753398512742908,1.4704906597712926,1.0345870877301633,1.2438060533132016,0.18454936190916083,0.999749158904681,,0.09999999999999998,0.09999999999999998,5.043476473938184e-07,5.715002411233175e-07,2.144495848254766e-05,0.050000000000000044,0.050000000000000044,"{'I': 1, 'W': 0, 'R': 1, 'C': 'free'}",False,True,True,1.0,3
2817,2,0.10247500042062063,0.31426683532308086,0.26853565030244364,2.0802518980427283,1.0233351740804884,1.337082569814559,0.16851047125606788,0.999999979846609,0.05,0.25,0.15000000000000002,5.422217009707215e-06,2.5613017768834935e-06,1.0129987302848586e-05,0.15000000000000002,0.25,"{'I': 1, 'W': 0, 'R': 1, 'C': 'free'}",False,True,True,0.6666666666666666,3
2817,3,0.058815299637216156,0.48404738187272234,0.2301426547279588,2.1586437010701074,1.0129528093073659,1.2681867729557412,0.08614875614214501,0.9999995994650595,,0.25,0.15000000000000002,1.067702996926297e-06,1.3709578568090483e-06,6.60521600006869e-05,0.15000000000000002,0.35,"{'I': 1, 'W': 0, 'R': 1, 'C': 'free'}",False,True,True,1.0,3
2817,4,0.002191155180475279,0.4377368860330039,0.012954580205929581,1.9754308283184034,1.0002923700849837,1.2956127785500895,0.0017524268229284212,0.9999998622754347,,0.15000000000000002,0.15000000000000002,8.315279282867637e-07,3.0590233622087724e-07,0.00015843623557597566,0.15000000000000002,0.25,"{'I': 1, 'W': 0, 'R': 1, 'C': 'free'}",False,True,True,1.0,3
2817,5,3.8283831571665056e-05,0.26239053073249313,0.00014233634420270766,1.7300218944543397,1.0000028269545287,1.1496246893820696,1.9788457936598114e-05,0.9999123519020505,0.0,0.050000000000000044,0.050000000000000044,0.00026119030978804224,3.059023362416629e-07,4.006369206065714e-05,0.050000000000000044,0.050000000000000044,"{'I': 0, 'W': 1, 'R': 0, 'C': 'costly'}",False,True,True,1.0,3
2823,1,0.006810738353666062,0.24955078722890067,0.04017961035811585,0.9323050679352278,1.0011302538662292,1.1894982843064494,0.006754776899074111,0.9953897807351474,,0.09999999999999998,0.09999999999999998,0.00020342705859307218,2.2603250990712375e-06,2.144495840317262e-05,0.050000000000000044,0.050000000000000044,"{'I': 1, 'W': 0, 'R': 1, 'C': 'free'}",False,True,True,1.0,3
2823,2,5.395885378562921e-05,0.26039682259269603,0.00019140401776232397,1.0548942262558196,1.0000042319117424,1.227643422952411,2.5391094368165668e-05,0.9999568023452827,,0.050000000000000044,0.09999999999999998,1.3709578450950963e-06,3.288750589549096e-06,2.144495828868756e-05,0.0,0.050000000000000044,"{'I': 1, 'W': 0, 'R': 1, 'C': 'free'}",True,False,True,0.0,3
2823,3,0.016029544844441836,0.1553708626208137,0.19086637249605792,0.6441970621524744,1.0040692798673212,1.090975906761813,0.04756391147083183,0.9199501782593896,,0.09999999999999998,0.09999999999999998,6.9622577659285084e-06,0.0005527808661960688,0.0005527787180544039,0.050000000000000044,0.050000000000000044,"{'I': 1, 'W': 0, 'R': 1, 'C': 'free'}",False,True,True,1.0,3
2823,4,0.05778437997053162,0.237259842009792,0.6931471978705916,1.1872700635000677,1.0594649889834207,1.1528128838510048,0.5000107295975453,0.9998029979664473,,0.050000000000000044,0.050000000000000044,9.422445919350233e-07,1.067702995015645e-06,1.4738988909368764e-05,0.0,0.050000000000000044,"{'I': 1, 'W': 0, 'R': 1, 'C': 'free'}",False,False,True,0.0,3
2823,5,3.397100874096814e-05,0.08043450309200184,0.00015997679395866033,0.7337827426284883,1.0000025987505754,1.0387913591199032,1.2993651574699783e-05,0.9276322052063963,,0.0,0.050000000000000044,7.484626298456046e-05,1.855391460462528e-07,8.315279282947148e-07,0.0,0.0,"{'I': 0, 'W': 1, 'R': 0, 'C': 'costly'}",False,True,True,1.0,3
2825,1,0.0730725614631704,0.13475295487000674,0.3653338460140367,0.7621004577331916,1.025710934600281,1.047382862422342,0.11920452810170867,0.6856862278913531,,0.050000000000000044,0.09999999999999998,2.699578408133679e-07,3.059023358803424e-07,1.0129987248629407e-05,0.050000000000000044,0.050000000000000044,"{'I': 1, 'W': 0, 'R': 1, 'C': 'free'}",False,True,True,1.0,3
2825,2,0.00010566682677692371,0.3285558965744154,0.0002519795408996689,1.3890308503444229,1.0000088214485736,1.1719224820533416,4.410607562321811e-05,0.9999667667799818,,0.09999999999999998,0.09999999999999998,1.5534971835984462e-06,2.260325093326926e-06,4.0063691333989905e-05,0.050000000000000044,0.050000000000000044,"{'I': 1, 'W': 0, 'R': 1, 'C': 'free'}",True,False,True,0.0,3
2825,3,0.0001270255357612065,0.3095763291945253,0.0004376473830132574,1.1117673734766913,1.0000107287305395,1.2254585954375337,5.364192615631147e-05,0.9999972635625012,,0.19999999999999996,0.15000000000000002,2.1444957431330533e-05,2.1445417459604573e-05,0.00029595723190019605,0.050000000000000044,0.15000000000000002,"{'I': 1, 'W': 0, 'R': 1, 'C': 'free'}",True,False,True,0.0,3
2825,4,8.860974744186382e-05,0.4276673207150407,0.00045291982809513536,1.831419221639943,1.000007237623885,1.3095778635115023,5.066190049873853e-05,0.9999999951730155,,0.30000000000000004,0.25,1.012998729469265e-05,4.785132187367817e-06,0.03732688974220523,0.4,0.25,"{'I': 1, 'W': 0, 'R': 1, 'C': 'free'}",False,True,True,0.3333333333333333,3
2825,5,0.0003053768166559686,0.4517933494761885,0.0016276453120982121,1.5162093038999147,1.0000296644815692,1.2934420672172353,0.00020762673369500995,0.9999906376294071,,0.25,0.25,8.93969935594169e-06,3.288750599119536e-06,0.00043055712150029315,0.4,0.4,"{'I': 1, 'W': 0, 'R': 1, 'C': 'free'}",True,False,True,0.0,3
2825,6,9.506041849831543e-05,0.4240499701051367,0.0004487114925944215,1.6616975987475808,1.0000076292908935,1.4169015840450432,3.81455813912579e-05,0.9999999976360521,,0.4,0.4,2.753568739725056e-05,4.222834908085206e-06,0.0005527785640993396,0.55,0.35,"{'I': 1, 'W': 0, 'R': 1, 'C': 'free'}",True,True,True,0.0,3
2825,7,0.0014156037505473685,0.4032071084276285,0.0112600100739182,1.7072539854957562,1.0001883315781737,1.2958411885406724,0.0015053765503616479,0.9999981808889067,0.05,0.4,0.25,2.430025193007851e-05,2.9023119702033275e-06,0.0001233946189446261,0.15000000000000002,0.4,"{'I': 1, 'W': 0, 'R': 1, 'C': 'free'}",False,True,True,0.0,3
2826,1,0.0019005818253762224,0.15130271415486135,0.009064392659013367,0.9575319733080978,1.0002410761726443,1.1105714356932719,0.0012045095875480305,0.971723931065892,,0.050000000000000044,0.09999999999999998,1.0677029934728476e-06,3.4663274465364344e-07,7.889264451047715e-06,0.0,0.050000000000000044,"{'I': 1, 'W': 0, 'R': 1, 'C': 'free'}",False,True,True,1.0,3
2826,2,6.342719790968869e-05,0.23793842720642813,0.0003166639899859663,1.486823354415946,1.0000055074086731,1.157691475054366,2.753658839760309e-05,0.9988122375874801,,0.09999999999999998,0.09999999999999998,1.7603429865268005e-06,2.561281264853946e-06,5.14422123828274e-05,0.050000000000000044,0.050000000000000044,"{'I': 1, 'W': 0, 'R': 1, 'C': 'free'}",False,True,True,1.0,3
2826,3,5.561269002975505e-06,0.2590537054812196,2.50892906585072e-05,2.0593364243633157,1.0000003814694796,1.1360243379900212,1.907345215101941e-06,0.9996759746791508,,0.09999999999999998,0.15000000000000002,2.2603250765179544e-06,4.7850942925457935e-06,9.610238895599584e-05,0.050000000000000044,0.15000000000000002,"{'I': 1, 'W': 0, 'R': 1, 'C': 'free'}",True,False,True,0.0,3
2826,4,6.352650476732158e-05,0.4936382415995066,0.0003167094796223027,1.620295138185136,1.0000055074086731,1.3241625006812705,2.753658839760309e-05,0.9999899906166518,,0.30000000000000004,0.30000000000000004,0.00010889693931416812,0.02297739421864658,0.014063625703692809,0.5,0.5,"{'I': 1, 'W': 0, 'R': 1, 'C': 'free'}",True,False,True,0.0,3
2826,5,0.00012541393715218778,0.395304503787303,0.0006266588649188654,1.4716486104356892,1.0000116583966894,1.3271007758271245,5.828994472933946e-05,0.9999931129050366,,0.8,0.7,5.1442212036983254e-05,1.3007146502042474e-05,0.268941420879346,0.65,0.65,"{'I': 1, 'W': 0, 'R': 1, 'C': 'free'}",True,False,True,0.0,3
2826,6,1.698122957660239e-05,0.361147378314422,7.987807451953385e-05,1.39533415173794,1.0000012874573303,1.2715729428288085,6.437261788727611e-06,0.9999994510619847,,0.09999999999999998,0.19999999999999996,2.4300251424298683e-05,2.144514966608369e-05,0.0004305571389067077,0.050000000000000044,0.15000000000000002,"{'I': 1, 'W': 0, 'R': 1, 'C': 'free'}",True,True,True,0.0,3
2826,7,0.00013673949756481675,0.4054300260755451,0.00048284739320234905,1.5868014126991232,1.0000116108532102,1.3047662644501214,5.805224392729791e-05,0.9999998830401381,,0.5,0.4,0.00020342703999241173,0.0009110518742412422,0.9947798736216162,0.65,0.75,"{'I': 1, 'W': 0, 'R': 1, 'C': 'free'}",True,True,True,0.0,3
2835,1,0.008662113990446316,0.19533302217286552,0.04017960950498102,1.2426983208851796,1.0013943275063446,1.1843369913759503,0.012461906257945632,0.99941509267999,0.0,0.09999999999999998,0.09999999999999998,6.825603720546124e-08,6.475945653291711e-07,8.939699456818058e-06,0.050000000000000044,0.050000000000000044,"{'I': 1, 'W': 0, 'R': 1, 'C': 'free'}",False,True,True,1.0,3
2835,2,0.0002532630031366224,0.4393364708979664,0.0019325859516813953,2.1578535497728306,1.0000263281075552,1.2978050241246821,0.0002105999085385557,0.9999997284487309,0.05,0.15000000000000002,0.15000000000000002,1.760343001139612e-06,8.315279263049338e-07,1.3007123785701852e-05,0.050000000000000044,0.15000000000000002,"{'I': 1, 'W': 0, 'R': 1, 'C': 'free'}",False,True,True,1.0,3
2835,3,7.86881045176556e-06,0.31052219508422935,3.164915833424182e-05,1.6039371881531768,1.0000005279264896,1.1840181852535092,3.6954776234665587e-06,0.9999998217499304,,0.15000000000000002,0.25,3.7266388351081297e-06,7.889354975047214e-06,0.0005527785657647875,0.050000000000000044,0.35,"{'I': 1, 'W': 0, 'R': 1, 'C': 'free'}",False,True,True,1.0,3
2835,4,0.1188158203414241,0.3165313491075386,0.3653379601302741,2.092391134012755,1.038532332486117,1.151577335313271,0.17224866389433946,0.9999555174906785,0.05,0.15000000000000002,0.15000000000000002,0.8807970824603594,2.9023204014979503e-06,4.5397852053056846e-05,0.050000000000000044,0.050000000000000044,"{'I': 1, 'W': 0, 'R': 1, 'C': 'free'}",False,True,True,1.0,3
2835,5,0.0005807252876008837,0.3022257993935758,0.001396362536686526,2.0345717346051093,1.0000544771748292,1.2000416383295693,0.00021787902492376165,0.9999971407117736,,0.15000000000000002,0.15000000000000002,2.144495861553336e-05,1.01300494531366e-05,5.829127225185129e-05,0.050000000000000044,0.050000000000000044,"{'I': 1, 'W': 0, 'R': 1, 'C': 'free'}",True,False,True,0.0,3
2835,6,0.0019130817035953665,0.38100324450321377,0.009120473659800208,1.4872701707805815,1.0002243132940996,1.3069683714243745,0.002016557267514485,0.9999999722814861,0.05,0.15000000000000002,0.09999999999999998,0.9525741249945996,9.610270751515105e-05,0.00023050665560470242,0.15000000000000002,0.050000000000000044,"{'I': 1, 'W': 0, 'R': 1, 'C': 'free'}",False,True,True,1.0,3
2835,7,0.070404195829369,0.3198701019769906,0.5841298409940185,1.505792524507705,1.0264807975087482,1.243829173917909,0.20960800063325513,0.9999999970383516,0.05,0.15000000000000002,0.09999999999999998,4.785094488753395e-06,8.939699380152347e-06,3.5356254812147604e-05,0.15000000000000002,0.15000000000000002,"{'I': 1, 'W': 0, 'R': 1, 'C': 'free'}",False,True,True,1.0,3
2836,1,0.0084863603500516,0.2746660210112113,0.1094106580533994,1.426208050808887,1.001796159510372,1.233493371462257,0.02305910822027557,0.9999994852937778,0.0,0.09999999999999998,0.09999999999999998,3.9278633960798714e-07,2.3823696664302943e-07,4.539785209155874e-05,0.050000000000000044,0.050000000000000044,"{'I': 1, 'W': 0, 'R': 1, 'C': 'free'}",False,True,True,1.0,3
2836,2,0.07195905354461278,0.4189174881358315,0.7154471731679234,1.9273970355680976,1.0246847949180116,1.3156700073378376,0.2163952110370143,0.9999999954321505,,0.15000000000000002,0.15000000000000002,1.9947299569285107e-06,1.4738988271965023e-05,0.0005527787158053405,0.15000000000000002,0.4,"{'I': 1, 'W': 0, 'R': 1, 'C': 'free'}",False,True,True,0.0,3
2836,3,0.03838252927142429,0.1647421023726544,0.2685351703957935,0.8886081846764681,1.011335311293681,1.100954637543582,0.07586843984629199,0.9891147848665401,0.0,0.15000000000000002,0.19999999999999996,6.605215937459688e-05,0.999796571067207,0.9998911023534072,0.050000000000000044,0.75,"{'I': 1, 'W': 0, 'R': 1, 'C': 'free'}",False,True,True,1.0,3
2836,4,0.01890718107026284,0.27726290978916257,0.1323432499844324,1.478507010046666,1.0042591721572118,1.170655004689726,0.029312691458884266,0.9999330369068608,0.0,0.09999999999999998,0.09999999999999998,3.726638733896937e-06,5.4222176087736366e-06,4.006369195735969e-05,0.050000000000000044,0.050000000000000044,"{'I': 1, 'W': 0, 'R': 1, 'C': 'free'}",True,False,True,0.0,3
2836,5,0.03148435153978405,0.2607657397682388,0.19125869304262294,1.2449174764077175,1.0074876854026866,1.2348870204519689,0.05793248472628654,0.9999999287021589,0.0,0.09999999999999998,0.09999999999999998,1.3709578600992256e-06,2.5612812857174417e-06,4.539785240029044e-05,0.050000000000000044,0.050000000000000044,"{'I': 1, 'W': 0, 'R': 1, 'C': 'free'}",False,True,True,1.0,3
2836,6,2.512915116502541e-06,0.28401087775997536,7.158493571809042e-06,1.5389315333002682,1.0000001589456942,1.228586159820382,9.536736342852237e-07,0.9999999940477237,,0.19999999999999996,0.15000000000000002,2.430025211338708e-05,1.473913809675632e-05,0.000430557104236426,0.050000000000000044,0.15000000000000002,"{'I': 1, 'W': 0, 'R': 1, 'C': 'free'}",True,True,True,0.0,3
2836,7,4.115445706720244e-06,0.3380553483971249,1.966955089263867e-05,1.8981015448348195,1.0000002384184892,1.2732950892029335,1.4305097408850997e-06,0.9999999996399322,,0.19999999999999996,0.15000000000000002,6.96225787492902e-06,6.962257858259723e-06,7.484626283401152e-05,0.15000000000000002,0.050000000000000044,"{'I': 1, 'W': 0, 'R': 1, 'C': 'free'}",True,False,True,0.0,3
2854,1,0.0015417664640809071,0.18784250167936736,0.003767516299339864,1.278482791403339,1.000170330311581,1.1390738514554344,0.0011915002483718906,0.9919168552873479,0.0,0.09999999999999998,0.09999999999999998,2.1024339073482752e-07,6.475945658213586e-07,1.670142973878491e-05,0.050000000000000044,0.050000000000000044,"{'I': 1, 'W': 0, 'R': 1, 'C': 'free'}",False,True,True,1.0,3
2854,2,0.04149692723570366,0.3622908705081127,0.268535173332513,1.477851676466559,1.0117990520350306,1.215494276218311,0.07882928515050336,0.9999962345815818,0.05,0.15000000000000002,0.15000000000000002,1.5534971925253036e-06,4.785094449955042e-06,1.892514578432905e-05,0.050000000000000044,0.15000000000000002,"{'I': 1, 'W': 0, 'R': 1, 'C': 'free'}",False,True,True,0.0,3
2854,3,0.008037841301865706,0.24409714988224185,0.060488982417146994,1.5329917820257237,1.001433915200541,1.1456123474998177,0.011397653948089448,0.9996713175353469,0.0,0.09999999999999998,0.09999999999999998,8.48110395039041e-05,0.9997388073189123,0.00033535002961878387,0.050000000000000044,0.050000000000000044,"{'I': 1, 'W': 0, 'R': 1, 'C': 'free'}",False,True,True,0.3333333333333333,3
2854,4,0.05072233196533703,0.25917547545430764,0.22720589894705745,1.975085855692557,1.0117284438137901,1.1696393273455297,0.11006066993253971,0.9999827669306629,0.0,0.09999999999999998,0.09999999999999998,2.753568779601649e-05,4.785096622209894e-06,1.0129987335095813e-05,0.050000000000000044,0.050000000000000044,"{'I': 1, 'W': 0, 'R': 1, 'C': 'free'}",False,True,True,0.0,3
2854,5,3.6088118681265463e-07,0.3068889250927756,1.5352991462623672e-06,1.6934279594707387,1.0000000132454758,1.2367427999760146,1.1920927533992653e-07,0.9999991879921741,,0.09999999999999998,0.09999999999999998,2.9023119642382606e-06,1.3709578581910134e-06,2.1444958491777016e-05,0.050000000000000044,0.050000000000000044,"{'I': 1, 'W': 0, 'R': 1, 'C': 'free'}",True,False,True,0.0,3
2854,6,0.058223297570896046,0.339520721837044,0.5822040621827689,1.5173241256444348,1.0318221754781047,1.3310016515666865,0.26894268520208564,0.9999999887132226,0.0,0.050000000000000044,0.09999999999999998,1.209865969678708e-06,8.315279273298311e-07,2.9023119840161034e-06,0.050000000000000044,0.050000000000000044,"{'I': 1, 'W': 0, 'R': 1, 'C': 'free'}",True,False,True,0.0,3
2854,7,0.0007333954879831558,0.1334887711807194,0.007289080898589891,1.1304733724378992,1.0000914438405615,1.070943469859334,0.0009139786651087833,0.9675157646910131,0.0,0.050000000000000044,0.050000000000000044,4.7850944940957984e-06,6.475945664957202e-07,6.144177524915913e-06,0.050000000000000044,0.050000000000000044,"{'I': 0, 'W': 1, 'R': 0, 'C': 'costly'}",False,True,True,0.0,3
2864,1,0.023569190690386495,0.25683914567980604,0.13234330211649603,1.3153094865085668,1.0050102651453807,1.1553388878819921,0.0343794127427719,0.9944733507698871,0.0,0.050000000000000044,0.09999999999999998,3.0590233522390517e-07,1.0677029936946997e-06,1.1478768043517673e-05,0.050000000000000044,0.050000000000000044,"{'I': 1, 'W': 0, 'R': 1, 'C': 'free'}",False,True,True,1.0,3
2864,2,0.000424532285499887,0.30573056185924247,0.0018068833462239779,1.2676804924422638,1.000039674780517,1.1715203907396974,0.00023801563074665744,0.999055924972983,0.0,0.09999999999999998,0.09999999999999998,6.962257882874276e-06,2.1444958304734906e-05,0.7772998298411758,0.050000000000000044,0.050000000000000044,"{'I': 1, 'W': 0, 'R': 1, 'C': 'free'}",False,True,True,1.0,3
2864,3,0.0008884622176523735,0.3764493865476516,0.002568322304390984,1.651658153077204,1.0000860645701717,1.2508904846767992,0.0004302117665130334,0.9996043375028291,,0.050000000000000044,0.09999999999999998,0.9993736651722194,1.670143375699612e-05,1.6701429393751433e-05,0.0,0.050000000000000044,"{'I': 0, 'W': 1, 'R': 0, 'C': 'costly'}",False,True,True,1.0,3
2866,1,0.13038821632880898,0.28711753236437654,0.6274893932728027,1.7925864931493847,1.2561103565906626,1.1437877490213144,0.6802128429059142,0.9896186216063658,,0.15000000000000002,0.15000000000000002,7.338208046195124e-07,2.5612812878380132e-06,5.1442213335675887e-05,0.050000000000000044,0.15000000000000002,"{'I': 1, 'W': 0, 'R': 1, 'C': 'free'}",False,True,True,0.6666666666666666,3
2866,2,0.000950714350355625,0.4565628103440653,0.00469877461867098,1.5556683198817443,1.000111340933253,1.322528662722691,0.0005565187625116153,0.9999991493608957,,0.050000000000000044,0.09999999999999998,1.553497187135037e-06,2.902311957533984e-06,1.012998704183447e-05,0.050000000000000044,0.050000000000000044,"{'I': 1, 'W': 0, 'R': 1, 'C': 'free'}",True,False,True,0.0,3
2866,3,0.092237641423312,0.33891289112680056,0.47993564659301763,1.7784434137410645,1.0325267670462928,1.2784129394106853,0.25029893368624023,0.9999982631693088,,0.15000000000000002,0.15000000000000002,0.9993736656419788,0.9947798742843098,4.539785175174658e-05,0.25,0.25,"{'I': 1, 'W': 0, 'R': 1, 'C': 'free'}",False,True,True,1.0,3
2866,4,0.10633874511707038,0.2592019603241826,0.7725195288374029,1.6084976533296473,1.0855166062050985,1.1205089663457213,0.5221718241427229,0.9996106485399965,,0.8,0.25,0.9988304852147601,0.004070138844254947,0.00026119047555270617,0.55,0.25,"{'I': 1, 'W': 0, 'R': 1, 'C': 'free'}",False,True,True,0.0,3
2866,5,0.21859417383131696,0.2974900210812874,0.8142513963424689,1.8252964835024375,1.0711485850885303,1.214136840311493,0.53048108062161,0.9999987374010947,0.05,0.4,0.7,4.785094493551618e-06,6.475945663789151e-07,0.0007096703834736235,0.4,0.55,"{'I': 1, 'W': 0, 'R': 1, 'C': 'free'}",False,True,True,1.0,3
2866,6,3.8577465968320387e-05,0.34539396790288457,0.0002832662056848257,2.0911706159527723,1.0000030885805977,1.2172196323265154,3.3973756987548676e-05,0.9999998197592126,0.15,0.15000000000000002,0.19999999999999996,1.3709578583952924e-06,8.315279276407265e-07,5.144221307401202e-05,0.15000000000000002,0.25,"{'I': 1, 'W': 0, 'R': 1, 'C': 'free'}",False,True,True,0.0,3
2866,7,4.2462776555294746e-05,0.2782504146394547,0.000398183470475001,1.487064132305147,1.000003608739627,1.228842025060009,3.9695276392026635e-05,0.9999935549129086,0.05,0.19999999999999996,0.19999999999999996,2.2603251004592983e-06,1.7603430004655973e-06,4.5397852331479876e-05,0.25,0.25,"{'I': 1, 'W': 0, 'R': 1, 'C': 'free'}",False,True,True,0.0,3
2889,1,0.0016796540564523003,0.24616755594848239,0.0034303120974689323,1.1462256442464436,1.000165016947173,1.223634913387072,0.0009895300921306527,0.9999876548651082,,0.09999999999999998,0.09999999999999998,1.3709578518446875e-06,9.422445906579236e-07,1.670142975267907e-05,0.050000000000000044,0.050000000000000044,"{'I': 1, 'W': 0, 'R': 1, 'C': 'free'}",False,True,True,1.0,3
2889,2,0.0015180998767958262,0.4179640653715744,0.011259993382001909,1.4987799523629906,1.0001874571657372,1.2218055067397584,0.0020597114533641436,0.9999700847983782,0.05,0.15000000000000002,0.25,5.715002418541554e-07,7.338208045010949e-07,9.610239145128025e-05,0.15000000000000002,0.25,"{'I': 1, 'W': 0, 'R': 1, 'C': 'free'}",False,True,True,1.0,3
2889,3,0.003968918510434437,0.2874690036117003,0.017314144770073456,1.5439341754035818,1.0005290023176074,1.1385173658216121,0.003168145473413597,0.9982647714114912,0.0,0.050000000000000044,0.050000000000000044,0.0009110513565569649,4.785094479675641e-06,8.939699343223944e-06,0.050000000000000044,0.050000000000000044,"{'I': 0, 'W': 1, 'R': 0, 'C': 'costly'}",False,True,True,1.0,3
291,1,0.1341484062807455,0.17622771778458535,0.6854130479838751,1.647517401700328,1.1226001391609601,1.0842503932862124,0.6035401007770456,0.99591503827053,,0.09999999999999998,0.92,6.825603717068246e-08,1.0677029965809924e-06,5.1442212746125004e-05,0.050000000000000044,0.050000000000000044,"{'I': 1, 'W': 0, 'R': 1, 'C': 'free'}",False,True,True,1.0,3
291,2,0.00017929942501245996,0.36174387022541454,0.001561636850360151,1.7568249974789294,1.0000181450520569,1.1734622416695073,0.00016329065356723849,0.9940160471574155,,0.15000000000000002,0.15000000000000002,1.2098659677998208e-06,7.889334802235562e-06,4.539785159497185e-05,0.050000000000000044,0.15000000000000002,"{'I': 1, 'W': 0, 'R': 1, 'C': 'free'}",False,True,True,1.0,3
291,3,0.012315375311496913,0.36350969123730476,0.10941061352818005,1.4194157150444482,1.002601396858741,1.2109403688139122,0.023110926976036672,0.999996046144722,0.05,0.9299999999999999,0.94,7.88926442365242e-06,2.7536093252376092e-05,0.32082128960313533,0.25,0.4,"{'I': 1, 'W': 0, 'R': 1, 'C': 'free'}",True,True,True,0.0,3
291,4,0.0003931015360187041,0.48708218047458257,0.0019478988774623643,1.7946362080495957,1.0000382938375718,1.5536524409906174,0.0003062979162653523,0.9999996881337617,,0.30000000000000004,0.94,6.962257861443224e-06,1.6701646907932592e-05,0.0003353500266799339,0.15000000000000002,0.4,"{'I': 1, 'W': 0, 'R': 1, 'C': 'free'}",True,False,True,0.0,3
291,5,7.616931554787821e-05,0.40754914045770024,0.0004993806143777553,1.7025474078089649,1.0000066309071294,1.2580599265298484,5.304567418817907e-05,0.9999917731755497,,0.9299999999999999,0.4,3.2887506250330878e-06,1.0130118796953624e-05,0.0002611903787543692,0.4,0.4,"{'I': 1, 'W': 0, 'R': 1, 'C': 'free'}",False,True,True,0.0,3
291,6,3.820232995168279e-06,0.5061770519308182,2.750548917381483e-05,1.780931347496989,1.0000002503393404,1.454808639357796,2.5033899575532814e-06,0.9999999999738411,,0.19999999999999996,0.9299999999999999,1.1478768028553513e-05,4.785110219140501e-06,0.006692851994337499,0.15000000000000002,0.25,"{'I': 1, 'W': 0, 'R': 1, 'C': 'free'}",False,True,True,1.0,3
291,7,0.019495472995531126,0.15071059258656225,0.2592199270566523,1.2740523459727902,1.0040000060102068,1.090442281977596,0.05812283296504883,0.9996528212234763,0.0,0.09999999999999998,0.91,6.144177523467131e-06,6.144177513901437e-06,4.539785213439354e-05,0.050000000000000044,0.050000000000000044,"{'I': 1, 'W': 0, 'R': 1, 'C': 'free'}",False,True,True,1.0,3
2921,1,0.0539927359543107,0.28812751018237287,0.26853517073847116,1.8513979892213683,1.0146977240909205,1.238698277246042,0.09709263399324075,0.9999470841892005,0.0,0.050000000000000044,0.09999999999999998,3.9278633853770103e-07,1.067702994053429e-06,1.4738988853253059e-05,0.050000000000000044,0.050000000000000044,"{'I': 1, 'W': 0, 'R': 1, 'C': 'free'}",False,True,True,1.0,3
2921,2,0.057218890966127776,0.19376626464165694,0.2272070905006123,1.0934139087207073,1.014630622947187,1.1995122699775944,0.09667456365257643,0.9999781866178593,0.0,0.050000000000000044,0.050000000000000044,2.1444958632573764e-05,2.2603255244347134e-06,7.889264439246168e-06,0.050000000000000044,0.050000000000000044,"{'I': 0, 'W': 1, 'R': 0, 'C': 'costly'}",False,True,True,0.0,3
2925,1,0.0017987174507576452,0.2005658003881293,0.01125999415181468,1.2344302583765798,1.0002326803963968,1.1035877715081381,0.0016272479076673285,0.957324378552571,,0.050000000000000044,0.09999999999999998,6.475945656602919e-07,3.0590233611625353e-07,1.8925145881673104e-05,0.050000000000000044,0.050000000000000044,"{'I': 1, 'W': 0, 'R': 1, 'C': 'free'}",False,True,True,1.0,3
2925,2,0.012357806906843091,0.23785526201978552,0.07393388613451236,1.3008624520500092,1.0023662907625759,1.152919329226417,0.014080896652480024,0.9995398935740407,0.0,0.15000000000000002,0.15000000000000002,1.9947299536670108e-06,4.222834912094264e-06,5.829127217241136e-05,0.050000000000000044,0.15000000000000002,"{'I': 1, 'W': 0, 'R': 1, 'C': 'free'}",False,True,True,1.0,3
2925,3,0.00024123381468188306,0.18179931103177036,0.0011891568659735223,1.199264556291956,1.0000229043854394,1.1337255222642588,0.00016031600998112072,0.9997473745805484,,0.0,0.050000000000000044,0.00026119031017501307,6.475945663033632e-07,5.422217657775174e-06,0.050000000000000044,0.050000000000000044,"{'I': 0, 'W': 1, 'R': 0, 'C': 'costly'}",False,True,True,0.6666666666666666,3
2927,1,0.0011372256479791675,0.30233451818604373,0.005855032387954132,1.2150911662694694,1.000133202632386,1.2387722485795105,0.0007988433248593552,0.999550937109599,0.0,0.050000000000000044,0.09999999999999998,9.422445877283429e-07,6.475945658115244e-07,1.1478768065551077e-05,0.050000000000000044,0.050000000000000044,"{'I': 1, 'W': 0, 'R': 1, 'C': 'free'}",False,True,True,1.0,3
2927,2,0.0012288005439752125,0.28239481698153074,0.009064392842903826,1.083984758675721,1.0001547194263996,1.0992537822440698,0.0012368940838172193,0.9858553757963292,0.05,0.15000000000000002,0.15000000000000002,9.422445903685107e-07,2.561281240903028e-06,4.0063691760688695e-05,0.050000000000000044,0.15000000000000002,"{'I': 1, 'W': 0, 'R': 1, 'C': 'free'}",False,True,True,0.3333333333333333,3
2927,3,0.05940882504136113,0.3301754786248624,0.4175457528506025,1.7142274244917186,1.0157576207164452,1.252019948013926,0.22132080513915087,0.9999998530354423,0.05,0.15000000000000002,0.15000000000000002,6.96225789426469e-06,2.1445048972256228e-05,7.484626243367755e-05,0.050000000000000044,0.050000000000000044,"{'I': 1, 'W': 0, 'R': 1, 'C': 'free'}",False,True,True,0.0,3
2927,4,0.0004201359595701925,0.3070882761513553,0.004698952240257793,1.5218013160814963,1.0000463550097534,1.2095725229285061,0.0006950673595865764,0.999965495422412,,0.09999999999999998,0.09999999999999998,1.6701429547026954e-05,3.120266018539216e-05,0.00017952800574271705,0.050000000000000044,0.15000000000000002,"{'I': 1, 'W': 0, 'R': 1, 'C': 'free'}",True,False,True,0.0,3
2927,5,0.0014525584918403318,0.22570616318813871,0.0165241040616331,1.303066112945005,1.0001884842785538,1.2036359643519676,0.002823005569040915,0.999863153870679,,0.15000000000000002,0.09999999999999998,1.892514564979544e-05,1.892590356814828e-05,0.00015843629740370735,0.25,0.15000000000000002,"{'I': 1, 'W': 0, 'R': 1, 'C': 'free'}",False,True,True,0.0,3
2927,6,0.007603956460179886,0.3396318384496778,0.10941082147661119,2.0035442265857255,1.0015083769884618,1.281201845555875,0.0252976035805611,0.9999999948305038,0.05,0.25,0.15000000000000002,1.3007123795600835e-05,3.7266617234046454e-06,7.484626278981317e-05,0.15000000000000002,0.25,"{'I': 1, 'W': 0, 'R': 1, 'C': 'free'}",False,True,True,0.0,3
2927,7,6.320154914374951e-05,0.21907436881953915,0.0007860602214940519,1.5068876353501928,1.0000056868306277,1.1136350363736893,9.66711728230818e-05,0.9912236685067068,0.0,0.19999999999999996,0.19999999999999996,6.9622578730785075e-06,4.785112288325542e-06,0.006692851299398082,0.15000000000000002,0.25,"{'I': 1, 'W': 0, 'R': 1, 'C': 'free'}",False,True,True,0.0,3
2930,1,0.0061606347098511855,0.3105585395318672,0.025448724588241576,1.3957612632013963,1.0013638958517284,1.21872901226882,0.008144452305342553,0.9999247586099633,,0.09999999999999998,0.09999999999999998,1.9947299443176945e-06,7.338208030152266e-07,2.753568769747493e-05,0.050000000000000044,0.050000000000000044,"{'I': 1, 'W': 0, 'R': 1, 'C': 'free'}",False,True,True,1.0,3
2930,2,0.07378250435299492,0.4373844925658875,0.4305852594420773,2.297814596333198,1.0163850075109804,1.2213596416879755,0.10753283188340079,0.9999958723871185,0.0,0.15000000000000002,0.09999999999999998,0.9999546012211087,0.9999546008585684,2.1444958551889735e-05,0.75,0.050000000000000044,"{'I': 0, 'W': 1, 'R': 0, 'C': 'costly'}",False,True,True,0.0,3
2934,1,0.14562722680751633,0.31693700384422946,0.6828895770290959,1.6789451110711173,1.2596275317082348,1.1413800944195023,0.7496502665812663,0.9970278751117699,,0.050000000000000044,0.09999999999999998,1.275190579189699e-07,3.466327447198272e-07,4.785094480333657e-06,0.050000000000000044,0.050000000000000044,"{'I': 1, 'W': 0, 'R': 1, 'C': 'free'}",False,True,True,1.0,3
2934,2,0.016565987671306376,0.28589094988987906,0.132343249752788,1.43712353928808,1.0037275500386398,1.1950895106346522,0.029326345661121023,0.9999906895268557,0.0,0.15000000000000002,0.15000000000000002,2.902311971646794e-06,8.939699421734107e-06,0.008577485150516784,0.050000000000000044,0.15000000000000002,"{'I': 1, 'W': 0, 'R': 1, 'C': 'free'}",False,True,True,0.0,3
2934,3,0.10410091329633607,0.2554738877194157,0.6943987268938765,1.7017060492532639,1.0822149520142106,1.2015731957520241,0.6125303939758706,0.9999962244150593,0.05,0.15000000000000002,0.15000000000000002,4.2228349469714925e-06,1.30071237482584e-05,2.430025180053613e-05,0.050000000000000044,0.050000000000000044,"{'I': 1, 'W': 0, 'R': 1, 'C': 'free'}",False,True,True,0.0,3
2934,4,0.003964385571055332,0.36925728237509675,0.017726604120203115,1.31814057479426,1.0005553847937516,1.2862020772727412,0.004431994594133126,0.9999999214942318,0.05,0.09999999999999998,0.15000000000000002,1.7603429890275215e-06,2.2603250950675656e-06,3.120190297163762e-05,0.050000000000000044,0.050000000000000044,"{'I': 1, 'W': 0, 'R': 1, 'C': 'free'}",False,True,True,1.0,3
2934,5,0.0026859199643826537,0.2933531214904685,0.02646438150491805,2.1138065015733707,1.000401714846029,1.2013122214621403,0.004408231082750902,0.999986164642581,0.0,0.050000000000000044,0.050000000000000044,6.14417753175112e-06,1.125351754691991e-07,1.0677029967465594e-06,0.050000000000000044,0.050000000000000044,"{'I': 0, 'W': 1, 'R': 0, 'C': 'costly'}",False,True,True,1.0,3
2951,1,0.20075117177064408,0.2541172340613815,0.5771186885126024,1.1174019474529322,1.0573853790373535,1.1084946705395258,0.32334562589496274,0.9440939336362788,,0.09999999999999998,0.09999999999999998,3.7266388388864192e-06,6.144178993355363e-06,2.1444958587362733e-05,0.050000000000000044,0.050000000000000044,"{'I': 1, 'W': 0, 'R': 1, 'C': 'free'}",False,True,True,0.0,3
2951,2,0.004195887826880431,0.2031477605176391,0.03263959574200732,1.3352358983550372,1.0006137459960605,1.0940622555146189,0.006726410781025982,0.9888339844006959,0.05,0.15000000000000002,0.09999999999999998,3.2887506200156318e-06,5.422217556943509e-06,0.0011695102883273005,0.050000000000000044,0.050000000000000044,"{'I': 1, 'W': 0, 'R': 1, 'C': 'free'}",False,True,True,1.0,3
2951,3,0.06614418933752343,0.3396127468141491,0.5840172408683941,1.9442160832617579,1.021760222538329,1.2163500183212743,0.17612926393776196,0.9999790212856706,0.05,0.15000000000000002,0.09999999999999998,1.1478768097118887e-05,0.00012339497594459313,0.0002611903083394399,0.050000000000000044,0.050000000000000044,"{'I': 1, 'W': 0, 'R': 1, 'C': 'free'}",False,True,True,0.0,3
2951,4,0.0015578567074829258,0.3412738230311512,0.013971879526267368,1.5196013884852495,1.000214657886773,1.213537989158555,0.001929849101546699,0.9999838207809681,0.05,0.19999999999999996,0.15000000000000002,1.1478768008749801e-05,3.7266483748658315e-06,3.535625472863586e-05,0.15000000000000002,0.15000000000000002,"{'I': 1, 'W': 0, 'R': 1, 'C': 'free'}",True,False,True,0.0,3
2951,5,0.0842856070992687,0.41128429251855014,0.6117565188563252,1.3819442758245366,1.0229013189826286,1.209614837217226,0.20262500232929626,0.9999999055947707,0.05,0.15000000000000002,0.15000000000000002,1.7603430014254733e-06,2.2603251029112207e-06,1.0129987345261277e-05,0.15000000000000002,0.15000000000000002,"{'I': 1, 'W': 0, 'R': 1, 'C': 'free'}",False,True,True,0.0,3
2951,6,0.0013108521944560287,0.3453010392492095,0.010050137123478558,1.7085922634405715,1.0001619938703643,1.2443662501481332,0.0012950067603082482,0.9999999796204829,,0.15000000000000002,0.15000000000000002,6.962257879225523e-06,2.9023119744723803e-06,4.006369167961232e-05,0.15000000000000002,0.15000000000000002,"{'I': 1, 'W': 0, 'R': 1, 'C': 'free'}",True,True,True,0.0,3
2951,7,0.00015150088128074336,0.34386180392583626,0.0007594426401923716,1.918605201566867,1.0000136640561634,1.3344423977628295,0.00010930572818146356,0.9999999772641992,,0.19999999999999996,0.15000000000000002,3.5356254269284107e-05,2.1444958220609064e-05,0.00012339461862920963,0.25,0.25,"{'I': 1, 'W': 0, 'R': 1, 'C': 'free'}",True,False,True,0.0,3
2965,1,0.011399134745609158,0.15301165481059137,0.04173728142442319,0.9506292713548078,1.0017318392717294,1.0926379613088053,0.010328340766253108,0.9549878224509099,,0.91,0.91,8.315279250567516e-07,5.715002412222857e-07,4.53978517065054e-05,0.050000000000000044,0.050000000000000044,"{'I': 1, 'W': 0, 'R': 1, 'C': 'free'}",False,True,True,1.0,3
2965,2,3.0232217718093602e-05,0.14900104855285948,0.00020042199312183666,1.230321011694998,1.0000024863482317,1.077544282076349,1.740426452889743e-05,0.9320271563332938,,0.09999999999999998,0.09999999999999998,8.315279237937375e-07,4.785094408220637e-06,5.14422127838817e-05,0.050000000000000044,0.050000000000000044,"{'I': 1, 'W': 0, 'R': 1, 'C': 'free'}",False,True,True,1.0,3
2965,3,1.7537581343367435e-05,0.32509371029362283,0.00010062390016387008,2.1750758882455528,1.0000013453583223,1.2660871773975728,9.417457576876842e-06,0.9999976852641995,,0.09999999999999998,0.19999999999999996,1.3007123328253554e-05,0.00013982466862951854,6.605215914327463e-05,0.050000000000000044,0.15000000000000002,"{'I': 1, 'W': 0, 'R': 1, 'C': 'free'}",True,False,True,0.0,3
2965,4,2.3248242918908755e-05,0.28607052736163896,8.063513057476746e-05,1.6265164614687304,1.000001788135484,1.1686085368243657,1.2516858860389668e-05,0.9999749674962435,,0.9299999999999999,0.30000000000000004,1.1478767833734678e-05,7.889297676564686e-06,0.0005527787361832683,0.15000000000000002,0.4,"{'I': 1, 'W': 0, 'R': 1, 'C': 'free'}",True,False,True,0.0,3
2965,5,0.0004972398081384077,0.38437134968564235,0.002626457234594356,1.4726413894362005,1.0000505573298228,1.2434680271732126,0.00035382975039333076,0.9999998764984158,,0.98,0.94,0.047425873359761686,0.18242551502610896,0.9959298591519967,0.75,0.5,"{'I': 1, 'W': 0, 'R': 1, 'C': 'free'}",True,False,True,0.0,3
2965,6,0.21104317808017065,0.44893185846611616,1.860872365465013,1.9010953016625027,1.144501296828062,1.2968478255527942,0.7406793455741323,0.9999999987928324,0.15,0.30000000000000004,0.94,2.1444958590035664e-05,1.013000305913648e-05,0.9980732639077188,0.65,0.65,"{'I': 1, 'W': 0, 'R': 1, 'C': 'free'}",False,True,True,1.0,3
2965,7,0.0002936446145853447,0.3818818811376638,0.0019330167715406828,1.4080812762677088,1.0000300744239,1.2307579085506,0.0003006944990795457,0.9999979149139285,0.0,0.19999999999999996,0.9299999999999999,6.144177470459738e-06,6.1441774669147725e-06,0.0024726232961972947,0.15000000000000002,0.4,"{'I': 1, 'W': 0, 'R': 1, 'C': 'free'}",True,False,True,0.0,3
2973,1,0.0023902693143668177,0.2952989418265589,0.007664719724885693,1.5234868362855147,1.0002582788123926,1.1842757633725722,0.0015482729717897215,0.9995820067230627,,0.09999999999999998,0.09999999999999998,1.0677029914369647e-06,2.2603250875572293e-06,1.8925145902587835e-05,0.050000000000000044,0.050000000000000044,"{'I': 1, 'W': 0, 'R': 1, 'C': 'free'}",False,True,True,1.0,3
2973,2,0.0005517253365373593,0.35100287981883327,0.004284156516892945,1.6304421493361811,1.0000616988594484,1.1912157303305966,0.0005551184700651746,0.9993567165621381,,0.09999999999999998,0.09999999999999998,2.561281553002532e-06,5.422217513885151e-06,2.4300251702393795e-05,0.050000000000000044,0.050000000000000044,"{'I': 1, 'W': 0, 'R': 1, 'C': 'free'}",False,True,True,1.0,3
2973,3,0.007663570738987582,0.17474609327482402,0.06048899017909184,0.9744699012303568,1.0013915610310888,1.1321117442490523,0.011063098460962206,0.995745279948872,0.0,0.15000000000000002,0.15000000000000002,2.5612812832699633e-06,0.9933071470928029,0.9980732486521151,0.050000000000000044,0.25,"{'I': 1, 'W': 0, 'R': 1, 'C': 'free'}",False,True,True,1.0,3
2973,4,0.005538621947371258,0.29845385576454714,0.021566830163637488,1.8354231844771491,1.0007682901338748,1.2627120377288792,0.003832612471515784,0.9999999990363586,0.05,0.19999999999999996,0.19999999999999996,2.1444958584152224e-05,6.962257869530989e-06,5.829127226981921e-05,0.050000000000000044,0.15000000000000002,"{'I': 1, 'W': 0, 'R': 1, 'C': 'free'}",False,True,True,0.3333333333333333,3
2973,5,0.08928725151940277,0.1788991990787195,0.3148651364807064,1.6821291109899352,1.0254941504539166,1.0983367927470409,0.16156830414215584,0.9991981381342216,0.0,0.09999999999999998,0.09999999999999998,0.9933071487092553,0.9859363735575449,2.7535687798829535e-05,0.050000000000000044,0.050000000000000044,"{'I': 0, 'W': 1, 'R': 0, 'C': 'costly'}",False,True,True,0.0,3
2988,1,0.003379162845735459,0.29753178770477706,0.00906439477688131,1.706409825268419,1.0004252028885297,1.2011329689011896,0.002123305168562295,0.9986362937152078,,0.09999999999999998,0.09999999999999998,5.715002411317974e-07,7.338208041031336e-07,5.144221318819801e-05,0.050000000000000044,0.050000000000000044,"{'I': 1, 'W': 0, 'R': 1, 'C': 'free'}",False,True,True,1.0,3
2988,2,2.1123183667202074e-05,0.2107206003575824,0.00012662684642365379,1.505437221450296,1.000001688791206,1.139338611703911,1.0132687344066582e-05,0.9967842956743456,,0.09999999999999998,0.09999999999999998,1.5534971848176487e-06,3.2887506004448068e-06,4.539785142513081e-05,0.050000000000000044,0.050000000000000044,"{'I': 1, 'W': 0, 'R': 1, 'C': 'free'}",False,True,True,1.0,3
2988,3,0.0020956777878585867,0.30767775828877675,0.012537782380519008,1.2959716087071418,1.000271871266713,1.223627405508304,0.001629676531215818,0.9999661240845475,,0.15000000000000002,0.09999999999999998,3.1201903185252094e-05,0.04742587355507614,0.9890130562258561,0.050000000000000044,0.050000000000000044,"{'I': 1, 'W': 0, 'R': 1, 'C': 'free'}",False,True,True,1.0,3
2988,4,0.00011789575727995484,0.2970392650262354,0.00025234566130070437,1.404775014843046,1.0000093936568288,1.230726547238938,4.696696056105676e-05,0.9999795073353549,,0.19999999999999996,0.09999999999999998,0.0019267343279636676,0.06008665039317419,0.9996646498370614,0.050000000000000044,0.050000000000000044,"{'I': 1, 'W': 0, 'R': 1, 'C': 'free'}",False,True,True,0.0,3
2988,5,0.0005600258258442076,0.3287568050623114,0.0018562335232464875,1.1341568684627337,1.0000551123183823,1.268118382965536,0.00033061013494628533,0.999985826096134,,0.09999999999999998,0.09999999999999998,1.14787680398431e-05,6.1441774915315786e-06,6.605215972569869e-05,0.050000000000000044,0.050000000000000044,"{'I': 1, 'W': 0, 'R': 1, 'C': 'free'}",False,True,True,0.0,3
2988,6,8.040198662971405e-07,0.429958954390137,2.52456083703161e-06,1.646747106448562,1.0000000397364284,1.3553233649264793,2.3841853646899835e-07,0.9999999989502616,,0.09999999999999998,0.15000000000000002,8.939699362566216e-06,6.144177478843169e-06,3.5356254827792695e-05,0.050000000000000044,0.050000000000000044,"{'I': 1, 'W': 0, 'R': 1, 'C': 'free'}",True,True,True,0.0,3
2988,7,0.00042067381899440023,0.23266221413081628,0.002416226246461598,1.063408260027086,1.000044917347292,1.1167181519532812,0.00026946171989750134,0.9992349891579575,,0.09999999999999998,0.09999999999999998,3.2887505880162652e-06,3.28875059870781e-06,1.6701429774790004e-05,0.0,0.050000000000000044,"{'I': 1, 'W': 0, 'R': 1, 'C': 'free'}",True,False,True,0.0,3
3,1,0.004664849233832072,0.21378104018546487,0.032639463449434906,1.1650562442161527,1.0007480779476121,1.253074953905635,0.00522091135613334,0.9996277769471265,,0.09999999999999998,0.09999999999999998,9.422445895410818e-07,1.994729949304517e-06,0.00020342704164621453,0.050000000000000044,0.050000000000000044,"{'I': 1, 'W': 0, 'R': 1, 'C': 'free'}",False,True,True,1.0,3
3,2,7.56089870418901e-05,0.10294677397640122,0.0003977673210771677,1.1621409626518033,1.0000065223757315,1.038240904137361,4.56554389854924e-05,0.8008500533528271,,0.09999999999999998,0.09999999999999998,3.7266388164807808e-06,1.3007123640021748e-05,0.00033535003086176604,0.050000000000000044,0.050000000000000044,"{'I': 1, 'W': 0, 'R': 1, 'C': 'free'}",False,True,True,1.0,3
3,3,0.04878579491049126,0.141572402252298,0.22786830633875724,1.1445181315591857,1.0129005181324942,1.0612041104028775,0.062079488609630196,0.83172008053334,0.0,0.0,0.050000000000000044,0.9998204691147078,0.9994472153335074,2.1444958590732426e-05,0.0,0.050000000000000044,"{'I': 0, 'W': 1, 'R': 0, 'C': 'costly'}",False,True,True,1.0,3
3010,1,0.002325362248826255,0.29932468790021083,0.009064394595051303,1.6773651209048037,1.0002816855110128,1.2137503478195706,0.0014072381359956365,0.9998012496803909,,0.09999999999999998,0.09999999999999998,1.0677029930714135e-06,1.5534971923503424e-06,0.0002611903001476707,0.050000000000000044,0.050000000000000044,"{'I': 1, 'W': 0, 'R': 1, 'C': 'free'}",False,True,True,1.0,3
3010,2,2.508356354527074e-05,0.23212019985724444,0.00020041936497528745,1.45351327527781,1.0000020861472354,1.1265900509822646,1.6689021211657717e-05,0.9958431144696009,,0.09999999999999998,0.09999999999999998,8.315279251392118e-07,7.889264322035044e-06,3.535625456292564e-05,0.050000000000000044,0.050000000000000044,"{'I': 1, 'W': 0, 'R': 1, 'C': 'free'}",False,True,True,1.0,3
3010,3,0.0010014149262944827,0.32061193982819536,0.0059566152939807765,1.9832646662430233,1.0001202663143944,1.2334415534469998,0.0007212942400400824,0.9999774600649681,,0.15000000000000002,0.15000000000000002,8.93969943849617e-06,0.0001584376652855547,0.00015843623539424479,0.25,0.25,"{'I': 1, 'W': 0, 'R': 1, 'C': 'free'}",False,True,True,1.0,3
3010,4,9.970769732068612e-06,0.2565408958643487,5.9785778326944234e-05,1.5539701111144606,1.0000007152544772,1.155962371782042,4.291516120247252e-06,0.9999660376695155,,0.09999999999999998,0.09999999999999998,1.2098659677670016e-06,2.561281281386151e-06,6.144177519222559e-06,0.050000000000000044,0.050000000000000044,"{'I': 1, 'W': 0, 'R': 1, 'C': 'free'}",True,False,True,0.0,3
3010,5,2.9642408409079432e-05,0.30354271440821506,0.00013333838327742576,1.6653502966010256,1.000002193443238,1.256581980052535,1.0967144022155928e-05,0.9999999854143888,,0.0,0.09999999999999998,6.144177498936585e-06,7.889264398577295e-06,1.0129987354694173e-05,0.0,0.050000000000000044,"{'I': 1, 'W': 0, 'R': 1, 'C': 'free'}",True,True,True,0.0,3
3010,6,0.04659408680153506,0.2571858271610121,0.4193068155803339,1.6145414365505737,1.017962413063039,1.2042097083377388,0.1480495882395867,0.9999981372731095,0.0,0.09999999999999998,0.09999999999999998,1.3709578569422872e-06,3.726638823108062e-06,1.3007123796839827e-05,0.0,0.050000000000000044,"{'I': 1, 'W': 0, 'R': 1, 'C': 'free'}",True,True,True,0.0,3
3010,7,7.081117001439328e-06,0.24251458271356577,3.995122003251622e-05,1.830915008893014,1.0000004967048133,1.1206710920485004,2.9802236980458474e-06,0.9999776615991269,,0.09999999999999998,0.09999999999999998,2.5612812877183275e-06,6.144177452556387e-06,1.3007123795669527e-05,0.050000000000000044,0.050000000000000044,"{'I': 1, 'W': 0, 'R': 1, 'C': 'free'}",True,True,True,0.0,3
3019,1,0.01297776360671791,0.18359227258531316,0.06048898471877901,1.109509503267808,1.0022572575689932,1.0646445237082185,0.013437186778662458,0.9074824191950036,0.0,0.050000000000000044,0.91,1.6373770551774566e-07,5.715002416960878e-07,1.6701429721333947e-05,0.050000000000000044,0.050000000000000044,"{'I': 1, 'W': 0, 'R': 1, 'C': 'free'}",False,True,True,1.0,3
3019,2,0.0067441918977522155,0.3873335328507781,0.04018020620955592,2.199529261606591,1.0011235112207453,1.2886918855087972,0.006714638715677013,0.9999999999557426,0.0,0.19999999999999996,0.19999999999999996,6.144177515951448e-06,7.889287299117034e-06,2.144495855101621e-05,0.050000000000000044,0.15000000000000002,"{'I': 1, 'W': 0, 'R': 1, 'C': 'free'}",False,True,True,1.0,3
3019,3,0.002414833110263547,0.2759557971189478,0.00906922647440728,1.856135978199735,1.000304072038436,1.1948184261522858,0.002125917754343676,0.9999439733230076,0.0,0.050000000000000044,0.09999999999999998,0.26894141966242396,4.5397851620746815e-05,4.0063691765813746e-05,0.050000000000000044,0.050000000000000044,"{'I': 0, 'W': 1, 'R': 0, 'C': 'costly'}",False,True,True,0.6666666666666666,3
3023,1,0.003280877764359056,0.24363731996117394,0.03263946129685092,1.3435813355131876,1.0005248600972008,1.1478844256127816,0.005233481430382159,0.9984696656820347,,0.09999999999999998,0.09999999999999998,2.1024339077825167e-07,1.0677029952568597e-06,0.00010889693346329429,0.050000000000000044,0.050000000000000044,"{'I': 1, 'W': 0, 'R': 1, 'C': 'free'}",False,True,True,1.0,3
3023,2,0.15788554376771696,0.3433828219619674,0.506631773007695,1.5969668667422692,1.0503631997813119,1.194940797038752,0.3573943758800997,0.9999981104115478,0.0,0.19999999999999996,0.30000000000000004,8.315279277911944e-07,5.422242867781854e-06,0.00013982217072930087,0.050000000000000044,0.5,"{'I': 1, 'W': 0, 'R': 1, 'C': 'free'}",False,True,True,1.0,3
3023,3,0.0004787141906839197,0.44504219576476434,0.0030433033585970473,1.7676070649681643,1.000051413081259,1.334507487978109,0.00046259880502985684,0.9999999999929785,,0.09999999999999998,0.15000000000000002,4.222834851600697e-06,7.889264148605579e-06,7.484626018590708e-05,0.050000000000000044,0.15000000000000002,"{'I': 1, 'W': 0, 'R': 1, 'C': 'free'}",False,True,True,1.0,3
3023,4,0.00020378120958650567,0.5954290829593887,0.001455660560031772,2.5043596905931396,1.0000194698255744,1.6192970432912488,0.00017521137305309686,0.9999999999999994,,0.09999999999999998,0.15000000000000002,8.939699352215304e-06,8.939699344352511e-06,0.00010889693422801419,0.050000000000000044,0.25,"{'I': 1, 'W': 0, 'R': 1, 'C': 'free'}",True,False,True,0.0,3
3023,5,0.055694233717456104,0.39219419720438947,0.6630073394901972,2.143031440475395,1.0787284621300886,1.2463823091857393,0.626627601226867,0.9999999998247856,0.05,0.15000000000000002,0.15000000000000002,2.430025221431426e-05,1.6701429550244744e-05,0.9046505363112313,0.15000000000000002,0.25,"{'I': 1, 'W': 0, 'R': 1, 'C': 'free'}",False,True,True,1.0,3
3023,6,0.018113169602138487,0.28541642592762057,0.15935413030319406,1.4923208537358312,1.0041333143233693,1.2043258265319694,0.04040883637427917,0.9999999972385574,0.05,0.19999999999999996,0.19999999999999996,2.144495861798896e-05,6.144177513385197e-06,0.0015011819895011933,0.15000000000000002,0.25,"{'I': 1, 'W': 0, 'R': 1, 'C': 'free'}",False,True,True,1.0,3
3023,7,0.0195213748525603,0.3037817629465747,0.13353879004864025,1.7575869154291954,1.0041109331594014,1.2106419133813051,0.04019492652850509,0.9999977357101018,0.05,0.09999999999999998,0.15000000000000002,6.144177503758053e-06,5.42221696756125e-06,0.0005527785505435268,0.050000000000000044,0.15000000000000002,"{'I': 1, 'W': 0, 'R': 1, 'C': 'free'}",False,True,True,0.0,3
3033,1,0.006607912709232573,0.29185944166295863,0.03263945990290578,1.2644317914718577,1.0010541007171283,1.1656440760338178,0.005253877567995557,0.9996544029438462,,0.050000000000000044,0.09999999999999998,3.466327439204033e-07,5.715002412202531e-07,8.939699473023993e-06,0.050000000000000044,0.050000000000000044,"{'I': 1, 'W': 0, 'R': 1, 'C': 'free'}",False,True,True,1.0,3
3033,2,0.056412268562198435,0.22326090231615425,0.31474285174387817,1.2752037793393811,1.0174145037656095,1.09772953614768,0.09840300941840319,0.9905543355646284,0.0,0.0,0.050000000000000044,3.726638835310746e-06,1.0677029950478247e-06,2.90231195208741e-06,0.0,0.050000000000000044,"{'I': 0, 'W': 1, 'R': 0, 'C': 'costly'}",False,True,True,1.0,3
3095,1,0.002003978370553014,0.2551831303751879,0.013970686622232338,1.3984649682991717,1.0002760993812896,1.1514415795496191,0.0019305629714664319,0.9976740629882499,,0.09999999999999998,0.15000000000000002,1.5534971908716424e-06,1.3709578566656905e-06,4.5397851787084726e-05,0.050000000000000044,0.050000000000000044,"{'I': 1, 'W': 0, 'R': 1, 'C': 'free'}",False,True,True,1.0,3
3095,2,0.0239366223203123,0.12117762498518017,0.1908649834550937,0.9663368635468237,1.006099227667933,1.05836065753544,0.04748137782199102,0.9476341384612179,0.0,0.15000000000000002,0.15000000000000002,1.3709578572347116e-06,1.6701428918164886e-05,0.0015011822213415115,0.050000000000000044,0.25,"{'I': 1, 'W': 0, 'R': 1, 'C': 'free'}",False,True,True,1.0,3
3095,3,0.045456929417747434,0.19716024644454364,0.22723716965303392,2.3231132879885594,1.0124717008332764,1.1572127741927865,0.060091594166411966,0.9999964806443279,0.0,0.0,0.050000000000000044,1.6701429800934475e-05,3.9278634069711004e-07,1.7603430014601777e-06,0.0,0.050000000000000044,"{'I': 0, 'W': 1, 'R': 0, 'C': 'costly'}",False,True,True,1.0,3
3115,1,0.004560737849377426,0.326066197677434,0.026464202017497586,1.174248108713984,1.000692271867258,1.2619203887751964,0.004143585706364417,0.9995366113312782,,0.91,0.92,3.927863400786504e-07,3.2887506128802876e-06,0.0002959572371593415,0.050000000000000044,0.050000000000000044,"{'I': 1, 'W': 0, 'R': 1, 'C': 'free'}",False,True,True,1.0,3
3115,2,0.05972365034297527,0.2687427732739493,0.4750515550954725,1.507882819381634,1.0255329158241562,1.1398808273335075,0.18265922257561673,0.9996599258549423,0.0,0.92,0.9299999999999999,7.338208045053304e-07,1.1478767710601936e-05,0.2689414049839474,0.050000000000000044,0.25,"{'I': 1, 'W': 0, 'R': 1, 'C': 'free'}",False,True,True,1.0,3
3115,3,0.000712939876237326,0.3364521198956588,0.00481395057270645,1.807854993719183,1.0000738602601025,1.221834481150398,0.0005168691050930763,0.9999959706720228,,0.91,0.92,5.422217617740282e-06,4.785094466846378e-06,5.1442213471547554e-05,0.050000000000000044,0.050000000000000044,"{'I': 1, 'W': 0, 'R': 1, 'C': 'free'}",True,False,True,0.0,3
3115,4,0.11166988204061684,0.36469730051721994,0.43842425867108603,1.9176652659915159,1.041859833972204,1.3165203564268289,0.15128316142113374,0.9999873097764117,,0.92,0.92,0.001926734564480111,0.0011695104315909452,4.5397852001767795e-05,0.050000000000000044,0.050000000000000044,"{'I': 1, 'W': 0, 'R': 1, 'C': 'free'}",False,True,True,1.0,3
3115,5,0.013277023627776538,0.3066762504023245,0.07008700633174175,1.6717746060842535,1.0023459207772691,1.2775122915483978,0.013960673618093056,0.9999999999967448,,0.91,0.92,2.4300252086551975e-05,2.75360034718424e-05,0.0001584362840179127,0.050000000000000044,0.15000000000000002,"{'I': 1, 'W': 0, 'R': 1, 'C': 'free'}",True,True,True,0.0,3
3115,6,9.460750389924608e-06,0.3259648589088062,5.031090921685297e-05,1.4520963998736158,1.0000006755183892,1.2297417457129403,4.053100752798855e-06,0.9999972989215513,,0.09999999999999998,0.09999999999999998,1.9947299543538355e-06,2.561281284447167e-06,1.6701429801724852e-05,0.050000000000000044,0.050000000000000044,"{'I': 1, 'W': 0, 'R': 1, 'C': 'free'}",True,False,True,0.0,3
3115,7,0.0007837748181689103,0.4255493491775918,0.00246454239156543,2.061357177705574,1.0000789899195024,1.3699215653537251,0.0004738085170534756,0.9999999999954892,,0.91,0.91,5.144221181916637e-05,1.012998709923006e-05,8.481104104414886e-05,0.0,0.050000000000000044,"{'I': 1, 'W': 0, 'R': 1, 'C': 'free'}",True,False,True,0.0,3
3124,1,0.07593121959801609,0.26663946801673033,0.5303042680674492,1.6326889228913626,1.036661968175946,1.1479578480541082,0.22278738980232615,0.9982485139098145,,0.09999999999999998,0.09999999999999998,2.102433908119391e-07,1.0677029943307382e-06,9.610239148765421e-05,0.050000000000000044,0.050000000000000044,"{'I': 1, 'W': 0, 'R': 1, 'C': 'free'}",False,True,True,1.0,3
3124,2,0.031436039673943685,0.6567971412164532,0.19159998554895474,2.222599535650365,1.0074629276751246,1.5667443718414518,0.06472713709595435,0.9999999999537514,,0.09999999999999998,0.09999999999999998,9.422445923047606e-07,1.9947299470349545e-06,1.1478768068042822e-05,0.050000000000000044,0.050000000000000044,"{'I': 1, 'W': 0, 'R': 1, 'C': 'free'}",False,True,True,1.0,3
3124,3,0.19585508952692626,0.15793205675595462,0.6643636435717463,1.4914771382730996,1.2397261036804725,1.0679687881396718,0.658515283653625,0.9899792374816427,0.0,0.050000000000000044,0.050000000000000044,0.002472622938413522,1.855391460571937e-07,4.7850944719635365e-06,0.050000000000000044,0.050000000000000044,"{'I': 0, 'W': 1, 'R': 0, 'C': 'costly'}",False,True,True,1.0,3
3129,1,0.0037898968199280335,0.2825678126070264,0.026464201983510613,1.2347812973353247,1.0005833954373957,1.198034480986316,0.004074254909794406,0.9969169410366508,,0.050000000000000044,0.09999999999999998,2.3823696664571524e-07,1.3709578592169336e-06,2.144495858608603e-05,0.050000000000000044,0.050000000000000044,"{'I': 1, 'W': 0, 'R': 1, 'C': 'free'}",False,True,True,0.0,3
3129,2,5.5687683059498365e-05,0.3601270849362809,0.00020201363863760696,2.353781434909815,1.000004261713379,1.2159497592113198,3.409305320190015e-05,0.9999615950517166,,0.15000000000000002,0.15000000000000002,5.043476480410444e-07,1.0677029951520584e-06,8.481104021680744e-05,0.050000000000000044,0.15000000000000002,"{'I': 1, 'W': 0, 'R': 1, 'C': 'free'}",False,True,True,0.0,3
3129,3,0.0044619981523059595,0.39129374975652026,0.019645583048505246,1.8462714369376865,1.0006238927767634,1.2924128191097966,0.004356371023070182,0.9999999999984459,0.05,0.25,0.4,3.120190370900745e-05,1.6701509647156415e-05,0.7772998494598677,0.25,0.25,"{'I': 1, 'W': 0, 'R': 1, 'C': 'free'}",False,True,True,0.0,3
3129,4,0.014646243096900585,0.3884805780282579,0.060380167016926306,1.2751451937099012,1.0021211016546536,1.2066699496264883,0.016807985149820626,0.9766530554312511,0.0,0.15000000000000002,0.09999999999999998,1.3007123796412533e-05,3.53565005617778e-05,0.00043055713956349594,0.050000000000000044,0.050000000000000044,"{'I': 1, 'W': 0, 'R': 1, 'C': 'free'}",False,True,True,0.0,3
3129,5,8.211166017766678e-06,0.3387176349921931,2.99648178895969e-05,1.3808781048506122,1.0000005449564124,1.2440292517608267,3.814686571956827e-06,0.9998959804139702,,0.09999999999999998,0.09999999999999998,1.5534971882702675e-06,4.785094462078007e-06,2.7535687661491203e-05,0.050000000000000044,0.050000000000000044,"{'I': 1, 'W': 0, 'R': 1, 'C': 'free'}",True,False,True,0.0,3
3129,6,5.0424403928486515e-05,0.34041965891273335,0.00011736663651423608,1.8762325717765804,1.0000037295425797,1.221259503066304,2.6106408595683028e-05,0.9998484869887552,,0.09999999999999998,0.09999999999999998,2.561281273206503e-06,1.37095785743451e-06,2.7535687684694366e-05,0.050000000000000044,0.050000000000000044,"{'I': 1, 'W': 0, 'R': 1, 'C': 'free'}",True,False,True,0.0,3
3129,7,0.009892721899615473,0.25206322223555183,0.04936271784760148,1.9246652772778061,1.0017260367074494,1.1619995327853012,0.00858567485460815,0.9988365918670304,,0.050000000000000044,0.09999999999999998,9.610239206636056e-05,4.785094487510601e-06,7.889264456798344e-06,0.050000000000000044,0.050000000000000044,"{'I': 0, 'W': 1, 'R': 0, 'C': 'costly'}",False,True,True,0.0,3
3133,1,0.0014090569990584396,0.307020626292481,0.011259994816639403,1.768914552224137,1.0001879142677308,1.1835389196163926,0.001502043713912271,0.9998677714687049,,0.050000000000000044,0.09999999999999998,2.699578407958941e-07,4.450852630702709e-07,1.3007123763705096e-05,0.050000000000000044,0.050000000000000044,"{'I': 1, 'W': 0, 'R': 1, 'C': 'free'}",False,True,True,1.0,3
3133,2,2.2608200369444904e-05,0.23797767955451232,7.987433875426923e-05,1.6753065900783972,1.0000016927690243,1.133953427167877,8.463802139480059e-06,0.9998061234954881,0.0,0.0,0.050000000000000044,2.9023119848513126e-06,1.1253517545945968e-07,2.2603251020658123e-06,0.0,0.0,"{'I': 0, 'W': 1, 'R': 0, 'C': 'costly'}",False,True,True,1.0,3
3162,1,3.4600140986550926e-05,0.2763407914668813,0.00015937104382194485,1.3823739592485567,1.00000270774348,1.15005953238719,1.8953999070148164e-05,0.9999438205531852,,0.09999999999999998,0.09999999999999998,9.422445911081874e-07,1.3709578547299725e-06,5.144221340871965e-05,0.050000000000000044,0.050000000000000044,"{'I': 1, 'W': 0, 'R': 1, 'C': 'free'}",False,True,True,1.0,3
3162,2,0.0406560652620656,0.3650573342029321,0.31509633672373827,1.5413541468525342,1.0127687808074468,1.2511709677289764,0.09652205363644106,0.9999930462815376,0.0,0.09999999999999998,0.09999999999999998,2.902311957922421e-06,8.93969928620682e-06,2.1444958245809792e-05,0.050000000000000044,0.050000000000000044,"{'I': 1, 'W': 0, 'R': 1, 'C': 'free'}",False,True,True,1.0,3
3162,3,0.00031069981042704687,0.23972893690677394,0.0015447658454408263,1.8366047992560648,1.000031779192769,1.1414736767876874,0.0001588808162126254,0.9989725205167237,0.0,0.050000000000000044,0.050000000000000044,4.5397852394191695e-05,1.370958084520968e-06,1.1478768071176495e-05,0.0,0.050000000000000044,"{'I': 0, 'W': 1, 'R': 0, 'C': 'costly'}",False,True,True,1.0,3
3169,1,0.022321577729460456,0.2307550332870204,0.13234323308882362,1.3378343990463144,1.00455187691965,1.121855320284163,0.03568028777393206,0.9799484921769073,,0.050000000000000044,0.09999999999999998,3.059023357449364e-07,9.422445906822014e-07,2.1444958505191596e-05,0.050000000000000044,0.050000000000000044,"{'I': 1, 'W': 0, 'R': 1, 'C': 'free'}",False,True,True,1.0,3
3169,2,0.012171218003903339,0.45419082962593005,0.1323433068020271,1.9048280083361402,1.0027215766138733,1.3604551556235005,0.029454193025262088,0.999999999763007,0.05,0.15000000000000002,0.15000000000000002,5.715002412873803e-07,1.5534971899928898e-06,2.753568764173516e-05,0.050000000000000044,0.15000000000000002,"{'I': 1, 'W': 0, 'R': 1, 'C': 'free'}",False,True,True,1.0,3
3169,3,0.0016757718374782419,0.1859435849597317,0.011260092012667405,1.5280905246157814,1.0002202978644548,1.0858059518044878,0.0015407270765841474,0.991559438043477,0.0,0.15000000000000002,0.09999999999999998,2.382369666633576e-07,1.553497191345073e-06,1.0129987342832104e-05,0.050000000000000044,0.050000000000000044,"{'I': 1, 'W': 0, 'R': 1, 'C': 'free'}",False,True,True,1.0,3
3169,4,0.00010319463192769661,0.1558208971317558,0.0003167182368666525,1.0311346650664155,1.0000087816868586,1.1380752809850014,5.268850171091799e-05,0.9996253984450382,0.0,0.050000000000000044,0.050000000000000044,1.300712381086881e-05,6.475945660035069e-07,1.4738988940939036e-05,0.0,0.0,"{'I': 0, 'W': 1, 'R': 0, 'C': 'costly'}",False,True,True,1.0,3
3188,1,0.0439216889935755,0.16746444097277494,0.3147428529041171,1.1344322450135447,1.0116523208772266,1.1000315353419337,0.13981209557255048,0.9849278906648804,,0.09999999999999998,0.09999999999999998,2.69957841456585e-07,1.0677029944720284e-06,1.3007123761422784e-05,0.050000000000000044,0.050000000000000044,"{'I': 1, 'W': 0, 'R': 1, 'C': 'free'}",False,True,True,1.0,3
3188,2,0.0004505328264345776,0.32899471530337304,0.004698772405735432,1.2967207306810247,1.0000507210289844,1.2585984096530494,0.0008111866935017753,0.9999987216303247,,0.15000000000000002,0.15000000000000002,8.315279261227046e-07,8.315279266231063e-07,5.144221305219475e-05,0.050000000000000044,0.15000000000000002,"{'I': 1, 'W': 0, 'R': 1, 'C': 'free'}",False,True,True,1.0,3
3188,3,9.770917269952744e-05,0.28734269036848464,0.0009851109393126183,1.152474188051154,1.000009241894902,1.1466099244700227,0.00015709914596950814,0.999186450874247,0.05,0.09999999999999998,0.09999999999999998,1.2098659646828037e-06,1.5534971799717599e-06,3.12019034195025e-05,0.050000000000000044,0.050000000000000044,"{'I': 1, 'W': 0, 'R': 1, 'C': 'free'}",True,False,True,0.0,3
3188,4,0.0009305337469799617,0.572483370380002,0.00307003247629807,1.8229720770386086,1.0000960553616733,1.4481338856742987,0.0005761384603776287,0.9999999999831803,,0.15000000000000002,0.15000000000000002,3.5356254878302774e-05,7.889367026942465e-06,0.00012339461819622103,0.15000000000000002,0.25,"{'I': 1, 'W': 0, 'R': 1, 'C': 'free'}",False,True,True,1.0,3
3188,5,3.945746244313089e-05,0.16889837316639636,0.00020041729111231727,1.7617131802991537,1.0000031845739998,1.1209892040469833,2.2291734039114885e-05,0.998943391262607,0.0,0.0,0.050000000000000044,0.9525741263372633,4.7850954982932425e-06,3.120190367723345e-05,0.0,0.050000000000000044,"{'I': 0, 'W': 1, 'R': 0, 'C': 'costly'}",False,True,True,0.3333333333333333,3
319,1,0.056587995066883445,0.3507513633414565,0.3819295109346322,1.3981071360605524,1.0129854828575897,1.2536130999723711,0.08635506820822869,0.999997460903192,,0.09999999999999998,0.09999999999999998,4.4508526336295006e-07,5.0434764788612e-07,1.300712378131882e-05,0.050000000000000044,0.050000000000000044,"{'I': 1, 'W': 0, 'R': 1, 'C': 'free'}",False,True,True,1.0,3
319,2,0.09389378075987026,0.3012024147699243,0.9005034715359284,1.261487715993202,1.1726951983525415,1.2545848780757418,0.7966947794297371,0.9999995034112307,0.0,0.25,0.15000000000000002,7.889264432209917e-06,7.889413639124722e-06,3.1201903763167156e-05,0.15000000000000002,0.25,"{'I': 1, 'W': 0, 'R': 1, 'C': 'free'}",False,True,True,1.0,3
319,3,0.006349467469809131,0.5968157038884232,0.06048946175116759,2.2772071924881088,1.001134394081342,1.4815726687657687,0.011273484041783188,0.9999999999997674,0.05,0.4,0.25,4.222834938741566e-06,2.26033165782624e-06,4.539785234579469e-05,0.15000000000000002,0.35,"{'I': 1, 'W': 0, 'R': 1, 'C': 'free'}",True,False,True,0.0,3
319,4,0.08425420240007843,0.5885986684208709,0.3983100597404013,1.84526682812346,1.0192482924056139,1.4520426903618209,0.12493552673067065,0.9999999999999999,0.05,0.7,0.4,0.9990889485109559,1.0130007538521749e-05,1.6701429767552087e-05,0.65,0.5,"{'I': 1, 'W': 0, 'R': 1, 'C': 'free'}",False,True,True,1.0,3
319,5,0.06958506352486384,0.4090086490684362,0.4803034430218497,1.8247482846816452,1.0293831749062556,1.2854212020444968,0.18349181716252905,0.9999999988564047,0.05,0.15000000000000002,0.15000000000000002,0.00012339461903933897,4.785094488074084e-06,4.5397852297153215e-05,0.15000000000000002,0.25,"{'I': 1, 'W': 0, 'R': 1, 'C': 'free'}",False,True,True,0.6666666666666666,3
319,6,0.0021090298787395643,0.4862582207814393,0.014651393432159963,2.3994715544738825,1.0002500857851442,1.4905998633193451,0.0017488506078415789,1.0,,0.4,0.25,7.484626255704243e-05,1.3007178610699702e-05,0.9968273155985115,0.4,0.35,"{'I': 1, 'W': 0, 'R': 1, 'C': 'free'}",True,True,True,0.0,3
319,7,0.0007362041445929066,0.2880953096269325,0.0047221283449307505,1.6345422518886465,1.0000844129822863,1.2261514848024653,0.0010124002132860799,0.9999999838520758,0.05,0.30000000000000004,0.25,2.144495860766213e-05,1.1478768008017304e-05,0.49999999904868236,0.25,0.25,"{'I': 1, 'W': 0, 'R': 1, 'C': 'free'}",False,True,True,0.6666666666666666,3
3196,1,0.002000120573788333,0.15912388588672977,0.013970684645262887,0.9969133948585127,1.0002758268284668,1.0638059299013658,0.001928659308494285,0.8436392321391463,,0.050000000000000044,0.92,6.475945650419138e-07,8.315279259772767e-07,3.535625459163839e-05,0.050000000000000044,0.050000000000000044,"{'I': 1, 'W': 0, 'R': 1, 'C': 'free'}",False,True,True,1.0,3
3196,2,0.00037762881943570573,0.23321495091565397,0.0030182134004452924,0.997901932788991,1.00004194061603,1.1719472508231419,0.00033546161254049967,0.9985045587643561,,0.09999999999999998,0.09999999999999998,2.5612812704336732e-06,4.785114629495167e-06,0.0009110510212992673,0.050000000000000044,0.050000000000000044,"{'I': 1, 'W': 0, 'R': 1, 'C': 'free'}",False,True,True,1.0,3
3196,3,6.386022205906176e-06,0.3800063485143713,1.9922652076356338e-05,1.349761656953216,1.0000004427772156,1.263584824807305,3.099435019748853e-06,0.9996488842205882,,0.0,0.91,3.726638772835357e-06,4.7850944423909405e-06,3.535625464086669e-05,0.0,0.050000000000000044,"{'I': 1, 'W': 0, 'R': 1, 'C': 'free'}",True,True,True,0.0,3
3196,4,0.06959706410746098,0.34786120437557727,0.5308985154634293,1.9435061241028286,1.0305311065290443,1.2109766255418697,0.23713085325834937,0.9997802005799455,0.0,0.09999999999999998,0.09999999999999998,0.006692851312478393,0.22270013898376487,9.610239195335445e-05,0.050000000000000044,0.050000000000000044,"{'I': 1, 'W': 0, 'R': 1, 'C': 'free'}",False,True,True,0.3333333333333333,3
3196,5,0.00047744318201014147,0.42977430801563143,0.003770271016804908,1.7818052315959854,1.0000523768817673,1.3477953170894075,0.00047126850941259235,0.9999980205410293,0.0,0.30000000000000004,0.92,3.288750619285749e-06,3.2887708080373653e-06,7.484626294503918e-05,0.15000000000000002,0.25,"{'I': 1, 'W': 0, 'R': 1, 'C': 'free'}",False,True,True,0.0,3
3196,6,0.00023816269254170867,0.32590129260283446,0.0019342350306925595,1.522095094108238,1.000024290192449,1.2657944013044038,0.00021858518380057923,0.9999903571669215,0.05,0.30000000000000004,0.92,4.222834923283088e-06,6.9622578204718305e-06,0.00043055709166068656,0.15000000000000002,0.25,"{'I': 1, 'W': 0, 'R': 1, 'C': 'free'}",True,True,True,0.0,3
3196,7,0.0001055715959199557,0.3317065910858539,0.00048591098829765437,1.7561126429244915,1.00000854324954,1.2405364788473352,7.68859615425388e-05,0.9999864386181572,0.05,0.4,0.9299999999999999,6.962257884534684e-06,4.785123871845108e-06,0.0052201256034659395,0.15000000000000002,0.25,"{'I': 1, 'W': 0, 'R': 1, 'C': 'free'}",False,True,True,0.0,3
3216,1,0.014838809806560143,0.2209015528443588,0.07393387274844186,1.0315040708175383,1.0028409615935252,1.1080371866427583,0.014084540024530634,0.9865501360466997,,0.050000000000000044,0.09999999999999998,4.450852619928843e-07,3.4663274449827923e-07,1.3007123704511193e-05,0.050000000000000044,0.050000000000000044,"{'I': 1, 'W': 0, 'R': 1, 'C': 'free'}",False,True,True,1.0,3
3216,2,0.07601451670418201,0.4301037728043444,0.37560898805627996,1.6446593113082966,1.0224518422883575,1.2875584040804242,0.23389965400676815,0.9999684095693795,0.0,0.09999999999999998,0.7,1.7603430002314266e-06,3.288750608051877e-06,0.00043055713287670175,0.050000000000000044,0.15000000000000002,"{'I': 1, 'W': 0, 'R': 1, 'C': 'free'}",False,True,True,1.0,3
3216,3,0.005194125705355435,0.4560758357455352,0.042696216415501184,1.9616503840358295,1.0007830193610245,1.2837149668467067,0.008572884024867444,0.9999986110220626,,0.09999999999999998,0.4,2.2603250823534223e-06,8.939789730394181e-06,4.0063691881184614e-05,0.050000000000000044,0.35,"{'I': 1, 'W': 0, 'R': 1, 'C': 'free'}",False,True,True,0.0,3
3216,4,0.001205719092540858,0.4300404029513896,0.00476433530105411,2.2952565648560213,1.0001309239499983,1.3925761326393065,0.0014390327801975245,0.9999999999999697,,0.15000000000000002,0.19999999999999996,6.1441775049289115e-06,4.539798387733856e-05,7.48462629565795e-05,0.15000000000000002,0.25,"{'I': 1, 'W': 0, 'R': 1, 'C': 'free'}",True,True,True,0.0,3
3216,5,0.014264766571394848,0.4662629105759016,0.08282132143364904,1.8998725751076917,1.0023707017308399,1.4420395661784913,0.021085588276907985,0.999999999710686,0.05,0.4,0.4,3.7266388331732747e-06,3.7266388286046077e-06,0.14804719789590093,0.25,0.75,"{'I': 1, 'W': 0, 'R': 1, 'C': 'free'}",False,True,True,1.0,3
3216,6,0.03533246579308055,0.43779678939527406,0.3147448625539171,1.884657670187493,1.0112360509047413,1.4192504771565244,0.09566965407622785,0.9999999938509028,0.05,0.25,0.30000000000000004,2.260325100927682e-06,3.7266682271244553e-06,0.008577485535691966,0.15000000000000002,0.35,"{'I': 1, 'W': 0, 'R': 1, 'C': 'free'}",True,False,True,0.0,3
3216,7,0.0019873827497209878,0.3923879083964703,0.009499231319995112,1.9874379548546288,1.0002320266521276,1.3278010853133282,0.0025487435428231953,0.9999999590721583,,0.8,0.25,0.9980732636990057,0.9914225103505683,0.0004305570902839291,0.65,0.35,"{'I': 1, 'W': 0, 'R': 1, 'C': 'free'}",False,True,True,0.0,3
3234,1,0.010204719725728298,0.23598401294541566,0.04935754142083734,1.1708168344607557,1.0017550293374604,1.1461384136275317,0.0087291333056837,0.9854235798507005,,0.050000000000000044,0.09999999999999998,6.475945645431671e-07,2.382369666798443e-07,1.3007123765404808e-05,0.050000000000000044,0.050000000000000044,"{'I': 1, 'W': 0, 'R': 1, 'C': 'free'}",False,True,True,1.0,3
3234,2,0.0003089749362212549,0.2118453791682677,0.0015447660693137203,0.9554293558454015,1.0000316838223342,1.1181841147519564,0.0001584040548147092,0.9561845689159673,,0.09999999999999998,0.09999999999999998,1.8553914585480553e-07,3.7266387972888573e-06,5.829127217662579e-05,0.050000000000000044,0.050000000000000044,"{'I': 1, 'W': 0, 'R': 1, 'C': 'free'}",False,True,True,1.0,3
3234,3,0.11365590381161143,0.4302174111734023,0.47505170205205416,1.9651465407585458,1.0442142230884077,1.3006049546080471,0.1945251620859647,0.9999993142778496,0.0,0.09999999999999998,0.91,9.61024004691124e-05,1.300714669642925e-05,1.0129987329352018e-05,0.050000000000000044,0.050000000000000044,"{'I': 1, 'W': 0, 'R': 1, 'C': 'free'}",False,True,True,0.6666666666666666,3
3234,4,0.0029095000755553894,0.2755844687911387,0.012614866352475083,1.5576485052105584,1.0003822006823815,1.1875276383390387,0.0019088142040712963,0.999960552438766,,0.050000000000000044,0.050000000000000044,0.09534946204547873,2.902311978588936e-06,1.0129987168960045e-05,0.050000000000000044,0.050000000000000044,"{'I': 0, 'W': 1, 'R': 0, 'C': 'costly'}",False,True,True,1.0,3
3253,1,0.03182190143356347,0.2678096372151659,0.19086497269775432,1.2392711684336568,1.0081315660513088,1.1697121484436415,0.04743039453675957,0.9893901562750189,,0.050000000000000044,0.09999999999999998,1.4449802066177686e-07,3.4663274461009187e-07,2.5612812868903727e-06,0.050000000000000044,0.050000000000000044,"{'I': 1, 'W': 0, 'R': 1, 'C': 'free'}",False,True,True,1.0,3
3253,2,0.010193378656343384,0.27916771019929687,0.0817694018475434,1.6437807645712497,1.00187219506603,1.184434439226873,0.025846339736094404,0.9999915328128383,0.0,0.09999999999999998,0.30000000000000004,1.3709578580094807e-06,2.260325078151857e-06,0.00015843631532259318,0.050000000000000044,0.25,"{'I': 1, 'W': 0, 'R': 1, 'C': 'free'}",False,True,True,1.0,3
3253,3,0.013761098420108416,0.39488277652178133,0.10941175690785457,1.719437518691049,1.0027881900075415,1.286891032159255,0.024747426650453375,0.9999999785179468,0.0,0.15000000000000002,0.19999999999999996,4.785094468139668e-06,5.422288120876599e-06,2.1444958573170377e-05,0.15000000000000002,0.4,"{'I': 1, 'W': 0, 'R': 1, 'C': 'free'}",False,True,True,1.0,3
3253,4,0.016369001812657036,0.21846886533445609,0.06766479094456375,1.5608651951320707,1.0027568787117793,1.1749943340352575,0.01367111719822034,0.9999909338189467,0.0,0.09999999999999998,0.09999999999999998,4.222834909932077e-06,1.0677029939221128e-06,2.1444958013433574e-05,0.050000000000000044,0.050000000000000044,"{'I': 1, 'W': 0, 'R': 1, 'C': 'free'}",False,True,True,0.3333333333333333,3
3253,5,0.00021283617805034578,0.22425696384250313,0.000830670723134872,1.452015332319005,1.0000192517687478,1.1569004411895512,7.700336882821013e-05,0.9999679384182217,,0.09999999999999998,0.09999999999999998,6.962258648630248e-06,4.785094427457496e-06,3.120190308726086e-05,0.050000000000000044,0.050000000000000044,"{'I': 1, 'W': 0, 'R': 1, 'C': 'free'}",True,False,True,0.0,3
3253,6,0.0003279882182908193,0.21709694042516361,0.0008016418051680817,1.553099300644025,1.0000304872618921,1.1265331200817799,0.00012193975340379914,0.9998684161279917,,0.09999999999999998,0.09999999999999998,1.4738988494914966e-05,6.144177359799273e-06,8.481104653980692e-05,0.050000000000000044,0.050000000000000044,"{'I': 1, 'W': 0, 'R': 1, 'C': 'free'}",True,False,True,0.0,3
3253,7,0.003241306307205561,0.16640197129289835,0.02143999798713159,1.9671735576016398,1.0004720184118236,1.0794661976525572,0.003297899267654225,0.986186830370127,0.0,0.050000000000000044,0.050000000000000044,0.9988304894476194,1.3007123806992313e-05,0.11920292750461482,0.0,0.050000000000000044,"{'I': 0, 'W': 1, 'R': 0, 'C': 'costly'}",False,True,True,1.0,3
3265,1,0.03249945972618929,0.25189704281084113,0.22720587924956198,1.4221786535048815,1.0088951489853948,1.1438416051901792,0.06010841116368426,0.9822571523062888,,0.050000000000000044,0.09999999999999998,3.0590233552923355e-07,3.0590233612881525e-07,1.3007123798379923e-05,0.050000000000000044,0.050000000000000044,"{'I': 1, 'W': 0, 'R': 1, 'C': 'free'}",False,True,True,1.0,3
3265,2,0.02318125416207927,0.31576693171826004,0.0740106061402581,1.4358924523242378,1.0042182310683367,1.2579692808294498,0.02082685824043007,0.9999180538550976,,0.9,0.9,0.0001584363659370812,0.0007096708218312456,0.99987660232114,0.65,0.55,"{'I': 1, 'W': 0, 'R': 1, 'C': 'free'}",False,True,True,0.3333333333333333,3
3265,3,9.020165229488403e-06,0.34590037452137196,3.164541726853487e-05,1.7393223646291385,1.0000006198879294,1.1978614682783355,3.0994338828804757e-06,0.9999885082940241,,0.09999999999999998,0.09999999999999998,3.2887505670258384e-06,1.5534971922293952e-06,1.0129987271360356e-05,0.050000000000000044,0.050000000000000044,"{'I': 1, 'W': 0, 'R': 1, 'C': 'free'}",True,False,True,0.0,3
3265,4,0.0006939161749290242,0.34130445819228145,0.0030185574302942744,1.9389038954372322,1.0000720548341766,1.3474534856826712,0.00043221999612408357,0.9999999998564667,0.0,0.09999999999999998,0.15000000000000002,3.927863405292829e-07,1.5534971924823986e-06,1.3007123809111932e-05,0.050000000000000044,0.15000000000000002,"{'I': 1, 'W': 0, 'R': 1, 'C': 'free'}",True,False,True,0.0,3
3265,5,0.0012292991606114093,0.3661982941745776,0.007290946266506194,1.8020877208369765,1.0001529475493116,1.3188207945760895,0.0009171942441531522,0.9999999992656886,0.0,0.15000000000000002,0.15000000000000002,1.9947299426616214e-06,1.5534971900808504e-06,2.4300252241501135e-05,0.050000000000000044,0.15000000000000002,"{'I': 1, 'W': 0, 'R': 1, 'C': 'free'}",True,False,True,0.0,3
3265,6,0.07799565655602879,0.2877372499050794,0.589917899630345,1.764939135737229,1.0406922166372778,1.2105314345376637,0.27318890521155337,0.9999972419431722,0.0,0.19999999999999996,0.15000000000000002,4.006369168033744e-05,1.147876752642193e-05,3.5356254823852434e-05,0.050000000000000044,0.050000000000000044,"{'I': 1, 'W': 0, 'R': 1, 'C': 'free'}",False,True,True,1.0,3
3265,7,0.00010897473160680424,0.29701951078253,0.0007862162567311571,1.6823019997987134,1.000010102687267,1.1506339915339454,8.081782394475656e-05,0.9997460751395518,0.0,0.19999999999999996,0.15000000000000002,1.0129987164284787e-05,7.889264231009485e-06,0.0001584362356776342,0.050000000000000044,0.050000000000000044,"{'I': 1, 'W': 0, 'R': 1, 'C': 'free'}",True,False,True,0.0,3
3291,1,0.242281734267068,0.2021246494687624,1.1980252139576926,0.8452673600778768,1.0881272008739231,1.130295489297925,0.49118176753124465,0.9941664055610601,,0.09999999999999998,0.09999999999999998,6.475945664199014e-07,8.315279277296003e-07,2.4300252154629775e-05,0.050000000000000044,0.050000000000000044,"{'I': 1, 'W': 0, 'R': 1, 'C': 'free'}",False,True,True,0.0,3
3291,2,0.00394100104229999,0.3564320386158734,0.026464220652801622,1.7694411339569383,1.0005971803938347,1.3181294929620617,0.00417029513573719,0.9999969666086864,0.0,0.09999999999999998,0.15000000000000002,3.726638819870238e-06,3.7266590172887558e-06,6.605215891269378e-05,0.050000000000000044,0.050000000000000044,"{'I': 1, 'W': 0, 'R': 1, 'C': 'free'}",False,True,True,0.3333333333333333,3
3291,3,7.379989554056074e-05,0.2264034444954638,0.00042458801193887127,1.6311276573679507,1.000006397470404,1.1209900887780868,3.8383962959631646e-05,0.999576279525971,,0.09999999999999998,0.15000000000000002,6.144177422582139e-06,3.7266590000746166e-06,5.829127158832705e-05,0.050000000000000044,0.050000000000000044,"{'I': 1, 'W': 0, 'R': 1, 'C': 'free'}",True,False,True,0.0,3
3291,4,0.021379590048458914,0.23862962708863422,0.15887532805928406,1.6192915635752394,1.0043236293090703,1.198746671836145,0.03808460917145651,0.9999978540175701,0.05,0.19999999999999996,0.15000000000000002,5.82912700943046e-05,0.0007096705787511649,0.437823496570727,0.15000000000000002,0.25,"{'I': 1, 'W': 0, 'R': 1, 'C': 'free'}",False,True,True,0.3333333333333333,3
3291,5,0.00014647138764013214,0.4139055389179518,0.000809761671905661,1.8654958919256144,1.0000135894590036,1.3276530341440897,8.15328760211953e-05,0.9999999999391894,,0.19999999999999996,0.15000000000000002,1.1478768043225667e-05,7.889264422200715e-06,0.09534946200089893,0.050000000000000044,0.25,"{'I': 1, 'W': 0, 'R': 1, 'C': 'free'}",True,True,True,0.0,3
3291,6,4.0352757560550494e-05,0.3241248952413199,0.0002837833819034937,1.7925742896758332,1.0000033378316533,1.2222786241350145,3.0039983534901893e-05,0.9999999857215686,0.05,0.15000000000000002,0.15000000000000002,3.7266388172808076e-06,2.90231197500799e-06,0.0015011819935102514,0.050000000000000044,0.15000000000000002,"{'I': 1, 'W': 0, 'R': 1, 'C': 'free'}",True,True,True,0.0,3
3291,7,0.008221422091194443,0.3039561907550169,0.07393395169835165,1.4835586249966812,1.001575393331355,1.2012992020444935,0.014067498194446304,0.9999994900165285,0.05,0.4,0.25,2.144495835412332e-05,3.7266388072615e-06,0.9914225140909989,0.15000000000000002,0.4,"{'I': 1, 'W': 0, 'R': 1, 'C': 'free'}",True,False,True,0.0,3
3317,1,0.3857903048022851,0.31273161896351004,0.9695197235023163,2.505458756766125,1.3637313692837854,1.1804077774491668,0.844537009687296,0.9996512927241034,,0.15000000000000002,0.09999999999999998,6.96225787549163e-06,2.902311961038868e-06,4.006369203016257e-05,0.050000000000000044,0.050000000000000044,"{'I': 1, 'W': 0, 'R': 1, 'C': 'free'}",False,True,True,0.6666666666666666,3
3317,2,0.054741743908885504,0.40304385974428636,0.39219936255774795,1.9021844132377195,1.0129878824385947,1.2575547265441187,0.13233266686762546,0.9999983117367923,,0.15000000000000002,0.15000000000000002,1.2098659684070883e-06,3.7266387909931727e-06,6.605215925544535e-05,0.050000000000000044,0.15000000000000002,"{'I': 1, 'W': 0, 'R': 1, 'C': 'free'}",False,True,True,0.0,3
3317,3,1.8482085430112895e-05,0.36534812234882497,6.340268010320089e-05,1.8699396894081237,1.0000013623898771,1.212643755482854,9.53667716918627e-06,0.9999994751836011,,0.15000000000000002,0.19999999999999996,2.2603250953266437e-06,1.0677029939578385e-06,0.0002611903054242338,0.15000000000000002,0.4,"{'I': 1, 'W': 0, 'R': 1, 'C': 'free'}",False,True,True,1.0,3
3317,4,0.0014158680578012313,0.21518360935007785,0.009064400879110555,1.2599765087171122,1.0001784931874589,1.076771923372296,0.0012485607147835198,0.9872737529407114,0.05,0.09999999999999998,0.09999999999999998,1.760342987343658e-06,4.7850944340840545e-06,3.120190316541122e-05,0.050000000000000044,0.050000000000000044,"{'I': 1, 'W': 0, 'R': 1, 'C': 'free'}",False,True,True,1.0,3
3317,5,0.02391964869551693,0.23388513031405297,0.15935495643632044,1.7053374519885984,1.0055910235654497,1.1406560553723168,0.03827637592398869,0.999851872938826,0.05,0.09999999999999998,0.09999999999999998,1.1478767551809033e-05,1.8925391168826682e-05,3.535625347828929e-05,0.050000000000000044,0.050000000000000044,"{'I': 1, 'W': 0, 'R': 1, 'C': 'free'}",True,False,True,0.0,3
3317,6,0.06241621066027565,0.19634952774676653,0.27278107291305836,1.7039735608044828,1.0169916840640287,1.1294551251426879,0.11125291764495548,0.999713068446931,0.0,0.050000000000000044,0.09999999999999998,2.753568779926691e-05,2.2603251053077344e-06,3.5356253766064773e-05,0.050000000000000044,0.050000000000000044,"{'I': 0, 'W': 1, 'R': 0, 'C': 'costly'}",False,True,True,1.0,3
3341,1,0.02094694343509853,0.27655034630177283,0.09042156689462272,1.1105105116770106,1.0040348166183892,1.1714981893786183,0.019932167499035036,0.9990551374302478,,0.050000000000000044,0.09999999999999998,1.2098659694777483e-06,5.04347646954008e-07,1.300712375957617e-05,0.050000000000000044,0.050000000000000044,"{'I': 1, 'W': 0, 'R': 1, 'C': 'free'}",False,True,True,1.0,3
3341,2,2.4408416682690238e-05,0.3635304952647266,0.0001593402366806924,1.8500492646587257,1.0000019413982066,1.2397049603631218,1.3589681914671914e-05,0.9999732452194817,,0.15000000000000002,0.15000000000000002,1.3709578450995534e-06,4.785094284071806e-06,4.006369121943656e-05,0.050000000000000044,0.25,"{'I': 1, 'W': 0, 'R': 1, 'C': 'free'}",False,True,True,1.0,3
3341,3,4.369330798338274e-06,0.2896770461945805,3.16445534371237e-05,1.2940878745289042,1.0000002980229548,1.2023298565309688,2.3841804406288247e-06,0.9999974976631122,0.0,0.0,0.050000000000000044,1.7603430027815016e-06,8.764248495089992e-08,2.9023119682507264e-06,0.0,0.050000000000000044,"{'I': 0, 'W': 1, 'R': 0, 'C': 'costly'}",False,True,True,1.0,3
3352,1,0.03317504298210064,0.2902198989665313,0.19086498094733864,1.6467432934586665,1.008275958435683,1.263009244543617,0.04824859055765429,0.9999121505948136,,0.050000000000000044,0.09999999999999998,8.315279240994464e-07,3.466327445020364e-07,1.892514584229549e-05,0.050000000000000044,0.050000000000000044,"{'I': 1, 'W': 0, 'R': 1, 'C': 'free'}",False,True,True,1.0,3
3352,2,0.0005076416215783789,0.21359998190465448,0.0037674850601827625,1.1510521954311672,1.000056270999242,1.0955534266591356,0.000506296533432038,0.9944933561316028,0.0,0.09999999999999998,0.09999999999999998,5.043476475291323e-07,1.9947299353448313e-06,2.1444958511785984e-05,0.050000000000000044,0.050000000000000044,"{'I': 1, 'W': 0, 'R': 1, 'C': 'free'}",False,True,True,1.0,3
3352,3,0.0023239753924914047,0.33236313417841,0.0183685042998468,2.1175979615387965,1.0002886762390415,1.23136921659531,0.002306412773871669,0.999999999257353,,0.09999999999999998,0.09999999999999998,8.939699338105404e-06,2.4300251238146475e-05,3.120190352007281e-05,0.050000000000000044,0.050000000000000044,"{'I': 1, 'W': 0, 'R': 1, 'C': 'free'}",True,False,True,0.0,3
3352,4,1.124711266537683e-05,0.25538275449969927,6.459702448899028e-05,1.8999123105571356,1.0000008174337247,1.1634348315420542,5.722017363152254e-06,0.9999944965496097,0.0,0.09999999999999998,0.15000000000000002,3.5356254909427474e-05,1.7603429944366214e-06,5.829127212282745e-05,0.050000000000000044,0.050000000000000044,"{'I': 0, 'W': 1, 'R': 0, 'C': 'costly'}",False,True,True,0.6666666666666666,3
3355,1,0.0024705153874920484,0.29921531859558237,0.008184202845253487,1.1874171743805124,1.0002792173540607,1.2273750953592237,0.0013949180968110264,0.9992312338316257,,0.050000000000000044,0.09999999999999998,6.475945640445215e-07,7.338208042127718e-07,1.012998732567263e-05,0.050000000000000044,0.050000000000000044,"{'I': 1, 'W': 0, 'R': 1, 'C': 'free'}",False,True,True,1.0,3
3355,2,0.0427754036932428,0.2999900256064837,0.1593550474670156,1.323129724386842,1.0093325907081128,1.1698898538705815,0.04538442207342053,0.9974266967412826,,0.050000000000000044,0.050000000000000044,0.0015011819897486531,2.9023119843513065e-06,1.670142951860791e-05,0.0,0.050000000000000044,"{'I': 0, 'W': 1, 'R': 0, 'C': 'costly'}",False,True,True,0.3333333333333333,3
3368,1,0.005104564916430804,0.1705534530955071,0.04935753950473179,0.9994105946755413,1.0008501579881,1.0732047935437996,0.009304210357305776,0.8957306471582172,,0.050000000000000044,0.09999999999999998,3.0590233481648317e-07,5.043476474550243e-07,1.1478768072567273e-05,0.0,0.050000000000000044,"{'I': 1, 'W': 0, 'R': 1, 'C': 'free'}",False,True,True,1.0,3
3368,2,0.040806304351280284,0.49172312325105444,0.5303042551304132,1.904225783631261,1.019569133717752,1.4799133186007076,0.2227098397230256,0.9999999999721163,0.0,0.09999999999999998,0.09999999999999998,1.2098659650013573e-06,2.561281277166658e-06,1.300712368169723e-05,0.050000000000000044,0.050000000000000044,"{'I': 1, 'W': 0, 'R': 1, 'C': 'free'}",False,True,True,1.0,3
3368,3,0.00012488112237529487,0.2648807263074203,0.0004996404777547429,1.5560405261404877,1.000011354490995,1.1432287280205993,9.083128685460906e-05,0.9842285002442468,0.0,0.0,0.0,4.539785235452834e-05,8.315279282600332e-07,5.422217638669589e-06,0.0,0.0,"{'I': 0, 'W': 1, 'R': 0, 'C': 'costly'}",False,True,True,1.0,3
3378,1,0.10896210096376009,0.31944931798660076,0.6274870845675056,1.5312294869327916,1.0671799948413319,1.2561682981583024,0.3230229479952621,0.999930818307222,0.0,0.09999999999999998,0.15000000000000002,1.0677029918654994e-06,9.422445917960608e-07,2.1444958516932845e-05,0.050000000000000044,0.050000000000000044,"{'I': 1, 'W': 0, 'R': 1, 'C': 'free'}",False,True,True,1.0,3
3378,2,4.205729990567058e-05,0.35012853612272243,0.0001131892935862748,1.3897458404585752,1.0000031590392637,1.1906374339762076,1.8954026013373593e-05,0.9999429381083469,0.0,0.15000000000000002,0.15000000000000002,1.3709578470173108e-06,3.28875058184488e-06,2.7535687396508126e-05,0.050000000000000044,0.15000000000000002,"{'I': 1, 'W': 0, 'R': 1, 'C': 'free'}",False,True,True,1.0,3
3378,3,0.00941574976956985,0.5970415661452295,0.03313844166947449,2.0142100253198065,1.0014442207532945,1.4042689254826983,0.00575608537177108,0.9999999999955708,,0.19999999999999996,0.15000000000000002,7.484626264043069e-05,2.2603251029104787e-06,6.144177506441378e-06,0.15000000000000002,0.15000000000000002,"{'I': 1, 'W': 0, 'R': 1, 'C': 'free'}",False,True,True,1.0,3
3378,4,3.329219432279041e-05,0.2845615381379391,0.00012663810015928193,1.5935061670108057,1.0000025510713126,1.1699205240336557,1.2755258944285863e-05,0.9999933912907322,,0.25,0.15000000000000002,2.7535689369473493e-05,4.0064663096729226e-05,0.00013982201780863676,0.15000000000000002,0.25,"{'I': 1, 'W': 0, 'R': 1, 'C': 'free'}",False,True,True,0.0,3
3378,5,1.638451511512635e-05,0.5287130912733902,5.042560504395149e-05,1.5460307627356686,1.0000011205662216,1.3207766399029666,5.602812272909041e-06,0.9999963467622232,,0.4,0.25,0.00020342703972483145,0.18242552040257776,0.0001088969338503987,0.15000000000000002,0.25,"{'I': 1, 'W': 0, 'R': 1, 'C': 'free'}",True,False,True,0.0,3
3378,6,2.2716011264543264e-05,0.2939919999866681,0.00010063576496156919,1.6624159796536218,1.0000017404509176,1.2281432752277843,8.702209150945883e-06,0.9999999681520784,,0.30000000000000004,0.25,9.610238867408833e-05,2.144515001981788e-05,0.0001584362337034584,0.4,0.35,"{'I': 1, 'W': 0, 'R': 1, 'C': 'free'}",True,False,True,0.0,3
3378,7,8.931045796741529e-05,0.27432870168850837,0.00037884308230498175,1.4538211111984756,1.0000073670578156,1.1847648650776672,3.6834474989144717e-05,0.9999950055920122,,0.4,0.30000000000000004,0.00015843623246926812,4.5398311842662514e-05,0.06008665026654044,0.15000000000000002,0.4,"{'I': 1, 'W': 0, 'R': 1, 'C': 'free'}",True,False,True,0.0,3
3388,1,0.00269785454029662,0.24661955510326866,0.021420659630109497,1.3189523676866144,1.0003987839209971,1.1498643537090902,0.003184553939643231,0.9942973673280627,,0.09999999999999998,0.09999999999999998,1.2098659686568017e-06,3.72663881423173e-06,0.00012339461779976044,0.050000000000000044,0.050000000000000044,"{'I': 1, 'W': 0, 'R': 1, 'C': 'free'}",False,True,True,1.0,3
3388,2,0.00020402049515486908,0.10608974162348012,0.0007859557959908726,0.7942087396262348,1.0000181194462348,1.0462411917158143,0.00010870978314003743,0.784960470970073,,0.15000000000000002,0.15000000000000002,4.222834912236957e-06,2.1444957317186837e-05,0.006692851977853946,0.050000000000000044,0.15000000000000002,"{'I': 1, 'W': 0, 'R': 1, 'C': 'free'}",False,True,True,1.0,3
3388,3,4.007281004078173e-05,0.4435812779194772,0.00010089751277768024,1.9553948471367093,1.000002940491036,1.3050702302174255,1.764276464133463e-05,0.9999999322827606,,0.30000000000000004,0.25,8.939699372657043e-06,1.300718593079814e-05,0.00043055709065471456,0.15000000000000002,0.35,"{'I': 1, 'W': 0, 'R': 1, 'C': 'free'}",True,False,True,0.0,3
3388,4,0.0019680561428024558,0.3557314280062318,0.017311455096857175,1.401915356871731,1.0002790584467813,1.217581537374076,0.0025080252909437384,0.9999998239428266,0.05,0.19999999999999996,0.19999999999999996,7.889264398477249e-06,1.6701452570592233e-05,0.00015843623511910441,0.15000000000000002,0.25,"{'I': 1, 'W': 0, 'R': 1, 'C': 'free'}",False,True,True,1.0,3
3388,5,4.304005383989612e-05,0.40339622043135287,0.0003166776234326052,1.7873140116275832,1.000003665644946,1.2435381206349936,2.932467584426668e-05,0.9999994344132906,,0.19999999999999996,0.25,5.422217562117593e-06,2.144531586701269e-05,0.00013982202153740717,0.15000000000000002,0.35,"{'I': 1, 'W': 0, 'R': 1, 'C': 'free'}",True,False,True,0.0,3
3388,6,0.0003076796788931487,0.34128201343776254,0.0027053788994862997,1.7372762520098202,1.000031502295166,1.1986796568855476,0.00044092794839611926,0.9998608297550156,0.05,0.19999999999999996,0.19999999999999996,1.0129987291616678e-05,7.889275237785027e-06,0.00015843623499116704,0.050000000000000044,0.15000000000000002,"{'I': 1, 'W': 0, 'R': 1, 'C': 'free'}",False,True,True,1.0,3
3388,7,0.004862015608593662,0.28331593005875966,0.022047390504948115,2.39430620391821,1.0007153717847361,1.200838002741406,0.006415377283561785,0.9999972704543965,0.0,0.09999999999999998,0.09999999999999998,0.9998766017952843,0.9998766041186317,0.49999999736184964,0.75,0.15000000000000002,"{'I': 0, 'W': 1, 'R': 0, 'C': 'costly'}",False,True,True,1.0,3
339,1,0.11524627060003459,0.2041497220132667,0.5973029964144839,1.1172867227546928,1.0425680272845508,1.089270013951088,0.3128360294012641,0.9230987230571722,0.0,0.09999999999999998,0.91,5.715002409761831e-07,1.760342995777487e-06,2.430025212378057e-05,0.050000000000000044,0.050000000000000044,"{'I': 1, 'W': 0, 'R': 1, 'C': 'free'}",False,True,True,1.0,3
339,2,0.00037968223358396196,0.4466821412100775,0.0016729948685330087,1.9178670886715505,1.0000330195435982,1.3558453340454841,0.000198094367510393,0.999999999589721,,0.19999999999999996,0.19999999999999996,1.9947299539907794e-06,4.785094439607719e-06,4.539785205846498e-05,0.050000000000000044,0.15000000000000002,"{'I': 1, 'W': 0, 'R': 1, 'C': 'free'}",False,True,True,1.0,3
339,3,0.08257599996690852,0.2900488663809254,0.24773526485034847,1.4748905184641306,1.0219715500190374,1.1990720044635181,0.1029720600538161,0.9999995075309597,0.05,0.09999999999999998,0.09999999999999998,2.902311975235042e-06,5.4222169824197145e-06,3.5356254438638946e-05,0.050000000000000044,0.050000000000000044,"{'I': 1, 'W': 0, 'R': 1, 'C': 'free'}",False,True,True,1.0,3
339,4,9.13327741379764e-05,0.2908379498054348,0.0002525589604027795,2.133209346205412,1.0000075101470425,1.16286988396473,3.004002415540885e-05,0.9999933466363717,,0.09999999999999998,0.09999999999999998,1.7603429940982696e-06,3.7266387927883972e-06,5.829127128336582e-05,0.050000000000000044,0.050000000000000044,"{'I': 1, 'W': 0, 'R': 1, 'C': 'free'}",False,True,True,0.0,3
339,5,0.03985115305887182,0.3423091983908585,0.3256033322926925,1.5951749304907779,1.010228771121424,1.2062304385491958,0.1673838961573243,0.9999999530890218,0.0,0.050000000000000044,0.09999999999999998,0.9998601775952929,2.1444958512284694e-05,0.00017952800495494965,0.050000000000000044,0.050000000000000044,"{'I': 0, 'W': 1, 'R': 0, 'C': 'costly'}",False,True,True,1.0,3
3395,1,0.0011552187867875708,0.2148301013777661,0.009064389881976203,1.1069161781838117,1.0001435942211938,1.1269812810720945,0.0012914206105523185,0.999025389128945,0.0,0.09999999999999998,0.09999999999999998,3.0590233539565677e-07,3.9278634041816743e-07,6.144177525733065e-06,0.050000000000000044,0.050000000000000044,"{'I': 1, 'W': 0, 'R': 1, 'C': 'free'}",False,True,True,1.0,3
3395,2,0.013260681138440126,0.27233534711825746,0.1323433283334422,1.587294697376011,1.0029816833556542,1.225884811535806,0.029333635413606896,0.9999990330081127,0.0,0.09999999999999998,0.09999999999999998,1.0677029901385759e-06,1.9947299466863967e-06,5.144221285471879e-05,0.050000000000000044,0.050000000000000044,"{'I': 1, 'W': 0, 'R': 1, 'C': 'free'}",False,True,True,1.0,3
3395,3,1.9574632814136954e-05,0.3025995410934027,0.0001266409698856198,1.4966826490300227,1.000001496733977,1.2567536251950209,1.347050498279323e-05,0.9999999985319632,,0.09999999999999998,0.19999999999999996,2.5612815793301825e-06,7.889264276243562e-06,4.00636917114224e-05,0.050000000000000044,0.25,"{'I': 1, 'W': 0, 'R': 1, 'C': 'free'}",True,False,True,0.0,3
3395,4,0.0038014765303866897,0.3539283861874923,0.0326398689876463,1.7308348673402654,1.0005830721570779,1.2595101851687027,0.006391412078553982,0.9999999984785706,0.05,0.30000000000000004,0.4,1.0129987309715182e-05,2.2603296065607504e-06,0.0005527786530191208,0.5,0.65,"{'I': 1, 'W': 0, 'R': 1, 'C': 'free'}",False,True,True,1.0,3
3395,5,0.004266394502038469,0.5200874076792591,0.04059608758658778,1.789390752417651,1.000694651768891,1.4112697887827037,0.006920051506911995,0.9999999999994605,,0.25,0.19999999999999996,4.222834934732428e-06,1.067702995139213e-06,2.7535687576025033e-05,0.25,0.25,"{'I': 1, 'W': 0, 'R': 1, 'C': 'free'}",True,False,True,0.0,3
3395,6,0.011959144979182112,0.3203188872896101,0.07408847712598175,1.585092855948504,1.00220144833487,1.1682559219876791,0.015275331141608395,0.9999913969853649,,0.25,0.4,1.30071238098718e-05,1.3709578599309369e-06,0.004070137783483741,0.4,0.35,"{'I': 1, 'W': 0, 'R': 1, 'C': 'free'}",False,True,True,0.6666666666666666,3
3395,7,2.2227215763110492e-05,0.2562870689874183,0.00010090767914558332,1.3825959431109662,1.0000016689264928,1.227033306537584,1.1682407461632849e-05,0.9999999365202015,,0.09999999999999998,0.15000000000000002,2.699578416339719e-07,3.9278634031281e-07,1.7603430033233836e-06,0.050000000000000044,0.15000000000000002,"{'I': 1, 'W': 0, 'R': 1, 'C': 'free'}",True,False,True,0.0,3
3414,1,0.0012841307411786955,0.3027521589246567,0.007288829429134777,1.337912035881536,1.0001573192101465,1.259283158149652,0.0009433957428295336,0.9998025603455907,,0.09999999999999998,0.15000000000000002,7.338208031427051e-07,6.47594565280981e-07,5.829127206966461e-05,0.050000000000000044,0.050000000000000044,"{'I': 1, 'W': 0, 'R': 1, 'C': 'free'}",False,True,True,1.0,3
3414,2,0.02737396532562128,0.13263662232374948,0.1330988360123096,1.0691292128244827,1.0060691294436968,1.0719286930328944,0.02980086262034931,0.9865192380426154,0.0,0.050000000000000044,0.050000000000000044,6.144177523969419e-06,3.9278633967101735e-07,2.9023119704257778e-06,0.0,0.0,"{'I': 0, 'W': 1, 'R': 0, 'C': 'costly'}",False,True,True,1.0,3
3446,1,0.0018855129855059026,0.26415824636194035,0.011259998526751011,1.5982037505441624,1.000251017286297,1.150681696002567,0.0015047813997693948,0.9988138211661941,,0.050000000000000044,0.09999999999999998,3.9278633816616607e-07,5.043476473994208e-07,2.430025213468871e-05,0.050000000000000044,0.050000000000000044,"{'I': 1, 'W': 0, 'R': 1, 'C': 'free'}",False,True,True,1.0,3
3446,2,0.0001652393190400757,0.12299937904045558,0.00031666081942269514,1.3350065390034884,1.0000136851856585,1.0667723453344373,6.842311911714472e-05,0.9653048259829033,0.0,0.050000000000000044,0.050000000000000044,1.0129987353824106e-05,1.444980209468249e-07,1.209865967634362e-06,0.0,0.050000000000000044,"{'I': 0, 'W': 1, 'R': 0, 'C': 'costly'}",False,True,True,0.6666666666666666,3
3459,1,0.012872227589025018,0.1779441528975133,0.09009477720403543,1.0228218153522404,1.002596284183992,1.0632523645664422,0.017986710499691583,0.9027659387033392,,0.050000000000000044,0.09999999999999998,5.043476465295386e-07,7.338208038274472e-07,1.0129987298749116e-05,0.050000000000000044,0.050000000000000044,"{'I': 1, 'W': 0, 'R': 1, 'C': 'free'}",False,True,True,1.0,3
3459,2,0.0013043664216032351,0.16508699725043655,0.009064896297820054,1.4841498632901216,1.000167848057566,1.0936612439436468,0.0011741479568411206,0.9886274230262218,0.0,0.050000000000000044,0.050000000000000044,1.3007123801500238e-05,1.067702995462923e-06,1.147876777650873e-05,0.0,0.050000000000000044,"{'I': 0, 'W': 1, 'R': 0, 'C': 'costly'}",False,True,True,0.6666666666666666,3
3465,1,0.03911906875577244,0.1545665726696961,0.3363617140927335,1.1336298201662725,1.0085234784188035,1.070121180705072,0.08137159613985556,0.9526285369786094,,0.09999999999999998,0.15000000000000002,2.382369664304099e-07,8.31527926344977e-07,1.670142965800503e-05,0.050000000000000044,0.050000000000000044,"{'I': 1, 'W': 0, 'R': 1, 'C': 'free'}",False,True,True,1.0,3
3465,2,0.015929014688035648,0.45379190238344236,0.19086502805089178,1.821654047730964,1.0040588478368784,1.279887468946058,0.04744515655815784,0.9999973265807247,0.05,0.15000000000000002,0.15000000000000002,1.0677029934266093e-06,2.561281273631587e-06,1.6701429642441373e-05,0.050000000000000044,0.050000000000000044,"{'I': 1, 'W': 0, 'R': 1, 'C': 'free'}",False,True,True,1.0,3
3465,3,0.10425622790005513,0.48494313213824564,0.6073991645028034,1.9993285185113987,1.0459841929008875,1.3669265173967975,0.23642927154409255,0.9999999999971049,,0.15000000000000002,0.15000000000000002,4.5397852242622135e-05,7.889319376117204e-06,0.0001584362355479462,0.050000000000000044,0.15000000000000002,"{'I': 1, 'W': 0, 'R': 1, 'C': 'free'}",False,True,True,0.6666666666666666,3
3465,4,0.10295470787185369,0.3800575537203406,0.7496842047865334,1.766364671393795,1.0343536332219254,1.270233912475365,0.33323703563543305,0.9999998904047124,0.05,0.09999999999999998,0.09999999999999998,8.939699476265151e-06,6.144215232640641e-06,1.300712379335806e-05,0.050000000000000044,0.050000000000000044,"{'I': 1, 'W': 0, 'R': 1, 'C': 'free'}",False,True,True,0.6666666666666666,3
3465,5,9.05862720429837e-07,0.2956558572354968,9.87972788784521e-06,1.7539016936389837,1.0000000541860268,1.2407658249375408,5.960460995879657e-07,0.9999999242167102,,0.09999999999999998,0.09999999999999998,1.067702994928e-06,8.315279269297658e-07,3.726638839217039e-06,0.050000000000000044,0.050000000000000044,"{'I': 1, 'W': 0, 'R': 1, 'C': 'free'}",True,False,True,0.0,3
3465,6,0.006184762920541674,0.3972424916460564,0.07393686009827113,1.9129024352251196,1.0011827345638897,1.2513264589916129,0.014084303175108781,0.9999999986219249,0.05,0.15000000000000002,0.15000000000000002,2.2603251016313725e-06,4.785094463061094e-06,3.2887506280561877e-06,0.050000000000000044,0.050000000000000044,"{'I': 1, 'W': 0, 'R': 1, 'C': 'free'}",True,False,True,0.0,3
3465,7,0.04273772125572454,0.3432746361176826,0.37752048648122116,1.5321724971367623,1.0132975900115,1.2578736818869247,0.14659362433326373,0.9999999982941482,0.05,0.8,0.30000000000000004,0.07585817776460876,7.484702001980123e-05,0.0001233946188741877,0.15000000000000002,0.25,"{'I': 1, 'W': 0, 'R': 1, 'C': 'free'}",True,False,True,0.0,3
3473,1,0.0026847869507549875,0.3649059574593132,0.0214206615786183,1.9574039571634856,1.0003977404289968,1.310041137688963,0.0031762358661473478,0.9999986330478121,,0.09999999999999998,0.09999999999999998,1.1253517514803216e-07,7.338208034095762e-07,2.4300251888642534e-05,0.050000000000000044,0.050000000000000044,"{'I': 1, 'W': 0, 'R': 1, 'C': 'free'}",False,True,True,1.0,3
3473,2,0.0008499021950215845,0.4202993552078846,0.005860707664421327,1.452522478375743,1.0001024210724974,1.3015992778814616,0.000716653875577955,0.9999999999964333,,0.09999999999999998,0.09999999999999998,2.902311957752412e-06,6.1441774411726475e-06,2.4300251952288207e-05,0.050000000000000044,0.15000000000000002,"{'I': 1, 'W': 0, 'R': 1, 'C': 'free'}",False,True,True,1.0,3
3473,3,3.5839979395364537e-06,0.45774673953139217,1.9880988991622297e-05,1.7498293760174655,1.000000238418437,1.384185046424271,1.430509428246296e-06,0.9999999999999614,,0.19999999999999996,0.19999999999999996,6.144177513800392e-06,6.14417752100664e-06,5.8291272386345916e-05,0.15000000000000002,0.25,"{'I': 1, 'W': 0, 'R': 1, 'C': 'free'}",False,True,True,1.0,3
3473,4,4.3271442546010484e-05,0.4484674768023576,0.00011901867471073301,1.8588456273889646,1.000003201614075,1.331053875898072,2.2411011517897705e-05,0.9999999999996194,,0.09999999999999998,0.15000000000000002,5.144221075743665e-05,2.1445126986073524e-05,5.8291271861379574e-05,0.15000000000000002,0.15000000000000002,"{'I': 1, 'W': 0, 'R': 1, 'C': 'free'}",False,True,True,0.0,3
3473,5,1.5472488520490089e-06,0.3428482789222312,6.187546068143068e-06,1.6428070077004353,1.000000085149484,1.2356544865512826,5.96046184853094e-07,0.9999999998811173,,0.30000000000000004,0.15000000000000002,0.0009110513543664594,0.0003353501112636951,0.0179862122375463,0.15000000000000002,0.25,"{'I': 1, 'W': 0, 'R': 1, 'C': 'free'}",True,True,True,0.0,3
3473,6,7.621504085061356e-06,0.4168302678227137,5.032564820870886e-05,1.7721555310741353,1.0000005449559253,1.2537948977402396,3.814683161351695e-06,0.9999999977297789,,0.4,0.19999999999999996,2.144495847458295e-05,6.1442152320019395e-06,0.0031726830659690175,0.4,0.25,"{'I': 1, 'W': 0, 'R': 1, 'C': 'free'}",True,False,True,0.0,3
3473,7,0.01367857916951991,0.5061209935102297,0.10941107594025148,1.982102349476162,1.0029100558253445,1.3846341774067978,0.022978517035381785,0.9999999999999859,0.05,0.4,0.30000000000000004,2.1444958544933413e-05,4.785137240111207e-06,0.0474258734749031,0.15000000000000002,0.4,"{'I': 1, 'W': 0, 'R': 1, 'C': 'free'}",True,False,True,0.0,3
3477,1,0.012493750188180955,0.17862890638355183,0.07393387042069548,1.0828543523218397,1.0023798921615805,1.0713930495464707,0.014161162174506803,0.9041173646759755,,0.050000000000000044,0.09999999999999998,1.637377055395637e-07,5.043476474711618e-07,1.0129987317537992e-05,0.050000000000000044,0.050000000000000044,"{'I': 1, 'W': 0, 'R': 1, 'C': 'free'}",False,True,True,1.0,3
3477,2,0.005063010928760339,0.42473450103231053,0.04017962001888869,2.053997305934804,1.0008430221881026,1.2342403673943545,0.006718664522664675,0.9999906024651571,0.05,0.15000000000000002,0.15000000000000002,3.288750610290697e-06,2.9023119677005094e-06,0.00010889693308784037,0.15000000000000002,0.15000000000000002,"{'I': 1, 'W': 0, 'R': 1, 'C': 'free'}",False,True,True,1.0,3
3477,3,0.06101596400945767,0.19303013920678413,0.3659616232267479,1.4948862033036714,1.0213915802115423,1.1502487595899504,0.11926276122029156,0.9999361196007872,0.0,0.050000000000000044,0.09999999999999998,0.999841563618809,0.9998415633440184,0.00020342704655510797,0.050000000000000044,0.050000000000000044,"{'I': 0, 'W': 1, 'R': 0, 'C': 'costly'}",False,True,True,0.6666666666666666,3
3485,1,0.0018889899376365899,0.19651144876058618,0.00728882625940897,1.765835412668191,1.0002168902097075,1.1244117174887933,0.0013003539606988301,0.9959588222680166,0.0,0.050000000000000044,0.91,1.994729942659445e-06,8.315279260567048e-07,5.8291271663560105e-05,0.050000000000000044,0.050000000000000044,"{'I': 1, 'W': 0, 'R': 1, 'C': 'free'}",False,True,True,1.0,3
3485,2,0.00010038001242734481,0.14499874444299676,0.0007858913890102625,1.3471167501515968,1.0000094768332537,1.059379662808741,7.581143295787296e-05,0.9581051854580059,,0.19999999999999996,0.19999999999999996,4.22283493162511e-06,8.93969940480965e-06,0.0474258798518932,0.050000000000000044,0.25,"{'I': 1, 'W': 0, 'R': 1, 'C': 'free'}",False,True,True,1.0,3
3485,3,0.018954912461116698,0.23118745237423038,0.28162859822295755,1.330009422615828,1.004187135240807,1.1602703385173305,0.1214919438762575,0.9999592643094475,0.0,0.0,0.050000000000000044,0.9992903295675402,6.144177511147168e-06,7.484626266065982e-05,0.050000000000000044,0.050000000000000044,"{'I': 0, 'W': 1, 'R': 0, 'C': 'costly'}",False,True,True,1.0,3
3491,1,0.040137902941153165,0.2983544118690929,0.1908649979189372,1.4207799132617362,1.0095795082193697,1.2418973761328653,0.06455919321165138,0.999989685281125,0.0,0.09999999999999998,0.09999999999999998,2.699578410580989e-07,9.422445923315649e-07,1.6701429700313354e-05,0.050000000000000044,0.050000000000000044,"{'I': 1, 'W': 0, 'R': 1, 'C': 'free'}",False,True,True,1.0,3
3491,2,0.03253937036268752,0.2543356021371979,0.22720588412287304,1.2471739495897158,1.008899100566563,1.1464578246249004,0.06013417994454662,0.9997255172626262,0.0,0.09999999999999998,0.09999999999999998,1.3709578576669959e-06,1.0129987144171647e-05,7.484626252820998e-05,0.050000000000000044,0.050000000000000044,"{'I': 1, 'W': 0, 'R': 1, 'C': 'free'}",False,True,True,0.6666666666666666,3
3491,3,0.13111038133105543,0.21313146876808206,0.7248565385366389,1.3436372011008857,1.1248792734960191,1.1265202444336513,0.5064120922172455,0.9996584243128043,0.0,0.09999999999999998,0.09999999999999998,0.9994472204862733,0.006692851680959769,0.00029595723684395847,0.050000000000000044,0.050000000000000044,"{'I': 1, 'W': 0, 'R': 1, 'C': 'free'}",False,True,True,0.0,3
3491,4,0.08085475222773086,0.419711680977804,0.4750516374857873,1.374484154721815,1.0318733269048603,1.2947205269101747,0.19718533904289315,0.9999930832439433,0.0,0.09999999999999998,0.09999999999999998,8.939699139577656e-06,3.120190244720534e-05,0.0002611902976336593,0.050000000000000044,0.050000000000000044,"{'I': 1, 'W': 0, 'R': 1, 'C': 'free'}",True,True,True,0.0,3
3491,5,0.0025290313048638084,0.2027798655279649,0.009675399144794627,1.2150098907802027,1.0003047093765285,1.101308742402517,0.0018263080385283459,0.9767969211058122,,0.050000000000000044,0.050000000000000044,7.484626297368828e-05,8.31527928514008e-07,1.3007123805505274e-05,0.0,0.050000000000000044,"{'I': 0, 'W': 1, 'R': 0, 'C': 'costly'}",False,True,True,0.0,3
3498,1,0.044965808235543026,0.2461844327886999,0.31474285025151555,1.36222484862423,1.0144183525350143,1.1866423794075864,0.09535056578025025,0.9974950152237918,,0.050000000000000044,0.09999999999999998,1.5534971880699734e-06,9.422445918189498e-07,2.7535687477074803e-05,0.050000000000000044,0.050000000000000044,"{'I': 1, 'W': 0, 'R': 1, 'C': 'free'}",False,True,True,1.0,3
3498,2,0.00010342396170582411,0.22331419831060179,0.0002644540235818813,1.6833936096148887,1.000008559171942,1.1202741168876236,4.279476084145806e-05,0.9915203229061604,,0.09999999999999998,0.15000000000000002,1.7603429966736858e-06,1.6701429466041693e-05,0.00012339461800089005,0.050000000000000044,0.050000000000000044,"{'I': 1, 'W': 0, 'R': 1, 'C': 'free'}",False,True,True,1.0,3
3498,3,0.0769428333279926,0.3414272980950446,0.5246127271485962,1.2057537946124612,1.0193465953791254,1.1986764648102608,0.12552607748132438,0.9969693436553388,0.05,0.25,0.09999999999999998,0.9997040423285475,0.999981073760051,0.00015843625354724564,0.75,0.050000000000000044,"{'I': 1, 'W': 0, 'R': 1, 'C': 'free'}",False,True,True,0.0,3
3498,4,3.281307097203638e-05,0.35169213821087947,6.842755334266455e-05,1.8925731460202404,1.0000023603418984,1.265174547675471,1.1801625924179326e-05,0.999979997721594,,0.15000000000000002,0.15000000000000002,0.0600866501739913,0.9980732653653956,0.9399133371629078,0.050000000000000044,0.050000000000000044,"{'I': 1, 'W': 0, 'R': 1, 'C': 'free'}",False,True,True,0.6666666666666666,3
3498,5,8.861547667756701e-07,0.289783231414547,4.347300811164511e-06,1.8382389368193555,1.0000000476837112,1.1683574403964143,2.3841852225814364e-07,0.9996937598613466,,0.09999999999999998,0.15000000000000002,4.785094456484442e-06,3.7266388223221135e-06,2.7535687747320326e-05,0.050000000000000044,0.050000000000000044,"{'I': 1, 'W': 0, 'R': 1, 'C': 'free'}",True,False,True,0.0,3
3498,6,0.000262194486210951,0.29098073677997566,0.0006999636120292521,1.5383339158123435,1.0000223395617966,1.1912070629659515,0.00011169032353319785,0.9999995067609675,,0.09999999999999998,0.15000000000000002,5.422217625202399e-06,3.726638822375791e-06,4.539785233418295e-05,0.050000000000000044,0.050000000000000044,"{'I': 1, 'W': 0, 'R': 1, 'C': 'free'}",True,False,True,0.0,3
3498,7,3.102522273301532e-07,0.22220379404933088,1.2784902442263904e-06,1.606776597012286,1.0000000238418567,1.141811583983565,1.1920927533992653e-07,0.9998195482522352,,0.09999999999999998,0.15000000000000002,7.889264372224472e-06,5.422216992073898e-06,0.0002305067909337158,0.050000000000000044,0.050000000000000044,"{'I': 1, 'W': 0, 'R': 1, 'C': 'free'}",True,False,True,0.0,3
3503,1,0.1552726584902207,0.2518104801129831,1.0104470526701648,1.9545328898590537,1.0983092778742263,1.1627999689377793,0.48128663978348396,0.999750411616848,,0.09999999999999998,0.09999999999999998,2.2603251001928357e-06,2.5612812772944084e-06,4.5397851693764904e-05,0.050000000000000044,0.050000000000000044,"{'I': 1, 'W': 0, 'R': 1, 'C': 'free'}",False,True,True,1.0,1
3503,2,5.2359004594058256e-06,0.4132995860528611,3.164506925079143e-05,1.8298712702687117,1.0000003405976698,1.3487204447986305,2.3841804406288247e-06,0.9999999881214999,,0.15000000000000002,0.15000000000000002,8.315279263055744e-07,1.067702992305198e-06,4.5397851789053536e-05,0.050000000000000044,0.15000000000000002,"{'I': 1, 'W': 0, 'R': 1, 'C': 'free'}",False,True,True,1.0,1
3503,3,0.11589820331668481,0.29855071022212304,0.6985289166641804,1.9871940445335659,1.1826243640977658,1.1870679951841612,0.6909190444626474,0.9999999403147269,0.0,0.09999999999999998,0.09999999999999998,2.9023119735431987e-06,5.422216988665341e-06,2.4300252052823482e-05,0.050000000000000044,0.050000000000000044,"{'I': 1, 'W': 0, 'R': 1, 'C': 'free'}",False,True,True,1.0,1
3503,4,0.0011323463087839533,0.2977774191117167,0.006055153517930103,2.105875846024862,1.0001308363401065,1.1796225217848892,0.0007846586849176163,0.999999202298758,,0.09999999999999998,0.09999999999999998,3.2887506000371565e-06,5.422217582201273e-06,1.8925145801556618e-05,0.050000000000000044,0.050000000000000044,"{'I': 1, 'W': 0, 'R': 1, 'C': 'free'}",False,True,True,1.0,1
3503,5,0.06036912199934161,0.24667375875275116,0.31535525222850724,1.475632441213644,1.0181117291841408,1.207055298132201,0.10210127402373026,0.9998558471715928,,0.09999999999999998,0.09999999999999998,6.144177435051389e-06,6.962257741209003e-06,5.829127152970032e-05,0.050000000000000044,0.050000000000000044,"{'I': 1, 'W': 0, 'R': 1, 'C': 'free'}",False,True,True,1.0,1
3503,6,0.026370952048515726,0.2092699601281731,0.19096706307166342,1.642923304452125,1.006408775461827,1.140162491257576,0.04982263580060531,0.9999902965530773,0.05,0.09999999999999998,0.09999999999999998,0.6791786902721488,2.1445029064919693e-05,7.88926444661633e-06,0.050000000000000044,0.050000000000000044,"{'I': 1, 'W': 0, 'R': 1, 'C': 'free'}",False,True,True,0.0,1
3503,7,0.0004594027982313892,0.22964277439469344,0.0017294874171521419,1.4959297706815136,1.0000465337183246,1.1294573723612038,0.0003721918047566719,0.9999150776567087,0.0,0.15000000000000002,0.09999999999999998,0.14804719972699232,6.144203458694284e-06,1.300712374768664e-05,0.15000000000000002,0.050000000000000044,"{'I': 1, 'W': 0, 'R': 1, 'C': 'free'}",True,False,True,0.0,1
3511,1,0.003096525358258335,0.16238992139602626,0.021420655134713695,0.9269023283242185,1.0004568734597685,1.1443493278444625,0.0031922776858455126,0.9799645060880585,,0.050000000000000044,0.09999999999999998,6.47594564522025e-07,1.7603429935975704e-06,3.535625455439814e-05,0.050000000000000044,0.050000000000000044,"{'I': 1, 'W': 0, 'R': 1, 'C': 'free'}",False,True,True,1.0,3
3511,2,8.46294310567141e-06,0.13381009783059328,5.031031070414004e-05,0.8116766740169713,1.0000006159137156,1.083850435537376,3.695474326548265e-06,0.944906144278983,,0.09999999999999998,0.09999999999999998,9.422445894233515e-07,4.222834911702856e-06,0.00029595723887907425,0.050000000000000044,0.050000000000000044,"{'I': 1, 'W': 0, 'R': 1, 'C': 'free'}",False,True,True,1.0,3
3511,3,0.005335897368879906,0.2680662648217745,0.09033456894439432,1.0637868610826628,1.000934540654797,1.159516120942008,0.03216498813855462,0.9951467180639787,0.0,0.0,0.09999999999999998,0.9998601761422572,8.315279280116753e-07,2.7535687435102416e-05,0.0,0.050000000000000044,"{'I': 0, 'W': 1, 'R': 0, 'C': 'costly'}",False,True,True,1.0,3
3522,1,0.0018488106721306265,0.11312966536725584,0.00906439047190028,0.895883826379932,1.0002367360191924,1.0771481489750925,0.0011828399009667923,0.9258075660838375,,0.050000000000000044,0.09999999999999998,7.338208040253534e-07,3.9278634041414567e-07,1.012998733757818e-05,0.050000000000000044,0.050000000000000044,"{'I': 1, 'W': 0, 'R': 1, 'C': 'free'}",False,True,True,1.0,3
3522,2,7.566978353199478e-05,0.375405805697726,0.00039776401000930637,1.8445699901105996,1.0000064542564722,1.2275554203041983,4.517862891928459e-05,0.9997764809409702,,0.09999999999999998,0.09999999999999998,1.760342992671435e-06,9.422445912406577e-07,2.4300252059799378e-05,0.050000000000000044,0.050000000000000044,"{'I': 1, 'W': 0, 'R': 1, 'C': 'free'}",False,True,True,1.0,3
3522,3,4.885504687338051e-05,0.12905968149442995,0.0003167573202166941,1.2538329224982483,1.0000041893095306,1.0709012256552655,2.9324675311359627e-05,0.9626725733950583,0.0,0.09999999999999998,0.09999999999999998,5.715002415542163e-07,2.5612812717210303e-06,4.00636917524255e-05,0.050000000000000044,0.050000000000000044,"{'I': 1, 'W': 0, 'R': 1, 'C': 'free'}",False,True,True,1.0,3
3522,4,0.0009063364479740679,0.08176860187005754,0.004698828871247109,1.0374566361477575,1.0001027570757524,1.065782542070204,0.0007190039689191075,0.9938833752759014,0.0,0.0,0.050000000000000044,1.3007123812481727e-05,8.764248495258038e-08,7.88926442009705e-06,0.0,0.0,"{'I': 0, 'W': 1, 'R': 0, 'C': 'costly'}",False,True,True,1.0,3
3531,1,0.028413666054530187,0.1949106342455728,0.22720588277711184,1.0114538937887372,1.0077768853442433,1.1325083996217054,0.06009306125657987,0.9946264676840136,,0.050000000000000044,0.09999999999999998,5.715002399886035e-07,1.0677029918462684e-06,2.1444958464192596e-05,0.050000000000000044,0.050000000000000044,"{'I': 1, 'W': 0, 'R': 1, 'C': 'free'}",False,True,True,1.0,3
3531,2,0.07347373223908202,0.3502171373847593,0.715019347274329,1.839681930844299,1.0868321941294503,1.2294476479812768,0.5651143734607569,0.9999856894009002,,0.15000000000000002,0.09999999999999998,0.0003353500293046831,0.11920291780808531,0.0011695102937656035,0.050000000000000044,0.050000000000000044,"{'I': 1, 'W': 0, 'R': 1, 'C': 'free'}",False,True,True,1.0,3
3531,3,0.00015241754711234917,0.44783845577661313,0.0011038964038141647,2.2740799069309596,1.0000133986695487,1.2565896603612183,0.00013397682217730633,0.9999977819489724,,0.09999999999999998,0.09999999999999998,3.1201902924078856e-05,5.422217614853501e-06,3.120190355358825e-05,0.050000000000000044,0.050000000000000044,"{'I': 1, 'W': 0, 'R': 1, 'C': 'free'}",True,False,True,0.0,3
3531,4,3.214459212513914e-05,0.42570077501389486,0.00015933918765995532,1.9543171263199994,1.0000025987489722,1.2823506260566895,1.2993643559888746e-05,0.9999999938129432,,0.25,0.15000000000000002,2.2603251024632194e-06,2.2603250980432368e-06,5.8291272319373846e-05,0.15000000000000002,0.4,"{'I': 1, 'W': 0, 'R': 1, 'C': 'free'}",False,True,True,1.0,3
3531,5,0.0017218782374527897,0.5249326879703375,0.011260043068914994,2.078614401974581,1.0002177805467598,1.5075220006474508,0.0017405381916172358,0.9999999999974126,0.05,0.15000000000000002,0.15000000000000002,8.315279283113196e-07,1.9947299543210646e-06,1.0677029972239046e-06,0.050000000000000044,0.15000000000000002,"{'I': 1, 'W': 0, 'R': 1, 'C': 'free'}",False,True,True,0.0,3
3531,6,0.08746249962429023,0.29741018774264644,0.8124238125794613,1.5407133392484855,1.0749115358314145,1.2239944630561812,0.8101426762807327,0.9999998258264905,0.0,0.050000000000000044,0.09999999999999998,0.9999646436916027,1.0677029968884628e-06,7.889264459653885e-06,0.050000000000000044,0.050000000000000044,"{'I': 0, 'W': 1, 'R': 0, 'C': 'costly'}",False,True,True,1.0,3
3536,1,0.044082318965821855,0.1018522764722361,0.5630237631225621,1.0552664581339897,1.131618266928721,1.0432594088356448,0.8920056806523563,0.9276103012228748,,0.09999999999999998,0.09999999999999998,2.6995784129934575e-07,6.475945653505445e-07,1.6701429757464826e-05,0.050000000000000044,0.050000000000000044,"{'I': 1, 'W': 0, 'R': 1, 'C': 'free'}",False,True,True,1.0,3
3536,2,0.08070873759162227,0.39726008669847973,0.6351971060397363,1.6928094238525642,1.030278459817634,1.2457559701588934,0.3607353359533252,0.9999970833297981,0.0,0.15000000000000002,0.15000000000000002,8.315279278336177e-07,2.26033591606215e-06,4.00636919528522e-05,0.050000000000000044,0.15000000000000002,"{'I': 1, 'W': 0, 'R': 1, 'C': 'free'}",False,True,True,1.0,3
3536,3,0.0008176483554514724,0.3487459369243004,0.011261433513442417,1.5080326843740073,1.0001053032845386,1.2682123948797328,0.0015782194079214662,0.9999991840333919,0.05,0.15000000000000002,0.25,2.5612812888229482e-06,4.785117356092959e-06,0.0004305571372972658,0.15000000000000002,0.4,"{'I': 1, 'W': 0, 'R': 1, 'C': 'free'}",True,False,True,0.0,3
3536,4,0.01181649020482243,0.5520855871908595,0.09510937521183042,1.8046912417470944,1.0019494112273597,1.5378635150145246,0.034447926791938865,0.9999999999999774,,0.30000000000000004,0.30000000000000004,1.3007123766933723e-05,7.88945597960661e-06,0.0007096703862872865,0.4,0.4,"{'I': 1, 'W': 0, 'R': 1, 'C': 'free'}",False,True,True,0.0,3
3536,5,0.0010240004943475177,0.4672587702389352,0.009413677810938756,1.8039849721905954,1.0001277639641972,1.3285795232106592,0.0012767423009285572,0.9999999831506147,,0.30000000000000004,0.30000000000000004,2.9023119702797197e-06,3.7266937274134275e-06,0.0001233946186771536,0.15000000000000002,0.65,"{'I': 1, 'W': 0, 'R': 1, 'C': 'free'}",False,True,True,1.0,3
3536,6,8.475567097484463e-05,0.3379006439938186,0.0004993921513225799,1.539691890275105,1.0000072955106767,1.2315596464426233,7.29521795072019e-05,0.9999992936346597,,0.15000000000000002,0.19999999999999996,6.962257827566156e-06,6.962306282643287e-06,0.0010322310723394723,0.15000000000000002,0.4,"{'I': 1, 'W': 0, 'R': 1, 'C': 'free'}",True,False,True,0.0,3
3536,7,0.03173398601848038,0.4136330233113859,0.4311031966268255,1.8453119598197179,1.0117254290100526,1.2765825534302846,0.15057961647398532,0.9999999385284062,,0.30000000000000004,0.30000000000000004,3.1201903767861454e-05,2.9023348774102137e-06,0.0015011819844433622,0.15000000000000002,0.4,"{'I': 1, 'W': 0, 'R': 1, 'C': 'free'}",True,True,True,0.0,3
3538,1,0.012195645224007411,0.27339424255535866,0.10941061367081985,1.199060859796274,1.0025894590843503,1.1616912346641004,0.023006236137449454,0.9995209579207867,,0.050000000000000044,0.09999999999999998,2.699578407689496e-07,9.422445901084498e-07,4.006369130344872e-05,0.050000000000000044,0.050000000000000044,"{'I': 1, 'W': 0, 'R': 1, 'C': 'free'}",False,True,True,1.0,3
3538,2,0.0008308133686264107,0.27510574297183976,0.007288829337583545,1.2616193250561598,1.0001028897169277,1.194718861298455,0.000925531248792244,0.9996665408816204,,0.09999999999999998,0.09999999999999998,9.422445883963048e-07,1.2098659651060423e-06,0.0004878571578988855,0.050000000000000044,0.050000000000000044,"{'I': 1, 'W': 0, 'R': 1, 'C': 'free'}",True,False,True,0.0,3
3538,3,0.12018318924444553,0.33169866561417916,0.7179474187802295,1.6701041662768796,1.1233278556611843,1.2442973838824805,0.5023078055629662,0.999998379591434,,0.15000000000000002,0.19999999999999996,1.9947299551199823e-06,2.5612812777447335e-06,0.0004878582273818019,0.050000000000000044,0.4,"{'I': 1, 'W': 0, 'R': 1, 'C': 'free'}",False,True,True,1.0,3
3538,4,0.06846509328405742,0.3975501149679995,0.36539351329564074,2.063305207098447,1.0218337615500126,1.284782612744616,0.21147171776007467,0.9999991954749552,0.05,0.25,0.09999999999999998,0.00020342717660536223,0.9968273138427798,0.022977373379342306,0.15000000000000002,0.15000000000000002,"{'I': 1, 'W': 0, 'R': 1, 'C': 'free'}",False,True,True,1.0,3
3538,5,8.709936822696651e-05,0.2894037618069848,0.0007858917600048344,1.5996138549220658,1.0000080106156997,1.1748010162026425,8.01026277607031e-05,0.9998792190494692,,0.19999999999999996,0.19999999999999996,5.422217603170651e-06,1.0129986771707865e-05,0.0005527789949139714,0.15000000000000002,0.25,"{'I': 1, 'W': 0, 'R': 1, 'C': 'free'}",True,False,True,0.0,3
3538,6,0.02662838606075137,0.36553028867112036,0.19221455554137418,1.5751106376822226,1.0063083491206075,1.2537312426774114,0.06094886814040157,0.9999999459406511,0.05,0.15000000000000002,0.15000000000000002,9.422445913697767e-07,4.222834918417846e-06,0.00033535002686721537,0.050000000000000044,0.25,"{'I': 1, 'W': 0, 'R': 1, 'C': 'free'}",False,True,True,0.3333333333333333,3
3538,7,2.0452322225229355e-05,0.2578041555800267,0.0001807542655880863,1.4088935120933872,1.0000016556738203,1.1768375431710494,1.4900941027296e-05,0.9999649361520497,,0.09999999999999998,0.15000000000000002,8.939699207721163e-06,8.93969912428852e-06,0.00015843625086689635,0.050000000000000044,0.050000000000000044,"{'I': 1, 'W': 0, 'R': 1, 'C': 'free'}",True,False,True,0.0,3
3543,1,0.018023939137958193,0.30044041222433676,0.0900947767920388,1.3772168055916947,1.0036368996291904,1.1601487405132205,0.017987764084583135,0.9899982466447801,,0.050000000000000044,0.09999999999999998,2.3823696626415654e-07,3.0590233589348106e-07,4.00636916796808e-05,0.050000000000000044,0.050000000000000044,"{'I': 1, 'W': 0, 'R': 1, 'C': 'free'}",False,True,True,1.0,3
3543,2,0.0022959139419881577,0.3758747028741552,0.008904740656315191,1.6976242384302243,1.000275714408323,1.2837543959347089,0.0019278741014568945,0.9999996901986009,0.0,0.25,0.30000000000000004,3.2887506279549012e-06,1.300716151540208e-05,0.047425873762573366,0.050000000000000044,0.55,"{'I': 1, 'W': 0, 'R': 1, 'C': 'free'}",False,True,True,0.0,3
3543,3,0.0976594509678561,0.5589430463461827,0.7779161337597417,2.2683878480511543,1.0651552616561268,1.4907533267090967,0.39647305588872817,0.9999999999995123,0.05,0.15000000000000002,0.25,4.785094468817696e-06,8.939699395496912e-06,3.535625478710039e-05,0.15000000000000002,0.65,"{'I': 1, 'W': 0, 'R': 1, 'C': 'free'}",False,True,True,1.0,3
3543,4,0.06004228268490396,0.4349454781445398,0.26893830626240783,2.0607784287341495,1.014568250180321,1.2831465420108543,0.08312021960641713,0.9999998824237798,,0.09999999999999998,0.15000000000000002,8.939699433427058e-06,4.7850944811578335e-06,0.000203427046509492,0.050000000000000044,0.25,"{'I': 1, 'W': 0, 'R': 1, 'C': 'free'}",False,True,True,0.0,3
3543,5,0.0005045093704029863,0.49807406175795443,0.0016758184615803416,2.0180372473279875,1.0000483370535649,1.3839687437166002,0.00019332485181056125,0.9999999995150852,,0.19999999999999996,0.09999999999999998,9.610239179425734e-05,0.0002611904412736715,0.9859363699528657,0.15000000000000002,0.050000000000000044,"{'I': 1, 'W': 0, 'R': 1, 'C': 'free'}",False,True,True,0.0,3
3543,6,6.457035086780073e-06,0.39211317586471545,2.8556253735180754e-05,1.611647018904689,1.0000004427770857,1.296141366865875,3.099434110254151e-06,0.9999999964430961,,0.09999999999999998,0.19999999999999996,1.8925145788186085e-05,4.785094468715947e-06,0.0009110513557563512,0.050000000000000044,0.050000000000000044,"{'I': 1, 'W': 0, 'R': 1, 'C': 'free'}",True,True,True,0.0,3
3543,7,0.0061741254942537845,0.4367718515095109,0.049359809276886796,1.8117512955146833,1.0010776784682225,1.3179663663979906,0.008579767422816742,0.9999999992286152,0.0,0.15000000000000002,0.15000000000000002,3.2887506254572564e-06,4.785094473411557e-06,0.00015843623587931323,0.050000000000000044,0.15000000000000002,"{'I': 1, 'W': 0, 'R': 1, 'C': 'free'}",True,False,True,0.0,3
3556,1,0.001066344893957979,0.3317435922898797,0.009064391439712162,1.7726194424214918,1.0001332151000222,1.263741058387154,0.0013311754756349936,0.9999979716325262,,0.050000000000000044,0.09999999999999998,1.855391457349973e-07,3.9278634043957497e-07,1.6701429774623775e-05,0.050000000000000044,0.050000000000000044,"{'I': 1, 'W': 0, 'R': 1, 'C': 'free'}",False,True,True,1.0,3
3556,2,0.0020077055235084838,0.19437667641376458,0.011259993597275288,1.1993718727306883,1.0002629010657964,1.101005568756401,0.0015759559553706337,0.9855035616093878,0.0,0.0,0.050000000000000044,3.726638835654111e-06,3.9278634052542615e-07,1.0677029903806424e-06,0.0,0.0,"{'I': 0, 'W': 1, 'R': 0, 'C': 'costly'}",False,True,True,1.0,3
3567,1,0.008155241907069666,0.17640572919133338,0.060488983078041694,0.913748792396277,1.0014515897538774,1.0654611638035754,0.011537227549248685,0.8599337026354256,,0.050000000000000044,0.09999999999999998,8.315279236819439e-07,3.4663274466156474e-07,5.1442212509475084e-05,0.050000000000000044,0.050000000000000044,"{'I': 1, 'W': 0, 'R': 1, 'C': 'free'}",False,True,True,1.0,3
3567,2,0.00010918425078981353,0.3157065080241358,0.0003980500353594369,1.5859859709019761,1.000009328035808,1.2654548510859234,7.462115412026904e-05,0.999995178591384,,0.09999999999999998,0.4,3.726638805903506e-06,6.962360092994022e-06,0.00010889715034420776,0.050000000000000044,0.25,"{'I': 1, 'W': 0, 'R': 1, 'C': 'free'}",True,False,True,0.0,3
3567,3,0.007907652467040218,0.2636916970310767,0.049357538728644436,1.8884729435537762,1.0013345133563694,1.1814113275986704,0.009291926545555662,0.9999367974759104,0.0,0.0,0.050000000000000044,0.0003353500312531247,2.2603252600563975e-06,5.4222176534537055e-06,0.0,0.0,"{'I': 0, 'W': 1, 'R': 0, 'C': 'costly'}",False,True,True,1.0,3
3578,1,0.0032263787328212206,0.3147380582944397,0.032660126970404796,1.4956623948471046,1.0005010832528833,1.1714122441833739,0.005495380129429628,0.9999750858465445,,0.09999999999999998,0.15000000000000002,1.1253517542368513e-07,6.47594565632969e-07,4.539785230480611e-05,0.050000000000000044,0.050000000000000044,"{'I': 1, 'W': 0, 'R': 1, 'C': 'free'}",False,True,True,1.0,3
3578,2,2.2396351967842797e-05,0.2569717082302885,0.00025202217365130993,1.3616461224597052,1.0000017881251542,1.1105955816423367,2.682149362942532e-05,0.9979478955603752,,0.09999999999999998,0.09999999999999998,7.338208030172336e-07,1.5534971912386718e-06,1.6701429546344032e-05,0.050000000000000044,0.050000000000000044,"{'I': 1, 'W': 0, 'R': 1, 'C': 'free'}",False,True,True,1.0,3
3578,3,0.18168031406847604,0.2479947750067448,1.1821764193666127,1.6417284811635724,1.082805390294097,1.1497670308580759,0.6444958439472306,0.9999715382790844,0.05,0.15000000000000002,0.09999999999999998,4.785094492584944e-06,1.0129987247242215e-05,2.7535687298934098e-05,0.050000000000000044,0.050000000000000044,"{'I': 1, 'W': 0, 'R': 1, 'C': 'free'}",False,True,True,1.0,3
3578,4,0.05784124808396155,0.33591709418205623,0.6939850617583507,1.5767128244036377,1.0594705040261856,1.2471762572378338,0.5000419608579091,0.9999999203216656,,0.30000000000000004,0.15000000000000002,5.42221701537106e-06,1.0129987266272866e-05,3.120190350571011e-05,0.15000000000000002,0.25,"{'I': 1, 'W': 0, 'R': 1, 'C': 'free'}",True,False,True,0.0,3
3578,5,0.022319398998394833,0.370782421891158,0.25224772394842065,1.6515741721163804,1.0060371303955087,1.2456341839480922,0.06968101708303309,0.9999890429647116,,0.15000000000000002,0.15000000000000002,1.6701429667515168e-05,1.0129987110023623e-05,1.3007123639146607e-05,0.050000000000000044,0.050000000000000044,"{'I': 1, 'W': 0, 'R': 1, 'C': 'free'}",True,False,True,0.0,3
3578,6,7.816777075321022e-05,0.4119004188695462,0.0007749565466515856,2.051170826125444,1.0000065021470768,1.3075131431634397,7.152082757932998e-05,0.9999999995165908,,0.30000000000000004,0.19999999999999996,3.120190380428971e-05,4.006382356479528e-05,2.144495857409929e-05,0.15000000000000002,0.15000000000000002,"{'I': 1, 'W': 0, 'R': 1, 'C': 'free'}",False,True,True,0.3333333333333333,3
3578,7,0.0012997218823456564,0.4337469030003019,0.0173120088492697,1.8296360430547323,1.0001789466240134,1.3077412702796136,0.002858795678478354,0.9999999880734293,0.05,0.19999999999999996,0.19999999999999996,1.760343002476005e-06,6.144177512055937e-06,2.7535687787342897e-05,0.15000000000000002,0.25,"{'I': 1, 'W': 0, 'R': 1, 'C': 'free'}",False,True,True,1.0,3
3582,1,0.009500655032383808,0.15595234418992976,0.10941061465507902,0.9919157423005587,1.001855643093737,1.1216234404610406,0.027425746047517463,0.9981869458705803,,0.09999999999999998,0.09999999999999998,3.4663274414165867e-07,7.338208033522432e-07,2.7535687477016615e-05,0.050000000000000044,0.050000000000000044,"{'I': 1, 'W': 0, 'R': 1, 'C': 'free'}",False,True,True,1.0,3
3582,2,0.01217670128279675,0.32922434111694426,0.13234333138674917,2.1755234824416116,1.0027230431772824,1.186772307666019,0.029469807428709416,0.9999912296578375,0.0,0.15000000000000002,0.15000000000000002,9.422445909683113e-07,1.7603429932535037e-06,4.0063691801594186e-05,0.050000000000000044,0.15000000000000002,"{'I': 1, 'W': 0, 'R': 1, 'C': 'free'}",False,True,True,1.0,3
3582,3,0.02426649002149038,0.24330394777269454,0.3696431548857964,1.162524090018993,1.0081473705948332,1.1233447692485243,0.12175506868270325,0.9986794490605669,0.05,0.15000000000000002,0.15000000000000002,3.28875061454195e-06,3.2887505769362056e-06,0.0001088969333954963,0.050000000000000044,0.35,"{'I': 1, 'W': 0, 'R': 1, 'C': 'free'}",False,True,True,1.0,3
3582,4,0.00043055638466528716,0.37773351251870246,0.005861539926349535,1.7192764954712874,1.000049888838052,1.4025572978470566,0.0008975736252057054,0.9999999999999944,,0.15000000000000002,0.15000000000000002,2.902311977114916e-06,4.2228349382359935e-06,5.8291272298408466e-05,0.15000000000000002,0.25,"{'I': 1, 'W': 0, 'R': 1, 'C': 'free'}",False,True,True,0.0,3
3582,5,0.009877780685308288,0.2914484479127798,0.09829662862047626,1.8639951873089744,1.001920226793373,1.1644678541314895,0.0190010160502595,0.9999967534868769,0.05,0.15000000000000002,0.15000000000000002,2.4300252091571286e-05,4.785094487845033e-06,0.0015011819911076199,0.25,0.25,"{'I': 1, 'W': 0, 'R': 1, 'C': 'free'}",False,True,True,1.0,3
3582,6,0.15821078982189102,0.24740687052738286,0.7906029289570293,1.736963976583014,1.1543689753537887,1.1647252860833697,0.5121607167371415,0.999999997134714,0.0,0.09999999999999998,0.09999999999999998,1.0129987351768564e-05,6.1441775255216224e-06,7.484626288638692e-05,0.050000000000000044,0.050000000000000044,"{'I': 1, 'W': 0, 'R': 1, 'C': 'free'}",False,True,True,1.0,3
3582,7,2.0316477998506695e-05,0.17689432275107544,0.00010058816453936791,1.4826735661265122,1.0000015735576755,1.129920855104181,7.8677512366232e-06,0.9977736226630212,0.0,0.0,0.050000000000000044,1.0129987350182811e-05,1.370957858136516e-06,8.315279280685361e-07,0.050000000000000044,0.050000000000000044,"{'I': 0, 'W': 1, 'R': 0, 'C': 'costly'}",False,True,True,1.0,3
3594,1,0.0016298612919905895,0.1485392938295937,0.011259995216730639,0.9778596682683165,1.0002161587904723,1.1154471749630401,0.0015118040918071785,0.9824455710086778,,0.050000000000000044,0.09999999999999998,2.699578414283489e-07,1.4449802090907601e-07,6.144177511440312e-06,0.050000000000000044,0.050000000000000044,"{'I': 1, 'W': 0, 'R': 1, 'C': 'free'}",False,True,True,1.0,3
3594,2,0.00040277024282219784,0.20342878285495078,0.002416045702596188,1.1236540379266435,1.0000435463854334,1.1238526651192475,0.0002612384951825586,0.98816839758842,,0.09999999999999998,0.09999999999999998,1.3709578500799265e-06,4.22283492296022e-06,0.00012339461670991722,0.050000000000000044,0.050000000000000044,"{'I': 1, 'W': 0, 'R': 1, 'C': 'free'}",False,True,True,1.0,3
3594,3,0.008566508997039538,0.2013850050865488,0.3164659021788963,1.412147904110943,1.0023860106882285,1.1487725729234162,0.10809182707921539,0.9961038320246082,0.0,0.0,0.09999999999999998,0.9998766050839915,3.927863404967023e-07,9.610240154449683e-05,0.0,0.050000000000000044,"{'I': 0, 'W': 1, 'R': 0, 'C': 'costly'}",False,True,True,0.0,3
3618,1,0.0009013934495963273,0.32170125511489894,0.0037674714334252073,1.2468121647874029,1.0000980295120865,1.3194223077917293,0.0006859375897312336,0.9999996843007257,,0.050000000000000044,0.09999999999999998,1.637377053532376e-07,5.715002409367712e-07,6.962257886946993e-06,0.050000000000000044,0.050000000000000044,"{'I': 1, 'W': 0, 'R': 1, 'C': 'free'}",False,True,True,0.3333333333333333,3
3618,2,3.809584858475533e-05,0.28300305159638584,0.00017735907257822358,1.5248217945846263,1.0000028808787156,1.1738629726602599,1.7285098006136757e-05,0.9999994574576349,,0.09999999999999998,0.09999999999999998,4.006369166628037e-05,1.3007123595759215e-05,0.4378234934769522,0.050000000000000044,0.050000000000000044,"{'I': 1, 'W': 0, 'R': 1, 'C': 'free'}",False,True,True,1.0,3
3618,3,5.82883352867978e-06,0.19613839259707044,3.164465638584238e-05,1.3793665039263374,1.0000003973639595,1.092615077133261,2.3841804406288247e-06,0.9975776820863195,,0.050000000000000044,0.09999999999999998,2.2603250894727177e-06,2.260325093259439e-06,1.8925145890626324e-05,0.050000000000000044,0.050000000000000044,"{'I': 1, 'W': 0, 'R': 1, 'C': 'free'}",False,True,True,1.0,3
3618,4,5.278882179987201e-06,0.3485951901808843,3.164468603523435e-05,1.714786981379259,1.000000377495738,1.3009406602364055,2.2649714352951378e-06,0.9999999984071553,,0.09999999999999998,0.09999999999999998,1.209865962431794e-06,1.994729946715457e-06,1.4738988851693068e-05,0.050000000000000044,0.050000000000000044,"{'I': 1, 'W': 0, 'R': 1, 'C': 'free'}",True,False,True,0.0,3
3618,5,1.7062809184996195e-06,0.26457505523262786,9.875926739393295e-06,1.5732540432773974,1.0000000993410512,1.265271421223575,5.960460995879657e-07,0.999999819749746,,0.050000000000000044,0.09999999999999998,1.9947299499186083e-06,4.222834912739188e-06,6.1441775215866445e-06,0.050000000000000044,0.050000000000000044,"{'I': 1, 'W': 0, 'R': 1, 'C': 'free'}",True,False,True,0.0,3
3618,6,0.0009451801000109206,0.31883017816930753,0.004372258881059331,1.507811230173049,1.0000953341281256,1.1552071528254706,0.0005718139567488789,0.9999800239414519,,0.09999999999999998,0.15000000000000002,8.939699397337718e-06,2.561281284950968e-06,1.012998734379766e-05,0.050000000000000044,0.050000000000000044,"{'I': 1, 'W': 0, 'R': 1, 'C': 'free'}",True,False,True,0.0,3
3618,7,2.7160854197486186e-05,0.34640333259556894,0.00015940398781286288,1.9772425786463246,1.0000021854919316,1.2298389535366165,1.3112851286245508e-05,0.999999947241531,,0.09999999999999998,0.09999999999999998,7.484619529617944e-05,6.144177440582528e-06,4.5397851978502205e-05,0.0,0.050000000000000044,"{'I': 1, 'W': 0, 'R': 1, 'C': 'free'}",True,False,True,0.0,3
362,1,0.10044743201145719,0.2841272686550383,0.6801404542755196,1.1645852603399545,1.270679193296667,1.1671995759442306,0.9282858434378274,0.9955339789941141,,0.050000000000000044,0.09999999999999998,8.315279250739533e-07,5.715002417694809e-07,4.539785135343773e-05,0.050000000000000044,0.050000000000000044,"{'I': 1, 'W': 0, 'R': 1, 'C': 'free'}",False,True,True,1.0,3
362,2,0.11782725292607815,0.4284876607529689,0.5822031088892943,1.7791938859233982,1.1464237392962076,1.3849139644427124,0.8059748831680535,0.99999968771476,,0.15000000000000002,0.7,3.2887506070956053e-06,5.422216970493198e-06,0.0006263349158622825,0.050000000000000044,0.25,"{'I': 1, 'W': 0, 'R': 1, 'C': 'free'}",False,True,True,1.0,3
362,3,0.03676944476809491,0.43666350690315775,0.4193070120536214,1.5888156281820103,1.0136506820383788,1.2415481487420466,0.15015407397598446,0.9999266157152086,,0.15000000000000002,0.15000000000000002,5.42221758138051e-06,4.785123846574529e-06,1.892514586719291e-05,0.050000000000000044,0.25,"{'I': 1, 'W': 0, 'R': 1, 'C': 'free'}",False,True,True,0.0,3
362,4,0.043004669634838226,0.4690006763017014,0.5303105297594811,1.7895613311679626,1.114027025093957,1.379480690434638,0.7794739851972063,0.9999999995644349,,0.25,0.4,2.9023119838126698e-06,2.2603251016292223e-06,0.00033535028488172774,0.15000000000000002,0.4,"{'I': 1, 'W': 0, 'R': 1, 'C': 'free'}",False,True,True,1.0,3
362,5,0.010041010246881902,0.4247665144544669,0.13234324829975805,1.4646551385639814,1.0021940692481284,1.3513608512008912,0.03021736585214141,0.9999998415505746,,0.15000000000000002,0.15000000000000002,2.260325095642536e-06,1.067702995901901e-06,3.120190365608282e-05,0.050000000000000044,0.15000000000000002,"{'I': 1, 'W': 0, 'R': 1, 'C': 'free'}",False,True,True,0.0,3
362,6,0.11388748990412098,0.5965744062777305,0.6631311416301908,2.1187338772592073,1.2312381622938389,1.4427493288358257,0.8985534570669529,0.9999999010077403,0.05,0.4,0.30000000000000004,0.00043055709043039123,6.144179409362554e-06,0.0007096703027736175,0.4,0.4,"{'I': 1, 'W': 0, 'R': 1, 'C': 'free'}",False,True,True,1.0,3
362,7,7.090872661596964e-05,0.32552931676668867,0.0002537960306552298,1.4146134307416343,1.0000058610876483,1.21300835918819,3.51658045019132e-05,0.9998612396173908,0.0,0.0,0.050000000000000044,0.8807970825766612,1.0129987407458454e-05,2.2603251014562277e-06,0.0,0.0,"{'I': 0, 'W': 1, 'R': 0, 'C': 'costly'}",False,True,True,1.0,3
3634,1,0.002815920389952321,0.238388138900985,0.013970683541174634,1.8530742221581606,1.0003874429622197,1.1315918301891175,0.0019349651643822963,0.9997765947495191,,0.050000000000000044,0.09999999999999998,1.855391458270517e-07,2.3823696667708738e-07,7.889264453504385e-06,0.050000000000000044,0.050000000000000044,"{'I': 1, 'W': 0, 'R': 1, 'C': 'free'}",False,True,True,1.0,3
3634,2,0.0008631580014884266,0.21956301933480116,0.003444376478947497,1.7834844806130745,1.0000853298083696,1.1386248762000302,0.0005971048378327071,0.9999728877286106,0.05,0.09999999999999998,0.25,1.147876807152731e-05,9.610380537035676e-05,0.9996646449558269,0.15000000000000002,0.25,"{'I': 1, 'W': 0, 'R': 1, 'C': 'free'}",False,True,True,1.0,3
3634,3,0.15744738450212953,0.20718515759576692,0.8626840049360256,1.6746769239421027,1.0938827303739294,1.1340940003593603,0.883934908946704,0.9999518357480883,0.0,0.050000000000000044,0.09999999999999998,0.999860177528371,1.6701442049536385e-05,0.00029595723951904616,0.050000000000000044,0.050000000000000044,"{'I': 0, 'W': 1, 'R': 0, 'C': 'costly'}",False,True,True,0.6666666666666666,3
3642,1,0.002480887686547962,0.2964235529638248,0.017311423474385475,1.9153282174722128,1.0003542552187428,1.1735779500342491,0.0024762763530757903,0.9999325031455117,,0.09999999999999998,0.15000000000000002,1.5534971973114438e-06,8.315279278705624e-07,0.37754066831283145,0.050000000000000044,0.050000000000000044,"{'I': 1, 'W': 0, 'R': 1, 'C': 'free'}",False,True,True,0.0,3
3642,2,0.09482774898546006,0.3185690045193429,0.4689755058412609,1.408499827101654,1.0238206886305643,1.1795079981025243,0.1519280649108099,0.9999904294324948,0.05,0.25,0.15000000000000002,0.0001233946189837436,6.144184962489607e-06,0.0004305571422964108,0.15000000000000002,0.4,"{'I': 1, 'W': 0, 'R': 1, 'C': 'free'}",False,True,True,0.3333333333333333,3
3642,3,0.378063614328866,0.3229737194133927,1.7137603879599648,1.9280214730454444,1.1615963848891708,1.2431282072079326,0.6495603501333915,0.9999999994536892,,0.9,0.4,0.9999724623620869,0.9999724620347042,0.9706877570567266,0.75,0.65,"{'I': 1, 'W': 0, 'R': 1, 'C': 'free'}",True,True,True,0.0,3
3642,4,0.20511684547439124,0.4221621275000491,1.1037457772286177,2.1732682794951277,1.1596289217554487,1.2747419202508816,0.6941928092526406,0.9999999994717489,0.05,0.30000000000000004,0.25,3.7266388366639627e-06,5.043476484799913e-07,0.0002611903175027114,0.15000000000000002,0.4,"{'I': 1, 'W': 0, 'R': 1, 'C': 'free'}",False,True,True,1.0,3
3642,5,0.09588531486643123,0.30099138220203253,0.6931475364094034,2.1715517990916817,1.0924401118799705,1.1890945116037188,0.5070318107510297,0.9999998797476594,0.0,0.050000000000000044,0.050000000000000044,7.889264463340635e-06,1.067702996659429e-06,1.7603430006164852e-06,0.050000000000000044,0.050000000000000044,"{'I': 0, 'W': 1, 'R': 0, 'C': 'costly'}",False,True,True,1.0,3
3653,1,0.04641692892752153,0.2684177361689438,0.36547973923443544,1.2571181702567245,1.016084203488127,1.1616385561308125,0.11983842936514932,0.9998551862104917,,0.050000000000000044,0.09999999999999998,1.4449802062443983e-07,3.927863401805632e-07,6.144177522763155e-06,0.050000000000000044,0.050000000000000044,"{'I': 1, 'W': 0, 'R': 1, 'C': 'free'}",False,True,True,1.0,3
3653,2,0.0007983434864264515,0.4251490164566202,0.0020819147106518133,1.688868228453507,1.0000793495176092,1.2243459147894407,0.00047596491036339117,0.9999261236236354,,0.15000000000000002,0.15000000000000002,8.93969945108644e-06,1.1478917145965655e-05,0.6791787048088804,0.050000000000000044,0.25,"{'I': 1, 'W': 0, 'R': 1, 'C': 'free'}",False,True,True,1.0,3
3653,3,3.93499224332354e-05,0.4576142376936531,0.000191618633207423,2.13182196576519,1.0000030199539587,1.3446448257547468,1.811953223151974e-05,0.9999999999989048,,0.15000000000000002,0.25,1.7603429987725203e-06,2.561281280635605e-06,0.0001584362350599187,0.15000000000000002,0.35,"{'I': 1, 'W': 0, 'R': 1, 'C': 'free'}",False,True,True,1.0,3
3653,4,3.9987070710420905e-05,0.44620901266198026,0.00027185828603955243,1.5425557185954062,1.0000033378282496,1.393994358260208,2.336448579964845e-05,0.9999999999979353,,0.15000000000000002,0.15000000000000002,1.5534971962417703e-06,2.5612812650972873e-06,7.484626271122968e-05,0.050000000000000044,0.15000000000000002,"{'I': 1, 'W': 0, 'R': 1, 'C': 'free'}",False,True,True,1.0,3
3653,5,2.813940988146898e-07,0.4499665556394135,1.7830905314324635e-06,1.9389945892282887,1.0000000170298977,1.414292818134216,1.1920927533992653e-07,0.9999999999999999,,0.09999999999999998,0.09999999999999998,5.043476479798728e-07,3.7266388013625937e-06,1.0129987349165425e-05,0.050000000000000044,0.050000000000000044,"{'I': 1, 'W': 0, 'R': 1, 'C': 'free'}",True,False,True,0.0,3
3653,6,1.2846500557495824e-06,0.4759708044365784,4.339973608324731e-06,2.347331651565852,1.000000085149487,1.530761753510546,5.960462061693761e-07,1.0,,0.09999999999999998,0.15000000000000002,1.370957857951151e-06,2.260325099880048e-06,6.144177531438342e-06,0.050000000000000044,0.15000000000000002,"{'I': 1, 'W': 0, 'R': 1, 'C': 'free'}",True,False,True,0.0,3
3653,7,0.10703886239420683,0.32763097849406037,0.47508827201288417,1.93866612731051,1.0336038817329238,1.223432760056159,0.28144720440048043,0.9999999999537036,0.05,0.15000000000000002,0.15000000000000002,2.1444958597579702e-05,8.315279282807359e-07,5.8291272487779514e-05,0.050000000000000044,0.15000000000000002,"{'I': 1, 'W': 0, 'R': 1, 'C': 'free'}",False,True,True,1.0,3
3687,1,0.003601975734430327,0.26027780979470916,0.021420657195181474,1.0347645204145772,1.0005321845536324,1.1513472606335873,0.003187168123945705,0.9945629200884429,,0.050000000000000044,0.09999999999999998,2.3823696608787758e-07,8.315279266064335e-07,1.473898885004538e-05,0.050000000000000044,0.050000000000000044,"{'I': 1, 'W': 0, 'R': 1, 'C': 'free'}",False,True,True,1.0,3
3687,2,0.005008691221891889,0.3502865030965884,0.01921464245518798,1.6800216226778681,1.0006560804893756,1.2335650326114496,0.0032739556939476167,0.9999999904996503,,0.09999999999999998,0.09999999999999998,3.7266388148751735e-06,4.785137192789158e-06,0.0004878569997129084,0.050000000000000044,0.15000000000000002,"{'I': 1, 'W': 0, 'R': 1, 'C': 'free'}",False,True,True,1.0,3
3687,3,0.0013706188472100353,0.44277857811899946,0.009064730469515028,1.8187478319550108,1.0001649590450625,1.376625968433951,0.0014834076289498288,0.9999999990516629,0.05,0.09999999999999998,0.09999999999999998,9.422445889594481e-07,1.7603429959910155e-06,1.1478767846185187e-05,0.050000000000000044,0.050000000000000044,"{'I': 1, 'W': 0, 'R': 1, 'C': 'free'}",False,True,True,1.0,3
3687,4,0.00011255490601181904,0.3767120956031653,0.000629694534963096,1.5758385706980165,1.0000099388956236,1.253802922764042,7.950760896757725e-05,0.9999999153763036,,0.15000000000000002,0.15000000000000002,1.37095784969495e-06,4.222834918619614e-06,0.0003799845228542056,0.050000000000000044,0.25,"{'I': 1, 'W': 0, 'R': 1, 'C': 'free'}",True,False,True,0.0,3
3687,5,0.0009439531642017626,0.41697349282400287,0.00728977863590659,2.157865214734065,1.0001163626900091,1.342730696775986,0.0009304142591601838,0.9999999996620752,,0.25,0.4,6.144177472179931e-06,2.9023497216641217e-06,0.0004305571379598468,0.15000000000000002,0.5,"{'I': 1, 'W': 0, 'R': 1, 'C': 'free'}",True,False,True,0.0,3
3687,6,4.420984230671302e-05,0.4583850444802958,0.0002535350086399398,1.948355812386009,1.0000035166498131,1.3031493536360492,2.8132753303711233e-05,0.9999999999552779,,0.5,0.4,4.0063690811488504e-05,1.3007315388620677e-05,9.610240766235417e-05,0.15000000000000002,0.35,"{'I': 1, 'W': 0, 'R': 1, 'C': 'free'}",True,False,True,0.0,3
3687,7,3.5126131786201366e-05,0.48875835362245296,0.00016554497691780522,1.8327825185805922,1.000002637495875,1.4334755347518597,2.109971657326959e-05,0.9999999999997851,,0.4,0.4,0.00012339461563045523,2.7536147030348903e-05,0.0007096703024609244,0.15000000000000002,0.25,"{'I': 1, 'W': 0, 'R': 1, 'C': 'free'}",True,False,True,0.0,3
3696,1,0.1212082378579688,0.2459517841005638,0.48425511418307843,1.3973793954692164,1.0337199738764342,1.2871307780782364,0.18043660581717058,0.9999751201570158,0.0,0.050000000000000044,0.09999999999999998,5.043476484039941e-07,3.9278634059586324e-07,1.3007123758873447e-05,0.050000000000000044,0.050000000000000044,"{'I': 1, 'W': 0, 'R': 1, 'C': 'free'}",False,True,True,0.0,3
3696,2,0.0007488374796532313,0.23525299635601993,0.0046988266906425455,1.4427998168408729,1.000085039377499,1.1410324018411437,0.0006800547527254786,0.9832597204620286,0.0,0.0,0.050000000000000044,7.889264462530554e-06,5.043476481943623e-07,2.1444958533563063e-05,0.0,0.050000000000000044,"{'I': 0, 'W': 1, 'R': 0, 'C': 'costly'}",False,True,True,0.0,3
3725,1,0.004508550013789522,0.30436166149807165,0.04017960958111547,1.131833982528106,1.0007498349028787,1.182917597843761,0.006723282175974621,0.9960870730391373,,0.050000000000000044,0.09999999999999998,9.42244591255435e-07,6.475945651277474e-07,6.605215991902339e-05,0.050000000000000044,0.050000000000000044,"{'I': 1, 'W': 0, 'R': 1, 'C': 'free'}",False,True,True,1.0,3
3725,2,0.002646685900384914,0.18528879406924076,0.02646420115525175,1.2575014606452322,1.000407935601826,1.0738242087220118,0.0040702183031804395,0.9421008251847688,0.0,0.050000000000000044,0.050000000000000044,8.31527927958014e-07,5.043476483060672e-07,4.785094400985048e-06,0.0,0.050000000000000044,"{'I': 0, 'W': 1, 'R': 0, 'C': 'costly'}",False,True,True,1.0,3
3738,1,0.027944133892620064,0.18131639323178164,0.1908649750857266,1.138755990960531,1.0067507218162302,1.1281995039599528,0.05240141676418286,0.9897827120943591,0.0,0.050000000000000044,0.09999999999999998,2.3823696578373097e-07,3.0590233607653235e-07,1.4738988775862477e-05,0.050000000000000044,0.050000000000000044,"{'I': 1, 'W': 0, 'R': 1, 'C': 'free'}",False,True,True,1.0,3
3738,2,0.0024676476022566798,0.23467334087933653,0.013970684890900083,1.4087401593656812,1.0003267356542311,1.1832228018491815,0.00228416333397774,0.9985861435528294,0.0,0.09999999999999998,0.09999999999999998,1.553497195189743e-06,5.422217579317649e-06,9.610240134708824e-05,0.050000000000000044,0.050000000000000044,"{'I': 1, 'W': 0, 'R': 1, 'C': 'free'}",False,True,True,1.0,3
3738,3,2.3830849892127804e-06,0.1929006414481011,1.5748621726277936e-05,1.4827586586535992,1.0000001457001886,1.121774250391257,1.3113007426568402e-06,0.9985698276075409,0.0,0.050000000000000044,0.050000000000000044,4.785094494315915e-06,1.8553914604358313e-07,6.1441775124236665e-06,0.0,0.050000000000000044,"{'I': 0, 'W': 1, 'R': 0, 'C': 'costly'}",False,True,True,1.0,3
3750,1,0.01801956460298587,0.21396040288985732,0.09009477575907582,0.9240259406908661,1.003636612486524,1.1102453635233136,0.01798635930435788,0.9406134824784713,,0.050000000000000044,0.050000000000000044,2.3823696600866822e-07,3.059023359186396e-07,2.561281286568001e-06,0.050000000000000044,0.050000000000000044,"{'I': 1, 'W': 0, 'R': 1, 'C': 'free'}",False,True,True,1.0,3
3750,2,0.003320743728443818,0.3183612383933995,0.026464253964781345,1.401592284607461,1.0005107952997296,1.2207707502568317,0.004076985541927924,0.9999922627395852,0.0,0.050000000000000044,0.050000000000000044,9.422445885629356e-07,2.561281265914653e-06,3.1201903370724595e-05,0.050000000000000044,0.050000000000000044,"{'I': 1, 'W': 0, 'R': 1, 'C': 'free'}",False,True,True,1.0,3
3750,3,0.14510515525914353,0.31854099626832794,0.7223652867711219,1.7731240531806893,1.2607916526170495,1.2558410841064251,0.6861057386190541,0.9999963809695722,,0.050000000000000044,0.050000000000000044,0.9999485575146149,0.9998415610736613,3.5356265685080515e-05,0.75,0.050000000000000044,"{'I': 0, 'W': 1, 'R': 0, 'C': 'costly'}",False,True,True,0.0,3
3760,1,0.0069279107783140545,0.2624837243467832,0.040179605967334456,1.2205599562239806,1.001142306569353,1.1918014716141108,0.006826520522887569,0.9978478977932046,,0.050000000000000044,0.050000000000000044,1.855391452824121e-07,3.466327442371029e-07,1.0129987270785116e-05,0.050000000000000044,0.050000000000000044,"{'I': 1, 'W': 0, 'R': 1, 'C': 'free'}",False,True,True,1.0,3
3760,2,0.015137647530875443,0.263221255713848,0.13394521564013834,1.1700494743978105,1.0033541643038322,1.1605257607962964,0.02968737420448897,0.9983410082050027,,0.09999999999999998,0.25,2.1024339105399915e-07,1.3709578344595031e-06,2.4300251855399675e-05,0.050000000000000044,0.25,"{'I': 1, 'W': 0, 'R': 1, 'C': 'free'}",False,True,True,1.0,3
3760,3,0.027277944448127773,0.286896226491898,0.19086555956483228,1.4275926431991075,1.0069660837170906,1.2259346686107573,0.047431757186821466,0.9924701875789408,0.0,0.0,0.050000000000000044,1.3709578604888203e-06,6.82560372377676e-08,2.260325101151935e-06,0.0,0.0,"{'I': 0, 'W': 1, 'R': 0, 'C': 'costly'}",False,True,True,1.0,3
3805,1,0.018241454368747977,0.2242182313017434,0.1094106185416244,1.6721462557443632,1.0038821345984854,1.1642301513970805,0.02297956526449174,0.9987575156437541,,0.050000000000000044,0.09999999999999998,5.043476452198282e-07,8.315279258832477e-07,2.14449582444234e-05,0.050000000000000044,0.050000000000000044,"{'I': 1, 'W': 0, 'R': 1, 'C': 'free'}",False,True,True,1.0,3
3805,2,0.1857400025603305,0.3369788670165295,1.110061309744579,1.3575099103171229,1.3381988508552127,1.2434089095207816,0.8258690038970969,0.999931295512746,,0.09999999999999998,0.19999999999999996,1.4738988295837793e-05,1.0130303702989489e-05,6.605215772638089e-05,0.0,0.15000000000000002,"{'I': 1, 'W': 0, 'R': 1, 'C': 'free'}",True,False,True,0.0,3
3805,3,0.00010370220222496373,0.22732619536473506,0.0004993776573584967,1.295688993280539,1.0000093220031587,1.168711085219697,4.6608712325424406e-05,0.9999457438829303,,0.09999999999999998,0.19999999999999996,3.288750593836938e-06,6.962257466442312e-06,0.00012339502011066977,0.050000000000000044,0.25,"{'I': 1, 'W': 0, 'R': 1, 'C': 'free'}",False,True,True,1.0,3
3805,4,0.10983652969526192,0.16203761216343238,0.5369179826142051,1.327712469539073,1.0456464029946906,1.0987407474714748,0.3002849464252578,0.9961347162808525,0.0,0.09999999999999998,0.91,2.9023119762548828e-06,2.2603250888609486e-06,4.006369194094793e-05,0.050000000000000044,0.050000000000000044,"{'I': 1, 'W': 0, 'R': 1, 'C': 'free'}",False,True,True,1.0,3
3805,5,0.0003463568342988983,0.27411315804613334,0.0027020614349120673,1.3085664552849656,1.000037590860065,1.2052758941598334,0.0003006760162741484,0.9996739518334719,0.0,0.09999999999999998,0.09999999999999998,1.4738988118186242e-05,2.144495715429453e-05,0.00012339461513718403,0.050000000000000044,0.050000000000000044,"{'I': 1, 'W': 0, 'R': 1, 'C': 'free'}",False,True,True,0.0,3
3805,6,2.538453115010866e-05,0.38850842623817816,0.00014429854836605683,1.6709529339215117,1.0000019924900085,1.3105018927002507,1.3947318899476535e-05,0.9999931963292393,,0.19999999999999996,0.19999999999999996,1.8925145221850535e-05,8.939699243559185e-06,4.00636919119374e-05,0.15000000000000002,0.15000000000000002,"{'I': 1, 'W': 0, 'R': 1, 'C': 'free'}",True,False,True,0.0,3
3805,7,4.298560310840666e-05,0.4208279708995048,0.0002843559118126318,1.622286065859947,1.0000036273325232,1.2805950086724869,2.5390959254800727e-05,0.9999987630540063,,0.30000000000000004,0.30000000000000004,1.6701429378033544e-05,2.260325096197537e-06,7.48462628735997e-05,0.15000000000000002,0.15000000000000002,"{'I': 1, 'W': 0, 'R': 1, 'C': 'free'}",True,False,True,0.0,3
3807,1,0.010292388844129101,0.13811187990912124,0.060488982362778804,1.0701772783651262,1.0018626119681002,1.0523004045572502,0.011103176379630098,0.771993296065007,,0.050000000000000044,0.09999999999999998,4.450852623077987e-07,5.043476478582904e-07,6.962257879568216e-06,0.050000000000000044,0.050000000000000044,"{'I': 1, 'W': 0, 'R': 1, 'C': 'free'}",False,True,True,1.0,3
3807,2,0.0015179330484355379,0.1760581759374355,0.014007568656361097,1.2511962041513869,1.0002041346889805,1.0879015340837312,0.0020390568565739065,0.9863877175355547,0.0,0.050000000000000044,0.050000000000000044,9.422445888297421e-07,3.2887505874679194e-06,3.535625379181155e-05,0.0,0.050000000000000044,"{'I': 1, 'W': 0, 'R': 1, 'C': 'free'}",False,True,True,1.0,3
3807,3,0.05902084036012482,0.14618645721167559,0.5311676113514707,1.261539463503464,1.028397241152469,1.0695936647478057,0.22276585081902556,0.9629935243873241,,0.050000000000000044,0.050000000000000044,2.561281543063565e-06,8.939699185092736e-06,3.1201905418283474e-05,0.0,0.050000000000000044,"{'I': 1, 'W': 0, 'R': 1, 'C': 'free'}",True,False,True,0.0,3
3807,4,0.004326822779349513,0.19722076620457696,0.03263978466144106,1.2171661053444989,1.0006591301793186,1.1072391782772704,0.007221839811975883,0.9944577471167516,0.0,0.09999999999999998,0.050000000000000044,0.00033535001715845027,1.8925391377331957e-05,4.5397850612511064e-05,0.050000000000000044,0.050000000000000044,"{'I': 1, 'W': 0, 'R': 1, 'C': 'free'}",False,True,True,0.3333333333333333,3
3807,5,0.0019478368155564315,0.2741377507513542,0.021421057300456927,1.8748043714936786,1.000288946550894,1.1399281852381604,0.003172908605165281,0.9997389534192007,0.0,0.15000000000000002,0.09999999999999998,4.785094415010765e-06,4.22283481273161e-06,4.53978511963692e-05,0.050000000000000044,0.050000000000000044,"{'I': 1, 'W': 0, 'R': 1, 'C': 'free'}",False,True,True,0.0,3
3807,6,1.4753615336619985e-05,0.3142586221579689,9.148632809627755e-05,1.9188523029401086,1.0000010993720434,1.2601529273008685,9.89429400322095e-06,0.999999999954668,,0.30000000000000004,0.15000000000000002,1.8925145873196114e-05,2.1444958183616286e-05,2.7535687732519848e-05,0.25,0.15000000000000002,"{'I': 1, 'W': 0, 'R': 1, 'C': 'free'}",True,True,True,0.0,3
3807,7,3.858175780240337e-06,0.30693311177770694,3.1646022084258604e-05,1.6228948375514511,1.0000002649092887,1.2043399097047967,2.3841804406288247e-06,0.9999999551426234,,0.19999999999999996,0.15000000000000002,7.889264426486107e-06,1.1478767819492307e-05,1.3007123794345296e-05,0.050000000000000044,0.15000000000000002,"{'I': 1, 'W': 0, 'R': 1, 'C': 'free'}",True,False,True,0.0,3
3808,1,0.020289637293435296,0.35692686170307536,0.06835155698116731,1.7491865139710714,1.0033094801436728,1.2495859985919107,0.016384371154781974,0.9999925630642269,,0.09999999999999998,0.09999999999999998,7.338208032343884e-07,1.3709578573630428e-06,0.9399133440076739,0.050000000000000044,0.050000000000000044,"{'I': 1, 'W': 0, 'R': 1, 'C': 'free'}",False,True,True,0.0,3
3808,2,0.044894048031949914,0.3035212109053159,0.31209643165834744,1.5808447332668654,1.0108284354222337,1.196056796428901,0.07261974147919359,0.9988897226567072,,0.25,0.7,1.3709578564656573e-06,2.5612990739227385e-06,0.8519527567192227,0.050000000000000044,0.25,"{'I': 1, 'W': 0, 'R': 1, 'C': 'free'}",False,True,True,1.0,3
3808,3,2.4636477955865867e-05,0.6012620438219997,8.269615048108961e-05,2.045986852505406,1.0000017881360914,1.4487243823303066,1.072874940233337e-05,0.9999999999887029,,0.19999999999999996,0.25,1.3709578586264593e-06,1.760342995079574e-06,4.539785231276179e-05,0.15000000000000002,0.65,"{'I': 1, 'W': 0, 'R': 1, 'C': 'free'}",False,True,True,1.0,3
3808,4,0.02616681838623815,0.13157119671146864,0.480753279538676,1.5739923994693321,1.0646733678864413,1.0733491388026934,0.8270418373980009,0.9856933066149468,0.0,0.0,0.050000000000000044,0.9947798743582035,6.1441776856591964e-06,3.7266388375184733e-06,0.050000000000000044,0.050000000000000044,"{'I': 0, 'W': 1, 'R': 0, 'C': 'costly'}",False,True,True,0.6666666666666666,3
3819,1,0.0054162749152072386,0.2470245989839693,0.026464204722627963,1.7385638314412084,1.0008267273274032,1.1528894860331318,0.004123404210007009,0.9920709906819406,,0.09999999999999998,0.09999999999999998,6.475945646426222e-07,5.043476477838656e-07,3.5356254668886163e-05,0.050000000000000044,0.050000000000000044,"{'I': 1, 'W': 0, 'R': 1, 'C': 'free'}",False,True,True,1.0,3
3819,2,0.0012815141429823272,0.26160930538909744,0.007288828083633899,1.13460350928756,1.0001578358067666,1.2316253576074248,0.0009464919057351473,0.99963540360691,0.0,0.09999999999999998,0.09999999999999998,3.4663274448516594e-07,3.288750592043667e-06,0.32082128280213446,0.050000000000000044,0.050000000000000044,"{'I': 1, 'W': 0, 'R': 1, 'C': 'free'}",False,True,True,1.0,3
3819,3,0.08268985657732353,0.11035110872007968,0.47506022187448493,1.3773027681912868,1.034639816551946,1.0551172950876968,0.18479867924318072,0.9316146765139461,0.0,0.050000000000000044,0.050000000000000044,0.029312232710728872,1.7603430029746694e-06,5.422217017397802e-06,0.0,0.0,"{'I': 0, 'W': 1, 'R': 0, 'C': 'costly'}",False,True,True,0.6666666666666666,3
3824,1,0.6931894948255735,0.23026086052353056,2.35036922455206,1.4113090017624592,1.5695468723041104,1.1270372362919827,0.8950146861474948,0.9925778259249902,,0.09999999999999998,0.09999999999999998,3.927863406529339e-07,1.0677029965427008e-06,3.535625473881532e-05,0.050000000000000044,0.050000000000000044,"{'I': 1, 'W': 0, 'R': 1, 'C': 'free'}",False,True,True,0.0,3
3824,2,0.0017834991053009759,0.3501121790936842,0.011268047640219749,1.6729493780070017,1.0002308410748817,1.3028865619790746,0.0016143965040046337,0.9999976580567556,,0.15000000000000002,0.15000000000000002,8.939699444654756e-06,6.14417745352735e-06,0.00020342704248917925,0.050000000000000044,0.15000000000000002,"{'I': 1, 'W': 0, 'R': 1, 'C': 'free'}",False,True,True,0.0,3
3824,3,0.0020009261127390296,0.25538403402083765,0.013970700504888713,1.5143061205721797,1.000275894966836,1.1871527155208068,0.0019291352257690964,0.9999998030269197,0.0,0.25,0.4,3.726638809895618e-06,2.902311938575525e-06,0.9982992728319848,0.15000000000000002,0.75,"{'I': 1, 'W': 0, 'R': 1, 'C': 'free'}",False,True,True,1.0,3
3824,4,1.4952192508057079e-05,0.2016272023132783,6.385774855776415e-05,1.0479300669954177,1.0000010217926094,1.1612875505990368,7.152519032271876e-06,0.9999754937809993,,0.09999999999999998,0.15000000000000002,1.3709578581114413e-06,4.785123855587515e-06,0.0007096703822221141,0.050000000000000044,0.15000000000000002,"{'I': 1, 'W': 0, 'R': 1, 'C': 'free'}",False,True,True,1.0,3
3824,5,0.07613154468048698,0.20346065404326802,0.5303153096034117,1.2122620396685309,1.0366840554956949,1.0887518990691154,0.22290329601600156,0.9944109815656041,,0.050000000000000044,0.15000000000000002,5.829126894842682e-05,1.6701744919294256e-05,0.00015843623194997274,0.0,0.050000000000000044,"{'I': 1, 'W': 0, 'R': 1, 'C': 'free'}",True,False,True,0.0,3
3824,6,0.06506526726818047,0.2570841494262124,0.31474285522570816,1.3277421786425279,1.0181285636851873,1.2004476845957637,0.14930005657292855,0.9999994606332441,,0.09999999999999998,0.09999999999999998,3.7266388370221844e-06,1.7603430000892316e-06,0.0007096703034266751,0.050000000000000044,0.050000000000000044,"{'I': 1, 'W': 0, 'R': 1, 'C': 'free'}",False,True,True,0.0,3
3824,7,0.09961871602443442,0.20234823206628655,0.6628473563156703,1.5650798013015168,1.0614508313868862,1.1056376328649717,0.4153431180248425,0.9992757683469569,,0.09999999999999998,0.09999999999999998,2.5612812737295347e-06,3.7266387971242445e-06,2.7535687751183904e-05,0.050000000000000044,0.050000000000000044,"{'I': 1, 'W': 0, 'R': 1, 'C': 'free'}",True,False,True,0.0,3
3873,1,0.002490409194470855,0.35091889804465054,0.00906448731615082,1.460738746441663,1.0003136319827872,1.2005154949605015,0.0018797279576951986,0.999678027983714,0.0,0.050000000000000044,0.09999999999999998,9.931194492010832e-08,5.043476479513329e-07,1.0129987268517258e-05,0.0,0.050000000000000044,"{'I': 1, 'W': 0, 'R': 1, 'C': 'free'}",False,True,True,0.6666666666666666,3
3873,2,3.9420539555055425e-05,0.41924055249964165,0.00020041797608415975,1.8345116182828791,1.0000031505149598,1.269027702735275,2.205332680005334e-05,0.9999999274739697,,0.15000000000000002,0.15000000000000002,1.553497195069925e-06,1.5534971954020363e-06,0.00012339461858297998,0.050000000000000044,0.050000000000000044,"{'I': 1, 'W': 0, 'R': 1, 'C': 'free'}",False,False,True,0.0,3
3873,3,4.092235702001911e-05,0.4436989265354074,0.0001209349487522923,1.9759484368607403,1.0000029291371697,1.4129676624695615,2.050371995487854e-05,0.9999999998766119,,0.15000000000000002,0.15000000000000002,1.994729943115081e-06,2.9023119007233303e-06,1.1478768041115345e-05,0.050000000000000044,0.25,"{'I': 1, 'W': 0, 'R': 1, 'C': 'free'}",True,False,True,0.0,3
3873,4,5.558328790792768e-05,0.5138981427162962,0.00031684331811064875,1.6923850195877939,1.0000045809983618,1.4288358011433617,3.206640094433055e-05,0.9999999999951439,,0.09999999999999998,0.09999999999999998,4.222834901021981e-06,1.5534971938970097e-06,3.535625451445483e-05,0.050000000000000044,0.050000000000000044,"{'I': 1, 'W': 0, 'R': 1, 'C': 'free'}",True,False,True,0.0,3
3873,5,3.993862872639503e-05,0.47312814572523065,0.0001595215601627034,2.163467428257119,1.0000030313116846,1.3506824047487422,2.1218924505683745e-05,0.9999999999344086,,0.09999999999999998,0.09999999999999998,0.0002611904736814554,1.370960957514637e-06,0.9959298613676185,0.050000000000000044,0.25,"{'I': 1, 'W': 0, 'R': 1, 'C': 'free'}",True,False,True,0.0,3
3873,6,0.028729732607134035,0.5940383980843825,0.22720590559661677,2.1634006874289544,1.00780621190485,1.4388830397013543,0.06031184483049812,0.9999999999999913,0.05,0.0,0.25,0.9995121423063944,7.48463423735539e-05,0.9399133422499104,0.050000000000000044,0.55,"{'I': 1, 'W': 0, 'R': 1, 'C': 'free'}",True,False,True,0.0,3
3873,7,0.0015827088570201184,0.5993921450803249,0.011260045295626499,1.9214947904655417,1.0002025197416833,1.5261221481902592,0.001618682416806294,0.9999999999200923,0.0,0.5,0.5,0.0002611905229807847,1.1478884205768498e-05,0.9933071472920731,0.0,0.25,"{'I': 1, 'W': 0, 'R': 1, 'C': 'free'}",True,False,True,0.0,3
3913,1,0.009649799447381072,0.27752565204267493,0.04935754906136854,1.4266142814376779,1.0015977081000975,1.1622047317778945,0.009532870079244637,0.9986585827975163,,0.09999999999999998,0.15000000000000002,2.3823696668006412e-07,8.31527927576969e-07,2.1444958497827508e-05,0.050000000000000044,0.050000000000000044,"{'I': 1, 'W': 0, 'R': 1, 'C': 'free'}",False,True,True,1.0,3
3913,2,0.10106973283008748,0.3150678775552261,0.7936601754124388,1.2727441458285107,1.1337116202903537,1.2435535299204823,0.6335799620542442,0.9998685513498686,0.05,0.4,0.7,4.222834947452527e-06,3.535766981362632e-05,0.9996646466012072,0.25,0.75,"{'I': 1, 'W': 0, 'R': 1, 'C': 'free'}",False,True,True,1.0,3
3913,3,0.0039305232501279435,0.581987183090005,0.02625969213056604,2.3026241080502463,1.000500369417809,1.5273860333590499,0.003993957051128594,0.9999999999999994,0.2,0.4,0.4,2.260325102761058e-06,1.1478830102813636e-05,4.53978523647047e-05,0.4,0.4,"{'I': 1, 'W': 0, 'R': 1, 'C': 'free'}",False,True,True,1.0,3
3913,4,0.004438574862445483,0.5016089491259617,0.025056487758743782,1.9179680761202993,1.000628354208678,1.4136608651498315,0.00438744505549804,0.9999999999850328,,0.30000000000000004,0.30000000000000004,1.4738988974249631e-05,2.7535819501923322e-05,0.00026119030980811526,0.4,0.35,"{'I': 1, 'W': 0, 'R': 1, 'C': 'free'}",False,True,True,0.6666666666666666,3
3913,5,0.0005821890130569086,0.5349065622983312,0.00340434114545971,1.9178570679770817,1.0000628658125315,1.5213293114871425,0.0004399500494965958,0.9999999999999242,,0.15000000000000002,0.19999999999999996,2.9023119749850216e-06,3.7266388170633866e-06,0.0001233946190188715,0.25,0.35,"{'I': 1, 'W': 0, 'R': 1, 'C': 'free'}",True,False,True,0.0,3
3913,6,5.768346698136825e-06,0.4812042380483206,3.99339444709932e-05,1.892941513167957,1.000000408717063,1.3838939882617525,2.861014763766434e-06,0.9999999999901377,,0.25,0.15000000000000002,1.6701429613204998e-05,4.222834927189966e-06,7.484626293830207e-05,0.15000000000000002,0.25,"{'I': 1, 'W': 0, 'R': 1, 'C': 'free'}",True,True,True,0.0,3
3913,7,0.0011965325705931191,0.5489322616861236,0.00795262999301969,2.130847961872646,1.0001441519507597,1.3867398182849455,0.0010084820728668564,0.9999999999999676,,0.4,0.4,5.043476486801285e-07,2.2603251031569267e-06,2.753568782127262e-05,0.4,0.4,"{'I': 1, 'W': 0, 'R': 1, 'C': 'free'}",False,True,True,0.3333333333333333,3
3917,1,0.099798008853784,0.29456201695011724,1.0672609069594285,1.46006070788503,1.0571712172178478,1.1571083287632087,0.7216075837954549,0.9997889881414843,,0.15000000000000002,0.09999999999999998,2.6995784155728973e-07,7.338208044962907e-07,3.120190383865148e-05,0.050000000000000044,0.050000000000000044,"{'I': 1, 'W': 0, 'R': 1, 'C': 'free'}",False,True,True,1.0,3
3917,2,0.0024439482400929894,0.3851432350909419,0.026608070839259652,1.8733107186225888,1.0003218865367842,1.2888882014117096,0.007374870272901957,0.9999948753042197,,0.19999999999999996,0.15000000000000002,1.2098659684897706e-06,3.288853146097955e-06,2.4300252193423145e-05,0.15000000000000002,0.15000000000000002,"{'I': 1, 'W': 0, 'R': 1, 'C': 'free'}",False,True,True,0.0,3
3917,3,0.10220129920094358,0.4107276217780762,0.8722525326906432,1.8596183384506126,1.0482172241482028,1.2804264499588904,0.6614519698410664,0.9999999957700199,0.15,0.25,0.25,1.994729954207529e-06,1.7603587325233316e-06,0.0009110510302699946,0.25,0.4,"{'I': 1, 'W': 0, 'R': 1, 'C': 'free'}",False,True,True,0.6666666666666666,3
3917,4,0.13761119673901534,0.5009371810400047,0.6862647740890206,2.273807386713964,1.0435456160871168,1.506265396990284,0.19194148653538234,0.9999999999999698,,0.30000000000000004,0.4,0.00012339461904126248,2.2603296137314578e-06,0.11920292467207481,0.65,0.65,"{'I': 1, 'W': 0, 'R': 1, 'C': 'free'}",False,True,True,0.3333333333333333,3
3917,5,0.11776250084859291,0.2807648102004946,1.1843558770278333,1.4449957940271794,1.1063393844560374,1.1683211132535685,0.6709757587848115,0.9999863378265962,0.05,0.15000000000000002,0.15000000000000002,2.753568777494242e-05,2.9023119693561196e-06,0.0002034270450237945,0.050000000000000044,0.25,"{'I': 1, 'W': 0, 'R': 1, 'C': 'free'}",False,True,True,0.0,3
3917,6,0.08461228306122255,0.3635144200663485,0.6714248481678139,1.6372122433767957,1.0425960800895953,1.2678676986995048,0.2837390110958683,0.999999999471134,0.05,0.09999999999999998,0.15000000000000002,9.610239207898815e-05,4.785094482120029e-06,4.5397852052174516e-05,0.050000000000000044,0.15000000000000002,"{'I': 1, 'W': 0, 'R': 1, 'C': 'free'}",False,True,True,0.6666666666666666,3
3917,7,0.14909782527675958,0.21209887928553886,0.8157217693878159,1.380354449860869,1.0554025594349616,1.1218441222859379,0.41679858423922733,0.99996793188137,0.05,0.15000000000000002,0.15000000000000002,7.88926445099065e-06,4.222834937290873e-06,3.535625479685717e-05,0.050000000000000044,0.15000000000000002,"{'I': 1, 'W': 0, 'R': 1, 'C': 'free'}",False,True,True,0.0,3
3983,1,0.029931860629329052,0.18721186322715916,0.2685351810229643,1.291240778408919,1.0088131969145409,1.0959488128571617,0.07593354266101426,0.995508679607582,,0.09999999999999998,0.92,2.6995784136666475e-07,3.726638823994556e-06,7.484626268071013e-05,0.050000000000000044,0.050000000000000044,"{'I': 1, 'W': 0, 'R': 1, 'C': 'free'}",False,True,True,1.0,3
3983,2,0.09266160997535346,0.14784989468750484,0.8813901005712477,1.5671886003892814,1.2290558850480036,1.0866573533045545,0.8728595648882216,0.9946768985916407,0.0,0.91,0.91,1.0677029938073803e-06,3.726638784950227e-06,6.605215900711765e-05,0.050000000000000044,0.050000000000000044,"{'I': 1, 'W': 0, 'R': 1, 'C': 'free'}",False,True,True,1.0,3
3983,3,3.46110843405661e-06,0.27121071551513476,1.0622797222751377e-05,1.3497660754907899,1.0000001986821176,1.165085116553135,1.788137282687785e-06,0.9999433617116668,,0.19999999999999996,0.15000000000000002,1.7603429917941236e-06,1.553497185341793e-06,3.1201903112714856e-05,0.050000000000000044,0.15000000000000002,"{'I': 1, 'W': 0, 'R': 1, 'C': 'free'}",False,True,True,0.0,3
3983,4,0.006167747039094097,0.2619140338241085,0.02093183191986421,1.3063769237840923,1.000801009828911,1.1787601788436397,0.005589146618260488,0.9999996269998889,0.05,0.9299999999999999,0.9299999999999999,4.785094482679818e-06,4.7850944431382345e-06,7.484626261925507e-05,0.25,0.15000000000000002,"{'I': 1, 'W': 0, 'R': 1, 'C': 'free'}",False,True,True,1.0,3
3983,5,0.01954518770224281,0.22796968597841863,0.13263423167373953,1.3669299686201892,1.0043291237757115,1.1592203231557374,0.029785851822907827,0.9988821986690966,0.0,0.0,0.050000000000000044,2.7535687805195736e-05,8.764248495439212e-08,3.535625445312198e-05,0.0,0.050000000000000044,"{'I': 0, 'W': 1, 'R': 0, 'C': 'costly'}",False,True,True,1.0,3
3991,1,0.033017873404330204,0.27919556534310147,0.41931254206216473,1.7967811359759986,1.01249788809893,1.1672871181041315,0.14910423582029542,0.9999631640159375,0.0,0.09999999999999998,0.15000000000000002,2.102433909444963e-07,6.47594566078083e-07,2.430025192639097e-05,0.050000000000000044,0.050000000000000044,"{'I': 1, 'W': 0, 'R': 1, 'C': 'free'}",False,True,True,1.0,3
3991,2,0.012027797497244735,0.45628093360267885,0.09025886771987592,1.92924346101132,1.0023560764727304,1.2905436672940755,0.018650331658677133,0.999998957024804,0.05,0.25,0.15000000000000002,1.7603429990635848e-06,1.3709578556341018e-06,2.7535687735492266e-05,0.15000000000000002,0.15000000000000002,"{'I': 1, 'W': 0, 'R': 1, 'C': 'free'}",False,True,True,1.0,3
3991,3,0.0007340065635099259,0.4523792517901573,0.004698853106790789,1.9128057925258706,1.000081225846525,1.2806211425289495,0.0008118957130193172,0.9999998958506394,0.05,0.15000000000000002,0.15000000000000002,5.043476482514159e-07,1.553497193033708e-06,1.6701429717422847e-05,0.050000000000000044,0.25,"{'I': 1, 'W': 0, 'R': 1, 'C': 'free'}",False,True,True,0.0,3
3991,4,0.005848560533785584,0.397738521413032,0.05879234773677039,1.9023305819447505,1.0009079327534909,1.262296003358266,0.010831165884694238,0.9999999999881262,,0.8,0.4,0.32082130589790014,0.6224593301475968,0.9525741263011521,0.75,0.65,"{'I': 1, 'W': 0, 'R': 1, 'C': 'free'}",True,True,True,0.0,3
3991,5,1.8989522033104946e-06,0.41426319965870184,7.828297366649473e-06,1.8053191674042077,1.0000001092751691,1.2440491019992228,1.311301097928208e-06,0.9999999970851043,,0.8,0.7,0.0005527787141478234,0.0005527786535354369,0.9959298614506105,0.75,0.75,"{'I': 1, 'W': 0, 'R': 1, 'C': 'free'}",False,True,True,0.0,3
3991,6,0.0035340292895884393,0.3451127419256017,0.02646503482822672,1.6873660880837678,1.0005321579829507,1.2128349964704757,0.004247087005251005,0.9999999086611554,0.15,0.30000000000000004,0.30000000000000004,3.7266388343475737e-06,1.3709686749581029e-06,0.0007096703092113357,0.4,0.35,"{'I': 1, 'W': 0, 'R': 1, 'C': 'free'}",True,True,True,0.0,3
3991,7,1.9604410504317544e-05,0.33477319541599604,6.614776875063628e-05,1.9537010809496178,1.000001430509725,1.2593155690669835,1.1444004130667373e-05,0.9999999984577399,0.05,0.19999999999999996,0.25,1.370957858354711e-06,1.0677029954485534e-06,2.7535687794200828e-05,0.15000000000000002,0.25,"{'I': 1, 'W': 0, 'R': 1, 'C': 'free'}",True,False,True,0.0,3
3992,1,0.021093892319690135,0.34330351378162205,0.11231453159317945,1.5949865638648442,1.0040791383515049,1.280894512693025,0.028093709924782106,0.9999930919022753,,0.09999999999999998,0.09999999999999998,4.4508526362291856e-07,8.315279270662113e-07,0.00015843623498503222,0.050000000000000044,0.050000000000000044,"{'I': 1, 'W': 0, 'R': 1, 'C': 'free'}",False,True,True,1.0,3
3992,2,0.06272323218544072,0.3150906054654039,0.3653338500047449,1.3040486007050542,1.0216098684556414,1.1935513028770464,0.12039128545964894,0.9995840970626952,0.0,0.09999999999999998,0.09999999999999998,6.962257835664501e-06,0.00010889769141051933,0.8175744646469647,0.050000000000000044,0.050000000000000044,"{'I': 1, 'W': 0, 'R': 1, 'C': 'free'}",False,True,True,1.0,3
3992,3,0.07098244488119691,0.15981858822171702,0.4193120895461174,1.1177502550140879,1.0272020614275652,1.085849183974735,0.14873513980310893,0.9710324943895478,0.0,0.0,0.050000000000000044,6.144177522994087e-06,8.764248495025795e-08,2.561281271997788e-06,0.0,0.0,"{'I': 0, 'W': 1, 'R': 0, 'C': 'costly'}",False,True,True,1.0,3
4025,1,0.01243178353678565,0.2997757877410349,0.06048930036591768,1.337645284772765,1.0020888526634664,1.2222907430107761,0.014500557713285067,0.9999345931984057,0.0,0.09999999999999998,0.09999999999999998,4.450852616617968e-07,6.475945649225033e-07,3.1201903615710464e-05,0.050000000000000044,0.050000000000000044,"{'I': 1, 'W': 0, 'R': 1, 'C': 'free'}",False,True,True,0.0,3
4025,2,0.031025981267763705,0.39283299251179266,0.17622360980663576,1.605035579187739,1.006344191156803,1.3957027870431968,0.037234020762321185,0.9999999891260336,,0.30000000000000004,0.30000000000000004,8.93969944119338e-06,3.535925769784529e-05,0.49999995496280136,0.25,0.5,"{'I': 1, 'W': 0, 'R': 1, 'C': 'free'}",False,True,True,0.3333333333333333,3
4025,3,0.0036405755883070615,0.40679309978063194,0.01613912116128019,2.344396090393238,1.0004610174521706,1.2996657768318143,0.0027616469154878587,0.9999999693020826,,0.19999999999999996,0.15000000000000002,4.785094339367252e-06,2.1445344982228323e-05,4.0063691305210626e-05,0.15000000000000002,0.25,"{'I': 1, 'W': 0, 'R': 1, 'C': 'free'}",True,False,True,0.0,3
4025,4,0.0018823583182569794,0.6752055545878717,0.008879988541151808,2.681218262438597,1.00022609575795,1.6136849187900668,0.001581239935791956,0.9999999999985733,,0.30000000000000004,0.30000000000000004,4.785094460479341e-06,1.3007214297632236e-05,9.61023905205761e-05,0.15000000000000002,0.25,"{'I': 1, 'W': 0, 'R': 1, 'C': 'free'}",False,True,True,0.0,3
4025,5,4.667570846016162e-05,0.5207732888158987,0.0001418859486941459,1.5794097357931485,1.000003496798194,1.397161416544345,2.098053238663855e-05,0.9999999999651465,,0.4,0.4,0.00010889693815461894,1.4739267604555932e-05,0.005220126165767157,0.4,0.35,"{'I': 1, 'W': 0, 'R': 1, 'C': 'free'}",True,True,True,0.0,3
4025,6,0.0002449372225222498,0.4328821837440788,0.0016284924370747428,1.9748912034368546,1.0000244532928904,1.3295846282626766,0.00017115630848141272,0.9999999839345493,,0.19999999999999996,0.19999999999999996,6.962258419896767e-06,3.7266387897104265e-06,5.829127068657907e-05,0.050000000000000044,0.25,"{'I': 1, 'W': 0, 'R': 1, 'C': 'free'}",True,True,True,0.0,3
4025,7,2.7482831227771627e-05,0.4706406805938813,0.00014155753838830087,1.8918298851818791,1.0000020662865203,1.4059760058406643,1.2397629462812532e-05,0.9999999999997359,,0.30000000000000004,0.30000000000000004,0.00048785698987351383,1.6701646707090377e-05,0.0003353500310130069,0.25,0.4,"{'I': 1, 'W': 0, 'R': 1, 'C': 'free'}",True,True,True,0.0,3
4029,1,0.16606275692985367,0.22299692196491488,1.3373402235682283,1.072954631115264,1.2325658767921428,1.1246340895633715,0.9340115121095084,0.9954971985673262,,0.09999999999999998,0.09999999999999998,3.05902335821305e-07,9.422445910163848e-07,2.4300252142315227e-05,0.050000000000000044,0.050000000000000044,"{'I': 1, 'W': 0, 'R': 1, 'C': 'free'}",False,True,True,1.0,3
4029,2,0.11466541203610954,0.3472505744028017,0.6631160693001354,1.6502168511161959,1.0691005525100115,1.179140472048202,0.45193380664083205,0.9994895127717058,0.0,0.15000000000000002,0.15000000000000002,2.3823696665872527e-07,1.5534971925832794e-06,4.539785215826607e-05,0.050000000000000044,0.15000000000000002,"{'I': 1, 'W': 0, 'R': 1, 'C': 'free'}",False,True,True,0.0,3
4029,3,0.010101555754095722,0.3403935869395651,0.0900950340228855,1.7114469594926711,1.0020260896824662,1.2037143297258996,0.018051444405817074,0.9999992410393314,0.05,0.4,0.25,2.260325102294377e-06,7.889280191165715e-06,3.535625483412375e-05,0.15000000000000002,0.4,"{'I': 1, 'W': 0, 'R': 1, 'C': 'free'}",False,True,True,1.0,3
4029,4,0.19757398825557995,0.39364222419370704,0.5895787159126825,1.7399964631633278,1.0933461561298088,1.3849757277415027,0.5102904871616789,0.9999999999999298,0.05,0.4,0.25,1.3709578596927023e-06,1.7603451311331555e-06,5.829127234305967e-05,0.5,0.65,"{'I': 1, 'W': 0, 'R': 1, 'C': 'free'}",False,True,True,1.0,3
4029,5,0.0017608912001634285,0.35111191716187434,0.013972758380544828,1.4876718668685878,1.0002421938534332,1.2469766867764596,0.001935440848064518,0.9999999911304837,0.05,0.25,0.15000000000000002,2.4300251926710166e-05,2.1445237343300438e-05,0.00033535002628175465,0.4,0.25,"{'I': 1, 'W': 0, 'R': 1, 'C': 'free'}",True,False,True,0.0,3
4029,6,0.025543138687355263,0.4197044389823206,0.12028590177457554,1.8384369350551482,1.0046620080598068,1.2374070189676487,0.04987613638634347,0.9999985150638991,0.05,0.19999999999999996,0.15000000000000002,6.144177526896498e-06,1.7603430021469365e-06,0.0001233946168208875,0.15000000000000002,0.25,"{'I': 1, 'W': 0, 'R': 1, 'C': 'free'}",False,True,True,0.0,3
4029,7,5.310611961386379e-05,0.38625417086523817,0.0005570943306041172,1.6853435063371127,1.0000045298567402,1.3156957695987852,4.98270698736647e-05,0.9999999998304684,0.05,0.15000000000000002,0.15000000000000002,1.6701429493573795e-05,1.6701491848603487e-05,8.481103852561926e-05,0.15000000000000002,0.15000000000000002,"{'I': 1, 'W': 0, 'R': 1, 'C': 'free'}",True,False,True,0.0,3
4050,1,0.015519709146577602,0.2634068234340386,0.09009478533216721,1.2136770141542974,1.0030857038432417,1.191803050682496,0.018315904095403845,0.9997801206991375,,0.050000000000000044,0.09999999999999998,3.466327438916074e-07,7.338208036693771e-07,8.939699469328751e-06,0.050000000000000044,0.050000000000000044,"{'I': 1, 'W': 0, 'R': 1, 'C': 'free'}",False,True,True,1.0,3
4050,2,0.31923334068546494,0.21816989584814572,1.4934343103568992,0.9946490373840532,1.3472222935560154,1.0923349912294236,0.832750651377761,0.950352058984734,,0.19999999999999996,0.19999999999999996,6.962257901427839e-06,1.4739091262912636e-05,0.00012339461699112153,0.15000000000000002,0.25,"{'I': 1, 'W': 0, 'R': 1, 'C': 'free'}",False,True,True,0.0,3
4050,3,9.428584711022452e-06,0.4595370085841209,5.0400614119304704e-05,2.0440206788725463,1.000000655650166,1.3982483834224206,3.933891967733416e-06,0.9999999999977445,,0.15000000000000002,0.19999999999999996,1.9947299468961373e-06,4.5397953749144486e-05,4.539785229078013e-05,0.050000000000000044,0.25,"{'I': 1, 'W': 0, 'R': 1, 'C': 'free'}",True,False,True,0.0,3
4050,4,4.370967084462601e-05,0.4166419976002815,0.0001592280420598203,1.43384524551293,1.0000034173206152,1.2446350084551696,2.0503678452965524e-05,0.9998421227682843,,0.09999999999999998,0.09999999999999998,1.1478767997664654e-05,9.61030580749295e-05,0.0019267347232347779,0.050000000000000044,0.15000000000000002,"{'I': 1, 'W': 0, 'R': 1, 'C': 'free'}",True,False,True,0.0,3
4050,5,6.73941463467595e-06,0.5924283329683704,1.988919778757223e-05,1.6690624793470188,1.0000004371005575,1.4025733375512406,2.622599332369191e-06,0.999972119082863,,0.30000000000000004,0.9299999999999999,2.4300252049672303e-05,0.00015843675342536908,0.000552778550669062,0.15000000000000002,0.15000000000000002,"{'I': 1, 'W': 0, 'R': 1, 'C': 'free'}",True,False,True,0.0,3
4050,6,1.142824537079737e-05,0.41223762455941204,2.9900915036328702e-05,1.625782848023973,1.0000007549917511,1.3429857893889416,4.5299385362795874e-06,0.9999999626872036,,0.19999999999999996,0.19999999999999996,0.0001233946126907808,0.0003353526921936975,0.0007096702977521168,0.15000000000000002,0.25,"{'I': 1, 'W': 0, 'R': 1, 'C': 'free'}",True,False,True,0.0,3
4050,7,0.022817272976276032,0.4189023442116543,0.15971331057324392,1.9027117252255894,1.005453536695901,1.3188044206992096,0.03735544786851874,0.999999988302475,,0.19999999999999996,0.19999999999999996,3.288750629163877e-06,1.6701484539722488e-05,0.11920291712602146,0.050000000000000044,0.15000000000000002,"{'I': 1, 'W': 0, 'R': 1, 'C': 'free'}",False,True,True,0.0,3
4052,1,0.26895593370585286,0.2679540491314434,0.943854806299805,1.4112520735415535,1.132273664129137,1.1438336984297897,0.46266767258333585,0.9999836226641384,,0.09999999999999998,0.09999999999999998,1.3007123769693522e-05,3.726638828648123e-06,1.670142967383712e-05,0.050000000000000044,0.050000000000000044,"{'I': 1, 'W': 0, 'R': 1, 'C': 'free'}",False,True,True,0.6666666666666666,3
4052,2,0.002416339289618159,0.13633327802024514,0.017311423024168607,1.3349091013370578,1.0003291128583458,1.0527302557274776,0.003613102817332292,0.8719688028983255,0.0,0.0,0.050000000000000044,6.144177525142209e-06,2.2603251003402364e-06,1.0129987129716581e-05,0.0,0.050000000000000044,"{'I': 0, 'W': 1, 'R': 0, 'C': 'costly'}",False,True,True,0.3333333333333333,3
407,1,0.015153087808564484,0.3004022802328316,0.09009477794261837,1.1612613328271102,1.003041470346529,1.1774193586769681,0.0180561255569458,0.9946271774800821,,0.91,0.92,1.9947299540954155e-06,1.994729951961921e-06,0.00020342704519494786,0.050000000000000044,0.15000000000000002,"{'I': 1, 'W': 0, 'R': 1, 'C': 'free'}",False,True,True,1.0,3
407,2,0.06792140355692132,0.412208011125062,0.4750515568611536,1.8246298830704324,1.0291964901356763,1.2906062633909505,0.18245451445588412,0.9999971138986476,0.0,0.09999999999999998,0.92,5.715002407094619e-07,2.9023119647320376e-06,5.829127159809668e-05,0.050000000000000044,0.050000000000000044,"{'I': 1, 'W': 0, 'R': 1, 'C': 'free'}",False,True,True,1.0,3
407,3,0.015959663921016547,0.38501273423172916,0.09498833682340896,2.372846457701163,1.002324406216448,1.2509769198563816,0.013833676761486169,0.999999994582365,,0.09999999999999998,0.09999999999999998,6.144177481054525e-06,2.1445048959065164e-05,1.8925145940238118e-05,0.050000000000000044,0.050000000000000044,"{'I': 1, 'W': 0, 'R': 1, 'C': 'free'}",True,True,True,0.0,3
407,4,1.0651444068872174e-05,0.5823037749945071,6.340259524347976e-05,2.097250425533477,1.000000794727018,1.5593088378767306,4.768348844774728e-06,0.999999999998908,,0.09999999999999998,0.92,4.006369015310357e-05,1.0129987189500444e-05,4.539785217202883e-05,0.050000000000000044,0.050000000000000044,"{'I': 1, 'W': 0, 'R': 1, 'C': 'free'}",True,False,True,0.0,3
407,5,0.0004352707038386314,0.2889684988304187,0.002416044506853688,1.9965145012735124,1.0000452955229566,1.1900267580568356,0.0003170112213390919,0.9999707182926068,0.0,0.050000000000000044,0.09999999999999998,2.7535687808140554e-05,6.14417752376449e-06,9.610239152417464e-05,0.050000000000000044,0.050000000000000044,"{'I': 0, 'W': 1, 'R': 0, 'C': 'costly'}",False,True,True,0.3333333333333333,3
4073,1,0.00039232160304394914,0.2588576022249484,0.00241604587782453,1.5571057377463209,1.0000410787985439,1.1248643317961253,0.00032856964783212206,0.9989130951364106,,0.050000000000000044,0.09999999999999998,5.043476457855339e-07,2.382369666034212e-07,8.939699478770319e-06,0.050000000000000044,0.050000000000000044,"{'I': 1, 'W': 0, 'R': 1, 'C': 'free'}",False,True,True,0.3333333333333333,3
4073,2,0.20432310079041338,0.2986844381838345,1.0805849907629521,1.6963666775282638,1.1241287646940017,1.189669300593939,0.6896588312998767,0.9999894835978443,0.05,0.15000000000000002,0.09999999999999998,6.1441775047106396e-06,4.2228348531713486e-06,1.8925145577254887e-05,0.050000000000000044,0.15000000000000002,"{'I': 1, 'W': 0, 'R': 1, 'C': 'free'}",False,True,True,0.3333333333333333,3
4073,3,0.20223747749072243,0.5052302131025362,0.6926060801159878,2.1313090441541958,1.1024347935290766,1.348780605276374,0.3859051672278535,0.9999999999999991,0.2,0.25,0.19999999999999996,0.8807970701003163,1.4738988816723299e-05,2.7535687348655894e-05,0.4,0.35,"{'I': 1, 'W': 0, 'R': 1, 'C': 'free'}",False,True,True,0.3333333333333333,3
4073,4,0.017376765763808078,0.37808850022538876,0.06665865549839527,1.6161032825083348,1.0027749660862633,1.2543689481982514,0.011023285280062911,0.9999999965689688,,0.15000000000000002,0.15000000000000002,7.889264439941173e-06,6.144203447885815e-06,1.6701429641903456e-05,0.050000000000000044,0.25,"{'I': 1, 'W': 0, 'R': 1, 'C': 'free'}",False,True,True,0.0,3
4073,5,0.11826542571695822,0.33873807946371753,0.6792753115054283,1.7903856571454118,1.0360341630146452,1.2245825233402439,0.2981258691138541,0.9999997482927543,0.2,0.4,0.4,3.535626569605654e-05,3.7266527157416476e-06,7.484626286413898e-05,0.4,0.35,"{'I': 1, 'W': 0, 'R': 1, 'C': 'free'}",False,True,True,0.3333333333333333,3
4073,6,0.1572941775159908,0.3360036535604147,0.7925868893670043,1.7173832289774873,1.0499493353246396,1.2380362487299141,0.38579044196603596,0.9999999527866836,,0.30000000000000004,0.19999999999999996,5.8291272337547704e-05,1.1478899710789954e-05,2.144495859227412e-05,0.4,0.35,"{'I': 1, 'W': 0, 'R': 1, 'C': 'free'}",False,True,True,0.6666666666666666,3
4073,7,8.035205013599352e-06,0.37768854747192837,5.031287328649893e-05,1.7465347418944397,1.0000005695547851,1.292651276155175,5.125978468467629e-06,0.9999999997999586,,0.30000000000000004,0.15000000000000002,6.962257860297157e-06,1.0130035720801777e-05,2.7535687721291142e-05,0.4,0.25,"{'I': 1, 'W': 0, 'R': 1, 'C': 'free'}",True,True,True,0.0,3
4079,1,0.015631776907411514,0.15888390630947047,0.10941061226615405,1.0793857637426523,1.0033264004659588,1.0724330621819516,0.022978051155463475,0.9505596383284934,,0.050000000000000044,0.09999999999999998,2.1024339051621986e-07,2.3823696657536518e-07,1.3007123645450484e-05,0.050000000000000044,0.050000000000000044,"{'I': 1, 'W': 0, 'R': 1, 'C': 'free'}",False,True,True,1.0,3
4079,2,0.21217929782949518,0.17176932935474218,0.9531424984192455,1.1837318932725867,1.091442555563476,1.1965890987004226,0.618064271308928,0.9995549967370075,0.0,0.0,0.0,0.9997040399900863,0.9999646407470711,1.994729951906012e-06,0.0,0.0,"{'I': 0, 'W': 1, 'R': 0, 'C': 'costly'}",False,True,True,0.0,3
4080,1,0.039345883255913615,0.2396115496153935,0.31474285209443065,1.8187116617293795,1.012604795815135,1.1538501889097998,0.09535088930743085,0.9996182477568567,,0.09999999999999998,0.09999999999999998,5.715002400857002e-07,6.47594565197956e-07,3.1201903340196565e-05,0.050000000000000044,0.050000000000000044,"{'I': 1, 'W': 0, 'R': 1, 'C': 'free'}",False,True,True,1.0,3
4080,2,0.010160750154199535,0.33474123668171835,0.09009478078346513,1.5445727481061986,1.0020323672033284,1.2874009922990428,0.018106808318699485,0.9999988102583512,0.05,0.19999999999999996,0.19999999999999996,4.222834946979941e-06,4.222834894242258e-06,3.120190372402194e-05,0.050000000000000044,0.25,"{'I': 1, 'W': 0, 'R': 1, 'C': 'free'}",False,True,True,1.0,3
4080,3,0.00502567116409535,0.1653097009271214,0.04018751050834961,1.2001878026647836,1.0008399794092204,1.12043540825579,0.006694505874378143,0.9972967569330394,,0.09999999999999998,0.09999999999999998,2.9023119318935943e-06,4.7850943986199065e-06,3.1201902962279494e-05,0.050000000000000044,0.050000000000000044,"{'I': 1, 'W': 0, 'R': 1, 'C': 'free'}",True,False,True,0.0,3
4080,4,0.08885565112102459,0.2508376014154587,0.5399275099275488,1.608399947441977,1.028557250533622,1.1576931549418277,0.17889119317123048,0.9999829983883972,0.0,0.050000000000000044,0.050000000000000044,2.430025209360631e-05,1.0129987212385298e-05,4.006369104526354e-05,0.050000000000000044,0.050000000000000044,"{'I': 1, 'W': 0, 'R': 1, 'C': 'free'}",False,True,True,0.3333333333333333,3
4080,5,0.009097034547182293,0.34293047627057677,0.1594571503293403,1.7092018851902526,1.00193649643626,1.3413838290297193,0.04352090724866198,0.9999999999994312,0.0,0.09999999999999998,0.09999999999999998,0.9999251529315858,0.9999417063932284,0.017986213481880484,0.15000000000000002,0.050000000000000044,"{'I': 0, 'W': 1, 'R': 0, 'C': 'costly'}",False,True,True,0.0,3
4082,1,0.005235662300946351,0.22625461509698672,0.04017960708800197,1.341519216245017,1.0008602466263903,1.144934680568219,0.00685540834988374,0.9989949590377591,,0.050000000000000044,0.09999999999999998,1.1253517529140668e-07,3.466327446570277e-07,1.4738988944134402e-05,0.050000000000000044,0.050000000000000044,"{'I': 1, 'W': 0, 'R': 1, 'C': 'free'}",False,True,True,1.0,3
4082,2,0.00479877909147823,0.23219187994378818,0.03264014959787207,1.4974210252125344,1.0007355108272784,1.1831054944693284,0.005864659126707639,0.9999787920916261,0.0,0.050000000000000044,0.09999999999999998,0.2227001315459807,4.7850944814448405e-06,3.5356254300265746e-05,0.050000000000000044,0.050000000000000044,"{'I': 0, 'W': 1, 'R': 0, 'C': 'costly'}",False,True,True,1.0,3
4097,1,0.012157131986621751,0.2620664462742669,0.1094106147962484,1.2572554243293608,1.0025861657481494,1.162549088877127,0.022977352334881296,0.9975814894007927,,0.050000000000000044,0.09999999999999998,2.699578408087431e-07,3.4663274467980337e-07,2.4300252096088787e-05,0.050000000000000044,0.050000000000000044,"{'I': 1, 'W': 0, 'R': 1, 'C': 'free'}",False,True,True,1.0,3
4097,2,0.0005944558709876661,0.14867039990677577,0.004698770997640635,1.1144559801302487,1.000069631337117,1.0670329754100163,0.0005568761906080688,0.9917806066201583,0.0,0.050000000000000044,0.050000000000000044,7.889264461175546e-06,1.855391460247546e-07,1.5534971952902495e-06,0.0,0.0,"{'I': 0, 'W': 1, 'R': 0, 'C': 'costly'}",False,True,True,0.0,3
4104,1,0.048995097687305394,0.1822087870528168,0.36533384925399465,1.1679116474337201,1.0142162309154383,1.1254518859927132,0.14382236517958402,0.9711469318497096,,0.09999999999999998,0.09999999999999998,2.1024339092576394e-07,2.382369666026398e-07,1.300712377777001e-05,0.050000000000000044,0.050000000000000044,"{'I': 1, 'W': 0, 'R': 1, 'C': 'free'}",False,True,True,1.0,3
4104,2,0.006077747336792705,0.500891022241738,0.04060307908494769,1.806649831181579,1.000931723421915,1.3564926606779206,0.009269665656449377,0.9999999615742022,0.05,0.15000000000000002,0.15000000000000002,3.7266388161807948e-06,2.2603250855398755e-06,4.539785230139957e-05,0.050000000000000044,0.15000000000000002,"{'I': 1, 'W': 0, 'R': 1, 'C': 'free'}",False,True,True,1.0,3
4104,3,0.0001117226278837496,0.398050111501446,0.0006272816959258648,1.9187349658922008,1.0000100580931224,1.34901066838717,8.046110315318433e-05,0.9999999998226439,,0.25,0.25,6.475945656953872e-07,8.315279274337449e-07,9.61023920397496e-05,0.25,0.25,"{'I': 1, 'W': 0, 'R': 1, 'C': 'free'}",False,True,True,1.0,3
4104,4,0.005698498050456528,0.49736233671672786,0.027912319649092524,2.428336026028019,1.0007057383805258,1.3246664495301692,0.00773035006867695,0.9999999971650695,,0.30000000000000004,0.19999999999999996,0.00010889693403967874,2.2603250989386315e-06,7.889264450506903e-06,0.5,0.25,"{'I': 1, 'W': 0, 'R': 1, 'C': 'free'}",False,True,True,0.0,3
4104,5,0.0006050491248858501,0.4070644455217258,0.00411801277355793,1.2947772353293912,1.0000667954410267,1.2251607654191865,0.0004674431865491213,0.9999283979895691,,0.19999999999999996,0.19999999999999996,2.9023119818503595e-06,1.3709587474241664e-06,9.610239196190087e-05,0.15000000000000002,0.35,"{'I': 1, 'W': 0, 'R': 1, 'C': 'free'}",False,True,True,1.0,3
4104,6,2.2658264130068243e-05,0.41124579374844694,0.00012594439101730687,2.3585731025109067,1.0000016689248608,1.3108803647582619,1.168239603621668e-05,0.9999999898676069,,0.09999999999999998,0.15000000000000002,7.889264458046996e-06,4.785094483342415e-06,1.670142975213485e-05,0.050000000000000044,0.050000000000000044,"{'I': 1, 'W': 0, 'R': 1, 'C': 'free'}",False,True,True,1.0,3
4104,7,4.814796690348275e-05,0.19910473843264004,0.00032708479266865354,0.9998237803207555,1.0000038998029017,1.1731860113379227,2.7298194480773752e-05,0.9999913658805096,,0.09999999999999998,0.09999999999999998,1.7603429991223233e-06,4.785094472447095e-06,3.5356254854416276e-05,0.050000000000000044,0.050000000000000044,"{'I': 1, 'W': 0, 'R': 1, 'C': 'free'}",True,False,True,0.0,3
4116,1,0.0070295892518370436,0.29496554937457914,0.0604889856982367,1.2138204282755798,1.001260742187737,1.1904444498269113,0.011275482899908651,0.9999183968856585,,0.09999999999999998,0.09999999999999998,5.043476469482833e-07,3.927863401778795e-07,1.6701429708790392e-05,0.050000000000000044,0.050000000000000044,"{'I': 1, 'W': 0, 'R': 1, 'C': 'free'}",False,True,True,1.0,3
4116,2,0.015119232617910445,0.46850893437425367,0.11065422119122612,1.7476558053544848,1.0030146248064529,1.3484328136372556,0.02965237885237404,0.9999999879659464,0.05,0.15000000000000002,0.15000000000000002,1.3709578538027484e-06,1.0677029914565214e-06,4.539785216654844e-05,0.15000000000000002,0.15000000000000002,"{'I': 1, 'W': 0, 'R': 1, 'C': 'free'}",False,True,True,1.0,3
4116,3,0.05159500087292185,0.5697366991778067,0.36540350976785185,1.8718005108621134,1.0163613239822473,1.3192893432501913,0.13589438491690464,0.9999999801282314,0.0,0.09999999999999998,0.09999999999999998,1.0677029939010388e-06,9.422445900489664e-07,2.753568701649428e-05,0.050000000000000044,0.050000000000000044,"{'I': 1, 'W': 0, 'R': 1, 'C': 'free'}",False,True,True,1.0,3
4116,4,0.0010988857673199606,0.5044231258853936,0.003955574861984679,1.853621598787975,1.0001129835250164,1.4085050672836357,0.0009034088231807402,0.9999999966828095,,0.19999999999999996,0.15000000000000002,5.144221303377983e-05,1.6701745690784008e-05,2.4300251796698554e-05,0.15000000000000002,0.15000000000000002,"{'I': 1, 'W': 0, 'R': 1, 'C': 'free'}",True,False,True,0.0,3
4116,5,0.11786960950429905,0.5723796002888244,0.6664317625663063,1.9057334210186903,1.1577916564055721,1.3814688917512121,0.8004437062702672,0.9999999996045008,0.15,0.25,0.19999999999999996,1.7603429952800896e-06,1.7603429976848078e-06,3.535625442178631e-05,0.25,0.25,"{'I': 1, 'W': 0, 'R': 1, 'C': 'free'}",False,True,True,1.0,3
4116,6,7.004463974896822e-05,0.3682480954496958,0.0006290393207604211,1.373799332055941,1.0000063537035562,1.241630076054564,6.353481529242089e-05,0.9999997878944181,,0.19999999999999996,0.19999999999999996,6.962257794996873e-06,8.939699312662042e-06,8.481104048665247e-05,0.050000000000000044,0.25,"{'I': 1, 'W': 0, 'R': 1, 'C': 'free'}",True,False,True,0.0,3
4116,7,4.354683872490903e-05,0.42688281160128444,0.0002844278279550571,1.927057178346867,1.0000036000919978,1.3373784992624778,3.60002071522203e-05,0.9999999999896277,,0.09999999999999998,0.15000000000000002,1.9947299449179465e-06,3.7266388135236198e-06,1.0129987330797832e-05,0.050000000000000044,0.15000000000000002,"{'I': 1, 'W': 0, 'R': 1, 'C': 'free'}",True,False,True,0.0,3
4118,1,0.007575729555103948,0.30463259242491364,0.026564767623334224,1.2151016565386525,1.0011670244652864,1.2408912266906906,0.008131169889254108,0.9999394683003808,,0.050000000000000044,0.09999999999999998,1.1253517531395133e-07,4.4508526363491667e-07,1.147876800751939e-05,0.050000000000000044,0.050000000000000044,"{'I': 1, 'W': 0, 'R': 1, 'C': 'free'}",False,True,True,1.0,3
4118,2,0.03542350153135036,0.3000164263642329,0.4929133651559635,1.7474686814629536,1.014708481524682,1.270839207975504,0.1848792790833389,0.9999999679759376,0.0,0.050000000000000044,0.09999999999999998,1.300712380988092e-05,8.315279279202259e-07,4.785094471537484e-06,0.0,0.050000000000000044,"{'I': 0, 'W': 1, 'R': 0, 'C': 'costly'}",False,True,True,0.3333333333333333,3
4133,1,0.01802002527598948,0.12029774549416336,0.09009477654774786,0.9235279103242677,1.0036366603436382,1.1169399268872462,0.01798659343457798,0.9709567044424219,,0.050000000000000044,0.09999999999999998,6.475945638679574e-07,5.715002414416758e-07,1.8925145800087724e-05,0.050000000000000044,0.050000000000000044,"{'I': 1, 'W': 0, 'R': 1, 'C': 'free'}",False,True,True,1.0,3
4133,2,0.04495543733557981,0.2592259217855212,0.2685352407669412,1.4550497048371025,1.0132539325639385,1.1892015510728648,0.07596118989611089,0.9997946559526029,0.0,0.050000000000000044,0.09999999999999998,1.0677029900979513e-06,2.260325089663443e-06,2.1444958298867726e-05,0.0,0.050000000000000044,"{'I': 1, 'W': 0, 'R': 1, 'C': 'free'}",True,False,True,0.0,3
4133,3,0.029628869422713183,0.37728126125448425,0.13673625822400381,1.8964370553187269,1.0050001464603677,1.2478332714099711,0.02463004235235633,0.9999084992971803,,0.09999999999999998,0.15000000000000002,1.8925145541552953e-05,1.670162139641058e-05,0.002472626780142805,0.050000000000000044,0.25,"{'I': 1, 'W': 0, 'R': 1, 'C': 'free'}",True,False,True,0.0,3
4133,4,0.00010986047372217976,0.3884104321410603,0.00040424679003508757,1.4361867375086297,1.0000084876303428,1.318683614409575,4.243707113704698e-05,0.9999526916232044,,0.30000000000000004,0.30000000000000004,2.144495841779468e-05,2.9023203920142776e-06,0.00012339463691639224,0.15000000000000002,0.5,"{'I': 1, 'W': 0, 'R': 1, 'C': 'free'}",True,False,True,0.0,3
4133,5,3.190447623966226e-05,0.2359659280396757,0.00015934399971386767,1.1329019863616934,1.0000025987489722,1.1374579978876418,1.2993643559888746e-05,0.9960665000927451,,0.09999999999999998,0.09999999999999998,1.5534971968413763e-06,5.4222170109631426e-06,3.53562549101134e-05,0.0,0.15000000000000002,"{'I': 1, 'W': 0, 'R': 1, 'C': 'free'}",True,False,True,0.0,3
4133,6,0.018343422711519,0.33978777898594203,0.08713275057982779,1.2581599700588901,1.0031079370488079,1.199182415381092,0.02148760196045396,0.9998039381116082,0.0,0.30000000000000004,0.4,1.0129987331133833e-05,4.785094473958883e-06,0.010986941651220106,0.25,0.25,"{'I': 1, 'W': 0, 'R': 1, 'C': 'free'}",False,True,True,1.0,3
4133,7,0.14261538626932185,0.5043076410638236,0.7774740458725157,1.8199455625104632,1.084334798157148,1.3119923629227448,0.5549938146291366,0.9999971343142134,0.15,0.4,0.25,0.0007096703184879716,2.260325104638834e-06,0.00015843623583634234,0.75,0.4,"{'I': 1, 'W': 0, 'R': 1, 'C': 'free'}",False,True,True,1.0,3
4142,1,0.0015145220720765757,0.19460873972953627,0.009064390909753917,1.3505839003081932,1.0001952690551388,1.1436454696208374,0.0011708140175218373,0.9863643842473424,,0.050000000000000044,0.09999999999999998,1.3709578547374702e-06,1.2098659676022956e-06,5.829127148962662e-05,0.050000000000000044,0.050000000000000044,"{'I': 1, 'W': 0, 'R': 1, 'C': 'free'}",False,True,True,1.0,3
4142,2,4.2041949149721295e-05,0.21309324566676477,0.0002519795781625395,1.655560225542845,1.0000035762465793,1.1468964649574296,2.1457210898190304e-05,0.9958405928421356,,0.09999999999999998,0.09999999999999998,8.315279229979235e-07,2.902311964267401e-06,1.8925145798251628e-05,0.050000000000000044,0.050000000000000044,"{'I': 1, 'W': 0, 'R': 1, 'C': 'free'}",False,True,True,1.0,3
4142,3,5.602915923666509e-06,0.2483667212188435,3.166645332210451e-05,1.7492931812779011,1.0000003973639595,1.1398200304152324,2.3841804406288247e-06,0.99914721289198,,0.050000000000000044,0.09999999999999998,5.8291269626921215e-05,1.0130035711867338e-05,5.144221338799648e-05,0.050000000000000044,0.050000000000000044,"{'I': 1, 'W': 0, 'R': 1, 'C': 'free'}",True,True,True,0.0,3
4142,4,2.051507456946224e-06,0.30326501674106277,9.875882155314045e-06,1.7583363167462214,1.0000000993410512,1.1897808164968469,5.960460995879657e-07,0.9999500675184166,,0.050000000000000044,0.09999999999999998,2.4300252181280298e-05,4.785094483197835e-06,0.00012339463123000374,0.050000000000000044,0.050000000000000044,"{'I': 1, 'W': 0, 'R': 1, 'C': 'free'}",True,True,True,0.0,3
4142,5,0.12903006830702446,0.35843559572910105,0.62775317127539,1.2876685046757432,1.0809880365525872,1.231094926111766,0.32252143010831436,0.9999536546663477,0.0,0.0,0.050000000000000044,1.0129987351361514e-05,3.0590233630048246e-07,1.01299873356278e-05,0.0,0.0,"{'I': 0, 'W': 1, 'R': 0, 'C': 'costly'}",False,True,True,0.3333333333333333,3
415,1,0.08294022142301835,0.26824618570513176,0.47505156088999445,0.883423248308663,1.034703917829789,1.1473180859989656,0.18510164912408777,0.9630522627628022,0.0,0.050000000000000044,0.09999999999999998,3.9278634021439587e-07,8.315279270680988e-07,1.6701429744812735e-05,0.050000000000000044,0.050000000000000044,"{'I': 1, 'W': 0, 'R': 1, 'C': 'free'}",False,True,True,1.0,3
415,2,0.0020244890774772572,0.1647227160253145,0.013970688963925457,0.7454934391908798,1.0002779391007914,1.066734741672297,0.0019434125038132466,0.7878488201712248,0.0,0.15000000000000002,0.15000000000000002,1.067702993276605e-06,1.012998716323086e-05,0.0015011821953558595,0.050000000000000044,0.25,"{'I': 1, 'W': 0, 'R': 1, 'C': 'free'}",False,True,True,1.0,3
415,3,0.0002308855581420529,0.4015770907435226,0.0015451233921512058,1.7401601477675626,1.0000233635000777,1.346174938766539,0.00016352921772677664,0.9999999562261817,0.05,0.15000000000000002,0.15000000000000002,1.5534971936913169e-06,4.78509447292301e-06,2.1444958622045964e-05,0.050000000000000044,0.25,"{'I': 1, 'W': 0, 'R': 1, 'C': 'free'}",True,False,True,0.0,3
415,4,0.00580637324420493,0.5703069310055623,0.04018245181963588,1.8786728426195562,1.0009654890960233,1.478244030589069,0.0067323983525579,1.0,0.15,0.8,0.4,2.144495855474575e-05,7.889275272307241e-06,0.0011695103597992795,0.65,0.65,"{'I': 1, 'W': 0, 'R': 1, 'C': 'free'}",True,False,True,0.0,3
415,5,0.005842864100968245,0.4240009868262767,0.04019232857262128,1.6850929325223072,1.0009688464504174,1.3684646446418594,0.006755718783183595,0.9999999989800389,0.05,0.8,0.7,4.006369190350051e-05,4.785104012827484e-06,2.7535687661132098e-05,0.65,0.65,"{'I': 1, 'W': 0, 'R': 1, 'C': 'free'}",True,False,True,0.0,3
415,6,0.05585052419189714,0.44380088407057633,0.49891421250829693,1.7841948822272438,1.0180415403837928,1.3909791232512396,0.1486453639171601,0.999999999933283,0.25,0.25,0.15000000000000002,3.726638837468462e-06,4.785094476741586e-06,1.6701429783384098e-05,0.15000000000000002,0.35,"{'I': 1, 'W': 0, 'R': 1, 'C': 'free'}",False,True,True,1.0,3
415,7,0.00023804363219406184,0.3454244727575749,0.002091902755485301,1.7054317747323973,1.000024435599372,1.2794925878430379,0.0002198935273208802,0.9999999748627351,0.05,0.09999999999999998,0.15000000000000002,1.2098659651192717e-06,1.994729950637668e-06,1.6701429720216186e-05,0.050000000000000044,0.050000000000000044,"{'I': 1, 'W': 0, 'R': 1, 'C': 'free'}",True,False,True,0.0,3
4152,1,0.41308833535825457,0.2940217491764818,2.4706195565792592,1.4632353225588288,1.8102588540634135,1.2395241056977155,0.9715844597077633,0.9997140363258117,,0.050000000000000044,0.09999999999999998,4.4508526393699943e-07,2.260325102668287e-06,8.481104069411718e-05,0.050000000000000044,0.050000000000000044,"{'I': 1, 'W': 0, 'R': 1, 'C': 'free'}",False,True,True,0.0,3
4152,2,0.019004964384893262,0.3091971465985079,0.13234682819960916,1.6883082360056583,1.0042680986196884,1.193564562289553,0.029373085699821333,0.9999502688258154,0.0,0.09999999999999998,0.15000000000000002,1.2098659623945565e-06,2.5612812565821045e-06,4.5397852054717986e-05,0.0,0.15000000000000002,"{'I': 1, 'W': 0, 'R': 1, 'C': 'free'}",True,False,True,0.0,3
4152,3,0.1365166023843632,0.2894035045286461,1.090337092696824,1.404411579309677,1.0638632822614302,1.2546750479328137,0.3905845795198213,0.9999631791975966,0.05,0.4,0.7,4.785094474486761e-06,2.753609249834538e-05,0.9399133091960321,0.15000000000000002,0.25,"{'I': 1, 'W': 0, 'R': 1, 'C': 'free'}",False,True,True,0.0,3
4152,4,5.054697763665029e-05,0.2764434994393418,0.00025197964207978815,1.4047183540689347,1.0000041552675256,1.1586223146323582,2.908638923049267e-05,0.9986737817090564,,0.15000000000000002,0.09999999999999998,3.726638792981651e-06,2.260325095801934e-06,0.0004305572200800141,0.050000000000000044,0.15000000000000002,"{'I': 1, 'W': 0, 'R': 1, 'C': 'free'}",True,False,True,0.0,3
4152,5,3.238595673596252e-05,0.33136262158277363,0.0001399258917602921,1.9738438441303525,1.0000024636508082,1.288718202002107,1.4781777389449857e-05,0.9999999849066843,,0.19999999999999996,0.15000000000000002,1.1478767827860728e-05,8.93969934400842e-06,0.0005527787122623649,0.15000000000000002,0.25,"{'I': 1, 'W': 0, 'R': 1, 'C': 'free'}",True,True,True,0.0,3
4152,6,0.032471274452958464,0.32364078875867525,0.22721311416279116,1.2581943047957986,1.0088927908771934,1.2421659008210133,0.06009303324506299,0.9999998343968559,0.0,0.19999999999999996,0.19999999999999996,2.7535686905713672e-05,8.939699393305244e-06,0.006692851678439144,0.15000000000000002,0.4,"{'I': 1, 'W': 0, 'R': 1, 'C': 'free'}",True,False,True,0.0,3
4152,7,3.527142257125729e-05,0.26761100512974617,0.00018915026550328834,1.5285931147478065,1.0000026736815777,1.1565952803649102,1.871557088473086e-05,0.998759334018424,,0.30000000000000004,0.19999999999999996,1.0129987209293036e-05,4.222834922366012e-06,0.0004305570907078236,0.15000000000000002,0.25,"{'I': 1, 'W': 0, 'R': 1, 'C': 'free'}",True,True,True,0.0,3
416,1,0.004454490760365313,0.15075449324246198,0.026464202035007232,1.0552670900355188,1.0006832655759679,1.0921394603267167,0.004089807402682499,0.954263119945777,,0.050000000000000044,0.09999999999999998,3.4663274348820917e-07,2.699578414815209e-07,2.1444958437895516e-05,0.050000000000000044,0.050000000000000044,"{'I': 1, 'W': 0, 'R': 1, 'C': 'free'}",False,True,True,1.0,3
416,2,0.00020474301698782362,0.5456999739533309,0.0008937244274734517,2.1751231615322215,1.0000184571161865,1.546726314043268,0.00011073554350371495,1.0,,0.09999999999999998,0.15000000000000002,1.5534971758579477e-06,2.902311962204193e-06,1.6701429512044273e-05,0.050000000000000044,0.050000000000000044,"{'I': 1, 'W': 0, 'R': 1, 'C': 'free'}",True,False,True,0.0,3
416,3,0.11150852433341833,0.36036298163129615,0.9824634487753351,1.4441571721850188,1.0350491859913042,1.2512284089313461,0.2665827731270035,0.9999955691484745,0.05,0.25,0.15000000000000002,0.04742587883261373,0.008577488069845008,0.0004305572900964957,0.5,0.25,"{'I': 1, 'W': 0, 'R': 1, 'C': 'free'}",False,True,True,0.3333333333333333,3
416,4,0.02754977473052625,0.3928516295275878,0.1643370913276984,1.460903188867353,1.006462674946588,1.2347418747904113,0.03791385875958986,0.9997827534335859,,0.19999999999999996,0.15000000000000002,2.144493938538866e-05,6.1441773616457075e-06,5.82912712451026e-05,0.050000000000000044,0.15000000000000002,"{'I': 1, 'W': 0, 'R': 1, 'C': 'free'}",True,True,True,0.0,3
416,5,0.00032057323955234654,0.4180067712798165,0.0017167756496821484,1.6246338704206416,1.000031270587096,1.3108584958216183,0.00018760298944597853,0.9999999898561058,,0.4,0.25,5.1442211284794856e-05,3.726638816375359e-06,0.00026119030841214496,0.25,0.4,"{'I': 1, 'W': 0, 'R': 1, 'C': 'free'}",True,False,True,0.0,3
416,6,0.05278946101071333,0.39114309948982967,0.4750517269576547,1.251406065277059,1.0226319326947835,1.2113387601747636,0.18242829807011762,0.9999532062256363,0.05,0.30000000000000004,0.25,1.892514558067767e-05,6.1441774523701995e-06,0.0002611903073373782,0.15000000000000002,0.25,"{'I': 1, 'W': 0, 'R': 1, 'C': 'free'}",True,True,True,0.0,3
416,7,0.020918081175368464,0.4616447544336016,0.11093358112631857,2.047430775474887,1.004237474822957,1.3646539029928888,0.025051989582726142,0.9999743413227513,,0.30000000000000004,0.25,9.610238778924926e-05,8.939699399047861e-06,0.00012339461878299712,0.15000000000000002,0.4,"{'I': 1, 'W': 0, 'R': 1, 'C': 'free'}",True,True,True,0.0,3
4176,1,0.05243909784501251,0.25527927009527024,0.4193067555184905,1.3330758631198032,1.020231788090623,1.1705652529061894,0.14805964259727844,0.9996196192047685,,0.050000000000000044,0.09999999999999998,6.825603718608088e-08,1.4449802084741956e-07,5.422217657987967e-06,0.050000000000000044,0.050000000000000044,"{'I': 1, 'W': 0, 'R': 1, 'C': 'free'}",False,True,True,1.0,3
4176,2,0.011282288842508531,0.28479963754521254,0.09009477735721168,1.5330980781981542,1.0022728888179977,1.1437364719823602,0.017998533951638196,0.9991895549505497,0.0,0.050000000000000044,0.050000000000000044,1.012998735396141e-05,8.315279280059414e-07,8.939699424536287e-06,0.0,0.050000000000000044,"{'I': 0, 'W': 1, 'R': 0, 'C': 'costly'}",False,True,True,1.0,3
4177,1,0.09785741096772933,0.3225854593641749,0.6671656535482344,0.9678971562631191,1.0352090173855322,1.297183105979847,0.21511925383367003,0.9993145685155053,,0.09999999999999998,0.09999999999999998,2.3823696667944012e-07,1.2098659687415717e-06,1.6701429711566675e-05,0.050000000000000044,0.050000000000000044,"{'I': 1, 'W': 0, 'R': 1, 'C': 'free'}",False,True,True,1.0,3
4177,2,0.006075240513562756,0.2802393351824025,0.0401796126024886,1.8831491255964317,1.0009914329183782,1.1591412700695038,0.006912589787246404,0.9998094141673687,0.05,0.09999999999999998,0.09999999999999998,4.785094486105907e-06,4.006393771592352e-05,0.0007096703767228085,0.050000000000000044,0.050000000000000044,"{'I': 1, 'W': 0, 'R': 1, 'C': 'free'}",False,True,True,1.0,3
4177,3,0.09684790938816781,0.31274167101763706,0.6276669616871704,1.5248209379811954,1.0581382335300304,1.193346057729635,0.32670846969177103,0.9999792389443334,,0.050000000000000044,0.09999999999999998,1.8925145465685066e-05,7.889366862245679e-06,4.5397851978676416e-05,0.050000000000000044,0.050000000000000044,"{'I': 1, 'W': 0, 'R': 1, 'C': 'free'}",False,True,True,0.6666666666666666,3
4177,4,3.9253886835376814e-05,0.38148791889300315,0.00018592175864223673,1.6490005829866468,1.0000030142790293,1.2245317120703596,2.1099698802928835e-05,0.999999862489095,,0.050000000000000044,0.09999999999999998,1.4738988813542358e-05,5.422250282652869e-06,2.4300251955222383e-05,0.050000000000000044,0.050000000000000044,"{'I': 1, 'W': 0, 'R': 1, 'C': 'free'}",False,True,True,0.0,3
4177,5,0.016759560385217864,0.40273645214994896,0.06524890782125857,2.410116396947098,1.0027128421769844,1.2764623606871301,0.021440173025153886,0.9999999702538295,0.0,0.050000000000000044,0.050000000000000044,0.00026119030999352506,2.2603251048713104e-06,1.4738988818565559e-05,0.0,0.050000000000000044,"{'I': 0, 'W': 1, 'R': 0, 'C': 'costly'}",False,True,True,0.0,3
4179,1,0.001096049385960568,0.2591957774517784,0.003175489504318597,1.152100167182342,1.0001132774382118,1.1891141739623596,0.000679395243310732,0.9999908794346528,,0.050000000000000044,0.09999999999999998,1.0677029883095476e-06,7.33820804391837e-07,7.484626269697438e-05,0.050000000000000044,0.050000000000000044,"{'I': 1, 'W': 0, 'R': 1, 'C': 'free'}",False,True,True,1.0,3
4179,2,2.8982975456870488e-05,0.3501577580636024,0.0002519868817964042,1.5743979804503323,1.0000023344974605,1.3084103598394723,2.8013544440486093e-05,0.9999975094845494,,0.09999999999999998,0.09999999999999998,1.7603429828858194e-06,5.043476479683187e-07,4.0063691509347944e-05,0.050000000000000044,0.050000000000000044,"{'I': 1, 'W': 0, 'R': 1, 'C': 'free'}",False,True,True,1.0,3
4179,3,0.0030556732076200896,0.35295216945170693,0.01116139182860669,1.5449153738575558,1.0003532950876834,1.2303057670049302,0.0021171518277942614,0.9999951108937568,0.0,0.09999999999999998,0.050000000000000044,0.9241418245221175,2.7535966345597664e-05,0.00023050665561138187,0.050000000000000044,0.050000000000000044,"{'I': 1, 'W': 0, 'R': 1, 'C': 'free'}",False,True,True,0.0,3
4179,4,0.3211838529578919,0.42408910742914485,0.9652068249292654,1.7553805882733597,1.4830454273913112,1.3461873487121754,0.793280148987936,0.9999979137911238,,0.09999999999999998,0.09999999999999998,0.00029595723728872097,4.539825691740762e-05,0.00015843624805776934,0.050000000000000044,0.050000000000000044,"{'I': 1, 'W': 0, 'R': 1, 'C': 'free'}",False,True,True,0.0,3
4179,5,0.17454721361490336,0.3867981609577384,0.480262613059532,1.615861597450476,1.0649711013826957,1.311673685341639,0.2700201293752402,0.99999871557217,,0.09999999999999998,0.050000000000000044,2.144495856886909e-05,2.1445060805758058e-05,4.006369138193802e-05,0.050000000000000044,0.050000000000000044,"{'I': 1, 'W': 0, 'R': 1, 'C': 'free'}",False,True,True,0.3333333333333333,3
4179,6,0.0004307529979284636,0.4278261559492663,0.001933915126400583,2.2398827717314425,1.0000439850286937,1.308405179755564,0.0002198961262059873,0.99999999326958,,0.050000000000000044,0.09999999999999998,0.9241418249937229,9.610241792745163e-05,0.0001398220209729945,0.050000000000000044,0.050000000000000044,"{'I': 0, 'W': 1, 'R': 0, 'C': 'costly'}",False,True,True,0.0,3
4180,1,0.008245529357145202,0.31973698243252335,0.0493575396604779,1.4121612454032653,1.0014380979509727,1.1696169830865533,0.008585323081785723,0.9933533517277513,,0.050000000000000044,0.09999999999999998,4.450852625539874e-07,6.475945657134088e-07,8.939699462174372e-06,0.050000000000000044,0.050000000000000044,"{'I': 1, 'W': 0, 'R': 1, 'C': 'free'}",False,True,True,1.0,2
4180,2,4.1800721404855516e-05,0.10123889556558613,0.00031666081909987654,1.2332451810506186,1.0000035762377413,1.0323603821720873,2.8609441515059508e-05,0.6274120727032391,0.0,0.0,0.050000000000000044,5.043476486360155e-07,1.1253517544701503e-07,4.22283488869251e-06,0.0,0.0,"{'I': 0, 'W': 1, 'R': 0, 'C': 'costly'}",False,True,True,0.0,2
4185,1,0.004666382547699279,0.19659184985905895,0.019411763685722585,1.0401541209073122,1.0006216993293053,1.151466939037354,0.0043410931768540495,0.9988520332849087,0.0,0.09999999999999998,0.09999999999999998,1.0677029911976955e-06,9.422445898787828e-07,3.1201903656715606e-05,0.050000000000000044,0.050000000000000044,"{'I': 1, 'W': 0, 'R': 1, 'C': 'free'}",False,True,True,1.0,3
4185,2,0.0008832449186272573,0.2897711183194226,0.0030182069498979175,1.7579018346725632,1.0000930223683833,1.2161118478540456,0.00046498207266820746,0.9999988731823779,,0.15000000000000002,0.09999999999999998,1.9947299434277767e-06,1.1478767808892623e-05,0.0024726232016814968,0.050000000000000044,0.050000000000000044,"{'I': 1, 'W': 0, 'R': 1, 'C': 'free'}",False,True,True,1.0,3
4185,3,0.15768389291855828,0.24692248678342724,0.706529955191466,1.3145950466205094,1.15265456002916,1.1678032050090787,0.5085219388492555,0.9999981225055598,0.0,0.09999999999999998,0.09999999999999998,0.0002611903099214475,2.9023119821368587e-06,3.5356254809594674e-05,0.050000000000000044,0.050000000000000044,"{'I': 0, 'W': 1, 'R': 0, 'C': 'costly'}",False,True,True,0.0,3
4213,1,0.07312030652345931,0.29932459328512206,0.4750515783404092,1.1522892263251654,1.0284859368021975,1.1868380738622542,0.20124582957557946,0.9930393889287086,0.0,0.050000000000000044,0.09999999999999998,3.059023359094115e-07,3.4663274468277677e-07,1.8925145708890028e-05,0.0,0.050000000000000044,"{'I': 1, 'W': 0, 'R': 1, 'C': 'free'}",False,True,True,1.0,3
4213,2,0.22886004820832037,0.4603571575834752,0.8429627527903754,1.6784790026174377,1.0857496039912622,1.328252824104076,0.5607586641574426,0.9999997797886955,0.0,0.15000000000000002,0.15000000000000002,1.0129987348590916e-05,4.5398370929347426e-05,0.00020342704435104137,0.050000000000000044,0.050000000000000044,"{'I': 1, 'W': 0, 'R': 1, 'C': 'free'}",False,True,True,0.0,3
4213,3,0.0007593197666546089,0.4900300305728054,0.007293381995410195,2.087396354340165,1.0000935301658884,1.321760157428407,0.00093482070477513,0.9999999997968637,0.05,0.19999999999999996,0.15000000000000002,1.7603429952243796e-06,1.1478767819352745e-05,0.00015843623520576545,0.15000000000000002,0.25,"{'I': 1, 'W': 0, 'R': 1, 'C': 'free'}",True,False,True,0.0,3
4213,4,0.04882040960752918,0.3649832519211259,0.21863654232049087,1.8543009305895741,1.0077922496714549,1.181068947185752,0.045504434147347284,0.9999983481146208,0.05,0.25,0.25,6.144177527683122e-06,3.7266388337451054e-06,0.0009110510297840717,0.15000000000000002,0.5,"{'I': 1, 'W': 0, 'R': 1, 'C': 'free'}",False,True,True,0.3333333333333333,3
4213,5,0.004415234791630381,0.540170939464112,0.0264670170857103,1.9398005179432407,1.000680263382683,1.4635718453909947,0.004071879974146264,0.9999999998811068,0.0,0.15000000000000002,0.15000000000000002,2.90231197495103e-06,2.2603251017925527e-06,0.00015843623545280157,0.15000000000000002,0.15000000000000002,"{'I': 1, 'W': 0, 'R': 1, 'C': 'free'}",True,False,True,0.0,3
4213,6,0.007412973229323508,0.49571498153559257,0.0739340484230113,2.0348744241717753,1.0014188167789708,1.2917965581434245,0.014078075995896389,0.9999999972580943,0.05,0.5,0.15000000000000002,1.300712379672565e-05,1.6701520297397537e-05,0.002472622964531686,0.15000000000000002,0.25,"{'I': 1, 'W': 0, 'R': 1, 'C': 'free'}",True,True,True,0.0,3
4213,7,8.02945958331027e-05,0.40256331858844496,0.0003166939317271122,1.8632788580585105,1.0000067233475811,1.2835890841213298,3.361605986473837e-05,0.9999994856116511,,0.19999999999999996,0.30000000000000004,3.535625445351627e-05,2.7535767654144285e-05,0.9995694422315768,0.15000000000000002,0.75,"{'I': 1, 'W': 0, 'R': 1, 'C': 'free'}",True,True,True,0.0,3
4220,1,0.01670178329663558,0.20875471353415462,0.07393386970171321,1.1865589367898979,1.0028779813974116,1.136592600063215,0.017095276384371694,0.9978572651208015,,0.050000000000000044,0.09999999999999998,5.715002410971848e-07,8.315279274020595e-07,0.00012339461908861022,0.050000000000000044,0.050000000000000044,"{'I': 1, 'W': 0, 'R': 1, 'C': 'free'}",False,True,True,0.6666666666666666,3
4220,2,0.0001331862753152771,0.29244883691812246,0.0006266349501886858,1.2510296752304442,1.000011821365255,1.144748572787535,7.092525698404462e-05,0.9899108115349786,,0.15000000000000002,0.25,1.4738988664280452e-05,1.473965750931022e-05,0.00017952802635110425,0.050000000000000044,0.25,"{'I': 1, 'W': 0, 'R': 1, 'C': 'free'}",True,False,True,0.0,3
4220,3,5.529170993592961e-05,0.35533956958830737,0.00017737780338605882,1.9860286719293216,1.0000043113868162,1.2216845397436091,2.5867930552814222e-05,0.9999181679680262,,0.15000000000000002,0.19999999999999996,8.939699407416206e-06,4.7851970511301965e-06,0.0005527785486091012,0.050000000000000044,0.15000000000000002,"{'I': 1, 'W': 0, 'R': 1, 'C': 'free'}",False,True,True,0.0,3
4220,4,0.00012172434437623916,0.38455033347744133,0.0006344564142152997,1.6025692151393178,1.0000109272872033,1.224878816998088,6.556121577505625e-05,0.9999606138257336,,0.30000000000000004,0.4,1.4738988899353069e-05,3.535630338468888e-05,0.04742587246949713,0.15000000000000002,0.25,"{'I': 1, 'W': 0, 'R': 1, 'C': 'free'}",False,True,True,0.0,3
4220,5,4.756537784453906e-05,0.390082593855004,0.00015868503899176502,1.5946299277612876,1.000003635871532,1.2474233756941446,2.181495158437574e-05,0.9999072279573074,,0.30000000000000004,0.19999999999999996,8.939699447683026e-06,1.3007340967583003e-05,0.0007096703749163147,0.15000000000000002,0.25,"{'I': 1, 'W': 0, 'R': 1, 'C': 'free'}",True,True,True,0.0,3
4220,6,0.00012488620007392078,0.4688963045725191,0.0005032642402091041,1.5291517572710118,1.0000107684384705,1.309747069829849,6.46081957483835e-05,0.9999794646277724,,0.5,0.5,4.539785220564118e-05,2.1445029141331823e-05,0.0009110515285422094,0.15000000000000002,0.65,"{'I': 1, 'W': 0, 'R': 1, 'C': 'free'}",True,False,True,0.0,3
4220,7,0.07186555713028903,0.3868282049229345,0.3653339162478217,1.5945008496570405,1.0202772843636536,1.3669004313443391,0.2600084905128034,0.9999999999991693,0.05,0.30000000000000004,0.4,3.7266388305756593e-06,1.760342999354249e-06,0.008577485218910462,0.5,0.75,"{'I': 1, 'W': 0, 'R': 1, 'C': 'free'}",False,True,True,1.0,3
4237,1,0.02273140270346209,0.25954341479831305,0.10941061228100588,1.4407145895083613,1.0047397674621932,1.1648843430302802,0.023365548173783668,0.9880381440878466,,0.050000000000000044,0.09999999999999998,1.3709578549721699e-06,9.42244591697892e-07,4.0063691721332156e-05,0.050000000000000044,0.050000000000000044,"{'I': 1, 'W': 0, 'R': 1, 'C': 'free'}",False,True,True,1.0,3
4237,2,0.0006091082463970038,0.4540711178275508,0.0038823530016319557,1.6400106282453275,1.0000673076205384,1.2269183563665942,0.00047102652053665484,0.9999555335501915,0.0,0.09999999999999998,0.15000000000000002,9.422445893874352e-07,1.994729943906839e-06,6.605215908952297e-05,0.050000000000000044,0.050000000000000044,"{'I': 1, 'W': 0, 'R': 1, 'C': 'free'}",False,True,True,1.0,3
4237,3,2.2243753920348633e-05,0.11825643081382017,0.00012662490181825745,0.9697439593158959,1.0000017285289733,1.034409168700144,1.3828124225567784e-05,0.6121945731067568,0.0,0.050000000000000044,0.050000000000000044,2.260325105283332e-06,1.125351754627035e-07,1.1478767984237303e-05,0.0,0.050000000000000044,"{'I': 0, 'W': 1, 'R': 0, 'C': 'costly'}",False,True,True,1.0,3
4248,1,0.03282070524860137,0.23012932476116124,0.36533384851910833,1.22399301488342,1.0106761957080248,1.1276853153205781,0.12894912851876383,0.994299417692426,,0.09999999999999998,0.09999999999999998,2.699578412921175e-07,1.067702992454387e-06,2.4300252177518147e-05,0.050000000000000044,0.050000000000000044,"{'I': 1, 'W': 0, 'R': 1, 'C': 'free'}",False,True,True,1.0,3
4248,2,0.12199562361413974,0.17652348268119816,0.6862831863133301,1.6325695152524515,1.1020015413855058,1.1232225160000964,0.44164965582553384,0.9993383100228928,0.0,0.09999999999999998,0.09999999999999998,0.9706877667167587,7.88926438110558e-06,4.539785166200936e-05,0.050000000000000044,0.050000000000000044,"{'I': 1, 'W': 0, 'R': 1, 'C': 'free'}",False,True,True,0.3333333333333333,3
4248,3,0.1412242173928516,0.21542636690225145,0.8308339738053971,1.2675135609648152,1.070583994746181,1.0990833152225317,0.7070276969321176,0.9999211251593796,0.05,0.09999999999999998,0.09999999999999998,1.3007123702502546e-05,3.5356445902375995e-05,0.00015843623048316356,0.050000000000000044,0.050000000000000044,"{'I': 1, 'W': 0, 'R': 1, 'C': 'free'}",False,True,True,0.3333333333333333,3
4248,4,0.03319120699620609,0.448018259368521,0.47506261668171945,2.228459550171852,1.013740708867778,1.3810509986563253,0.1851142987189498,0.9999999629417388,0.05,0.15000000000000002,0.09999999999999998,4.006369119048398e-05,1.0129987286434099e-05,0.0001584362322242857,0.050000000000000044,0.050000000000000044,"{'I': 1, 'W': 0, 'R': 1, 'C': 'free'}",False,True,True,0.3333333333333333,3
4248,5,0.018727156098892268,0.42897281156849004,0.19087474400490634,2.226219144006685,1.0042294794392301,1.3181101513583429,0.06134605649161895,0.9999999722640783,0.05,0.15000000000000002,0.15000000000000002,0.0031726830960122437,1.0130020659690451e-05,0.00013982202133407928,0.25,0.25,"{'I': 1, 'W': 0, 'R': 1, 'C': 'free'}",True,False,True,0.0,3
4248,6,3.7229624776197917e-06,0.41681239027436257,4.5605729377059544e-05,2.1712598702503603,1.0000002639630678,1.3624437219680794,3.6954756339468986e-06,0.9999999999545567,,0.15000000000000002,0.15000000000000002,2.1444958387694916e-05,6.962257863831988e-06,5.144221265627094e-05,0.25,0.25,"{'I': 1, 'W': 0, 'R': 1, 'C': 'free'}",True,False,True,0.0,3
4248,7,0.03771373913427698,0.3951745584536887,0.31668465404016904,2.69019005990976,1.011059199400896,1.3241336200748843,0.15208713690209963,0.9999999999673514,0.05,0.30000000000000004,0.15000000000000002,5.829127124553341e-05,1.1478767977073493e-05,8.481103966694213e-05,0.4,0.25,"{'I': 1, 'W': 0, 'R': 1, 'C': 'free'}",True,False,True,0.0,3
4261,1,0.0009106681039609042,0.34404067084018625,0.00473398150475054,1.711028130311495,1.0000995903066132,1.3166833642865077,0.0006968545188269504,0.9999999703055664,,0.09999999999999998,0.09999999999999998,4.450852619812654e-07,4.4508526363685463e-07,3.53562546046386e-05,0.050000000000000044,0.050000000000000044,"{'I': 1, 'W': 0, 'R': 1, 'C': 'free'}",False,True,True,1.0,3
4261,2,0.0004733157136925492,0.4501040224796443,0.0037677101857804224,1.6821500659255713,1.0000521781976692,1.425948571835082,0.00046948128706525427,0.9999999861737945,0.05,0.15000000000000002,0.15000000000000002,1.209865970429075e-06,8.315279271873532e-07,4.539785226796689e-05,0.050000000000000044,0.15000000000000002,"{'I': 1, 'W': 0, 'R': 1, 'C': 'free'}",False,True,True,1.0,3
4261,3,5.6482856583552304e-05,0.3060215255254082,0.0007859635711373699,1.5606379679162192,1.0000053642323274,1.238126121899733,7.509623129597909e-05,0.9999982275375527,0.0,0.050000000000000044,0.09999999999999998,3.535625492336456e-05,6.475945664895066e-07,1.3007123780740158e-05,0.050000000000000044,0.050000000000000044,"{'I': 0, 'W': 1, 'R': 0, 'C': 'costly'}",False,True,True,0.3333333333333333,3
4264,1,0.023081152379863298,0.23780690572113317,0.10941061151062922,1.1454683787076836,1.0047906621964104,1.1377064154095586,0.023612865936573968,0.9838923058438868,,0.050000000000000044,0.09999999999999998,2.1024339079868272e-07,3.466327447280589e-07,8.939699457747966e-06,0.050000000000000044,0.050000000000000044,"{'I': 1, 'W': 0, 'R': 1, 'C': 'free'}",False,True,True,1.0,3
4264,2,0.0029170763722168014,0.37368373685814155,0.01731165096889467,1.5654649850473334,1.0004151982037015,1.29392617242087,0.0024875730461991763,0.9999999997624346,0.0,0.09999999999999998,0.15000000000000002,2.5612812870371724e-06,3.2887506014785525e-06,0.00012339461879866493,0.050000000000000044,0.15000000000000002,"{'I': 1, 'W': 0, 'R': 1, 'C': 'free'}",False,True,True,0.6666666666666666,3
4264,3,0.01706970136581424,0.3286897113650467,0.11140079963152022,1.9040374274271745,1.0031468711116984,1.2343415604590542,0.0400221723524371,0.9999999863050728,0.05,0.19999999999999996,0.19999999999999996,2.430025217428238e-05,1.1478816500483411e-05,3.120190376663331e-05,0.15000000000000002,0.25,"{'I': 1, 'W': 0, 'R': 1, 'C': 'free'}",False,True,True,0.0,3
4264,4,0.11296309320461193,0.24551190725719524,0.475199659330189,1.6895091092501062,1.041937609217627,1.1179260439136567,0.4373789216512658,0.9998660464923355,0.0,0.0,0.050000000000000044,0.9999251534620235,1.0677029972777888e-06,0.00015843623596885483,0.0,0.050000000000000044,"{'I': 0, 'W': 1, 'R': 0, 'C': 'costly'}",False,True,True,0.0,3
4274,1,0.2819789751980106,0.28613293650636473,0.7194222967810999,1.2334970840583779,1.1796682708141526,1.2167287954047736,0.6854565031634439,0.9994210565820265,,0.09999999999999998,0.09999999999999998,3.059023362372624e-07,1.0677029967075557e-06,1.300712375923349e-05,0.050000000000000044,0.050000000000000044,"{'I': 1, 'W': 0, 'R': 1, 'C': 'free'}",False,True,True,0.6666666666666666,3
4274,2,2.6031826299096395e-05,0.40571608163553446,7.990841898379562e-05,2.288904315877404,1.0000019073464566,1.2215408159136798,1.3351323333021803e-05,0.9999999388160622,,0.30000000000000004,0.15000000000000002,1.6701429521451214e-05,1.3007239916611665e-05,9.610239204885705e-05,0.15000000000000002,0.15000000000000002,"{'I': 1, 'W': 0, 'R': 1, 'C': 'free'}",True,False,True,0.0,3
4274,3,8.974061599800463e-05,0.4453376476113229,0.0006039946167843058,1.5288372711436424,1.000009417280869,1.3697094207977836,6.591848296744196e-05,0.9999999936570187,,0.30000000000000004,0.25,8.481104014991634e-05,5.8291677866598887e-05,0.000335350029665264,0.15000000000000002,0.25,"{'I': 1, 'W': 0, 'R': 1, 'C': 'free'}",True,False,True,0.0,3
4274,4,0.0004373007694903713,0.5970368604950036,0.0029536046547289914,1.9095368137048656,1.0000416672609735,1.4585729269805627,0.0002916222203923624,0.9999999993392705,,0.5,0.7,2.7535687766328823e-05,6.14418707067687e-06,0.00012339461900107043,0.65,0.65,"{'I': 1, 'W': 0, 'R': 1, 'C': 'free'}",True,False,True,0.0,3
4274,5,0.0001399650753252157,0.41662766861357503,0.0006192017824144412,1.362020825990827,1.0000117717256602,1.310648687219877,9.416881683155243e-05,0.9999999940302077,,0.19999999999999996,0.25,1.0129987297014953e-05,4.785094472224752e-06,0.8175744514079488,0.15000000000000002,0.4,"{'I': 1, 'W': 0, 'R': 1, 'C': 'free'}",False,True,True,0.6666666666666666,3
4274,6,0.021235362713985455,0.3025120059207741,0.1908652354210229,1.3318041746304798,1.0054155879139055,1.200767151526883,0.047446291911955374,0.9992036447465851,0.05,0.30000000000000004,0.30000000000000004,1.0677029960220854e-06,1.3709591510347004e-06,7.484626276677215e-05,0.4,0.4,"{'I': 1, 'W': 0, 'R': 1, 'C': 'free'}",True,False,True,0.0,3
4274,7,0.00023799814280170916,0.3927162589946456,0.0015923446555141253,1.6689317596891058,1.000022375899771,1.2335877724739825,0.00015661728027371868,0.9999966131446845,,0.5,0.5,0.0007096703008871328,2.144496607178443e-05,0.0011695102981779738,0.65,0.65,"{'I': 1, 'W': 0, 'R': 1, 'C': 'free'}",True,True,True,0.0,3
4278,1,0.4062948656683173,0.16049917386284018,2.2660702779514463,1.077456224538802,1.384721917768159,1.1096304726738038,0.9465759384013367,0.9955257060876411,,0.050000000000000044,0.09999999999999998,2.1024339085031205e-07,5.043476478611504e-07,2.4300252117894312e-05,0.050000000000000044,0.050000000000000044,"{'I': 1, 'W': 0, 'R': 1, 'C': 'free'}",False,True,True,0.0,3
4278,2,0.0024898919507682304,0.4957592577208317,0.014728711543617478,1.769414442362178,1.0003069718879125,1.3730584213490507,0.0018398540797013307,0.9999995362272174,,0.15000000000000002,0.15000000000000002,2.9023119690318733e-06,2.260325093702019e-06,5.829127202541487e-05,0.050000000000000044,0.15000000000000002,"{'I': 1, 'W': 0, 'R': 1, 'C': 'free'}",False,True,True,0.0,3
4278,3,0.002870767949875339,0.28799995410215556,0.013979021314836254,1.7204965039015376,1.0003734328536393,1.2662471994981166,0.00223767154162291,0.9999880019103485,,0.09999999999999998,0.09999999999999998,1.553497180193013e-06,2.9023119566231476e-06,4.00636918104367e-05,0.050000000000000044,0.050000000000000044,"{'I': 1, 'W': 0, 'R': 1, 'C': 'free'}",True,False,True,0.0,3
4278,4,1.035709255986287e-05,0.41110979870575143,5.909771207559246e-05,1.8175287324465053,1.0000006794921923,1.2460562188452091,6.794896528217187e-06,0.9999995051017055,,0.30000000000000004,0.30000000000000004,0.0001233946187900258,6.144177496890289e-06,0.9996200139200516,0.15000000000000002,0.75,"{'I': 1, 'W': 0, 'R': 1, 'C': 'free'}",False,True,True,1.0,3
4278,5,0.12424081411985291,0.29353791078246444,0.7526277953014623,1.4419669458805398,1.0687172555886078,1.150913157677224,0.4855161055680802,0.9999466639140238,0.05,0.15000000000000002,0.15000000000000002,1.6701430498003573e-05,3.726642348940472e-06,9.610239204271894e-05,0.15000000000000002,0.15000000000000002,"{'I': 1, 'W': 0, 'R': 1, 'C': 'free'}",False,True,True,0.0,3
4278,6,0.0034759676612454715,0.36288259831359504,0.02654865847541401,1.8990419665583658,1.0005110368132168,1.2881978085657817,0.0045876011683109175,0.9999999973614785,,0.4,0.30000000000000004,0.3208213065464867,2.1444976468533158e-05,0.999964643745421,0.19999999999999996,0.75,"{'I': 1, 'W': 0, 'R': 1, 'C': 'free'}",True,False,True,0.0,3
4278,7,0.03346842408911314,0.4550810720065556,0.36781392756792186,1.644990804264952,1.0116320699043058,1.3354997335886856,0.11945505912708654,0.999999971068453,,0.19999999999999996,0.25,6.144177514274421e-06,4.785094487489835e-06,0.00020342704520545318,0.15000000000000002,0.25,"{'I': 1, 'W': 0, 'R': 1, 'C': 'free'}",False,True,True,1.0,3
4282,1,0.026469135298096497,0.15202182079285995,0.13234323387838978,0.9708906071993815,1.0059678201174134,1.0862714540138696,0.02931222859905147,0.9348320751851859,,0.050000000000000044,0.09999999999999998,7.338208004788982e-07,5.715002411093574e-07,1.8925145844741763e-05,0.050000000000000044,0.050000000000000044,"{'I': 1, 'W': 0, 'R': 1, 'C': 'free'}",False,True,True,1.0,3
4282,2,0.00040419656151304445,0.22711695931256046,0.002416047753859368,1.6996766949330326,1.000043625861738,1.2413403935421226,0.00026171520754525446,0.9999749189043826,,0.09999999999999998,0.09999999999999998,3.2887505875307705e-06,6.144225886918269e-06,0.00029595723553902417,0.050000000000000044,0.050000000000000044,"{'I': 1, 'W': 0, 'R': 1, 'C': 'free'}",False,True,True,1.0,3
4282,3,0.0017699752660456326,0.2750755803151119,0.010259518681461736,1.4583578939004882,1.0002291536174528,1.169203037718724,0.002517227479604256,0.9977494299569456,,0.09999999999999998,0.09999999999999998,5.422217563714936e-06,2.1444957772282664e-05,0.00012339462881500853,0.050000000000000044,0.050000000000000044,"{'I': 1, 'W': 0, 'R': 1, 'C': 'free'}",False,True,True,1.0,3
4282,4,0.004045051208036424,0.22540304297864774,0.020661649619464303,1.4206654189394474,1.0005409476497302,1.222794146028667,0.0037784533448117497,0.9999358732610247,0.05,0.09999999999999998,0.09999999999999998,4.006369745122269e-05,1.892514535427172e-05,0.0002959572271943435,0.050000000000000044,0.050000000000000044,"{'I': 1, 'W': 0, 'R': 1, 'C': 'free'}",False,True,True,1.0,3
4282,5,0.11801289914424738,0.18770473233247037,0.7075221153669713,1.0185802469794754,1.0838239816902997,1.2266846491129517,0.38305356119251344,0.9999988652670733,,0.050000000000000044,0.050000000000000044,0.9999417080589753,1.760343003081554e-06,2.1444958368929622e-05,0.050000000000000044,0.050000000000000044,"{'I': 0, 'W': 1, 'R': 0, 'C': 'costly'}",False,True,True,1.0,3
4286,1,0.03290983784990852,0.24115940885545673,0.1796073764689276,1.1507680620786969,1.0072972672941052,1.1494695801484915,0.042686759814564934,0.9933611840191368,,0.09999999999999998,0.15000000000000002,3.0590233610490493e-07,1.994729953902606e-06,0.0005527785388823184,0.050000000000000044,0.050000000000000044,"{'I': 1, 'W': 0, 'R': 1, 'C': 'free'}",False,True,True,1.0,3
4286,2,0.033527535244454856,0.47837737916192224,0.23153692137665718,1.9915813969042824,1.00901651856174,1.325700027724473,0.06089950982343917,0.9999999209003414,0.0,0.15000000000000002,0.15000000000000002,1.760342998645929e-06,7.889290348055154e-06,5.144221328049257e-05,0.050000000000000044,0.15000000000000002,"{'I': 1, 'W': 0, 'R': 1, 'C': 'free'}",False,True,True,0.0,3
4286,3,0.02746044984538017,0.3529130520571247,0.1911148671293849,1.5090804550522443,1.006981952842971,1.2230050174000697,0.047536833523763034,0.9999943205579114,0.05,0.15000000000000002,0.15000000000000002,3.7266388352524764e-06,3.535626716022091e-05,0.00012339461822356656,0.050000000000000044,0.15000000000000002,"{'I': 1, 'W': 0, 'R': 1, 'C': 'free'}",False,True,True,1.0,3
4286,4,0.30852445273140805,0.3588693520984711,1.761017207265611,1.749495486756736,1.1707039228585567,1.3096796644977313,0.963473214515421,0.9999999994454275,0.15,0.25,0.15000000000000002,0.999941708231587,2.260325105967445e-06,7.484626313714286e-05,0.4,0.15000000000000002,"{'I': 0, 'W': 1, 'R': 0, 'C': 'costly'}",False,True,True,0.0,3
4321,1,0.008735182395240838,0.23536399505224112,0.06048898664662284,1.3176601443280038,1.001588091544034,1.2013820673071987,0.011046358942742973,0.999688089771383,,0.050000000000000044,0.09999999999999998,1.8553914577576238e-07,5.043476479383547e-07,6.144177501752208e-06,0.050000000000000044,0.050000000000000044,"{'I': 1, 'W': 0, 'R': 1, 'C': 'free'}",False,True,True,1.0,3
4321,2,2.8719234527634333e-05,0.32558594481253933,0.00020041898532991996,1.5619575977969793,1.0000023841686243,1.2561276798908814,1.6689021211657717e-05,0.9999448497848045,,0.050000000000000044,0.050000000000000044,9.42244590261143e-07,5.422216965782835e-06,3.535625459427813e-05,0.050000000000000044,0.050000000000000044,"{'I': 1, 'W': 0, 'R': 1, 'C': 'free'}",False,True,True,1.0,3
4321,3,0.0014737000410159353,0.22764915782195605,0.0073140056506087485,1.9536001065534867,1.0001834680257118,1.1559773648253726,0.0009168354368801479,0.9850559117819391,0.0,0.050000000000000044,0.050000000000000044,1.3709578605057864e-06,1.1253517546692712e-07,2.2603251045525893e-06,0.0,0.0,"{'I': 0, 'W': 1, 'R': 0, 'C': 'costly'}",False,True,True,1.0,3
433,1,0.004626793591549773,0.23595642909445044,0.026464203184787843,1.012278168059867,1.0006988324000863,1.18307643201414,0.004182757781360458,0.9935491653038991,,0.050000000000000044,0.91,1.0677029934045894e-06,5.043476481340635e-07,3.120190355757746e-05,0.050000000000000044,0.050000000000000044,"{'I': 1, 'W': 0, 'R': 1, 'C': 'free'}",False,True,True,1.0,3
433,2,0.0006038026403835459,0.18868113197067102,0.0030182102330884005,1.2898045911743525,1.000067081986514,1.1197577245323944,0.0003353424432410712,0.9732064749912508,,0.09999999999999998,0.92,4.45085263615242e-07,3.2887506044378243e-06,0.9996200146642829,0.050000000000000044,0.050000000000000044,"{'I': 1, 'W': 0, 'R': 1, 'C': 'free'}",False,True,True,1.0,3
433,3,0.000536950472995731,0.12842449851135143,0.0019778222489320644,1.1736910583208389,1.000055071386591,1.0596413913041745,0.00033036463888747036,0.9826669094442575,0.0,0.0,0.050000000000000044,4.785094492490258e-06,1.8553914603189588e-07,3.2887506210775756e-06,0.0,0.0,"{'I': 0, 'W': 1, 'R': 0, 'C': 'costly'}",False,True,True,1.0,3
4330,1,0.001746356365203404,0.2195158129254713,0.013970685953064402,1.0609953966423047,1.0002411058387979,1.1518403791634968,0.0019267556382673856,0.999725054480087,,0.050000000000000044,0.09999999999999998,9.931194499241642e-08,2.382369665977162e-07,7.889264437802622e-06,0.050000000000000044,0.050000000000000044,"{'I': 1, 'W': 0, 'R': 1, 'C': 'free'}",False,True,True,1.0,3
4330,2,0.0007722489552228615,0.2459185489768507,0.013971102453415074,1.784770721904194,1.0001048555529877,1.168212362856392,0.00199016804865082,0.9999999049979419,0.0,0.050000000000000044,0.050000000000000044,1.6701429792910908e-05,2.260325098982663e-06,1.1478768048389723e-05,0.0,0.050000000000000044,"{'I': 0, 'W': 1, 'R': 0, 'C': 'costly'}",False,True,True,1.0,3
4334,1,0.00015223998998028346,0.2160655460117259,0.0006266370138640787,1.1328642618102016,1.0000135419198526,1.1389533889304437,6.770684859580545e-05,0.9907575787700896,,0.91,0.91,1.7603429918630185e-06,4.450852635302277e-07,1.1478768081388526e-05,0.050000000000000044,0.050000000000000044,"{'I': 1, 'W': 0, 'R': 1, 'C': 'free'}",False,True,True,1.0,3
4334,2,3.1552728077411924e-05,0.24335679792533185,0.0001378343260498916,1.0993968027332282,1.000002404046209,1.186799539487203,1.4424155887149404e-05,0.9999655366212886,,0.09999999999999998,0.15000000000000002,1.553497190614554e-06,8.939699304528452e-06,4.539785216827792e-05,0.050000000000000044,0.050000000000000044,"{'I': 1, 'W': 0, 'R': 1, 'C': 'free'}",False,True,True,1.0,3
4334,3,0.004713133438350865,0.1547322584012645,0.032665817162389914,1.4316297010851666,1.0007522180648594,1.0805853540986348,0.00524971884325498,0.9993144379543379,0.0,0.050000000000000044,0.050000000000000044,7.889264466617404e-06,2.3823696675549727e-07,6.475945665132834e-07,0.050000000000000044,0.050000000000000044,"{'I': 0, 'W': 1, 'R': 0, 'C': 'costly'}",False,True,True,0.6666666666666666,3
4341,1,0.13829821092955435,0.39170638523102036,0.627487576709215,1.454530059185444,1.257725350537869,1.2522644977309219,0.6822607053780011,0.9988274862328683,,0.050000000000000044,0.09999999999999998,1.855391454777073e-07,3.9278634008498464e-07,2.4300252180357344e-05,0.050000000000000044,0.050000000000000044,"{'I': 1, 'W': 0, 'R': 1, 'C': 'free'}",False,True,True,1.0,3
4341,2,0.0005187812109541529,0.42523502088668386,0.0030191076468952236,1.4842686937180378,1.0000540109207687,1.297785285233825,0.00043198236658970046,0.9999997905732727,0.0,0.15000000000000002,0.15000000000000002,4.785094458420525e-06,2.26032509858149e-06,2.7535687637538276e-05,0.050000000000000044,0.15000000000000002,"{'I': 1, 'W': 0, 'R': 1, 'C': 'free'}",False,True,True,0.3333333333333333,3
4341,3,0.23235612815098475,0.35176076184770616,0.8047837651379912,1.4547565716115949,1.0955826591829478,1.213220780569621,0.4217320772562386,0.9997541971811099,0.05,0.15000000000000002,0.09999999999999998,0.9933071487110714,0.014063626488148111,0.00026119030983159263,0.15000000000000002,0.050000000000000044,"{'I': 1, 'W': 0, 'R': 1, 'C': 'free'}",False,True,True,0.0,3
4341,4,0.0547529180757087,0.290777575649617,0.3300593104839657,1.4494891829382295,1.0119352455228545,1.1781427477787438,0.0796967790607781,0.9999125582403485,,0.09999999999999998,0.09999999999999998,0.0001088969308027858,0.006692852702513785,0.0002959572357341914,0.050000000000000044,0.050000000000000044,"{'I': 1, 'W': 0, 'R': 1, 'C': 'free'}",True,True,True,0.0,3
4341,5,0.013480553948684972,0.3451799765346431,0.09009740081045668,2.5850297336707393,1.0026583565933362,1.1570825860485978,0.018412191696688063,0.9978187924983766,0.0,0.5,0.09999999999999998,0.9999756994318204,0.9999952147137984,3.535625484650481e-05,0.75,0.050000000000000044,"{'I': 0, 'W': 1, 'R': 0, 'C': 'costly'}",False,True,True,0.0,3
4360,1,0.04741687802978864,0.20766723443426016,0.2668340221794055,1.0447775145121267,1.0116405968306468,1.088882884066648,0.13968249164322488,0.9606707656600969,,0.09999999999999998,0.09999999999999998,4.450852635045453e-07,8.315279258535129e-07,8.939699441034996e-06,0.050000000000000044,0.050000000000000044,"{'I': 1, 'W': 0, 'R': 1, 'C': 'free'}",False,True,True,1.0,3
4360,2,0.061334253329268486,0.527510738876081,0.3653340316865724,2.288153725218907,1.017073656465425,1.3251732324295906,0.1838478443661733,0.9999999935770857,0.05,0.25,0.15000000000000002,8.315279283585149e-07,8.315279271070029e-07,1.6701429771606806e-05,0.15000000000000002,0.35,"{'I': 1, 'W': 0, 'R': 1, 'C': 'free'}",False,True,True,0.6666666666666666,3
4360,3,0.011435997293581317,0.3562712089941829,0.0900948582951144,1.5194989756655706,1.0022882262304968,1.2179247824475337,0.018118743324771924,0.9999891853398162,0.05,0.15000000000000002,0.25,1.2098659700005413e-06,4.7850944598154925e-06,3.535625486745419e-05,0.15000000000000002,0.35,"{'I': 1, 'W': 0, 'R': 1, 'C': 'free'}",False,True,True,1.0,3
4360,4,0.00027383215948066826,0.4251785508775122,0.0015447687212454663,1.7109190956693898,1.0000269398128026,1.2896791331496655,0.00018855837016151789,0.9999998177708106,0.05,0.25,0.19999999999999996,5.422217021871411e-06,3.726648378911126e-06,0.0007096703036938198,0.25,0.4,"{'I': 1, 'W': 0, 'R': 1, 'C': 'free'}",False,True,True,0.6666666666666666,3
4360,5,0.01459690092496969,0.512819030323902,0.09010682189056311,1.6800861734572736,1.002784395179497,1.3840944405191171,0.021998629339887388,0.9999999999929545,0.05,0.19999999999999996,0.15000000000000002,6.144177503090505e-06,3.726638829945645e-06,1.147876807653968e-05,0.15000000000000002,0.25,"{'I': 1, 'W': 0, 'R': 1, 'C': 'free'}",False,True,True,0.3333333333333333,3
4360,6,0.030634806957582132,0.49607198109317135,0.30496138045694415,1.9985313106852995,1.0070622986609536,1.4169396821936717,0.06795555181274504,0.9999999994144462,0.05,0.15000000000000002,0.15000000000000002,1.3709578594836757e-06,1.3709578582601174e-06,4.785094493555365e-06,0.15000000000000002,0.15000000000000002,"{'I': 1, 'W': 0, 'R': 1, 'C': 'free'}",False,True,True,0.0,3
4360,7,0.08930844845738198,0.5172874643740545,0.3433435422597762,1.8855997133635543,1.0257006257742054,1.4341800477548488,0.1837277430200549,0.9999999999050785,0.2,0.19999999999999996,0.19999999999999996,1.1478768055226882e-05,6.962257851365598e-06,4.785094493074428e-06,0.15000000000000002,0.25,"{'I': 1, 'W': 0, 'R': 1, 'C': 'free'}",True,True,True,0.0,3
4385,1,0.4113424849316229,0.26287195410601655,1.2466196167066965,1.5479829460831507,1.2045287943576142,1.1973085613391354,0.672586273987233,0.9999582689727121,,0.050000000000000044,0.050000000000000044,4.785094484908374e-06,1.76034299725736e-06,1.1478768030658271e-05,0.050000000000000044,0.050000000000000044,"{'I': 1, 'W': 0, 'R': 1, 'C': 'free'}",False,True,True,1.0,3
4385,2,0.005165524800939635,0.4621754732286223,0.054864179251342675,1.9371114329402797,1.0008731220881975,1.2954710647073833,0.013866815773926233,0.9999976088096867,0.05,0.25,0.15000000000000002,1.0129987321280922e-05,4.222877680830153e-06,0.00012339461805577182,0.25,0.15000000000000002,"{'I': 1, 'W': 0, 'R': 1, 'C': 'free'}",False,True,True,1.0,3
4385,3,0.0038980752949640375,0.46686029817032476,0.0493619996684631,2.0263029583995795,1.0006282422909942,1.370256070899807,0.009998400769762439,0.9999999999976458,0.05,0.15000000000000002,0.09999999999999998,3.288750603389765e-06,4.222834920818767e-06,2.43002521726882e-05,0.050000000000000044,0.050000000000000044,"{'I': 1, 'W': 0, 'R': 1, 'C': 'free'}",True,False,True,0.0,3
4385,4,6.686252243147383e-06,0.3881128456738026,6.340623188898266e-05,1.6612662131292584,1.000000476836408,1.2328763258077837,7.15251883331991e-06,0.9999999998130988,,0.15000000000000002,0.09999999999999998,2.3823696674994465e-07,1.067702996113626e-06,8.315279284472637e-07,0.050000000000000044,0.050000000000000044,"{'I': 1, 'W': 0, 'R': 1, 'C': 'free'}",True,False,True,0.0,3
4385,5,3.25461757136328e-05,0.33950903698919993,0.0003977635806555316,1.588473386839846,1.0000028053528291,1.2847785728061474,4.207934805278146e-05,0.9999999980333041,,0.09999999999999998,0.09999999999999998,2.1444958446650116e-05,1.760342998890252e-06,5.829127249511665e-05,0.0,0.050000000000000044,"{'I': 1, 'W': 0, 'R': 1, 'C': 'free'}",True,False,True,0.0,3
4385,6,1.1872291982625248e-06,0.31203752863096285,9.875825513982138e-06,1.483466168641365,1.0000000715255606,1.1900523151503888,1.0728827959383125e-06,0.9999999883704107,,0.09999999999999998,0.09999999999999998,9.422445916426142e-07,1.9947299456540914e-06,6.144177524633946e-06,0.050000000000000044,0.050000000000000044,"{'I': 1, 'W': 0, 'R': 1, 'C': 'free'}",True,False,True,0.0,3
4385,7,1.884969256826624e-05,0.18864847089901848,0.0002004224558605827,1.6389309627371231,1.0000015338167572,1.086993171930311,2.3006969050221038e-05,0.9990155939596159,,0.050000000000000044,0.050000000000000044,4.222834926708011e-06,3.7266387678624847e-06,5.829127234344323e-05,0.0,0.050000000000000044,"{'I': 1, 'W': 0, 'R': 1, 'C': 'free'}",True,False,True,0.0,3
4392,1,0.00014254232565192934,0.23391663768007487,0.001233962504836631,2.252444982615234,1.0000132316661414,1.1471583718113827,0.00015876633853562083,0.9999925459995381,,0.15000000000000002,0.15000000000000002,1.0677029938416426e-06,6.475945655215701e-07,5.829127242602767e-05,0.050000000000000044,0.15000000000000002,"{'I': 1, 'W': 0, 'R': 1, 'C': 'free'}",False,True,True,1.0,3
4392,2,0.0005645118717167192,0.42662213012602673,0.007724795862450695,1.8209309790567059,1.0000656274508612,1.327794130060722,0.0011805579470643979,0.9999999989732714,,0.15000000000000002,0.15000000000000002,4.4508526367449625e-07,8.315279253194874e-07,2.4300252064145135e-05,0.15000000000000002,0.15000000000000002,"{'I': 1, 'W': 0, 'R': 1, 'C': 'free'}",False,True,True,1.0,3
4392,3,0.0008506265154509007,0.44851953514044374,0.0038157145187481,1.8681780261857377,1.000090847988241,1.3540887923290283,0.0004541161670894578,0.9999999829069904,,0.15000000000000002,0.15000000000000002,1.3709578599365095e-06,8.315279281601688e-07,2.4300252262032756e-05,0.15000000000000002,0.25,"{'I': 1, 'W': 0, 'R': 1, 'C': 'free'}",False,True,True,1.0,3
4392,4,0.005180594007655716,0.21618705812390884,0.060860544412923996,1.9424741219473072,1.0009322877987756,1.1664470911466456,0.011119952987127313,0.9999993952848225,,0.25,0.25,2.4300252075340125e-05,1.30071860119443e-05,0.0003353500790482348,0.19999999999999996,0.55,"{'I': 1, 'W': 0, 'R': 1, 'C': 'free'}",True,True,True,0.0,3
4392,5,0.0001554133501947366,0.2955423288029167,0.0008086331558682213,1.4097854135120287,1.000013440539304,1.2190983272049325,0.00016127238197993776,0.9999999995814206,,0.4,0.15000000000000002,0.00015843630580041594,0.5621765010770596,0.006692851275897345,0.25,0.25,"{'I': 1, 'W': 0, 'R': 1, 'C': 'free'}",True,False,True,0.0,3
4392,6,2.1354545693322102e-05,0.3805690878645618,0.0002703506955825172,1.6286344180255525,1.0000016755392798,1.270426857264525,3.0159226972026332e-05,0.9999999583539619,,0.30000000000000004,0.19999999999999996,7.889264454649155e-06,2.902360445475567e-06,4.5397852390780076e-05,0.4,0.25,"{'I': 1, 'W': 0, 'R': 1, 'C': 'free'}",False,True,True,0.0,3
4392,7,0.07970816067276197,0.29858520257030746,0.6316258255315496,2.0968977891760514,1.0496988834712264,1.1802838881317577,0.3216058129478139,0.9999997186606756,0.05,0.19999999999999996,0.15000000000000002,7.889264460762107e-06,2.902311977442311e-06,7.484626260235609e-05,0.15000000000000002,0.15000000000000002,"{'I': 1, 'W': 0, 'R': 1, 'C': 'free'}",False,True,True,0.6666666666666666,3
4414,1,0.003782131298903411,0.17846826635055632,0.02646420173957083,1.0571917456808615,1.000582867203255,1.134395453904253,0.004070574475305344,0.9799413730962137,,0.050000000000000044,0.09999999999999998,1.8553914561998468e-07,1.4449802085805602e-07,1.4738988853181127e-05,0.050000000000000044,0.050000000000000044,"{'I': 1, 'W': 0, 'R': 1, 'C': 'free'}",False,True,True,1.0,3
4414,2,0.017151220609069154,0.15430690654531268,0.1323432371063335,1.1861385000729223,1.0037927960329935,1.101605661827807,0.029830976990240732,0.9984715637728094,0.0,0.09999999999999998,0.09999999999999998,6.144177442638764e-06,7.889264133113051e-06,2.7535686997891842e-05,0.050000000000000044,0.050000000000000044,"{'I': 1, 'W': 0, 'R': 1, 'C': 'free'}",False,True,True,1.0,3
4414,3,4.811412617182398e-05,0.3230085532205926,0.0004993774675067302,1.1747986455564963,1.0000041722566853,1.2594421816296415,5.8409765824385396e-05,0.9998761064077583,0.0,0.050000000000000044,0.09999999999999998,3.120190368422242e-05,3.0590233595370834e-07,4.2228349178496435e-06,0.0,0.050000000000000044,"{'I': 0, 'W': 1, 'R': 0, 'C': 'costly'}",False,True,True,0.6666666666666666,3
4421,1,0.002815437291551529,0.1650479374336607,0.02142067293956327,1.1626357414912658,1.0004098296643273,1.1056101853089804,0.0032725989927987476,0.9901302403479478,,0.050000000000000044,0.09999999999999998,1.4449802078477014e-07,2.69957841515713e-07,1.0129987329584298e-05,0.050000000000000044,0.050000000000000044,"{'I': 1, 'W': 0, 'R': 1, 'C': 'free'}",False,True,True,1.0,3
4421,2,0.08068357144026929,0.2752207864489074,0.603302994761401,1.7801999433989435,1.0255827730131568,1.2058641599397713,0.24260556470048933,0.9999867536339789,0.0,0.09999999999999998,0.09999999999999998,1.2098659684168576e-06,2.9023119330260993e-06,3.120190323459e-05,0.050000000000000044,0.050000000000000044,"{'I': 1, 'W': 0, 'R': 1, 'C': 'free'}",False,True,True,0.3333333333333333,3
4421,3,1.0717074056296976e-05,0.22313907911215447,4.999901569593626e-05,1.7038062593826337,1.0000007271760183,1.1385866545469516,7.271731100044754e-06,0.9999961197880801,,0.09999999999999998,0.09999999999999998,1.5534971907519567e-06,4.785094402336027e-06,1.473898879240264e-05,0.050000000000000044,0.050000000000000044,"{'I': 1, 'W': 0, 'R': 1, 'C': 'free'}",True,False,True,0.0,3
4421,4,3.759805260332391e-05,0.2722685786433202,0.00017482734099757006,1.7208860719097006,1.0000027894864185,1.2069706261282427,2.7894436222863916e-05,0.999999974753172,,0.19999999999999996,0.19999999999999996,2.144495844753654e-05,8.939831073145913e-06,2.7535687439130028e-05,0.15000000000000002,0.15000000000000002,"{'I': 1, 'W': 0, 'R': 1, 'C': 'free'}",False,True,True,0.0,3
4421,5,0.09444601076097081,0.22738220486522986,0.662849095634925,1.7357387522199188,1.0555766639946198,1.1539880951693544,0.41775979055127643,0.9999783777761793,,0.15000000000000002,0.19999999999999996,2.561281278290303e-06,1.0677029937876148e-06,1.8925145863541022e-05,0.050000000000000044,0.25,"{'I': 1, 'W': 0, 'R': 1, 'C': 'free'}",False,True,True,0.3333333333333333,3
4421,6,1.4385999293374115e-05,0.44949576576412675,0.0001370884530547956,1.6950989183297227,1.0000011205620343,1.4200180874101003,1.1205551282422732e-05,0.9999999999999988,,0.19999999999999996,0.19999999999999996,7.48462724188404e-05,1.3007149732488038e-05,0.9968273165655109,0.15000000000000002,0.4,"{'I': 1, 'W': 0, 'R': 1, 'C': 'free'}",False,True,True,0.0,3
4421,7,0.0015532132639236806,0.25035722714426906,0.016644586596404408,1.5951733028889892,1.0001950591563389,1.1856562364429155,0.0021431416679481563,0.9999391376145107,,0.19999999999999996,0.19999999999999996,1.4738988886958529e-05,1.1478959669144328e-05,0.0003353500305543638,0.15000000000000002,0.15000000000000002,"{'I': 1, 'W': 0, 'R': 1, 'C': 'free'}",False,True,True,0.0,3
4450,1,0.007689415444052135,0.20579315796179012,0.060488992501613985,1.1313386320669991,1.0013934411187684,1.140520829722494,0.01107795197040573,0.9885583021725545,,0.050000000000000044,0.91,5.043476470087968e-07,5.043476477942998e-07,2.4300252175778903e-05,0.050000000000000044,0.050000000000000044,"{'I': 1, 'W': 0, 'R': 1, 'C': 'free'}",False,True,True,1.0,3
4450,2,0.06472958563786041,0.3064111746739611,0.5822031128449238,1.3803446484602377,1.035423096868652,1.2010856772827396,0.2689629904668499,0.9998738536810416,0.0,0.91,0.91,2.9023119175122187e-06,3.7266387319994303e-06,5.8291270001776425e-05,0.0,0.050000000000000044,"{'I': 1, 'W': 0, 'R': 1, 'C': 'free'}",True,False,True,0.0,3
4450,3,0.0003120436701866548,0.40268209052109527,0.0015447661854038567,1.7953307305473494,1.0000318745631678,1.2453026596032164,0.00015935757715590526,0.9958492449079069,,0.19999999999999996,0.19999999999999996,1.5534971932924353e-06,4.7850944044574424e-06,0.0005527785437520135,0.050000000000000044,0.25,"{'I': 1, 'W': 0, 'R': 1, 'C': 'free'}",False,True,True,1.0,3
4450,4,4.177553346870904e-05,0.24847931540949475,0.00031666164554197896,1.5439686120063167,1.0000035762377413,1.1634153977514756,2.8609441515059508e-05,0.9998862604363279,,0.09999999999999998,0.09999999999999998,8.939699316349939e-06,4.222877659241036e-06,9.610239129757375e-05,0.050000000000000044,0.050000000000000044,"{'I': 1, 'W': 0, 'R': 1, 'C': 'free'}",True,True,True,0.0,3
4450,5,0.05779762091393933,0.16085467547126175,0.5203799954055556,1.1650456609704511,1.0184967621412313,1.0750082017908007,0.2541601962591665,0.998399145788445,0.0,0.0,0.050000000000000044,0.9994472214117323,5.043476486275316e-07,2.7535687621280858e-05,0.0,0.050000000000000044,"{'I': 0, 'W': 1, 'R': 0, 'C': 'costly'}",False,True,True,1.0,3
4506,1,0.007605712921506001,0.24191558050853498,0.04935753927166015,1.3170352251697086,1.001294156394483,1.1266295890590021,0.009012380702826173,0.9645082254672172,,0.050000000000000044,0.09999999999999998,2.1024339070765018e-07,2.3823696659521746e-07,6.144177510614239e-06,0.050000000000000044,0.050000000000000044,"{'I': 1, 'W': 0, 'R': 1, 'C': 'free'}",False,True,True,1.0,3
4506,2,0.0008408994097881448,0.09817464000039747,0.007353015114100771,1.4418705975255848,1.000103776757902,1.0556817476673712,0.0009335063727733406,0.8915707450096607,,0.15000000000000002,0.15000000000000002,1.7603429982621122e-06,1.4738988420672526e-05,0.0007096703006580521,0.050000000000000044,0.050000000000000044,"{'I': 1, 'W': 0, 'R': 1, 'C': 'free'}",False,True,True,1.0,3
4506,3,0.00022655621982831472,0.11519600678355181,0.0015447664811254014,1.058287877092217,1.0000230569558362,1.0574198688616374,0.00016138380643326844,0.9749003763283443,0.0,0.0,0.050000000000000044,3.7266388385314425e-06,5.315784970863548e-08,8.315279275717025e-07,0.0,0.050000000000000044,"{'I': 0, 'W': 1, 'R': 0, 'C': 'costly'}",False,True,True,1.0,3
4523,1,0.005414805365985693,0.30373818776376504,0.04935754059966612,1.3297692612086895,1.0009117245318468,1.1917384914955997,0.00907169326642443,0.9999841291897528,,0.09999999999999998,0.15000000000000002,5.043476477997698e-07,1.760343000299976e-06,0.0001233946187907043,0.050000000000000044,0.15000000000000002,"{'I': 1, 'W': 0, 'R': 1, 'C': 'free'}",False,True,True,1.0,3
4523,2,0.00010535317606353758,0.4350355348364381,0.0007859065752591786,1.5302746512904903,1.0000096318621123,1.4000458352996785,9.631351881678185e-05,0.9999999033566876,,0.09999999999999998,0.25,1.2098659648507036e-06,4.2228728123305765e-06,0.0007096719604269886,0.050000000000000044,0.25,"{'I': 1, 'W': 0, 'R': 1, 'C': 'free'}",True,False,True,0.0,3
4523,3,0.07974910064174387,0.24715907183901503,0.5322058541576674,1.803483613032584,1.1403548657410005,1.12932558742355,0.8186657917979018,0.999322592642227,0.0,0.30000000000000004,0.30000000000000004,9.610274789402476e-05,1.4740091030420106e-05,0.9959298447893057,0.15000000000000002,0.15000000000000002,"{'I': 1, 'W': 0, 'R': 1, 'C': 'free'}",False,True,True,1.0,3
4523,4,0.00042258213645989976,0.4058632393467675,0.0030349402075958067,1.8776850790592914,1.0000454871804891,1.3145037716410344,0.000363822968196037,0.9999994922818801,0.05,0.19999999999999996,0.15000000000000002,5.4222176297664825e-06,1.0129987109648626e-05,1.0129987324908522e-05,0.050000000000000044,0.25,"{'I': 1, 'W': 0, 'R': 1, 'C': 'free'}",False,True,True,1.0,3
4523,5,5.0352425100699516e-05,0.2646241925779119,0.00039798004652424516,1.4220936690278863,1.0000044553789038,1.1630759435473477,3.564231662667172e-05,0.9999702804002627,0.0,0.050000000000000044,0.050000000000000044,1.3007123803719273e-05,5.043476485205695e-07,1.3709578595739205e-06,0.050000000000000044,0.050000000000000044,"{'I': 0, 'W': 1, 'R': 0, 'C': 'costly'}",False,True,True,1.0,3
4525,1,0.0019467418617215404,0.20399367147194197,0.007288829939472427,1.115375975108285,1.0002300999425624,1.145276386094255,0.001379488471607293,0.9987016404065596,0.0,0.050000000000000044,0.09999999999999998,6.475945610459435e-07,5.043476469716965e-07,6.14417750421964e-06,0.050000000000000044,0.050000000000000044,"{'I': 1, 'W': 0, 'R': 1, 'C': 'free'}",False,True,True,1.0,3
4525,2,0.5426344174006485,0.36221107690540155,1.5858418466658053,1.2666378672832617,1.505110726686867,1.3247157326938235,0.8705333992301084,0.9999995537071754,,0.25,0.15000000000000002,4.785094491674701e-06,1.0129987216947873e-05,0.00013982202207799853,0.050000000000000044,0.15000000000000002,"{'I': 1, 'W': 0, 'R': 1, 'C': 'free'}",False,True,True,0.0,3
4525,3,0.2272482277423853,0.2371697498693471,0.6933313648812491,2.14939777393469,1.2149303945449175,1.143516603093178,0.6890492440280682,0.9999887955729198,,0.09999999999999998,0.09999999999999998,0.9998601762549753,0.562176500775832,6.605215956852403e-05,0.15000000000000002,0.050000000000000044,"{'I': 0, 'W': 1, 'R': 0, 'C': 'costly'}",False,True,True,0.0,3
4543,1,0.019919821239173692,0.30217911864245073,0.1593537679944813,1.8160311614912337,1.0047665303422,1.192559816965331,0.03732715647007945,0.9999115799218288,,0.09999999999999998,0.15000000000000002,2.3823696613152468e-07,1.9947299440733085e-06,5.829127185811249e-05,0.050000000000000044,0.15000000000000002,"{'I': 1, 'W': 0, 'R': 1, 'C': 'free'}",False,True,True,1.0,3
4543,2,0.010113592657156643,0.2700815750069544,0.07393573899513015,2.3429474892939517,1.0018069149252544,1.163986602421296,0.01611628011854882,0.9999990029115711,0.05,0.09999999999999998,0.15000000000000002,1.994729956621931e-06,8.939699388960683e-06,0.00026119030992400363,0.050000000000000044,0.050000000000000044,"{'I': 1, 'W': 0, 'R': 1, 'C': 'free'}",False,True,True,1.0,3
4543,3,0.06974575167642061,0.12274309192263469,0.3859575243375952,1.3062414959469384,1.0172305385530893,1.083996373525854,0.1425170526243409,0.9974417638430291,0.05,0.09999999999999998,0.09999999999999998,7.889264457597602e-06,1.3709578588927828e-06,4.539785146045921e-05,0.050000000000000044,0.050000000000000044,"{'I': 1, 'W': 0, 'R': 1, 'C': 'free'}",False,True,True,1.0,3
4543,4,0.0002530262445448808,0.1573733146833361,0.0016042622311831015,1.330467281224759,1.000024406696085,1.140631566658936,0.0001952321256990519,0.99998193104945,,0.050000000000000044,0.09999999999999998,8.315279272490394e-07,3.288750603938255e-06,3.120190337000173e-05,0.050000000000000044,0.050000000000000044,"{'I': 1, 'W': 0, 'R': 1, 'C': 'free'}",False,True,True,0.0,3
4543,5,0.0015072336413973764,0.1529862784992222,0.006075595901939075,1.4667507803962772,1.0001617820766482,1.1544149174276257,0.0012933148772352743,0.9999949969373519,,0.050000000000000044,0.09999999999999998,1.0677029959926431e-06,2.2603250948550873e-06,3.120190362038121e-05,0.050000000000000044,0.050000000000000044,"{'I': 1, 'W': 0, 'R': 1, 'C': 'free'}",True,False,True,0.0,3
4543,6,0.0301425083664454,0.1426898204533629,0.19746348500598498,1.4598437568913754,1.006276646835416,1.1000705988911297,0.04882407667086319,0.9999507663531783,,0.09999999999999998,0.09999999999999998,3.726638824877876e-06,6.962257793292285e-06,3.1201903509882946e-05,0.050000000000000044,0.050000000000000044,"{'I': 1, 'W': 0, 'R': 1, 'C': 'free'}",True,False,True,0.0,3
4543,7,0.06128228128250022,0.12745816137836197,0.40718464038110225,1.4998310381265558,1.018447056440167,1.0937204992151823,0.1360425745663998,0.9999101042023864,,0.09999999999999998,0.09999999999999998,5.422217646194604e-06,7.889264313341708e-06,2.144495849148764e-05,0.050000000000000044,0.050000000000000044,"{'I': 1, 'W': 0, 'R': 1, 'C': 'free'}",True,False,True,0.0,3
4551,1,0.008801329929474215,0.23512890833764197,0.04017960524617203,1.3950912943249043,1.0014143621670435,1.1683664977956172,0.009844760224833826,0.979558036132684,0.0,0.050000000000000044,0.91,2.6995784095392323e-07,9.422445908131995e-07,7.889264445067769e-06,0.050000000000000044,0.050000000000000044,"{'I': 1, 'W': 0, 'R': 1, 'C': 'free'}",False,True,True,1.0,3
4551,2,0.049248095361671074,0.17689261429331934,0.4750515710389357,1.0906583638807585,1.0205990601400479,1.1123184899816982,0.1844541926133093,0.9759020820324074,0.0,0.9,0.050000000000000044,3.7266388375229223e-06,6.475945663186516e-07,1.1478767968356965e-05,0.050000000000000044,0.050000000000000044,"{'I': 0, 'W': 1, 'R': 0, 'C': 'costly'}",False,True,True,0.6666666666666666,3
4560,1,0.06031482473367374,0.22393033249942573,0.2274314514711655,1.2263898445607104,1.015349871068391,1.1608391771406195,0.07333788077685954,0.993723029709566,,0.91,0.92,8.31527925218274e-07,9.422445915520132e-07,2.7535687708853958e-05,0.050000000000000044,0.050000000000000044,"{'I': 1, 'W': 0, 'R': 1, 'C': 'free'}",False,True,True,1.0,3
4560,2,0.010501556103798266,0.38455155982811406,0.05249629686049354,1.6394155230219423,1.0017937818555367,1.3113653384934996,0.008920845766994145,0.9998696479433921,,0.09999999999999998,0.91,1.067702993697861e-06,1.473898831299896e-05,5.82912718283071e-05,0.050000000000000044,0.050000000000000044,"{'I': 1, 'W': 0, 'R': 1, 'C': 'free'}",False,True,True,1.0,3
4560,3,0.0001104733872085271,0.1930518062484801,0.0004993775009311894,1.1056455785291903,1.0000097750232189,1.133418565634112,5.864813279254921e-05,0.9978379077887635,0.0,0.0,0.050000000000000044,3.7266388386425957e-06,3.927863405805831e-07,2.902311976740886e-06,0.0,0.050000000000000044,"{'I': 0, 'W': 1, 'R': 0, 'C': 'costly'}",False,True,True,1.0,3
457,1,0.07513332872259645,0.33868109155676746,0.3970440912133194,1.3959875399572692,1.236629837901123,1.2693482212115623,0.8804353522277132,0.9999967624332897,0.0,0.09999999999999998,0.09999999999999998,1.444980207973469e-07,1.5534971943907977e-06,5.82912723384886e-05,0.050000000000000044,0.050000000000000044,"{'I': 1, 'W': 0, 'R': 1, 'C': 'free'}",False,True,True,1.0,3
457,2,0.0006622857145663662,0.49637467936356733,0.0019331174451172215,1.938365174952865,1.0000654260636446,1.3751513228590044,0.00045786261307945164,0.9999999999694252,0.05,0.25,0.15000000000000002,2.5612812917651036e-06,4.7850944617512355e-06,5.8291272463305696e-05,0.15000000000000002,0.15000000000000002,"{'I': 1, 'W': 0, 'R': 1, 'C': 'free'}",False,True,True,1.0,3
457,3,0.04304056085424122,0.30891297437711823,0.1326695276360304,2.066043900543694,1.0088333527388516,1.1714070090662163,0.05139937009518114,0.9991906279976841,0.05,0.09999999999999998,0.09999999999999998,6.144177500432227e-06,1.4739043669912332e-05,3.5356254349703515e-05,0.050000000000000044,0.050000000000000044,"{'I': 1, 'W': 0, 'R': 1, 'C': 'free'}",False,True,True,0.6666666666666666,3
457,4,0.10465836708924574,0.31599551885266947,0.6274878372156234,1.4557756387731327,1.0666094926303555,1.205491866386562,0.32084745422735583,0.9999803902751448,0.05,0.09999999999999998,0.09999999999999998,3.535625483551737e-05,0.00012339571872480246,0.00013982202115206182,0.050000000000000044,0.050000000000000044,"{'I': 1, 'W': 0, 'R': 1, 'C': 'free'}",True,False,True,0.0,3
457,5,0.005897378105324179,0.31008478616361873,0.03264749971713552,2.0013355301096554,1.000915046891614,1.188737337015057,0.0054727406404212475,0.9998518782231303,0.05,0.15000000000000002,0.15000000000000002,3.535625462387824e-05,5.8292525165556574e-05,9.610240130616627e-05,0.15000000000000002,0.15000000000000002,"{'I': 1, 'W': 0, 'R': 1, 'C': 'free'}",True,False,True,0.0,3
457,6,0.09401070039828673,0.42246244801059163,0.7019687821659584,2.0639806596352632,1.0628885704174855,1.312440346532407,0.3860993344099052,0.9999999877349699,0.05,0.25,0.25,3.120190361968881e-05,1.670170841188259e-05,0.00012339463213540845,0.25,0.35,"{'I': 1, 'W': 0, 'R': 1, 'C': 'free'}",False,True,True,1.0,3
457,7,0.004091199289458167,0.41239231637554613,0.03264000094314559,1.871350636253897,1.000655283152109,1.367462476138068,0.00522684066489798,0.9999999999971998,0.05,0.15000000000000002,0.15000000000000002,6.1441774555612004e-06,4.785094467550708e-06,3.1201903771923295e-05,0.15000000000000002,0.15000000000000002,"{'I': 1, 'W': 0, 'R': 1, 'C': 'free'}",False,True,True,0.0,3
4586,1,0.00027097120810993673,0.20003985287192289,0.002416045662583538,1.274089801630585,1.0000291764173541,1.1024106801693063,0.00026254945343395786,0.9957462797367937,,0.050000000000000044,0.09999999999999998,3.9278633864715415e-07,1.8553914594946051e-07,7.88926444325921e-06,0.050000000000000044,0.050000000000000044,"{'I': 1, 'W': 0, 'R': 1, 'C': 'free'}",False,True,True,1.0,3
4586,2,0.007339037701891785,0.2059156444749135,0.07057674338789782,1.3439899748961353,1.0013173442073742,1.1208426697090388,0.013078496106508797,0.9990498854015545,0.0,0.09999999999999998,0.09999999999999998,9.422445910109929e-07,5.422260358554026e-06,0.00103223095560853,0.050000000000000044,0.050000000000000044,"{'I': 1, 'W': 0, 'R': 1, 'C': 'free'}",False,True,True,1.0,3
4586,3,0.00013423605737506643,0.1721943589178662,0.000626690675651711,1.2004436826716152,1.00001227829159,1.091845084934719,6.138919666753839e-05,0.9886815278676561,0.0,0.050000000000000044,0.050000000000000044,2.7535687816938225e-05,4.785095376963956e-06,1.300712376906837e-05,0.050000000000000044,0.050000000000000044,"{'I': 0, 'W': 1, 'R': 0, 'C': 'costly'}",False,True,True,1.0,3
4592,1,0.16867245931837757,0.1677630216241886,1.16802277322712,1.2339122846338668,1.1237152687627652,1.119252544756435,0.8261575755382838,0.9971441243394291,0.0,0.09999999999999998,0.91,5.422217012085693e-06,1.1478768045079077e-05,3.53562544327697e-05,0.050000000000000044,0.050000000000000044,"{'I': 1, 'W': 0, 'R': 1, 'C': 'free'}",False,True,True,1.0,3
4592,2,0.00015405329838345068,0.2742709240511944,0.0009043014875180468,1.2533346928655758,1.0000137768247777,1.2046633886621338,0.00019285561925630468,0.9999482253374185,0.0,0.19999999999999996,0.19999999999999996,1.9947299425480567e-06,2.902311960382188e-06,8.481103863302659e-05,0.050000000000000044,0.15000000000000002,"{'I': 1, 'W': 0, 'R': 1, 'C': 'free'}",False,True,True,1.0,3
4592,3,0.011053979405803419,0.14238551821833476,0.043523475015844734,0.8655858320649911,1.001640042727872,1.058078203954118,0.013024038154167417,0.9371030827478274,0.0,0.15000000000000002,0.09999999999999998,8.939699440693232e-06,2.1445028935911337e-05,0.0009110510117742456,0.050000000000000044,0.050000000000000044,"{'I': 1, 'W': 0, 'R': 1, 'C': 'free'}",False,True,True,1.0,3
4592,4,0.01992238181081061,0.2037313598113624,0.15935382427235995,1.234249367895996,1.0047666800640396,1.1557078041885815,0.037328304064456086,0.9994606115905622,0.0,0.09999999999999998,0.09999999999999998,3.2887506129904595e-06,1.1478822840319448e-05,0.0002959572356767729,0.050000000000000044,0.050000000000000044,"{'I': 1, 'W': 0, 'R': 1, 'C': 'free'}",False,True,True,0.0,3
4592,5,1.0074044065733378e-05,0.15599189022090082,5.595926054832773e-05,1.1160904586067224,1.0000006471353537,1.1136592990513354,4.529935750952063e-06,0.99629423465395,,0.15000000000000002,0.09999999999999998,5.422217619257872e-06,1.1478838474094629e-05,0.00023050665466836624,0.050000000000000044,0.050000000000000044,"{'I': 1, 'W': 0, 'R': 1, 'C': 'free'}",True,True,True,0.0,3
4592,6,0.003311865103749088,0.19144121571489967,0.026464463187251014,1.1536456088225726,1.0005101542239254,1.128827644157769,0.004071880437684916,0.9981661538167967,0.0,0.15000000000000002,0.09999999999999998,7.889264352797412e-06,2.4300497704004794e-05,0.0002305066556813024,0.050000000000000044,0.050000000000000044,"{'I': 1, 'W': 0, 'R': 1, 'C': 'free'}",True,True,True,0.0,3
4592,7,0.0022669959904766976,0.18329413932355343,0.017313948189043766,1.4859414243628624,1.0003188648146577,1.129523221188549,0.0025472621125929296,0.9977340944005304,0.0,0.19999999999999996,0.19999999999999996,6.9622578246989425e-06,1.1478810751545071e-05,0.0001233946180681638,0.050000000000000044,0.050000000000000044,"{'I': 1, 'W': 0, 'R': 1, 'C': 'free'}",True,True,True,0.0,3
4596,1,0.29341714372815286,0.2153631498772517,1.0758059651992071,1.506661447810381,1.1987677313431766,1.1336344212922282,0.8043929047391214,0.999214696342767,,0.09999999999999998,0.91,1.3709578570752e-06,3.726638794087381e-06,2.7535687723751356e-05,0.050000000000000044,0.050000000000000044,"{'I': 1, 'W': 0, 'R': 1, 'C': 'free'}",False,True,True,0.6666666666666666,3
4596,2,0.011591606375261822,0.37724373618406404,0.0900948133861964,1.3679033944433154,1.0023033697887156,1.2009635230437337,0.018237417092852315,0.9999707045316446,,0.09999999999999998,0.09999999999999998,4.785094426288224e-06,6.144177082961943e-06,5.829127179244719e-05,0.050000000000000044,0.050000000000000044,"{'I': 1, 'W': 0, 'R': 1, 'C': 'free'}",False,True,True,1.0,3
4596,3,4.1768606878667685e-05,0.17223873603445036,0.00012662489723472007,0.8693724869909164,1.0000031709592716,1.0976322440643387,1.585464553410798e-05,0.9191528197471964,0.0,0.0,0.050000000000000044,4.785094494028255e-06,5.043476485339727e-07,3.2887506267804193e-06,0.0,0.050000000000000044,"{'I': 0, 'W': 1, 'R': 0, 'C': 'costly'}",False,True,True,1.0,3
4611,1,0.007564581978898127,0.27996285590342035,0.06048898323233617,1.4659144667832165,1.0013821606307833,1.1719901473617527,0.010988827449833538,0.9937707858999832,,0.050000000000000044,0.09999999999999998,2.5612815667835425e-06,1.2098659645583434e-06,1.3007123712157739e-05,0.0,0.050000000000000044,"{'I': 1, 'W': 0, 'R': 1, 'C': 'free'}",False,True,True,1.0,3
4611,2,4.8095159706530355e-05,0.15074389082515538,0.00031667078893722687,1.494345777570213,1.0000040769197172,1.0754525933774577,4.076828301613489e-05,0.9736708740922906,0.0,0.09999999999999998,0.09999999999999998,1.3709578393664283e-06,3.288750560282548e-06,3.535625370548835e-05,0.050000000000000044,0.050000000000000044,"{'I': 1, 'W': 0, 'R': 1, 'C': 'free'}",False,True,True,1.0,3
4611,3,0.0010977310374476502,0.22247146395805173,0.0037861321205204202,1.6004103408073747,1.00011939563606,1.208661319131747,0.000716074549970469,0.9999233046875203,0.0,0.050000000000000044,0.050000000000000044,0.0003353500316296657,2.2603252600845757e-06,5.42221700581358e-06,0.0,0.050000000000000044,"{'I': 0, 'W': 1, 'R': 0, 'C': 'costly'}",False,True,True,1.0,3
4614,1,0.053492706204182276,0.14720786801798497,0.2685351853032319,1.218445064654621,1.01472419081585,1.0663061696450817,0.11035674976732546,0.811604716088153,0.0,0.050000000000000044,0.09999999999999998,4.4508526168602526e-07,6.475945654254379e-07,7.889264407549556e-06,0.050000000000000044,0.050000000000000044,"{'I': 1, 'W': 0, 'R': 1, 'C': 'free'}",False,True,True,1.0,3
4614,2,0.023921191700002956,0.1440686528457166,0.19086497212047798,1.317870923700106,1.0060976535879729,1.0904446955669698,0.04746945572930161,0.9114684716178548,0.0,0.0,0.0,4.22283494178907e-06,1.8553914602744864e-07,2.9023119621809526e-06,0.0,0.0,"{'I': 0, 'W': 1, 'R': 0, 'C': 'costly'}",False,True,True,1.0,3
4627,1,0.001500962106251116,0.21910463071868375,0.007288831528377722,1.4006858528253952,1.0001832151135865,1.1811043061375934,0.0014645132063324517,0.9994414930008461,,0.050000000000000044,0.09999999999999998,1.637377055145206e-07,3.4663274465294295e-07,1.1478768068928499e-05,0.050000000000000044,0.050000000000000044,"{'I': 1, 'W': 0, 'R': 1, 'C': 'free'}",False,True,True,1.0,3
4627,2,0.0014050893681948568,0.4146850740438124,0.013970746223758898,1.42329945555966,1.0001934046424457,1.3327174405294344,0.0019319907204542464,0.9999995651315879,0.0,0.15000000000000002,0.09999999999999998,2.2603250998475868e-06,2.260325092589679e-06,1.300712371043467e-05,0.050000000000000044,0.050000000000000044,"{'I': 1, 'W': 0, 'R': 1, 'C': 'free'}",False,True,True,1.0,3
4627,3,0.09798523568273032,0.10912825171878486,0.6935520116509944,1.0313082015808515,1.0929922812124764,1.0364420685054128,0.5090206343375963,0.7340292970057369,,0.09999999999999998,0.09999999999999998,4.450852636024675e-07,1.7603429965106332e-06,2.7535686985790178e-05,0.050000000000000044,0.050000000000000044,"{'I': 1, 'W': 0, 'R': 1, 'C': 'free'}",False,True,True,0.3333333333333333,3
4627,4,0.000833363650218996,0.17851852428445994,0.004730425390189977,1.47428763510244,1.0000937262021965,1.0762757795646904,0.0007494934707128476,0.889771730742778,,0.050000000000000044,0.09999999999999998,1.553497185124646e-06,6.144177460195431e-06,2.4300251775124035e-05,0.050000000000000044,0.050000000000000044,"{'I': 1, 'W': 0, 'R': 1, 'C': 'free'}",False,True,True,0.0,3
4627,5,0.012263459039121297,0.28609404530059956,0.10979821701482878,1.955643737857721,1.0025958486466804,1.1635966789357481,0.02306227230678537,0.9997203167511707,0.0,0.050000000000000044,0.050000000000000044,1.6701429802829776e-05,1.0677029963974122e-06,1.3007123438129236e-05,0.0,0.050000000000000044,"{'I': 0, 'W': 1, 'R': 0, 'C': 'costly'}",False,True,True,0.0,3
4646,1,0.06076327062885052,0.3672520852896883,0.41930675286227936,1.716036887764415,1.0232425533959852,1.2774495234542553,0.14856823122863183,0.9999999917229591,0.0,0.91,0.09999999999999998,1.4449802080524417e-07,3.4663274474796326e-07,1.6701429779367888e-05,0.050000000000000044,0.050000000000000044,"{'I': 1, 'W': 0, 'R': 1, 'C': 'free'}",False,True,True,1.0,3
4646,2,0.00043648176558407314,0.347800686632857,0.003018221972036096,1.914306037835259,1.0000482558596364,1.240061627921357,0.00033772582530844364,0.9999989537612965,,0.92,0.19999999999999996,5.715002414592925e-07,2.5612815668674077e-06,0.00012339461731909098,0.050000000000000044,0.050000000000000044,"{'I': 1, 'W': 0, 'R': 1, 'C': 'free'}",False,True,True,1.0,3
4646,3,0.00013417117637057696,0.42436916996045626,0.0007553903564466183,1.565307835923451,1.000011741807338,1.2636610081714832,7.044794884769612e-05,0.9999999925945202,,0.9299999999999999,0.19999999999999996,1.209865969980814e-06,1.3709578573996793e-06,1.4738988889930588e-05,0.15000000000000002,0.15000000000000002,"{'I': 1, 'W': 0, 'R': 1, 'C': 'free'}",True,True,True,0.0,3
4646,4,0.00031977373068813996,0.4852891662200225,0.0016497219983294688,1.8301795841397879,1.000029979446944,1.3800865145308008,0.00017985780906126791,0.9999999999999999,,0.97,0.9299999999999999,0.0005527785513286252,0.00015843630640271442,5.829127240948466e-05,0.5,0.25,"{'I': 1, 'W': 0, 'R': 1, 'C': 'free'}",True,False,True,0.0,3
4646,5,0.015170590253981287,0.5558613293234183,0.05466261617000376,2.2921609765835935,1.0020830005944854,1.4599158839187494,0.012407390606831603,0.9999999999999842,,0.98,0.9299999999999999,0.00020342704387654072,3.726652721578106e-06,9.610239195469824e-05,0.25,0.4,"{'I': 1, 'W': 0, 'R': 1, 'C': 'free'}",False,True,True,0.0,3
4646,6,0.014273557787657664,0.4829361734044544,0.11292442637403541,2.1069137380003227,1.0028069597302398,1.3203656944766462,0.027641072543353573,0.9999999999039763,,0.19999999999999996,0.19999999999999996,1.9947299542056496e-06,3.72663882241314e-06,4.5397852253087214e-05,0.050000000000000044,0.25,"{'I': 1, 'W': 0, 'R': 1, 'C': 'free'}",False,True,True,1.0,3
4646,7,8.985914339159849e-06,0.44945851266693815,7.987678802188389e-05,2.2147270886824533,1.000000667570323,1.3032639664122034,6.675678719370026e-06,0.9999999947800291,,0.19999999999999996,0.19999999999999996,1.2098659671936499e-06,3.726638822838909e-06,2.7535687739940904e-05,0.050000000000000044,0.15000000000000002,"{'I': 1, 'W': 0, 'R': 1, 'C': 'free'}",False,True,True,0.0,3
4660,1,0.0015552987903851934,0.22344619250740438,0.009064391241134957,1.3250984372487462,1.0001984684342233,1.1762115864087277,0.001189983858823629,0.992318670318897,,0.050000000000000044,0.09999999999999998,7.338208029588237e-07,8.315279254333194e-07,1.1478768046407707e-05,0.050000000000000044,0.050000000000000044,"{'I': 1, 'W': 0, 'R': 1, 'C': 'free'}",False,True,True,1.0,3
4660,2,0.0011828176278862,0.3085637361464707,0.007288846901230091,1.6144524034974421,1.0001439722004992,1.2364547814463032,0.0010072252702351125,0.999991484760039,0.0,0.09999999999999998,0.09999999999999998,1.5534971940316896e-06,6.9622577374406966e-06,0.32082129516265695,0.050000000000000044,0.25,"{'I': 1, 'W': 0, 'R': 1, 'C': 'free'}",False,True,True,1.0,3
4660,3,0.06991796959577769,0.1684219068717889,0.9143853770008746,1.8088765716788373,1.0265211061053727,1.090449930497524,0.3421697081017302,0.996977153131752,0.0,0.0,0.050000000000000044,9.610239213964734e-05,2.3823696675436005e-07,1.6701429639537267e-05,0.0,0.050000000000000044,"{'I': 0, 'W': 1, 'R': 0, 'C': 'costly'}",False,True,True,0.6666666666666666,3
4673,1,0.04817565594811992,0.14847344444890098,0.5432536960872447,1.0619241745165617,1.0187846266251959,1.059029317927836,0.25752493334408866,0.9198231961017539,0.0,0.09999999999999998,0.09999999999999998,5.043476466869894e-07,1.3709578531544675e-06,1.670142971976528e-05,0.050000000000000044,0.050000000000000044,"{'I': 1, 'W': 0, 'R': 1, 'C': 'free'}",False,True,True,1.0,3
4673,2,0.0006690996991447155,0.4227177855273482,0.00729495627024984,1.505495597517168,1.000081060689226,1.3544271352880763,0.0009722159393772412,0.9999998092510963,,0.09999999999999998,0.09999999999999998,1.2098659619231875e-06,2.2603250808657466e-06,1.8925145829751618e-05,0.050000000000000044,0.050000000000000044,"{'I': 1, 'W': 0, 'R': 1, 'C': 'free'}",False,True,True,1.0,3
4673,3,0.012486394914188336,0.24095877465042728,0.13284583194642174,1.1483623617733896,1.0024528786059939,1.1068132572014646,0.04313958381417182,0.994347923547078,0.0,0.15000000000000002,0.09999999999999998,6.144177527125824e-06,7.889326623098873e-06,9.610239126350643e-05,0.050000000000000044,0.050000000000000044,"{'I': 1, 'W': 0, 'R': 1, 'C': 'free'}",False,True,True,0.6666666666666666,3
4673,4,0.001857033641575539,0.39627078004090693,0.03285301418637836,2.177056571449443,1.000285140017912,1.351422020904852,0.005685761987743065,0.999999999994351,,0.15000000000000002,0.15000000000000002,5.42221765884621e-06,3.7266388279599915e-06,3.120190371183051e-05,0.050000000000000044,0.15000000000000002,"{'I': 1, 'W': 0, 'R': 1, 'C': 'free'}",False,True,True,0.3333333333333333,3
4673,5,0.000997883512850339,0.28070004883930305,0.005855920214912832,1.8961385508692683,1.0001200486812543,1.1596111603263204,0.000719989538981336,0.9999992231748308,0.0,0.15000000000000002,0.15000000000000002,2.9023119796573616e-06,7.889264436970251e-06,7.484626259217311e-05,0.050000000000000044,0.15000000000000002,"{'I': 1, 'W': 0, 'R': 1, 'C': 'free'}",False,True,True,0.6666666666666666,3
4673,6,0.10459651038590807,0.29669681352029753,0.627487148176654,1.9230827481471493,1.06660383455231,1.2508102284532325,0.320825837490497,0.999999994520651,0.05,0.15000000000000002,0.15000000000000002,4.7850944617911324e-06,6.144177473325463e-06,4.539785220858936e-05,0.050000000000000044,0.15000000000000002,"{'I': 1, 'W': 0, 'R': 1, 'C': 'free'}",True,False,True,0.0,3
4673,7,2.138663408155273e-05,0.3676490149514088,0.0001266324440887415,1.777421705856799,1.0000016391223672,1.3342112135372828,1.3112882215837729e-05,0.9999999995943457,,0.30000000000000004,0.30000000000000004,2.4300252214853262e-05,6.144187062674943e-06,0.000552778551406809,0.15000000000000002,0.4,"{'I': 1, 'W': 0, 'R': 1, 'C': 'free'}",False,True,True,0.6666666666666666,3
4678,1,0.0010132114225805033,0.2832413692970798,0.005855038040078957,1.9189015169343497,1.0001190600745165,1.1944337584840745,0.0008330237549031283,0.9999932369694652,0.0,0.09999999999999998,0.91,3.0590233551593704e-07,9.422445919742174e-07,7.484626231567733e-05,0.050000000000000044,0.050000000000000044,"{'I': 1, 'W': 0, 'R': 1, 'C': 'free'}",False,True,True,1.0,3
4678,2,0.02575476312943569,0.1833518702425946,0.22721635887079303,1.6552966380409073,1.0069631594449158,1.126098319175838,0.06054114666381183,0.999723793055644,,0.09999999999999998,0.09999999999999998,1.0677029915646897e-06,1.553497193195858e-06,0.00012339461825750073,0.050000000000000044,0.050000000000000044,"{'I': 1, 'W': 0, 'R': 1, 'C': 'free'}",False,True,True,1.0,3
4678,3,0.00011258062438381043,0.32388843019123875,0.00031973386169056135,1.5038152099174606,1.000009477076408,1.2471181338202795,5.686057238174502e-05,0.9999999587793108,,0.09999999999999998,0.19999999999999996,8.939699295168579e-06,4.2228348858325435e-06,6.605223955149807e-05,0.050000000000000044,0.25,"{'I': 1, 'W': 0, 'R': 1, 'C': 'free'}",True,True,True,0.0,3
4678,4,0.00011166184013620719,0.24238972934488512,0.0009117951736244225,1.3371318078829908,1.0000098821495025,1.1304675096143664,9.88161241098906e-05,0.9999103840023692,,0.92,0.92,1.3007123795152858e-05,2.260329083119894e-06,0.01798621184762179,0.15000000000000002,0.15000000000000002,"{'I': 1, 'W': 0, 'R': 1, 'C': 'free'}",False,True,True,0.6666666666666666,3
4678,5,0.04821070113977744,0.22549916413817064,0.5303043711323524,1.3782277525964155,1.023166986135513,1.1732779594458234,0.22270066632705843,0.9998701180173694,0.0,0.09999999999999998,0.09999999999999998,1.0677029969607613e-06,1.7603430015311878e-06,1.670142980721516e-05,0.050000000000000044,0.050000000000000044,"{'I': 1, 'W': 0, 'R': 1, 'C': 'free'}",False,True,True,0.0,3
4678,6,0.00010904497131119846,0.3416544479306794,0.0011056919137303735,2.1123761512724677,1.0000105116051252,1.2604528231879117,0.00011562036411505439,0.9999999999442446,0.05,0.15000000000000002,0.15000000000000002,2.2603251053398687e-06,7.88926442354504e-06,0.0002034270465611004,0.15000000000000002,0.25,"{'I': 1, 'W': 0, 'R': 1, 'C': 'free'}",False,True,True,0.6666666666666666,3
4678,7,0.04318952489736856,0.26825501989529715,0.47505180857762375,1.6467324587266614,1.018479174189588,1.1652009879377945,0.182427420910232,0.9999983284223478,0.05,0.19999999999999996,0.15000000000000002,8.939699473191101e-06,3.7266388307506597e-06,0.0002611903097985858,0.15000000000000002,0.15000000000000002,"{'I': 1, 'W': 0, 'R': 1, 'C': 'free'}",True,False,True,0.0,3
4679,1,0.002719341455684925,0.21801566955083002,0.01126000490679292,1.44753178305186,1.0003411688616624,1.1802743588488367,0.002725165391204931,0.99919696922112,,0.09999999999999998,0.09999999999999998,5.043476471994235e-07,1.994729949355675e-06,9.610239125502303e-05,0.050000000000000044,0.050000000000000044,"{'I': 1, 'W': 0, 'R': 1, 'C': 'free'}",False,True,True,1.0,3
4679,2,0.025265517286832028,0.15467884320853148,0.2272058785291246,1.3554671517538286,1.0069105824193236,1.09804144158249,0.06009955985507576,0.9969686320120723,0.0,0.0,0.91,1.994729886884669e-06,4.785094433067446e-06,0.0002611903270857694,0.0,0.050000000000000044,"{'I': 1, 'W': 0, 'R': 1, 'C': 'free'}",True,False,True,0.0,3
4679,3,0.07596185060744029,0.1307665727602185,0.46881223998053334,1.0327015620856521,1.1598747273235257,1.0835890383956785,0.8746152260985375,0.975098342267648,0.0,0.09999999999999998,0.09999999999999998,1.7603429955529534e-06,1.01299871348247e-05,0.00043055713243061647,0.050000000000000044,0.050000000000000044,"{'I': 1, 'W': 0, 'R': 1, 'C': 'free'}",False,True,True,0.6666666666666666,3
4679,4,0.07066791921877001,0.5247935310896795,0.4752326245211414,2.287859768290885,1.0284160871212094,1.3403720985400491,0.30528800081658347,0.9999998993985685,0.05,0.25,0.4,1.3007123798958563e-05,7.889276705129121e-06,0.26894140869038297,0.15000000000000002,0.4,"{'I': 1, 'W': 0, 'R': 1, 'C': 'free'}",False,True,True,0.0,3
4679,5,0.00015512232237531643,0.34590948414563794,0.0007031668387485408,1.7788982529671156,1.0000137730419565,1.2775910693168768,0.00017903228422577744,0.9999993250498537,0.05,0.30000000000000004,0.30000000000000004,1.1478768014413392e-05,1.6701531905926265e-05,0.008577486851580312,0.25,0.25,"{'I': 1, 'W': 0, 'R': 1, 'C': 'free'}",True,False,True,0.0,3
4679,6,0.0005161122448760172,0.34101844555385225,0.005855841721686582,1.6168951390330684,1.0000599904798568,1.2240127460619854,0.0007795488402996265,0.9999666637269071,0.05,0.19999999999999996,0.30000000000000004,1.6701429718549364e-05,7.889354882277651e-06,0.9988304889754734,0.4,0.4,"{'I': 1, 'W': 0, 'R': 1, 'C': 'free'}",True,False,True,0.0,3
4679,7,0.024274411112578793,0.34700453353746996,0.31474325417675747,1.4004759260112114,1.0077432137011557,1.2424259813075584,0.09541052363924363,0.9999874705295303,0.05,0.30000000000000004,0.9299999999999999,2.430025221620174e-05,7.889326603675826e-06,0.9978172823861596,0.19999999999999996,0.4,"{'I': 1, 'W': 0, 'R': 1, 'C': 'free'}",True,False,True,0.0,3
468,1,0.021528538035989114,0.15908661874033814,0.11542012563233543,1.1548742303856563,1.003900386185467,1.0985694516265152,0.04563930577965547,0.9550539119929823,,0.09999999999999998,0.09999999999999998,6.475945653910094e-07,6.47594565569982e-07,1.670142964225609e-05,0.050000000000000044,0.050000000000000044,"{'I': 1, 'W': 0, 'R': 1, 'C': 'free'}",False,True,True,1.0,3
468,2,0.006125489873239187,0.46270515411933383,0.04280866751630853,2.061103945036482,1.000918565450323,1.2381151280767826,0.006406397757723226,0.9999992453040621,,0.15000000000000002,0.15000000000000002,1.2098659700681625e-06,9.422445921712559e-07,0.00012339461855851656,0.050000000000000044,0.15000000000000002,"{'I': 1, 'W': 0, 'R': 1, 'C': 'free'}",False,True,True,1.0,3
468,3,0.0060373216331555705,0.5777045774080851,0.027629602072243877,1.859212092585376,1.0008017167651482,1.4294856824331375,0.007981929486042372,0.9999999998829174,0.05,0.4,0.4,3.535625474369688e-05,1.4739091404679128e-05,0.11920292557832994,0.75,0.75,"{'I': 1, 'W': 0, 'R': 1, 'C': 'free'}",False,False,True,0.3333333333333333,3
468,4,8.585555140131925e-05,0.43601334944186787,0.0006805074242511943,2.291887948450787,1.0000072716074329,1.26993601782156,7.271316621892954e-05,0.9999999662939809,,0.15000000000000002,0.15000000000000002,1.3007123797404466e-05,3.726641572126423e-06,0.000261190309701051,0.050000000000000044,0.25,"{'I': 1, 'W': 0, 'R': 1, 'C': 'free'}",False,True,True,1.0,3
468,5,0.00012467224019565253,0.3590867164696689,0.0006266348251080297,2.037101869239587,1.0000109405884794,1.3237061150647242,9.845991018908595e-05,0.9999999999917403,,0.15000000000000002,0.15000000000000002,8.939699449955542e-06,3.7266388286649237e-06,1.3007123789131717e-05,0.050000000000000044,0.15000000000000002,"{'I': 1, 'W': 0, 'R': 1, 'C': 'free'}",True,True,True,0.0,3
468,6,0.00011519952732110024,0.2568238762454248,0.0005617175068425347,1.6888614129551223,1.0000100134219845,1.1135039229080133,0.0001001287052909694,0.999171400995392,0.05,0.15000000000000002,0.15000000000000002,8.315279281325479e-07,1.3709578591826358e-06,4.539785237085636e-05,0.15000000000000002,0.25,"{'I': 1, 'W': 0, 'R': 1, 'C': 'free'}",True,False,True,0.0,3
468,7,0.003937849944819852,0.46190802416764215,0.026465468211159273,2.019832966020844,1.000581036161027,1.3346547510742595,0.005791836517889615,0.9999999999930471,0.05,0.15000000000000002,0.25,1.0677029967021785e-06,1.0677029965882017e-06,1.0129987352237197e-05,0.15000000000000002,0.35,"{'I': 1, 'W': 0, 'R': 1, 'C': 'free'}",True,False,True,0.0,3
4690,1,0.03836635548753351,0.23540422182962065,0.26853517269002936,1.5378181425620503,1.0113340023584851,1.1533683471462193,0.0758600673094939,0.9978354143591099,,0.050000000000000044,0.09999999999999998,3.466327439826758e-07,3.4663274464125754e-07,1.3007123711584145e-05,0.050000000000000044,0.050000000000000044,"{'I': 1, 'W': 0, 'R': 1, 'C': 'free'}",False,True,True,1.0,3
4690,2,1.9082847537528875e-05,0.16500664067840293,0.00010058896263648362,1.4902324581172086,1.0000014454089623,1.1466906931470815,1.1563196488095784e-05,0.9999398392037864,,0.09999999999999998,0.15000000000000002,3.2887505807004476e-06,7.889264192285789e-06,0.00013982202083547728,0.050000000000000044,0.050000000000000044,"{'I': 1, 'W': 0, 'R': 1, 'C': 'free'}",False,True,True,1.0,3
4690,3,0.0952835854716148,0.20720491621725862,1.0209034138438946,1.2196180881902432,1.081880830956559,1.139778798518739,0.579247878070446,0.9987348246714769,0.0,0.09999999999999998,0.09999999999999998,2.1444958397373195e-05,1.6701532282784477e-05,0.00012339461742907331,0.050000000000000044,0.050000000000000044,"{'I': 1, 'W': 0, 'R': 1, 'C': 'free'}",False,True,True,1.0,3
4690,4,7.011403158607403e-06,0.21726955551410865,4.472432526153151e-05,1.6264093441483891,1.0000004529948914,1.1270765745165885,4.529937626784886e-06,0.9999380883032294,,0.09999999999999998,0.09999999999999998,1.47389888147473e-05,2.1445038397598796e-05,6.605215893513661e-05,0.050000000000000044,0.050000000000000044,"{'I': 1, 'W': 0, 'R': 1, 'C': 'free'}",True,False,True,0.0,3
4690,5,0.006897117174980952,0.43265358169085866,0.049413669604049755,2.2098607170803874,1.001159728704019,1.2657837725630199,0.013812402043726024,0.9999999573308203,0.05,0.15000000000000002,0.15000000000000002,4.222834945871613e-06,2.260325101061138e-06,3.5356254668117024e-05,0.050000000000000044,0.25,"{'I': 1, 'W': 0, 'R': 1, 'C': 'free'}",False,True,True,1.0,3
4690,6,4.75740729520428e-06,0.24580052227485144,1.6006367187978335e-05,1.4479832551120588,1.0000003129243051,1.1380710785574955,2.5033909167859747e-06,0.999909675795847,,0.30000000000000004,0.30000000000000004,6.605215886197918e-05,1.4739267681511365e-05,0.0009110510253381854,0.15000000000000002,0.4,"{'I': 1, 'W': 0, 'R': 1, 'C': 'free'}",True,True,True,0.0,3
4690,7,3.5877998934428116e-06,0.2418984572616943,1.1077862160752739e-05,1.4238350676681168,1.000000193715075,1.1332974634963813,1.549719250704129e-06,0.9998777530607807,,0.19999999999999996,0.19999999999999996,1.4738988748363403e-05,6.144177470773949e-06,0.00015843623555950154,0.15000000000000002,0.25,"{'I': 1, 'W': 0, 'R': 1, 'C': 'free'}",True,False,True,0.0,3
4737,1,0.291393595193714,0.37246617873567195,1.57864327213905,1.5636450714806536,1.1354288683849754,1.2385862841459372,0.6379900195992241,0.9999996872759,,0.09999999999999998,0.09999999999999998,2.382369666911698e-07,3.927863404503026e-07,1.012998734733632e-05,0.050000000000000044,0.050000000000000044,"{'I': 1, 'W': 0, 'R': 1, 'C': 'free'}",False,True,True,1.0,3
4737,2,0.07957294665309003,0.26509264067319155,0.627915605737843,1.6249181968992712,1.049686559143271,1.1954268715956393,0.3215420903368992,0.9999993717118296,0.05,0.25,0.15000000000000002,1.3709578579643284e-06,2.902324214256423e-06,9.610239139915317e-05,0.15000000000000002,0.35,"{'I': 1, 'W': 0, 'R': 1, 'C': 'free'}",False,True,True,1.0,3
4737,3,3.5022458597965115e-05,0.30044224831289673,0.00017079959604728509,1.541474908080931,1.0000026055644022,1.2182577511292434,1.8238760726707604e-05,0.9999999991840819,,0.15000000000000002,0.09999999999999998,2.902311957728629e-06,6.144177392660061e-06,4.006369137670967e-05,0.15000000000000002,0.15000000000000002,"{'I': 1, 'W': 0, 'R': 1, 'C': 'free'}",False,True,True,0.0,3
4737,4,0.11562583098846124,0.4120781762325806,0.5822032515735209,2.0205551657998426,1.0546820723438795,1.2698447795915764,0.41280227900854705,0.9999999119039121,0.05,0.4,0.25,1.6701429790486405e-05,2.902332181534886e-06,2.1444958551793438e-05,0.5,0.4,"{'I': 1, 'W': 0, 'R': 1, 'C': 'free'}",False,True,True,0.6666666666666666,3
4737,5,0.0017218915783936163,0.5117306770694953,0.011837797703373853,1.8538910386670278,1.0002238812538093,1.3605221633224476,0.0015657662799066774,0.9999998884915677,,0.4,0.25,2.430025215637583e-05,0.0009110517131234502,0.0015011819873989975,0.4,0.4,"{'I': 1, 'W': 0, 'R': 1, 'C': 'free'}",True,True,True,0.0,3
4737,6,0.0005678829735451168,0.49860083819053286,0.0037869735108627626,1.7089448762272499,1.0000611609874515,1.3220120609525476,0.00042802219271687036,0.9999993438642262,,0.7,0.30000000000000004,1.8925145901122712e-05,1.6701546028904598e-05,0.0007096703033740998,0.4,0.35,"{'I': 1, 'W': 0, 'R': 1, 'C': 'free'}",True,False,True,0.0,3
4737,7,0.03374806577622435,0.3804659124276011,0.2685352345547267,1.3242494165440915,1.009926659138011,1.2604521563180582,0.07598013440882001,0.9999976529435877,0.15,0.9,0.4,0.00012339461875921878,7.484634276400026e-05,0.03732688949359975,0.75,0.4,"{'I': 1, 'W': 0, 'R': 1, 'C': 'free'}",True,True,True,0.0,3
4739,1,0.12026516546456682,0.3500512035482614,0.7094055069749047,1.3635075840465691,1.0736943820179228,1.2637613416837192,0.6304523286993038,0.9998629978180551,,0.050000000000000044,0.050000000000000044,1.7603430003169784e-06,2.9023119645126154e-06,1.1478768013819554e-05,0.050000000000000044,0.050000000000000044,"{'I': 1, 'W': 0, 'R': 1, 'C': 'free'}",False,True,True,1.0,3
4739,2,0.0026816224579246538,0.3614164566571197,0.02967617789615222,1.481780076106082,1.0003778026882582,1.2513943761495816,0.005274280624057437,0.9999996267645618,,0.09999999999999998,0.15000000000000002,2.9023119704762296e-06,6.96225777513153e-06,7.484626211965947e-05,0.050000000000000044,0.15000000000000002,"{'I': 1, 'W': 0, 'R': 1, 'C': 'free'}",False,True,True,0.6666666666666666,3
4739,3,0.0219567865627541,0.4631047194782644,0.22479257319206988,2.0816360646815135,1.0040101670787493,1.2712832123708362,0.046890778188801274,0.9999985464481611,0.05,0.15000000000000002,0.25,3.2887506233358578e-06,5.4222169622861835e-06,0.0001398221707843963,0.050000000000000044,0.35,"{'I': 1, 'W': 0, 'R': 1, 'C': 'free'}",False,False,True,0.3333333333333333,3
4739,4,0.1282285939447426,0.3308540621818006,0.7109246603020235,1.3964806984169993,1.0378098466932655,1.3389505512172433,0.2568821310498407,0.9999999992536316,0.0,0.5,0.15000000000000002,0.999964643076535,0.9999810732479073,5.144221339574065e-05,0.75,0.050000000000000044,"{'I': 1, 'W': 0, 'R': 1, 'C': 'free'}",False,True,True,0.6666666666666666,3
4739,5,0.0001404804898118158,0.2580974749225689,0.0005945593890589254,1.6222646349635421,1.000011477980473,1.1673756717845454,8.034217460506365e-05,0.9999969187448905,,0.15000000000000002,0.15000000000000002,1.3709578569232453e-06,1.2098659687939592e-06,0.11920291716730791,0.050000000000000044,0.15000000000000002,"{'I': 1, 'W': 0, 'R': 1, 'C': 'free'}",True,False,True,0.0,3
4739,6,0.06917590934485435,0.3036334427270238,0.5839430403271691,1.6009077761780177,1.030058736533609,1.2169934332551948,0.31955327153972546,0.9999998765039753,0.05,0.09999999999999998,0.09999999999999998,1.8925145919429042e-05,3.7266388186081184e-06,2.753568780894829e-05,0.050000000000000044,0.050000000000000044,"{'I': 1, 'W': 0, 'R': 1, 'C': 'free'}",False,True,True,0.6666666666666666,3
4739,7,1.838012526030358e-05,0.2212409628683391,0.00020098045080244948,1.5570211553669007,1.000001476351368,1.16243604641435,1.9192369439813284e-05,0.9999991669393689,0.0,0.09999999999999998,0.09999999999999998,3.466327447422288e-07,1.994729941727205e-06,2.2603251044453443e-06,0.050000000000000044,0.050000000000000044,"{'I': 1, 'W': 0, 'R': 1, 'C': 'free'}",False,True,True,0.0,3
4741,1,0.12197811533050891,0.2882648837537109,0.7102291538827638,1.4703177946385204,1.0511617059935339,1.3024042619620255,0.25871909422786377,0.9999959547348787,,0.050000000000000044,0.09999999999999998,1.8553914556968064e-07,2.699578415170955e-07,6.144177518581677e-06,0.050000000000000044,0.050000000000000044,"{'I': 1, 'W': 0, 'R': 1, 'C': 'free'}",False,True,True,1.0,3
4741,2,0.0559609340109052,0.25005704641122223,0.4761303601924253,1.5921580242627502,1.0157908158355387,1.1671932521465558,0.13151671758744787,0.9997971627315799,0.0,0.15000000000000002,0.15000000000000002,2.561281290264801e-06,4.222834917761598e-06,0.9996200127804169,0.050000000000000044,0.15000000000000002,"{'I': 1, 'W': 0, 'R': 1, 'C': 'free'}",False,True,True,0.3333333333333333,3
4741,3,0.00417652272338111,0.23499409347076558,0.026518221424595298,1.5043170008017164,1.0006242675862635,1.1449488093431384,0.004358981627256564,0.9999986775081039,0.0,0.09999999999999998,0.09999999999999998,0.9990889485299689,2.9023119810754832e-06,3.120190347811124e-05,0.050000000000000044,0.050000000000000044,"{'I': 0, 'W': 1, 'R': 0, 'C': 'costly'}",False,True,True,0.3333333333333333,3
4744,1,0.038498809771372496,0.33761498174241245,0.2685351730158458,1.4234612852266313,1.0113456790995983,1.2354859366043849,0.07593475392204996,0.9997879258425173,,0.050000000000000044,0.09999999999999998,3.059023359480446e-07,3.0590233608579847e-07,5.144221335858173e-05,0.050000000000000044,0.050000000000000044,"{'I': 1, 'W': 0, 'R': 1, 'C': 'free'}",False,True,True,1.0,3
4744,2,0.016695970333211248,0.32305704591131673,0.09009481204410184,1.5463653261005665,1.0031842208372959,1.2509527803722167,0.022008337071471873,0.9999929817083141,0.0,0.15000000000000002,0.09999999999999998,4.2228349478199544e-06,7.889264430524454e-06,5.8291272365855836e-05,0.050000000000000044,0.15000000000000002,"{'I': 1, 'W': 0, 'R': 1, 'C': 'free'}",False,True,True,1.0,3
4744,3,0.0007955156889664093,0.3960463727861678,0.005517584437252958,1.8781379893195003,1.000089774769205,1.4079022921711553,0.0006281977789419635,0.9999999627287293,,0.0,0.09999999999999998,7.889264337153608e-06,1.1478768031606248e-05,3.535625463169991e-05,0.0,0.050000000000000044,"{'I': 1, 'W': 0, 'R': 1, 'C': 'free'}",True,True,True,0.0,3
4744,4,2.7883571929842e-05,0.383307482217806,0.00013223236544409776,2.037908699225369,1.0000020464196278,1.275070000216504,1.2278429822210057e-05,0.9999999904629538,,0.0,0.09999999999999998,6.962257761121139e-06,1.7603429955066215e-06,7.889264462950988e-06,0.0,0.050000000000000044,"{'I': 1, 'W': 0, 'R': 1, 'C': 'free'}",True,True,True,0.0,3
4744,5,0.08517576157748312,0.3097157326043688,0.5822031541689379,1.2741347162383345,1.0460568765669773,1.1645842497548968,0.2703528196569429,0.9992238116433754,0.0,0.0,0.050000000000000044,0.0001233946188236317,1.3709578603018835e-06,4.5397852268897565e-05,0.0,0.0,"{'I': 0, 'W': 1, 'R': 0, 'C': 'costly'}",False,True,True,1.0,3
4745,1,0.13451371133604295,0.2591993569141383,0.8644366229074992,1.615518818986584,1.0976875720741448,1.204642919699708,0.5677935186062307,0.9998416353018953,,0.09999999999999998,0.92,1.6373770533571965e-07,3.92786340258479e-07,1.8925145924144024e-05,0.050000000000000044,0.050000000000000044,"{'I': 1, 'W': 0, 'R': 1, 'C': 'free'}",False,True,True,1.0,3
4745,2,0.06630107983486976,0.38899603130839167,0.5303042577543325,1.6001057136175951,1.031993252708019,1.1817381818232655,0.22270631862193546,0.9993557354749522,0.0,0.09999999999999998,0.09999999999999998,1.994729941228717e-06,2.9023119526605378e-06,1.892514575380173e-05,0.050000000000000044,0.050000000000000044,"{'I': 1, 'W': 0, 'R': 1, 'C': 'free'}",False,True,True,1.0,3
4745,3,0.013771688287162652,0.3180381603769921,0.10729474603115242,1.2631750471221335,1.002288382185318,1.1870276296527018,0.02036175227424164,0.9999046950855667,0.05,0.4,0.4,0.0002611903082240099,0.01406362830777519,0.14804718992762786,0.5,0.4,"{'I': 1, 'W': 0, 'R': 1, 'C': 'free'}",False,True,True,1.0,3
4745,4,1.1054653805245548e-05,0.3394382202627271,7.645741555857921e-05,1.5680800816996225,1.0000007599577794,1.2066192932026885,6.079641444611816e-06,0.9999965739615451,,0.30000000000000004,0.19999999999999996,2.1444958126242594e-05,9.610364140282366e-05,0.004070137850210093,0.15000000000000002,0.15000000000000002,"{'I': 1, 'W': 0, 'R': 1, 'C': 'free'}",True,False,True,0.0,3
4745,5,1.3408763524921793e-05,0.3461519249074294,8.837178455107478e-05,2.1151400098441213,1.0000008940677052,1.278085039543178,7.152512864871952e-06,0.9999999652609923,,0.30000000000000004,0.19999999999999996,1.473898886220294e-05,1.3007315339834968e-05,0.0015011822236002167,0.25,0.25,"{'I': 1, 'W': 0, 'R': 1, 'C': 'free'}",False,True,True,0.0,3
4745,6,2.6458028048483407e-05,0.3300340535881298,0.0002015365152047718,1.559099751886266,1.0000019669408786,1.2095207962658083,1.573538775079264e-05,0.999996472073211,,0.19999999999999996,0.19999999999999996,0.00012339461647009007,1.0130345359577036e-05,0.0015011824768319001,0.15000000000000002,0.15000000000000002,"{'I': 1, 'W': 0, 'R': 1, 'C': 'free'}",True,True,True,0.0,3
4745,7,0.07895891593965587,0.4729822512187862,0.7064718822909618,2.081386430147211,1.0251525118091254,1.3349991886230548,0.2003431187680873,0.9999999999994955,0.15,0.4,0.4,2.1444958595706004e-05,4.785094482517244e-06,2.1444958606002628e-05,0.4,0.35,"{'I': 1, 'W': 0, 'R': 1, 'C': 'free'}",False,True,True,1.0,3
4752,1,0.015475435785602091,0.2933860146163223,0.09086285975015707,1.6014883397958508,1.0030765360390332,1.188971036866667,0.018262069161147032,0.9999870022823505,,0.050000000000000044,0.09999999999999998,3.466327439648937e-07,6.475945658377135e-07,6.144177522745427e-06,0.050000000000000044,0.050000000000000044,"{'I': 1, 'W': 0, 'R': 1, 'C': 'free'}",False,True,True,1.0,3
4752,2,0.0003226902751313857,0.19650098395738516,0.0020826235387977395,1.2087615745395068,1.0000326265160475,1.129121138949443,0.00022835580954205792,0.9997073261349168,,0.09999999999999998,0.09999999999999998,1.9947299511069054e-06,1.370957855017136e-06,0.00015843623465629027,0.050000000000000044,0.050000000000000044,"{'I': 1, 'W': 0, 'R': 1, 'C': 'free'}",False,True,True,1.0,3
4752,3,0.1065467898835621,0.41378632398758713,0.7505251378351318,2.3835745356287252,1.0789248493929766,1.3139205475383329,0.45540903210734185,0.9999999999928467,0.05,0.25,0.25,6.475945657043934e-07,2.561281272277547e-06,7.484626263623005e-05,0.15000000000000002,0.35,"{'I': 1, 'W': 0, 'R': 1, 'C': 'free'}",False,True,True,1.0,3
4752,4,0.0001030289978766899,0.407385451269845,0.0006949190810557411,2.157177186506315,1.0000084901885609,1.3833206325621585,7.64084533999565e-05,0.999999999997989,,0.25,0.4,1.0677029971082946e-06,1.3709578595957022e-06,0.029312232704594765,0.25,0.4,"{'I': 1, 'W': 0, 'R': 1, 'C': 'free'}",False,True,True,1.0,3
4752,5,0.0008779473881264352,0.456260390308625,0.0058583032286525505,2.2588000320270973,1.000097418675503,1.4846504962668507,0.0006816650750097741,1.0,,0.15000000000000002,0.25,1.067702996859178e-06,2.2603251046469356e-06,2.7535687803092448e-05,0.15000000000000002,0.25,"{'I': 1, 'W': 0, 'R': 1, 'C': 'free'}",False,True,True,0.6666666666666666,3
4752,6,7.528992487845449e-07,0.3976179611944445,4.894875554285682e-06,1.7055872318306435,1.0000000510896887,1.3111843151839955,3.5762774786007867e-07,0.9999999999961398,,0.09999999999999998,0.15000000000000002,6.475945663613851e-07,1.3709578598057325e-06,1.0129987355926359e-05,0.050000000000000044,0.15000000000000002,"{'I': 1, 'W': 0, 'R': 1, 'C': 'free'}",True,False,True,0.0,3
4752,7,5.951953400341763e-06,0.4247227816098827,3.9911623917705184e-05,2.317497214002509,1.000000408717063,1.356710020272414,2.861014763766434e-06,0.9999999999998591,,0.09999999999999998,0.15000000000000002,9.422445927858782e-07,1.9947299529318133e-06,2.9023119846492736e-06,0.050000000000000044,0.050000000000000044,"{'I': 1, 'W': 0, 'R': 1, 'C': 'free'}",True,False,True,0.0,3
4758,1,0.0002657042372980299,0.3427547107597473,0.0015447677559619036,1.346982123156912,1.00002695943966,1.2245504016116202,0.0001617413760182096,0.9999921049765269,,0.09999999999999998,0.09999999999999998,1.9947299472872687e-06,1.0677029956342224e-06,0.00012339461863329447,0.050000000000000044,0.050000000000000044,"{'I': 1, 'W': 0, 'R': 1, 'C': 'free'}",False,True,True,0.3333333333333333,3
4758,2,0.04661372843089149,0.19762945469949983,0.13234330774657369,1.1140320924720861,1.009459343043326,1.1137396596086662,0.05492340480465774,0.9984405232450344,0.0,0.09999999999999998,0.09999999999999998,1.0129987230624362e-05,6.144247956782696e-06,1.1478768034655372e-05,0.050000000000000044,0.050000000000000044,"{'I': 1, 'W': 0, 'R': 1, 'C': 'free'}",False,True,True,0.3333333333333333,3
4758,3,1.4115881482052557e-05,0.351085390696609,5.0313686105947566e-05,1.8514701046039324,1.0000010251988467,1.315693350853948,5.125978468467629e-06,0.9999985498240941,,0.050000000000000044,0.09999999999999998,1.9947299091118284e-06,2.2603250716918758e-06,1.4738988544198299e-05,0.050000000000000044,0.050000000000000044,"{'I': 1, 'W': 0, 'R': 1, 'C': 'free'}",True,False,True,0.0,3
4758,4,0.0006105622324792596,0.27243486072385675,0.003018227959386371,1.6943597448260925,1.0000675588554777,1.1599872131006406,0.0003377258251947568,0.9997880821729104,,0.050000000000000044,0.050000000000000044,1.2098659633897725e-06,1.7603429955326468e-06,1.1478768029056224e-05,0.050000000000000044,0.050000000000000044,"{'I': 1, 'W': 0, 'R': 1, 'C': 'free'}",True,False,True,0.0,3
4758,5,3.980387076801314e-05,0.3445924571984901,0.00013471206273787264,1.8085428402821249,1.0000029563832005,1.2222042658995371,1.4781784899775552e-05,0.999999350183792,,0.09999999999999998,0.09999999999999998,4.785094440056615e-06,4.2228349153939704e-06,2.753568766589293e-05,0.050000000000000044,0.050000000000000044,"{'I': 1, 'W': 0, 'R': 1, 'C': 'free'}",True,False,True,0.0,3
4758,6,0.0001456407441158104,0.38555995949981475,0.0006963133029893225,1.7528082882868352,1.000012302123469,1.350966727338709,6.150834727691734e-05,0.999999973538764,,0.09999999999999998,0.15000000000000002,1.1478767976335084e-05,2.902311953674391e-06,3.5356254828065555e-05,0.050000000000000044,0.050000000000000044,"{'I': 1, 'W': 0, 'R': 1, 'C': 'free'}",True,False,True,0.0,3
4758,7,0.008577374794427307,0.45363430087914997,0.10941125214830154,1.8452383899470388,1.0018046101423073,1.5200749554904645,0.023166234450070267,1.0,0.0,0.15000000000000002,0.25,4.785094488170905e-06,1.4738988842846903e-05,0.9995121421382728,0.15000000000000002,0.25,"{'I': 1, 'W': 0, 'R': 1, 'C': 'free'}",False,True,True,0.3333333333333333,3
476,1,0.02143320959156521,0.286388964483678,0.07762224749969489,1.7198127325736243,1.003213626903216,1.1793090673511628,0.019066731261884073,0.9999739485928472,,0.15000000000000002,0.15000000000000002,1.067702993050581e-06,1.3709578561293272e-06,4.539785227137564e-05,0.050000000000000044,0.15000000000000002,"{'I': 1, 'W': 0, 'R': 1, 'C': 'free'}",False,True,True,1.0,3
476,2,0.00042195152644037393,0.3722532767566589,0.0019340196263880924,1.7522034643717204,1.0000421635434413,1.2689437392749,0.00029509503298241757,0.9999987300545666,0.0,0.09999999999999998,0.09999999999999998,2.260325067958712e-06,1.994729940819302e-06,7.484626220330702e-05,0.050000000000000044,0.050000000000000044,"{'I': 1, 'W': 0, 'R': 1, 'C': 'free'}",True,False,True,0.0,3
476,3,0.0027116678217821333,0.5848367891459055,0.0156043276509076,2.330572101608688,1.0003740272978234,1.354142760032923,0.0022412288898715493,0.9999991221199029,0.05,0.15000000000000002,0.4,1.3709578591428286e-06,1.760349561321848e-06,0.00043055709122362195,0.15000000000000002,0.4,"{'I': 1, 'W': 0, 'R': 1, 'C': 'free'}",False,True,True,1.0,3
476,4,3.4636321540175086e-05,0.3046872998782446,0.0001254298870300364,1.4970651624665483,1.000002527230389,1.1769875599522182,1.263605614199026e-05,0.9999958184462889,,0.15000000000000002,0.15000000000000002,4.2228349185839465e-06,2.9023119717030874e-06,9.610239114963214e-05,0.050000000000000044,0.15000000000000002,"{'I': 1, 'W': 0, 'R': 1, 'C': 'free'}",True,False,True,0.0,3
476,5,0.0028111168197990227,0.33785322581137145,0.013971308451361984,1.5299983071371424,1.0003869659450242,1.213613052903405,0.0019325856119986051,0.9999999134514215,,0.19999999999999996,0.15000000000000002,3.120190366060531e-05,1.0130020617331221e-05,0.9525741235503505,0.15000000000000002,0.25,"{'I': 1, 'W': 0, 'R': 1, 'C': 'free'}",False,True,True,1.0,3
476,6,0.002593473866085405,0.3431654803922036,0.01731263554499601,1.9040251516527646,1.0003643744109416,1.1832870294051163,0.0025469074126867053,0.9999999509103882,0.0,0.15000000000000002,0.15000000000000002,6.144177499216936e-06,2.9023119769614967e-06,3.535625481063055e-05,0.050000000000000044,0.15000000000000002,"{'I': 1, 'W': 0, 'R': 1, 'C': 'free'}",False,True,True,1.0,3
476,7,0.05396309546428311,0.3824477480604818,0.19933909000644284,2.4650866788646573,1.0127884570180399,1.3188362182870441,0.07341014201034779,0.9999999987239256,,0.09999999999999998,0.09999999999999998,3.726638813727437e-06,1.4739068668208492e-05,0.0002305066575787341,0.050000000000000044,0.050000000000000044,"{'I': 1, 'W': 0, 'R': 1, 'C': 'free'}",False,True,True,0.0,3
4784,1,0.002038593607914813,0.3432973877647918,0.006313535472830098,1.661365397023242,1.0002315903516485,1.2687344341598767,0.0013884164892027373,0.9999973819330946,,0.91,0.91,2.382369661525497e-07,1.2098659666871075e-06,2.144495859498398e-05,0.050000000000000044,0.050000000000000044,"{'I': 1, 'W': 0, 'R': 1, 'C': 'free'}",False,True,True,1.0,3
4784,2,0.0407642119079736,0.3510062677154874,0.3101001154228398,1.553612588797131,1.0099094236731958,1.3012559577245302,0.07585396972251457,0.999999999076697,0.15,0.97,0.30000000000000004,0.9975273769122167,1.0130233436629996e-05,0.9046504976865205,0.75,0.65,"{'I': 1, 'W': 0, 'R': 1, 'C': 'free'}",False,True,True,0.0,3
4784,3,0.0017471690154395592,0.4872878704149972,0.011375376045478457,2.167800663807688,1.0002202379322758,1.3558039909731987,0.0017601585684546839,0.9999999999999555,0.15,0.97,0.4,2.1444958587511496e-05,8.93977922117503e-06,0.008577486887365104,0.75,0.65,"{'I': 1, 'W': 0, 'R': 1, 'C': 'free'}",False,True,True,1.0,3
4784,4,0.03655537049224841,0.31924326175892676,0.3653338647408267,2.1857876771008664,1.0127754266368558,1.1976979364865163,0.11921796775577365,0.9999997809822119,0.05,0.30000000000000004,0.30000000000000004,1.5534971973532908e-06,4.7850944768233575e-06,5.8291272338599034e-05,0.15000000000000002,0.25,"{'I': 1, 'W': 0, 'R': 1, 'C': 'free'}",False,True,True,1.0,3
4784,5,0.1268982340030505,0.30022943747210906,1.1648815069130845,1.7276040380014681,1.0737118104383072,1.1726294977423197,0.8972947526016624,0.9999680443952469,0.0,0.050000000000000044,0.050000000000000044,0.9998766053324574,1.760343001812641e-06,3.726638822115918e-06,0.050000000000000044,0.050000000000000044,"{'I': 0, 'W': 1, 'R': 0, 'C': 'costly'}",False,True,True,0.6666666666666666,3
4832,1,0.10815070912561012,0.3155353965997271,0.7390813810113849,1.3688601192234633,1.152268597021014,1.2772159478236933,0.6292134970008796,0.9999981730526339,,0.050000000000000044,0.09999999999999998,3.059023352683774e-07,9.422445903181639e-07,8.939699434665933e-06,0.050000000000000044,0.050000000000000044,"{'I': 1, 'W': 0, 'R': 1, 'C': 'free'}",False,True,True,1.0,3
4832,2,0.011775769068127408,0.31097897213008124,0.04677185559983282,1.3326948592932453,1.0019671872952798,1.23112817986803,0.007830202653518081,0.9995441951637849,,0.09999999999999998,0.15000000000000002,6.9622578383130295e-06,2.4300420698826535e-05,0.037326885343811164,0.050000000000000044,0.050000000000000044,"{'I': 1, 'W': 0, 'R': 1, 'C': 'free'}",False,True,True,0.6666666666666666,3
4832,3,0.0001977327986858946,0.4477681747366294,0.0007858930964144565,1.6438006298997736,1.0000188047419085,1.300500020877382,7.521543158361954e-05,0.9999991043244186,,0.09999999999999998,0.09999999999999998,4.7850943534243325e-06,1.6701428213414927e-05,4.539785117941968e-05,0.050000000000000044,0.050000000000000044,"{'I': 1, 'W': 0, 'R': 1, 'C': 'free'}",True,False,True,0.0,3
4832,4,0.07693266438446864,0.4278177347279335,0.3843905178328861,1.5729405765992694,1.0263069287972184,1.3537606951460985,0.12175902537370353,0.9999999999778636,,0.15000000000000002,0.25,1.4738988670525141e-05,1.1478767916999977e-05,0.0019267342759840063,0.050000000000000044,0.25,"{'I': 1, 'W': 0, 'R': 1, 'C': 'free'}",False,True,True,1.0,3
4832,5,4.205919667070804e-05,0.4754702096517544,0.00020045054534148236,2.3109052848830656,1.000003457047336,1.3624474556605537,1.728505741360742e-05,0.9999999999903222,,0.4,0.25,4.006369115612879e-05,1.3007194078923142e-05,5.829127161268815e-05,0.15000000000000002,0.35,"{'I': 1, 'W': 0, 'R': 1, 'C': 'free'}",False,True,True,0.0,3
4832,6,0.0002344043803245266,0.44593955912629124,0.0005661202629826161,1.446025218138699,1.000020122296084,1.2790140557121656,0.00010060540710299382,0.9997675983453095,,0.30000000000000004,0.19999999999999996,1.1478768052818262e-05,6.14420689883515e-06,8.481104063913644e-05,0.15000000000000002,0.15000000000000002,"{'I': 1, 'W': 0, 'R': 1, 'C': 'free'}",True,False,True,0.0,3
4832,7,0.00010391151112079738,0.5075178461969693,0.000644112959584154,2.040910190216939,1.0000094002938857,1.5745980036432277,6.579958303498668e-05,1.0,,0.30000000000000004,0.30000000000000004,7.889264432684176e-06,7.889276690454852e-06,0.0024726229289476894,0.15000000000000002,0.4,"{'I': 1, 'W': 0, 'R': 1, 'C': 'free'}",False,True,True,1.0,3
4856,1,0.051084923166188304,0.2015987325959349,0.15935376329455855,1.0284144911477557,1.0107224655522427,1.1066616556630193,0.05192999814650601,0.9681217350829726,,0.09999999999999998,0.09999999999999998,5.829127241248706e-05,2.2603250990394555e-06,2.753568771566964e-05,0.050000000000000044,0.050000000000000044,"{'I': 1, 'W': 0, 'R': 1, 'C': 'free'}",False,True,True,1.0,3
4856,2,0.08530859652030534,0.3570505263187364,0.5936128101467482,1.979564139451174,1.0254834931001695,1.324576884789956,0.16150730833599825,0.9999999993014265,,0.25,0.15000000000000002,3.2887506268581507e-06,2.9023276991228388e-06,8.481104050960993e-05,0.15000000000000002,0.4,"{'I': 1, 'W': 0, 'R': 1, 'C': 'free'}",False,True,True,1.0,3
4856,3,0.2423867666257177,0.43338326996797105,1.0980696977138675,1.5151588175437831,1.6302790383442667,1.3822147081659921,0.9673287020598377,0.9999999999243928,0.05,0.25,0.19999999999999996,4.222834944883713e-06,7.88929037821515e-06,0.00012339461871151443,0.15000000000000002,0.35,"{'I': 1, 'W': 0, 'R': 1, 'C': 'free'}",False,True,True,1.0,3
4856,4,1.577686166195345e-05,0.4638415823175941,4.910325818267676e-05,1.944640507459526,1.000001072882874,1.3654087993097086,6.437273072035232e-06,0.9999999958912211,,0.4,0.19999999999999996,1.3007123741617848e-05,2.260335918252729e-06,9.610239176407052e-05,0.4,0.4,"{'I': 1, 'W': 0, 'R': 1, 'C': 'free'}",True,False,True,0.0,3
4856,5,4.4249146712415975e-05,0.4098118254977443,0.00031715517630138306,1.640441110209173,1.000003603759161,1.3253845878848387,4.684768729024125e-05,0.9999999993326459,,0.25,0.25,1.0129987332252516e-05,7.88929037603128e-06,0.1824255147283039,0.4,0.35,"{'I': 1, 'W': 0, 'R': 1, 'C': 'free'}",False,True,True,0.0,3
4856,6,0.004188202141368782,0.5019283470738176,0.026703763202003475,2.67290603321562,1.0006153921495575,1.4498879619740868,0.007965741340874577,1.0,,0.7,0.7,0.04742587375004414,9.610245432495967e-05,0.3775406685336986,0.75,0.65,"{'I': 1, 'W': 0, 'R': 1, 'C': 'free'}",True,False,True,0.0,3
4856,7,0.05146260694032756,0.39664816676087017,0.6690096556131612,1.5581009583937238,1.037200478194854,1.340863844917582,0.378008010188023,1.0,,0.25,0.35,4.222834940542687e-06,6.144177492405547e-06,6.144177531541788e-06,0.25,0.35,"{'I': 1, 'W': 0, 'R': 1, 'C': 'free'}",True,False,True,0.0,3
4859,1,0.015583705724461083,0.33037731213748384,0.09009477651983355,1.3892639373704423,1.0030871023409955,1.2428779230425269,0.018324116013679226,0.99996353621637,0.0,0.09999999999999998,0.15000000000000002,1.7603429898548738e-06,1.3709578529498395e-06,2.7535687692312722e-05,0.050000000000000044,0.050000000000000044,"{'I': 1, 'W': 0, 'R': 1, 'C': 'free'}",False,True,True,1.0,3
4859,2,0.022666490649599805,0.19896104434255163,0.15797041413444557,1.093328750584445,1.004050722739113,1.0901006116307967,0.027901152321000766,0.9180650706015381,0.0,0.050000000000000044,0.050000000000000044,1.6701429807417133e-05,3.726638837902093e-06,1.0129987344971794e-05,0.050000000000000044,0.050000000000000044,"{'I': 0, 'W': 1, 'R': 0, 'C': 'costly'}",False,True,True,1.0,3
4878,1,0.2542614951172794,0.2517050883452898,1.5150243862219543,1.246304740212907,1.1198769468267677,1.1217770880238505,0.5473027379321334,0.9943218801388298,,0.09999999999999998,0.09999999999999998,2.382369662731781e-07,3.9278634028939333e-07,1.8925145865141488e-05,0.050000000000000044,0.050000000000000044,"{'I': 1, 'W': 0, 'R': 1, 'C': 'free'}",False,True,True,1.0,3
4878,2,0.002261035915697778,0.4531591486005703,0.010893262135101306,2.0189813159893415,1.0002554155012442,1.3730096412557709,0.0012760995329391678,0.999999930661653,,0.15000000000000002,0.15000000000000002,1.5534971869352652e-06,9.422445896266112e-07,1.3007123486435528e-05,0.050000000000000044,0.050000000000000044,"{'I': 1, 'W': 0, 'R': 1, 'C': 'free'}",False,True,True,1.0,3
4878,3,0.03550057290340823,0.28871810997627745,0.24780221599036942,1.1654464235872133,1.0064940609407558,1.2381349360818468,0.04430022451249138,0.9961271331268738,,0.09999999999999998,0.09999999999999998,5.422217015703069e-06,3.535657016216269e-05,0.4999999956377402,0.050000000000000044,0.050000000000000044,"{'I': 1, 'W': 0, 'R': 1, 'C': 'free'}",False,True,True,0.0,3
4878,4,0.0015254606411895164,0.5270620844269592,0.009064496774199031,1.8100986986988241,1.000196083810211,1.486605039985696,0.0011756958572017862,0.9999997138675141,0.0,0.09999999999999998,0.09999999999999998,1.067702995439711e-06,3.726638820997865e-06,3.535625390325257e-05,0.050000000000000044,0.050000000000000044,"{'I': 1, 'W': 0, 'R': 1, 'C': 'free'}",False,True,True,1.0,3
4878,5,0.05461669571933806,0.3959151343672893,0.2690452280900412,1.7102532259604206,1.016003548984704,1.2795321152010302,0.07631503387409244,0.9943516058658689,,0.050000000000000044,0.09999999999999998,2.902311964552707e-06,1.6701561101080056e-05,1.4738988863609722e-05,0.050000000000000044,0.050000000000000044,"{'I': 1, 'W': 0, 'R': 1, 'C': 'free'}",False,True,True,0.0,3
4878,6,0.0022225016625536374,0.4192001200355613,0.008383788477138986,1.668280341451357,1.0002639531277098,1.3489581507910615,0.0015822566991582354,0.9995830925958087,0.0,0.050000000000000044,0.09999999999999998,0.9997694891466308,0.9999251495304089,1.6701414794986805e-05,0.050000000000000044,0.050000000000000044,"{'I': 0, 'W': 1, 'R': 0, 'C': 'costly'}",False,True,True,1.0,3
489,1,0.0009995085098818233,0.3155110581279911,0.005855033716852342,1.3301488072038212,1.0001200685521316,1.2456362925426392,0.0007201086640957755,0.9999590737124737,,0.050000000000000044,0.09999999999999998,2.3823696634402058e-07,9.422445915781696e-07,3.535625483264934e-05,0.050000000000000044,0.050000000000000044,"{'I': 1, 'W': 0, 'R': 1, 'C': 'free'}",False,True,True,1.0,2
489,2,0.0034335197375769356,0.24830706891993032,0.0330830312179191,1.4551599415653849,1.0004509915883362,1.2218485000940629,0.004947509699515074,0.9997785524506998,,0.09999999999999998,0.09999999999999998,2.260325101033488e-06,1.4739059271947597e-05,0.010986944447908358,0.050000000000000044,0.050000000000000044,"{'I': 1, 'W': 0, 'R': 1, 'C': 'free'}",False,True,True,0.5,2
489,3,0.010392876781590475,0.22003585997750763,0.13234589451454853,1.259452311199617,1.002311388449277,1.1066485651967692,0.029567447918572798,0.9996663956515864,,0.19999999999999996,0.19999999999999996,4.785094478852544e-06,1.012998693479412e-05,0.09534947042034034,0.050000000000000044,0.15000000000000002,"{'I': 1, 'W': 0, 'R': 1, 'C': 'free'}",False,True,True,0.0,2
489,4,0.10406384092133934,0.3351926784371651,0.6488236164746648,1.9302284380174117,1.1200427472228625,1.2526048424751388,0.7709394895695642,0.9999999880584965,,0.19999999999999996,0.19999999999999996,6.14417751350508e-06,7.88933477829823e-06,0.9525741259096805,0.050000000000000044,0.25,"{'I': 1, 'W': 0, 'R': 1, 'C': 'free'}",False,True,True,0.5,2
489,5,1.4793525020669007e-05,0.34203278651016206,9.441459244383417e-05,2.168550699202325,1.0000010453709882,1.1932747202338845,1.3589723402707143e-05,0.9999998760174996,,0.09999999999999998,0.15000000000000002,2.902311974304779e-06,6.962257788478878e-06,7.484627518327244e-05,0.050000000000000044,0.15000000000000002,"{'I': 1, 'W': 0, 'R': 1, 'C': 'free'}",True,False,True,0.0,2
489,6,0.002684705005755988,0.34172588713269975,0.03293450160086826,1.6969543252888382,1.0004187207802344,1.2374894880492788,0.005427448724784734,0.9999999999879746,,0.19999999999999996,0.19999999999999996,1.1478768081788687e-05,1.3007172215488499e-05,0.0005527785513328832,0.15000000000000002,0.15000000000000002,"{'I': 1, 'W': 0, 'R': 1, 'C': 'free'}",True,False,True,0.0,2
489,7,2.3810929138733397e-05,0.2940306653208004,0.0001872641888096431,1.4233410161986582,1.0000016964320715,1.199672888686222,2.2053355043460954e-05,0.9999997715868661,,0.19999999999999996,0.19999999999999996,1.0129987322131332e-05,1.3007439291746508e-05,0.9994472199393875,0.15000000000000002,0.25,"{'I': 1, 'W': 0, 'R': 1, 'C': 'free'}",True,False,True,0.0,2
4890,1,0.03573312165109683,0.19524686940643085,0.26853517209096367,1.2882818109817329,1.0102227078244197,1.147579547315274,0.07814420732889638,0.9938618652196292,0.0,0.050000000000000044,0.09999999999999998,9.42244589840933e-07,5.043476481272115e-07,7.484626176749648e-05,0.050000000000000044,0.050000000000000044,"{'I': 1, 'W': 0, 'R': 1, 'C': 'free'}",False,True,True,1.0,3
4890,2,7.169249925102144e-05,0.17793136254511283,0.0004993794607324302,1.4322447877931959,1.000006488264782,1.0835304774759535,4.541667476443134e-05,0.988808285354662,,0.09999999999999998,0.09999999999999998,8.31527923687578e-07,2.2603250876009744e-06,2.1444958276633446e-05,0.050000000000000044,0.050000000000000044,"{'I': 1, 'W': 0, 'R': 1, 'C': 'free'}",False,True,True,1.0,3
4890,3,0.00015855209034560058,0.1623121014476083,0.0008557929433194081,1.2624553171243025,1.0000144750312632,1.1294248812911536,0.00010131935235357936,0.9999476936318741,,0.15000000000000002,0.09999999999999998,1.9947299272151976e-06,1.1478768603528747e-05,5.144221239725782e-05,0.050000000000000044,0.15000000000000002,"{'I': 1, 'W': 0, 'R': 1, 'C': 'free'}",True,False,True,0.0,3
4890,4,6.81136151077749e-05,0.3536764871310937,0.0004347212114959664,2.3049632027307476,1.0000058411687591,1.256621972352321,4.0887225990826614e-05,0.9999999884221461,,0.5,0.15000000000000002,4.006369078212397e-05,1.6701745076744657e-05,4.0063691587924765e-05,0.5,0.4,"{'I': 1, 'W': 0, 'R': 1, 'C': 'free'}",True,False,True,0.0,3
4890,5,1.2329422691196862e-05,0.2247516966662103,7.989185004315652e-05,1.3967302456498316,1.0000009196122117,1.173067292886108,6.437261802938465e-06,0.9999998629022532,,0.30000000000000004,0.25,1.1478767974477347e-05,1.670148414506183e-05,2.753568769103279e-05,0.15000000000000002,0.4,"{'I': 1, 'W': 0, 'R': 1, 'C': 'free'}",False,True,True,0.0,3
4890,6,0.15021905125988405,0.45733902098356116,1.1501274007025832,2.2921728426968038,1.0825930072918568,1.3431621405439031,0.907520925844254,0.9999999999999527,0.0,0.050000000000000044,0.15000000000000002,0.9999810729178727,3.059023363091135e-07,1.7603430030738182e-06,0.15000000000000002,0.25,"{'I': 0, 'W': 1, 'R': 0, 'C': 'costly'}",False,True,True,0.0,3
4897,1,0.032521678411519726,0.2151249143538887,0.22720587811282447,1.1560065019932009,1.0088970045296424,1.1227285890643177,0.060120511512484875,0.9608883521033671,,0.050000000000000044,0.09999999999999998,3.4663274395804257e-07,3.059023360477766e-07,6.9622578500157375e-06,0.050000000000000044,0.050000000000000044,"{'I': 1, 'W': 0, 'R': 1, 'C': 'free'}",False,True,True,1.0,2
4897,2,0.004373687441922881,0.5569401396794089,0.06048908737566477,1.7440977123109327,1.0007936711824308,1.4046664582831117,0.011045534616994646,0.9999999999879889,0.05,0.09999999999999998,0.15000000000000002,1.5534971941231872e-06,1.9947299515739195e-06,5.144221328411741e-05,0.050000000000000044,0.15000000000000002,"{'I': 1, 'W': 0, 'R': 1, 'C': 'free'}",False,True,True,1.0,2
4897,3,0.07720171185415357,0.3895994804251086,0.37036391678127234,1.5994460945147213,1.0246308296028896,1.3539806711936795,0.13583736146103365,0.9999997373503843,,0.09999999999999998,0.050000000000000044,7.484626269110568e-05,1.3007166548753597e-05,5.144221234357377e-05,0.050000000000000044,0.050000000000000044,"{'I': 1, 'W': 0, 'R': 1, 'C': 'free'}",False,True,True,0.5,2
4897,4,0.10550129171064986,0.5996832331201538,0.6891404663048515,1.7314711657051247,1.0871597780178788,1.548382782155994,0.4428830575973529,0.999992530612353,0.0,0.050000000000000044,0.050000000000000044,0.9241418258830085,0.017986211968043727,2.75356873578456e-05,0.050000000000000044,0.050000000000000044,"{'I': 0, 'W': 1, 'R': 0, 'C': 'costly'}",False,True,True,0.0,2
4923,1,0.01936789891291124,0.35443187675022214,0.07393387798949881,1.6082625744585393,1.0036226353383941,1.2144802126215957,0.02499494735222174,0.999950330774031,,0.09999999999999998,0.09999999999999998,2.382369664330121e-07,5.715002416476863e-07,1.147876807160077e-05,0.050000000000000044,0.050000000000000044,"{'I': 1, 'W': 0, 'R': 1, 'C': 'free'}",False,True,True,1.0,3
4923,2,0.0001595794589345394,0.2812860016743032,0.0007858934219359015,1.794879355107604,1.000015091449649,1.1550993743854754,7.545383208784617e-05,0.9982430934577827,,0.19999999999999996,0.30000000000000004,9.422445917138686e-07,7.88926427110157e-06,0.0003353500284620022,0.050000000000000044,0.25,"{'I': 1, 'W': 0, 'R': 1, 'C': 'free'}",False,True,True,1.0,3
4923,3,0.09083345728566669,0.4522891894192657,0.6275578791133705,2.548761963343397,1.0569561653638198,1.3740543819221656,0.3214198283760388,0.9999999999999939,0.05,0.15000000000000002,0.19999999999999996,1.7603429999595148e-06,2.2603250965259733e-06,2.1444958568599276e-05,0.050000000000000044,0.15000000000000002,"{'I': 1, 'W': 0, 'R': 1, 'C': 'free'}",False,True,True,0.6666666666666666,3
4923,4,4.457023804584242e-05,0.4974077088578869,0.00025197968655159465,1.7640192585066883,1.0000037351928501,1.4606432866206869,2.241086411913784e-05,0.9999999999990267,,0.09999999999999998,0.15000000000000002,1.7603429931278475e-06,2.260325099566685e-06,3.535625424455244e-05,0.050000000000000044,0.050000000000000044,"{'I': 1, 'W': 0, 'R': 1, 'C': 'free'}",True,False,True,0.0,3
4923,5,0.001411057677300866,0.46318922720855277,0.00729054389932494,1.9975253861183957,1.0001701072785125,1.3199741770907722,0.0013598171049972185,1.0,0.0,0.09999999999999998,0.19999999999999996,0.18242551485340752,6.1441775298262905e-06,7.484626290018794e-05,0.15000000000000002,0.25,"{'I': 0, 'W': 1, 'R': 0, 'C': 'costly'}",False,True,True,0.0,3
4929,1,0.20416904800904465,0.2791223897151295,1.5455256150130097,1.5299578863098768,1.1594953105538004,1.1757407780491225,0.7723277839545126,0.9999628147766005,,0.050000000000000044,0.09999999999999998,7.338208035522514e-07,1.7603429924631945e-06,4.785094489543402e-06,0.050000000000000044,0.050000000000000044,"{'I': 1, 'W': 0, 'R': 1, 'C': 'free'}",False,True,True,0.3333333333333333,3
4929,2,3.207959325818211e-05,0.4073650300598721,0.00020043829504325713,1.5192629454966984,1.0000024914619872,1.286205469730829,2.4914278468846085e-05,0.999996576404923,,0.09999999999999998,0.09999999999999998,9.422445864962925e-07,1.0677029880268274e-06,2.4300251989850157e-05,0.0,0.050000000000000044,"{'I': 1, 'W': 0, 'R': 1, 'C': 'free'}",True,False,True,0.0,3
4929,3,0.005710393216812302,0.5522335460229107,0.05195363294923744,2.553625282170631,1.0008651510317155,1.4713241909348793,0.008610485632448261,0.9999999999960569,,0.30000000000000004,0.19999999999999996,1.1478768083558721e-05,4.785108373352676e-06,0.005220126237351742,0.15000000000000002,0.4,"{'I': 1, 'W': 0, 'R': 1, 'C': 'free'}",True,False,True,0.0,3
4929,4,0.045683908134900426,0.3944335226095277,0.33110504793349815,1.7411964576434855,1.010580937366875,1.2816544646052155,0.08075519307897427,0.9999998733343377,0.05,0.25,0.25,2.9023119743219002e-06,4.785094463231375e-06,0.18242551423354517,0.15000000000000002,0.5,"{'I': 1, 'W': 0, 'R': 1, 'C': 'free'}",False,True,True,0.3333333333333333,3
4929,5,2.8696911028063656e-06,0.42553310170130104,9.8763355263242e-06,1.873060706194085,1.0000001532690648,1.3265812629111495,1.0728827959383125e-06,0.9999999940182059,,0.19999999999999996,0.15000000000000002,1.3709578475122323e-06,2.561281257413095e-06,3.535625449301637e-05,0.050000000000000044,0.15000000000000002,"{'I': 1, 'W': 0, 'R': 1, 'C': 'free'}",True,False,True,0.0,3
4929,6,0.009283946064071118,0.49775227728147386,0.07393402758880457,1.5709450053062854,1.001775611744475,1.425052805479519,0.01409206177228517,0.9999999998571703,0.0,0.15000000000000002,0.19999999999999996,3.288750585534272e-06,3.72663880189347e-06,0.0001584362354648863,0.050000000000000044,0.15000000000000002,"{'I': 1, 'W': 0, 'R': 1, 'C': 'free'}",True,False,True,0.0,3
4929,7,0.021521537597016714,0.48495453473322736,0.15935450433350368,2.6294675586382743,1.0049585082206132,1.3899585204296452,0.03879737335342093,0.9999999999636198,0.05,0.8,0.6,0.11920291487059312,0.0007096704526972646,0.7772998445571268,0.15000000000000002,0.65,"{'I': 1, 'W': 0, 'R': 1, 'C': 'free'}",True,False,True,0.0,3
494,1,0.0040457211394839205,0.29171817195029076,0.02276434582768675,1.258346858847597,1.0005278294941296,1.235257775756449,0.003161134506637575,0.9999983431948812,,0.09999999999999998,0.09999999999999998,1.0677029877373328e-06,1.5534971920715751e-06,5.8291272036402005e-05,0.050000000000000044,0.050000000000000044,"{'I': 1, 'W': 0, 'R': 1, 'C': 'free'}",False,True,True,1.0,3
494,2,0.04928730308895282,0.3883022710761973,0.2688610240670132,1.3422062062005518,1.0139342735199475,1.1912969974025809,0.07967508639488241,0.9987080723072194,0.0,0.15000000000000002,0.15000000000000002,3.288750613853366e-06,8.939698993638604e-06,9.610239124389563e-05,0.050000000000000044,0.15000000000000002,"{'I': 1, 'W': 0, 'R': 1, 'C': 'free'}",False,True,True,1.0,3
494,3,0.008681415989403744,0.3195245849399842,0.049422147252171963,1.2829762161542315,1.0014845057263457,1.2875431848462608,0.008860938049133127,0.9999974756592683,,0.09999999999999998,0.09999999999999998,6.1441773473675e-06,1.8925146000849817e-05,0.00013982202011653588,0.050000000000000044,0.050000000000000044,"{'I': 1, 'W': 0, 'R': 1, 'C': 'free'}",False,True,True,0.0,3
494,4,0.05529289448167829,0.44064486884565546,0.26853517122433573,1.588223261624696,1.015795027625847,1.2713210441550475,0.13154912597531854,0.999999949634461,0.05,0.25,0.15000000000000002,1.1478768057559006e-05,4.539796844006682e-05,0.0024726232165398904,0.15000000000000002,0.4,"{'I': 1, 'W': 0, 'R': 1, 'C': 'free'}",False,True,True,1.0,3
494,5,0.04179961426626592,0.3704659776786168,0.3169002806932469,1.3628895941807337,1.0129483814308613,1.254255686214864,0.09780278655176822,0.9999984324501424,,0.15000000000000002,0.09999999999999998,7.889264176433841e-06,1.670142920172961e-05,0.00012339461643434677,0.050000000000000044,0.15000000000000002,"{'I': 1, 'W': 0, 'R': 1, 'C': 'free'}",True,False,True,0.0,3
494,6,0.11018685344676443,0.3205005805669076,0.63366491945159,1.49351121967927,1.2476969869493924,1.2035427270450083,0.734939360080428,0.9999996961792278,,0.19999999999999996,0.15000000000000002,0.8807970685177393,0.00020342713689713407,5.829127224420079e-05,0.15000000000000002,0.15000000000000002,"{'I': 1, 'W': 0, 'R': 1, 'C': 'free'}",False,True,True,0.3333333333333333,3
494,7,0.1112836746519044,0.412004871445305,0.6669063350987268,1.680769234650911,1.0679518406899,1.281327644751846,0.3259532976876829,0.9999999999408055,,0.19999999999999996,0.09999999999999998,2.7535687792293303e-05,2.1445029057808394e-05,2.7535687775895623e-05,0.15000000000000002,0.050000000000000044,"{'I': 1, 'W': 0, 'R': 1, 'C': 'free'}",True,False,True,0.0,3
4959,1,0.005280053138693396,0.23047848944218452,0.017311426924090104,1.286028880114375,1.0007399801601298,1.116012086522579,0.004428404630389182,0.986167108360467,,0.09999999999999998,0.15000000000000002,7.338208040080898e-07,1.9947299516564582e-06,0.00029595723639405734,0.050000000000000044,0.050000000000000044,"{'I': 1, 'W': 0, 'R': 1, 'C': 'free'}",False,True,True,1.0,3
4959,2,0.00024218112101631053,0.14336315841987785,0.0019325785840241941,1.6366011021447404,1.0000254638202524,1.0656581712541877,0.00020368722137908968,0.9583989750063117,,0.09999999999999998,0.09999999999999998,8.315279256050245e-07,4.222834906407651e-06,0.0001398220187059739,0.050000000000000044,0.050000000000000044,"{'I': 1, 'W': 0, 'R': 1, 'C': 'free'}",False,True,True,1.0,3
4959,3,0.003972445836214203,0.21120517199264524,0.013985481007128209,1.491572876958242,1.0005283144268715,1.1082335721547836,0.002637390548042351,0.9999037982892549,0.0,0.050000000000000044,0.09999999999999998,0.14804719835409935,2.9023119631963126e-06,3.535625452864576e-05,0.050000000000000044,0.050000000000000044,"{'I': 0, 'W': 1, 'R': 0, 'C': 'costly'}",False,True,True,0.3333333333333333,3
4980,1,0.0075620968296222744,0.21231909145795783,0.06048899455095558,1.2123965162912058,1.0013819666481312,1.1226326075624857,0.010987294758838084,0.9922371964043445,,0.050000000000000044,0.09999999999999998,6.475945625863875e-07,1.370957855417224e-06,3.1201903621066416e-05,0.050000000000000044,0.050000000000000044,"{'I': 1, 'W': 0, 'R': 1, 'C': 'free'}",False,True,True,1.0,3
4980,2,0.09717257327430624,0.21368713113358548,0.5830052810206593,1.3414253847037672,1.038480927332,1.1251934014932843,0.2027237049413052,0.9955990151462303,,0.050000000000000044,0.050000000000000044,5.715002398065033e-07,1.3709578501339744e-06,1.3007123605343552e-05,0.050000000000000044,0.050000000000000044,"{'I': 1, 'W': 0, 'R': 1, 'C': 'free'}",False,True,True,0.6666666666666666,3
4980,3,0.003950793015254893,0.16598216585593487,0.02142080034420208,1.4606631406367578,1.0005598000033307,1.1062767004496916,0.0039098402094369655,0.9904000984928123,0.0,0.050000000000000044,0.09999999999999998,1.0677029875069893e-06,2.9023119332846388e-06,2.14449579909008e-05,0.050000000000000044,0.050000000000000044,"{'I': 1, 'W': 0, 'R': 1, 'C': 'free'}",False,True,True,0.0,3
4980,4,0.00479100195333138,0.4041446940590402,0.01731195649369499,1.6898561430103498,1.0006633375410519,1.2889324653274015,0.004631066797233796,0.9999999984808978,0.05,0.15000000000000002,0.09999999999999998,1.1478767698343729e-05,2.1445273423706394e-05,8.481103883945487e-05,0.050000000000000044,0.050000000000000044,"{'I': 1, 'W': 0, 'R': 1, 'C': 'free'}",True,False,True,0.0,3
4980,5,0.00027852594139588996,0.23988289125122927,0.0008816121678326999,1.5812972192286476,1.0000261913820574,1.156839158707804,0.0001833204682327727,0.9997137713735548,0.0,0.050000000000000044,0.09999999999999998,6.144177302921898e-06,6.144177357270528e-06,5.1442211218944244e-05,0.050000000000000044,0.050000000000000044,"{'I': 1, 'W': 0, 'R': 1, 'C': 'free'}",True,False,True,0.0,3
4980,6,0.00024831089862479297,0.34659678332863947,0.001552326788415509,1.5097542968935695,1.0000249472980498,1.2263179051980833,0.00017461366135818057,0.9999999183879189,0.0,0.15000000000000002,0.09999999999999998,0.0004305574437723524,0.04742587443593678,0.014063628143527102,0.050000000000000044,0.050000000000000044,"{'I': 1, 'W': 0, 'R': 1, 'C': 'free'}",False,True,True,1.0,3
4980,7,7.184101171441605e-05,0.44422708762423974,0.00039806784548914196,1.8765827802317077,1.0000061817796095,1.2973576707016705,4.327138728288382e-05,0.9999999999332233,0.05,0.19999999999999996,0.15000000000000002,1.4738988358020411e-05,6.144177455223427e-06,2.7535687277267964e-05,0.050000000000000044,0.050000000000000044,"{'I': 1, 'W': 0, 'R': 1, 'C': 'free'}",False,True,True,0.0,3
4981,1,0.0006832876293280146,0.22102990655379687,0.004721048555846957,1.697066495475234,1.000076980982236,1.1429665477920263,0.0006925622421568578,0.9997116265334408,,0.050000000000000044,0.09999999999999998,3.4663274419131555e-07,5.715002420621411e-07,1.6701429749268467e-05,0.050000000000000044,0.050000000000000044,"{'I': 1, 'W': 0, 'R': 1, 'C': 'free'}",False,True,True,1.0,3
4981,2,0.0005800969632241132,0.31569429214452793,0.005984896614962018,1.682590132814063,1.0000651677290917,1.2024111451092376,0.0009770065045645593,0.999967112384319,0.05,0.25,0.4,1.3709578602971463e-06,8.939742111203364e-06,0.4378234631445237,0.15000000000000002,0.35,"{'I': 1, 'W': 0, 'R': 1, 'C': 'free'}",False,True,True,0.6666666666666666,3
4981,3,0.06027132512854467,0.3884387409576508,0.42413882845598405,2.239409986501773,1.0231994836088758,1.3449107540225658,0.27463661745996326,0.9999999999999961,,0.15000000000000002,0.15000000000000002,2.561281282604133e-06,3.2887506070662607e-06,1.3007123754682008e-05,0.050000000000000044,0.050000000000000044,"{'I': 1, 'W': 0, 'R': 1, 'C': 'free'}",False,True,True,1.0,3
4981,4,0.0012835925339106141,0.27766296666347956,0.009064411029245453,1.4772042258033886,1.000159652355572,1.1995325540937656,0.0012763017331979265,0.9999350824763313,0.0,0.30000000000000004,0.4,4.5397852273596565e-05,0.00020342845953453067,0.9996200139593634,0.15000000000000002,0.65,"{'I': 1, 'W': 0, 'R': 1, 'C': 'free'}",False,True,True,1.0,3
4981,5,0.005267060155496228,0.22198827419533534,0.017311471521788732,1.7434930944726474,1.0007146598864003,1.1766835175516486,0.004988349125396252,0.9999969200353463,0.0,0.050000000000000044,0.050000000000000044,1.7603430034891267e-06,1.1253517546974034e-07,6.82560372410321e-08,0.050000000000000044,0.050000000000000044,"{'I': 0, 'W': 1, 'R': 0, 'C': 'costly'}",False,True,True,0.3333333333333333,3
4994,1,0.0034836504530204953,0.16778112663290196,0.02142065522152054,0.9471386628493937,1.0004991378689139,1.1434534032481634,0.0034869996340141096,0.9862909009345708,,0.050000000000000044,0.09999999999999998,1.2098659651230903e-06,9.422445893098245e-07,3.5356254630847994e-05,0.050000000000000044,0.050000000000000044,"{'I': 1, 'W': 0, 'R': 1, 'C': 'free'}",False,True,True,1.0,3
4994,2,0.0028853040269875337,0.13637023000634352,0.017311424260813172,0.7335911923646414,1.0004126937867237,1.120632886365292,0.0024725900134486833,0.9814312663413995,,0.09999999999999998,0.09999999999999998,5.043476474853284e-07,2.2603250862753017e-06,5.829127162021102e-05,0.050000000000000044,0.050000000000000044,"{'I': 1, 'W': 0, 'R': 1, 'C': 'free'}",False,True,True,1.0,3
4994,3,1.2314382873163488e-05,0.16843444270319155,6.340252416263733e-05,1.512786592528967,1.0000008685234785,1.1526350480318637,6.079643228074083e-06,0.9999899315527234,0.0,0.050000000000000044,0.050000000000000044,1.3007123786118457e-05,8.315279268769054e-07,8.939699360947623e-06,0.0,0.050000000000000044,"{'I': 0, 'W': 1, 'R': 0, 'C': 'costly'}",False,True,True,1.0,3
4997,1,0.025497748268316682,0.22045350002607964,0.1593537692844875,1.1829012543099207,1.0056691582658634,1.1542719926779859,0.0442177774139938,0.9957116522636562,0.0,0.09999999999999998,0.09999999999999998,3.059023359847144e-07,9.422445918458318e-07,3.1201903783083876e-05,0.050000000000000044,0.050000000000000044,"{'I': 1, 'W': 0, 'R': 1, 'C': 'free'}",False,True,True,1.0,3
4997,2,0.09253015419461748,0.5451259801245357,0.4195578989428963,2.1326722068196133,1.325455891448416,1.3851858691029642,0.8608628699356522,0.9999999995424185,0.05,0.15000000000000002,0.15000000000000002,3.7266388368582717e-06,1.994729947906911e-06,4.539785202734742e-05,0.050000000000000044,0.25,"{'I': 1, 'W': 0, 'R': 1, 'C': 'free'}",False,True,True,1.0,3
4997,3,0.001137530522682638,0.3416761339059037,0.0067272777090843375,1.3082340500043936,1.0001187179210456,1.2279186697822215,0.0007120116471069915,0.9999986974145346,,0.050000000000000044,0.09999999999999998,1.1478767789142901e-05,1.473920521765532e-05,6.605215840609087e-05,0.050000000000000044,0.050000000000000044,"{'I': 1, 'W': 0, 'R': 1, 'C': 'free'}",True,False,True,0.0,3
4997,4,0.0456216984715277,0.28170366831629934,0.3147428528293277,1.2685507714469868,1.0144873712836644,1.1997736418359224,0.09578130077146452,0.9999958193243654,0.0,0.09999999999999998,0.09999999999999998,1.670142951406467e-05,4.785132212429698e-06,0.00013982202065692027,0.050000000000000044,0.050000000000000044,"{'I': 1, 'W': 0, 'R': 1, 'C': 'free'}",True,False,True,0.0,3
4997,5,0.00014153009608323976,0.28319221449498044,0.000820509044728528,1.3120267138875226,1.0000119007298929,1.1932361450274616,7.140140527728267e-05,0.9999877111745148,,0.19999999999999996,0.09999999999999998,8.939699442110894e-06,4.785094475014842e-06,0.00012339461875118682,0.050000000000000044,0.050000000000000044,"{'I': 1, 'W': 0, 'R': 1, 'C': 'free'}",True,False,True,0.0,3
4997,6,0.0005739929459735301,0.296365152771731,0.002426244110279651,1.7942132758081752,1.0000557558763492,1.2147030990482546,0.0004459351177508175,0.9999896184602851,0.0,0.30000000000000004,0.15000000000000002,0.0005527785880993579,8.93977933503837e-06,0.07585817275605293,0.15000000000000002,0.25,"{'I': 1, 'W': 0, 'R': 1, 'C': 'free'}",False,True,True,0.6666666666666666,3
4997,7,0.00014530771040396592,0.30707257342768834,0.0009852990116052203,1.4106269684509987,1.00001370857867,1.2676023544064368,0.000109661864364341,0.9999982901818661,0.0,0.19999999999999996,0.15000000000000002,1.9947299549778137e-06,1.3709578578139392e-06,7.484626265499329e-05,0.15000000000000002,0.15000000000000002,"{'I': 1, 'W': 0, 'R': 1, 'C': 'free'}",True,False,True,0.0,3
5016,1,0.01293824041427198,0.3674527884276168,0.07080632773725354,1.5451146341587507,1.002156770299186,1.486131558217624,0.012843496083112416,0.9999998688676824,,0.050000000000000044,0.09999999999999998,8.764248487032812e-08,3.927863399349095e-07,8.939699473801407e-06,0.050000000000000044,0.050000000000000044,"{'I': 1, 'W': 0, 'R': 1, 'C': 'free'}",False,True,True,1.0,3
5016,2,0.047229005623536074,0.30388538382293284,0.37605643354104334,1.984595261308179,1.0161949236231547,1.2179674598103187,0.1206053251732856,0.9999762494876184,,0.09999999999999998,0.19999999999999996,1.553497196329878e-06,5.422287843190698e-06,1.473902217418104e-05,0.050000000000000044,0.15000000000000002,"{'I': 1, 'W': 0, 'R': 1, 'C': 'free'}",False,True,True,0.0,3
5016,3,4.722659583923017e-05,0.5049773105309018,0.00031846206722981887,1.6908145044393614,1.0000037550566823,1.3791469848972895,3.003994584882541e-05,0.999999995798864,,0.19999999999999996,0.15000000000000002,2.5612812798799176e-06,6.14421072767693e-06,0.00012339461792953125,0.050000000000000044,0.35,"{'I': 1, 'W': 0, 'R': 1, 'C': 'free'}",True,False,True,0.0,3
5016,4,0.13441323539920152,0.5052904809962143,0.6930476660954923,1.6845944358965723,1.1461727809769666,1.3800388463930804,0.6642629468654364,0.9999990346748779,,0.30000000000000004,0.92,0.0003353500206396386,0.00012339547588816093,0.0015011820749514192,0.5,0.65,"{'I': 1, 'W': 0, 'R': 1, 'C': 'free'}",False,True,True,0.0,3
5016,5,0.07279280154726371,0.5294474657928933,0.5822478590003191,1.801949807872808,1.1784015254909403,1.473520094173334,0.7310610954148964,0.9999999917032311,,0.4,0.4,8.481103982033976e-05,2.4300711616686707e-05,0.01798621438640166,0.75,0.75,"{'I': 1, 'W': 0, 'R': 1, 'C': 'free'}",True,False,True,0.0,3
5016,6,0.04293044374898827,0.5944424670020055,0.36779013961571083,1.9399213873584833,1.0124784724207847,1.423937717970769,0.10560817935050593,0.999999999974348,0.05,0.30000000000000004,0.30000000000000004,1.1478768088600141e-05,4.785120425118827e-06,0.0015011820086870391,0.4,0.4,"{'I': 1, 'W': 0, 'R': 1, 'C': 'free'}",False,True,True,0.6666666666666666,3
5016,7,1.6706989269126683e-06,0.45463541375866706,6.247081783134449e-06,1.7735704487938686,1.0000001043081195,1.3916804680795447,8.344645650026905e-07,0.9999999982457619,,0.19999999999999996,0.19999999999999996,6.962257782428553e-06,6.144177437282639e-06,2.7535687713572907e-05,0.15000000000000002,0.25,"{'I': 1, 'W': 0, 'R': 1, 'C': 'free'}",False,True,True,0.0,3
5032,1,0.057922572156851405,0.3560159583271491,0.3147428623204291,1.2866243599904001,1.0177307118622305,1.2191853516137647,0.10008245710651242,0.997852969651527,0.0,0.09999999999999998,0.09999999999999998,5.043476471495943e-07,1.067702995559259e-06,2.7535687696632082e-05,0.050000000000000044,0.050000000000000044,"{'I': 1, 'W': 0, 'R': 1, 'C': 'free'}",False,True,True,1.0,3
5032,2,3.153583903360126e-05,0.48382167916903407,0.00033502747875862286,2.0076119946595483,1.0000025272111768,1.3672690194923969,3.7907401247094796e-05,0.9999999948369346,,0.25,0.25,4.785094467047363e-06,4.785094442106428e-06,5.829127235284008e-05,0.15000000000000002,0.25,"{'I': 1, 'W': 0, 'R': 1, 'C': 'free'}",False,True,True,1.0,3
5032,3,4.348820285693339e-05,0.38299219501148124,0.00020042506094910756,1.792072529015475,1.0000035524150692,1.3262386779312487,1.7761886052514164e-05,0.9999986993545963,,0.25,0.19999999999999996,4.006368885022884e-05,2.430164726302997e-05,0.00015843651189724513,0.65,0.65,"{'I': 1, 'W': 0, 'R': 1, 'C': 'free'}",False,True,True,0.0,3
5032,4,2.5996919676793527e-06,0.42657378669454743,9.93447002062437e-06,1.7321095469877916,1.000000143051122,1.3499783775143346,7.152553038736187e-07,0.9999999966212412,,0.5,0.4,3.535625434866486e-05,0.0002034271952806588,0.022977370310653885,0.5,0.4,"{'I': 1, 'W': 0, 'R': 1, 'C': 'free'}",True,False,True,0.0,3
5032,5,0.01502077574809457,0.47229835052784525,0.09009515702161924,2.0779139428656803,1.0030298922284182,1.450372103114606,0.017988115279267913,0.9999999998588261,0.15,0.8,0.4,5.829127210615625e-05,1.0677044604335174e-06,9.610239720943831e-05,0.75,0.35,"{'I': 1, 'W': 0, 'R': 1, 'C': 'free'}",False,True,True,0.0,3
5032,6,6.929479592360695e-05,0.48081947874085784,0.0010101403422851886,1.7644983355966808,1.0000066515812662,1.2878279063764726,9.976840997105718e-05,0.9999999876906218,,0.19999999999999996,0.30000000000000004,7.889264437350718e-06,1.7603438901374466e-06,7.889264458586208e-06,0.15000000000000002,0.25,"{'I': 1, 'W': 0, 'R': 1, 'C': 'free'}",True,True,True,0.0,3
5032,7,0.01504320588781536,0.32990206902799735,0.09009621909080331,1.8003296009334089,1.003031805032538,1.1981349531043497,0.017999351537663077,0.9999973325726336,0.15,0.8,0.4,2.14449585394099e-05,1.3709735954783882e-06,0.005220125760511588,0.75,0.4,"{'I': 1, 'W': 0, 'R': 1, 'C': 'free'}",True,True,True,0.0,3
5063,1,0.01010282533643907,0.3982427896096059,0.060488986737141856,1.4314397264184515,1.001844459714132,1.285551048640356,0.010995665562451129,0.9993138650870766,,0.050000000000000044,0.91,7.338208030862562e-07,1.209865965019857e-06,5.829127136197362e-05,0.050000000000000044,0.050000000000000044,"{'I': 1, 'W': 0, 'R': 1, 'C': 'free'}",False,True,True,1.0,3
5063,2,6.963851772424169e-06,0.33174438058927386,2.508860133358612e-05,1.947581864398506,1.000000476836912,1.2690332410156897,2.8610166964426753e-06,0.9999983948630058,,0.050000000000000044,0.09999999999999998,1.9947299321649528e-06,2.260325072178469e-06,2.4300251934599184e-05,0.0,0.050000000000000044,"{'I': 1, 'W': 0, 'R': 1, 'C': 'free'}",True,False,True,0.0,3
5063,3,1.891253929639377e-05,0.23154790610731057,7.987659022986061e-05,1.5724623683734256,1.0000014106406545,1.1505588023981626,8.463802139480059e-06,0.9989637421071368,,0.050000000000000044,0.09999999999999998,8.939699027652728e-06,7.88926404741341e-06,1.8925145706288207e-05,0.0,0.050000000000000044,"{'I': 1, 'W': 0, 'R': 1, 'C': 'free'}",True,False,True,0.0,3
5063,4,0.11560109801587182,0.2808814701562471,0.6854412219869236,1.4879007475828128,1.1009192925510687,1.2456116860535325,0.4383482638347237,0.9996316813290996,,0.09999999999999998,0.09999999999999998,1.8925145547813208e-05,6.962257758273889e-06,0.0002034270449434305,0.0,0.050000000000000044,"{'I': 1, 'W': 0, 'R': 1, 'C': 'free'}",False,True,True,0.0,3
5063,5,7.499612290211893e-06,0.2227302239569411,3.991490612510997e-05,1.4427803945909203,1.0000005165730346,1.16848081369199,3.0994326039035514e-06,0.9987632787766231,,0.0,0.09999999999999998,2.1444957509366944e-05,1.3007123113339772e-05,4.5397851833798275e-05,0.0,0.050000000000000044,"{'I': 1, 'W': 0, 'R': 1, 'C': 'free'}",True,True,True,0.0,3
5063,6,3.2654281921344134e-06,0.26937189651357896,1.3325473261145993e-05,1.6349367970616275,1.0000002185503027,1.266859548475929,1.3113008137111137e-06,0.9999926957346009,,0.09999999999999998,0.09999999999999998,5.1442211588887544e-05,1.0129987181445142e-05,0.00020342704526861405,0.0,0.050000000000000044,"{'I': 1, 'W': 0, 'R': 1, 'C': 'free'}",True,False,True,0.0,3
5063,7,5.269483542604253e-06,0.1781842755524342,1.8789833541821197e-05,1.378327018034551,1.0000003377595403,1.149375580611106,2.0265548457132354e-06,0.9992822424496618,,0.09999999999999998,0.09999999999999998,1.1478767954896192e-05,1.3007123530142429e-05,2.4300252268753346e-05,0.0,0.050000000000000044,"{'I': 1, 'W': 0, 'R': 1, 'C': 'free'}",True,False,True,0.0,3
5071,1,0.00014266103890777978,0.31970359424117395,0.0007858888403555554,1.703133826913425,1.0000132715876058,1.2920167465655807,7.962582692977449e-05,0.9999999728502217,,0.050000000000000044,0.09999999999999998,2.6995784116643035e-07,3.927863401495932e-07,3.535625480304621e-05,0.050000000000000044,0.050000000000000044,"{'I': 1, 'W': 0, 'R': 1, 'C': 'free'}",False,True,True,1.0,3
5071,2,0.02492163251833178,0.46449326216474246,0.10312834021692857,1.8962767094617055,1.0043312189896731,1.3785426221663617,0.05463507436572723,0.9999998526295927,0.05,0.4,0.4,6.144179938470482e-06,1.0130178880258375e-05,0.998073260673101,0.65,0.25,"{'I': 1, 'W': 0, 'R': 1, 'C': 'free'}",False,True,True,1.0,3
5071,3,0.0029475375427845214,0.5681056458576091,0.013970684069591852,1.606437953919441,1.0003856104530051,1.3265946465526002,0.0034638122330011845,0.9999999567779285,0.05,0.25,0.19999999999999996,3.288750621285699e-06,3.7266388235365127e-06,4.5397852228114785e-05,0.15000000000000002,0.25,"{'I': 1, 'W': 0, 'R': 1, 'C': 'free'}",False,True,True,1.0,3
5071,4,0.16978072335440192,0.4300053063732828,0.7485487858551154,1.9046011228105615,1.208837714145027,1.262925840382412,0.8499209781791984,0.9999999902017187,0.15,0.25,0.25,1.7603430030450765e-06,1.0677029967754127e-06,3.5356254866970016e-05,0.4,0.35,"{'I': 1, 'W': 0, 'R': 1, 'C': 'free'}",False,True,True,1.0,3
5071,5,2.215300588888489e-06,0.4682872302072764,1.2473853630898438e-05,1.8710706332029416,1.0000001457002108,1.3542995050700155,1.3113009416088062e-06,0.9999997404243128,,0.4,0.25,2.5612812881451144e-06,3.7266388268056254e-06,0.0031726830638345873,0.15000000000000002,0.35,"{'I': 1, 'W': 0, 'R': 1, 'C': 'free'}",False,True,True,0.0,3
5071,6,6.5632121361296774e-06,0.3688429934417138,2.1583217501974977e-05,1.4724914027231424,1.0000004238551323,1.1808288859060745,3.814688106729136e-06,0.99997968358629,,0.4,0.30000000000000004,3.53562548418984e-05,3.7266388352093967e-06,0.00033535003147779844,0.4,0.35,"{'I': 1, 'W': 0, 'R': 1, 'C': 'free'}",True,False,True,0.0,3
5071,7,0.027284869216083158,0.47831826109628284,0.10941129321158947,1.8195122659797711,1.0052988607227789,1.2621377758211014,0.05147649774740526,0.9999996618051298,0.15,0.4,0.4,1.3007123782262017e-05,1.7603430025140489e-06,3.535625485009583e-05,0.65,0.4,"{'I': 1, 'W': 0, 'R': 1, 'C': 'free'}",True,False,True,0.0,3
5074,1,0.023860032523035972,0.30547036615462586,0.19086497352343854,1.4591715752130812,1.006092031724858,1.1771615008729035,0.0474268743280416,0.9971822516854305,,0.050000000000000044,0.09999999999999998,2.6995784066767644e-07,5.043476477925892e-07,8.939699404829711e-06,0.050000000000000044,0.050000000000000044,"{'I': 1, 'W': 0, 'R': 1, 'C': 'free'}",False,True,True,1.0,3
5074,2,0.05949415482258372,0.22278112950560644,0.4750515540453509,1.3952624116233747,1.0255066512379627,1.1753063350436699,0.18249174210788488,0.9993030501445282,0.0,0.30000000000000004,0.7,9.610249348285893e-05,4.006455305874032e-05,0.9998204695291015,0.5,0.15000000000000002,"{'I': 1, 'W': 0, 'R': 1, 'C': 'free'}",False,True,True,1.0,3
5074,3,0.022646942794978468,0.2837861876916462,0.31589224024906815,1.43969404668144,1.0071994440344454,1.2287196678245633,0.0955525955491977,0.9999994526018801,0.0,0.0,0.050000000000000044,3.535625485203948e-05,5.043476479971852e-07,7.889264429385887e-06,0.0,0.050000000000000044,"{'I': 0, 'W': 1, 'R': 0, 'C': 'costly'}",False,True,True,1.0,3
5080,1,0.004866220166231872,0.2771642325631658,0.026464211853255558,1.3118716850599528,1.0007278159497144,1.1965353886386918,0.004355793215797488,0.9996885772402322,,0.09999999999999998,0.09999999999999998,7.338208040891556e-07,4.450852636503444e-07,7.889264455573747e-06,0.050000000000000044,0.050000000000000044,"{'I': 1, 'W': 0, 'R': 1, 'C': 'free'}",False,True,True,1.0,3
5080,2,0.07400778669861352,0.4788776574200731,0.419306793635364,2.0713228728008373,1.025244759799952,1.3023931974389367,0.20099043909587933,0.9999036113652859,0.0,0.09999999999999998,0.09999999999999998,2.561281561662354e-06,9.422445877586885e-07,3.1201902390776626e-05,0.050000000000000044,0.050000000000000044,"{'I': 1, 'W': 0, 'R': 1, 'C': 'free'}",False,True,True,0.0,3
5080,3,0.0007893721481673906,0.45208189707975344,0.003549358220853879,1.6688521143337374,1.0000831186961168,1.339117281946636,0.0004985671257818902,0.9999999862834188,0.0,0.09999999999999998,0.09999999999999998,1.5534971963094332e-06,1.3709578571583016e-06,2.753568772296949e-05,0.050000000000000044,0.050000000000000044,"{'I': 1, 'W': 0, 'R': 1, 'C': 'free'}",False,False,True,0.0,3
5080,4,0.000520789274462769,0.3150478231675952,0.001736291984228984,1.1199809961309848,1.0000509798420063,1.2068931511056937,0.0003058244816269706,0.9999940680792053,0.0,0.25,0.15000000000000002,3.5356254573435044e-05,0.022977372999905283,0.00033535002850630007,0.050000000000000044,0.15000000000000002,"{'I': 1, 'W': 0, 'R': 1, 'C': 'free'}",False,True,True,1.0,3
5080,5,0.06788751835469932,0.4036171123811921,0.4750691154539939,1.7853616744115925,1.0291930373873,1.2394602923846696,0.18243531528713197,0.9999968429931252,0.0,0.15000000000000002,0.15000000000000002,2.5612812837680843e-06,4.785094459279631e-06,5.829127204640636e-05,0.050000000000000044,0.050000000000000044,"{'I': 1, 'W': 0, 'R': 1, 'C': 'free'}",False,True,True,1.0,3
5080,6,5.079100984434816e-06,0.3474721990594029,1.9879101268647382e-05,1.5228263052509987,1.000000337759512,1.2899417649435785,2.026554675182979e-06,0.9999950724051412,,0.15000000000000002,0.15000000000000002,7.889264263222364e-06,1.3007123052965023e-05,9.610239946484075e-05,0.050000000000000044,0.050000000000000044,"{'I': 1, 'W': 0, 'R': 1, 'C': 'free'}",True,False,True,0.0,3
5080,7,4.1563630707479e-05,0.3296208874319445,0.0002004177775264569,1.2914282908954664,1.0000033775778365,1.3206299945263873,2.0265227452465062e-05,0.9999978948374905,,0.19999999999999996,0.15000000000000002,6.962257759041843e-06,7.889287267524647e-06,3.5356254430220285e-05,0.050000000000000044,0.050000000000000044,"{'I': 1, 'W': 0, 'R': 1, 'C': 'free'}",False,True,True,0.0,3
5120,1,0.0016158550669352664,0.28407530680076587,0.011259996002271476,1.6584163088811519,1.0002151708500362,1.2749788504600974,0.001504900428766831,0.9995793657636394,,0.050000000000000044,0.09999999999999998,1.5534971883773144e-06,3.726638796684215e-06,0.0002034270392783524,0.050000000000000044,0.050000000000000044,"{'I': 1, 'W': 0, 'R': 1, 'C': 'free'}",False,True,True,1.0,3
5120,2,0.00017628168665067873,0.21534571589538815,0.0012339597019355272,1.4696608217324998,1.0000176250130377,1.1669540291202127,0.00012336639377397152,0.9990393142520727,,0.09999999999999998,0.050000000000000044,2.6995784137296467e-07,4.222834888640565e-06,5.829127117483085e-05,0.050000000000000044,0.050000000000000044,"{'I': 1, 'W': 0, 'R': 1, 'C': 'free'}",False,True,True,1.0,3
5120,3,0.16893842668036052,0.17781352947171455,0.6254749288598123,1.3131858718177176,1.0522730773783586,1.1017547219807355,0.26340418708377755,0.9972909323610255,0.0,0.09999999999999998,0.09999999999999998,0.0015011819901540133,2.7535767534685145e-05,0.0005527785479490323,0.050000000000000044,0.050000000000000044,"{'I': 1, 'W': 0, 'R': 1, 'C': 'free'}",False,True,True,0.0,3
5120,4,0.001291927218230227,0.2677278350867681,0.007290638003719922,1.556107004938673,1.0001585313028476,1.1878104439657655,0.0009506602644695494,0.9999611027617589,0.0,0.19999999999999996,0.09999999999999998,7.484626247767324e-05,7.889297778268128e-06,0.0002034270443583921,0.15000000000000002,0.050000000000000044,"{'I': 1, 'W': 0, 'R': 1, 'C': 'free'}",True,False,True,0.0,3
5120,5,0.000491377948938161,0.34406423027050004,0.0024160446224716615,2.038366561535154,1.0000527804381503,1.2052297402358323,0.0002638604092773944,0.9999978859696622,,0.15000000000000002,0.09999999999999998,0.0001584362332776156,5.829194129938734e-05,0.00013982202352722875,0.15000000000000002,0.050000000000000044,"{'I': 1, 'W': 0, 'R': 1, 'C': 'free'}",True,False,True,0.0,3
5120,6,3.600299845681943e-05,0.26558788386479587,0.0002519787616326316,1.7565912872833338,1.0000030653534278,1.2253746530180867,2.1457210898190304e-05,0.9999990052469063,,0.09999999999999998,0.09999999999999998,8.939699291902283e-06,1.4738988667524436e-05,0.00010889693354678857,0.0,0.050000000000000044,"{'I': 1, 'W': 0, 'R': 1, 'C': 'free'}",True,True,True,0.0,3
5120,7,5.7249189607803024e-05,0.25427000086646406,0.00039775936936544987,2.1891892714260566,1.0000050578032569,1.2156424759875624,3.540390653111736e-05,0.9999982891927488,,0.09999999999999998,0.09999999999999998,4.222834933016353e-06,7.889264427895277e-06,1.6701429801176113e-05,0.050000000000000044,0.050000000000000044,"{'I': 1, 'W': 0, 'R': 1, 'C': 'free'}",True,False,True,0.0,3
5123,1,0.003653331951457882,0.20921033066770686,0.04017961220148492,1.3139093212175197,1.000610705181753,1.1634010449859709,0.006693206588207379,0.9987179521943768,,0.050000000000000044,0.09999999999999998,2.3823696616834425e-07,5.71500241647038e-07,2.4300252204371544e-05,0.050000000000000044,0.050000000000000044,"{'I': 1, 'W': 0, 'R': 1, 'C': 'free'}",False,True,True,1.0,3
5123,2,0.06081168714542562,0.16424439711157524,0.5303138450570015,0.9512255454051228,1.0269007776370982,1.111719954771201,0.23314161138133038,0.9839239496468208,0.0,0.0,0.050000000000000044,0.00015843623586549204,5.043476486328826e-07,1.0129987326697691e-05,0.0,0.050000000000000044,"{'I': 0, 'W': 1, 'R': 0, 'C': 'costly'}",False,True,True,1.0,3
5155,1,0.08957736578455863,0.25077231253536,0.25654492377340965,1.4630806879683926,1.0220303548302971,1.1596198405571083,0.10323009294234309,0.9943901313381786,,0.09999999999999998,0.15000000000000002,1.0677029943705346e-06,8.315279273656932e-07,5.829127225790923e-05,0.050000000000000044,0.15000000000000002,"{'I': 1, 'W': 0, 'R': 1, 'C': 'free'}",False,True,True,1.0,3
5155,2,0.025890262488947966,0.18564976034143327,0.13266285931307478,1.3515453827704673,1.005387655733338,1.1528951081644254,0.05739233860652049,0.9920723052227954,0.0,0.09999999999999998,0.050000000000000044,6.475945651214599e-07,4.222834898379916e-06,1.6701429482727575e-05,0.050000000000000044,0.050000000000000044,"{'I': 1, 'W': 0, 'R': 1, 'C': 'free'}",False,True,True,1.0,3
5155,3,0.0006986478618934678,0.20611135105626532,0.0037678520790384853,1.8060348163157642,1.0000779702244131,1.1346361393951898,0.0004676937065447584,0.9999127810815075,0.0,0.0,0.050000000000000044,3.7266388372408883e-06,1.1253517546133383e-07,1.7603429948652384e-06,0.050000000000000044,0.050000000000000044,"{'I': 0, 'W': 1, 'R': 0, 'C': 'costly'}",False,True,True,1.0,3
5199,1,0.07423686138097473,0.23236498203194528,0.7145717673763896,1.6183682592741047,1.060183281944363,1.134848417310618,0.44256981195064293,0.9970293012761083,,0.09999999999999998,0.09999999999999998,7.338208031800618e-07,1.5534971898550852e-06,3.120190372392489e-05,0.050000000000000044,0.050000000000000044,"{'I': 1, 'W': 0, 'R': 1, 'C': 'free'}",False,True,True,1.0,3
5199,2,0.006193259077297625,0.6123924007362068,0.02733648190853798,1.6660965005245079,1.0007657638472471,1.359172258178588,0.005343965538409101,0.9999456479477065,,0.25,0.15000000000000002,3.2887506266440195e-06,4.222877666425122e-06,8.481104067465078e-05,0.15000000000000002,0.25,"{'I': 1, 'W': 0, 'R': 1, 'C': 'free'}",False,True,True,0.6666666666666666,3
5199,3,0.007109303003858329,0.3097633991460288,0.04935777376516493,1.755286781667347,1.0012358707917721,1.2238111653709283,0.008608487070410842,0.9999997843721993,0.05,0.19999999999999996,0.25,2.90231197486186e-06,1.3709636462689397e-06,0.00013982202259259078,0.15000000000000002,0.35,"{'I': 1, 'W': 0, 'R': 1, 'C': 'free'}",False,True,True,1.0,3
5199,4,4.2468746154432844e-05,0.46491201110326635,0.00016721599586176487,1.9215654900944406,1.0000034400268347,1.2722347520691444,2.4079856499992225e-05,0.9999999521047785,,0.30000000000000004,0.25,6.962257843333005e-06,1.3007340515280206e-05,5.829127198703427e-05,0.4,0.35,"{'I': 1, 'W': 0, 'R': 1, 'C': 'free'}",False,True,True,0.0,3
5199,5,0.12658742685628221,0.5679192356428441,0.643804987099959,2.1522447896123262,1.040904260677371,1.4392258059437901,0.3028874135051307,0.9999999995318417,0.2,0.5,0.25,0.999704040432551,0.004070138443745767,0.00015843625264745314,0.75,0.5,"{'I': 1, 'W': 0, 'R': 1, 'C': 'free'}",False,True,True,0.6666666666666666,3
5199,6,0.013386321416888995,0.4991458680494577,0.06059813319435844,2.2453564820680065,1.0020835414279825,1.3578361519741122,0.01855800447150391,0.9999999921239116,0.15,0.4,0.25,3.12019038070466e-05,4.785117377772373e-06,0.0011695104296401582,0.4,0.35,"{'I': 1, 'W': 0, 'R': 1, 'C': 'free'}",False,True,True,0.0,3
5199,7,0.10145806368803562,0.31722292443998856,0.6074293190856875,1.596441975173671,1.0598420597913583,1.1853795825955693,0.2944088952057069,0.9999971113707087,,0.30000000000000004,0.4,4.0063691292358005e-05,1.0130118997612872e-05,0.004070138206964666,0.4,0.4,"{'I': 1, 'W': 0, 'R': 1, 'C': 'free'}",True,True,True,0.0,3
5234,1,0.0257993694616919,0.4264915881698757,0.13234323672430576,1.7305499452251771,1.0053098257033022,1.3980834136419382,0.036391751298405106,0.9999999260600909,0.0,0.09999999999999998,0.09999999999999998,8.315279240384175e-07,5.71500241919476e-07,2.7535687556196052e-05,0.050000000000000044,0.050000000000000044,"{'I': 1, 'W': 0, 'R': 1, 'C': 'free'}",False,True,True,1.0,3
5234,2,0.010951178643064764,0.19015992888780164,0.10941061218328726,1.096607576489249,1.002328037096507,1.1345602992691077,0.02298503930602569,0.9994176653564689,0.0,0.09999999999999998,0.09999999999999998,8.31527926919502e-07,3.7266388066975668e-06,0.00012339461812747206,0.050000000000000044,0.050000000000000044,"{'I': 1, 'W': 0, 'R': 1, 'C': 'free'}",False,True,True,1.0,3
5234,3,0.028866441659519588,0.11869412034126207,0.15936735082661327,0.977962436360649,1.0062736476649203,1.037170082039625,0.05473167721410421,0.688971191355219,0.0,0.0,0.050000000000000044,1.0129987343425753e-05,1.4449802093822925e-07,1.147876795306971e-05,0.0,0.050000000000000044,"{'I': 0, 'W': 1, 'R': 0, 'C': 'costly'}",False,True,True,1.0,3
5274,1,0.02670682617839353,0.3060414263033175,0.15935377047920488,1.1929086061079408,1.0063741531971981,1.283130390331515,0.03740599031914227,0.9999827779363836,,0.09999999999999998,0.15000000000000002,1.8553914583407949e-07,1.5534971952893222e-06,0.0001233946184531498,0.050000000000000044,0.15000000000000002,"{'I': 1, 'W': 0, 'R': 1, 'C': 'free'}",False,True,True,1.0,3
5274,2,0.017590166865532397,0.35048744279522587,0.19086498537157306,1.528614622531857,1.004450070402799,1.2672208399177736,0.047668584537002956,0.9999977964488,0.05,0.15000000000000002,0.15000000000000002,1.2098659661500903e-06,2.2603250901887396e-06,8.481103923610721e-05,0.15000000000000002,0.15000000000000002,"{'I': 1, 'W': 0, 'R': 1, 'C': 'free'}",False,True,True,1.0,3
5274,3,0.21072255986388738,0.2953044282448573,1.2753542891776612,1.5816541149329904,1.1729082123877717,1.220391088697594,0.6725448612172953,0.999998398359139,0.2,0.4,0.4,3.726638836976591e-06,1.7603495569202944e-06,0.029312232842642085,0.4,0.4,"{'I': 1, 'W': 0, 'R': 1, 'C': 'free'}",False,True,True,1.0,3
5274,4,0.02972073840461072,0.3877190767920679,0.19086525299058604,1.7159156678105745,1.0073004963576369,1.3182195584986443,0.04964324859719327,0.9999999998900952,0.05,0.30000000000000004,0.15000000000000002,1.670142969871826e-05,0.99477987281306,0.00010889693361390492,0.15000000000000002,0.25,"{'I': 1, 'W': 0, 'R': 1, 'C': 'free'}",True,False,True,0.0,3
5274,5,0.0009223286682975973,0.3966252096319193,0.0034698662683300017,1.6682612718275494,1.0000958543954488,1.2130943103422207,0.0005749334726349309,0.9999705087319454,0.05,0.25,0.30000000000000004,2.1444958590372868e-05,1.3007172259089555e-05,0.9971990695745698,0.25,0.4,"{'I': 1, 'W': 0, 'R': 1, 'C': 'free'}",False,True,True,1.0,3
5274,6,0.006558918054305474,0.31900042065597234,0.032717447356153055,1.7413263425083914,1.0008560100269945,1.2248107856777857,0.004269080753493304,0.9999883013463816,,0.19999999999999996,0.19999999999999996,1.4738988690714377e-05,6.144193223671731e-06,0.00012339461776484444,0.15000000000000002,0.25,"{'I': 1, 'W': 0, 'R': 1, 'C': 'free'}",True,False,True,0.0,3
5274,7,3.409126027570735e-05,0.39884835576955546,0.0003267508539409375,1.7117088899336654,1.0000027656232917,1.373641373525255,2.765581224584146e-05,0.9999999999992636,,0.15000000000000002,0.15000000000000002,1.370957858627325e-06,1.370957859596571e-06,3.5356254864491834e-05,0.050000000000000044,0.15000000000000002,"{'I': 1, 'W': 0, 'R': 1, 'C': 'free'}",True,True,True,0.0,3
5291,1,0.01570455215172166,0.2165991111344694,0.09009479302037277,1.2027433846359927,1.0029857194748613,1.202066244941011,0.020652648928359718,0.9976966351486685,,0.050000000000000044,0.09999999999999998,1.553497193064016e-06,6.475945650882144e-07,4.5397852178989585e-05,0.050000000000000044,0.050000000000000044,"{'I': 1, 'W': 0, 'R': 1, 'C': 'free'}",False,True,True,1.0,3
5291,2,3.4268740202007747e-06,0.15556365519157916,1.988144415547648e-05,1.059725104743295,1.0000002384184572,1.0779172168587297,1.6689276094439265e-06,0.9276379775857019,,0.09999999999999998,0.09999999999999998,1.067702992609567e-06,1.1478767883110526e-05,0.00033535002839087406,0.050000000000000044,0.050000000000000044,"{'I': 1, 'W': 0, 'R': 1, 'C': 'free'}",False,True,True,1.0,3
5291,3,0.0582704205018098,0.20140463006530435,0.34328135260997766,1.0175116095937768,1.0167748226591955,1.148418834633097,0.1099251820304693,0.9965653108953536,0.0,0.0,0.050000000000000044,7.484626296808204e-05,3.0590233629666197e-07,1.370957860299113e-06,0.0,0.0,"{'I': 0, 'W': 1, 'R': 0, 'C': 'costly'}",False,True,True,0.6666666666666666,3
5358,1,0.007565376414260763,0.14667461014098102,0.06048898269891009,1.1353286998944623,1.0013822203176737,1.076604888527682,0.010989299045894851,0.9244859369516594,,0.050000000000000044,0.09999999999999998,5.715002390754385e-07,2.699578415403767e-07,5.422217658941429e-06,0.050000000000000044,0.050000000000000044,"{'I': 1, 'W': 0, 'R': 1, 'C': 'free'}",False,True,True,1.0,3
5358,2,0.0194721598591737,0.2900472579997392,0.19127825486715333,1.4280636077979956,1.0049067514100127,1.1706109422734203,0.04776890366300479,0.9952796706481077,,0.09999999999999998,0.09999999999999998,8.939699409141707e-06,6.144177472655966e-06,2.144495849777127e-05,0.050000000000000044,0.050000000000000044,"{'I': 1, 'W': 0, 'R': 1, 'C': 'free'}",False,True,True,0.3333333333333333,3
5358,3,0.05781228878396203,0.4620763945535804,0.43038043951495036,2.3528836652748755,1.1952672769280979,1.3464839421383232,0.8594325808693339,0.9999999997958677,0.05,0.15000000000000002,0.15000000000000002,7.88926437188639e-06,5.42221761656779e-06,7.484626016172091e-05,0.050000000000000044,0.25,"{'I': 1, 'W': 0, 'R': 1, 'C': 'free'}",False,True,True,0.0,3
5358,4,0.06054041087023148,0.5389964889702168,0.4593242294797525,2.20268893063223,1.0173157435291447,1.44463298125314,0.14316320017438444,0.9999999999968562,,0.25,0.25,3.7266388362512023e-06,2.2603250966402436e-06,2.753568771338719e-05,0.15000000000000002,0.35,"{'I': 1, 'W': 0, 'R': 1, 'C': 'free'}",False,True,True,0.0,3
5358,5,0.01154837902585592,0.47235152541296127,0.06098198116114888,1.768438568879028,1.002009489208916,1.3146880986470304,0.017905021619120554,0.9999999987745513,,0.15000000000000002,0.15000000000000002,7.88926442692597e-06,7.889264284420744e-06,2.753568766514967e-05,0.15000000000000002,0.15000000000000002,"{'I': 1, 'W': 0, 'R': 1, 'C': 'free'}",False,True,True,0.0,3
5358,6,0.13651247302799263,0.5213131191363207,0.7715935227785454,2.107176704966631,1.0602430157365208,1.3428059368370182,0.4093214261440864,0.9999999999997151,,0.15000000000000002,0.15000000000000002,0.001501181990027123,2.1444968156662906e-05,1.0129987351266827e-05,0.15000000000000002,0.15000000000000002,"{'I': 1, 'W': 0, 'R': 1, 'C': 'free'}",True,True,True,0.0,3
5358,7,7.698155224841887e-05,0.47276251741396735,0.0004177458296355085,2.0488686104255964,1.0000064902076982,1.3731767846965717,5.8409973802353576e-05,0.9999999999999176,,0.19999999999999996,0.15000000000000002,3.288750625752967e-06,1.370957854503823e-06,6.144177528918024e-06,0.050000000000000044,0.25,"{'I': 1, 'W': 0, 'R': 1, 'C': 'free'}",True,True,True,0.0,3
5373,1,0.009048394252376026,0.22267607107705598,0.060488983690925695,1.3076116510051965,1.001619730071857,1.1741973462353972,0.011265007298433383,0.9963770554074033,,0.09999999999999998,0.15000000000000002,2.699578415907169e-07,9.422445920212718e-07,4.539785224362583e-05,0.050000000000000044,0.050000000000000044,"{'I': 1, 'W': 0, 'R': 1, 'C': 'free'}",False,True,True,1.0,3
5373,2,0.000472954459759285,0.37572647900729944,0.004260678769756757,1.7456165841344267,1.0000500226858666,1.2191678030635968,0.0005000892613991059,0.9999848488762187,,0.15000000000000002,0.15000000000000002,1.553497195749892e-06,1.3709578530235642e-06,4.539785221716831e-05,0.15000000000000002,0.15000000000000002,"{'I': 1, 'W': 0, 'R': 1, 'C': 'free'}",False,True,True,1.0,3
5373,3,0.050906704809882,0.3506969776768282,0.4751355865720819,1.6107973372569209,1.0208930320323422,1.1889673296031837,0.18679956191476588,0.9999816221390668,0.05,0.15000000000000002,0.15000000000000002,2.902311982354044e-06,2.260333524055976e-06,2.1444958454418188e-05,0.050000000000000044,0.15000000000000002,"{'I': 1, 'W': 0, 'R': 1, 'C': 'free'}",False,True,True,1.0,3
5373,4,8.630857948951052e-07,0.25455944253897417,2.6254291149457617e-06,1.8047194675049325,1.0000000397364284,1.1589228055400898,3.5762778338721546e-07,0.9999990474755212,,0.09999999999999998,0.15000000000000002,7.889264190254397e-06,6.144177400318026e-06,3.5356254750475175e-05,0.050000000000000044,0.25,"{'I': 1, 'W': 0, 'R': 1, 'C': 'free'}",True,False,True,0.0,3
5373,5,0.00010442871349068373,0.3161384408618661,0.0008975669603359588,1.4868745160943848,1.0000097085835777,1.2236061342053706,8.737301080463666e-05,0.9999996730222277,,0.15000000000000002,0.15000000000000002,7.889264390362627e-06,1.0130035747529316e-05,0.00012339461873137094,0.050000000000000044,0.25,"{'I': 1, 'W': 0, 'R': 1, 'C': 'free'}",True,False,True,0.0,3
5373,6,0.01648954084095102,0.32121621576030285,0.1323442501361269,2.2206922361600703,1.0033286703689321,1.1612937575553364,0.03589451752153949,0.9999936227612297,0.0,0.09999999999999998,0.09999999999999998,0.0001233946190724427,1.3007153145787899e-05,3.5356254822525004e-05,0.050000000000000044,0.050000000000000044,"{'I': 1, 'W': 0, 'R': 1, 'C': 'free'}",True,True,True,0.0,3
5373,7,7.95907559440306e-07,0.23413724004726574,5.211123263052148e-06,1.9499377570714609,1.0000000397364266,1.1835440062843816,3.5762776917636074e-07,0.9999994916758951,,0.09999999999999998,0.15000000000000002,1.3709578588748951e-06,7.889264386851295e-06,9.610239210162941e-05,0.050000000000000044,0.15000000000000002,"{'I': 1, 'W': 0, 'R': 1, 'C': 'free'}",True,True,True,0.0,3
5376,1,3.155741397779755e-05,0.4269584434086319,0.00025198288796776636,2.361887300514866,1.0000025575623566,1.4326492183604755,2.8132754213205935e-05,0.9999999999999999,0.0,0.09999999999999998,0.09999999999999998,3.466327439226009e-07,6.475945654476658e-07,6.962257889344985e-06,0.050000000000000044,0.050000000000000044,"{'I': 1, 'W': 0, 'R': 1, 'C': 'free'}",False,True,True,1.0,3
5376,2,0.002826475344337208,0.33950500653817506,0.0074086080469730805,1.7552268992404758,1.0003186018150494,1.2438126977965127,0.001591487599690522,0.9999989274047362,0.0,0.050000000000000044,0.050000000000000044,1.0129987346027525e-05,8.315279276046393e-07,7.88926426852887e-06,0.050000000000000044,0.050000000000000044,"{'I': 0, 'W': 1, 'R': 0, 'C': 'costly'}",False,True,True,0.0,3
5388,1,0.002214706118793652,0.17713372818664921,0.026464203240514322,1.346412069932235,1.0003406204641911,1.1177208954922317,0.004078410197613791,0.9997037461601433,,0.050000000000000044,0.09999999999999998,3.059023353284691e-07,6.475945655158002e-07,4.006369184292453e-05,0.050000000000000044,0.050000000000000044,"{'I': 1, 'W': 0, 'R': 1, 'C': 'free'}",False,True,True,1.0,3
5388,2,0.004953166638934047,0.2007321806430163,0.03568106933951225,1.3256485849242614,1.0006930990049065,1.116552427583823,0.005527538013548883,0.9981340923187344,0.0,0.050000000000000044,0.050000000000000044,3.535625490745559e-05,6.475945663900846e-07,3.288750619727576e-06,0.0,0.050000000000000044,"{'I': 0, 'W': 1, 'R': 0, 'C': 'costly'}",False,True,True,0.0,3
541,1,0.06062091480369446,0.23140050591547595,0.3665874383482255,1.2417631802437539,1.0181239455848572,1.1519885000521097,0.20824370391615388,0.9998214897182286,,0.050000000000000044,0.09999999999999998,6.825603715605256e-08,2.699578415529106e-07,1.3007123691593012e-05,0.050000000000000044,0.050000000000000044,"{'I': 1, 'W': 0, 'R': 1, 'C': 'free'}",False,True,True,1.0,3
541,2,6.026394083076629e-05,0.32887981195648286,0.00019720361540738552,1.8023552411857566,1.0000048279534626,1.2286610153618653,2.896723129031109e-05,0.9999997038864629,,0.09999999999999998,0.15000000000000002,8.315279271556175e-07,2.9023119709271044e-06,1.4738988923801294e-05,0.050000000000000044,0.15000000000000002,"{'I': 1, 'W': 0, 'R': 1, 'C': 'free'}",False,True,True,1.0,3
541,3,0.0397764823214635,0.33246403260641255,0.3147451096623068,1.6209997771242037,1.0126470987990925,1.1527311167777874,0.09565317634833592,0.9977833593963851,0.0,0.050000000000000044,0.050000000000000044,1.0129987313673155e-05,1.3007149706546733e-05,4.5397851356256806e-05,0.050000000000000044,0.050000000000000044,"{'I': 1, 'W': 0, 'R': 1, 'C': 'free'}",False,True,True,0.6666666666666666,3
541,4,2.8374974091141464e-05,0.23381862703130826,0.00012662612988081033,1.691410620064153,1.0000021627913898,1.134587703363986,1.5139408753861439e-05,0.9993402311578838,,0.30000000000000004,0.15000000000000002,0.8175744803326012,0.017986215450849496,0.00037998441236501853,0.15000000000000002,0.15000000000000002,"{'I': 1, 'W': 0, 'R': 1, 'C': 'free'}",True,False,True,0.0,3
541,5,0.01432078863688868,0.2652071164312352,0.10941132222619927,1.8047945145002655,1.0029839231458841,1.1578172124117116,0.023554010676989035,0.9998241105038613,0.05,0.30000000000000004,0.15000000000000002,0.000709670883259909,0.0007096729372176475,0.003172683414626313,0.5,0.25,"{'I': 1, 'W': 0, 'R': 1, 'C': 'free'}",False,True,True,1.0,3
541,6,0.034949969000994556,0.12287000631501875,0.664236630259822,1.111511677785644,1.0363210249647732,1.0640046733424078,0.6570974437835766,0.9347644333850974,0.0,0.0,0.050000000000000044,0.9992903296113573,3.726639127523967e-06,1.1478768072677392e-05,0.0,0.0,"{'I': 0, 'W': 1, 'R': 0, 'C': 'costly'}",False,True,True,0.6666666666666666,3
5411,1,0.0028735700449555733,0.23536370608494464,0.040179607625209245,1.440624641825915,1.0004800043338362,1.1324247745663425,0.006695930043926213,0.9982399600110382,,0.09999999999999998,0.09999999999999998,5.715002375228805e-07,9.422445889485133e-07,3.120190353593244e-05,0.050000000000000044,0.050000000000000044,"{'I': 1, 'W': 0, 'R': 1, 'C': 'free'}",False,True,True,1.0,3
5411,2,0.046182692612190615,0.2186469143140336,0.31474294567689354,0.985941715284837,1.0145541775430724,1.1573520223460227,0.09619800474804852,0.9998443778151777,0.0,0.050000000000000044,0.09999999999999998,2.7535687672057556e-05,6.144177479202651e-06,1.3007123366587432e-05,0.050000000000000044,0.050000000000000044,"{'I': 0, 'W': 1, 'R': 0, 'C': 'costly'}",False,True,True,1.0,3
5426,1,0.002313754947694432,0.3460914580989355,0.011863524562050587,1.847161151912972,1.0002535963873835,1.19399335634731,0.002026457854195418,0.9999951374039802,,0.09999999999999998,0.15000000000000002,2.1024339082835717e-07,1.0677029944806453e-06,5.829127194730226e-05,0.050000000000000044,0.15000000000000002,"{'I': 1, 'W': 0, 'R': 1, 'C': 'free'}",False,True,True,1.0,3
5426,2,0.005449939486375589,0.5437645501245102,0.04017965407113097,2.0969538346063574,1.0008819284911492,1.4229948507841446,0.007027509322340197,0.9999999998433295,0.05,0.15000000000000002,0.15000000000000002,3.0590233615623757e-07,1.209865968363794e-06,4.0063691929320615e-05,0.050000000000000044,0.15000000000000002,"{'I': 1, 'W': 0, 'R': 1, 'C': 'free'}",False,True,True,1.0,3
5426,3,0.17118402903924118,0.30126309858602796,1.687741118765004,1.5123694026910455,1.148185058513821,1.2402754880134197,0.7812897189823139,0.9999999926899555,0.1,0.25,0.15000000000000002,1.670142935337965e-05,1.3007369587205769e-05,0.00012339462991559213,0.25,0.25,"{'I': 1, 'W': 0, 'R': 1, 'C': 'free'}",False,True,True,0.3333333333333333,3
5426,4,0.002269743988113385,0.4707610119210588,0.014749952718782959,1.745633666506332,1.000261407431488,1.4227249765180543,0.002088801575492627,0.9999999990755922,,0.4,0.15000000000000002,1.6701429584046373e-05,1.892550374815853e-05,1.8925145892113036e-05,0.25,0.25,"{'I': 1, 'W': 0, 'R': 1, 'C': 'free'}",False,True,True,0.0,3
5426,5,0.18417987355663643,0.40035425858529505,1.103894548864954,1.904474915016434,1.0764156028379286,1.4094708871208588,0.357134537652978,0.9999999994265162,0.05,0.15000000000000002,0.19999999999999996,0.0031726830625700628,2.9023119807960458e-06,3.1201903737951555e-05,0.25,0.15000000000000002,"{'I': 1, 'W': 0, 'R': 1, 'C': 'free'}",False,True,True,0.3333333333333333,3
5426,6,0.1900994265395883,0.32231699751100035,0.6273825785827079,1.7221396947619778,1.065610241563941,1.2343951526684893,0.31701732858235354,0.999999395892982,0.05,0.30000000000000004,0.19999999999999996,1.6701429730640725e-05,7.889282289631192e-06,0.00020342704287580515,0.15000000000000002,0.15000000000000002,"{'I': 1, 'W': 0, 'R': 1, 'C': 'free'}",True,False,True,0.0,3
5426,7,0.06758800303757638,0.304431199874225,0.6995247433197119,1.8366233382215074,1.0788663424892284,1.194956262155636,0.5661337085134119,0.9999990741443987,0.05,0.15000000000000002,0.15000000000000002,2.260325097968716e-06,5.422217000097545e-06,0.00013982202047977042,0.050000000000000044,0.15000000000000002,"{'I': 1, 'W': 0, 'R': 1, 'C': 'free'}",False,True,True,1.0,3
5446,1,0.001813532065682574,0.1762724458631334,0.009064391282018512,0.9931505095333893,1.0002341128146843,1.110201684786666,0.0011697423901624315,0.968250426767519,,0.050000000000000044,0.09999999999999998,1.6373770533058338e-07,3.4663274472363753e-07,1.3007123757285594e-05,0.050000000000000044,0.050000000000000044,"{'I': 1, 'W': 0, 'R': 1, 'C': 'free'}",False,True,True,1.0,3
5446,2,1.5249462464291743e-05,0.2294290770414338,7.98764394542197e-05,1.2103566017938567,1.0000011324856803,1.1010142422005051,6.794887149164097e-06,0.989142446732933,,0.09999999999999998,0.09999999999999998,9.42244589394146e-07,2.5612812605399824e-06,7.484626212574298e-05,0.050000000000000044,0.050000000000000044,"{'I': 1, 'W': 0, 'R': 1, 'C': 'free'}",False,True,True,1.0,3
5446,3,0.0001654348168925772,0.24759627990070965,0.0009850578159501982,1.066117647090387,1.0000160926147372,1.1995231367570893,9.655025023957986e-05,0.9997679385201045,,0.09999999999999998,0.09999999999999998,1.7603429863486254e-06,7.889264097666552e-06,5.1442211416730334e-05,0.050000000000000044,0.050000000000000044,"{'I': 1, 'W': 0, 'R': 1, 'C': 'free'}",False,True,True,1.0,3
5446,4,4.492172953605242e-05,0.4651440430774617,0.00015989088363025885,1.8351480909348812,1.0000035524239481,1.2945518167432182,1.776193044644714e-05,0.9999999934644673,,0.15000000000000002,0.15000000000000002,6.144177440382493e-06,5.422349332931924e-06,8.481123156565906e-05,0.050000000000000044,0.15000000000000002,"{'I': 1, 'W': 0, 'R': 1, 'C': 'free'}",False,True,True,1.0,3
5446,5,2.8879371384324592e-05,0.12616063461233332,0.00010104511815219124,1.086457195593826,1.0000022479402946,1.078592909316127,1.573544057176246e-05,0.9949884653582287,0.0,0.0,0.050000000000000044,4.539785241957833e-05,3.927863406619977e-07,6.144177521850661e-06,0.0,0.050000000000000044,"{'I': 0, 'W': 1, 'R': 0, 'C': 'costly'}",False,True,True,1.0,3
5472,1,0.3862993565108766,0.1766416200731626,1.4606220141189532,1.5224526484160958,1.2650759171818335,1.1403291762957632,0.8071658792710246,0.9996679866183249,,0.09999999999999998,0.09999999999999998,4.222834945138936e-06,9.422445920892774e-07,3.7266388375858772e-06,0.050000000000000044,0.050000000000000044,"{'I': 1, 'W': 0, 'R': 1, 'C': 'free'}",False,True,True,0.0,3
5472,2,0.0010388909113116156,0.23275289736615895,0.006907222778836907,1.5447308317293051,1.0001148983833892,1.136637782573011,0.0008039191652248201,0.9999923657234576,,0.09999999999999998,0.30000000000000004,4.785094440652278e-06,2.2603479608515863e-06,4.539785167325255e-05,0.15000000000000002,0.25,"{'I': 1, 'W': 0, 'R': 1, 'C': 'free'}",True,False,True,0.0,3
5472,3,0.00012515683930712024,0.27320398435888554,0.0007866496721769198,1.808979268493331,1.0000115970265206,1.168808693546932,8.11754200261694e-05,0.9999990649508386,,0.30000000000000004,0.7,2.14449582910707e-05,2.9024145836341465e-06,0.9978172757537642,0.15000000000000002,0.15000000000000002,"{'I': 1, 'W': 0, 'R': 1, 'C': 'free'}",False,True,True,0.0,3
5472,4,8.949726380643915e-05,0.18076019028130044,0.0004993901595241062,1.5728931102211938,1.0000081061098403,1.0914291039816075,5.674092907481665e-05,0.9994106410136231,,0.19999999999999996,0.25,1.4738988644627399e-05,2.260338984343094e-06,0.9626731099423895,0.050000000000000044,0.25,"{'I': 1, 'W': 0, 'R': 1, 'C': 'free'}",True,True,True,0.0,3
5472,5,3.952386522502463e-06,0.24587241436607724,1.4031480468715595e-05,1.384409471587401,1.0000002213886239,1.1607846314657306,1.5497189949087442e-06,0.9999988963071079,,0.19999999999999996,0.25,2.1444958506469094e-05,1.0130057826757573e-05,0.029312232724622272,0.15000000000000002,0.4,"{'I': 1, 'W': 0, 'R': 1, 'C': 'free'}",True,False,True,0.0,3
5472,6,0.00010009456064574334,0.19645121699254484,0.0006739290775812359,1.3495411630401786,1.0000083103967834,1.1513504842712345,5.817084377712778e-05,0.9999986693145908,,0.19999999999999996,0.19999999999999996,4.006369132050361e-05,1.892546175379568e-05,3.535625487593234e-05,0.15000000000000002,0.25,"{'I': 1, 'W': 0, 'R': 1, 'C': 'free'}",True,True,True,0.0,3
5472,7,2.3222667986620903e-06,0.25020267025730347,1.2474054345310949e-05,1.4887056855768486,1.0000001362391475,1.1666912233601894,9.536735134929586e-07,0.9999999630264051,,0.19999999999999996,0.15000000000000002,3.5356254607692316e-05,7.889264429690472e-06,0.010986941609494283,0.15000000000000002,0.25,"{'I': 1, 'W': 0, 'R': 1, 'C': 'free'}",True,True,True,0.0,3
5483,1,0.0036549029752183672,0.21031169067367017,0.040179607019515354,1.2951107423384074,1.0006107810885276,1.1214398804053312,0.006694035467493364,0.9897915419839342,,0.050000000000000044,0.09999999999999998,2.699578408207028e-07,8.315279233411195e-07,1.4738988925342664e-05,0.050000000000000044,0.050000000000000044,"{'I': 1, 'W': 0, 'R': 1, 'C': 'free'}",False,True,True,1.0,3
5483,2,0.013701507902567063,0.31591879208429147,0.10941071505036302,1.3562769387230285,1.0029119985979125,1.2593358443268639,0.022993657886572483,0.9999937964736685,,0.09999999999999998,0.050000000000000044,6.144177490747919e-06,1.6701428972626092e-05,4.539785163759451e-05,0.050000000000000044,0.050000000000000044,"{'I': 1, 'W': 0, 'R': 1, 'C': 'free'}",False,True,True,1.0,3
5483,3,0.00047148340245080616,0.24659787755121876,0.0037674817130232594,1.523927753361065,1.0000538575573779,1.1858292683413392,0.0004307560548534317,0.9999284254306204,,0.050000000000000044,0.050000000000000044,5.043476442187606e-07,1.5534971878539868e-06,1.7603429895155605e-06,0.0,0.050000000000000044,"{'I': 1, 'W': 0, 'R': 1, 'C': 'free'}",True,False,True,0.0,3
5483,4,0.001878462446378834,0.2659399580651454,0.009166310722886995,1.8346437662867658,1.0002360631686034,1.2025257271372611,0.0018865007968751346,0.9999773782520043,,0.050000000000000044,0.050000000000000044,2.9023119247072003e-06,2.9023118988341994e-06,2.5612815628649974e-06,0.0,0.050000000000000044,"{'I': 1, 'W': 0, 'R': 1, 'C': 'free'}",True,False,True,0.0,3
5483,5,0.00024555614969740217,0.18630745603326435,0.0024162987318837553,1.3817413880669027,1.0000252400211795,1.108624908165593,0.000302830569430923,0.9979444782137705,0.0,0.0,0.050000000000000044,0.0040701377570801535,3.05902336208652e-07,6.144177397297731e-06,0.0,0.0,"{'I': 0, 'W': 1, 'R': 0, 'C': 'costly'}",False,True,True,1.0,3
5486,1,0.06684610639904748,0.20094068991551195,0.368058952033418,1.0400471591201763,1.022328842305498,1.1366914400785593,0.1240963837493565,0.9887147972360588,,0.91,0.92,9.422445891098471e-07,2.26032509881917e-06,7.484626237797268e-05,0.050000000000000044,0.050000000000000044,"{'I': 1, 'W': 0, 'R': 1, 'C': 'free'}",False,True,True,1.0,3
5486,2,0.033588237595344475,0.2663518113556355,0.2685351683948351,1.133217478822675,1.0099117163364106,1.1262252715750354,0.07587075327885717,0.9824312494374393,0.0,0.91,0.92,6.4759456419283e-07,6.144177443538466e-06,3.1201903728145705e-05,0.050000000000000044,0.050000000000000044,"{'I': 1, 'W': 0, 'R': 1, 'C': 'free'}",False,True,True,1.0,3
5486,3,0.0624053728447666,0.17516601802607848,0.48872275450115915,1.0957209781815842,1.0259307871169265,1.0806512239223047,0.18519159900412085,0.9024036648349886,,0.92,0.92,1.1478768032359373e-05,3.726647247436932e-06,4.539785230119678e-05,0.050000000000000044,0.050000000000000044,"{'I': 1, 'W': 0, 'R': 1, 'C': 'free'}",False,True,True,1.0,3
5486,4,0.014402910210472101,0.4473954119621449,0.11217805413025675,1.6754301433251797,1.0027166258923044,1.3524075371744735,0.02146971311903756,0.9999997941678109,,0.98,0.94,1.3007123790976999e-05,4.785137256297929e-06,0.6791787006458103,0.65,0.4,"{'I': 1, 'W': 0, 'R': 1, 'C': 'free'}",True,False,True,0.0,3
5486,5,0.0011241986503819834,0.3230932655313759,0.006570206138821183,1.6059297976170057,1.0001368669208026,1.2315054574673376,0.0008208082847144249,0.9999962518276412,,0.9299999999999999,0.9299999999999999,7.889264449740086e-06,1.670162141892351e-05,0.9992903295639902,0.15000000000000002,0.4,"{'I': 1, 'W': 0, 'R': 1, 'C': 'free'}",True,True,True,0.0,3
5486,6,0.0780992552718259,0.3145884230400148,0.43345380911460946,1.680624857222577,1.0224054563514788,1.216500157239633,0.18079692652635682,0.999996428742559,0.05,0.97,0.9299999999999999,0.9968273143470578,0.9980732638392019,0.9994472213163498,0.75,0.4,"{'I': 1, 'W': 0, 'R': 1, 'C': 'free'}",False,True,True,0.0,3
5486,7,0.03033969436904614,0.45871234698243135,0.23298451240657184,1.931258467082982,1.005972194893536,1.3695613652153975,0.05217926074708168,0.9999999692377777,0.05,0.98,0.9299999999999999,0.22270013708904227,0.00020342732484029589,0.9990889480536598,0.15000000000000002,0.65,"{'I': 1, 'W': 0, 'R': 1, 'C': 'free'}",False,True,True,0.0,3
5503,1,0.005136142178956018,0.2700206564113613,0.04017961700818002,1.3910332694617,1.0008515076075826,1.134173841259229,0.0067860324279441775,0.9949480890156243,,0.050000000000000044,0.09999999999999998,6.825603716366303e-08,3.4663274449089543e-07,3.726638832689165e-06,0.050000000000000044,0.050000000000000044,"{'I': 1, 'W': 0, 'R': 1, 'C': 'free'}",False,True,True,1.0,3
5503,2,0.10471341236362795,0.2387992123973123,0.6275316933743419,1.363299223107174,1.066614324261197,1.1279385295145476,0.32086591288003374,0.9992707539667941,,0.15000000000000002,0.09999999999999998,6.144177489587808e-06,6.962257812228813e-06,1.6701429754203593e-05,0.050000000000000044,0.050000000000000044,"{'I': 1, 'W': 0, 'R': 1, 'C': 'free'}",False,True,True,1.0,3
5503,3,0.00013399204598566342,0.19352086124128035,0.0005017565330573817,1.3535503395358957,1.0000115290774436,1.0933589443618128,8.069982048397595e-05,0.9960489843511727,0.0,0.050000000000000044,0.050000000000000044,6.144177531415135e-06,8.315279282837776e-07,2.260325104807048e-06,0.0,0.050000000000000044,"{'I': 0, 'W': 1, 'R': 0, 'C': 'costly'}",False,True,True,0.3333333333333333,3
5504,1,0.015772093040685116,0.17405597712152981,0.10941061548314723,1.5744850675604896,1.003340154567126,1.0859359552629961,0.023071800560661937,0.9630315291475322,,0.050000000000000044,0.09999999999999998,3.0590233512822295e-07,5.043476475804591e-07,8.939699454643328e-06,0.050000000000000044,0.050000000000000044,"{'I': 1, 'W': 0, 'R': 1, 'C': 'free'}",False,True,True,1.0,3
5504,2,0.000406052694229123,0.3156181109865448,0.002416097873515974,1.1924659361942544,1.0000414960492574,1.1835225326638834,0.0003319064134361671,0.9998433896707981,0.05,0.15000000000000002,0.15000000000000002,1.2098659659810365e-06,1.3709578520685462e-06,1.892514563964577e-05,0.050000000000000044,0.050000000000000044,"{'I': 1, 'W': 0, 'R': 1, 'C': 'free'}",False,True,True,1.0,3
5504,3,0.11288546427499259,0.2763584849720761,0.7406729909876061,1.4631213761681798,1.1144247214994794,1.236241957751701,0.7554653469885853,0.999953103927737,0.05,0.15000000000000002,0.09999999999999998,5.422217016209138e-06,1.4738988594825975e-05,0.0001398220229899026,0.050000000000000044,0.050000000000000044,"{'I': 1, 'W': 0, 'R': 1, 'C': 'free'}",False,True,True,0.3333333333333333,3
5504,4,0.006958649202024712,0.41740879200361825,0.09009536096677953,1.7248329942273528,1.0013993389348157,1.344363221698192,0.0180144543590135,0.9999999364567939,0.05,0.15000000000000002,0.15000000000000002,2.561281281444274e-06,4.785094434804093e-06,4.53978512168527e-05,0.15000000000000002,0.050000000000000044,"{'I': 1, 'W': 0, 'R': 1, 'C': 'free'}",True,False,True,0.0,3
5504,5,0.0027467125009525504,0.4233368593381666,0.02040232528382888,2.055700554387299,1.000361891301579,1.2933125901896785,0.00433249755291365,0.999999908234558,,0.25,0.15000000000000002,1.8925145799632332e-05,1.3007123438596354e-05,2.1444958279854896e-05,0.25,0.15000000000000002,"{'I': 1, 'W': 0, 'R': 1, 'C': 'free'}",True,False,True,0.0,3
5504,6,0.002181753746257226,0.3866518304969912,0.015517125174357849,1.456187736292668,1.0002758153417441,1.3238537511872321,0.003303857950618827,0.9999999960822269,,0.25,0.15000000000000002,9.610239090106255e-05,8.93969930799944e-06,1.892514575214439e-05,0.15000000000000002,0.15000000000000002,"{'I': 1, 'W': 0, 'R': 1, 'C': 'free'}",False,True,True,0.0,3
5504,7,0.01020087879468529,0.41574479442835266,0.13234364619112066,1.8838455441591573,1.002292694980656,1.3327411390360144,0.02933213127969858,0.9999998966679629,0.05,0.30000000000000004,0.15000000000000002,1.6701429694729788e-05,6.14419769243778e-06,0.000123394616445289,0.15000000000000002,0.050000000000000044,"{'I': 1, 'W': 0, 'R': 1, 'C': 'free'}",True,True,True,0.0,3
553,1,0.02611624549818461,0.21990139160632569,0.22107877670019707,1.6465115733788107,1.0053234002902327,1.2345958154562977,0.04665986545901346,0.9999060474066999,,0.09999999999999998,0.92,3.46632744693568e-07,1.3709578537634083e-06,6.605216006729672e-05,0.050000000000000044,0.15000000000000002,"{'I': 1, 'W': 0, 'R': 1, 'C': 'free'}",False,True,True,1.0,3
553,2,0.011291258727159177,0.42740621907923715,0.09009485212468471,2.1456070403071053,1.002273486217974,1.2854913686513012,0.018003216477410655,0.9999999915105062,0.05,0.9299999999999999,0.92,8.315279276149039e-07,8.315279268739022e-07,1.3007123748356859e-05,0.15000000000000002,0.25,"{'I': 1, 'W': 0, 'R': 1, 'C': 'free'}",False,True,True,1.0,3
553,3,0.01446806615743444,0.3256505466375181,0.10941081557078741,1.7741782764393241,1.0028502141473994,1.1942722681966231,0.025290147935461138,0.9999999526650462,,0.94,0.4,8.48110405081174e-05,1.6701492013392632e-05,0.32082130691329597,0.65,0.35,"{'I': 1, 'W': 0, 'R': 1, 'C': 'free'}",True,True,True,0.0,3
553,4,0.048593703930591564,0.3373873756149035,0.3653339491307987,2.024031832208197,1.015209838873311,1.2092274547065118,0.12703338048222945,0.9999999336556279,,0.97,0.94,3.535625488444747e-05,6.144179661147982e-06,0.0007096703271456229,0.5,0.4,"{'I': 1, 'W': 0, 'R': 1, 'C': 'free'}",False,True,True,0.0,3
553,5,4.885740968991288e-05,0.36382634452336343,0.00039776202864084546,1.7415983197474392,1.0000042384917955,1.286613417644536,3.814561775550285e-05,0.9999999999147338,,0.5,0.9299999999999999,0.00033535005698618876,3.7266453984618872e-06,0.07585817312555684,0.25,0.4,"{'I': 1, 'W': 0, 'R': 1, 'C': 'free'}",True,True,True,0.0,3
553,6,0.0010618770100770225,0.3694583660496715,0.009064593912983263,1.6574142961870892,1.0001339505731692,1.2623346044044002,0.0012047481309086505,0.9999999998465119,,0.97,0.9299999999999999,0.14804719821318577,0.26894142161857143,0.00012339461908141821,0.75,0.25,"{'I': 1, 'W': 0, 'R': 1, 'C': 'free'}",True,False,True,0.0,3
553,7,0.011539794623093803,0.3391586040362294,0.09009481559303573,1.3647285276520118,1.0021857854612792,1.2493810176408775,0.01945878638716858,0.9999999998902448,,0.98,0.94,0.0009110514198117037,9.610245427225177e-05,0.002472622942827438,0.65,0.4,"{'I': 1, 'W': 0, 'R': 1, 'C': 'free'}",True,False,True,0.0,3
5532,1,0.017186426770964446,0.23990517715230525,0.1094106170321749,1.3117811530547556,1.00351912431432,1.1103687528004669,0.02429074049391522,0.9952007741922687,0.0,0.09999999999999998,0.09999999999999998,3.4663274307881395e-07,1.5534971925548282e-06,3.535625464506831e-05,0.050000000000000044,0.050000000000000044,"{'I': 1, 'W': 0, 'R': 1, 'C': 'free'}",False,True,True,1.0,3
5532,2,0.003890529807383836,0.2856227449484529,0.026464205744055187,1.3980089620962306,1.0005920344001855,1.163227264956275,0.004134444073977561,0.9990462607895234,0.0,0.15000000000000002,0.15000000000000002,1.760342991413011e-06,6.9622578081428086e-06,2.4300252171763246e-05,0.050000000000000044,0.050000000000000044,"{'I': 1, 'W': 0, 'R': 1, 'C': 'free'}",False,True,True,0.6666666666666666,3
5532,3,0.00042504952292564554,0.4686799594514475,0.0037674792971954417,1.6153271113060128,1.0000482706241538,1.4768663883035371,0.00043433078354748744,0.9999999999785462,0.05,0.15000000000000002,0.19999999999999996,8.31527927645502e-07,3.7266388312989556e-06,0.00020342704389670417,0.050000000000000044,0.15000000000000002,"{'I': 1, 'W': 0, 'R': 1, 'C': 'free'}",False,True,True,1.0,3
5532,4,0.00272242465153649,0.14584276200006913,0.02142083936432423,1.1631346212948677,1.000400826154229,1.0721086292098476,0.0032008331351939256,0.956423295983908,0.0,0.0,0.050000000000000044,2.902311983715786e-06,1.855391460486212e-07,2.561281281006307e-06,0.050000000000000044,0.050000000000000044,"{'I': 0, 'W': 1, 'R': 0, 'C': 'costly'}",False,True,True,0.3333333333333333,3
5540,1,0.012335580739786646,0.21693847652868745,0.07393387883687727,1.6454711753223508,1.0023642594335422,1.1832072593240628,0.014068908577922978,0.999390008649245,,0.09999999999999998,0.09999999999999998,3.059023354596055e-07,1.2098659680157877e-06,1.8925145832655064e-05,0.050000000000000044,0.050000000000000044,"{'I': 1, 'W': 0, 'R': 1, 'C': 'free'}",False,True,True,1.0,3
5540,2,0.00027626429136109613,0.27160356706981503,0.001932583983542609,1.5442321801287857,1.000029067501007,1.2202749625490183,0.00020344885136280855,0.9999999925359224,,0.09999999999999998,0.19999999999999996,1.5534971931174275e-06,1.9947299362012664e-06,8.481104064902325e-05,0.050000000000000044,0.25,"{'I': 1, 'W': 0, 'R': 1, 'C': 'free'}",False,True,True,1.0,3
5540,3,0.005151405055586996,0.21330912930461018,0.04017965029112508,1.4202455287460043,1.0008506578968512,1.1357457926656664,0.006779286589748135,0.9998811390225962,0.05,0.15000000000000002,0.09999999999999998,8.93969941324928e-06,3.7266388220320844e-06,0.00020342704078655174,0.050000000000000044,0.050000000000000044,"{'I': 1, 'W': 0, 'R': 1, 'C': 'free'}",False,True,True,1.0,3
5540,4,0.031822998159578265,0.17607392775430025,0.19086497905582528,1.598388683413169,1.0081316461698004,1.145611365654597,0.047430848753776234,0.9999263134801978,0.0,0.050000000000000044,0.050000000000000044,0.00015843623578147903,3.927863406887343e-07,1.3007123729722464e-05,0.050000000000000044,0.050000000000000044,"{'I': 0, 'W': 1, 'R': 0, 'C': 'costly'}",False,True,True,1.0,3
5545,1,0.005662652322489638,0.5504162493473763,0.011355962127564548,2.1491342320914804,1.0007229218415745,1.3907029754543885,0.003606783172311112,0.9999999964586296,,0.15000000000000002,0.15000000000000002,5.715002418023249e-07,8.315279279236351e-07,0.037326889424889674,0.050000000000000044,0.25,"{'I': 1, 'W': 0, 'R': 1, 'C': 'free'}",False,True,True,1.0,3
5545,2,0.00019136362360010946,0.30327447242284283,0.0009008557274491322,2.049642349046902,1.0000178212900193,1.1846447170616283,0.00010692107086673897,0.9999974455187122,,0.15000000000000002,0.25,2.9023119772813364e-06,1.3709578548482807e-06,5.82912723557101e-05,0.15000000000000002,0.25,"{'I': 1, 'W': 0, 'R': 1, 'C': 'free'}",False,True,True,0.3333333333333333,3
5545,3,0.2310441465427175,0.2936925695046294,0.8466746758929516,1.6012323170596576,1.5263054341922278,1.13731247043362,0.8792762415643842,0.9981723638302704,,0.8,0.7,0.9998601771079005,0.9997388087815736,0.9996200129527767,0.75,0.55,"{'I': 1, 'W': 0, 'R': 1, 'C': 'free'}",True,True,True,0.0,3
5545,4,0.13360368948013387,0.5585845893323925,0.6670308552598565,2.2917578954235616,1.0462385099138622,1.4160505841649276,0.20228732519235326,0.9999999999983562,,0.8,0.19999999999999996,0.9980732594942134,1.0130010243208088e-05,1.012998733967656e-05,0.65,0.25,"{'I': 1, 'W': 0, 'R': 1, 'C': 'free'}",False,True,True,0.0,3
5545,5,0.006374539235624664,0.49246198086632875,0.02728280045107351,1.5335727111998776,1.0008609239131585,1.4061525125271783,0.006860784857900426,0.9999999927853295,0.05,0.25,0.15000000000000002,3.535625487992186e-05,7.889326628760434e-06,0.0003353500542245424,0.15000000000000002,0.65,"{'I': 1, 'W': 0, 'R': 1, 'C': 'free'}",False,True,True,0.3333333333333333,3
5545,6,0.002325322550923729,0.6026351671375794,0.007297589389152042,2.1238391404459214,1.0002656642478538,1.4990429105555236,0.001592504409146711,0.9999999999999999,0.25,0.4,0.4,9.610240595859912e-05,3.7266439452184795e-06,0.6791786986966117,0.35,0.35,"{'I': 1, 'W': 0, 'R': 1, 'C': 'free'}",False,True,True,0.6666666666666666,3
5545,7,0.02386436875812051,0.30299672274322514,0.19086520589322195,1.324864470570065,1.0060923315631298,1.1769666698385812,0.04742914543237453,0.9999818531609395,0.05,0.30000000000000004,0.19999999999999996,2.430025198782895e-05,1.4738988674120998e-05,0.0009110510315060682,0.15000000000000002,0.35,"{'I': 1, 'W': 0, 'R': 1, 'C': 'free'}",True,True,True,0.0,3
5571,1,0.03190445476797452,0.22358640271405347,0.19086497546294617,1.3386427024166292,1.0081387365558245,1.1352196429059074,0.047471045389399835,0.9895978358885043,,0.09999999999999998,0.09999999999999998,1.5534971891226488e-06,2.561281281138121e-06,0.00013982202111147374,0.050000000000000044,0.050000000000000044,"{'I': 1, 'W': 0, 'R': 1, 'C': 'free'}",False,True,True,1.0,3
5571,2,0.10726253802993173,0.2683141083469386,0.6345109223940857,1.4395490306128145,1.0669287569667665,1.1697053980511292,0.3220659069607492,0.9994600814089969,,0.19999999999999996,0.19999999999999996,2.9023119780276533e-06,2.430025191100276e-05,0.0007096703730355529,0.050000000000000044,0.25,"{'I': 1, 'W': 0, 'R': 1, 'C': 'free'}",False,True,True,1.0,3
5571,3,1.1586175540494637e-05,0.4073017609488496,4.320869270086735e-05,1.8373796928146753,1.0000007549915948,1.374562399822065,4.529937598363176e-06,0.9999999972847896,,0.09999999999999998,0.15000000000000002,2.90231196564088e-06,1.6701530697310165e-05,9.610245392040807e-05,0.0,0.25,"{'I': 1, 'W': 0, 'R': 1, 'C': 'free'}",True,False,True,0.0,3
5571,4,2.828881931138364e-05,0.3630771994034692,0.00010059962471452501,1.9988537264517963,1.000002066290361,1.2217593769432022,1.2397652505380385e-05,0.9999987838876506,,0.09999999999999998,0.15000000000000002,5.422217011780039e-06,1.670156107922473e-05,0.0001584362977480756,0.050000000000000044,0.25,"{'I': 1, 'W': 0, 'R': 1, 'C': 'free'}",True,False,True,0.0,3
5571,5,0.04452782893460337,0.4346041265819596,0.21434703920751713,1.9330031805242223,1.0106082777928747,1.2921275271465726,0.05139426903002464,0.9999994153461766,0.0,0.15000000000000002,0.15000000000000002,0.9999646381431407,0.03732688948126836,3.535625487577802e-05,0.15000000000000002,0.25,"{'I': 0, 'W': 1, 'R': 0, 'C': 'costly'}",False,True,True,1.0,3
5573,1,0.28903293543531533,0.13971281159863366,1.016674350322483,1.0921649743327462,1.1398868305246848,1.0994825466854474,0.5441419975301074,0.970075187996185,,0.050000000000000044,0.09999999999999998,6.475945655341716e-07,6.475945656259503e-07,6.962257886494141e-06,0.050000000000000044,0.050000000000000044,"{'I': 1, 'W': 0, 'R': 1, 'C': 'free'}",False,True,True,1.0,3
5573,2,0.006924041959083167,0.16030786719790813,0.04937723334227628,1.4249902775744219,1.001168003428909,1.074955709208545,0.00929510567777836,0.9444892398133522,0.0,0.0,0.050000000000000044,1.370957860261401e-06,2.3823696673894728e-07,4.222834928840797e-06,0.0,0.0,"{'I': 0, 'W': 1, 'R': 0, 'C': 'costly'}",False,True,True,1.0,3
5615,1,0.015023627789611164,0.22301468315363143,0.09009478546234749,1.2506976998511008,1.0030300715838467,1.132054750132165,0.0179891688613405,0.9920718806961362,,0.09999999999999998,0.15000000000000002,1.4449802085798704e-07,1.0677029951559099e-06,2.7535687709338437e-05,0.050000000000000044,0.050000000000000044,"{'I': 1, 'W': 0, 'R': 1, 'C': 'free'}",False,True,True,1.0,3
5615,2,0.016158106073755694,0.3045533745891865,0.08413305983782438,1.1608536257555948,1.0028790267461394,1.1979802411071916,0.025542148688674438,0.9999662425478474,,0.15000000000000002,0.09999999999999998,3.7266388117024464e-06,5.422217578382947e-06,6.605215998822067e-05,0.050000000000000044,0.050000000000000044,"{'I': 1, 'W': 0, 'R': 1, 'C': 'free'}",False,True,True,1.0,3
5615,3,0.07278059878174717,0.6003501734363885,0.4193290926621728,1.8316822262035108,1.0258100567702784,1.5564388915880951,0.16337404686060286,0.999999999999866,0.05,0.15000000000000002,0.15000000000000002,1.4738988852238826e-05,5.144267139697297e-05,4.539785121076547e-05,0.15000000000000002,0.15000000000000002,"{'I': 1, 'W': 0, 'R': 1, 'C': 'free'}",False,True,True,0.3333333333333333,3
5615,4,8.581136715338346e-05,0.2443746299456935,0.0005118589463404169,1.354824294233387,1.000007728587209,1.147613751866706,4.637026892817531e-05,0.9976612312915916,,0.09999999999999998,0.09999999999999998,2.260325080100643e-06,1.1478767901330003e-05,5.829127146067092e-05,0.050000000000000044,0.050000000000000044,"{'I': 1, 'W': 0, 'R': 1, 'C': 'free'}",False,True,True,0.0,3
5615,5,2.1428548331082216e-05,0.3270192662291604,0.00012662508915562028,1.3720529064482703,1.0000017086594535,1.2473937934605221,1.0251895411483858e-05,0.9999934565506887,,0.09999999999999998,0.09999999999999998,6.144177408310643e-06,1.6701428925160684e-05,4.006369132900045e-05,0.050000000000000044,0.050000000000000044,"{'I': 1, 'W': 0, 'R': 1, 'C': 'free'}",True,False,True,0.0,3
5615,6,0.00023093062087898368,0.3471864078807795,0.0008884013893479545,1.8176752853649794,1.0000216444016226,1.254061119209519,0.00015149769476607844,0.9999999972057013,0.05,0.30000000000000004,0.19999999999999996,0.00020342704001142928,0.22270013221431884,0.0007096703795614206,0.15000000000000002,0.25,"{'I': 1, 'W': 0, 'R': 1, 'C': 'free'}",False,True,True,1.0,3
5615,7,0.0013606541633345473,0.3654382295084766,0.009075083358495377,1.765828276258032,1.0001728214348289,1.2187654424159484,0.0012089141942445147,0.9999995615598981,0.05,0.15000000000000002,0.15000000000000002,5.422217583244289e-06,8.939699258980089e-06,4.5397851127907674e-05,0.050000000000000044,0.050000000000000044,"{'I': 1, 'W': 0, 'R': 1, 'C': 'free'}",True,True,True,0.0,3
562,1,0.0026834517654383645,0.18674704555476596,0.02142065552084217,1.2321403758346778,1.0003976957078369,1.1377108503551656,0.0031758793749470104,0.9934723644197607,,0.050000000000000044,0.09999999999999998,2.1024339061669957e-07,2.6995784154580163e-07,1.4738988911033764e-05,0.050000000000000044,0.050000000000000044,"{'I': 1, 'W': 0, 'R': 1, 'C': 'free'}",False,True,True,1.0,3
562,2,0.0003109309579080559,0.1531205863855076,0.0015447658507340702,1.0810775443462046,1.0000318030353736,1.1420018862350951,0.0001590000064981556,0.9982939467558989,0.0,0.050000000000000044,0.050000000000000044,3.7266388391907823e-06,1.1253517544228149e-07,1.3709578586162225e-06,0.0,0.050000000000000044,"{'I': 0, 'W': 1, 'R': 0, 'C': 'costly'}",False,True,True,1.0,3
5630,1,0.08468928430754175,0.2024792021871553,0.3721720022667422,1.2222082509127303,1.0244774547653028,1.1266339376381804,0.17589840267825518,0.9981990152160282,,0.050000000000000044,0.09999999999999998,3.9278633980471335e-07,8.315279250654766e-07,8.939699468456676e-06,0.050000000000000044,0.050000000000000044,"{'I': 1, 'W': 0, 'R': 1, 'C': 'free'}",False,True,True,1.0,3
5630,2,0.003934809541476474,0.3351651936218039,0.026704677758899866,1.43495954522021,1.0005747774245703,1.1851935326735705,0.004586348860078027,0.9999931648052659,,0.09999999999999998,0.15000000000000002,1.8925145556716466e-05,1.3007272933523451e-05,2.144495852824889e-05,0.050000000000000044,0.25,"{'I': 1, 'W': 0, 'R': 1, 'C': 'free'}",True,False,True,0.0,3
5630,3,0.03602137944013786,0.5991200823044215,0.32738525930327417,1.9002749113134043,1.0107810615443216,1.4815897679091878,0.10168420034457015,0.9999999999963589,0.05,0.19999999999999996,0.19999999999999996,8.315279274546609e-07,1.0677029963797672e-06,1.6701429755280212e-05,0.15000000000000002,0.25,"{'I': 1, 'W': 0, 'R': 1, 'C': 'free'}",False,True,True,1.0,3
5630,4,0.06577320618735936,0.31636841985179476,0.5425591938520223,1.4118496319989433,1.0281236226753738,1.2629901830675423,0.24221392280938536,0.9999999951560231,0.05,0.15000000000000002,0.25,5.715002420762866e-07,6.475945661646528e-07,9.610239138762532e-05,0.050000000000000044,0.4,"{'I': 1, 'W': 0, 'R': 1, 'C': 'free'}",False,True,True,1.0,3
5630,5,0.007547426046335003,0.4591682296577279,0.06048903514731627,1.6158138823824904,1.0013227771467854,1.3637938719397606,0.011826636433694304,0.9999999987218451,0.05,0.09999999999999998,0.09999999999999998,0.9995121422292926,1.7603430003087594e-06,2.7535687552865387e-05,0.050000000000000044,0.050000000000000044,"{'I': 1, 'W': 0, 'R': 1, 'C': 'free'}",False,True,True,1.0,3
5630,6,0.009607666164553354,0.2353250853272796,0.053327810252705395,1.1208160071189508,1.001541162827733,1.145093209047273,0.010721940978954847,0.9998692310552137,0.05,0.09999999999999998,0.09999999999999998,4.0063691831567416e-05,1.1478797430107865e-05,0.00010889693237096708,0.050000000000000044,0.050000000000000044,"{'I': 1, 'W': 0, 'R': 1, 'C': 'free'}",False,True,True,0.6666666666666666,3
5630,7,1.0267297635628758e-05,0.2388538980529425,5.1869502452070775e-05,1.796089219541352,1.0000006755185302,1.165670795847123,4.0531015983447105e-06,0.9999812453068135,,0.050000000000000044,0.09999999999999998,1.1478768020029988e-05,1.6701646862203133e-05,5.1442213259413445e-05,0.050000000000000044,0.050000000000000044,"{'I': 1, 'W': 0, 'R': 1, 'C': 'free'}",False,True,True,0.0,3
564,1,0.017717748891548892,0.1754088011552789,0.10941062259715342,1.3003925759434531,1.0036107502500753,1.1309119273261226,0.02491412016899086,0.9988480944901158,0.0,0.050000000000000044,0.09999999999999998,4.450852619514381e-07,8.315279267928569e-07,2.430025209845616e-05,0.050000000000000044,0.050000000000000044,"{'I': 1, 'W': 0, 'R': 1, 'C': 'free'}",False,True,True,1.0,3
564,2,0.006179137938723282,0.3394274924533785,0.06109175655563751,1.6904874853762977,1.000940952374788,1.2424081277860666,0.01122267015608236,0.9999999921788325,0.05,0.25,0.25,2.144495849124261e-05,1.6701786803060372e-05,0.03732688988910018,0.65,0.5,"{'I': 1, 'W': 0, 'R': 1, 'C': 'free'}",False,True,True,0.6666666666666666,3
564,3,0.1838641517054141,0.49505318635806295,0.724031401778379,2.0939425588346157,1.0940631583459128,1.2977533563598778,0.554735105420038,0.9999999998905817,0.2,0.25,0.19999999999999996,2.9023119754723903e-06,1.760342999127381e-06,3.5356254570456815e-05,0.25,0.35,"{'I': 1, 'W': 0, 'R': 1, 'C': 'free'}",False,True,True,0.6666666666666666,3
564,4,0.08274588122611487,0.48849773071480307,0.7107007676881979,2.257888717884984,1.0671529984538266,1.326068021931223,0.44286582508496597,0.999999999999992,0.15,0.4,0.25,0.00026119030997546854,4.785094476442339e-06,1.6701429753953935e-05,0.4,0.35,"{'I': 1, 'W': 0, 'R': 1, 'C': 'free'}",False,True,True,0.6666666666666666,3
564,5,0.27573279084831326,0.49696909661169436,1.4199231198428868,2.2883740072848258,1.2591918919938319,1.3270786109332708,0.9002114265256606,0.9999999999993189,0.15,0.4,0.25,1.3007123806442575e-05,2.2603250997563423e-06,2.2603251055157432e-06,0.4,0.35,"{'I': 1, 'W': 0, 'R': 1, 'C': 'free'}",False,True,True,0.6666666666666666,3
564,6,0.13822321320087003,0.5017789597277192,1.1030886291865287,2.6284725470141472,1.1053478425760819,1.4262184525464845,0.5512460786186957,0.9999999999999968,0.15,0.7,0.7,1.6701429797929494e-05,2.902315490278412e-06,1.670142979491071e-05,0.75,0.65,"{'I': 1, 'W': 0, 'R': 1, 'C': 'free'}",False,True,True,0.3333333333333333,3
564,7,0.010622742560750952,0.4980806308682411,0.054298567732297714,2.205603802703011,1.001555881827242,1.4189110140976686,0.00928466501394487,1.0,,0.25,0.25,0.0004305570925919932,1.3709578596199017e-06,1.7603430031795851e-06,0.4,0.35,"{'I': 1, 'W': 0, 'R': 1, 'C': 'free'}",False,True,True,0.3333333333333333,3
565,1,0.010083558397038502,0.23797715722144663,0.06048898949029621,1.1697837640617303,1.0018431061887936,1.0968433152544894,0.010987648457140176,0.9430468664168314,,0.050000000000000044,0.09999999999999998,1.7603429882234043e-06,1.994729950301444e-06,1.6701429759529465e-05,0.050000000000000044,0.050000000000000044,"{'I': 1, 'W': 0, 'R': 1, 'C': 'free'}",False,True,True,1.0,3
565,2,0.015071240699286137,0.17733416064219765,0.09009477948264161,1.0537446938478319,1.0030343561397537,1.0644277373804791,0.018014337104183653,0.8726010178665481,0.0,0.09999999999999998,0.15000000000000002,1.2098659617491752e-06,6.962257463658201e-06,3.120190337827445e-05,0.0,0.25,"{'I': 1, 'W': 0, 'R': 1, 'C': 'free'}",False,True,True,1.0,3
565,3,0.06969094329405243,0.24609142567360537,0.6875232886685443,1.86724268728303,1.0444241722445589,1.1453112512799524,0.7285483027041637,0.9998059928260414,0.0,0.0,0.050000000000000044,0.99986017761827,8.315279280298565e-07,3.7266388305715317e-06,0.0,0.050000000000000044,"{'I': 0, 'W': 1, 'R': 0, 'C': 'costly'}",False,True,True,0.0,3
5660,1,0.04428329876988454,0.22140957348091225,0.19086499164217846,1.2104676244699073,1.0105293248551261,1.1170241496948279,0.06091160376054916,0.9496138921493064,0.0,0.09999999999999998,0.09999999999999998,1.0677029912913608e-06,1.994729950084163e-06,3.535625443997723e-05,0.050000000000000044,0.050000000000000044,"{'I': 1, 'W': 0, 'R': 1, 'C': 'free'}",False,True,True,1.0,3
5660,2,0.039631364262898705,0.17115288169701864,0.1908650002139903,0.6729753202683001,1.0099489619915807,1.1313996801226822,0.0482938753814568,0.9721301582261372,0.0,0.09999999999999998,0.09999999999999998,3.466327443510812e-07,1.0677029938734681e-06,0.00010889693430330482,0.0,0.050000000000000044,"{'I': 1, 'W': 0, 'R': 1, 'C': 'free'}",False,True,True,1.0,3
5660,3,0.0012481041481432272,0.43817804634009405,0.004222041468452589,1.5036510243215007,1.0001394542777051,1.3164498223807608,0.0005576226900922965,0.9999957654619582,,0.09999999999999998,0.09999999999999998,1.3709578519138888e-06,6.144177454345071e-06,7.484625876231318e-05,0.050000000000000044,0.050000000000000044,"{'I': 1, 'W': 0, 'R': 1, 'C': 'free'}",True,False,True,0.0,3
5660,4,0.0005974443225530978,0.42049743805517004,0.0022171442971945093,1.4714723311788696,1.00006213286442,1.347507004028992,0.00024849285754802164,0.9999999961938757,,0.30000000000000004,0.25,1.6701429375948908e-05,0.0001233958666688411,0.0007096703727045037,0.5,0.4,"{'I': 1, 'W': 0, 'R': 1, 'C': 'free'}",True,False,True,0.0,3
5660,5,3.22899992650216e-05,0.48265128483371755,0.00015934193550697166,2.2202473419569655,1.0000026225908911,1.3427660833942172,1.3112851286245508e-05,0.9999996019094656,,0.09999999999999998,0.19999999999999996,2.753568658548275e-05,5.144242988233885e-05,0.00012339461780827896,0.050000000000000044,0.15000000000000002,"{'I': 1, 'W': 0, 'R': 1, 'C': 'free'}",True,True,True,0.0,3
5660,6,0.059947414404578805,0.4010879416520263,0.4193067983257715,1.224568962893466,1.0231569740408673,1.2998020800559302,0.1480695952525377,0.9999924919914802,0.0,0.09999999999999998,0.19999999999999996,7.889264412551399e-06,1.0129987328999508e-05,0.0001233946185376099,0.050000000000000044,0.050000000000000044,"{'I': 1, 'W': 0, 'R': 1, 'C': 'free'}",False,True,True,1.0,3
5660,7,0.00022635199888733059,0.4687178300804952,0.001548080212249146,1.7168886096803149,1.0000229888308907,1.3393090638605407,0.00016090701963755727,0.9999997475368562,0.0,0.09999999999999998,0.15000000000000002,7.33820804652294e-07,1.3709578594902966e-06,4.5397852330515505e-05,0.050000000000000044,0.15000000000000002,"{'I': 1, 'W': 0, 'R': 1, 'C': 'free'}",True,False,True,0.0,3
5671,1,0.25990782031717585,0.3155395575801062,1.2270662854002539,1.324209017683908,1.234968091733888,1.217043619684948,0.8503425402341117,0.9994267203430979,0.0,0.09999999999999998,0.09999999999999998,7.889264464729638e-06,6.144177527054416e-06,2.430025212501509e-05,0.050000000000000044,0.050000000000000044,"{'I': 1, 'W': 0, 'R': 1, 'C': 'free'}",False,True,True,0.3333333333333333,3
5671,2,0.0011910247003342526,0.4257366090394592,0.00906613628938178,1.9717449433912893,1.0001512768179985,1.2525928116717013,0.001209391110921998,0.9999983048231557,0.0,0.09999999999999998,0.15000000000000002,0.00017952801907339532,4.785132159540152e-06,4.006369177006205e-05,0.050000000000000044,0.050000000000000044,"{'I': 1, 'W': 0, 'R': 1, 'C': 'free'}",False,True,True,0.6666666666666666,3
5671,3,0.11269663079867442,0.3282561033819546,0.54100580445444,1.4456062968296155,1.0526860684735386,1.2236429838366187,0.2264193054462268,0.9998298441628779,0.0,0.15000000000000002,0.09999999999999998,3.535625480641418e-05,6.144200387036199e-06,0.49999997836541465,0.050000000000000044,0.050000000000000044,"{'I': 1, 'W': 0, 'R': 1, 'C': 'free'}",False,True,True,0.6666666666666666,3
5671,4,0.008739687376320247,0.2794149453379131,0.03942414778158093,1.4415372422736579,1.0012929911906094,1.1646782751349736,0.01028400226028292,0.9992267513089813,0.0,0.050000000000000044,0.050000000000000044,1.0129987343386924e-05,1.855391460307807e-07,1.670142946807463e-05,0.050000000000000044,0.050000000000000044,"{'I': 0, 'W': 1, 'R': 0, 'C': 'costly'}",False,True,True,0.3333333333333333,3
5679,1,0.006540744082730206,0.21159765121904678,0.03263945811090778,1.1782056591930488,1.0010482534015934,1.1083505949234158,0.0052248247107167245,0.949375307663479,,0.050000000000000044,0.09999999999999998,3.927863385684529e-07,3.9278634020992263e-07,4.785094469276054e-06,0.050000000000000044,0.050000000000000044,"{'I': 1, 'W': 0, 'R': 1, 'C': 'free'}",False,True,True,1.0,3
5679,2,0.005779745161800571,0.15231016279098622,0.05140623257232461,0.8024181988512021,1.0009869066181338,1.0481978456242527,0.008838488387811871,0.7563860703280951,,0.09999999999999998,0.09999999999999998,8.31527926617242e-07,6.144193209580871e-06,0.0011695102873250207,0.050000000000000044,0.050000000000000044,"{'I': 1, 'W': 0, 'R': 1, 'C': 'free'}",False,True,True,1.0,3
5679,3,1.2133665379751758e-05,0.16105097841064064,5.651548441442412e-05,1.2120377589204432,1.0000008477096185,1.0938180195760987,7.62935422937705e-06,0.983836827382297,,0.09999999999999998,0.09999999999999998,5.715002401215826e-07,4.785094420255337e-06,6.605215963296379e-05,0.050000000000000044,0.050000000000000044,"{'I': 1, 'W': 0, 'R': 1, 'C': 'free'}",True,False,True,0.0,3
5679,4,3.217129680340499e-05,0.1941721486754824,0.00015933735640848672,1.1868008937627401,1.0000026225908911,1.0794259646645714,1.3112851286245508e-05,0.9133380481853495,0.0,0.050000000000000044,0.050000000000000044,1.370957860292029e-06,1.1253517545817804e-07,3.2887506218454737e-06,0.050000000000000044,0.050000000000000044,"{'I': 0, 'W': 1, 'R': 0, 'C': 'costly'}",False,True,True,1.0,3
5686,1,0.0008824390442024927,0.22275708966474703,0.004698771928323592,1.1078674618577617,1.0001005324437235,1.1399819678072258,0.0006029824770106273,0.9827748677035033,,0.09999999999999998,0.09999999999999998,1.5534971855733122e-06,2.5612812723794057e-06,1.892514585451639e-05,0.050000000000000044,0.050000000000000044,"{'I': 1, 'W': 0, 'R': 1, 'C': 'free'}",False,True,True,1.0,3
5686,2,9.324876988927966e-05,0.29762545390514944,0.0004993928605702021,1.507453734071931,1.0000082451702283,1.1968004215014558,4.946959376228577e-05,0.9987022355852837,,0.25,0.7,4.2228349076551784e-06,1.4739091332606124e-05,0.0001398222974503195,0.15000000000000002,0.25,"{'I': 1, 'W': 0, 'R': 1, 'C': 'free'}",True,False,True,0.0,3
5686,3,0.0003109425681291087,0.2800074977691549,0.0007209473825443488,1.4148085778586688,1.0000281329946388,1.1996101255170943,0.00011252406434669737,0.9999970678147744,,0.25,0.7,2.4300251617578486e-05,1.3007273759377617e-05,0.9859363656630115,0.5,0.15000000000000002,"{'I': 1, 'W': 0, 'R': 1, 'C': 'free'}",False,True,True,1.0,3
5686,4,0.0001341073376476891,0.27641026528611556,0.0004993845455252517,1.4631255850868021,1.0000120101488943,1.2418725786183082,4.8039153175305493e-05,0.9999971851531084,,0.09999999999999998,0.09999999999999998,1.067702993462599e-06,4.222834920963033e-06,2.1444958572617926e-05,0.050000000000000044,0.15000000000000002,"{'I': 1, 'W': 0, 'R': 1, 'C': 'free'}",True,False,True,0.0,3
5686,5,0.00015837441396145338,0.2682103827992324,0.0006266333878178848,1.5865503146179527,1.0000146624253587,1.1669458205761059,5.864755163109692e-05,0.9999488605970533,,0.09999999999999998,0.09999999999999998,6.962257609317402e-06,8.939699166185224e-06,5.1442212739715194e-05,0.050000000000000044,0.15000000000000002,"{'I': 1, 'W': 0, 'R': 1, 'C': 'free'}",True,False,True,0.0,3
5686,6,4.32162308696321e-05,0.42097663911113037,0.00010771622401877934,2.143203429444784,1.00000321864497,1.426620774708463,1.2874476284174818e-05,0.9999999999999937,,0.9,0.7,0.00020342721391081728,4.5397868146142545e-05,0.09534946239990928,0.75,0.65,"{'I': 1, 'W': 0, 'R': 1, 'C': 'free'}",True,False,True,0.0,3
5686,7,6.553426799456645e-05,0.4765534240040939,0.00025212106452182696,2.116417280511187,1.0000053882265192,1.3578711962804781,2.6940697106847544e-05,0.9999999999999619,,0.25,0.4,1.670142977167989e-05,4.7850944791674e-06,0.14804719849600106,0.15000000000000002,0.75,"{'I': 1, 'W': 0, 'R': 1, 'C': 'free'}",False,True,True,1.0,3
5699,1,0.0010655002544398087,0.28953383149901213,0.007288827046700274,1.5645139454809354,1.0001318799577739,1.217312958513675,0.0009226729119726773,0.9999908532347287,,0.050000000000000044,0.09999999999999998,3.05902334818746e-07,9.422445883670965e-07,3.5356254142452103e-05,0.050000000000000044,0.050000000000000044,"{'I': 1, 'W': 0, 'R': 1, 'C': 'free'}",False,True,True,1.0,3
5699,2,0.10068841884663617,0.14599553879220245,0.6917272687490069,0.7620068329905394,1.0423816969305841,1.0532957703014783,0.2521533359613394,0.8927652925384632,0.0,0.09999999999999998,0.15000000000000002,1.067702994712459e-06,6.962257772831766e-06,5.829127030917891e-05,0.050000000000000044,0.050000000000000044,"{'I': 1, 'W': 0, 'R': 1, 'C': 'free'}",False,True,True,1.0,3
5699,3,0.015068733434233891,0.19652495255631208,0.19325620131235138,2.0742649863561717,1.003783934574038,1.0901778841961836,0.04791247989051528,0.9905563005958142,0.0,0.0,0.050000000000000044,2.144495860649123e-05,1.7603430021672962e-06,3.7266388310528976e-06,0.0,0.050000000000000044,"{'I': 0, 'W': 1, 'R': 0, 'C': 'costly'}",False,True,True,0.0,3
5704,1,0.1236046244736375,0.15393975201765056,0.5822031112106785,1.0851202508066804,1.0602994214417412,1.1786122889943949,0.29623307336828664,0.9995578550756945,0.0,0.050000000000000044,0.09999999999999998,2.3823696590709616e-07,2.6995784149888024e-07,1.0129987259857649e-05,0.050000000000000044,0.050000000000000044,"{'I': 1, 'W': 0, 'R': 1, 'C': 'free'}",False,True,True,1.0,3
5704,2,0.004108998898555986,0.45299720471978505,0.032639683342636325,2.660337566652905,1.0006565803985277,1.3908284700905889,0.005237157571524209,0.9999990394721233,0.0,0.09999999999999998,0.15000000000000002,3.466327446575701e-07,9.422445903894179e-07,3.5356254330268195e-05,0.050000000000000044,0.050000000000000044,"{'I': 1, 'W': 0, 'R': 1, 'C': 'free'}",False,True,True,1.0,3
5704,3,7.068952873776025e-05,0.2575053905722302,0.00032828512333014454,1.7927459756674253,1.000005364376368,1.1503406195675552,3.2185653909611034e-05,0.9999970839661623,,0.15000000000000002,0.15000000000000002,1.3709578577089316e-06,4.222834918702579e-06,0.0009110511714028358,0.050000000000000044,0.25,"{'I': 1, 'W': 0, 'R': 1, 'C': 'free'}",False,True,True,1.0,3
5704,4,0.009540728796587543,0.33039122519115216,0.07578681087961019,1.1428389643509926,1.0015469516409818,1.1838505078798207,0.012289905341018703,0.9875754257675886,0.0,0.09999999999999998,0.09999999999999998,6.9622578223554615e-06,1.3007369511409566e-05,4.539785226826064e-05,0.050000000000000044,0.050000000000000044,"{'I': 1, 'W': 0, 'R': 1, 'C': 'free'}",False,True,True,1.0,3
5704,5,0.06630023301945691,0.3349660457093097,0.5303043186752788,2.141530003959749,1.0319931604420889,1.2192611320371443,0.22270576266672537,0.9999999605832088,0.05,0.25,0.25,6.962257881130224e-06,4.785094468147766e-06,0.939913341282231,0.25,0.35,"{'I': 1, 'W': 0, 'R': 1, 'C': 'free'}",False,True,True,1.0,3
5704,6,0.00011315212540094828,0.28628801909163315,0.0008812103320437197,1.4848973965417471,1.000010817851208,1.1699226742327973,8.653859688279031e-05,0.9999974230082058,0.05,0.30000000000000004,0.19999999999999996,1.0129987267972592e-05,1.0129987212957838e-05,0.00020342704637820504,0.15000000000000002,0.15000000000000002,"{'I': 1, 'W': 0, 'R': 1, 'C': 'free'}",False,True,True,0.0,3
5704,7,8.797815556185013e-06,0.3382252052935159,5.0320296974698453e-05,1.8510953832863795,1.0000006130755426,1.283119511655919,4.291518273191741e-06,0.9999999964094127,,0.19999999999999996,0.25,8.939699411104269e-06,1.1478768028300094e-05,0.000261190309388651,0.15000000000000002,0.25,"{'I': 1, 'W': 0, 'R': 1, 'C': 'free'}",True,False,True,0.0,3
5711,1,0.00012715730115386614,0.20431086737848034,0.0008115581298438376,1.1224289928901012,1.0000116225921227,1.1090857391231548,9.297587412326891e-05,0.9930549690004988,,0.050000000000000044,0.09999999999999998,5.043476457202217e-07,9.422445899054193e-07,2.7535687658671833e-05,0.050000000000000044,0.050000000000000044,"{'I': 1, 'W': 0, 'R': 1, 'C': 'free'}",False,True,True,1.0,3
5711,2,0.083182548275478,0.4788722205656321,0.5822031190171233,2.0105617274152006,1.0457689242389572,1.443809700084425,0.26894529965417213,0.9999998002062587,0.0,0.15000000000000002,0.15000000000000002,1.3709578571104512e-06,9.4224459086823e-07,5.1442213161219815e-05,0.050000000000000044,0.15000000000000002,"{'I': 1, 'W': 0, 'R': 1, 'C': 'free'}",False,True,True,1.0,3
5711,3,0.0056262924671627934,0.27709120458050285,0.03229281950322059,1.9474015155095177,1.0007373354891582,1.1548888387960412,0.00441261840996654,0.9999984732677889,,0.15000000000000002,0.09999999999999998,1.4738988958826915e-05,1.8925145215057395e-05,5.1442211485755726e-05,0.050000000000000044,0.050000000000000044,"{'I': 1, 'W': 0, 'R': 1, 'C': 'free'}",False,True,True,0.6666666666666666,3
5711,4,0.002792204133304167,0.22205222722591028,0.021421787898366507,1.757727487764079,1.0004065502820283,1.1166549169273843,0.0032464601179825747,0.9996039479761911,0.05,0.09999999999999998,0.050000000000000044,3.726638819984366e-06,4.785094445000127e-06,0.00037998452746486935,0.050000000000000044,0.050000000000000044,"{'I': 1, 'W': 0, 'R': 1, 'C': 'free'}",False,True,True,0.6666666666666666,3
5711,5,0.04566697720889789,0.31792444687892896,0.3653340820446695,1.2287002554497017,1.0159925391705082,1.2160156449857307,0.11920295311666573,0.9999979626008908,0.0,0.09999999999999998,0.09999999999999998,5.715002411489204e-07,1.2098659681420515e-06,1.3709578597322439e-06,0.050000000000000044,0.050000000000000044,"{'I': 1, 'W': 0, 'R': 1, 'C': 'free'}",True,False,True,0.0,3
5711,6,0.010570574824383524,0.23865644584251416,0.07393396666332461,1.1922986253186107,1.0020259955217614,1.1267820785791387,0.01406773325554167,0.9985913477325833,0.0,0.09999999999999998,0.09999999999999998,1.1478767833636017e-05,1.300712349442303e-05,4.006369200431773e-05,0.050000000000000044,0.050000000000000044,"{'I': 1, 'W': 0, 'R': 1, 'C': 'free'}",True,True,True,0.0,3
5711,7,0.007534988310774944,0.2521890424414773,0.05781189385903595,0.8694124640968344,1.0011864181267869,1.2030073478529892,0.00944087159389162,0.9999734106303733,0.0,0.09999999999999998,0.09999999999999998,2.2603251046852837e-06,2.260325102857491e-06,1.7603430032624097e-06,0.050000000000000044,0.050000000000000044,"{'I': 1, 'W': 0, 'R': 1, 'C': 'free'}",False,True,True,0.3333333333333333,3
5717,1,0.02730525697851751,0.21481104724117386,0.1908649741953249,1.6172418156114494,1.0069681415248928,1.1158125775694003,0.047445383568678,0.9942028954676405,,0.050000000000000044,0.09999999999999998,3.4663274408851476e-07,5.715002410725513e-07,8.939699441779431e-06,0.050000000000000044,0.050000000000000044,"{'I': 1, 'W': 0, 'R': 1, 'C': 'free'}",False,True,True,1.0,3
5717,2,2.3794381704670692e-05,0.21181666144850492,0.00010223804296403392,1.6492933240964627,1.0000018278704519,1.1269802007346452,1.6450683718360892e-05,0.9997050879381894,0.0,0.0,0.050000000000000044,8.31527928101946e-07,1.4449802082447632e-07,1.2098659684013882e-06,0.0,0.050000000000000044,"{'I': 0, 'W': 1, 'R': 0, 'C': 'costly'}",False,True,True,0.6666666666666666,3
5720,1,0.16959262565794422,0.2654966830368352,0.31474285090805304,0.9275920397096985,1.047309549888087,1.1438759412490502,0.20635792908697992,0.9845027976904579,,0.09999999999999998,0.09999999999999998,9.422445919755305e-07,1.5534971936095106e-06,2.7535687527429983e-05,0.050000000000000044,0.050000000000000044,"{'I': 1, 'W': 0, 'R': 1, 'C': 'free'}",False,True,True,1.0,2
5720,2,0.03400086177169049,0.5673209052967204,0.21233340685833618,1.7788677464085774,1.0062161923728896,1.442671936350797,0.0424512647705112,0.9999995701700727,0.05,0.25,0.15000000000000002,1.067702995316862e-06,8.315279267128922e-07,2.4300252170397422e-05,0.15000000000000002,0.25,"{'I': 1, 'W': 0, 'R': 1, 'C': 'free'}",False,True,True,1.0,2
5720,3,0.22695930437614123,0.5144833182955033,1.1188325436087185,1.928144489931093,1.0991898951176209,1.449154457756401,0.4841886321448954,0.9999999732323542,0.05,0.4,0.15000000000000002,0.029312232592130467,6.144195352732445e-06,7.484626178854281e-05,0.4,0.25,"{'I': 1, 'W': 0, 'R': 1, 'C': 'free'}",False,True,True,0.0,2
5720,4,0.0005822483817577791,0.3630991639250112,0.003173346394903315,1.5303772975197605,1.0000608685120316,1.3006940971416892,0.0003651332803255025,0.9999999992655091,,0.25,0.30000000000000004,7.88926438997432e-06,2.902311977208256e-06,0.0015011819812274696,0.15000000000000002,0.4,"{'I': 1, 'W': 0, 'R': 1, 'C': 'free'}",False,True,True,0.0,2
5720,5,0.006976973066473658,0.40275878876036164,0.04185791558649123,1.488572945833019,1.0011439737597039,1.262929942129042,0.006836443984797991,0.9999995896951686,,0.15000000000000002,0.15000000000000002,6.962257800987975e-06,3.7266388264477993e-06,0.00012339461766516503,0.050000000000000044,0.15000000000000002,"{'I': 1, 'W': 0, 'R': 1, 'C': 'free'}",True,False,True,0.0,2
5720,6,3.89824344651801e-06,0.2795301471999507,2.5084890358538557e-05,1.6033516603814126,1.0000002639632866,1.2099174938397743,3.6954786963860897e-06,0.9999965476080376,0.0,0.050000000000000044,0.09999999999999998,0.9998601766220417,1.067702997100201e-06,2.7535687566871036e-05,0.0,0.050000000000000044,"{'I': 0, 'W': 1, 'R': 0, 'C': 'costly'}",False,True,True,0.0,2
5726,1,0.04533493001829581,0.24433291350730593,0.13498225493895458,1.1370043640333205,1.0096243535668472,1.170934231264018,0.055849792195269976,0.9996802265689199,,0.09999999999999998,0.09999999999999998,5.715002397344129e-07,2.2603250906703626e-06,6.605215979101123e-05,0.050000000000000044,0.050000000000000044,"{'I': 1, 'W': 0, 'R': 1, 'C': 'free'}",False,True,True,1.0,3
5726,2,0.00012889176570167712,0.49088271520475624,0.000626635332462737,1.6358328949893248,1.0000116028131174,1.496324174479323,6.9614051661393e-05,0.9999999999999667,,0.15000000000000002,0.15000000000000002,1.2098659682490737e-06,2.260325094708412e-06,9.610239064329233e-05,0.050000000000000044,0.050000000000000044,"{'I': 1, 'W': 0, 'R': 1, 'C': 'free'}",False,True,True,0.0,3
5726,3,0.01567125507055247,0.3328581213657455,0.10941277074149139,1.557192904567227,1.0033297149611533,1.163267365592267,0.02300064404480917,0.9999969596872577,0.0,0.19999999999999996,0.30000000000000004,5.422217610367669e-06,1.4739091014022035e-05,0.00043055784105635285,0.050000000000000044,0.25,"{'I': 1, 'W': 0, 'R': 1, 'C': 'free'}",False,True,True,0.0,3
5726,4,5.168534405196746e-06,0.37500419437993,1.5538604385857428e-05,1.758436388857261,1.000000337759578,1.2718043325857147,2.026555073086911e-06,0.9999999884107004,,0.30000000000000004,0.4,2.7535687036353162e-05,1.670159872507273e-05,0.22270014224716794,0.19999999999999996,0.15000000000000002,"{'I': 1, 'W': 0, 'R': 1, 'C': 'free'}",True,False,True,0.0,3
5726,5,0.1346731602615386,0.3777119614889309,0.6939083977729128,1.8178055588795499,1.0442454980008058,1.1901223293127343,0.26144691109219365,0.9999587250085684,0.05,0.15000000000000002,0.25,4.539785234061856e-05,7.88930217959347e-06,2.7535703472793567e-05,0.15000000000000002,0.25,"{'I': 1, 'W': 0, 'R': 1, 'C': 'free'}",False,True,True,0.0,3
5726,6,0.03930975814577536,0.45554256399343906,0.2276208576527203,2.202011767467823,1.01052557621881,1.3133813342332332,0.06089070176501543,0.999999999662143,0.05,0.19999999999999996,0.15000000000000002,0.00015843628412273234,7.889290377717087e-06,3.535625477674044e-05,0.15000000000000002,0.25,"{'I': 1, 'W': 0, 'R': 1, 'C': 'free'}",False,False,True,0.0,3
5726,7,0.15441265142683758,0.5148635125925131,0.7713832109418589,2.2896767093718062,1.052840957433413,1.3930448864563647,0.22698816562906166,0.9999999999999891,,0.15000000000000002,0.15000000000000002,2.7535687775677414e-05,1.013004220905014e-05,2.1444958579508417e-05,0.15000000000000002,0.15000000000000002,"{'I': 1, 'W': 0, 'R': 1, 'C': 'free'}",True,False,True,0.0,3
5735,1,0.02520077296595285,0.32790809588591174,0.09994795696643062,1.5556141718639322,1.0040015245565366,1.266309016144333,0.039148489452491164,0.999999653263981,,0.09999999999999998,0.09999999999999998,2.6995784161886955e-07,4.4508526363510556e-07,2.7535687672098982e-05,0.050000000000000044,0.050000000000000044,"{'I': 1, 'W': 0, 'R': 1, 'C': 'free'}",False,True,True,1.0,3
5735,2,0.000616908757178824,0.3640521852969487,0.004778485818243316,1.845440883111321,1.0000641143652425,1.2133734480967806,0.0007690518479757102,0.9999993912934859,,0.19999999999999996,0.15000000000000002,9.422445919304249e-07,1.2098659646733938e-06,1.4738988876604532e-05,0.15000000000000002,0.15000000000000002,"{'I': 1, 'W': 0, 'R': 1, 'C': 'free'}",False,True,True,1.0,3
5735,3,0.04344255422636591,0.4752833118997573,0.25939833551545416,1.6674172955870814,1.0112691998246688,1.2888377295905757,0.06502646288005154,0.999949618789994,0.05,0.15000000000000002,0.09999999999999998,0.00010889693441149942,5.829194032276354e-05,0.00017952802715897473,0.050000000000000044,0.050000000000000044,"{'I': 1, 'W': 0, 'R': 1, 'C': 'free'}",False,True,True,1.0,3
5735,4,0.491914678706648,0.38769810177384295,2.458946335979032,1.8767133313944446,1.417866605779305,1.333283505292502,0.8254888701476386,0.9999994326191333,,0.19999999999999996,0.15000000000000002,5.422217022684211e-06,4.785094477404988e-06,5.829127211607232e-05,0.050000000000000044,0.15000000000000002,"{'I': 1, 'W': 0, 'R': 1, 'C': 'free'}",False,True,True,0.3333333333333333,3
5735,5,0.008830129085090403,0.33565303567929045,0.04409353981160432,1.82566042902774,1.001320001503241,1.227640344016189,0.0065739517438181405,0.9999999999748503,,0.19999999999999996,0.15000000000000002,6.144177498197983e-06,4.785094484178311e-06,0.9959298613721818,0.15000000000000002,0.25,"{'I': 1, 'W': 0, 'R': 1, 'C': 'free'}",True,False,True,0.0,3
5735,6,0.0001466158479297582,0.40745029178518266,0.0007208589120565763,1.4779450342275067,1.0000132080501138,1.3533421237077023,6.603763386137107e-05,0.9999999999985095,,0.15000000000000002,0.15000000000000002,1.0129987331257473e-05,3.726638833510495e-06,9.610239198882922e-05,0.15000000000000002,0.15000000000000002,"{'I': 1, 'W': 0, 'R': 1, 'C': 'free'}",True,False,True,0.0,3
5735,7,7.862313261920853e-06,0.2661495074384725,1.7546800345916668e-05,1.7643967351646215,1.0000004768370772,1.1581175070543808,2.384181975401134e-06,0.9999999161586189,,0.15000000000000002,0.15000000000000002,6.144177488461778e-06,6.144177511546498e-06,5.144221327350576e-05,0.050000000000000044,0.050000000000000044,"{'I': 1, 'W': 0, 'R': 1, 'C': 'free'}",True,True,True,0.0,3
5747,1,0.00025438675361881915,0.27072937197471375,0.0012339551418361421,1.4095770531617366,1.000025175796296,1.2199743922141304,0.0001258694747268141,0.9999934089119192,,0.09999999999999998,0.15000000000000002,3.9278633892071726e-07,1.2098659682802689e-06,9.610239099958028e-05,0.050000000000000044,0.050000000000000044,"{'I': 1, 'W': 0, 'R': 1, 'C': 'free'}",False,True,True,1.0,3
5747,2,0.00044316686616648645,0.22340930214180563,0.0016519196158630896,1.3666828253146357,1.0000420785617605,1.1601096066002483,0.00016829654247851877,0.9999981820290296,,0.09999999999999998,0.09999999999999998,1.0677029961007044e-06,4.222834890981308e-06,1.6701429535964263e-05,0.050000000000000044,0.050000000000000044,"{'I': 1, 'W': 0, 'R': 1, 'C': 'free'}",False,True,True,1.0,3
5747,3,0.004846579866775556,0.2646730457418662,0.019291887638194664,1.414123585599432,1.0007037586951268,1.1654573099437915,0.0028100889800215523,0.9999977725470742,,0.09999999999999998,0.09999999999999998,5.715002407201145e-07,9.422445900702392e-07,1.3007123642286472e-05,0.050000000000000044,0.050000000000000044,"{'I': 1, 'W': 0, 'R': 1, 'C': 'free'}",True,False,True,0.0,3
5747,4,0.041650901717232076,0.3425309384995892,0.20131670297109808,1.9298352980364537,1.0095692429327925,1.1866485319742905,0.05554051285609285,0.9999895186100636,,0.09999999999999998,0.09999999999999998,4.222834929926483e-06,2.9023119664637414e-06,9.610239133693562e-05,0.050000000000000044,0.050000000000000044,"{'I': 1, 'W': 0, 'R': 1, 'C': 'free'}",False,True,True,1.0,3
5747,5,0.05552744644118629,0.18910243813973399,0.2685351721929425,2.134843148340808,1.0161413266627173,1.1825181839317291,0.076941072104181,0.9999919933276156,0.0,0.0,0.050000000000000044,7.889264465357435e-06,5.043476486223093e-07,4.7850944733702964e-06,0.0,0.050000000000000044,"{'I': 0, 'W': 1, 'R': 0, 'C': 'costly'}",False,True,True,1.0,3
5762,1,0.1822047090816373,0.24122263885753745,0.7224619875168479,1.1374266002416913,1.1805632733089477,1.1237305033131622,0.7349756045025276,0.9976795769559388,,0.09999999999999998,0.09999999999999998,6.475945660023762e-07,1.7603430024223423e-06,4.785094487307922e-06,0.050000000000000044,0.050000000000000044,"{'I': 1, 'W': 0, 'R': 1, 'C': 'free'}",False,True,True,0.0,3
5762,2,0.20561605076434353,0.3276208689776476,1.125770416362665,1.6402054335680905,1.06608946952129,1.2079545145643538,0.43784365351663623,0.9999973663353542,0.05,0.7,0.4,0.6224593303039946,2.7535819404302626e-05,0.6224593113708659,0.5,0.55,"{'I': 1, 'W': 0, 'R': 1, 'C': 'free'}",False,True,True,0.0,3
5762,3,0.0009657348061131478,0.4910131210051765,0.00937361008762521,1.5487344924507183,1.0001188585169092,1.4123647744675152,0.0013065117611359423,0.9999999997468372,,0.25,0.15000000000000002,7.889264457609886e-06,2.9023138629578675e-06,0.6791786988675838,0.25,0.35,"{'I': 1, 'W': 0, 'R': 1, 'C': 'free'}",False,True,True,0.0,3
5762,4,0.033944239027704236,0.36003985868160726,0.36533614254322466,1.6590404934430127,1.011691027105908,1.2181710853328687,0.12001935468814884,0.999999976451542,,0.25,0.19999999999999996,5.144221250137062e-05,7.88929774538244e-06,0.0002034270453795586,0.15000000000000002,0.25,"{'I': 1, 'W': 0, 'R': 1, 'C': 'free'}",True,False,True,0.0,3
5762,5,3.788605184892472e-05,0.38011122644096407,0.00020785191346675322,1.9209151671927867,1.0000029477071668,1.212357614243679,3.2424205369974146e-05,0.9999999936293016,,0.25,0.25,8.939699459197009e-06,2.2603250953007728e-06,7.484626290424242e-05,0.15000000000000002,0.35,"{'I': 1, 'W': 0, 'R': 1, 'C': 'free'}",True,False,True,0.0,3
5762,6,0.013509239316543934,0.46342328616279627,0.15935624663436915,2.0790630439198914,1.003197070669174,1.341228098603146,0.037579343347290406,0.9999999999939776,0.05,0.25,0.25,2.902311971761759e-06,2.561281280721698e-06,7.889264457292443e-06,0.15000000000000002,0.25,"{'I': 1, 'W': 0, 'R': 1, 'C': 'free'}",True,False,True,0.0,3
5762,7,0.10289176830862908,0.4218795185332277,0.5856646318536767,1.8157048515633083,1.0374296833516883,1.340564578974607,0.30751032960687585,0.9999999999343884,,0.4,0.4,5.8291271839851595e-05,3.535647189257118e-05,0.9947798740921056,0.65,0.65,"{'I': 1, 'W': 0, 'R': 1, 'C': 'free'}",False,True,True,0.0,3
5773,1,0.8593825474478642,0.2217432779708939,2.197920784657364,1.5594725186371958,1.9858905302366843,1.1275592920804625,0.9676239788091432,0.999480938833936,,0.15000000000000002,0.09999999999999998,0.0024726229554241554,6.1441840865293825e-06,3.1201903789330744e-05,0.050000000000000044,0.050000000000000044,"{'I': 1, 'W': 0, 'R': 1, 'C': 'free'}",False,True,True,0.0,3
5773,2,0.006916126943427508,0.3277016177334474,0.061905918709593534,1.4767527994665732,1.0011840399816325,1.2556360544257275,0.010593544978591773,0.9999999693554743,,0.09999999999999998,0.09999999999999998,8.315279272829266e-07,1.0677029942875611e-06,1.1478768053754756e-05,0.050000000000000044,0.050000000000000044,"{'I': 1, 'W': 0, 'R': 1, 'C': 'free'}",False,True,True,0.0,3
5773,3,0.016144092653291066,0.3692011609793999,0.1593578207079366,1.4659726145954697,1.003830291109114,1.2602168480020044,0.03750820951271949,0.999939563656794,0.0,0.09999999999999998,0.09999999999999998,0.9997694930041618,0.002472623024811461,8.481103975068157e-05,0.050000000000000044,0.050000000000000044,"{'I': 0, 'W': 1, 'R': 0, 'C': 'costly'}",False,True,True,0.0,3
5780,1,0.005485610645239467,0.20304587924799167,0.04935754089541739,1.398079037759236,1.0009577068340678,1.167440053314436,0.008578231921932744,0.9982486141407041,,0.050000000000000044,0.09999999999999998,3.4663274402864843e-07,8.315279266646253e-07,1.8925145904400635e-05,0.050000000000000044,0.050000000000000044,"{'I': 1, 'W': 0, 'R': 1, 'C': 'free'}",False,True,True,1.0,3
5780,2,0.053646324323537074,0.39930921999191776,0.5303043247911796,1.6659501774815628,1.02558140539268,1.1954091896898984,0.2232189564234347,0.9996750972078671,0.0,0.09999999999999998,0.4,4.7850944103611604e-06,2.5612812287875514e-06,2.4300252101021415e-05,0.0,0.25,"{'I': 1, 'W': 0, 'R': 1, 'C': 'free'}",True,False,True,0.0,3
5780,3,0.08555357840976333,0.46744631381292345,0.5250850127018151,1.6109086631292209,1.0281125837669032,1.3385202446997622,0.17640201321123505,0.9999999999258682,0.05,0.7,0.25,0.9998415636956499,0.004070137794325735,1.3007123809630875e-05,0.75,0.35,"{'I': 1, 'W': 0, 'R': 1, 'C': 'free'}",False,True,True,0.0,3
5780,4,1.0259727610343608e-05,0.6218378627284239,5.039168780853476e-05,1.97969753077951,1.0000006953866083,1.467342894930709,4.17230949523173e-06,0.9999999999999996,,0.15000000000000002,0.15000000000000002,4.222834931953415e-06,4.785094467584973e-06,1.3007123790393081e-05,0.050000000000000044,0.15000000000000002,"{'I': 1, 'W': 0, 'R': 1, 'C': 'free'}",True,False,True,0.0,3
5780,5,0.0001283698120740891,0.43050506221981744,0.0012344728139519598,1.8535129632089746,1.000012671266279,1.3630058450324702,0.00012670383238255756,0.9999999999992144,0.0,0.4,0.25,1.3007123781481471e-05,2.260325099220117e-06,0.7310585785398072,0.15000000000000002,0.35,"{'I': 1, 'W': 0, 'R': 1, 'C': 'free'}",False,True,True,0.0,3
5780,6,4.471698027501365e-06,0.43838316303227404,3.9908957536409536e-05,1.3314503114381346,1.0000003178910346,1.3644257848719357,2.861014763766434e-06,0.9999999999840041,,0.4,0.4,6.962257874884134e-06,1.3709578583179807e-06,1.3007126533618892e-05,0.15000000000000002,0.35,"{'I': 1, 'W': 0, 'R': 1, 'C': 'free'}",True,True,True,0.0,3
5780,7,7.278387152522332e-05,0.45206218536476445,0.00039775985133853745,1.9356873969281503,1.0000063180076928,1.3590532925335885,3.790720790863844e-05,0.9999999993592592,,0.15000000000000002,0.15000000000000002,1.5534971947415274e-06,2.260325095935971e-06,1.3007123780330845e-05,0.050000000000000044,0.25,"{'I': 1, 'W': 0, 'R': 1, 'C': 'free'}",True,True,True,0.0,3
5797,1,0.008639653677117715,0.2479931582981166,0.026464202931700636,1.4929545656747023,1.0012044034105336,1.1693718534440831,0.006000319240304308,0.9973830234998489,,0.050000000000000044,0.09999999999999998,1.444980208844259e-07,4.450852637360364e-07,8.939699462583172e-06,0.050000000000000044,0.050000000000000044,"{'I': 1, 'W': 0, 'R': 1, 'C': 'free'}",False,True,True,0.3333333333333333,3
5797,2,0.07656452633474567,0.37276066243771555,0.5303042952170509,1.5180336603141755,1.0336823268558064,1.2996003812158754,0.23280940301216013,0.9999955235062044,0.0,0.09999999999999998,0.09999999999999998,9.610239160035433e-05,6.144210773236135e-06,8.939699395840913e-06,0.050000000000000044,0.050000000000000044,"{'I': 1, 'W': 0, 'R': 1, 'C': 'free'}",False,True,True,0.3333333333333333,3
5797,3,0.019062556415653308,0.5373886628371184,0.10956782307988593,1.5947566418984522,1.003570797338636,1.393837382769848,0.028112767718204035,0.9999998332634091,0.05,0.4,0.25,4.785094484836029e-06,7.889280164822641e-06,3.535625485155796e-05,0.15000000000000002,0.35,"{'I': 1, 'W': 0, 'R': 1, 'C': 'free'}",True,False,True,0.0,3
5797,4,0.0014144023814638654,0.46462278565097986,0.007027355034892607,2.0892563141019633,1.0001701734447792,1.3048555673656497,0.0008504330112995007,0.999998722633822,,0.25,0.25,3.726638825015696e-06,4.785102902412866e-06,0.022977369620908614,0.15000000000000002,0.4,"{'I': 1, 'W': 0, 'R': 1, 'C': 'free'}",True,True,True,0.0,3
5797,5,9.590404731703631e-06,0.4892232499346373,3.1668599526321284e-05,1.3866740851063981,1.0000006471358653,1.2512351396512744,4.5299393320874515e-06,0.9998978816560208,,0.4,0.4,1.1478768050293439e-05,1.1478830274424871e-05,0.00247262293575543,0.15000000000000002,0.4,"{'I': 1, 'W': 0, 'R': 1, 'C': 'free'}",True,True,True,0.0,3
5797,6,0.13335707924122722,0.37618863821857823,0.5857115872349921,2.129935518930675,1.0596100345010835,1.261276470671976,0.29348135795497776,0.9999817225256358,,0.7,0.4,0.9975273770036187,0.022977372428594198,0.001501182008903116,0.4,0.4,"{'I': 1, 'W': 0, 'R': 1, 'C': 'free'}",False,True,True,0.3333333333333333,3
5797,7,0.010566545172151493,0.2388689881189472,0.0739346953855727,1.5984299236491155,1.0020257054278001,1.1053989314861823,0.014065735210275432,0.9966931484836087,0.05,0.30000000000000004,0.30000000000000004,1.4738988864400244e-05,1.0129987325357612e-05,0.005220125646137154,0.4,0.4,"{'I': 1, 'W': 0, 'R': 1, 'C': 'free'}",False,True,True,0.0,3
5801,1,0.038371797862717424,0.23860471062931604,0.26853517248994874,1.4282695002685604,1.011334381261291,1.1534356431831232,0.07586249095075903,0.9993108111460599,,0.050000000000000044,0.09999999999999998,3.466327435063138e-07,9.422445907788511e-07,2.430025198624591e-05,0.050000000000000044,0.050000000000000044,"{'I': 1, 'W': 0, 'R': 1, 'C': 'free'}",False,True,True,1.0,3
5801,2,0.2294909193679364,0.3534924923642903,0.6919965608959175,1.482763932980618,1.138778308337323,1.1696971941857206,0.541473031708086,0.9983819623382942,0.0,0.09999999999999998,0.09999999999999998,2.1444958596241163e-05,1.3007166465746182e-05,6.605215978554428e-05,0.050000000000000044,0.050000000000000044,"{'I': 1, 'W': 0, 'R': 1, 'C': 'free'}",False,True,True,0.0,3
5801,3,0.17956223759924841,0.48968205819146143,0.851539783107846,1.6920162927419933,1.115485949202395,1.3098393252766327,0.4809426147696857,0.9999986224773614,0.0,0.09999999999999998,0.15000000000000002,0.0010322323299068216,0.01406363729480987,0.0007096703697561231,0.050000000000000044,0.25,"{'I': 1, 'W': 0, 'R': 1, 'C': 'free'}",False,True,True,0.0,3
5801,4,0.11761881528053239,0.5052800502050911,0.8168733728935513,2.161697628941529,1.0366944391810609,1.325755564437001,0.22295777899030078,0.9999990016322855,0.05,0.15000000000000002,0.09999999999999998,5.4222170222885406e-06,2.7535687467207554e-05,0.00043055713486245815,0.050000000000000044,0.15000000000000002,"{'I': 1, 'W': 0, 'R': 1, 'C': 'free'}",False,True,True,1.0,3
5801,5,3.57617725002589e-05,0.14907496778353818,0.00020041729295788052,1.3790456458601372,1.0000028950660824,1.0521246129621604,2.0265227900106986e-05,0.9287956349599275,0.0,0.0,0.050000000000000044,2.2603251052202875e-06,3.0590233618067785e-07,2.5612812816904467e-06,0.0,0.0,"{'I': 0, 'W': 1, 'R': 0, 'C': 'costly'}",False,True,True,1.0,3
5821,1,0.010562716409004677,0.16491923466674624,0.07393386934446622,1.2175288083298903,1.0020254494621166,1.0741624082540953,0.014063972222398635,0.8550856607228975,,0.050000000000000044,0.09999999999999998,2.1024339052229e-07,5.043476475892082e-07,1.012998730758715e-05,0.050000000000000044,0.050000000000000044,"{'I': 1, 'W': 0, 'R': 1, 'C': 'free'}",False,True,True,1.0,3
5821,2,0.00016458546597677675,0.31502256324532296,0.0009850646623325633,1.5253402493703552,1.0000160330091445,1.2627564855876943,9.619265689286838e-05,0.9998216904872625,,0.09999999999999998,0.09999999999999998,2.902311955582952e-06,6.144177390169821e-06,4.5397851485655794e-05,0.050000000000000044,0.050000000000000044,"{'I': 1, 'W': 0, 'R': 1, 'C': 'free'}",False,True,True,1.0,3
5821,3,0.010422093092760388,0.28451947183486964,0.053197609869006,1.9338407747560549,1.0015865826341661,1.150911687118511,0.011035929748954953,0.9984437907556184,0.0,0.09999999999999998,0.09999999999999998,4.785094460873828e-06,1.147876791415703e-05,7.484626232188312e-05,0.050000000000000044,0.050000000000000044,"{'I': 1, 'W': 0, 'R': 1, 'C': 'free'}",False,True,True,1.0,3
5821,4,0.023149278583405982,0.39382184730472003,0.09009480541973605,1.6993864413077797,1.0041929876150277,1.282346524518811,0.024792811201494458,0.9999998430866635,0.0,0.19999999999999996,0.09999999999999998,5.8291271375367085e-05,4.0064049556070945e-05,0.008577485136271382,0.050000000000000044,0.050000000000000044,"{'I': 1, 'W': 0, 'R': 1, 'C': 'free'}",False,True,True,1.0,3
5821,5,0.08236911734357447,0.2916596428736869,0.8586959619067275,1.9034410073010923,1.0368303598774238,1.161886624291831,0.3282382991907902,0.9999569445028184,0.05,0.15000000000000002,0.09999999999999998,1.1478767985493012e-05,4.222834915764228e-06,4.006369157642872e-05,0.050000000000000044,0.050000000000000044,"{'I': 1, 'W': 0, 'R': 1, 'C': 'free'}",False,True,True,1.0,3
5821,6,0.0004315877992758741,0.31520367698507895,0.004702259728067692,1.4529898762623548,1.0000505537791577,1.162175062617539,0.000555922932496622,0.9999961764994496,0.05,0.15000000000000002,0.15000000000000002,3.726638796835563e-06,2.9023119692764104e-06,4.539785192762496e-05,0.050000000000000044,0.050000000000000044,"{'I': 1, 'W': 0, 'R': 1, 'C': 'free'}",True,False,True,0.0,3
5821,7,1.3758943990337253e-05,0.39938872626393096,3.164464721019582e-05,1.7830444239610213,1.00000095367389,1.3452234809870904,5.722024241205936e-06,0.9999999999998225,,0.09999999999999998,0.15000000000000002,2.5612812883441934e-06,4.785094477493106e-06,2.144495859034206e-05,0.050000000000000044,0.050000000000000044,"{'I': 1, 'W': 0, 'R': 1, 'C': 'free'}",True,True,True,0.0,3
5838,1,0.001141798254386222,0.11661710002041703,0.00906439641037875,0.8858158822587064,1.000146865509438,1.1402105962631777,0.0011741479542861644,0.9947447050901891,,0.050000000000000044,0.09999999999999998,3.059023357574395e-07,3.9278634021697365e-07,4.785094486523481e-06,0.050000000000000044,0.050000000000000044,"{'I': 1, 'W': 0, 'R': 1, 'C': 'free'}",False,True,True,1.0,3
5838,2,0.005498253243456432,0.1660094721442363,0.04935756017845886,1.175173834404737,1.0009587542237572,1.1522822992967445,0.008587568575699644,0.9980438199939284,0.0,0.09999999999999998,0.09999999999999998,7.338208028560887e-07,4.222834861387624e-06,5.144221209398069e-05,0.0,0.050000000000000044,"{'I': 1, 'W': 0, 'R': 1, 'C': 'free'}",False,True,True,1.0,3
5838,3,6.9975706878930715e-06,0.08256467594034352,4.022967201762656e-05,1.0188058755825702,1.0000004917378575,1.0355282902748335,3.933894156205042e-06,0.9428891517919796,,0.0,0.050000000000000044,0.00015843623599444336,5.043476485241543e-07,1.7603430029615468e-06,0.0,0.0,"{'I': 0, 'W': 1, 'R': 0, 'C': 'costly'}",False,True,True,0.0,3
5853,1,0.2559211501854312,0.3159009717603836,0.8296837553939237,2.2691005897005074,1.2745571691755277,1.2478714039471095,0.8564095889336775,0.9999413149652857,,0.050000000000000044,0.09999999999999998,1.2751905785161046e-07,1.2098659664391182e-06,0.00010889693389501774,0.050000000000000044,0.050000000000000044,"{'I': 1, 'W': 0, 'R': 1, 'C': 'free'}",False,True,True,1.0,3
5853,2,0.0009880813597984417,0.2612537858542302,0.003767470598245275,1.4920905997640912,1.0001032537809187,1.1349686947025521,0.000825646571053662,0.9864933394207351,,0.09999999999999998,0.09999999999999998,7.338208027160699e-07,4.222834978068549e-06,2.4300252071148603e-05,0.050000000000000044,0.050000000000000044,"{'I': 1, 'W': 0, 'R': 1, 'C': 'free'}",True,False,True,0.0,3
5853,3,0.016518544229572794,0.32530129281310194,0.12444421491766683,1.696160323074889,1.0031061532256276,1.2159309611119347,0.02450545680058913,0.9995985390386192,,0.15000000000000002,0.25,9.42244591377958e-07,1.1479083655847069e-05,0.00020342713582215368,0.050000000000000044,0.65,"{'I': 1, 'W': 0, 'R': 1, 'C': 'free'}",True,False,True,0.0,3
5853,4,0.023399698486248136,0.3121427411779037,0.18069450968604236,1.9419421970535942,1.0047694149233257,1.2146221200720508,0.03734926606036704,0.9997661006570926,,0.30000000000000004,0.7,3.2887506133675776e-06,1.670200492062988e-05,0.5621764839655223,0.15000000000000002,0.75,"{'I': 1, 'W': 0, 'R': 1, 'C': 'free'}",True,False,True,0.0,3
5853,5,0.0013969494036806325,0.29551709860816805,0.009034600933995409,1.6530171440290302,1.000154155064193,1.1591214010932154,0.0012323854567378723,0.9998092245939872,,0.8,0.8,7.48466664866809e-05,9.610503860193453e-05,0.8519527988366683,0.25,0.75,"{'I': 1, 'W': 0, 'R': 1, 'C': 'free'}",True,False,True,0.0,3
5853,6,0.001535002459887786,0.2705422837972664,0.011442683030103592,1.7270388460885404,1.0001981058554898,1.2016422590268467,0.0015834349229132405,0.9999289294035976,,0.4,0.8,3.535665967183409e-05,1.4739644465425523e-05,0.0007096714812461133,0.15000000000000002,0.75,"{'I': 1, 'W': 0, 'R': 1, 'C': 'free'}",True,False,True,0.0,3
5853,7,0.0016450095532748864,0.2537651505179268,0.01147460063817161,1.2569598210351447,1.0001950685127092,1.1316102646296349,0.0015591791298322777,0.9991304832707679,,0.9,0.8,0.0007096726249148466,0.0011695115265507464,0.9968273160203684,0.75,0.75,"{'I': 1, 'W': 0, 'R': 1, 'C': 'free'}",True,False,True,0.0,3
5866,1,0.004775538644791114,0.20598771557083323,0.03263946252478075,1.6030299750529502,1.0007576045124733,1.099564240646366,0.0052871970359280596,0.977552101070301,,0.91,0.92,5.715002411578358e-07,7.338208042831577e-07,3.535625472668091e-05,0.050000000000000044,0.050000000000000044,"{'I': 1, 'W': 0, 'R': 1, 'C': 'free'}",False,True,True,1.0,3
5866,2,2.661556913756019e-05,0.37681973746304986,0.00015934111773722564,1.8281579565364172,1.0000021656236746,1.2906716659767432,1.2993643559888746e-05,0.9999998652831621,,0.19999999999999996,0.92,5.715002421212454e-07,1.5534971943799341e-06,1.300712377740681e-05,0.050000000000000044,0.25,"{'I': 1, 'W': 0, 'R': 1, 'C': 'free'}",False,True,True,1.0,3
5866,3,0.24606006111611353,0.4640327155561678,0.6628480662604748,1.9096733989335344,1.2604763024554488,1.333677271664665,0.6857128865366704,0.9999999999999688,,0.09999999999999998,0.09999999999999998,3.726638836519334e-06,6.475945658864223e-07,1.1478768079070365e-05,0.050000000000000044,0.050000000000000044,"{'I': 1, 'W': 0, 'R': 1, 'C': 'free'}",False,True,True,0.6666666666666666,3
5866,4,0.11930589492086574,0.37961420226402626,1.109057446070323,1.9362581643965988,1.0510672693903,1.2987114719756716,0.8493252304495015,0.9999999999722463,0.0,0.09999999999999998,0.09999999999999998,0.9999646437073354,6.47594566543419e-07,1.0129987330426332e-05,0.050000000000000044,0.050000000000000044,"{'I': 0, 'W': 1, 'R': 0, 'C': 'costly'}",False,True,True,1.0,3
5887,1,0.020909402197413017,0.13796341200985512,0.13234333408090432,1.1358191999308,1.004536344850611,1.0802497880234836,0.031185971485630626,0.9154281311545555,0.0,0.050000000000000044,0.09999999999999998,1.6373770551726404e-07,3.0590233597483e-07,1.6701429688197327e-05,0.050000000000000044,0.050000000000000044,"{'I': 1, 'W': 0, 'R': 1, 'C': 'free'}",False,True,True,1.0,3
5887,2,0.00017800313306438504,0.23696159412247553,0.0006289517950949338,1.3220503772808474,1.0000157503129496,1.1535843956329148,0.00012599357346188,0.999210174118001,,0.15000000000000002,0.15000000000000002,5.422217018945469e-06,1.3007255210936583e-05,0.001169510358974209,0.15000000000000002,0.4,"{'I': 1, 'W': 0, 'R': 1, 'C': 'free'}",False,True,True,0.3333333333333333,3
5887,3,0.006725534017578242,0.2445140155725154,0.06048919033347697,1.4585302258772759,1.0012285592451484,1.136049646947185,0.010989416945748065,0.9993877117032612,0.0,0.15000000000000002,0.09999999999999998,2.561281578193996e-06,4.785094427391176e-06,4.539785134863607e-05,0.050000000000000044,0.050000000000000044,"{'I': 1, 'W': 0, 'R': 1, 'C': 'free'}",True,False,True,0.0,3
5887,4,0.02372216126387685,0.39929464714149554,0.2987116860605809,1.8000532193929837,1.0070162283495179,1.2587057308077823,0.08688411516800132,0.999999999935771,,0.25,0.15000000000000002,1.553497196744811e-06,1.2098659691567741e-06,4.5397852197314316e-05,0.15000000000000002,0.35,"{'I': 1, 'W': 0, 'R': 1, 'C': 'free'}",False,True,True,1.0,3
5887,5,2.5711322050539626e-05,0.2170958606471906,0.00031672124480414533,1.5630967204254544,1.0000021915902189,1.1559405410065209,2.8490235771005956e-05,0.9996005308534256,,0.09999999999999998,0.15000000000000002,2.4300251776004824e-05,7.88926437362638e-06,0.0002611903082279887,0.15000000000000002,0.050000000000000044,"{'I': 1, 'W': 0, 'R': 1, 'C': 'free'}",True,False,True,0.0,3
5887,6,4.8736766014468376e-06,0.31256755165595196,5.0618114915397946e-05,1.736171678142507,1.000000330117553,1.2215192601206926,4.291518273191741e-06,0.9999993237966026,,0.15000000000000002,0.15000000000000002,1.0129987210017478e-05,6.962257854300667e-06,0.0011695102944722351,0.15000000000000002,0.15000000000000002,"{'I': 1, 'W': 0, 'R': 1, 'C': 'free'}",True,False,True,0.0,3
5887,7,4.517246277115515e-06,0.3035838655918059,4.0186116692427115e-05,1.5901869389797287,1.0000003026078992,1.2154940002269585,3.933894355157008e-06,0.9999962345268627,,0.15000000000000002,0.15000000000000002,1.4738988860395352e-05,2.902311980998658e-06,0.00043055709002107965,0.15000000000000002,0.15000000000000002,"{'I': 1, 'W': 0, 'R': 1, 'C': 'free'}",True,False,True,0.0,3
5913,1,0.013420648602651311,0.3031146756625624,0.09009478265292772,1.1344200312523518,1.002650610076702,1.142730574960873,0.018359103973824453,0.9937174812503815,,0.09999999999999998,0.15000000000000002,7.338208034869378e-07,5.422216970223497e-06,0.00015843623478946388,0.050000000000000044,0.050000000000000044,"{'I': 1, 'W': 0, 'R': 1, 'C': 'free'}",False,True,True,1.0,3
5913,2,0.00011980195799729965,0.22881227019864822,0.000785893788599813,1.8473916011157905,1.000011256425171,1.1461181560471987,7.879142851840992e-05,0.9978388876637724,,0.09999999999999998,0.09999999999999998,2.382369665006168e-07,3.7266387603267925e-06,6.605215781853592e-05,0.050000000000000044,0.050000000000000044,"{'I': 1, 'W': 0, 'R': 1, 'C': 'free'}",False,True,True,1.0,3
5913,3,2.922515966466207e-06,0.18757312338789564,7.817389251866713e-06,1.091164792153453,1.0000001668929852,1.1227651306846402,8.344645081592716e-07,0.9996611053089868,0.0,0.050000000000000044,0.050000000000000044,2.753568778796949e-05,3.927863403695928e-07,1.01299872535026e-05,0.050000000000000044,0.050000000000000044,"{'I': 0, 'W': 1, 'R': 0, 'C': 'costly'}",False,True,True,1.0,3
5925,1,0.0012620048765841644,0.42307441154214154,0.004420335478318784,2.0753953719663416,1.0001408233823057,1.2242872275439158,0.0005630952728128413,0.999995643702222,,0.09999999999999998,0.09999999999999998,4.785094444678217e-06,6.144177468436334e-06,0.0003353500302076236,0.050000000000000044,0.050000000000000044,"{'I': 1, 'W': 0, 'R': 1, 'C': 'free'}",False,True,True,0.0,3
5925,2,0.016323535643179208,0.28091766773149324,0.06510918959794842,1.308409439866203,1.0028112207102278,1.169604237117722,0.016702598386640788,0.9999622019531148,0.0,0.15000000000000002,0.09999999999999998,5.422217608695884e-06,6.962257726597242e-06,0.0009110510197936676,0.050000000000000044,0.15000000000000002,"{'I': 1, 'W': 0, 'R': 1, 'C': 'free'}",False,True,True,0.0,3
5925,3,4.01100481826445e-06,0.37741618148743356,1.0035852353667449e-05,1.3112162066421764,1.0000002384185394,1.2414909222331612,1.1920918439045636e-06,0.9999998277875604,,0.09999999999999998,0.09999999999999998,7.338208018237693e-07,1.5534971869527924e-06,1.6701429519197178e-05,0.050000000000000044,0.050000000000000044,"{'I': 1, 'W': 0, 'R': 1, 'C': 'free'}",True,False,True,0.0,3
5925,4,8.467094751440547e-06,0.27381054142123007,3.216170420833257e-05,1.5049343860492606,1.0000005722042191,1.1490150771129626,2.8610161848519056e-06,0.9998181116434908,,0.09999999999999998,0.09999999999999998,1.012998711202942e-05,8.939699255644387e-06,9.610239024294848e-05,0.050000000000000044,0.050000000000000044,"{'I': 1, 'W': 0, 'R': 1, 'C': 'free'}",True,False,True,0.0,3
5925,5,0.0010268253919457227,0.2656766225805351,0.00414013174017426,1.7453934582129544,1.0000975827223721,1.207502388913375,0.0005852964161164875,0.99999999632264,0.05,0.19999999999999996,0.25,4.785094489517027e-06,2.2603251018479084e-06,0.00043055713004175734,0.25,0.25,"{'I': 1, 'W': 0, 'R': 1, 'C': 'free'}",False,True,True,0.0,3
5925,6,5.47897577649176e-05,0.34059592299763447,0.00021922195093092574,1.7414843607668293,1.0000043153529363,1.2719977265616385,2.1576485350283114e-05,0.999999999926747,,0.30000000000000004,0.25,3.535625442722627e-05,7.889290379035645e-06,0.9940889272952467,0.25,0.35,"{'I': 1, 'W': 0, 'R': 1, 'C': 'free'}",True,True,True,0.0,3
5925,7,0.00020386872892789085,0.4085515945485789,0.0010023121554464357,1.9086771861250624,1.0000196449393444,1.2921869994337414,9.821890813210832e-05,0.9999999999992663,,0.19999999999999996,0.15000000000000002,1.6701429758184004e-05,6.1441775029746515e-06,0.008577485216312066,0.15000000000000002,0.15000000000000002,"{'I': 1, 'W': 0, 'R': 1, 'C': 'free'}",True,False,True,0.0,3
5931,1,0.014045044484817557,0.16802955704848502,0.07689099199741872,0.9908790526116305,1.0025277558387515,1.0755569714697892,0.017516731659503293,0.9756389725780222,,0.050000000000000044,0.09999999999999998,3.0590233500975216e-07,3.927863399632045e-07,1.4738988930551219e-05,0.050000000000000044,0.050000000000000044,"{'I': 1, 'W': 0, 'R': 1, 'C': 'free'}",False,True,True,1.0,3
5931,2,0.0003274270767192656,0.25853701745694657,0.0019325775773107745,2.0534806581887515,1.0000342499376185,1.1867294919815257,0.00020547499373779754,0.9999997966033397,0.0,0.050000000000000044,0.050000000000000044,7.889264462522152e-06,5.043476485742003e-07,1.37095785874472e-06,0.050000000000000044,0.050000000000000044,"{'I': 0, 'W': 1, 'R': 0, 'C': 'costly'}",False,True,True,1.0,3
5939,1,0.000674589813189712,0.2622529061212818,0.0037997710188700014,1.3579881640591442,1.0000720374049374,1.210658262754326,0.0005761124663928863,0.9999981314202427,,0.09999999999999998,0.09999999999999998,3.9278633958156305e-07,5.043476476170432e-07,5.144221337389684e-05,0.050000000000000044,0.050000000000000044,"{'I': 1, 'W': 0, 'R': 1, 'C': 'free'}",False,True,True,1.0,3
5939,2,0.04257680964064304,0.24100211925245274,0.22732689386519142,1.8005646276577334,1.010506364423865,1.2006702358994896,0.07054872414827196,0.9998459505152992,0.05,0.09999999999999998,0.09999999999999998,3.7266388363107322e-06,6.962257741941856e-06,0.0001584362347780073,0.050000000000000044,0.050000000000000044,"{'I': 1, 'W': 0, 'R': 1, 'C': 'free'}",False,True,True,0.3333333333333333,3
5939,3,0.0006291924507851436,0.28025133457686446,0.00376746733099174,1.185996402072886,1.0000718305907228,1.1413788962531088,0.0004308752127786253,0.9955804644759926,0.0,0.0,0.050000000000000044,2.1444958610376886e-05,8.31527927971659e-07,2.9023119738565797e-06,0.0,0.050000000000000044,"{'I': 0, 'W': 1, 'R': 0, 'C': 'costly'}",False,True,True,0.3333333333333333,3
5962,1,0.0011393256037755485,0.2696155592558679,0.003767472711394167,1.2982301925592017,1.0001282128465105,1.18318715784497,0.0007689319878430023,0.9998119496306545,0.0,0.050000000000000044,0.09999999999999998,2.102433906628326e-07,5.043476478260049e-07,4.0063691796640934e-05,0.050000000000000044,0.050000000000000044,"{'I': 1, 'W': 0, 'R': 1, 'C': 'free'}",False,True,True,1.0,3
5962,2,0.023973673318832094,0.4479520403480874,0.19086500474657245,1.7146905065830833,1.0061025557320213,1.293483611217015,0.04750658405012809,0.9999999748662826,0.0,0.25,0.25,5.422217646915259e-06,1.1478937039840248e-05,0.0009110510229415736,0.15000000000000002,0.35,"{'I': 1, 'W': 0, 'R': 1, 'C': 'free'}",False,True,True,1.0,3
5962,3,0.0007681490724130916,0.22715889272004666,0.0030182084409826823,1.1827018663489393,1.0000809948516403,1.1009495601405013,0.0004858313761048061,0.9786546584363249,0.0,0.050000000000000044,0.050000000000000044,1.0129987354741131e-05,7.889265599321159e-06,1.0677029963477054e-06,0.0,0.0,"{'I': 0, 'W': 1, 'R': 0, 'C': 'costly'}",False,True,True,0.3333333333333333,3
5965,1,0.013681657776051069,0.22127221791495208,0.10941061610611827,1.4769444604373674,1.0029102501040106,1.1581370901116332,0.02298003114336178,0.9971842040253109,,0.91,0.91,1.2751905779723603e-07,4.450852634996222e-07,1.1478768019816161e-05,0.050000000000000044,0.050000000000000044,"{'I': 1, 'W': 0, 'R': 1, 'C': 'free'}",False,True,True,1.0,3
5965,2,0.0020412340617308967,0.1288705631730913,0.009993274835547702,0.8577115103906781,1.0002505240889128,1.0524253535720252,0.002001935153331247,0.8565400994225525,0.0,0.91,0.91,1.2098659682907115e-06,1.0130007486918396e-05,5.829127224396099e-05,0.050000000000000044,0.050000000000000044,"{'I': 1, 'W': 0, 'R': 1, 'C': 'free'}",False,True,True,1.0,3
5965,3,8.164656443404362e-05,0.09823101469127914,0.0003168794657786773,0.9011746098216177,1.000006775014114,1.062079671515592,4.0649120783942116e-05,0.9746243532989084,0.0,0.050000000000000044,0.09999999999999998,0.00026119031000310707,2.9023119836904226e-06,7.484626102885768e-05,0.050000000000000044,0.050000000000000044,"{'I': 0, 'W': 1, 'R': 0, 'C': 'costly'}",False,True,True,1.0,3
5980,1,0.006173924377055891,0.1317196090113739,0.04935754152619304,1.1872965681274883,1.0010776785846565,1.0698880972271305,0.008579768345303496,0.8848742133207613,,0.050000000000000044,0.09999999999999998,3.466327434674576e-07,2.6995784142181163e-07,1.3007123772527176e-05,0.050000000000000044,0.050000000000000044,"{'I': 1, 'W': 0, 'R': 1, 'C': 'free'}",False,True,True,1.0,3
5980,2,3.528561237712462e-05,0.27711898085479936,0.00020042940704215602,1.5071126034325397,1.0000029653151765,1.1672757393089626,2.3722204864351504e-05,0.9993036181936192,,0.09999999999999998,0.09999999999999998,1.994729934307997e-06,2.2603250164728124e-06,1.4738988688683642e-05,0.0,0.050000000000000044,"{'I': 1, 'W': 0, 'R': 1, 'C': 'free'}",True,False,True,0.0,3
5980,3,0.041117984664162846,0.29840850490727583,0.5497118326969379,1.977305141926866,1.0111566535891283,1.2000095162523607,0.14386592083546768,0.9988246520152455,,0.25,0.30000000000000004,5.144221337721043e-05,6.144326737611752e-06,4.539785188930935e-05,0.15000000000000002,0.4,"{'I': 1, 'W': 0, 'R': 1, 'C': 'free'}",False,True,True,1.0,3
5980,4,1.5793912630519348e-06,0.42914605397848443,7.820531451694485e-06,1.9260846740065505,1.0000000894069534,1.2670200430756269,7.152553394007555e-07,0.999998907156771,,0.4,0.25,5.829127174137467e-05,1.1478805784219487e-05,7.48462629278519e-05,0.15000000000000002,0.35,"{'I': 1, 'W': 0, 'R': 1, 'C': 'free'}",True,True,True,0.0,3
5980,5,0.00010307017700935722,0.35132363916478404,0.000986141349193871,1.5600254357102792,1.0000093746561303,1.3030342949535783,0.00013123595844710678,0.9999806442365369,,0.25,0.15000000000000002,3.72663883490349e-06,1.760342998080963e-06,2.1444958640627973e-05,0.4,0.25,"{'I': 1, 'W': 0, 'R': 1, 'C': 'free'}",True,True,True,0.0,3
5980,6,0.07856397038411878,0.44716199959500225,0.5492619367331134,2.1684027862543673,1.0194734108419243,1.3139565511683342,0.12628724306675831,0.9999999913604387,,0.25,0.25,3.535625489764452e-05,1.7603429991955553e-06,4.539785239935465e-05,0.15000000000000002,0.25,"{'I': 1, 'W': 0, 'R': 1, 'C': 'free'}",False,True,True,0.3333333333333333,3
5980,7,3.765056047065144e-05,0.40939143523619465,0.0002895435982465979,1.6552275286935467,1.000003099410157,1.2933446166984823,2.4794935430172416e-05,0.9999999999981379,,0.30000000000000004,0.4,2.260325105370489e-06,1.760342999785413e-06,0.029312232702845734,0.15000000000000002,0.65,"{'I': 1, 'W': 0, 'R': 1, 'C': 'free'}",False,True,True,0.3333333333333333,3
6,1,0.0011405215226965454,0.2271228381621326,0.00469877418435879,1.1055353277746574,1.0001395474263088,1.1411155880194943,0.0006974451243664248,0.9984481571586725,,0.09999999999999998,0.09999999999999998,3.4663274394003814e-07,3.9278633989571296e-07,8.939699469050877e-06,0.050000000000000044,0.050000000000000044,"{'I': 1, 'W': 0, 'R': 1, 'C': 'free'}",False,True,True,1.0,3
6,2,0.00048640505776873926,0.3646860125898807,0.001932582213385851,2.1206039680931337,1.0000490320174438,1.2494578395431368,0.00029414162434959756,0.9999969319075618,,0.15000000000000002,0.25,1.9947299523047882e-06,6.144177446268555e-06,0.0002611903081164756,0.15000000000000002,0.25,"{'I': 1, 'W': 0, 'R': 1, 'C': 'free'}",False,True,True,1.0,3
6,3,0.020875596888719806,0.4005069692731677,0.0957263521009045,2.14913254804833,1.003521876531607,1.2710280776092233,0.017424846681808548,0.9999999924855234,,0.4,0.4,4.785094480094998e-06,1.0130178991347127e-05,5.829127219463308e-05,0.4,0.35,"{'I': 1, 'W': 0, 'R': 1, 'C': 'free'}",True,True,True,0.0,3
6,4,0.0006144904957311442,0.4493670699012054,0.0018778622675202899,2.132712530179273,1.000175765086276,1.2825999443602656,0.0008783622208788922,0.9999999899711771,,0.7,0.4,1.3007123784332373e-05,2.902324233006243e-06,2.7535687737054964e-05,0.5,0.35,"{'I': 1, 'W': 0, 'R': 1, 'C': 'free'}",True,False,True,0.0,3
6,5,6.169969296724945e-05,0.41557185725605644,0.00020752801455610544,1.680157647939071,1.0000048478255632,1.227831838942774,2.908645985633118e-05,0.9999650815099718,,0.4,0.25,3.7266388293163445e-06,6.144197698397542e-06,8.481104023484373e-05,0.25,0.35,"{'I': 1, 'W': 0, 'R': 1, 'C': 'free'}",True,True,True,0.0,3
6,6,2.0082973977781143e-05,0.4039655297299749,7.987914771732371e-05,2.1376621802070654,1.0000014503773864,1.2451343157705268,8.702220143042005e-06,0.9999995826365253,,0.5,0.4,3.120190380349486e-05,2.902311981797536e-06,4.539785221576586e-05,0.25,0.35,"{'I': 1, 'W': 0, 'R': 1, 'C': 'free'}",False,True,True,0.6666666666666666,3
6,7,4.7291421280484745e-05,0.4458342478154952,0.00020153335271021747,2.0654405656224104,1.0000038487371832,1.4211389688561287,2.694074552911374e-05,0.9999999999998939,0.15,0.7,0.25,8.939699441617325e-06,3.7266388341110105e-06,1.012998733756779e-05,0.65,0.35,"{'I': 1, 'W': 0, 'R': 1, 'C': 'free'}",True,False,True,0.0,3
60,1,0.04422636634352306,0.3144783147401758,0.5073288847299149,2.1227371100184915,1.0144464739658476,1.231685386437337,0.17010868504096888,0.9999995376032298,,0.15000000000000002,0.15000000000000002,2.382369666839572e-07,6.475945648488681e-07,5.829127247408762e-05,0.050000000000000044,0.15000000000000002,"{'I': 1, 'W': 0, 'R': 1, 'C': 'free'}",False,True,True,1.0,3
60,2,0.0002111664776706312,0.27045725192597736,0.0015447678529658822,1.8666991802857786,1.00002036538581,1.1781604545214295,0.0002647122772181376,0.99996151206275,,0.09999999999999998,0.09999999999999998,8.315279248355396e-07,6.475945643131478e-07,3.535625472713226e-05,0.050000000000000044,0.050000000000000044,"{'I': 1, 'W': 0, 'R': 1, 'C': 'free'}",False,True,True,1.0,3
60,3,0.0029838153175348082,0.22622543527400854,0.013970703700275759,1.854391610456668,1.0003858513273434,1.1328011102327427,0.0023119846720640602,0.9999950689349336,0.0,0.25,0.25,3.535625413954872e-05,1.67015612379614e-05,0.1480471915642558,0.15000000000000002,0.25,"{'I': 1, 'W': 0, 'R': 1, 'C': 'free'}",False,True,True,1.0,3
60,4,0.006220903838207646,0.29364215201229216,0.06048947207588513,1.4914028535395443,1.0010446019173376,1.182945992546747,0.013481042825328804,0.9999985451888789,,0.09999999999999998,0.09999999999999998,6.144177209869516e-06,7.88926427561732e-06,2.7535687489151216e-05,0.050000000000000044,0.050000000000000044,"{'I': 1, 'W': 0, 'R': 1, 'C': 'free'}",True,True,True,0.0,3
60,5,0.07917534838668804,0.29491600211411656,0.4750515677400787,1.495991527252427,1.034138681951491,1.2045057757027358,0.18242556912715124,0.9999932666491623,0.0,0.09999999999999998,0.09999999999999998,8.939699029228692e-06,4.785094409378259e-06,1.3007123769871001e-05,0.0,0.050000000000000044,"{'I': 1, 'W': 0, 'R': 1, 'C': 'free'}",True,True,True,0.0,3
60,6,0.009787446273555522,0.24661558394294764,0.037614348173020555,1.466117604622984,1.0015182294537597,1.2167217030254467,0.01206327308487587,0.9999999993699943,0.0,0.15000000000000002,0.15000000000000002,1.0129987336698408e-05,1.300712375681407e-05,7.484626286797364e-05,0.050000000000000044,0.15000000000000002,"{'I': 1, 'W': 0, 'R': 1, 'C': 'free'}",False,True,True,0.0,3
60,7,0.013677396447108922,0.2001587504598144,0.10941144826232774,1.3567844612134086,1.0029099661582663,1.1325520582067503,0.02297781821541056,0.9998718225886812,0.0,0.09999999999999998,0.09999999999999998,2.561281274138331e-06,1.0129987027509618e-05,1.3007123781366351e-05,0.0,0.050000000000000044,"{'I': 1, 'W': 0, 'R': 1, 'C': 'free'}",True,False,True,0.0,3
6014,1,0.004265793875123739,0.32905546001442887,0.033457117306776335,1.785079663270725,1.0006488259565118,1.2866422967658404,0.005820534708579572,0.9999998364634242,,0.09999999999999998,0.09999999999999998,8.31527923671531e-07,1.0677029944198548e-06,0.00023050665787537031,0.050000000000000044,0.050000000000000044,"{'I': 1, 'W': 0, 'R': 1, 'C': 'free'}",False,True,True,1.0,3
6014,2,0.0002148883762873367,0.4120228195030126,0.0012340753533539993,1.489744552124843,1.0000211784723416,1.2879400714179774,0.0001270614154996741,0.9999967995044792,,0.19999999999999996,0.15000000000000002,2.9023119533871785e-06,4.785094420697899e-06,5.1442212553165545e-05,0.050000000000000044,0.15000000000000002,"{'I': 1, 'W': 0, 'R': 1, 'C': 'free'}",False,True,True,1.0,3
6014,3,0.01574437040506666,0.2121568136185674,0.10941157562768279,1.9695652520263849,1.003335678214644,1.1216602055190046,0.023041290398233993,0.999997079922688,0.05,0.09999999999999998,0.15000000000000002,2.2603250997263044e-06,8.939699309175875e-06,7.48462620867595e-05,0.050000000000000044,0.050000000000000044,"{'I': 1, 'W': 0, 'R': 1, 'C': 'free'}",False,True,True,0.6666666666666666,3
6014,4,1.6961675537571993e-05,0.3312360268213997,7.981974539400627e-05,1.842306952857219,1.0000011722224875,1.2023352434002172,7.033306069326173e-06,0.9999998909125588,,0.09999999999999998,0.09999999999999998,4.222834834682846e-06,1.0129987189629991e-05,4.5397852129712176e-05,0.050000000000000044,0.050000000000000044,"{'I': 1, 'W': 0, 'R': 1, 'C': 'free'}",True,True,True,0.0,3
6014,5,0.0040194466378887265,0.32334451659275454,0.026472344126137342,1.7153034593219323,1.00060551195992,1.2648555445017184,0.004228336287359413,0.9999999089718092,,0.19999999999999996,0.15000000000000002,0.00013982202298746954,1.013005779819479e-05,7.48462625320714e-05,0.050000000000000044,0.050000000000000044,"{'I': 1, 'W': 0, 'R': 1, 'C': 'free'}",False,True,True,0.3333333333333333,3
6014,6,5.1241708534880155e-06,0.3389320229884023,1.6747381078381454e-05,1.5785118900527433,1.0000003235680062,1.2243376642632746,2.264973112175994e-06,0.99999763232239,,0.19999999999999996,0.09999999999999998,1.1478768043518312e-05,1.1478767844598314e-05,7.484626231720247e-05,0.050000000000000044,0.050000000000000044,"{'I': 1, 'W': 0, 'R': 1, 'C': 'free'}",True,False,True,0.0,3
6014,7,0.00010923563748938892,0.2748072577813158,0.0002580077228393918,1.1599548784404168,1.0000087873970522,1.2172545537334014,6.150961730821969e-05,0.9999989448809937,,0.19999999999999996,0.15000000000000002,4.785094491213725e-06,2.902315081170732e-06,9.610239206083174e-05,0.15000000000000002,0.15000000000000002,"{'I': 1, 'W': 0, 'R': 1, 'C': 'free'}",False,True,True,0.0,3
6028,1,0.10013964378111755,0.33187049700090376,0.5354934103561254,1.1861222413575527,1.0378364409166536,1.3516216579558944,0.19974848401180156,0.9999893461985667,,0.09999999999999998,0.09999999999999998,5.04347647987882e-07,1.067702994561485e-06,4.0063691942847575e-05,0.050000000000000044,0.050000000000000044,"{'I': 1, 'W': 0, 'R': 1, 'C': 'free'}",False,True,True,1.0,3
6028,2,6.675774294261949e-05,0.2770615644440108,0.00017754165166273004,1.7291237393995662,1.000005111083838,1.1415357883372357,4.088773028509962e-05,0.9999779530793805,0.05,0.15000000000000002,0.15000000000000002,2.2603250963857297e-06,4.785094448160596e-06,0.00015843623465663223,0.050000000000000044,0.25,"{'I': 1, 'W': 0, 'R': 1, 'C': 'free'}",False,True,True,0.0,3
6028,3,7.86020711737837e-06,0.4123340705018407,2.4609058680474316e-05,1.70134331985469,1.000000516573409,1.2741782211444217,3.0994348492185964e-06,0.999999999899276,,0.4,0.4,1.4738988769671525e-05,1.6701520253051907e-05,0.017986211766605743,0.65,0.35,"{'I': 1, 'W': 0, 'R': 1, 'C': 'free'}",False,True,True,0.0,3
6028,4,0.20690622783578272,0.43800797147624126,0.6974376471978767,1.8896669903245364,1.474814545326055,1.2671136172787685,0.9028203060604194,0.9999999962921323,0.05,0.19999999999999996,0.25,4.222834948496044e-06,1.7603430024714073e-06,0.0002034270460429148,0.15000000000000002,0.35,"{'I': 1, 'W': 0, 'R': 1, 'C': 'free'}",False,True,True,1.0,3
6028,5,0.008229096349122026,0.49275387728397946,0.04936415771167129,1.7537205919628363,1.0014369434743144,1.3862123719372899,0.008578465525295176,0.9999999997732352,0.05,0.15000000000000002,0.15000000000000002,2.2603250974640433e-06,1.7603429993432403e-06,5.829127240267078e-05,0.050000000000000044,0.25,"{'I': 1, 'W': 0, 'R': 1, 'C': 'free'}",True,False,True,0.0,3
6028,6,1.8981526735230984e-06,0.5340763227082824,9.919848959175121e-06,1.947678653078299,1.000000102179371,1.4465487170834974,7.152553038736187e-07,0.9999999999995488,,0.19999999999999996,0.15000000000000002,9.422445907570274e-07,1.2098659693276598e-06,4.53978522079612e-05,0.15000000000000002,0.25,"{'I': 1, 'W': 0, 'R': 1, 'C': 'free'}",True,True,True,0.0,3
6028,7,0.01430574792397336,0.4457904748189654,0.07595376686817272,2.103335365608345,1.0025441448239423,1.4048711565084075,0.01762915344079674,1.0,0.05,0.30000000000000004,0.15000000000000002,4.539785227347406e-05,2.9023119819928652e-06,0.0001233946189272927,0.15000000000000002,0.15000000000000002,"{'I': 1, 'W': 0, 'R': 1, 'C': 'free'}",False,True,True,0.0,3
6030,1,0.004750362785662673,0.1473387944231309,0.0326394697913476,1.2571570658776272,1.0007549631037003,1.056412387651755,0.005268818663416441,0.9055590955120759,,0.09999999999999998,0.09999999999999998,3.9278633986607946e-07,1.0677029948645238e-06,2.1444958513230413e-05,0.050000000000000044,0.050000000000000044,"{'I': 1, 'W': 0, 'R': 1, 'C': 'free'}",False,True,True,1.0,3
6030,2,0.006182716368331521,0.20044720100681074,0.026478340550178846,1.3757394014674502,1.000866120823074,1.096493422653151,0.006041895593358659,0.9809567674208989,,0.09999999999999998,0.09999999999999998,1.553497188098145e-06,2.9023119633895844e-06,4.5397851154636985e-05,0.050000000000000044,0.050000000000000044,"{'I': 1, 'W': 0, 'R': 1, 'C': 'free'}",True,False,True,0.0,3
6030,3,4.698073090523272e-05,0.18464422038537212,0.0003166921887104161,1.2530829547962883,1.0000040190100619,1.1515838365116688,2.8132618169363077e-05,0.9992519572602209,,0.09999999999999998,0.09999999999999998,1.1478767598892977e-05,4.785094414766165e-06,4.0063691912950165e-05,0.0,0.050000000000000044,"{'I': 1, 'W': 0, 'R': 1, 'C': 'free'}",True,False,True,0.0,3
6030,4,2.351218607965935e-05,0.15575764179091406,9.804129330643458e-05,1.2098806612052038,1.0000017540755617,1.0863390145994027,1.2278442782398535e-05,0.9894826999255261,,0.09999999999999998,0.09999999999999998,1.7603429951064497e-06,2.561281276489848e-06,5.829127240218783e-05,0.0,0.050000000000000044,"{'I': 1, 'W': 0, 'R': 1, 'C': 'free'}",True,False,True,0.0,3
6030,5,0.0033119580855877104,0.2449419386398818,0.02646626583306506,1.5563193769129668,1.000510183983173,1.1927164271168422,0.004072117421326182,0.9999482492370656,0.0,0.09999999999999998,0.09999999999999998,2.260325084494773e-06,2.561281554109513e-06,4.006369199308272e-05,0.0,0.050000000000000044,"{'I': 1, 'W': 0, 'R': 1, 'C': 'free'}",True,False,True,0.0,3
6030,6,3.6874356257573375e-05,0.1419027634383623,0.00025373091574399227,1.1625442568214865,1.000003054713095,1.0918066980083574,2.443736883717129e-05,0.9920203560376861,0.0,0.09999999999999998,0.09999999999999998,1.3709578448958935e-06,2.9023118897674334e-06,3.12019036774502e-05,0.0,0.050000000000000044,"{'I': 1, 'W': 0, 'R': 1, 'C': 'free'}",True,False,True,0.0,3
6030,7,0.002680128482132686,0.10982914652633258,0.021421022755537634,0.681469283220933,1.00039747210168,1.0614484050473518,0.0031740969139448794,0.9522298427214455,0.0,0.09999999999999998,0.09999999999999998,2.9023119493765415e-06,5.4222174991035095e-06,2.1444958517060997e-05,0.0,0.050000000000000044,"{'I': 1, 'W': 0, 'R': 1, 'C': 'free'}",True,False,True,0.0,3
6055,1,0.029526188056331986,0.2561609782432981,0.19086497419466275,1.1690314967239073,1.0072682562585649,1.221998188002634,0.049430298605859346,0.999399671158436,0.0,0.050000000000000044,0.09999999999999998,8.315279260240995e-07,1.0677029955416286e-06,2.753568773364497e-05,0.050000000000000044,0.050000000000000044,"{'I': 1, 'W': 0, 'R': 1, 'C': 'free'}",False,True,True,1.0,3
6055,2,0.0019283539161147585,0.22445897891985173,0.017311428242647454,1.5873864612427266,1.000275428249091,1.1458485472595694,0.002475443954095935,0.9988942955018079,0.0,0.09999999999999998,0.09999999999999998,4.4508526308337615e-07,1.3007123230662993e-05,0.09534945849643676,0.050000000000000044,0.050000000000000044,"{'I': 1, 'W': 0, 'R': 1, 'C': 'free'}",False,True,True,1.0,3
6055,3,0.0003097963586993739,0.3223225714983697,0.0018150804802922137,1.2899421038640204,1.0000306543917141,1.2699394495177945,0.0001839066183715321,0.9997668719681998,,0.050000000000000044,0.09999999999999998,6.962257759295099e-06,1.6701578734851666e-05,0.000108896933658655,0.0,0.050000000000000044,"{'I': 1, 'W': 0, 'R': 1, 'C': 'free'}",True,True,True,0.0,3
6055,4,3.4291977375288974e-06,0.18231853421009928,1.773190832503175e-05,1.2018897268898519,1.0000002213885995,1.1485381955773086,1.5497188243784876e-06,0.9999898157684467,0.0,0.050000000000000044,0.050000000000000044,4.785094491348853e-06,6.475945657691529e-07,1.7603430008388405e-06,0.0,0.050000000000000044,"{'I': 0, 'W': 1, 'R': 0, 'C': 'costly'}",False,True,True,0.6666666666666666,3
6063,1,0.01656088750184883,0.23237980285921989,0.13234323644660126,0.9299245810071921,1.0037270863847247,1.1438153375810822,0.029322758571573515,0.9920715729889823,,0.050000000000000044,0.09999999999999998,9.931194494271341e-08,5.043476478412089e-07,4.785094483501215e-06,0.050000000000000044,0.050000000000000044,"{'I': 1, 'W': 0, 'R': 1, 'C': 'free'}",False,True,True,1.0,3
6063,2,0.005835423170265749,0.19820940266295745,0.026465031123122453,1.7162792487720404,1.0008493519262975,1.117251202592042,0.00508099643213189,0.9998991952391696,0.0,0.15000000000000002,0.09999999999999998,4.222834944837974e-06,5.4222176134562244e-06,1.670142977784365e-05,0.050000000000000044,0.050000000000000044,"{'I': 1, 'W': 0, 'R': 1, 'C': 'free'}",False,True,True,1.0,3
6063,3,0.000985440436299348,0.25653148220405936,0.004699625970067976,1.2551515004658522,1.0001100499553446,1.1762611832274734,0.0006600454758409757,0.9992096229544581,0.0,0.0,0.050000000000000044,2.9023119847809826e-06,1.855391460539315e-07,4.22283486268765e-06,0.0,0.0,"{'I': 0, 'W': 1, 'R': 0, 'C': 'costly'}",False,True,True,1.0,3
6090,1,0.0029246387623337727,0.2090150467201246,0.017311426197701762,1.1266985712581659,1.0004157348661462,1.2011777782916422,0.0024907836718677245,0.997164910678755,,0.050000000000000044,0.09999999999999998,9.422445888038772e-07,9.422445908315668e-07,4.539785195980743e-05,0.050000000000000044,0.050000000000000044,"{'I': 1, 'W': 0, 'R': 1, 'C': 'free'}",False,True,True,1.0,1
6090,2,3.984375082098326e-05,0.16763752459946982,0.00013426028976283358,1.2473750764442535,1.0000030040661474,1.0906734468163484,1.5020195371695522e-05,0.932163558536969,,0.09999999999999998,0.09999999999999998,8.315279263496724e-07,1.3007123350406145e-05,0.00012339461765722016,0.050000000000000044,0.050000000000000044,"{'I': 1, 'W': 0, 'R': 1, 'C': 'free'}",False,True,True,1.0,1
6090,3,0.00683266049041194,0.11272952089335131,0.031135878521437454,1.4788668697611822,1.0009935423987595,1.0608874634199834,0.004952939354559316,0.6933706990271598,0.0,0.0,0.0,0.26894142043644276,1.0677029972395663e-06,7.484626278152027e-05,0.0,0.0,"{'I': 0, 'W': 1, 'R': 0, 'C': 'costly'}",False,True,True,1.0,1
6092,1,0.015326058055892764,0.2062927694018714,0.09009477663372745,1.5423526676729316,1.0030585473420863,1.1173032374296554,0.018156426406958248,0.9712573920522078,,0.050000000000000044,0.09999999999999998,1.5534971889299871e-06,1.0677029931756601e-06,3.5356254445721097e-05,0.050000000000000044,0.050000000000000044,"{'I': 1, 'W': 0, 'R': 1, 'C': 'free'}",False,True,True,1.0,3
6092,2,0.08454146055066417,0.08587147634372884,0.5822039885945935,1.4180720867688767,1.0459273820128019,1.0373569564225562,0.26972022978893695,0.8280329403037506,0.0,0.050000000000000044,0.050000000000000044,0.999769492730954,6.1441775114750515e-06,0.014063626361667168,0.050000000000000044,0.050000000000000044,"{'I': 0, 'W': 1, 'R': 0, 'C': 'costly'}",False,True,True,0.0,3
6100,1,0.0018655733850765196,0.2151591768492446,0.009064392353763913,1.1453759769643495,1.0002350657200503,1.1351004663559996,0.0018785381059078787,0.9986252735439634,0.0,0.050000000000000044,0.09999999999999998,3.466327433397524e-07,2.1024339100641122e-07,1.67014297420134e-05,0.050000000000000044,0.050000000000000044,"{'I': 1, 'W': 0, 'R': 1, 'C': 'free'}",False,True,True,1.0,3
6100,2,0.04275585493052524,0.20233005625527734,0.27390961810237274,1.782231177631116,1.011952966980074,1.1307318980084462,0.07980958845534081,0.9990911330675557,0.0,0.09999999999999998,0.09999999999999998,3.2887506042680895e-06,3.7266388044482864e-06,4.539785135850561e-05,0.050000000000000044,0.050000000000000044,"{'I': 1, 'W': 0, 'R': 1, 'C': 'free'}",False,True,True,1.0,3
6100,3,0.00017618484756408263,0.20755773145692044,0.0010240997003303713,1.5816450889586886,1.0000160529089817,1.0989655201804238,9.631204250792891e-05,0.995803143409727,,0.050000000000000044,0.09999999999999998,2.2603250561461242e-06,4.222834886420262e-06,0.00010889694208304151,0.050000000000000044,0.050000000000000044,"{'I': 1, 'W': 0, 'R': 1, 'C': 'free'}",False,True,True,0.0,3
6100,4,5.781497398254687e-05,0.1659468185755541,0.0003258611830261591,1.6435409888562544,1.0000046888501903,1.0872768311854495,2.813263945666833e-05,0.9952768532348684,,0.09999999999999998,0.09999999999999998,4.222834891419877e-06,6.96225778991075e-06,8.481103766903441e-05,0.050000000000000044,0.050000000000000044,"{'I': 1, 'W': 0, 'R': 1, 'C': 'free'}",True,False,True,0.0,3
6100,5,0.0630271465854755,0.16049426564954838,0.419308117074905,1.7267791344674044,1.0236233301199724,1.0733134785051723,0.15078282196897697,0.989935966073457,0.0,0.09999999999999998,0.09999999999999998,8.939699232425457e-06,1.3007123294156544e-05,0.0001233946150743216,0.050000000000000044,0.050000000000000044,"{'I': 1, 'W': 0, 'R': 1, 'C': 'free'}",True,False,True,0.0,3
6100,6,0.0014573798067863194,0.15441215493742913,0.00868651280699053,1.3893010707975861,1.000181057269916,1.0786824632268164,0.0010856555353067066,0.9927236293009737,,0.09999999999999998,0.09999999999999998,7.889264257378776e-06,1.4738988544678153e-05,0.00013982201979939742,0.050000000000000044,0.050000000000000044,"{'I': 1, 'W': 0, 'R': 1, 'C': 'free'}",True,False,True,0.0,3
6100,7,0.008798503319641982,0.15952552923041163,0.06049294044607463,1.3990160454455292,1.0015937195621598,1.0683258245298732,0.011085257236127966,0.9854466996390217,0.0,0.09999999999999998,0.09999999999999998,7.889264292429345e-06,2.1444957703618825e-05,6.605215902605511e-05,0.050000000000000044,0.050000000000000044,"{'I': 1, 'W': 0, 'R': 1, 'C': 'free'}",True,False,True,0.0,3
6102,1,0.007398454432328769,0.19076572463687452,0.033845586850441964,1.1520872273247083,1.0011767437162407,1.0985980609847492,0.010528648702213372,0.9691707217094442,,0.050000000000000044,0.09999999999999998,1.6373770561593938e-07,1.3709578570483135e-06,0.00020342704394974706,0.050000000000000044,0.050000000000000044,"{'I': 1, 'W': 0, 'R': 1, 'C': 'free'}",False,True,True,1.0,3
6102,2,1.7762795611631004e-05,0.15135166269000766,0.00015934535686104993,1.323297091106667,1.0000013947411814,1.0847253798637,1.3947304823846984e-05,0.9742599773733066,,0.09999999999999998,0.09999999999999998,8.315279258868291e-07,1.3007123418187851e-05,0.0019267342734052312,0.050000000000000044,0.15000000000000002,"{'I': 1, 'W': 0, 'R': 1, 'C': 'free'}",False,True,True,1.0,3
6102,3,5.940354532458582e-05,0.13844146280661945,0.00019129817598984022,0.8793950543469249,1.0000046491456784,1.1031645170351239,2.324540417752985e-05,0.9977285542704929,0.0,0.0,0.050000000000000044,0.00020342704654329442,1.760343003297892e-06,1.6701429793049723e-05,0.0,0.050000000000000044,"{'I': 0, 'W': 1, 'R': 0, 'C': 'costly'}",False,True,True,0.6666666666666666,3
6108,1,0.027187097893761836,0.2004231511838059,0.15935376431336867,1.4126315123114326,1.0064326047824714,1.106713564847379,0.03774137478575501,0.9647761106129112,0.0,0.050000000000000044,0.09999999999999998,8.315279235216707e-07,6.475945651789906e-07,8.939699431479377e-06,0.050000000000000044,0.050000000000000044,"{'I': 1, 'W': 0, 'R': 1, 'C': 'free'}",False,True,True,1.0,3
6108,2,3.881853483431772e-05,0.12549051913444234,0.00010059633291683858,1.0432642360727522,1.0000028610186746,1.0412503146292011,1.4304970592293742e-05,0.7932957910475326,,0.09999999999999998,0.09999999999999998,3.2887505882721005e-06,4.785094408107108e-06,5.144221659824545e-05,0.050000000000000044,0.050000000000000044,"{'I': 1, 'W': 0, 'R': 1, 'C': 'free'}",False,True,True,1.0,3
6108,3,0.13791818758425067,0.2872180753743701,0.6853965095763308,1.6958609283298476,1.1409135972554287,1.2735076871919668,0.8198168514144664,0.9999811665747147,0.0,0.050000000000000044,0.050000000000000044,5.829127241508775e-05,2.260325103587114e-06,1.1478767902683907e-05,0.0,0.050000000000000044,"{'I': 0, 'W': 1, 'R': 0, 'C': 'costly'}",False,True,True,0.0,3
612,1,0.003305835966023508,0.2771333100052459,0.01731142518135309,1.394681862248125,1.0004575300760359,1.2132565281740952,0.0027407898050022528,0.9969701516209973,,0.050000000000000044,0.09999999999999998,1.3709578557550837e-06,1.7603429956100597e-06,0.00010889693355162332,0.050000000000000044,0.050000000000000044,"{'I': 1, 'W': 0, 'R': 1, 'C': 'free'}",False,True,True,1.0,3
612,2,5.0522205692002366e-05,0.27417574201738215,0.000251981599791032,1.924363071359918,1.0000042914974299,1.172271122387459,2.1457210898190304e-05,0.9987386918658298,,0.09999999999999998,0.09999999999999998,5.715002412553196e-07,7.88926430645759e-06,0.00020342704356453637,0.050000000000000044,0.050000000000000044,"{'I': 1, 'W': 0, 'R': 1, 'C': 'free'}",False,True,True,1.0,3
612,3,0.06477953166408043,0.2631724354838083,0.6277048296559123,1.465734040152668,1.0339196220046516,1.1300013360541585,0.3731189898495426,0.9822828272411186,0.0,0.0,0.09999999999999998,0.9999417078137295,6.475945665218094e-07,8.481104068196982e-05,0.0,0.050000000000000044,"{'I': 0, 'W': 1, 'R': 0, 'C': 'costly'}",False,True,True,1.0,3
6128,1,0.03825332594716417,0.21695650752689036,0.1908649741380436,1.016886086097852,1.0097713339381573,1.1680597166938567,0.04745651158472941,0.9972689589224935,,0.050000000000000044,0.09999999999999998,8.76424848900729e-08,5.715002417122378e-07,2.4300252110129212e-05,0.050000000000000044,0.050000000000000044,"{'I': 1, 'W': 0, 'R': 1, 'C': 'free'}",False,True,True,1.0,3
6128,2,0.004298293383443032,0.5199748966849274,0.021440603172165805,1.909997685690802,1.0005776465339957,1.4010198729068364,0.004034198990815141,0.999999987640297,0.05,0.19999999999999996,0.15000000000000002,1.209865968405626e-06,4.785094410851497e-06,5.144221306241664e-05,0.050000000000000044,0.35,"{'I': 1, 'W': 0, 'R': 1, 'C': 'free'}",False,True,True,1.0,3
6128,3,0.001933379307758698,0.504690916217367,0.017311511906002528,1.686127430426764,1.0002757992240343,1.3590281851682742,0.002478773540396939,0.9999999978114833,0.05,0.15000000000000002,0.15000000000000002,3.726638809603884e-06,5.422216993267542e-06,0.02297737199713456,0.050000000000000044,0.25,"{'I': 1, 'W': 0, 'R': 1, 'C': 'free'}",False,True,True,1.0,3
6128,4,0.00019484849534882255,0.48526415839925663,0.000986084645957369,1.9579471474407706,1.0000169669455374,1.3067232424302981,0.00010179562807599574,0.9999988124946084,,0.30000000000000004,0.15000000000000002,1.892514563253168e-05,4.540018431606376e-05,0.04742587279107474,0.15000000000000002,0.25,"{'I': 1, 'W': 0, 'R': 1, 'C': 'free'}",True,True,True,0.0,3
6128,5,5.488143268759981e-06,0.376200248507333,1.817797155347683e-05,1.632678340973178,1.000000342726631,1.2798332588141337,2.7418088208719382e-06,0.9999999153014192,,0.15000000000000002,0.15000000000000002,6.962257846017799e-06,1.1478816485241423e-05,1.8925145900712748e-05,0.050000000000000044,0.15000000000000002,"{'I': 1, 'W': 0, 'R': 1, 'C': 'free'}",True,True,True,0.0,3
6128,6,1.1117639982095714e-05,0.31914281210373824,5.038008513654e-05,1.725246848476498,1.000000789760711,1.2258668856200672,6.3180632353665445e-06,0.9999691403492427,,0.15000000000000002,0.15000000000000002,4.222834917403862e-06,2.5612870736890854e-06,4.006369191418949e-05,0.050000000000000044,0.25,"{'I': 1, 'W': 0, 'R': 1, 'C': 'free'}",True,False,True,0.0,3
6128,7,4.620677015603667e-06,0.4372351680641366,2.512894840680765e-05,1.747227287563871,1.0000002980230542,1.2926365052225068,2.3841812364366888e-06,0.9999998415330914,,0.15000000000000002,0.15000000000000002,1.1478767977265387e-05,6.144177480684399e-06,1.8925145785862287e-05,0.050000000000000044,0.15000000000000002,"{'I': 1, 'W': 0, 'R': 1, 'C': 'free'}",True,False,True,0.0,3
6149,1,0.16892598511236054,0.2146409496322019,0.9492204571876728,1.207210929299082,1.1913112900255745,1.1210280654239917,0.6501769238605846,0.9769507934846829,,0.09999999999999998,0.09999999999999998,9.422445912631913e-07,6.47594564938945e-07,2.1444958437205753e-05,0.050000000000000044,0.050000000000000044,"{'I': 1, 'W': 0, 'R': 1, 'C': 'free'}",False,True,True,1.0,3
6149,2,0.06917449579560815,0.4358452925225678,0.48205189421188266,1.5670625697422942,1.017307619652574,1.3134230305756742,0.11318318682795281,0.9999758887605361,0.0,0.15000000000000002,0.15000000000000002,1.3709578568633857e-06,2.561297010455845e-06,3.535625476177979e-05,0.15000000000000002,0.25,"{'I': 1, 'W': 0, 'R': 1, 'C': 'free'}",False,True,True,1.0,3
6149,3,0.00011957435974587892,0.36460167242932406,0.0003792338737039828,1.1594076565805456,1.000009417474669,1.2600790147163674,5.650298559467526e-05,0.9998469320022255,,0.15000000000000002,0.19999999999999996,1.994729935718271e-06,2.2603250950262935e-06,4.5397852249391284e-05,0.050000000000000044,0.15000000000000002,"{'I': 1, 'W': 0, 'R': 1, 'C': 'free'}",True,True,True,0.0,3
6149,4,0.0008545828981526845,0.4464856175105766,0.005103104157157041,1.7873499149806311,1.0000904276319997,1.3547992861284734,0.0006327645257112602,0.9999999775481377,0.0,0.25,0.25,1.3709578577591853e-06,1.3709578591643733e-06,1.6701429784396956e-05,0.25,0.4,"{'I': 1, 'W': 0, 'R': 1, 'C': 'free'}",False,True,True,1.0,3
6149,5,0.00014595510410036157,0.4082580287507923,0.0004993798436875523,1.842242269422841,1.0000124373569796,1.1917137042694268,7.462089354104418e-05,0.9996265237513037,,0.19999999999999996,0.30000000000000004,2.561281275490044e-06,2.2603359073955967e-06,0.0002611903078853114,0.15000000000000002,0.4,"{'I': 1, 'W': 0, 'R': 1, 'C': 'free'}",True,True,True,0.0,3
6149,6,0.00018411075703477178,0.4264740582019604,0.0006266445885273472,1.4913213991474112,1.000015874501472,1.3521582944068522,9.524171705999063e-05,0.9999982829284525,,0.30000000000000004,0.4,1.9947299518312282e-06,4.785123860808744e-06,0.00010889693383110544,0.4,0.32999999999999996,"{'I': 1, 'W': 0, 'R': 1, 'C': 'free'}",True,False,True,0.0,3
6149,7,0.17661247935614405,0.5150621521203611,1.1866675919935823,1.9530672149606039,1.0768595746390026,1.3264160256419628,0.40449353156805046,0.9999999939680733,0.05,0.4,0.4,1.3007123763571444e-05,1.7603429990674307e-06,0.002472623516505026,0.4,0.4,"{'I': 1, 'W': 0, 'R': 1, 'C': 'free'}",False,True,True,0.6666666666666666,3
6151,1,0.008036886239982614,0.26438263729829525,0.04017960728592284,1.4796962826740583,1.0013440198542782,1.2008764089215282,0.006693088176810247,0.9996184314861589,,0.050000000000000044,0.09999999999999998,1.855391457407002e-07,4.450852634283966e-07,1.1478768056493574e-05,0.050000000000000044,0.050000000000000044,"{'I': 1, 'W': 0, 'R': 1, 'C': 'free'}",False,True,True,1.0,3
6151,2,0.04568164763290263,0.45274668296579235,0.3653338506583993,1.6855256946466888,1.0159936292107026,1.314211937020915,0.11921051301114649,0.9999965215060583,0.0,0.15000000000000002,0.09999999999999998,3.7266387935525302e-06,2.9023119427537594e-06,9.61023896620231e-05,0.050000000000000044,0.050000000000000044,"{'I': 1, 'W': 0, 'R': 1, 'C': 'free'}",False,True,True,1.0,3
6151,3,0.02385879503915606,0.29108524658771284,0.19086497228020874,1.6500909554990209,1.0060919417732428,1.2367894771264905,0.047426192994539984,0.9999987610037759,0.0,0.15000000000000002,0.09999999999999998,1.3709578590103253e-06,1.0130042217083609e-05,0.0005527785519897356,0.050000000000000044,0.050000000000000044,"{'I': 1, 'W': 0, 'R': 1, 'C': 'free'}",False,True,True,1.0,3
6151,4,0.0005473812511097864,0.31553881620414526,0.0037428209019395356,1.8162929744404015,1.0000522398768974,1.3393973015533707,0.0003656027381222504,0.9999996630079944,,0.09999999999999998,0.09999999999999998,2.9023119643720875e-06,1.4738988424486199e-05,3.535625442333972e-05,0.050000000000000044,0.050000000000000044,"{'I': 1, 'W': 0, 'R': 1, 'C': 'free'}",True,False,True,0.0,3
6151,5,0.0071736464267603975,0.22353968881547515,0.04032086837584327,1.0834269525853635,1.0011153466556073,1.1596259618858415,0.007772710865615817,0.9999235015756553,,0.09999999999999998,0.09999999999999998,1.7603429946459988e-06,6.9622577961773814e-06,4.5397852226548845e-05,0.050000000000000044,0.050000000000000044,"{'I': 1, 'W': 0, 'R': 1, 'C': 'free'}",True,False,True,0.0,3
6151,6,0.0011921750169624212,0.28073261956799095,0.007457938340272775,2.0248826937941775,1.0001429657496084,1.1776401975257975,0.0010001881948726865,0.9999997512138461,,0.09999999999999998,0.09999999999999998,4.785094470841185e-06,5.42221694106432e-06,4.785094491290166e-06,0.050000000000000044,0.050000000000000044,"{'I': 1, 'W': 0, 'R': 1, 'C': 'free'}",True,False,True,0.0,3
6151,7,2.1752008534671636e-06,0.3137547748256873,1.2476980567444803e-05,1.4688211882995874,1.0000001362391475,1.2318560933020004,9.536735134929586e-07,0.9999999430882532,,0.09999999999999998,0.09999999999999998,1.7603429820272984e-06,4.785094365293184e-06,4.539785203651336e-05,0.0,0.050000000000000044,"{'I': 1, 'W': 0, 'R': 1, 'C': 'free'}",True,False,True,0.0,3
6158,1,0.008192336965444517,0.29823298237397144,0.040179605248805234,1.3074939864654587,1.0013570308295812,1.1936800886588708,0.00675761838659239,0.9916049099243935,,0.050000000000000044,0.15000000000000002,6.475945646529029e-07,1.209865967188606e-06,5.82912718574703e-05,0.050000000000000044,0.050000000000000044,"{'I': 1, 'W': 0, 'R': 1, 'C': 'free'}",False,True,True,1.0,3
6158,2,8.512699029900927e-06,0.2163757996214913,5.031501380356233e-05,1.3370197381409936,1.0000006159137156,1.1279591385678052,3.695474326548265e-06,0.9908681518800775,,0.09999999999999998,0.09999999999999998,3.0590233561456227e-07,5.4222176084373086e-06,0.00015843625040455996,0.050000000000000044,0.050000000000000044,"{'I': 1, 'W': 0, 'R': 1, 'C': 'free'}",False,True,True,1.0,3
6158,3,0.06296307150895834,0.11191944704163594,0.31478361607963423,0.743536316208585,1.0202445048062012,1.0466949407793904,0.09535397629482145,0.8657499364617609,,0.0,0.050000000000000044,6.144177523384978e-06,1.3709578589616694e-06,1.76034299405035e-06,0.0,0.0,"{'I': 0, 'W': 1, 'R': 0, 'C': 'costly'}",False,True,True,1.0,3
6166,1,0.024962530020777595,0.18898835926906798,0.16738478063538623,1.2134021126583125,1.004451261913621,1.0801218764302434,0.030611375712984,0.9961098968256435,,0.15000000000000002,0.09999999999999998,3.9278633981004526e-07,4.4508526361306815e-07,2.753568770406471e-05,0.050000000000000044,0.050000000000000044,"{'I': 1, 'W': 0, 'R': 1, 'C': 'free'}",False,True,True,1.0,3
6166,2,0.008675337432968196,0.40717646381809713,0.04354954196149384,1.8682712936127177,1.0012138761386555,1.2969307327852795,0.008456024893837344,0.9999999838288068,0.05,0.15000000000000002,0.15000000000000002,1.760342997148923e-06,2.561281269646624e-06,2.4300252070423733e-05,0.050000000000000044,0.15000000000000002,"{'I': 1, 'W': 0, 'R': 1, 'C': 'free'}",False,True,True,1.0,3
6166,3,0.023193093376618092,0.331657314071023,0.17500967632405923,1.7363766545951236,1.0052454087244163,1.247240103831482,0.06085030590722185,0.9999999009977355,0.05,0.15000000000000002,0.09999999999999998,1.300712372338999e-05,6.962287225908016e-06,4.539785087083318e-05,0.050000000000000044,0.050000000000000044,"{'I': 1, 'W': 0, 'R': 1, 'C': 'free'}",False,True,True,1.0,3
6166,4,0.007511226250965854,0.37800597324855445,0.09009512396955031,1.9291690368023569,1.0015138500641703,1.2649756914422021,0.0179887006030075,0.999999051250883,0.05,0.19999999999999996,0.15000000000000002,6.144177473205355e-06,1.994729947915777e-06,5.829127206038987e-05,0.25,0.15000000000000002,"{'I': 1, 'W': 0, 'R': 1, 'C': 'free'}",True,False,True,0.0,3
6166,5,0.05182339113336571,0.37958854092629746,0.662869393501436,1.6214723580278507,1.0372476891965416,1.3396734749751542,0.37837594449443035,0.9999998964721303,0.05,0.15000000000000002,0.15000000000000002,1.0129987314485165e-05,5.422217003538596e-06,8.481103926291715e-05,0.15000000000000002,0.15000000000000002,"{'I': 1, 'W': 0, 'R': 1, 'C': 'free'}",False,True,True,1.0,3
6166,6,0.0006981041821307346,0.35229128664403436,0.009065107972692112,1.581360345656344,1.0000900644171362,1.1989203418325745,0.001170099599528296,0.9999891305071089,0.05,0.15000000000000002,0.15000000000000002,2.9023119798557875e-06,1.0677029956553364e-06,9.610239176171393e-05,0.15000000000000002,0.15000000000000002,"{'I': 1, 'W': 0, 'R': 1, 'C': 'free'}",False,True,True,0.0,3
6166,7,0.06771492714176741,0.2977726781849001,0.6274869945367415,1.6755085711296476,1.0402687481933515,1.1893924866785557,0.3261790896005953,0.9999820314520815,0.05,0.19999999999999996,0.15000000000000002,8.939699441422724e-06,2.260325099234451e-06,5.829127193098543e-05,0.15000000000000002,0.25,"{'I': 1, 'W': 0, 'R': 1, 'C': 'free'}",False,True,True,0.0,3
6174,1,0.1054646193466012,0.26845578438922363,0.6521492628535046,1.6591028411390336,1.160240742617701,1.163498516412381,0.6954805024743587,0.9999163399150403,0.0,0.09999999999999998,0.09999999999999998,5.043476470258196e-07,7.33820804340445e-07,1.6701429781798378e-05,0.050000000000000044,0.050000000000000044,"{'I': 1, 'W': 0, 'R': 1, 'C': 'free'}",False,True,True,1.0,3
6174,2,0.0005586184930772056,0.2769144924917892,0.0030938441929336392,1.3557661553639646,1.0000574081953564,1.165301749693491,0.00045914694031867764,0.9999858747251784,,0.25,0.15000000000000002,9.610239196844764e-05,1.0130049549727698e-05,0.0001233946186074307,0.25,0.25,"{'I': 1, 'W': 0, 'R': 1, 'C': 'free'}",False,True,True,0.0,3
6174,3,0.027347730204411082,0.41140275789136244,0.190864974185466,1.7798963809815282,1.0069722228082225,1.2693637922174577,0.047472408332054794,0.9999996218523407,0.0,0.25,0.25,4.22283493076417e-06,6.144203398066668e-06,5.829127223461e-05,0.15000000000000002,0.25,"{'I': 1, 'W': 0, 'R': 1, 'C': 'free'}",False,True,True,1.0,3
6174,4,0.0001557449263838026,0.2803595190784511,0.0009308619123761591,1.379091379689935,1.000013589453314,1.1940636594662968,9.512100255804068e-05,0.9993051784563436,,0.09999999999999998,0.09999999999999998,1.3007123486571587e-05,1.892527731551043e-05,0.0001233946181712517,0.050000000000000044,0.050000000000000044,"{'I': 1, 'W': 0, 'R': 1, 'C': 'free'}",False,True,True,0.0,3
6174,5,1.2695603576047333e-05,0.532867295293133,6.513522343218358e-05,1.956824022116398,1.0000008855534042,1.3916749046702221,6.198851871030975e-06,0.999999998245334,,0.30000000000000004,0.19999999999999996,2.1444958217510882e-05,2.7536045474604326e-05,0.0002305066573147333,0.15000000000000002,0.25,"{'I': 1, 'W': 0, 'R': 1, 'C': 'free'}",True,True,True,0.0,3
6174,6,0.08725843748069419,0.4374150253834899,0.8402885606428946,1.9454389009771513,1.039669102268579,1.3555128962337484,0.32228261641001577,0.9999999881482966,0.05,0.25,0.19999999999999996,1.0129987349385147e-05,3.726638833197807e-06,0.00020342704595617648,0.15000000000000002,0.4,"{'I': 1, 'W': 0, 'R': 1, 'C': 'free'}",False,True,True,1.0,3
6174,7,2.3057839381522977e-05,0.37801404843377295,0.0001266264273489686,1.429126092436047,1.0000018000537068,1.3158751817440835,1.800035885923812e-05,0.9999997891483382,0.05,0.15000000000000002,0.15000000000000002,1.7603429804293199e-06,2.2603250973495397e-06,1.8925145845795882e-05,0.050000000000000044,0.050000000000000044,"{'I': 1, 'W': 0, 'R': 1, 'C': 'free'}",False,True,True,0.0,3
6175,1,0.0016189090662970937,0.18506429125087318,0.007795582064601059,1.2758786851541621,1.000177780628336,1.1260362037442047,0.0015986043138210837,0.9987026170730252,,0.09999999999999998,0.09999999999999998,5.715002418176471e-07,1.5534971925419734e-06,2.430025210142664e-05,0.050000000000000044,0.050000000000000044,"{'I': 1, 'W': 0, 'R': 1, 'C': 'free'}",False,True,True,1.0,3
6175,2,0.001405426919702871,0.6157351311395065,0.013970706693520062,2.101121028104851,1.0001935119503114,1.5793941896322397,0.0019330615182032718,0.9999999998810202,0.05,0.15000000000000002,0.15000000000000002,3.0590233613911337e-07,1.7603429875889612e-06,0.00010889693352734605,0.050000000000000044,0.15000000000000002,"{'I': 1, 'W': 0, 'R': 1, 'C': 'free'}",False,True,True,0.6666666666666666,3
6175,3,0.007639904076465861,0.3931455775263857,0.0401926746071708,2.234142825283923,1.001160895527327,1.23440495161122,0.009238834939273355,0.9999998879999522,0.05,0.19999999999999996,0.15000000000000002,0.8519527914072282,0.0031726833758668506,5.1442212610402685e-05,0.15000000000000002,0.15000000000000002,"{'I': 1, 'W': 0, 'R': 1, 'C': 'free'}",False,True,True,1.0,3
6175,4,1.2959222656878712e-05,0.38053872758267865,5.196166310329827e-05,1.829873090324973,1.0000009139370032,1.3698920105195316,8.225395440542016e-06,0.9999999999996356,,0.19999999999999996,0.25,0.9995121418062555,0.999447221337718,0.999948557786661,0.15000000000000002,0.4,"{'I': 1, 'W': 0, 'R': 1, 'C': 'free'}",False,True,True,0.6666666666666666,3
6175,5,2.1487242589866736e-05,0.2840540168089333,0.00012668442496403017,1.564078817540626,1.000001624221011,1.2111148254176103,1.2993673118133486e-05,0.9999995236615401,,0.19999999999999996,0.19999999999999996,0.0024726232083807677,0.00015843636725211758,0.3775406560208557,0.15000000000000002,0.25,"{'I': 1, 'W': 0, 'R': 1, 'C': 'free'}",False,True,True,1.0,3
6175,6,5.2772496483760824e-05,0.3078804451494353,0.00040936381135209097,1.9559080350708327,1.000004261672036,1.2602687854668075,3.409272246968076e-05,0.9999999927141128,,0.09999999999999998,0.19999999999999996,2.5612812872793548e-06,6.144177482182389e-06,4.5397852211037374e-05,0.050000000000000044,0.050000000000000044,"{'I': 1, 'W': 0, 'R': 1, 'C': 'free'}",True,False,True,0.0,3
6175,7,0.014228347061997066,0.3464490363762232,0.06128056261966519,1.6853247171806722,1.0024323058162168,1.215464408687222,0.01924718180478513,0.9999999238532611,0.05,0.15000000000000002,0.15000000000000002,7.88926446477335e-06,4.78509448055891e-06,0.00033535003117732336,0.050000000000000044,0.050000000000000044,"{'I': 1, 'W': 0, 'R': 1, 'C': 'free'}",False,True,True,0.0,3
6180,1,0.08955463031787647,0.2331024333366968,0.6003292167549537,1.5530094574086173,1.039182681099435,1.0953231000333836,0.23588856596645758,0.9348772708124873,,0.09999999999999998,0.09999999999999998,8.315279247898635e-07,3.288750597697148e-06,0.000552778542822338,0.050000000000000044,0.050000000000000044,"{'I': 1, 'W': 0, 'R': 1, 'C': 'free'}",False,True,True,1.0,3
6180,2,0.0017575140283113096,0.5370670704021251,0.010467078407827056,2.162679203960592,1.0003590160185438,1.3120386087984437,0.0021513919580092855,0.9999999927275028,,0.15000000000000002,0.15000000000000002,2.5612812825221793e-06,8.939699159964184e-06,0.00012339461840613409,0.15000000000000002,0.15000000000000002,"{'I': 1, 'W': 0, 'R': 1, 'C': 'free'}",False,True,True,1.0,3
6180,3,0.04574775315415889,0.18320295547842536,0.3183256377987889,1.3074668404615568,1.0144982802840095,1.1062611240238915,0.09584936064759075,0.9947591448165749,0.0,0.19999999999999996,0.15000000000000002,1.5534971898723634e-06,1.1478767896423852e-05,0.0007096703810724668,0.050000000000000044,0.050000000000000044,"{'I': 1, 'W': 0, 'R': 1, 'C': 'free'}",False,True,True,1.0,3
6180,4,0.0018903566255074331,0.316813172793276,0.011264591079181584,2.0450023317568866,1.0002514146912547,1.2848187717808324,0.0015071616406771016,0.9999791166844114,,0.09999999999999998,0.09999999999999998,6.475945646220744e-07,1.4738988138023737e-05,0.00023050665236930021,0.050000000000000044,0.15000000000000002,"{'I': 1, 'W': 0, 'R': 1, 'C': 'free'}",True,False,True,0.0,3
6180,5,5.860540696560358e-05,0.37871125599407374,0.00015538077669885467,1.7174186001233993,1.0000045498092855,1.2394324605751532,2.729842100268609e-05,0.9999986604484321,,0.19999999999999996,0.19999999999999996,8.939699412414737e-06,0.00010889818084460817,0.000552778550370034,0.15000000000000002,0.25,"{'I': 1, 'W': 0, 'R': 1, 'C': 'free'}",True,True,True,0.0,3
6180,6,0.0003276817890993237,0.22536871629601146,0.0019331788791196606,1.7149628630809362,1.0000334272366447,1.1837895755375702,0.0002339593730056322,0.9999334186098275,0.0,0.19999999999999996,0.15000000000000002,1.760342998959221e-06,8.939699284446658e-06,5.8291272399052155e-05,0.15000000000000002,0.15000000000000002,"{'I': 1, 'W': 0, 'R': 1, 'C': 'free'}",True,True,True,0.0,3
6180,7,0.022781409921690466,0.33225724896529013,0.15935383292834596,1.5483730054176583,1.0054504626259715,1.2566197392538,0.037334845315272314,0.9999956046787875,0.0,0.09999999999999998,0.09999999999999998,4.222834944605506e-06,4.785094459046898e-06,0.0002034270460662374,0.050000000000000044,0.050000000000000044,"{'I': 1, 'W': 0, 'R': 1, 'C': 'free'}",True,True,True,0.0,3
6216,1,0.1491454954862067,0.3956616336926245,0.6628503167339077,1.5103522637447777,1.1656173121868134,1.2867918707696164,0.7065378553512518,0.9999310261810297,,0.09999999999999998,0.15000000000000002,7.734422222458162e-08,7.3382080414319e-07,6.605215909207548e-05,0.050000000000000044,0.050000000000000044,"{'I': 1, 'W': 0, 'R': 1, 'C': 'free'}",False,True,True,1.0,3
6216,2,0.09042666991513082,0.29393390430963506,0.5303421504949782,1.4708008362092226,1.0393082191821468,1.2184533115522675,0.23653441125541497,0.9999991917073621,0.05,0.25,0.4,1.994729953222723e-06,3.2887990175127547e-06,0.017986213442291392,0.15000000000000002,0.25,"{'I': 1, 'W': 0, 'R': 1, 'C': 'free'}",False,True,True,1.0,3
6216,3,0.00014960227342801684,0.32039175010089277,0.0005582221830913519,1.5238996988557578,1.0000122982841264,1.227244168695232,7.378652865897006e-05,0.9999986493105605,,0.15000000000000002,0.15000000000000002,1.9947299464494392e-06,2.260325087155758e-06,4.006369167974886e-05,0.050000000000000044,0.15000000000000002,"{'I': 1, 'W': 0, 'R': 1, 'C': 'free'}",True,False,True,0.0,3
6216,4,0.08944988226837915,0.3718298299969291,0.7066471020060229,1.9995775433877578,1.0433626070149908,1.1968155034024741,0.2879379244842962,0.9999998051680158,,0.25,0.19999999999999996,2.7535687775968834e-05,1.0130042151437776e-05,8.481104028679866e-05,0.15000000000000002,0.4,"{'I': 1, 'W': 0, 'R': 1, 'C': 'free'}",False,True,True,0.3333333333333333,3
6216,5,0.0002733635351325746,0.4213476338619893,0.001085442076473015,1.8173367062420802,1.0000256440039168,1.3369277330325529,0.00020512835922004147,0.9999999999893191,,0.19999999999999996,0.25,2.902311970478105e-06,3.7266388276044863e-06,0.0002611903096752714,0.15000000000000002,0.35,"{'I': 1, 'W': 0, 'R': 1, 'C': 'free'}",True,True,True,0.0,3
6216,6,0.0024111866545333356,0.29660682563868784,0.019269738135951384,1.5919766586934672,1.0003509087540294,1.1780376882251113,0.0028028422820841614,0.9999992408805685,,0.09999999999999998,0.15000000000000002,3.726638829465552e-06,1.370957858288646e-06,9.610240159306987e-05,0.050000000000000044,0.050000000000000044,"{'I': 1, 'W': 0, 'R': 1, 'C': 'free'}",True,False,True,0.0,3
6216,7,0.00014664026358335934,0.3200266392181989,0.0010522841637785568,1.6638250735914522,1.0000138128211007,1.228381490634055,0.00011049570053678348,0.9999999967390816,,0.15000000000000002,0.15000000000000002,1.067702996813371e-06,3.7266388087506184e-06,9.610239201050793e-05,0.050000000000000044,0.15000000000000002,"{'I': 1, 'W': 0, 'R': 1, 'C': 'free'}",True,True,True,0.0,3
6237,1,0.0014437220036297427,0.2471549465612552,0.01731142964245764,1.095997065652427,1.0002063752890145,1.1209890130927695,0.0024731845858698698,0.9953362392272944,,0.050000000000000044,0.09999999999999998,5.715002400141346e-07,9.422445905626619e-07,1.3007123773465858e-05,0.050000000000000044,0.050000000000000044,"{'I': 1, 'W': 0, 'R': 1, 'C': 'free'}",False,True,True,1.0,3
6237,2,1.4288044104449506e-05,0.2393752814115964,7.075110380114861e-05,1.3739162398306572,1.000001028178433,1.1487356916556952,8.22538940803419e-06,0.9999076892463087,,0.09999999999999998,0.09999999999999998,3.059023360179594e-07,2.260334640456014e-06,2.144495855144543e-05,0.050000000000000044,0.050000000000000044,"{'I': 1, 'W': 0, 'R': 1, 'C': 'free'}",False,True,True,0.6666666666666666,3
6237,3,7.2182569226874615e-06,0.25403763576510385,2.90005756724362e-05,1.4217983526188758,1.000000491738012,1.1731650656938724,3.9338953925494025e-06,0.9999735577785688,,0.09999999999999998,0.09999999999999998,5.715002387458596e-07,3.7266387788160335e-06,1.0129987290371023e-05,0.050000000000000044,0.050000000000000044,"{'I': 1, 'W': 0, 'R': 1, 'C': 'free'}",True,False,True,0.0,3
6237,4,0.00011746311780914797,0.4224588849632801,0.0003078054149693494,1.9472426797864353,1.000009775097151,1.3276224436550663,4.8874052500091913e-05,0.9999999997487059,,0.19999999999999996,0.15000000000000002,1.8925145710936632e-05,1.3007214077140839e-05,2.4300251991175706e-05,0.050000000000000044,0.15000000000000002,"{'I': 1, 'W': 0, 'R': 1, 'C': 'free'}",False,True,True,1.0,3
6237,5,6.348625899356221e-06,0.3573009874286053,3.165075162639757e-05,1.4113389106267993,1.0000004529949027,1.2150479351940489,2.2649714352951378e-06,0.9999999704071798,,0.15000000000000002,0.15000000000000002,6.144177444191114e-06,3.7266388222835507e-06,6.144177513817497e-06,0.050000000000000044,0.15000000000000002,"{'I': 1, 'W': 0, 'R': 1, 'C': 'free'}",True,False,True,0.0,3
6237,6,6.500188258143497e-07,0.3174766159821557,1.9199251369659646e-06,2.0798557931848913,1.0000000238418567,1.2475289352882881,1.1920927533992653e-07,0.9999999999782038,,0.15000000000000002,0.15000000000000002,9.422445928514365e-07,2.260325100836254e-06,1.7603430032454781e-06,0.050000000000000044,0.050000000000000044,"{'I': 1, 'W': 0, 'R': 1, 'C': 'free'}",True,False,True,0.0,3
6237,7,1.0091296435185572e-06,0.22283710073097232,4.89537352691681e-06,1.1785869666310398,1.000000074505798,1.1659661455429615,5.96046184853094e-07,0.9999842016302286,,0.19999999999999996,0.09999999999999998,2.9023119707849367e-06,4.222834918199382e-06,1.6701429778170824e-05,0.050000000000000044,0.050000000000000044,"{'I': 1, 'W': 0, 'R': 1, 'C': 'free'}",True,True,True,0.0,3
6238,1,0.03863898337258352,0.239221543894775,0.26853852838360204,1.0667855303876241,1.0113631377301924,1.1628215523762608,0.07604640971017729,0.9988730316178243,,0.050000000000000044,0.09999999999999998,5.043476477175456e-07,3.927863403524382e-07,2.7535687752332315e-05,0.050000000000000044,0.050000000000000044,"{'I': 1, 'W': 0, 'R': 1, 'C': 'free'}",False,True,True,0.0,3
6238,2,0.004320935877070269,0.34156044083276493,0.021463542979094495,1.8461849406439534,1.000638295695139,1.2620359446598701,0.0031853762451082845,0.9999911607833595,,0.09999999999999998,0.09999999999999998,2.902311976066123e-06,2.902311970226393e-06,1.3007123609623331e-05,0.050000000000000044,0.050000000000000044,"{'I': 1, 'W': 0, 'R': 1, 'C': 'free'}",False,True,True,0.0,3
6238,3,0.0011887455159147503,0.251096928397924,0.005921764215785374,1.4645241299340925,1.0001432725522574,1.152105870939186,0.0007160549588276499,0.9980305958343162,,0.050000000000000044,0.09999999999999998,1.3709578413586714e-06,3.288750589582598e-06,6.962257774970569e-06,0.050000000000000044,0.050000000000000044,"{'I': 1, 'W': 0, 'R': 1, 'C': 'free'}",True,False,True,0.0,3
6238,4,0.0014656712909175676,0.40567022297878447,0.007293265975802341,1.6418531812661914,1.0001828482928383,1.2539739580078755,0.0009137401756047492,0.9999997928042608,,0.09999999999999998,0.09999999999999998,4.2228348696973815e-06,2.561281278047268e-06,5.829127180027776e-05,0.050000000000000044,0.050000000000000044,"{'I': 1, 'W': 0, 'R': 1, 'C': 'free'}",True,False,True,0.0,3
6238,5,0.053666728783963086,0.290176726320292,0.2160063251379569,2.494210261129135,1.0120151483721687,1.1754456863734635,0.10191616313877427,0.9998097765855644,0.05,0.15000000000000002,0.09999999999999998,0.00015843627802417557,1.0130035741684419e-05,5.8291272298981284e-05,0.050000000000000044,0.050000000000000044,"{'I': 1, 'W': 0, 'R': 1, 'C': 'free'}",False,True,True,0.0,3
6238,6,0.0014250677686044363,0.39548928929537264,0.011260456320149673,1.5356134201477327,1.0001891363891156,1.3543201866921646,0.0015118041117574421,0.9999983994821625,,0.09999999999999998,0.09999999999999998,5.422216992846205e-06,1.0129987263927657e-05,0.00012339461873834436,0.050000000000000044,0.050000000000000044,"{'I': 1, 'W': 0, 'R': 1, 'C': 'free'}",False,True,True,0.0,3
6238,7,0.0003913847964338858,0.3503864171838091,0.0030196964002317077,1.4033904981563312,1.0000428496243159,1.245732749686358,0.00034273090471559353,0.999999992257432,,0.30000000000000004,0.25,3.7266388350537277e-06,6.962257848889936e-06,1.6701429791437328e-05,0.15000000000000002,0.25,"{'I': 1, 'W': 0, 'R': 1, 'C': 'free'}",True,True,True,0.0,3
6249,1,0.02126449312148063,0.14700281693669143,0.15935395657802245,0.8917450998874376,1.0047618365197766,1.0456148154099396,0.05091401942564322,0.7600588707614908,,0.050000000000000044,0.09999999999999998,1.125351753477227e-07,3.927863402847848e-07,1.0129987302291548e-05,0.050000000000000044,0.050000000000000044,"{'I': 1, 'W': 0, 'R': 1, 'C': 'free'}",False,True,True,1.0,3
6249,2,0.019009955454436653,0.24121586623954389,0.13234466210430962,1.1707102131981961,1.0042679111354766,1.1234999751635018,0.029371817272090928,0.9933110474933378,0.0,0.050000000000000044,0.050000000000000044,0.1480471995992656,0.9933071485901859,0.999088947868201,0.050000000000000044,0.050000000000000044,"{'I': 0, 'W': 1, 'R': 0, 'C': 'costly'}",False,True,True,0.0,3
6268,1,0.007058968840370568,0.29227439272763467,0.04935753946405244,0.9163752960069942,1.0012319491072175,1.2555955485565906,0.008581304764341935,0.9982931061458789,,0.050000000000000044,0.09999999999999998,1.06770299164647e-06,9.422445905487874e-07,2.4300252111609985e-05,0.050000000000000044,0.050000000000000044,"{'I': 1, 'W': 0, 'R': 1, 'C': 'free'}",False,True,True,1.0,3
6268,2,0.00019910734109700117,0.11119043563780356,0.0012339576744817022,0.656740750925487,1.000019481294331,1.0325575309068173,0.00013635843435488848,0.641289799643447,,0.25,0.25,3.288750615076375e-06,5.829332973550543e-05,0.9998766048123555,0.050000000000000044,0.25,"{'I': 1, 'W': 0, 'R': 1, 'C': 'free'}",False,True,True,1.0,3
6268,3,0.02916623492978855,0.17756610244995039,0.1908649846012084,1.1167209414188375,1.0068639403591146,1.0776983014706085,0.05325351613754303,0.9762786128773082,0.0,0.050000000000000044,0.050000000000000044,0.0004305570914636869,8.315279267837574e-07,1.3007123613967868e-05,0.0,0.050000000000000044,"{'I': 0, 'W': 1, 'R': 0, 'C': 'costly'}",False,True,True,1.0,3
6276,1,0.012323202548108016,0.13013746760428652,0.07393387324007775,0.9276666834370667,1.0023634030819784,1.1124440926960104,0.014063854689686295,0.9859112574551453,,0.050000000000000044,0.09999999999999998,2.3823696658372426e-07,1.209865968259568e-06,4.006369186106988e-05,0.050000000000000044,0.050000000000000044,"{'I': 1, 'W': 0, 'R': 1, 'C': 'free'}",False,True,True,1.0,3
6276,2,1.9982121891747604e-05,0.03259750030843534,0.00015934004363105222,0.3376123834171809,1.0000016242173162,1.0064168361940413,1.2993643559888746e-05,0.2643671469519937,,0.09999999999999998,0.09999999999999998,1.067702990202429e-06,8.93969894486118e-06,5.829127212303173e-05,0.050000000000000044,0.050000000000000044,"{'I': 1, 'W': 0, 'R': 1, 'C': 'free'}",False,True,True,1.0,3
6276,3,0.06998446077582796,0.2741008846506549,0.3489696956288589,1.7148203915082216,1.019340952021632,1.1988242367847115,0.09133743104465442,0.9947989613867931,0.0,0.050000000000000044,0.09999999999999998,0.9959298611079288,3.7266388301498876e-06,8.481103949120838e-05,0.0,0.050000000000000044,"{'I': 0, 'W': 1, 'R': 0, 'C': 'costly'}",False,True,True,1.0,3
628,1,0.2024915554434597,0.2390546038180338,1.2302893930258638,1.0529108319834224,1.1039975980266596,1.2018868364903974,0.49970852732887716,0.9959812347287706,,0.050000000000000044,0.09999999999999998,8.764248492619198e-08,9.422445916310652e-07,1.012998727986916e-05,0.050000000000000044,0.050000000000000044,"{'I': 1, 'W': 0, 'R': 1, 'C': 'free'}",False,True,True,1.0,3
628,2,6.631343510132164e-05,0.3730583192828974,0.0003632962222476501,1.8432886754134192,1.0000051458118404,1.303226630731166,3.087431498360882e-05,0.999999198427399,,0.15000000000000002,0.15000000000000002,1.5534971911005141e-06,2.5612812695408497e-06,3.535625469836313e-05,0.050000000000000044,0.15000000000000002,"{'I': 1, 'W': 0, 'R': 1, 'C': 'free'}",False,True,True,1.0,3
628,3,7.366197927055745e-05,0.38921226192530756,0.0002568616072577007,1.2843852696454103,1.0000060051288073,1.2777955842263737,4.803973226819025e-05,0.9996080454188723,0.0,0.050000000000000044,0.09999999999999998,1.4738988945250042e-05,1.3709578591892858e-06,3.535625410789557e-05,0.0,0.050000000000000044,"{'I': 0, 'W': 1, 'R': 0, 'C': 'costly'}",False,True,True,1.0,3
6294,1,0.0006214715057826439,0.300766188392394,0.0037674688539320136,1.5266981796408479,1.0000686875473848,1.1815795076078044,0.0004806807554931236,0.9999968896033404,,0.09999999999999998,0.09999999999999998,3.466327437731915e-07,7.338208042869729e-07,2.7535687642009567e-05,0.050000000000000044,0.050000000000000044,"{'I': 1, 'W': 0, 'R': 1, 'C': 'free'}",False,True,True,1.0,3
6294,2,0.046614191229893985,0.3628335978513733,0.4193067531581062,1.3499649124986997,1.017964031064033,1.234867373410429,0.1480617753407658,0.9999951468729733,0.0,0.09999999999999998,0.09999999999999998,1.209865958863259e-06,1.7603429713501264e-06,1.8925145786942176e-05,0.050000000000000044,0.050000000000000044,"{'I': 1, 'W': 0, 'R': 1, 'C': 'free'}",False,True,True,1.0,3
6294,3,0.014173997064944203,0.33359515501433995,0.0913630354825354,1.6842572728888858,1.0024232671455926,1.2089146770318833,0.030974512928839792,0.9999969835826231,0.05,0.15000000000000002,0.25,2.561281287456935e-06,5.422272406723497e-06,0.00023050718906673595,0.050000000000000044,0.65,"{'I': 1, 'W': 0, 'R': 1, 'C': 'free'}",False,True,True,0.6666666666666666,3
6294,4,8.992490408570562e-06,0.3347478070601325,4.8692306881331105e-05,2.076593698534618,1.0000006159140375,1.2203286384325338,7.390938861928653e-06,0.9999998792587317,,0.09999999999999998,0.09999999999999998,4.785094414237252e-06,6.144177302090909e-06,4.5397851649218106e-05,0.050000000000000044,0.050000000000000044,"{'I': 1, 'W': 0, 'R': 1, 'C': 'free'}",True,False,True,0.0,3
6294,5,0.026019205520201368,0.38382307622905043,0.32733766431260103,1.7672929153898054,1.0076870818426047,1.2368355905261956,0.10166085491133359,0.9999541502225239,0.05,0.15000000000000002,0.15000000000000002,2.1444958593301884e-05,3.7266496237249528e-06,7.484626251007795e-05,0.15000000000000002,0.25,"{'I': 1, 'W': 0, 'R': 1, 'C': 'free'}",False,True,True,0.6666666666666666,3
6294,6,0.00034390887647021127,0.3793724610207013,0.0027211939483773573,1.4496319536947297,1.0000374119928612,1.2840563516964256,0.00029924556151372794,0.999841672235874,,0.15000000000000002,0.15000000000000002,1.3709578566178151e-06,2.2603250947572156e-06,5.1442213386885825e-05,0.15000000000000002,0.15000000000000002,"{'I': 1, 'W': 0, 'R': 1, 'C': 'free'}",False,True,True,0.3333333333333333,3
6294,7,0.023009287817904303,0.2889327705771435,0.14185197113530146,1.24442667841977,1.0043284782374804,1.147695643076223,0.06677243127181265,0.9991111333353757,0.05,0.09999999999999998,0.09999999999999998,2.1444958600080407e-05,4.785100279667612e-06,4.539785240082142e-05,0.15000000000000002,0.050000000000000044,"{'I': 1, 'W': 0, 'R': 1, 'C': 'free'}",False,True,True,0.3333333333333333,3
632,1,0.028427340062735444,0.20754623499010424,0.22720587780873738,0.9325903371820355,1.007778221845588,1.1059897398629834,0.06010303314150145,0.9341250419566839,,0.050000000000000044,0.09999999999999998,1.637377054656994e-07,4.4508526350022033e-07,1.3007123741523585e-05,0.050000000000000044,0.050000000000000044,"{'I': 1, 'W': 0, 'R': 1, 'C': 'free'}",False,True,True,1.0,3
632,2,0.012930360834746791,0.49492729240873334,0.09009483881468774,2.0547499824005993,1.0026014746380238,1.384118362262611,0.018022297031960233,0.9999999953142468,0.0,0.15000000000000002,0.25,7.889264438885165e-06,1.760351421859855e-06,0.0003353500311479401,0.15000000000000002,0.5,"{'I': 1, 'W': 0, 'R': 1, 'C': 'free'}",False,True,True,0.0,3
632,3,0.07366775905143594,0.47018630867746686,0.23709150138454474,1.9956716825362018,1.0195988298807792,1.3860784317094432,0.16027700806782974,0.9999999991574796,0.05,0.19999999999999996,0.15000000000000002,4.222834929560724e-06,1.9947299531552297e-06,2.7535687377310246e-05,0.15000000000000002,0.15000000000000002,"{'I': 1, 'W': 0, 'R': 1, 'C': 'free'}",False,True,True,0.0,3
632,4,0.02084223501961565,0.5311876935858574,0.1343462644201125,2.259320069311762,1.0043388708008332,1.4375774616876005,0.03404292378949614,1.0,0.15,0.25,0.35,6.475945665102657e-07,1.8553914605817957e-07,3.726638838906356e-06,0.35,0.35,"{'I': 1, 'W': 0, 'R': 1, 'C': 'free'}",False,True,True,0.0,3
632,5,0.004230986209378745,0.518036638476629,0.03264048395992584,1.5401758994426895,1.0006678825894268,1.439784242551637,0.005327037982799321,0.9999999980337347,0.15,0.25,0.19999999999999996,3.726638832284345e-06,6.144177507900112e-06,7.484626264906962e-05,0.25,0.35,"{'I': 1, 'W': 0, 'R': 1, 'C': 'free'}",True,False,True,0.0,3
632,6,0.00045015913955164194,0.43971323157754555,0.000985284472713074,1.3854461299581298,1.0000417225413658,1.255262066410796,0.0002085865978139756,0.9999993978114438,,0.4,0.4,0.0024726229805461025,6.1441870666779074e-06,0.0052201262312782624,0.65,0.35,"{'I': 1, 'W': 0, 'R': 1, 'C': 'free'}",False,True,True,0.0,3
632,7,0.001877110394898746,0.4734878213323596,0.011261500568127721,2.0676830075843093,1.000250440945179,1.4011518452316043,0.0015013294162088409,1.0,0.05,0.15000000000000002,0.25,1.1253517545800427e-07,1.0677029969866371e-06,2.9023119851158257e-06,0.050000000000000044,0.25,"{'I': 1, 'W': 0, 'R': 1, 'C': 'free'}",True,False,True,0.0,3
6324,1,0.0018697460489347153,0.3252866979803252,0.009064390654517836,1.3022718670493583,1.0002301416220913,1.1898779631053016,0.0013797381463156455,0.9999162722833089,0.0,0.09999999999999998,0.09999999999999998,1.6373770552565922e-07,8.315279262508214e-07,2.144495860373672e-05,0.050000000000000044,0.050000000000000044,"{'I': 1, 'W': 0, 'R': 1, 'C': 'free'}",False,True,True,1.0,3
6324,2,0.010599407858685836,0.379691613970155,0.07393391368210313,1.9752558327889052,1.002028367450909,1.2065726560009264,0.01408406993287592,0.9999999196756282,0.0,0.09999999999999998,0.15000000000000002,8.315279267521652e-07,7.338208045216933e-07,2.1444958574099752e-05,0.050000000000000044,0.15000000000000002,"{'I': 1, 'W': 0, 'R': 1, 'C': 'free'}",False,True,True,1.0,3
6324,3,0.00044826307153584817,0.17392018835161974,0.0046987707450126094,1.2500597388442236,1.000051865152353,1.0682299867997014,0.0005703391761711085,0.9452038134095582,0.0,0.050000000000000044,0.050000000000000044,3.7266388384801094e-06,1.125351754567604e-07,2.5612812856011403e-06,0.0,0.050000000000000044,"{'I': 0, 'W': 1, 'R': 0, 'C': 'costly'}",False,True,True,0.6666666666666666,3
6325,1,0.005596521438191332,0.17575145048388247,0.02186310581836949,0.8989714743226771,1.0008136924248774,1.0904105466079252,0.005677353466430279,0.9593399045337455,,0.050000000000000044,0.09999999999999998,6.475945640538645e-07,5.043476470373489e-07,5.144221300185501e-05,0.050000000000000044,0.050000000000000044,"{'I': 1, 'W': 0, 'R': 1, 'C': 'free'}",False,True,True,1.0,3
6325,2,0.0011807526082807398,0.15020594809808002,0.009064393854656414,1.55428183564836,1.0001477794247486,1.0851295531836531,0.0013290326108829076,0.9619165452162142,0.0,0.19999999999999996,0.30000000000000004,1.7603429957314948e-06,1.30071233416577e-05,0.0003353500281109756,0.050000000000000044,0.050000000000000044,"{'I': 1, 'W': 0, 'R': 1, 'C': 'free'}",False,True,True,1.0,3
6325,3,4.8843376779992995e-05,0.10660513408376619,0.0003977585154640422,1.242322884409102,1.0000042384915941,1.0670488318880103,3.8145615943729894e-05,0.9424704426331009,0.0,0.050000000000000044,0.050000000000000044,3.7266388392389654e-06,1.0677029954902918e-06,1.9947299502196494e-06,0.0,0.050000000000000044,"{'I': 0, 'W': 1, 'R': 0, 'C': 'costly'}",False,True,True,1.0,3
6333,1,0.06374104610530079,0.18454320485026948,0.40045589224030387,1.2074573479598376,1.0160452730691476,1.0840297493713282,0.13347227555281216,0.911128200371314,,0.09999999999999998,0.92,1.2098659681888941e-06,2.9023119622747823e-06,5.829127197003206e-05,0.050000000000000044,0.050000000000000044,"{'I': 1, 'W': 0, 'R': 1, 'C': 'free'}",False,True,True,1.0,3
6333,2,0.10565840960616035,0.3505475390644161,0.6768075350705138,1.6773832513919031,1.0989230131221666,1.3196386910319622,0.6457090580025509,0.999999955100393,0.05,0.15000000000000002,0.15000000000000002,1.3709578552731565e-06,1.7603429926201024e-06,7.484626249077707e-05,0.050000000000000044,0.15000000000000002,"{'I': 1, 'W': 0, 'R': 1, 'C': 'free'}",False,True,True,1.0,3
6333,3,0.08384480337107557,0.3911111968642329,0.41996893171927774,1.7655740099985202,1.029657446997831,1.2392922486533826,0.2312854238756743,0.9999995384846686,0.05,0.15000000000000002,0.15000000000000002,1.3709578583205206e-06,3.726638831029337e-06,0.00857748523193126,0.050000000000000044,0.15000000000000002,"{'I': 1, 'W': 0, 'R': 1, 'C': 'free'}",False,True,True,0.3333333333333333,3
6333,4,0.027786819271206045,0.39664389507287234,0.15935388445119025,1.6089181343666277,1.0065141776974351,1.3294164317402635,0.03820919733941097,0.9999999327550708,0.0,0.09999999999999998,0.09999999999999998,4.785094463269195e-06,0.00012339481054976403,0.00015843623505751417,0.050000000000000044,0.050000000000000044,"{'I': 1, 'W': 0, 'R': 1, 'C': 'free'}",False,True,True,0.3333333333333333,3
6333,5,0.012791349606221795,0.19409325152629264,0.09009505219528509,1.194927894344367,1.0024710727345043,1.1078430066046825,0.019550557091664977,0.9998781244480272,0.0,0.15000000000000002,0.19999999999999996,1.9947299568194023e-06,1.9947299516018403e-06,3.1201903841423514e-05,0.050000000000000044,0.050000000000000044,"{'I': 1, 'W': 0, 'R': 1, 'C': 'free'}",False,True,True,1.0,3
6333,6,7.297335738160621e-05,0.29571904615379657,0.0004993871921546532,1.8894796357130945,1.0000065904448088,1.2232614843041676,4.61318975341074e-05,0.9999997270693115,,0.09999999999999998,0.19999999999999996,4.785094483209718e-06,2.9023258593231126e-06,0.999088948540192,0.050000000000000044,0.15000000000000002,"{'I': 1, 'W': 0, 'R': 1, 'C': 'free'}",False,True,True,0.0,3
6333,7,2.722135362694092e-06,0.23360562983141772,9.982012117966514e-06,1.1842066534370337,1.0000001532690577,1.1524853975925076,1.072882746200321e-06,0.999999313790293,,0.19999999999999996,0.15000000000000002,6.144177521437583e-06,2.2603251001808756e-06,5.8291272465875296e-05,0.15000000000000002,0.25,"{'I': 1, 'W': 0, 'R': 1, 'C': 'free'}",True,True,True,0.0,3
6378,1,0.3463264499393221,0.2969044460630175,1.515772744959406,1.490376097019406,1.1762010999315617,1.2409953728796421,0.6223317178905206,0.9999984644995681,,0.050000000000000044,0.09999999999999998,1.0677029962605014e-06,8.315279276015563e-07,1.6701429780796145e-05,0.050000000000000044,0.050000000000000044,"{'I': 1, 'W': 0, 'R': 1, 'C': 'free'}",False,True,True,1.0,3
6378,2,0.07472056487528124,0.28425022319035553,0.4758085536142278,1.534452451881494,1.0303050026321794,1.1997071219831794,0.18859189736898785,0.9999849889683144,0.0,0.09999999999999998,0.09999999999999998,6.9622578669328e-06,8.939761629640683e-06,1.8925145910225697e-05,0.050000000000000044,0.050000000000000044,"{'I': 1, 'W': 0, 'R': 1, 'C': 'free'}",False,True,True,1.0,3
6378,3,0.000158093784498801,0.25750678440259384,0.0009045345299843724,1.379833175538701,1.0000144834460878,1.1681970046785517,8.689627152236312e-05,0.9999839173456873,,0.050000000000000044,0.09999999999999998,1.4738988541618528e-05,6.962306245502408e-06,1.147876803915745e-05,0.0,0.050000000000000044,"{'I': 1, 'W': 0, 'R': 1, 'C': 'free'}",True,True,True,0.0,3
6378,4,0.043511152863471514,0.2898859035686574,0.19144378336217288,1.3613775418004765,1.0104675886458243,1.1917364733846911,0.05073370504373054,0.9999991953972713,,0.09999999999999998,0.050000000000000044,2.1444958475864347e-05,4.785094439082094e-06,2.753568769504009e-05,0.050000000000000044,0.050000000000000044,"{'I': 1, 'W': 0, 'R': 1, 'C': 'free'}",False,True,True,0.0,3
6378,5,0.0004375395451017893,0.23806971867384327,0.0011252774121116877,1.4476618958920557,1.0000406095069871,1.219913564488721,0.00024362241389930261,0.9999992576021336,0.0,0.09999999999999998,0.09999999999999998,7.889264348480558e-06,3.7266388031661344e-06,2.4300252130260088e-05,0.050000000000000044,0.050000000000000044,"{'I': 1, 'W': 0, 'R': 1, 'C': 'free'}",True,False,True,0.0,3
6378,6,0.053035243932362135,0.2742319276410934,0.31474292943149795,1.5689604429549613,1.016896935408729,1.1485829837093469,0.09564619767179194,0.999973229327629,0.0,0.09999999999999998,0.09999999999999998,1.8925145904503258e-05,4.7851173629262325e-06,0.00012339461879892804,0.050000000000000044,0.050000000000000044,"{'I': 1, 'W': 0, 'R': 1, 'C': 'free'}",True,False,True,0.0,3
6378,7,6.352463584665442e-05,0.3705965555820041,0.00020045257286725342,1.9426765821353145,1.0000050266387983,1.261450403285087,3.0159302187859893e-05,0.9999999864441746,,0.09999999999999998,0.09999999999999998,1.3007123693590424e-05,6.144220257369237e-06,3.53562549119016e-05,0.0,0.050000000000000044,"{'I': 1, 'W': 0, 'R': 1, 'C': 'free'}",True,True,True,0.0,3
6386,1,0.01895984028390873,0.2752322239467441,0.1323432363436126,1.53727856728821,1.0042634819140266,1.1862604340229912,0.029341850745483566,0.9998352529354091,,0.050000000000000044,0.09999999999999998,3.927863379870367e-07,1.2098659652237778e-06,2.4300251959251475e-05,0.050000000000000044,0.050000000000000044,"{'I': 1, 'W': 0, 'R': 1, 'C': 'free'}",False,True,True,1.0,3
6386,2,7.197990660835973e-05,0.3718505931948134,0.0003764678449813938,1.5716876073434325,1.0000059774414303,1.219782670658445,4.184108959492949e-05,0.9999994972171136,,0.09999999999999998,0.15000000000000002,5.422217600495731e-06,1.3007123473549479e-05,0.00015843623211218104,0.050000000000000044,0.15000000000000002,"{'I': 1, 'W': 0, 'R': 1, 'C': 'free'}",True,False,True,0.0,3
6386,3,0.07674121277361631,0.4628576519166559,0.44580316071845705,1.7552373742605907,1.0257373960001468,1.3235412377003426,0.18396180487554625,0.9999274018130097,0.05,0.25,0.25,1.3709578585191915e-06,4.785117367484805e-06,0.0015011821498394388,0.15000000000000002,0.4,"{'I': 1, 'W': 0, 'R': 1, 'C': 'free'}",False,True,True,1.0,3
6386,4,0.000187315960465112,0.4670862823756672,0.0006400499551646758,2.083144312646611,1.0000163314561135,1.3027467310596028,0.00011431272509876411,0.9998756172171105,,0.15000000000000002,0.15000000000000002,1.7603429794499706e-06,5.422216864251001e-06,8.481103941043615e-05,0.050000000000000044,0.15000000000000002,"{'I': 1, 'W': 0, 'R': 1, 'C': 'free'}",True,False,True,0.0,3
6386,5,7.007178543550376e-05,0.43996508460456824,0.0003172776719243123,1.6277528195711666,1.0000058213372964,1.2300757323836344,3.492731214271849e-05,0.9999907993953921,,0.15000000000000002,0.15000000000000002,6.9622578593472775e-06,7.889264402868666e-06,0.00015843623554150684,0.15000000000000002,0.25,"{'I': 1, 'W': 0, 'R': 1, 'C': 'free'}",False,True,True,1.0,3
6386,6,0.002542941647800985,0.37493363745146807,0.011481702472436845,1.8012263163514741,1.0003253059300696,1.2193933893605584,0.0019496152039054637,0.9999962594254487,,0.30000000000000004,0.19999999999999996,0.0758581733125987,0.8519528024650016,0.0001233946174117056,0.25,0.25,"{'I': 1, 'W': 0, 'R': 1, 'C': 'free'}",False,True,True,1.0,3
6386,7,1.768591764598476e-06,0.41439473181917363,7.860858809977602e-06,1.8126502984269872,1.0000000993410594,1.2945592712658276,5.960461493259572e-07,0.9999999999827697,,0.15000000000000002,0.15000000000000002,6.475945664513263e-07,2.2603251047019186e-06,1.3007123809829836e-05,0.050000000000000044,0.15000000000000002,"{'I': 1, 'W': 0, 'R': 1, 'C': 'free'}",True,True,True,0.0,3
6399,1,0.018218081365671053,0.18899564401630953,0.09009478371207875,0.8582211129485795,1.0036560178086056,1.134134259664158,0.018081290006558115,0.9949406785660959,,0.050000000000000044,0.09999999999999998,2.102433907013128e-07,7.338208044570153e-07,1.1478768070436707e-05,0.050000000000000044,0.050000000000000044,"{'I': 1, 'W': 0, 'R': 1, 'C': 'free'}",False,True,True,1.0,3
6399,2,0.19505684655103026,0.4836629578920695,0.5540329529676529,1.9986017364389677,1.5195714336167911,1.3691682100729015,0.876577483635937,0.9998489191549231,,0.050000000000000044,0.09999999999999998,0.9998204713521245,0.9990889475706249,3.535625467556729e-05,0.55,0.050000000000000044,"{'I': 0, 'W': 1, 'R': 0, 'C': 'costly'}",False,True,True,0.3333333333333333,3
6404,1,0.2715977977370059,0.2548692904224953,2.2509311927396243,1.5855147199452655,1.1246776761056891,1.144918676823542,0.652665977191677,0.984934409436553,,0.050000000000000044,0.09999999999999998,2.3823696662518488e-07,6.475945659814148e-07,2.753568758530028e-05,0.050000000000000044,0.050000000000000044,"{'I': 1, 'W': 0, 'R': 1, 'C': 'free'}",False,True,True,1.0,3
6404,2,0.02374516319658135,0.20704398502081026,0.2685351730069338,1.398004491121889,1.006775765139234,1.1579701708707961,0.0778385421202793,0.9988253164695428,0.0,0.09999999999999998,0.050000000000000044,0.00020342704420037,1.4739434967180843e-05,1.4738988645310963e-05,0.050000000000000044,0.050000000000000044,"{'I': 1, 'W': 0, 'R': 1, 'C': 'free'}",False,True,True,0.0,3
6404,3,9.801086400216165e-05,0.4204440625341461,0.0005176577982519474,1.861408760154776,1.0000084095298878,1.2547728195923216,9.250016140216477e-05,0.9999882037255111,,0.15000000000000002,0.25,1.7603429857378448e-06,1.5534971809554343e-06,1.6701429683706643e-05,0.050000000000000044,0.25,"{'I': 1, 'W': 0, 'R': 1, 'C': 'free'}",True,False,True,0.0,3
6404,4,0.0005559671326294953,0.32387365237580246,0.0043248784694631505,1.3403674313189249,1.000056128270285,1.1912231382790366,0.0006172030984369359,0.9987050248959009,,0.30000000000000004,0.19999999999999996,7.88926434217824e-06,1.147889966889939e-05,0.0007096703008752012,0.15000000000000002,0.25,"{'I': 1, 'W': 0, 'R': 1, 'C': 'free'}",False,True,True,0.0,3
6404,5,9.726661975893912e-05,0.45292511159756094,0.0007117922047808999,1.7550660063960368,1.0000075934894535,1.2809681985355046,7.593172327036157e-05,0.9999998689171951,,0.4,0.4,4.785094482474028e-06,1.3709578588058317e-06,0.0002034270464924891,0.4,0.65,"{'I': 1, 'W': 0, 'R': 1, 'C': 'free'}",False,True,True,0.0,3
6404,6,2.9288503723026264e-05,0.29567356990770793,0.0001769794257180838,1.0759301420178895,1.0000021457586228,1.1574166139249196,2.1457332995300504e-05,0.9992255308757517,,0.30000000000000004,0.30000000000000004,2.4300251834731086e-05,7.889326566120039e-06,0.0024726229384456565,0.4,0.35,"{'I': 1, 'W': 0, 'R': 1, 'C': 'free'}",False,True,True,0.0,3
6404,7,8.068259157586304e-05,0.2895621561938277,0.0004994516749266362,1.1654862788434468,1.0000070549179427,1.186702352327965,7.760081252794482e-05,0.9998637845932905,0.05,0.30000000000000004,0.30000000000000004,1.012998725070428e-05,6.962295569647934e-06,7.484626287629641e-05,0.4,0.4,"{'I': 1, 'W': 0, 'R': 1, 'C': 'free'}",True,True,True,0.0,3
6406,1,0.026621606971601274,0.20923705922607416,0.15935376792821587,1.0782332628483704,1.0063656758242379,1.1366896366212624,0.037357337386252465,0.9978660277043159,,0.050000000000000044,0.09999999999999998,2.699578406227027e-07,5.043476476844327e-07,1.6701429633946534e-05,0.050000000000000044,0.050000000000000044,"{'I': 1, 'W': 0, 'R': 1, 'C': 'free'}",False,True,True,1.0,3
6406,2,0.0016566002462343073,0.39852606314176564,0.008636640285305704,1.8286262871519656,1.0001861784844597,1.3007679488453219,0.0011163433570078318,0.9999944177671934,,0.09999999999999998,0.15000000000000002,2.5612815664909375e-06,5.422217465684908e-06,8.939699425024298e-06,0.050000000000000044,0.15000000000000002,"{'I': 1, 'W': 0, 'R': 1, 'C': 'free'}",True,False,True,0.0,3
6406,3,3.434960275173807e-05,0.3231868686744239,0.000126627685202877,1.69985659051539,1.0000026055664244,1.1770291027511,1.8238774880385833e-05,0.9999905787459044,,0.4,0.7,7.484639393117023e-05,0.0011695129221481343,0.9986749696270071,0.15000000000000002,0.25,"{'I': 1, 'W': 0, 'R': 1, 'C': 'free'}",False,True,True,1.0,3
6406,4,0.11110172158041642,0.33547015995485224,0.5474649994394514,2.229699780705399,1.0407818429691913,1.3340776610424305,0.4931435479842139,0.9999999999995953,0.0,0.25,0.15000000000000002,0.999964641551434,3.726639308469527e-06,1.300712377431204e-05,0.15000000000000002,0.25,"{'I': 0, 'W': 1, 'R': 0, 'C': 'costly'}",False,True,True,0.0,3
6414,1,0.02186439393465464,0.3124605555047708,0.11271843100938704,1.2501247572369298,1.0042312131529374,1.231077059276986,0.03321417683705241,0.9999429055632452,,0.050000000000000044,0.09999999999999998,7.33820801059121e-07,4.4508526357451814e-07,1.6701429710252846e-05,0.050000000000000044,0.050000000000000044,"{'I': 1, 'W': 0, 'R': 1, 'C': 'free'}",False,True,True,1.0,3
6414,2,4.165558326433643e-05,0.3014086305133457,0.0002519977133293034,1.8884221314781158,1.00000339081972,1.2194150293070207,3.0516860091367448e-05,0.9999944440816803,,0.15000000000000002,0.15000000000000002,1.2098659694624005e-06,6.144220166142143e-06,4.539785232285078e-05,0.050000000000000044,0.050000000000000044,"{'I': 1, 'W': 0, 'R': 1, 'C': 'free'}",False,True,True,1.0,3
6414,3,0.02884044028759575,0.2920157658880584,0.22720588490017127,1.0533272436411716,1.0078198011118316,1.2342390859602346,0.060413204333074066,0.997240567822253,0.0,0.15000000000000002,0.09999999999999998,1.3709578572669645e-06,1.0129987210672731e-05,0.6791786288940012,0.050000000000000044,0.050000000000000044,"{'I': 1, 'W': 0, 'R': 1, 'C': 'free'}",False,True,True,1.0,3
6414,4,0.009254236799830486,0.5029815006357402,0.07393391990503703,2.035038905353775,1.0017728501846759,1.4538421202677854,0.014070318959059858,0.9999999998225952,0.0,0.19999999999999996,0.19999999999999996,1.1478767991038193e-05,0.9988304895210748,0.2227001278142757,0.15000000000000002,0.4,"{'I': 1, 'W': 0, 'R': 1, 'C': 'free'}",True,False,True,0.0,3
6414,5,0.10848667393846409,0.41017047218060104,0.6857322896879218,1.4219810679489278,1.0406627570167686,1.3454073773711077,0.24346345266220115,0.9999929879046994,0.05,0.4,0.25,0.005220125634307629,0.9999038971247107,0.003172683430414408,0.15000000000000002,0.4,"{'I': 1, 'W': 0, 'R': 1, 'C': 'free'}",False,True,True,1.0,3
6414,6,0.0006288052462109978,0.374289014402902,0.002111850042463075,2.0271876192445566,1.0000608136791018,1.261031731522885,0.00036480442282871284,0.99999992945716,,0.15000000000000002,0.15000000000000002,3.2887506256415738e-06,1.3007123738993301e-05,3.535625491960067e-05,0.050000000000000044,0.25,"{'I': 1, 'W': 0, 'R': 1, 'C': 'free'}",True,False,True,0.0,3
6414,7,0.07685562366468655,0.365921149628579,0.5303155098918735,1.5820632914334924,1.0367606106194216,1.3192860146218552,0.2233048765715846,0.999999581172497,0.0,0.19999999999999996,0.19999999999999996,0.6224593303905496,0.9975273765591007,0.9989677676837481,0.15000000000000002,0.25,"{'I': 1, 'W': 0, 'R': 1, 'C': 'free'}",False,True,True,0.3333333333333333,3
6432,1,0.44312611329339835,0.29525152015768114,2.4839626493601004,1.370330213240278,1.3593253381545924,1.198527200066638,0.8414889561261563,0.9974612526806212,,0.09999999999999998,0.09999999999999998,2.6995784159562067e-07,1.3709578580076069e-06,7.484626185964186e-05,0.050000000000000044,0.050000000000000044,"{'I': 1, 'W': 0, 'R': 1, 'C': 'free'}",False,True,True,0.0,3
6432,2,0.5404117054889359,0.19495727043916142,1.918036985066528,1.3536443668607334,1.5278372836872254,1.126633910778059,0.9485411267174505,0.9995693576227556,,0.4,0.09999999999999998,0.9984988174170455,0.9988304886389742,0.0009110511189450857,0.75,0.25,"{'I': 1, 'W': 0, 'R': 1, 'C': 'free'}",False,True,True,0.0,3
6432,3,0.3844401294588688,0.17259132691003745,1.9220549001046416,1.9718305552464348,1.2066378444150003,1.088964361479484,0.6090553367400298,0.9996683230301591,,0.30000000000000004,0.7,1.0129987337926085e-05,3.1203005295030005e-05,0.9992903248089082,0.75,0.15000000000000002,"{'I': 1, 'W': 0, 'R': 1, 'C': 'free'}",False,True,True,0.0,3
6432,4,0.4260380842939262,0.1743179569654954,2.554735307863833,1.3134282315861932,1.3234644642765054,1.0925058804081866,0.8139086050191945,0.9981296994990718,,0.09999999999999998,0.09999999999999998,4.222834948199725e-06,1.370959987532985e-06,0.8519527961803792,0.050000000000000044,0.15000000000000002,"{'I': 1, 'W': 0, 'R': 1, 'C': 'free'}",False,True,True,1.0,3
6432,5,0.033587770317315205,0.15372797052481452,0.14060800495485737,1.3689640997028345,1.0070720785108194,1.1417487873458354,0.04813334331079944,0.9995988220838509,0.0,0.050000000000000044,0.09999999999999998,0.00015843622669596937,1.1478767847764664e-05,5.829127242857117e-05,0.0,0.050000000000000044,"{'I': 1, 'W': 0, 'R': 1, 'C': 'free'}",True,False,True,0.0,3
6432,6,0.12673028754991114,0.14414188421571975,0.7018207934428047,0.8743516281580127,1.0844624776450302,1.1063250907719246,0.47726237582299125,0.9974241709314391,0.0,0.09999999999999998,0.050000000000000044,1.6701429641688534e-05,4.222834931645167e-06,0.00012339461874624847,0.050000000000000044,0.050000000000000044,"{'I': 1, 'W': 0, 'R': 1, 'C': 'free'}",False,True,True,0.3333333333333333,3
6432,7,0.062580961555883,0.2037813478292006,0.4751031945356846,1.156715797167726,1.0258780437926802,1.1405486034294345,0.18485640565039962,0.9996257410662294,0.0,0.050000000000000044,0.09999999999999998,1.9947299461296487e-06,2.56128127782147e-06,7.484626290283386e-05,0.0,0.050000000000000044,"{'I': 1, 'W': 0, 'R': 1, 'C': 'free'}",True,False,True,0.0,3
6434,1,0.00902574582503313,0.25410213001021614,0.03263946071324092,1.593357975199171,1.0013228093525302,1.138019094992762,0.006587880194032669,0.9891665750866636,,0.050000000000000044,0.09999999999999998,2.3823696600850482e-07,5.043476476559691e-07,1.1478768010972548e-05,0.050000000000000044,0.050000000000000044,"{'I': 1, 'W': 0, 'R': 1, 'C': 'free'}",False,True,True,1.0,3
6434,2,0.0017468299218535706,0.1421199130925032,0.013970682717004967,0.9464616117477791,1.0002411356483027,1.0939278315495395,0.0019269935974153274,0.8840496995003116,0.0,0.0,0.0,6.144177526836135e-06,1.8553914605158627e-07,6.962257813918233e-06,0.0,0.0,"{'I': 0, 'W': 1, 'R': 0, 'C': 'costly'}",False,True,True,0.0,3
6453,1,0.0015233719038850093,0.2611813754133585,0.009064393944016107,1.451437344527347,1.0001959248333008,1.2085739946633187,0.0011747433034421384,0.9995765550582433,,0.050000000000000044,0.09999999999999998,4.4508526215204696e-07,7.338208013836866e-07,1.1478768045337435e-05,0.050000000000000044,0.050000000000000044,"{'I': 1, 'W': 0, 'R': 1, 'C': 'free'}",False,True,True,0.6666666666666666,3
6453,2,0.004012898110179265,0.3734548525697556,0.017950146936122516,1.8603855001146339,1.0005440997435764,1.3747721942889062,0.0032583905356314835,0.9999999949165843,0.0,0.09999999999999998,0.15000000000000002,4.785094482140806e-06,5.42221700525741e-06,0.037326889429590365,0.050000000000000044,0.6,"{'I': 1, 'W': 0, 'R': 1, 'C': 'free'}",False,True,True,1.0,3
6453,3,1.9325919476964356e-06,0.2677136671461904,7.3124765312633235e-06,1.6638009737866568,1.000000119209273,1.2430349895612705,7.152553394007555e-07,0.9999994191036258,0.0,0.0,0.050000000000000044,3.7266388395899707e-06,2.3823696673272215e-07,1.994729950373525e-06,0.0,0.0,"{'I': 0, 'W': 1, 'R': 0, 'C': 'costly'}",False,True,True,1.0,3
6467,1,0.016255612904955537,0.2747929422294816,0.07396616358543942,1.0697807330629823,1.0030202575483853,1.1685575120947054,0.014965416886789651,0.9825780157148645,,0.050000000000000044,0.09999999999999998,6.475945642228447e-07,4.22283488150211e-06,0.00029595720043555364,0.050000000000000044,0.050000000000000044,"{'I': 1, 'W': 0, 'R': 1, 'C': 'free'}",False,True,True,1.0,3
6467,2,0.038425814762812795,0.262521068435131,0.2685351859899257,0.9577305364710673,1.011339100293105,1.1668402421254012,0.07589267549796208,0.9975646832804863,0.0,0.09999999999999998,0.09999999999999998,1.994729938985186e-06,7.889264312221868e-06,0.0003353500233581138,0.050000000000000044,0.050000000000000044,"{'I': 1, 'W': 0, 'R': 1, 'C': 'free'}",False,True,True,1.0,3
6467,3,0.018340277109262226,0.29921342734542433,0.08869344524047189,1.4219135924835438,1.0033000344757514,1.1701220695623678,0.016338068547310902,0.9959082505886163,,0.09999999999999998,0.09999999999999998,1.3709578595417807e-06,7.889297723578208e-06,0.000179528022217555,0.050000000000000044,0.050000000000000044,"{'I': 1, 'W': 0, 'R': 1, 'C': 'free'}",False,True,True,0.0,3
6467,4,0.006438730342549745,0.2834242349659183,0.03284697914870048,1.723204610783115,1.0009742662210594,1.214128559644493,0.005825715912021412,0.9998670081741516,0.0,0.09999999999999998,0.09999999999999998,7.484626265825769e-05,0.0015011826347996879,0.00029595722878255633,0.050000000000000044,0.050000000000000044,"{'I': 1, 'W': 0, 'R': 1, 'C': 'free'}",False,True,True,1.0,3
6467,5,0.11182092048797895,0.2644042542542098,1.1504474334375272,1.8612058477678946,1.0648655744425748,1.1867387327794565,0.7154855967851186,0.9999990510670764,0.0,0.050000000000000044,0.09999999999999998,0.9998911002114116,2.1444963110856556e-05,0.0004305570908607664,0.050000000000000044,0.050000000000000044,"{'I': 0, 'W': 1, 'R': 0, 'C': 'costly'}",False,True,True,0.6666666666666666,3
648,1,0.013874842502953367,0.2547157220948872,0.055152341537614974,1.6197968982401958,1.0020823125840677,1.124550497147494,0.0165034810492255,0.9971747823865287,,0.050000000000000044,0.09999999999999998,1.1253517531833405e-07,5.715002407114537e-07,1.012998731387946e-05,0.050000000000000044,0.050000000000000044,"{'I': 1, 'W': 0, 'R': 1, 'C': 'free'}",False,True,True,1.0,3
648,2,0.15346770047512345,0.4944931839124444,0.7173725586539625,2.171292138289862,1.3558174837100907,1.4144193972634365,0.8390123280309933,1.0,0.05,0.25,0.25,8.315279281730512e-07,2.902311977346846e-06,9.610239181097315e-05,0.25,0.35,"{'I': 1, 'W': 0, 'R': 1, 'C': 'free'}",False,True,True,0.0,3
648,3,0.00054646004248694,0.33308087319234414,0.001904890918476042,1.440798757538052,1.000052479360434,1.2135002536897916,0.0004197357538157087,0.9999976593923928,,0.0,0.8,0.11920292030488354,0.008577486256074674,0.43782331156357496,0.0,0.75,"{'I': 1, 'W': 0, 'R': 1, 'C': 'free'}",False,True,True,0.0,3
648,4,0.016842387796954423,0.4238614865289279,0.06657128610034362,1.4974385543338073,1.0025853470351627,1.305673392785286,0.01282707659142368,0.9999997502931723,,0.19999999999999996,0.19999999999999996,1.6701429494776595e-05,7.889307188724533e-06,1.0129987327288444e-05,0.15000000000000002,0.4,"{'I': 1, 'W': 0, 'R': 1, 'C': 'free'}",True,True,True,0.0,3
648,5,0.0006807948098074828,0.44309127201942533,0.0026187769838637263,1.901881676008547,1.0000702325125546,1.2406525791518477,0.0003510885858093449,0.9999912322101285,,0.15000000000000002,0.15000000000000002,1.7603429997497702e-06,1.3709578585592767e-06,2.9023119846029426e-06,0.050000000000000044,0.15000000000000002,"{'I': 1, 'W': 0, 'R': 1, 'C': 'free'}",True,False,True,0.0,3
648,6,0.09734881398002494,0.45415756591789114,0.6783180583314626,1.812988098247237,1.070459311736002,1.3360892391790569,0.3791183144719473,0.9999999999980171,0.15,0.4,0.25,0.32082130706791623,1.37095786038536e-06,3.7266388390648196e-06,0.75,0.35,"{'I': 1, 'W': 0, 'R': 1, 'C': 'free'}",False,True,True,0.0,3
648,7,4.01268659576366e-06,0.2743896536900632,2.0798515214657053e-05,1.4617213029361742,1.0000002384184787,1.2178541257536875,1.9073457835361296e-06,0.9999999966420974,,0.30000000000000004,0.30000000000000004,1.300712373802023e-05,4.7850944729262996e-06,9.610239198268228e-05,0.15000000000000002,0.25,"{'I': 1, 'W': 0, 'R': 1, 'C': 'free'}",False,True,True,0.0,3
6490,1,0.1526971622117746,0.22421355505661109,1.0392110151299576,1.6353972038980356,1.1007350850311883,1.1081205966600407,0.5359791191344818,0.9985990254057522,,0.09999999999999998,0.91,3.0590233607069735e-07,5.043476473929538e-07,4.0063692029341166e-05,0.050000000000000044,0.050000000000000044,"{'I': 1, 'W': 0, 'R': 1, 'C': 'free'}",False,True,True,1.0,3
6490,2,0.0027425037952698477,0.28038181559442515,0.04082486123137374,1.6639992872954967,1.0004430555896064,1.1470298114378734,0.007062263690234549,0.9976082655344566,,0.09999999999999998,0.91,8.315279256388358e-07,2.561281558423132e-06,3.1201903250710644e-05,0.050000000000000044,0.050000000000000044,"{'I': 1, 'W': 0, 'R': 1, 'C': 'free'}",False,True,True,0.6666666666666666,3
6490,3,0.07835766982559966,0.2743248307532643,1.2447961450182699,1.6822217646071704,1.0487051485020968,1.1770260396200343,0.5948784015838391,0.9999433974830853,0.05,0.91,0.91,1.3007123796126647e-05,1.1478767910590423e-05,8.481104089003978e-05,0.050000000000000044,0.050000000000000044,"{'I': 1, 'W': 0, 'R': 1, 'C': 'free'}",False,True,True,1.0,3
6490,4,0.0015312647706225257,0.34673114148816053,0.007818418309908775,1.694149114760743,1.0001764975324066,1.2022003977790818,0.0012346109498752034,0.9999600724835905,0.0,0.09999999999999998,0.09999999999999998,3.288750595505882e-06,6.962257774117134e-06,1.3007123703099451e-05,0.050000000000000044,0.050000000000000044,"{'I': 1, 'W': 0, 'R': 1, 'C': 'free'}",False,True,True,1.0,3
6490,5,0.04973281510986957,0.35031241948476693,0.663072659585511,1.956728477357745,1.0319929021363434,1.2619672226896128,0.3958112489779846,0.9999998934182561,,0.91,0.91,1.3709578490109193e-06,4.222834853227371e-06,2.430025217612305e-05,0.050000000000000044,0.050000000000000044,"{'I': 1, 'W': 0, 'R': 1, 'C': 'free'}",True,True,True,0.0,3
6490,6,0.014933600086142314,0.3612281216579711,0.2685611290631807,1.877505339314856,1.004393451105083,1.2407505378935269,0.07587589661113547,0.9999999388641937,,0.19999999999999996,0.92,7.889264464022281e-06,2.902311976750625e-06,2.4300252175824298e-05,0.15000000000000002,0.050000000000000044,"{'I': 1, 'W': 0, 'R': 1, 'C': 'free'}",True,True,True,0.0,3
6490,7,0.0038650924348507436,0.2965274003605987,0.049359202500374434,1.6996785994454102,1.0006333459075594,1.1934640413179678,0.011957694822089415,0.9999914771731315,0.05,0.30000000000000004,0.15000000000000002,2.902311983948011e-06,1.7603429998722465e-06,6.144177526537161e-06,0.15000000000000002,0.050000000000000044,"{'I': 1, 'W': 0, 'R': 1, 'C': 'free'}",True,False,True,0.0,3
6494,1,0.04741281259818277,0.2031766311699827,0.31474286828614,1.5649734401471997,1.013921021667182,1.2311959143234972,0.12911917966339093,0.9999928984760061,0.0,0.050000000000000044,0.09999999999999998,5.043476445773071e-07,2.699578415355231e-07,2.144495845473294e-05,0.050000000000000044,0.050000000000000044,"{'I': 1, 'W': 0, 'R': 1, 'C': 'free'}",False,True,True,1.0,3
6494,2,0.0014361039945712832,0.32415986316787815,0.011260623914965837,1.585976178866973,1.0001901051348723,1.192193474719456,0.0015195408643515762,0.9999968155481471,0.05,0.15000000000000002,0.15000000000000002,6.144177491459613e-06,5.4222508998798695e-06,7.484626254404826e-05,0.15000000000000002,0.25,"{'I': 1, 'W': 0, 'R': 1, 'C': 'free'}",False,True,True,0.0,3
6494,3,0.0013941995022383614,0.3467783909822542,0.005855060419701738,1.6391869390888003,1.000163043898475,1.21478488851337,0.0009777053839095107,0.9999973512506304,0.05,0.09999999999999998,0.09999999999999998,1.553497196771751e-06,6.475945659123221e-07,5.829127218106238e-05,0.050000000000000044,0.050000000000000044,"{'I': 1, 'W': 0, 'R': 1, 'C': 'free'}",False,True,True,0.0,3
6494,4,0.0038820096232240362,0.40086893800592444,0.019694769815304033,1.6912005938565469,1.0004710462184943,1.2390059219223195,0.004698281494022738,0.9999938639258227,0.05,0.15000000000000002,0.15000000000000002,1.370957859051318e-06,3.288750621323091e-06,6.605215977859144e-05,0.050000000000000044,0.25,"{'I': 1, 'W': 0, 'R': 1, 'C': 'free'}",False,True,True,0.0,3
6494,5,2.157904802005223e-05,0.3502422182277375,0.00015936061027651643,1.822671919744013,1.0000016954127926,1.3040160618650727,1.5258585785216106e-05,0.9999999961598753,,0.19999999999999996,0.15000000000000002,2.430025142475345e-05,2.1445316153458663e-05,0.00012339461707464345,0.15000000000000002,0.25,"{'I': 1, 'W': 0, 'R': 1, 'C': 'free'}",True,True,True,0.0,3
6494,6,4.699333669231095e-05,0.4312342322292263,0.0003977657534550089,1.8880364646515853,1.000004106036551,1.363964208231755,3.6953570290432225e-05,0.9999999999582967,,0.30000000000000004,0.25,5.144221250906506e-05,1.300725548042049e-05,0.004070137775949849,0.4,0.4,"{'I': 1, 'W': 0, 'R': 1, 'C': 'free'}",True,False,True,0.0,3
6494,7,0.06452325106706637,0.42166703003310296,0.419696071906148,2.4081745425319947,1.020669416855012,1.2785300548760898,0.21769018715651045,0.9999997579407849,0.15,0.30000000000000004,0.15000000000000002,1.4738988960565116e-05,7.889312874899291e-06,0.0007096703044238338,0.4,0.35,"{'I': 1, 'W': 0, 'R': 1, 'C': 'free'}",False,True,True,0.3333333333333333,3
6505,1,0.001988663059407613,0.26801089046223203,0.006040020585899664,1.4772758746955847,1.0002311333657143,1.2294248283826577,0.0013856790101129945,0.9999996520975591,,0.050000000000000044,0.09999999999999998,5.043476478019576e-07,3.4663274460511624e-07,2.753568758810047e-05,0.050000000000000044,0.050000000000000044,"{'I': 1, 'W': 0, 'R': 1, 'C': 'free'}",False,True,True,1.0,3
6505,2,5.706198359376476e-06,0.16250071702322,3.1644556026751054e-05,1.8270200335161497,1.000000374657472,1.1279657887483017,2.6225983731364977e-06,0.9996865467005218,0.0,0.050000000000000044,0.050000000000000044,1.3709578603436257e-06,1.3709578589693529e-06,5.422217009341889e-06,0.050000000000000044,0.050000000000000044,"{'I': 0, 'W': 1, 'R': 0, 'C': 'costly'}",False,True,True,1.0,3
6518,1,0.010942365093407742,0.2391590691045593,0.10941062376495439,1.1572982394100912,1.0023273321276365,1.1497515500067366,0.022978167625576695,0.9950220806246249,,0.09999999999999998,0.15000000000000002,3.927863394508372e-07,4.785094431396744e-06,0.00026119030849887544,0.050000000000000044,0.050000000000000044,"{'I': 1, 'W': 0, 'R': 1, 'C': 'free'}",False,True,True,1.0,3
6518,2,0.04529995710256261,0.33274092610177763,0.2284958296156068,1.7327145547545302,1.0113003167699381,1.1926782366608455,0.08597335991459121,0.9999120440166465,0.05,0.15000000000000002,0.15000000000000002,1.5534971941478356e-06,5.42221757742943e-06,3.5356254656664386e-05,0.050000000000000044,0.15000000000000002,"{'I': 1, 'W': 0, 'R': 1, 'C': 'free'}",False,True,True,0.0,3
6518,3,0.11150078972503234,0.41877216700210984,0.6680412226668087,1.7480721313281389,1.0823419842667352,1.259068323394789,0.3779676535486116,0.9999900565953797,0.05,0.15000000000000002,0.15000000000000002,2.260325104766531e-06,2.7535730582403978e-05,9.61023907156694e-05,0.15000000000000002,0.25,"{'I': 1, 'W': 0, 'R': 1, 'C': 'free'}",False,False,True,0.0,3
6518,4,0.10721511318064236,0.3914358731403994,0.5195774648526387,1.7270322837119116,1.0470503795612356,1.2496822896677147,0.20537521454953223,0.9999940731930091,,0.15000000000000002,0.15000000000000002,1.8925145915530092e-05,1.67018894589372e-05,3.1201903422613284e-05,0.15000000000000002,0.25,"{'I': 1, 'W': 0, 'R': 1, 'C': 'free'}",True,False,True,0.0,3
6518,5,0.019197833842589683,0.3608558479936595,0.058829667044658834,2.0173297494240607,1.0031985803781946,1.1906372953551585,0.018978452486146158,0.9999958345995154,0.2,0.4,0.30000000000000004,4.539785239248172e-05,0.0007096703751528041,5.829127230767993e-05,0.25,0.55,"{'I': 1, 'W': 0, 'R': 1, 'C': 'free'}",True,False,True,0.0,3
6518,6,0.04279323384853852,0.44798409846974707,0.2090119687832129,2.1087094609990205,1.0103346404258107,1.2919085402315762,0.050108978951505234,0.9999999972763345,,0.4,0.19999999999999996,4.539785234215618e-05,0.0003353505510184681,7.484626269984993e-05,0.25,0.4,"{'I': 1, 'W': 0, 'R': 1, 'C': 'free'}",True,False,True,0.0,3
6518,7,0.039784999763531885,0.44968012917267547,0.3969919319755127,1.9466035159424036,1.0136020348509114,1.340126651110427,0.13809819772433585,0.9999999999720169,0.05,0.30000000000000004,0.15000000000000002,0.0009110513449441565,0.047425874079095286,5.829127216408292e-05,0.25,0.4,"{'I': 1, 'W': 0, 'R': 1, 'C': 'free'}",True,True,True,0.0,3
6519,1,0.10369160352073632,0.3706898673019691,0.6108293940129018,1.5800989907303618,1.034990787364057,1.2771745216920432,0.18645590804724432,0.9999999714087912,,0.15000000000000002,0.15000000000000002,2.3823696664321906e-07,1.2098659676169472e-06,2.7535687771993386e-05,0.050000000000000044,0.15000000000000002,"{'I': 1, 'W': 0, 'R': 1, 'C': 'free'}",False,True,True,1.0,3
6519,2,0.0075555212173497605,0.38895241716976064,0.032639809514498616,1.5373088529934154,1.0010790461020083,1.316889314750056,0.007520826431984151,0.9999999776721721,0.05,0.4,0.7,1.3709578581022266e-06,1.994729946322017e-06,0.0011695104235076976,0.25,0.35,"{'I': 1, 'W': 0, 'R': 1, 'C': 'free'}",False,True,True,1.0,3
6519,3,0.3193046095498252,0.42480831534693886,1.595933832888847,1.5146030194971343,1.2167127831900335,1.31518170033833,0.6249754959445903,0.9999999580354044,,0.15000000000000002,0.30000000000000004,3.535625489956762e-05,6.144177510667294e-06,0.0003353500270212808,0.15000000000000002,0.35,"{'I': 1, 'W': 0, 'R': 1, 'C': 'free'}",False,True,True,0.6666666666666666,3
6519,4,0.20718010185249694,0.4463951185548452,1.1740879075074528,1.901834231814964,1.0816935635438436,1.3787505300097325,0.37572703598194435,0.999999988797485,,0.30000000000000004,0.15000000000000002,0.00020342744742056853,7.889354961664317e-06,0.02931223274173801,0.15000000000000002,0.35,"{'I': 1, 'W': 0, 'R': 1, 'C': 'free'}",True,True,True,0.0,3
6519,5,0.05642513428799315,0.4109832020032352,0.3167136441766102,1.9927603070014261,1.013135459114568,1.3653549417208342,0.0753126720307381,0.9999999958811604,,0.19999999999999996,0.25,5.1442212144752665e-05,4.785094467151428e-06,0.00026119030919616705,0.15000000000000002,0.4,"{'I': 1, 'W': 0, 'R': 1, 'C': 'free'}",True,False,True,0.0,3
6519,6,0.00025182979209312516,0.4449752209399327,0.0010699006565283511,1.9066786337728145,1.0000224107352376,1.3726437193638643,0.00013445386499411072,0.9999999999813581,,0.30000000000000004,0.25,2.2603251016751523e-06,6.475945663258321e-07,2.7535687814322184e-05,0.15000000000000002,0.25,"{'I': 1, 'W': 0, 'R': 1, 'C': 'free'}",True,False,True,0.0,3
6519,7,0.0016785482275387456,0.38088885775016523,0.007664352531839539,1.4859179163071041,1.0001951795910555,1.3496787205381342,0.0013651910996190786,0.9999999998733837,0.05,0.30000000000000004,0.4,4.539785178765885e-05,2.902311979649949e-06,0.0024726229159606696,0.25,0.4,"{'I': 1, 'W': 0, 'R': 1, 'C': 'free'}",True,False,True,0.0,3
6524,1,0.025339237640320564,0.339571125662731,0.11094826147883696,1.2556936199020825,1.0048793493042092,1.3022072050280202,0.03819145989761208,0.9999930913089377,,0.050000000000000044,0.09999999999999998,3.0590233574426266e-07,5.043476479412651e-07,1.89251458877978e-05,0.050000000000000044,0.050000000000000044,"{'I': 1, 'W': 0, 'R': 1, 'C': 'free'}",False,True,True,1.0,3
6524,2,3.7152213836860375e-05,0.2593220236692005,0.00020042026379289902,1.3290562529716439,1.0000030000814586,1.1530548698147143,1.8000299743192727e-05,0.9961287519361213,,0.09999999999999998,0.09999999999999998,7.338208043314797e-07,1.3007123580611486e-05,0.22270013760314664,0.050000000000000044,0.050000000000000044,"{'I': 1, 'W': 0, 'R': 1, 'C': 'free'}",False,True,True,1.0,3
6524,3,0.07584879546433684,0.32975851987508314,0.4534426164408193,1.836334091888823,1.4352392474865858,1.2776920753180876,0.9444600371736134,0.9999985986102514,0.0,0.09999999999999998,0.050000000000000044,2.2603251003347074e-06,3.726638819832554e-06,6.962257877215072e-06,0.050000000000000044,0.050000000000000044,"{'I': 1, 'W': 0, 'R': 1, 'C': 'free'}",False,True,True,1.0,3
6524,4,0.09478997524117537,0.5078379074285798,0.6629681526153467,1.777793845872878,1.0700792746985808,1.535502651358721,0.3775731325975207,0.9999999936177342,,0.09999999999999998,0.09999999999999998,1.300712368315943e-05,8.939732741279726e-06,0.09534947067059497,0.050000000000000044,0.050000000000000044,"{'I': 1, 'W': 0, 'R': 1, 'C': 'free'}",False,True,True,1.0,3
6524,5,0.0001660486538317861,0.41767408449349186,0.0011054523285926859,2.0181924928258628,1.0000161436228037,1.2517779607571196,0.00011299806271569679,0.9999997078063074,,0.15000000000000002,0.15000000000000002,5.1442212597491335e-05,3.120207230537965e-05,2.4300252142921116e-05,0.15000000000000002,0.050000000000000044,"{'I': 1, 'W': 0, 'R': 1, 'C': 'free'}",True,False,True,0.0,3
6524,6,0.015389389945101608,0.4123172795423595,0.06384201148259408,1.7858718142049645,1.0021751214864687,1.32273481148895,0.015094237859633264,0.999999999890546,,0.4,0.4,0.00012339461800613328,1.1478797438256344e-05,0.8807970701697226,0.75,0.5,"{'I': 1, 'W': 0, 'R': 1, 'C': 'free'}",False,True,True,0.0,3
6524,7,0.00058240082514798,0.4988505199341802,0.002171774676443786,1.7196373429240208,1.0000559396741824,1.3548302628032087,0.0003914901150583461,0.9999999442389286,,0.5,0.30000000000000004,9.610239012731096e-05,1.8925236234253848e-05,0.00015843623574409184,0.65,0.5,"{'I': 1, 'W': 0, 'R': 1, 'C': 'free'}",False,True,True,0.0,3
6527,1,0.001393962904656178,0.2561228655766207,0.005855041031834345,1.1970142665085792,1.0001620863549856,1.1567590336272777,0.0008100378441244782,0.9965839288414148,,0.050000000000000044,0.09999999999999998,4.450852627320797e-07,7.33820803323894e-07,0.0001233946153295486,0.050000000000000044,0.050000000000000044,"{'I': 1, 'W': 0, 'R': 1, 'C': 'free'}",False,True,True,1.0,3
6527,2,3.1550075410609284e-05,0.2021994532050799,0.0002519804565584385,1.3894121429903175,1.0000026821837356,1.1272489685927898,2.1457210898190304e-05,0.9959534300140113,,0.09999999999999998,0.09999999999999998,6.475945647902831e-07,3.7266387974661756e-06,6.605215841162966e-05,0.050000000000000044,0.050000000000000044,"{'I': 1, 'W': 0, 'R': 1, 'C': 'free'}",False,True,True,1.0,3
6527,3,0.04028517845230825,0.15234678487965522,0.2013887553638383,1.1669924294845213,1.0090355700922051,1.099606098614139,0.04397858718048031,0.9753537104874239,0.0,0.0,0.050000000000000044,1.0129987353478291e-05,2.3823696674856394e-07,2.902311981861029e-06,0.0,0.0,"{'I': 0, 'W': 1, 'R': 0, 'C': 'costly'}",False,True,True,1.0,3
6528,1,0.04686836331723101,0.3203382245089155,0.2690699768910405,1.4182623982197753,1.0135089844897258,1.1711516126674062,0.07735553168763432,0.9986870477614275,,0.09999999999999998,0.09999999999999998,4.139937546221835e-08,7.33820803616779e-07,1.012998734007471e-05,0.050000000000000044,0.050000000000000044,"{'I': 1, 'W': 0, 'R': 1, 'C': 'free'}",False,True,True,1.0,3
6528,2,3.990450611050863e-05,0.3133293139159462,9.024801371994073e-05,1.5541887504695726,1.0000029206232188,1.180849865892714,1.752356018336343e-05,0.9999854468793017,,0.09999999999999998,0.09999999999999998,6.475945656371891e-07,6.475945655183432e-07,1.8925145842117462e-05,0.050000000000000044,0.050000000000000044,"{'I': 1, 'W': 0, 'R': 1, 'C': 'free'}",False,True,True,1.0,3
6528,3,4.8131271876710724e-05,0.17072636171986585,0.00031666090781119353,1.5098906474701665,1.0000041211898159,1.092986058563054,2.8847853159374992e-05,0.9781439720797266,0.0,0.0,0.050000000000000044,1.067702997300519e-06,1.4449802093448883e-07,1.20986597011602e-06,0.0,0.0,"{'I': 0, 'W': 1, 'R': 0, 'C': 'costly'}",False,True,True,0.3333333333333333,3
6586,1,0.22176514690895427,0.24925028876114994,1.2167440225061066,1.4567056730211225,1.1477331014076635,1.1423709112405003,0.7478895031581438,0.9996599272408533,0.0,0.09999999999999998,0.92,5.043476470358667e-07,8.315279272869226e-07,3.5356254761463436e-05,0.050000000000000044,0.050000000000000044,"{'I': 1, 'W': 0, 'R': 1, 'C': 'free'}",False,True,True,1.0,3
6586,2,0.024945816620981574,0.41559469768149204,0.15935378180365548,1.5212616880412835,1.005524394711617,1.310260797800416,0.04311640446505349,0.9999986444590856,0.05,0.25,0.25,3.7266388316718707e-06,3.726649645065525e-06,0.0001584362354240353,0.050000000000000044,0.25,"{'I': 1, 'W': 0, 'R': 1, 'C': 'free'}",False,True,True,1.0,3
6586,3,0.026070031053350755,0.37014941675383267,0.22721319661491693,1.7300278474435469,1.0070035239800739,1.29415835595659,0.06088000611746558,0.9999999948366584,,0.30000000000000004,0.92,0.004070138609564745,0.2689414221076725,0.0031726830564304392,0.25,0.4,"{'I': 1, 'W': 0, 'R': 1, 'C': 'free'}",True,True,True,0.0,3
6586,4,0.024145777104832063,0.4615868741535811,0.1323733162273546,1.493779071400873,1.0049259328271827,1.231256888192929,0.033812032929950275,0.9999837250252589,0.05,0.15000000000000002,0.15000000000000002,3.7266388309909765e-06,7.889276694892727e-06,0.0005527785476309762,0.15000000000000002,0.25,"{'I': 1, 'W': 0, 'R': 1, 'C': 'free'}",False,True,True,1.0,3
6586,5,0.11965798061372955,0.23837630138890967,0.6610483564537017,1.7656977133615857,1.0580620162453938,1.2968933401531235,0.287256513118369,0.9999993830276562,,0.09999999999999998,0.15000000000000002,4.785094454714802e-06,1.3007166536493154e-05,9.610239127929761e-05,0.050000000000000044,0.25,"{'I': 1, 'W': 0, 'R': 1, 'C': 'free'}",True,False,True,0.0,3
6586,6,0.002734656916659546,0.2413283367333994,0.026467595624122913,1.441387470550496,1.000415281731752,1.1284479351398737,0.004143347812046172,0.9997607925548306,0.05,0.4,0.4,1.147876800773781e-05,1.7603514227702402e-06,0.8519527973148797,0.4,0.4,"{'I': 1, 'W': 0, 'R': 1, 'C': 'free'}",False,True,True,0.6666666666666666,3
6586,7,0.00048136096057121254,0.4258681629374135,0.00469881599441782,1.3154369599950289,1.0000560980938522,1.2698045955572477,0.0005608078925667392,0.9999980299792409,0.05,0.19999999999999996,0.30000000000000004,1.7603430004080893e-06,2.902311979959114e-06,7.889264453267424e-06,0.15000000000000002,0.25,"{'I': 1, 'W': 0, 'R': 1, 'C': 'free'}",False,True,True,1.0,3
6592,1,0.005440026050138484,0.17902692985936103,0.032639460102586865,1.132846416814321,1.000872672802953,1.1437623144815148,0.005220081247611863,0.9920583304507413,,0.050000000000000044,0.09999999999999998,3.059023358331917e-07,5.043476482436643e-07,0.00015843623563672362,0.050000000000000044,0.050000000000000044,"{'I': 1, 'W': 0, 'R': 1, 'C': 'free'}",False,True,True,0.0,3
6592,2,4.1856127050777e-05,0.21694664360476396,0.00031666079768733927,1.1921842644533462,1.0000035911389524,1.1295880399708538,2.8728647358589043e-05,0.970804392112483,0.0,0.0,0.050000000000000044,2.2603251049152168e-06,6.475945661322964e-07,7.889264417932996e-06,0.0,0.0,"{'I': 0, 'W': 1, 'R': 0, 'C': 'costly'}",False,True,True,0.0,3
6596,1,0.08788486753370378,0.3146105300520323,0.6437066211626463,1.3703302610578516,1.024485674115385,1.1643195440509453,0.26983093003725434,0.9996333545924007,,0.09999999999999998,0.09999999999999998,3.9278634033649037e-07,2.5612812786630087e-06,2.7535687401016303e-05,0.050000000000000044,0.050000000000000044,"{'I': 1, 'W': 0, 'R': 1, 'C': 'free'}",False,True,True,1.0,3
6596,2,0.03298119052916726,0.47138952256240796,0.31474287351111147,1.792091920448259,1.0089481526926434,1.3185813542386586,0.11725329153101116,0.9999999642422381,0.05,0.25,0.15000000000000002,6.475945662637278e-07,4.7850944729377345e-06,0.00033535003057045984,0.050000000000000044,0.25,"{'I': 1, 'W': 0, 'R': 1, 'C': 'free'}",False,True,True,0.0,3
6596,3,0.03792518114322122,0.4470132566875739,0.5303044487588082,1.6815105449643717,1.0181618127231176,1.3860489000205818,0.22274282535454681,0.9999999996831622,0.05,0.25,0.15000000000000002,1.0677029961482134e-06,1.7603429975445303e-06,4.5397852259109794e-05,0.15000000000000002,0.25,"{'I': 1, 'W': 0, 'R': 1, 'C': 'free'}",True,False,True,0.0,3
6596,4,0.011596559304070999,0.3729723595926306,0.16159914666304698,1.5749092592659812,1.002740755915535,1.3076610113006744,0.03759324602103442,0.9999999999949885,0.05,0.25,0.4,4.785094488779909e-06,4.785120425942978e-06,0.005220126229655633,0.25,0.5,"{'I': 1, 'W': 0, 'R': 1, 'C': 'free'}",False,True,True,1.0,3
6596,5,0.011388949462253118,0.39597283211567674,0.1593549597240536,1.611002482240579,1.002721399884049,1.269079356740066,0.037333123935718526,0.9999996978609403,0.05,0.25,0.15000000000000002,1.067702994473632e-06,1.553497189179622e-06,3.5356254497641824e-05,0.25,0.25,"{'I': 1, 'W': 0, 'R': 1, 'C': 'free'}",True,False,True,0.0,3
6596,6,0.0007352668917650516,0.4605818035116109,0.01010954498888145,1.592007542774691,1.0000956582690068,1.3097091584153622,0.0013382554531118362,0.9999959266077133,0.05,0.25,0.19999999999999996,2.2603250976105114e-06,4.785117335398922e-06,6.60521597955249e-05,0.15000000000000002,0.35,"{'I': 1, 'W': 0, 'R': 1, 'C': 'free'}",True,False,True,0.0,3
6596,7,0.0011404473459364606,0.5211769148113942,0.014260830995307878,1.9832378937347461,1.0001533793740196,1.3991661367602635,0.0019917927068722197,0.9999999982305314,,0.30000000000000004,0.15000000000000002,7.889264421237968e-06,1.0130035726641983e-05,0.0003353500287876778,0.15000000000000002,0.25,"{'I': 1, 'W': 0, 'R': 1, 'C': 'free'}",True,True,True,0.0,3
6626,1,0.0064073916932613955,0.25826831142396106,0.04024118357632755,1.215255335504331,1.001031514865623,1.126317648193301,0.007190903375103419,0.9903344777429932,0.0,0.09999999999999998,0.09999999999999998,2.69957841329958e-07,1.2098659691139195e-06,2.144495855463648e-05,0.050000000000000044,0.050000000000000044,"{'I': 1, 'W': 0, 'R': 1, 'C': 'free'}",False,True,True,1.0,3
6626,2,0.019725609014713857,0.5496864214413315,0.13234623161085526,1.7234630753206415,1.0043547329371605,1.4116324365457675,0.02995900906101845,0.9999996352712893,0.0,0.15000000000000002,0.15000000000000002,3.7266388103316634e-06,4.222857806941401e-06,2.4300252137737515e-05,0.050000000000000044,0.15000000000000002,"{'I': 1, 'W': 0, 'R': 1, 'C': 'free'}",False,True,True,0.0,3
6626,3,0.0024966376213717218,0.43211928624805235,0.01605351650740936,2.126038249323464,1.0003211519160875,1.3503091041807165,0.002245178313234897,0.9999999939367055,0.05,0.15000000000000002,0.25,8.315279267502264e-07,2.2603251004322635e-06,3.120190354892063e-05,0.15000000000000002,0.25,"{'I': 1, 'W': 0, 'R': 1, 'C': 'free'}",False,True,True,1.0,3
6626,4,0.01722753039952014,0.3969375567385241,0.08378096233217731,1.791669807153166,1.0030917109910156,1.2556093640281207,0.021376797351584154,0.9998604683564587,0.0,0.050000000000000044,0.050000000000000044,9.422445901321882e-07,5.043476476830224e-07,1.670142947369631e-05,0.050000000000000044,0.050000000000000044,"{'I': 1, 'W': 0, 'R': 1, 'C': 'free'}",False,True,True,0.3333333333333333,3
6626,5,0.0598223744577721,0.38879151515963944,0.5303858521591555,1.7382887406815275,1.0284849464531134,1.23709449002551,0.2233621636437525,0.9999438347286113,0.05,0.15000000000000002,0.09999999999999998,7.889264422096923e-06,6.144177498225915e-06,9.610239172937147e-05,0.050000000000000044,0.050000000000000044,"{'I': 1, 'W': 0, 'R': 1, 'C': 'free'}",False,True,True,1.0,3
6626,6,0.00042951911489237806,0.43942457610093943,0.002416044736281541,1.6212655617583718,1.0000455332850822,1.2147131952582946,0.00027315617689738225,0.9999595083903072,,0.09999999999999998,0.09999999999999998,6.144177476812989e-06,1.0130067194401125e-05,5.1442213380847286e-05,0.050000000000000044,0.050000000000000044,"{'I': 1, 'W': 0, 'R': 1, 'C': 'free'}",False,True,True,0.0,3
6626,7,0.00012873975662752686,0.45528044722800115,0.0009855888804512496,1.9072101304797167,1.0000121986361967,1.3270445681153635,0.00010978102976832993,0.9999999981157918,0.05,0.15000000000000002,0.09999999999999998,2.561281289645357e-06,3.7266388297883714e-06,3.5356254820075636e-05,0.15000000000000002,0.050000000000000044,"{'I': 1, 'W': 0, 'R': 1, 'C': 'free'}",True,True,True,0.0,3
6665,1,0.3765301905526219,0.16918216221948765,1.4214768454512448,0.970557021359332,1.1354950752770032,1.074255583229754,0.5334604458012991,0.9758785292196377,,0.09999999999999998,0.09999999999999998,2.699578415597232e-07,1.067702995619812e-06,1.6701429710765165e-05,0.050000000000000044,0.050000000000000044,"{'I': 1, 'W': 0, 'R': 1, 'C': 'free'}",False,True,True,0.0,3
6665,2,0.09868820074133137,0.2519386319684944,0.582203142416273,1.2578615442006105,1.0432713234757625,1.1841291452888671,0.31699392013443606,0.999847507555617,0.05,0.15000000000000002,0.09999999999999998,3.535625453829622e-05,3.53572258369436e-05,4.0063691841148056e-05,0.050000000000000044,0.050000000000000044,"{'I': 1, 'W': 0, 'R': 1, 'C': 'free'}",False,True,True,0.0,3
6665,3,0.158573462429826,0.41544156757257916,1.0505247734757046,1.4946875600895455,1.2374658710503283,1.3124090431488757,0.7749560253349008,0.999999999189654,,0.30000000000000004,0.30000000000000004,5.422217005817687e-06,2.902311961727839e-06,3.535625482690528e-05,0.25,0.35,"{'I': 1, 'W': 0, 'R': 1, 'C': 'free'}",False,True,True,0.0,3
6665,4,0.07358093102639283,0.49632849718836725,0.5653257990479108,1.8565974762478628,1.0207534097757003,1.4429654051604237,0.15153626333185433,0.9999999999073432,0.05,0.19999999999999996,0.15000000000000002,6.144177499637964e-06,5.422217625628328e-06,4.5397852251381025e-05,0.15000000000000002,0.25,"{'I': 1, 'W': 0, 'R': 1, 'C': 'free'}",False,True,True,0.0,3
6665,5,4.113732432652046e-06,0.3355580125259133,1.5751817910435366e-05,1.56092129994945,1.0000002724782986,1.221040663666906,1.907346010909805e-06,0.9999991510324481,,0.30000000000000004,0.25,7.889264337970563e-06,7.889264098714167e-06,4.539785227761354e-05,0.25,0.35,"{'I': 1, 'W': 0, 'R': 1, 'C': 'free'}",True,True,True,0.0,3
6665,6,2.0631162891097955e-05,0.5141159371579624,9.153466200023175e-05,1.730866283116785,1.0000014901131502,1.3084085288898262,1.192082526624283e-05,0.99999992437687,,0.4,0.30000000000000004,3.5356254407703446e-05,3.2887506128502747e-06,0.00033535003063596316,0.75,0.35,"{'I': 1, 'W': 0, 'R': 1, 'C': 'free'}",False,True,True,0.0,3
6665,7,0.00026568539727016033,0.47668859122348833,0.0016016756172121094,1.774810459837406,1.0000240959980435,1.3117129927473081,0.00016865573020086178,0.9999999993564652,,0.30000000000000004,0.4,6.9622578973917115e-06,2.9023119804214853e-06,1.0129987357011491e-05,0.15000000000000002,0.35,"{'I': 1, 'W': 0, 'R': 1, 'C': 'free'}",False,True,True,0.6666666666666666,3
6669,1,0.00010678183088777901,0.26688170272197526,0.0007858901608248096,1.4675156250686758,1.0000099387731392,1.1837050246715835,7.950662917854956e-05,0.99997569699041,,0.050000000000000044,0.09999999999999998,4.450852615240536e-07,6.475945643238012e-07,7.484626206463423e-05,0.050000000000000044,0.050000000000000044,"{'I': 1, 'W': 0, 'R': 1, 'C': 'free'}",False,True,True,1.0,3
6669,2,0.0419390724728006,0.22344149644423858,0.4193067504851377,1.6238062068518349,1.0161520259283652,1.1581854697951912,0.14805192412463775,0.9994411229422565,0.0,0.0,0.050000000000000044,1.6701429788043084e-05,5.043476481147492e-07,4.222834920966378e-06,0.0,0.0,"{'I': 0, 'W': 1, 'R': 0, 'C': 'costly'}",False,True,True,1.0,3
6696,1,0.0002354291447887602,0.27100123401102705,0.0019325843977235238,2.081594221566535,1.0000241842242867,1.220295357513952,0.00021763170146227306,0.999997074213572,,0.09999999999999998,0.09999999999999998,8.315279238785112e-07,9.42244591512662e-07,6.605215909034043e-05,0.050000000000000044,0.050000000000000044,"{'I': 1, 'W': 0, 'R': 1, 'C': 'free'}",False,True,True,1.0,3
6696,2,0.004036172774957916,0.35055245929185713,0.04017981271004989,1.8504194240840024,1.0006731083890341,1.2775348539913456,0.006706231717231503,0.9999999999974568,0.0,0.91,0.09999999999999998,1.0677029937847221e-06,1.2098659664349186e-06,2.14449584429567e-05,0.050000000000000044,0.050000000000000044,"{'I': 1, 'W': 0, 'R': 1, 'C': 'free'}",False,True,True,1.0,3
6696,3,8.142228432382771e-05,0.27598438115165197,0.0002561885888219481,2.252878456253074,1.0000066359513846,1.2002555819550604,3.9814783571845425e-05,0.9999998173025118,0.0,0.0,0.050000000000000044,2.144495863363869e-05,4.785094490765173e-06,1.0129987318136844e-05,0.050000000000000044,0.050000000000000044,"{'I': 0, 'W': 1, 'R': 0, 'C': 'costly'}",False,True,True,1.0,3
670,1,0.0001642587784161564,0.2992359111811083,0.0009850547923487222,1.729079802356598,1.0000160131406124,1.2302279726719667,9.607345907036713e-05,0.9999997301941462,,0.09999999999999998,0.09999999999999998,2.382369665547367e-07,1.3709578555297028e-06,2.144495856182374e-05,0.050000000000000044,0.050000000000000044,"{'I': 1, 'W': 0, 'R': 1, 'C': 'free'}",False,True,True,1.0,3
670,2,0.0001516992653008921,0.25703226407790797,0.0004996442375051862,1.561799129472318,1.0000128893803413,1.1391603448528387,0.00010310906208677029,0.9999039549351557,,0.19999999999999996,0.15000000000000002,0.00033535002480361754,0.0001795310125128104,0.9770226267275876,0.25,0.15000000000000002,"{'I': 1, 'W': 0, 'R': 1, 'C': 'free'}",False,True,True,1.0,3
670,3,0.006292170772130695,0.3483680294280449,0.04952971014512006,2.2169221822598586,1.0010868533045363,1.3869394467074363,0.008652455034692141,0.9999999999995625,,0.15000000000000002,0.19999999999999996,1.55349719245048e-06,2.260325095850947e-06,3.535625486100404e-05,0.25,0.35,"{'I': 1, 'W': 0, 'R': 1, 'C': 'free'}",True,False,True,0.0,3
670,4,0.04654046072583432,0.3470261585944637,0.42321722550549873,1.7455847400972018,1.0160204058859486,1.1983255201764578,0.17363705550668695,0.9999921902441841,,0.30000000000000004,0.25,1.0129987337847862e-05,4.785094485858459e-06,9.61023920710628e-05,0.4,0.4,"{'I': 1, 'W': 0, 'R': 1, 'C': 'free'}",False,True,True,1.0,3
670,5,3.9199241527878e-05,0.31592866756648497,0.00034863152952269437,2.0614921575511853,1.0000030298737528,1.271589134856164,3.6357768992356654e-05,0.9999999999996991,,0.4,0.30000000000000004,7.48462620566285e-05,3.535653362415787e-05,0.7310585769040434,0.25,0.4,"{'I': 1, 'W': 0, 'R': 1, 'C': 'free'}",False,True,True,0.0,3
670,6,0.011320521771766746,0.2868217935204045,0.1211541039686466,1.868346500640255,1.002205154529557,1.227670012345507,0.02608643437642766,0.9999999082618807,,0.7,0.30000000000000004,0.0005527785383615917,0.0007096758946320839,0.8519527964553955,0.15000000000000002,0.35,"{'I': 1, 'W': 0, 'R': 1, 'C': 'free'}",True,False,True,0.0,3
670,7,0.010184374641338997,0.2363355011415393,0.13234557037860523,1.6856213971603418,1.0022913897276104,1.137758382764643,0.029315698232025955,0.9999946136339292,0.15,0.30000000000000004,0.30000000000000004,2.430025211615534e-05,2.1445364067718845e-05,0.017986211822583142,0.15000000000000002,0.4,"{'I': 1, 'W': 0, 'R': 1, 'C': 'free'}",False,True,True,0.0,3
6700,1,0.003226575153668701,0.1996536686886638,0.021420655239675734,1.2476251961586693,1.0004697363157076,1.1031058596638093,0.0032819846444246403,0.9473395879005285,,0.09999999999999998,0.09999999999999998,1.8553914593614907e-07,7.33820803730261e-07,3.1201903813807475e-05,0.050000000000000044,0.050000000000000044,"{'I': 1, 'W': 0, 'R': 1, 'C': 'free'}",False,True,True,1.0,3
6700,2,0.002888197795188591,0.45204455563707896,0.02646422201985535,2.377180440599349,1.0004340619378134,1.391694451422066,0.004330274807591961,0.9999999872624549,0.0,0.09999999999999998,0.09999999999999998,6.475945657790558e-07,2.5612812812813976e-06,5.829127209345294e-05,0.050000000000000044,0.050000000000000044,"{'I': 1, 'W': 0, 'R': 1, 'C': 'free'}",False,True,True,1.0,3
6700,3,0.035964600426312,0.25620020911398617,0.2272058775851593,1.5399149918387127,1.009168861363326,1.1562447836723322,0.07041465726262108,0.9997054140984376,0.0,0.050000000000000044,0.050000000000000044,6.144177530466553e-06,3.7266394481320037e-06,6.144177490660805e-06,0.0,0.0,"{'I': 0, 'W': 1, 'R': 0, 'C': 'costly'}",False,True,True,1.0,3
6709,1,0.016910507158001676,0.319798825766291,0.0739738143889964,1.7969126839027936,1.003085964081796,1.2938098693157378,0.01528799506707712,0.9999967012646337,,0.050000000000000044,0.09999999999999998,1.6373770549498697e-07,1.370957851599688e-06,2.753568764441878e-05,0.050000000000000044,0.050000000000000044,"{'I': 1, 'W': 0, 'R': 1, 'C': 'free'}",False,True,True,1.0,3
6709,2,8.797312964800658e-06,0.41040584699261956,3.9925679143707764e-05,1.888103488087218,1.0000005790160835,1.2499499859806225,4.053103197065866e-06,0.9999885586949899,,0.15000000000000002,0.15000000000000002,6.475945638534492e-07,1.9947299370983856e-06,5.1442212073562494e-05,0.050000000000000044,0.15000000000000002,"{'I': 1, 'W': 0, 'R': 1, 'C': 'free'}",False,True,True,1.0,3
6709,3,0.11334753646282233,0.27438037890757105,0.6416361856005127,1.9028736819962877,1.0620597492635206,1.2125543218769657,0.3439191667407452,0.9999999983730523,0.0,0.050000000000000044,0.050000000000000044,6.144177488363858e-06,3.1202362506954424e-05,2.144495823439209e-05,0.050000000000000044,0.050000000000000044,"{'I': 1, 'W': 0, 'R': 1, 'C': 'free'}",False,True,True,0.0,3
6709,4,0.3711043174797861,0.2512601669793699,1.273404488604348,1.0052803868551436,1.1885746453791246,1.1335929095564519,0.8741994731433759,0.9914762753976337,0.0,0.0,0.0,0.9999785532229162,0.9999974374682713,0.02931222899756764,0.95,0.0,"{'I': 0, 'W': 1, 'R': 0, 'C': 'costly'}",False,True,True,0.0,3
6779,1,0.006305671182066419,0.356044480930434,0.026464212509223956,1.913165656288312,1.0009318094626214,1.24209597402438,0.005572668341972786,0.9999965405977684,0.0,0.050000000000000044,0.09999999999999998,2.3823696609237455e-07,2.3823696663556021e-07,1.6701429753730054e-05,0.050000000000000044,0.050000000000000044,"{'I': 1, 'W': 0, 'R': 1, 'C': 'free'}",False,True,True,1.0,3
6779,2,0.05399533743564628,0.29713083899172393,0.3653340388303073,1.5854629565594134,1.0185041718934302,1.2299929941290935,0.12045044294496121,0.9999959650167696,0.0,0.09999999999999998,0.09999999999999998,2.9023119771960812e-06,6.144177492649923e-06,0.4999999959688753,0.050000000000000044,0.050000000000000044,"{'I': 1, 'W': 0, 'R': 1, 'C': 'free'}",False,True,True,1.0,3
6779,3,0.06502140915950845,0.241647175294628,0.6950168570750052,1.431419118432947,1.0317710945111487,1.1751389040897637,0.29110310271582596,0.9998603330121493,0.0,0.0,0.050000000000000044,0.9999038969275625,2.2603251051267073e-06,1.6701429698204673e-05,0.0,0.050000000000000044,"{'I': 0, 'W': 1, 'R': 0, 'C': 'costly'}",False,True,True,1.0,3
6781,1,0.008967435759640227,0.24479443724001743,0.042598978437545655,1.520480837325569,1.001391892214515,1.099076710294369,0.00831081918250376,0.981084240511627,,0.09999999999999998,0.09999999999999998,6.475945652021536e-07,1.2098659668957264e-06,1.6701429770681918e-05,0.050000000000000044,0.050000000000000044,"{'I': 1, 'W': 0, 'R': 1, 'C': 'free'}",False,True,True,1.0,3
6781,2,0.00035652646619828,0.5437909805068255,0.0008657860557397434,1.9576687395975962,1.00003161383814,1.3727762657279299,0.00015805420028403017,0.9999847240463501,,0.15000000000000002,0.15000000000000002,3.2887506173864796e-06,3.7266388199438144e-06,0.00013982202323419772,0.050000000000000044,0.15000000000000002,"{'I': 1, 'W': 0, 'R': 1, 'C': 'free'}",False,True,True,0.6666666666666666,3
6781,3,0.05003454215780913,0.2736039698499428,0.21489014189978708,1.6193495441410104,1.0106103937022248,1.1659650094660459,0.071218242338009,0.9999960329005758,0.05,0.15000000000000002,0.15000000000000002,1.6701429665379527e-05,6.144177437621325e-06,0.0019267342682966451,0.050000000000000044,0.050000000000000044,"{'I': 1, 'W': 0, 'R': 1, 'C': 'free'}",False,True,True,0.3333333333333333,3
6781,4,0.000537217235166662,0.413134478714422,0.0034968340158265466,1.8211858750258951,1.000058727005444,1.2902480350416878,0.0004109924870060455,0.9999995083826081,,0.09999999999999998,0.15000000000000002,9.610239177325785e-05,3.535653378037928e-05,7.48462607061934e-05,0.050000000000000044,0.15000000000000002,"{'I': 1, 'W': 0, 'R': 1, 'C': 'free'}",False,True,True,0.3333333333333333,3
6781,5,0.0037339732508245662,0.2657870294974519,0.0174581866330358,1.73182949216219,1.0004704718280868,1.2036876999739898,0.0028181885754071656,0.9944331058257065,,0.15000000000000002,0.15000000000000002,0.0001398240903898633,7.48501057475693e-05,0.0002959572330560459,0.15000000000000002,0.050000000000000044,"{'I': 1, 'W': 0, 'R': 1, 'C': 'free'}",True,True,True,0.0,3
6781,6,0.0014032344991220726,0.3753773128811984,0.008173569385782394,1.8672860123309445,1.0001615058950855,1.3332582811735467,0.0009684878391033047,0.9999999898728918,,0.30000000000000004,0.19999999999999996,3.120190351490001e-05,1.8925736149416157e-05,0.005220126478712391,0.15000000000000002,0.15000000000000002,"{'I': 1, 'W': 0, 'R': 1, 'C': 'free'}",True,False,True,0.0,3
6781,7,0.02002113964823489,0.4771497947845585,0.15935401793365717,1.9907977134861576,1.0047752140338624,1.3053280205398705,0.03739371305840988,0.9999992640336166,0.05,0.19999999999999996,0.25,6.605215957521393e-05,2.1445107877403332e-05,0.8519527949626612,0.15000000000000002,0.25,"{'I': 1, 'W': 0, 'R': 1, 'C': 'free'}",True,True,True,0.0,3
6798,1,0.00886487058533878,0.25651834459871165,0.060489053575581854,1.6792023671835228,1.0015347809482276,1.166225454151632,0.012193879700233667,0.9999015877794029,,0.09999999999999998,0.09999999999999998,3.92786339284404e-07,1.3709578561236828e-06,1.4738988936696566e-05,0.050000000000000044,0.050000000000000044,"{'I': 1, 'W': 0, 'R': 1, 'C': 'free'}",False,True,True,1.0,3
6798,2,0.017707227119993257,0.5005244474782509,0.13234323453899083,2.4684403049835293,1.0038517598654386,1.3805744719404685,0.03028676639752015,0.9999999622576835,0.0,0.09999999999999998,0.09999999999999998,1.5534971970282303e-06,8.939699340812403e-06,5.8291271424872434e-05,0.050000000000000044,0.050000000000000044,"{'I': 1, 'W': 0, 'R': 1, 'C': 'free'}",False,True,True,1.0,3
6798,3,0.056805650514239074,0.3737467688774827,0.39521092965359783,1.7684153912437588,1.4016811882589322,1.2394765236690657,0.9059291027137033,0.9999021067229628,,0.050000000000000044,0.09999999999999998,2.5612815657964184e-06,1.4738988406519637e-05,2.430025201163901e-05,0.0,0.050000000000000044,"{'I': 1, 'W': 0, 'R': 1, 'C': 'free'}",True,False,True,0.0,3
6798,4,0.05778788495740735,0.2705556174471409,0.4592368970190425,1.2870986074851054,1.0211164428126516,1.244194727719593,0.1539464672587556,0.9999986910535322,,0.09999999999999998,0.09999999999999998,2.1444958611184796e-05,2.4300251746153774e-05,3.726638839748446e-06,0.050000000000000044,0.050000000000000044,"{'I': 1, 'W': 0, 'R': 1, 'C': 'free'}",False,True,True,1.0,3
6798,5,0.029923202678495457,0.27241770622959793,0.26853671451364464,1.3878579880367883,1.0088114449703924,1.2217772720701165,0.07591909960855858,0.9999997997314433,0.0,0.09999999999999998,0.09999999999999998,6.1441774742093796e-06,4.785094409778322e-06,1.670142977355085e-05,0.050000000000000044,0.050000000000000044,"{'I': 1, 'W': 0, 'R': 1, 'C': 'free'}",True,False,True,0.0,3
6798,6,0.0018830417742798217,0.22229259802097528,0.011267282250224242,1.3914777554711324,1.0002508383118982,1.159385589372644,0.0015037094376892934,0.9999570954909486,0.0,0.050000000000000044,0.050000000000000044,0.8175744833729754,1.7603430022504114e-06,0.00020342704426134367,0.0,0.050000000000000044,"{'I': 0, 'W': 1, 'R': 0, 'C': 'costly'}",False,True,True,1.0,3
6800,1,0.04585170340665676,0.199618553627546,0.22720587925164376,1.0415873426748412,1.0125088262850026,1.1215918697501939,0.06026389866586501,0.9680144056553415,,0.91,0.92,6.475945641566847e-07,1.2098659672149797e-06,6.605215961287795e-05,0.050000000000000044,0.050000000000000044,"{'I': 1, 'W': 0, 'R': 1, 'C': 'free'}",False,True,True,1.0,3
6800,2,4.7601152712426506e-05,0.3100177485970622,0.0002203793965165698,1.5771194834192532,1.000003735203339,1.1754023686527073,2.2410927050464657e-05,0.9994973894428497,,0.92,0.92,0.00012339461821894953,1.670147233971536e-05,0.002472623183871382,0.15000000000000002,0.15000000000000002,"{'I': 1, 'W': 0, 'R': 1, 'C': 'free'}",False,True,True,0.0,3
6800,3,6.116147945410898e-05,0.40374642634366215,0.00028906653355751185,1.8173373986477903,1.000005125952124,1.3235829376920318,2.562936649386227e-05,0.9999999999937065,,0.91,0.92,5.422217528485326e-06,4.785094445701404e-06,2.7535687620255308e-05,0.050000000000000044,0.15000000000000002,"{'I': 1, 'W': 0, 'R': 1, 'C': 'free'}",True,True,True,0.0,3
6800,4,0.09110815107134583,0.3151466165292194,0.46101378079324445,1.592030802157995,1.0214757139408932,1.2162090653180768,0.11969792253312261,0.999999869883352,0.05,0.9299999999999999,0.92,0.9820137877455848,0.9968273168737083,0.9989677685961931,0.55,0.4,"{'I': 1, 'W': 0, 'R': 1, 'C': 'free'}",False,True,True,1.0,3
6800,5,1.5409192517904583e-06,0.29896694900844367,4.902696430353571e-06,1.3211949756812198,1.0000000953674233,1.2001260089089736,4.7683698056744106e-07,0.9999976292060717,,0.91,0.92,2.9023119636802988e-06,1.3709578581891256e-06,9.610239148760989e-05,0.050000000000000044,0.15000000000000002,"{'I': 1, 'W': 0, 'R': 1, 'C': 'free'}",True,False,True,0.0,3
6800,6,0.022059397760261678,0.25046069474863153,0.1323432681166227,1.3513365233581516,1.0049708356991573,1.149582421256084,0.029312922888676596,0.9999976570156944,0.0,0.91,0.09999999999999998,1.7603429861907279e-06,1.994729937990014e-06,2.144495850574891e-05,0.050000000000000044,0.050000000000000044,"{'I': 1, 'W': 0, 'R': 1, 'C': 'free'}",True,False,True,0.0,3
6800,7,0.015212375589514562,0.204183890872644,0.09009479594383286,1.6315759682131523,1.0030468311154044,1.126641628902239,0.018087613042856,0.9999722763688584,0.0,0.9,0.91,4.222834902758267e-06,2.5612812665779708e-06,9.610239180518172e-05,0.0,0.050000000000000044,"{'I': 1, 'W': 0, 'R': 1, 'C': 'free'}",True,False,True,0.0,3
6819,1,0.031110023537814384,0.19136713451391377,0.19086497717431972,1.6052230982654379,1.0075569714428787,1.1099792243617168,0.05133535877642559,0.9933182965815287,,0.050000000000000044,0.09999999999999998,3.466327432480932e-07,3.927863399778069e-07,1.670142957375447e-05,0.050000000000000044,0.050000000000000044,"{'I': 1, 'W': 0, 'R': 1, 'C': 'free'}",False,True,True,1.0,3
6819,2,0.0004698438298572379,0.35324208907819205,0.004208114131356674,2.385917192014678,1.0000543609296735,1.231133422451454,0.0004891154135816533,0.9999999973635869,,0.15000000000000002,0.15000000000000002,2.902311974412307e-06,4.785106721651329e-06,7.484626279391112e-05,0.050000000000000044,0.15000000000000002,"{'I': 1, 'W': 0, 'R': 1, 'C': 'free'}",False,True,True,1.0,3
6819,3,0.012439308607853777,0.3837595248982636,0.04943663473564919,1.6736656486557115,1.002163942028221,1.2450857019824286,0.008609143556517207,0.9999998601526326,,0.09999999999999998,0.09999999999999998,5.422217661743634e-06,4.785094464901057e-06,6.605215967154354e-05,0.050000000000000044,0.050000000000000044,"{'I': 1, 'W': 0, 'R': 1, 'C': 'free'}",False,True,True,0.6666666666666666,3
6819,4,0.018823614850043392,0.26698206912723516,0.06061448947627589,1.4185444336449877,1.0032694017394632,1.1409879857092302,0.01297141203432517,0.9982196369557909,,0.09999999999999998,0.09999999999999998,1.994729950111772e-06,4.222834920957405e-06,7.484626167062982e-05,0.050000000000000044,0.15000000000000002,"{'I': 1, 'W': 0, 'R': 1, 'C': 'free'}",False,True,True,1.0,3
6819,5,0.09851195450235087,0.27198683238800975,0.6628672440602129,1.870103753457723,1.0706981523636785,1.1303265394268052,0.38008716641960505,0.9994972446878938,0.05,0.15000000000000002,0.15000000000000002,2.902311973082724e-06,7.88930708934655e-06,0.00012339461611294406,0.050000000000000044,0.050000000000000044,"{'I': 1, 'W': 0, 'R': 1, 'C': 'free'}",False,True,True,1.0,3
6819,6,0.00030395244914634384,0.3265410415210652,0.0024285126168936168,1.9505332160186422,1.0000327787990237,1.2376465134164822,0.0002621917162274334,0.9999988147331282,,0.09999999999999998,0.15000000000000002,1.3007123642378636e-05,8.939699376583881e-06,5.829127097884838e-05,0.050000000000000044,0.15000000000000002,"{'I': 1, 'W': 0, 'R': 1, 'C': 'free'}",False,True,True,1.0,3
6819,7,2.5455656694917492e-05,0.3261030862270387,0.00017905804363660752,2.004792143665572,1.0000020116450807,1.2195928182344025,1.6093014965745667e-05,0.9999999996716284,,0.09999999999999998,0.15000000000000002,6.475945662078716e-07,1.7603430013751534e-06,1.3007123804589476e-05,0.050000000000000044,0.050000000000000044,"{'I': 1, 'W': 0, 'R': 1, 'C': 'free'}",True,False,True,0.0,3
6837,1,0.5248352326868707,0.2566252492971829,1.5191500445909774,1.287409766250469,1.2682937858358554,1.1742838085701948,0.7597403652380794,0.9998546279213597,0.0,0.09999999999999998,0.09999999999999998,1.3709578572116464e-06,1.9947299523587095e-06,2.4300252196508053e-05,0.050000000000000044,0.050000000000000044,"{'I': 1, 'W': 0, 'R': 1, 'C': 'free'}",False,True,True,0.3333333333333333,3
6837,2,0.0006556292517354559,0.32531311623597764,0.0015447857908579016,2.1743054954808794,1.000065920232456,1.2119634433176827,0.00039543015575715934,0.999974409640776,0.0,0.09999999999999998,0.09999999999999998,1.5534971933226424e-06,4.222834892542623e-06,1.6701429605408124e-05,0.050000000000000044,0.050000000000000044,"{'I': 1, 'W': 0, 'R': 1, 'C': 'free'}",False,True,True,0.0,3
6837,3,0.053708671305747226,0.4134966176465922,0.5343146693419514,2.491622039623356,1.025584670559213,1.300404487390307,0.22324368654278148,0.9999999999991915,0.05,0.19999999999999996,0.15000000000000002,2.9023119771243244e-06,2.1445175086218885e-05,5.8291271943453116e-05,0.050000000000000044,0.050000000000000044,"{'I': 1, 'W': 0, 'R': 1, 'C': 'free'}",False,True,True,0.3333333333333333,3
6837,4,6.0712745300179954e-05,0.38389808492644306,0.000499384276882857,1.7589982543543525,1.0000052928017773,1.3062432665996577,5.292647704835396e-05,0.9999999988354799,0.05,0.15000000000000002,0.09999999999999998,4.785094410519602e-06,2.9023119524967644e-06,2.4300251948025012e-05,0.050000000000000044,0.15000000000000002,"{'I': 1, 'W': 0, 'R': 1, 'C': 'free'}",True,False,True,0.0,3
6837,5,0.05169052333705052,0.46078513019940115,0.7161806518859299,2.1411040700509667,1.025318862259285,1.3585711603328061,0.29534791245540537,0.9999999999999977,0.05,0.25,0.25,2.260325101437253e-06,4.222834927008619e-06,1.0129987350230836e-05,0.4,0.35,"{'I': 1, 'W': 0, 'R': 1, 'C': 'free'}",False,True,True,0.3333333333333333,3
6837,6,2.3703735658636224e-06,0.21755236453097176,2.5094872168256853e-05,1.317518250976498,1.0000001558889584,1.115502990520267,2.0265542488573374e-06,0.9998571533208994,,0.4,0.25,1.4738988749676294e-05,5.422216987548828e-06,0.00026119030971876573,0.15000000000000002,0.25,"{'I': 1, 'W': 0, 'R': 1, 'C': 'free'}",True,False,True,0.0,3
6837,7,0.0032163105734617334,0.44618562250154625,0.03264040670808377,2.077596725913286,1.000477239705505,1.366384538543096,0.006657502060708365,1.0,0.15,0.4,0.9299999999999999,0.0001398220228615672,2.902311981342687e-06,0.0011695102999162666,0.15000000000000002,0.25,"{'I': 1, 'W': 0, 'R': 1, 'C': 'free'}",True,False,True,0.0,3
6849,1,0.006571079380249841,0.23343863215217597,0.032639459322914385,1.6832246389613015,1.0010507355309393,1.127698031505802,0.005237157494275668,0.9972295411395135,,0.050000000000000044,0.09999999999999998,5.715002387350476e-07,4.4508526347081955e-07,1.3007123736816897e-05,0.050000000000000044,0.050000000000000044,"{'I': 1, 'W': 0, 'R': 1, 'C': 'free'}",False,True,True,1.0,3
6849,2,0.03269447675476298,0.44059660405723294,0.22720588449254667,1.675532274295886,1.0089145286536234,1.349173289150503,0.06023478080087741,0.9999999992142967,0.05,0.15000000000000002,0.15000000000000002,4.785094478387871e-06,6.144215252031149e-06,0.0005527785502406899,0.15000000000000002,0.25,"{'I': 1, 'W': 0, 'R': 1, 'C': 'free'}",False,True,True,0.6666666666666666,3
6849,3,0.0235764081987017,0.4460031355571101,0.1326734122187516,2.0460812225694935,1.0045374821889663,1.350924849390677,0.026797708146104382,0.9999996027428942,,0.09999999999999998,0.15000000000000002,3.7266388358113652e-06,1.0130030104604175e-05,0.00013982201913529201,0.050000000000000044,0.15000000000000002,"{'I': 1, 'W': 0, 'R': 1, 'C': 'free'}",False,True,True,0.6666666666666666,3
6849,4,4.716779722243521e-05,0.3220161225806087,0.0003983487162214608,1.5331484296384719,1.0000040927910587,1.1878394729178214,3.6834365747195896e-05,0.9999917496421621,,0.15000000000000002,0.15000000000000002,1.5534971961104084e-06,1.7603430013791035e-06,9.610239155779551e-05,0.050000000000000044,0.25,"{'I': 1, 'W': 0, 'R': 1, 'C': 'free'}",False,True,True,0.0,3
6849,5,0.005632671143869041,0.3504485009985143,0.02814441242293917,1.6836632696380258,1.0008044887126173,1.24325914927078,0.004012753725813889,0.9999999980032351,,0.19999999999999996,0.15000000000000002,1.3007123698657003e-05,6.144189772186162e-06,3.535625484062448e-05,0.15000000000000002,0.25,"{'I': 1, 'W': 0, 'R': 1, 'C': 'free'}",True,True,True,0.0,3
6849,6,0.0007942194048424683,0.4148678562483405,0.006276938585388619,1.4844836209361771,1.000088282874835,1.3905245492768816,0.0007941952630459159,0.9999020515645842,0.0,0.0,0.050000000000000044,7.889264463342557e-06,5.3157849717781556e-08,1.0129987336541026e-05,0.050000000000000044,0.050000000000000044,"{'I': 0, 'W': 1, 'R': 0, 'C': 'costly'}",False,True,True,0.0,3
687,1,0.004081516492011241,0.2982559081331364,0.032639462255579024,1.8692522195619934,1.0006545226975812,1.2321043641560874,0.005220792769260352,0.9999638363129142,,0.050000000000000044,0.09999999999999998,1.4449802071426312e-07,5.715002417275505e-07,1.6701429699490977e-05,0.050000000000000044,0.050000000000000044,"{'I': 1, 'W': 0, 'R': 1, 'C': 'free'}",False,True,True,1.0,3
687,2,0.0007762745449970015,0.1419757704330324,0.003807945919853049,1.2185247504664156,1.0000826018482598,1.0615191002098476,0.0006605692233432325,0.9395504891230294,,0.09999999999999998,0.09999999999999998,0.0009110513568369266,2.90231197901599e-06,6.144177484505135e-06,0.050000000000000044,0.050000000000000044,"{'I': 0, 'W': 1, 'R': 0, 'C': 'costly'}",False,True,True,1.0,3
6875,1,0.01802383900674921,0.19805108222352816,0.09009477792531947,1.025907056831744,1.0036369474861857,1.1128820273177045,0.017987998213819356,0.982823561951809,,0.050000000000000044,0.09999999999999998,2.1024339046418117e-07,5.043476478242231e-07,1.300712358559898e-05,0.050000000000000044,0.050000000000000044,"{'I': 1, 'W': 0, 'R': 1, 'C': 'free'}",False,True,True,1.0,3
6875,2,0.02488027460505918,0.14466189522088543,0.12258783502992598,1.0330946272530528,1.0045847101460468,1.0834408917247478,0.02261159945091673,0.959468648635274,0.0,0.0,0.0,1.760343001121346e-06,1.4449802092332464e-07,1.5534971777586962e-06,0.0,0.0,"{'I': 0, 'W': 1, 'R': 0, 'C': 'costly'}",False,True,True,1.0,3
690,1,0.12872128088360332,0.27297762537705844,0.7112186145758236,1.092367079831106,1.1504480149664964,1.2939207962873953,0.568681580128318,0.9999928838331802,,0.09999999999999998,0.15000000000000002,1.9947299525961998e-06,4.22283491535935e-06,2.4300252135425837e-05,0.050000000000000044,0.050000000000000044,"{'I': 1, 'W': 0, 'R': 1, 'C': 'free'}",False,True,True,1.0,3
690,2,7.396541775871743e-05,0.31194078355592936,0.00031669099117920756,1.7358218140426402,1.0000060498308543,1.2372420409654403,4.839732924377671e-05,0.9999999598554585,,0.15000000000000002,0.09999999999999998,0.0005527785499369102,2.7535904447771336e-05,0.26894140654110604,0.050000000000000044,0.15000000000000002,"{'I': 1, 'W': 0, 'R': 1, 'C': 'free'}",False,True,True,0.6666666666666666,3
690,3,0.0010035845699079666,0.4275691501536082,0.00585508216943432,1.8647346111727643,1.0001204460899733,1.2444988292090593,0.0007223719851927601,0.9999994625185211,0.05,0.15000000000000002,0.15000000000000002,2.5612812856466797e-06,8.939699408814783e-06,9.610238951798923e-05,0.050000000000000044,0.15000000000000002,"{'I': 1, 'W': 0, 'R': 1, 'C': 'free'}",False,True,True,0.6666666666666666,3
690,4,0.08015297187578,0.307100979631287,0.47505287213608216,2.5409851283903877,1.034261164400895,1.2608879329905147,0.18300632501190828,0.9999999999947006,,0.09999999999999998,0.09999999999999998,1.553497188810014e-06,5.422216975311542e-06,3.120190368172414e-05,0.050000000000000044,0.050000000000000044,"{'I': 1, 'W': 0, 'R': 1, 'C': 'free'}",False,False,True,0.0,3
690,5,0.18938627936975752,0.38229931645862425,0.9879737674022157,1.823340925511219,1.1114174671243402,1.4104158617896305,0.5704811217582821,0.9999999999988722,,0.15000000000000002,0.15000000000000002,1.4738988575561059e-05,8.939699193058137e-06,0.00020342704217152533,0.050000000000000044,0.050000000000000044,"{'I': 1, 'W': 0, 'R': 1, 'C': 'free'}",False,True,True,1.0,3
690,6,0.0008466310651879321,0.24338741860502439,0.006144775298800255,1.6801216499610343,1.0000974074465714,1.179300311560606,0.000876240202115186,0.9999995778884668,,0.09999999999999998,0.15000000000000002,3.120190372189522e-05,1.3007123604282978e-05,0.00012339461843802852,0.050000000000000044,0.050000000000000044,"{'I': 1, 'W': 0, 'R': 1, 'C': 'free'}",False,True,True,0.0,3
690,7,0.01478427376303366,0.22753733194957454,0.1323441874005212,1.5705982035408208,1.0033185264076478,1.156709041180008,0.029377140396252832,0.9999999463925646,0.05,0.15000000000000002,0.15000000000000002,1.5534971964810226e-06,6.962257849582315e-06,5.829127244266307e-05,0.15000000000000002,0.15000000000000002,"{'I': 1, 'W': 0, 'R': 1, 'C': 'free'}",False,True,True,0.0,3
6906,1,0.0005491784224906679,0.2897284267221893,0.0025739724825076084,1.8776458642946365,1.0000573100068497,1.2270776160921675,0.00028650077428316045,0.9999993988849182,,0.050000000000000044,0.09999999999999998,6.475945658027062e-07,1.0677029962031907e-06,2.753568775359038e-05,0.050000000000000044,0.050000000000000044,"{'I': 1, 'W': 0, 'R': 1, 'C': 'free'}",False,True,True,1.0,3
6906,2,1.5489050686724017e-05,0.23832326018974762,7.38732220274429e-05,1.3404520959274482,1.0000010530136811,1.1507689252785138,1.263607768531294e-05,0.9999287462974135,,0.09999999999999998,0.15000000000000002,9.610239166169506e-05,5.422266094528818e-06,0.9997040430111027,0.050000000000000044,0.15000000000000002,"{'I': 1, 'W': 0, 'R': 1, 'C': 'free'}",False,True,True,1.0,3
6906,3,0.002151564991238818,0.44672651438328626,0.0164871416542512,1.5658190572083568,1.0002753950483494,1.3647067337351915,0.0030243458991114913,0.9999650294902295,,0.15000000000000002,0.15000000000000002,1.7603430023475177e-06,2.2603316621718635e-06,0.00015843623409193578,0.050000000000000044,0.25,"{'I': 1, 'W': 0, 'R': 1, 'C': 'free'}",False,True,True,1.0,3
6906,4,8.111717390336682e-06,0.30803428032931995,3.990702874421207e-05,1.9685848696764303,1.0000005563094798,1.2145164860066002,3.3378503800918224e-06,0.9999998800721569,0.0,0.050000000000000044,0.050000000000000044,9.610239144709128e-05,1.0677029960362446e-06,5.144221260132943e-05,0.0,0.050000000000000044,"{'I': 0, 'W': 1, 'R': 0, 'C': 'costly'}",False,True,True,1.0,3
6913,1,0.043727600410228135,0.2614299368360374,0.4751923352712367,1.4578442593645007,1.0176583468813574,1.2196173576483655,0.18945708982661713,0.9999730753926658,,0.050000000000000044,0.09999999999999998,6.825603720402844e-08,8.315279244792133e-07,3.1201903824528785e-05,0.050000000000000044,0.050000000000000044,"{'I': 1, 'W': 0, 'R': 1, 'C': 'free'}",False,True,True,1.0,3
6913,2,0.03801449240308701,0.19168659903148233,0.5304276677604078,1.3307564671138663,1.017313721641234,1.073039341690337,0.22700539158705624,0.9482222822070251,,0.15000000000000002,0.09999999999999998,9.422445931669948e-07,7.484702028268511e-05,0.00033535002950324375,0.050000000000000044,0.050000000000000044,"{'I': 1, 'W': 0, 'R': 1, 'C': 'free'}",False,True,True,1.0,3
6913,3,0.015162397548065453,0.5594430608226952,0.22720624321433944,2.056282605593697,1.0041409323820731,1.4766309878722856,0.06010370545283761,0.9999999999999981,0.05,0.25,0.15000000000000002,2.2603251051526337e-06,4.785112310947674e-06,2.7535687759101928e-05,0.15000000000000002,0.15000000000000002,"{'I': 1, 'W': 0, 'R': 1, 'C': 'free'}",False,True,True,1.0,3
6913,4,0.02795597637681404,0.12956972807335626,0.4193070865227057,0.9080662512766303,1.0107389868777321,1.0413945703257017,0.14804877575912057,0.9157701260009469,0.0,0.050000000000000044,0.09999999999999998,1.7603429979759703e-06,1.3007123487868837e-05,5.829127233008439e-05,0.050000000000000044,0.050000000000000044,"{'I': 1, 'W': 0, 'R': 1, 'C': 'free'}",True,False,True,0.0,3
6913,5,0.08673246038733712,0.17481476103962,0.689475206208773,1.2749891761413437,1.1088983128112415,1.111296014276043,0.5626126499001922,0.9990554258506428,0.0,0.050000000000000044,0.09999999999999998,2.9023119722332275e-06,3.7266387822838284e-06,1.6701429747930985e-05,0.050000000000000044,0.050000000000000044,"{'I': 1, 'W': 0, 'R': 1, 'C': 'free'}",False,True,True,1.0,3
6913,6,0.03888361493813089,0.10070028780922893,0.19439785711698415,1.245260288738171,1.0098479873878092,1.0520875487006702,0.047817975198202634,0.9859511100339595,0.0,0.0,0.050000000000000044,3.535625492863057e-05,5.04347648643411e-07,2.9023119837153935e-06,0.050000000000000044,0.050000000000000044,"{'I': 0, 'W': 1, 'R': 0, 'C': 'costly'}",False,True,True,1.0,3
6916,1,0.030395176795321926,0.2882082076091325,0.15935378265435177,1.6615632855265672,1.0069177517117274,1.1818475919467173,0.040519803449102,0.9985205425171199,0.0,0.050000000000000044,0.09999999999999998,1.4449802045430908e-07,2.1024339092923617e-07,1.3007123661981033e-05,0.050000000000000044,0.050000000000000044,"{'I': 1, 'W': 0, 'R': 1, 'C': 'free'}",False,True,True,1.0,3
6916,2,0.17689479167134947,0.502498852688688,0.4729167847275567,1.800162905904065,1.0507261426854002,1.3160818978719673,0.2191775158943865,0.9999975242717912,0.05,0.4,0.4,2.2603251037317127e-06,1.9947299466437337e-06,3.1201903660931574e-05,0.15000000000000002,0.4,"{'I': 1, 'W': 0, 'R': 1, 'C': 'free'}",False,True,True,0.3333333333333333,3
6916,3,0.06621231152682158,0.3541075645628208,0.2696020463260699,1.4794126657388649,1.018187254852521,1.2177097000995616,0.08617777202498433,0.9999890739899291,0.0,0.050000000000000044,0.09999999999999998,0.9914225139353986,0.9992903295458619,5.422217620611391e-06,0.050000000000000044,0.050000000000000044,"{'I': 0, 'W': 1, 'R': 0, 'C': 'costly'}",False,True,True,0.0,3
6948,1,0.005465711298113894,0.13303448306981353,0.03263946064704914,1.4507760161718977,1.0008745619218369,1.05981938980211,0.0052313468870870405,0.8441953362953984,,0.050000000000000044,0.09999999999999998,1.2098659662195247e-06,6.475945650988112e-07,5.144221318801416e-05,0.050000000000000044,0.050000000000000044,"{'I': 1, 'W': 0, 'R': 1, 'C': 'free'}",False,True,True,1.0,3
6948,2,0.00823559511762866,0.2968439318063348,0.04935756153477611,1.5230532792246985,1.0014374413589886,1.2018239144319895,0.008581422952012696,0.9999294858558034,0.0,0.09999999999999998,0.09999999999999998,5.715002415762237e-07,1.6701429455563482e-05,2.430025200327472e-05,0.050000000000000044,0.050000000000000044,"{'I': 1, 'W': 0, 'R': 1, 'C': 'free'}",False,True,True,1.0,3
6948,3,0.001892524404955628,0.3308708490551211,0.009386007176923105,1.6809030998305505,1.0002407119852497,1.2513220864499364,0.0012026912802749479,0.9999971818719559,0.0,0.0,0.050000000000000044,1.6701429796013193e-05,8.764248495718378e-08,1.7603430011180996e-06,0.0,0.0,"{'I': 0, 'W': 1, 'R': 0, 'C': 'costly'}",False,True,True,1.0,3
6951,1,0.019110126578921405,0.2125119901345646,0.19086497479871914,1.2944143802802837,1.0048723885317794,1.1116658963114163,0.04744322612106999,0.9905129417626625,0.0,0.050000000000000044,0.09999999999999998,1.6373770538288933e-07,3.466327445287961e-07,8.93969944464664e-06,0.050000000000000044,0.050000000000000044,"{'I': 1, 'W': 0, 'R': 1, 'C': 'free'}",False,True,True,1.0,3
6951,2,2.0848778003670362e-05,0.47122489266070533,0.00010058931939476263,1.9670778729334792,1.000001609321285,1.2876926937710325,9.655873320912889e-06,0.9999998445317739,,0.15000000000000002,0.15000000000000002,2.9023119699982523e-06,1.994729948984557e-06,4.5397852079937674e-05,0.050000000000000044,0.15000000000000002,"{'I': 1, 'W': 0, 'R': 1, 'C': 'free'}",False,True,True,1.0,3
6951,3,0.039636146782518054,0.19696947642017826,0.2699426771036683,1.7223403607969714,1.0114699110968368,1.1112116489892696,0.0767289379617293,0.9355409981185108,0.0,0.09999999999999998,0.09999999999999998,1.3709578539292017e-06,2.561281279743108e-06,1.14787676448262e-05,0.050000000000000044,0.050000000000000044,"{'I': 1, 'W': 0, 'R': 1, 'C': 'free'}",False,True,True,0.6666666666666666,3
6951,4,0.20708839249175587,0.3362200856702196,1.06911934003585,2.190720600134332,1.1314863575341505,1.18909031724094,0.6277750980884464,0.9921659848818446,,0.050000000000000044,0.09999999999999998,0.0001584362354083991,4.539802092382714e-05,8.939699270541785e-06,0.050000000000000044,0.050000000000000044,"{'I': 1, 'W': 0, 'R': 1, 'C': 'free'}",False,True,True,0.0,3
6951,5,0.02025105152998032,0.30806712848841433,0.15287669539918955,2.3295976102710165,1.0042607433019768,1.2621046142896084,0.033441579065793925,0.9970309593978274,0.0,0.050000000000000044,0.050000000000000044,7.889264460070869e-06,1.3709578569422014e-06,1.3007123461249454e-05,0.050000000000000044,0.050000000000000044,"{'I': 0, 'W': 1, 'R': 0, 'C': 'costly'}",False,True,True,1.0,3
6952,1,0.00563790676352832,0.21404799281444437,0.02231879171983068,1.0719717039937016,1.0007531792182704,1.1044472400360767,0.003757401839028063,0.9930377231704045,,0.050000000000000044,0.09999999999999998,4.45085263030573e-07,5.715002415113854e-07,4.006369179488763e-05,0.050000000000000044,0.050000000000000044,"{'I': 1, 'W': 0, 'R': 1, 'C': 'free'}",False,True,True,1.0,2
6952,2,0.12737202642825365,0.41039618257420013,0.6860961082211487,1.7933119319750332,1.103021684647379,1.3060009780731596,0.44474088408149504,0.9999999620146738,0.05,0.15000000000000002,0.15000000000000002,2.9023119783636933e-06,2.561304170681099e-06,1.8925145925428617e-05,0.050000000000000044,0.25,"{'I': 1, 'W': 0, 'R': 1, 'C': 'free'}",False,True,True,0.5,2
6952,3,3.08089790781942e-05,0.33688491165549383,0.00021883382951624,2.0667488835772843,1.000002525054624,1.2623716341193312,2.7775180060141125e-05,0.9999998338670508,0.05,0.15000000000000002,0.15000000000000002,1.3007123761218785e-05,8.939699436582952e-06,0.0002611903080552976,0.050000000000000044,0.25,"{'I': 1, 'W': 0, 'R': 1, 'C': 'free'}",False,True,True,0.0,2
6952,4,0.06048128420767358,0.3455594718662585,0.6628671250475686,1.5376378625200078,1.0926176903604583,1.363572183255303,0.622558635081371,0.9999944081848055,0.0,0.050000000000000044,0.050000000000000044,1.9947299378157505e-06,1.3709578546031278e-06,3.726638835799925e-06,0.0,0.0,"{'I': 1, 'W': 0, 'R': 1, 'C': 'free'}",True,False,True,0.0,2
6952,5,2.8092457634761722e-05,0.3271963594313384,0.000285869541303745,1.7918787877068703,1.0000023733241556,1.2060470463590078,2.6106193960484525e-05,0.999538612553254,0.0,0.050000000000000044,0.050000000000000044,5.715002412569356e-07,1.0677029931344516e-06,6.475945664899239e-07,0.0,0.050000000000000044,"{'I': 1, 'W': 0, 'R': 1, 'C': 'free'}",True,False,True,0.0,2
6952,6,0.00015502437143493253,0.281969194934281,0.0016881446437889576,1.4776959979001552,1.0000148567215101,1.178191780927018,0.00016340936988457067,0.989861999356569,0.0,0.0,0.050000000000000044,1.370957859407884e-06,1.0677029965144336e-06,7.889264457566538e-06,0.0,0.0,"{'I': 0, 'W': 1, 'R': 0, 'C': 'costly'}",False,True,True,0.0,2
6982,1,0.2859835352265465,0.3554435457226386,1.5233558038347834,1.1589675261133177,1.237413059165147,1.2021818016345271,0.8529829363889785,0.9993673055528212,,0.09999999999999998,0.09999999999999998,3.9278634019992944e-07,5.043476482087618e-07,8.48110406131273e-05,0.050000000000000044,0.050000000000000044,"{'I': 1, 'W': 0, 'R': 1, 'C': 'free'}",False,True,True,0.3333333333333333,3
6982,2,0.0006742802712782617,0.37040792898576896,0.004179194662053017,1.490170635375247,1.0000729602461702,1.2901123890677335,0.0005105727062795218,0.9999977196833253,,0.09999999999999998,0.09999999999999998,6.962257853504888e-06,8.939699331888582e-06,0.0005527785484155261,0.050000000000000044,0.050000000000000044,"{'I': 1, 'W': 0, 'R': 1, 'C': 'free'}",False,True,True,0.0,3
6982,3,1.2065639698230982e-05,0.36750381123028447,5.031352911696055e-05,2.334909716413164,1.0000008344641071,1.2415549222526105,5.841229253289448e-06,0.9999964520645588,,0.25,0.15000000000000002,6.605215961134061e-05,0.029312235593373197,0.9399133447421417,0.15000000000000002,0.15000000000000002,"{'I': 1, 'W': 0, 'R': 1, 'C': 'free'}",False,True,True,0.0,3
6982,4,5.951288176903064e-05,0.43437481812693335,0.00020490759783310544,2.402136542603905,1.0000045564292237,1.305513095616448,4.1006928781839314e-05,0.9999999992866829,,0.30000000000000004,0.7,0.00017952800050781092,1.6701509583128297e-05,0.9959298606637446,0.15000000000000002,0.25,"{'I': 1, 'W': 0, 'R': 1, 'C': 'free'}",False,True,True,0.0,3
6982,5,0.07033071700272502,0.44849086374435637,0.458282590834699,1.9027935288113298,1.018679539446409,1.348540257831146,0.15343219061774582,0.9999999999999989,0.15,0.4,0.4,1.6701429776770546e-05,7.889274002088356e-06,0.04742587353300524,0.4,0.35,"{'I': 1, 'W': 0, 'R': 1, 'C': 'free'}",False,True,True,0.0,3
6982,6,0.00010120575133083459,0.3766163745917193,0.0008171821067596365,1.6743824554511135,1.0000092715450375,1.1930916127291835,8.344003719906734e-05,0.9999989542107566,,0.4,0.4,5.829127166841525e-05,3.7266545539338606e-06,0.0373268895871571,0.15000000000000002,0.35,"{'I': 1, 'W': 0, 'R': 1, 'C': 'free'}",True,True,True,0.0,3
6982,7,0.032216852877550634,0.4028114352940486,0.32906609922420194,2.105433940809157,1.0095998779360291,1.2448835464181967,0.0997610140083045,0.9999999934093312,0.05,0.25,0.25,4.785094492462991e-06,2.9023119789511017e-06,0.0003353500316442533,0.25,0.35,"{'I': 1, 'W': 0, 'R': 1, 'C': 'free'}",False,True,True,0.0,3
6986,1,0.04109044732794455,0.14169975260856443,0.19417935802662495,1.4225354374632748,1.0101356299052633,1.0760283161172497,0.04917290263710694,0.9656355185643891,,0.09999999999999998,0.09999999999999998,4.450852630592062e-07,5.715002414583864e-07,1.892514590929259e-05,0.050000000000000044,0.050000000000000044,"{'I': 1, 'W': 0, 'R': 1, 'C': 'free'}",False,True,True,1.0,3
6986,2,0.1161442660103048,0.4872704930581137,0.6632564055304342,2.052904757959277,1.083104649923947,1.3169118079739337,0.38059104751917794,0.9999998467965412,0.05,0.15000000000000002,0.15000000000000002,2.561281286298464e-06,6.475945654036138e-07,3.120190361415489e-05,0.050000000000000044,0.15000000000000002,"{'I': 1, 'W': 0, 'R': 1, 'C': 'free'}",False,True,True,0.0,3
6986,3,0.00015682108716375898,0.48094117461378433,0.0010583534699533225,1.930533724314892,1.0000144238305928,1.3365844547119188,0.00012980511371940562,0.9999997193358755,0.05,0.15000000000000002,0.15000000000000002,1.7603430015801243e-06,2.26032510023703e-06,0.0004305570901832096,0.15000000000000002,0.25,"{'I': 1, 'W': 0, 'R': 1, 'C': 'free'}",False,True,True,1.0,3
6986,4,0.000653680932962448,0.5695238056462782,0.00585699137664328,2.1485754716540657,1.0000790506088812,1.4030267327113777,0.0007111743564757189,0.9999999998598537,0.05,0.19999999999999996,0.15000000000000002,1.209865965712472e-06,1.9947299408131e-06,1.670142965988903e-05,0.15000000000000002,0.15000000000000002,"{'I': 1, 'W': 0, 'R': 1, 'C': 'free'}",False,True,True,0.0,3
6986,5,0.00033253692939832564,0.45333632050217043,0.0014579269996155865,1.5131997295247468,1.0000314220698618,1.3080103417698676,0.00015709554019771588,0.9999997050325823,,0.19999999999999996,0.19999999999999996,6.14417745581302e-06,6.144177459715818e-06,0.0001795280268838996,0.25,0.25,"{'I': 1, 'W': 0, 'R': 1, 'C': 'free'}",True,True,True,0.0,3
6986,6,6.468661795390217e-05,0.3949798645501059,0.00031666140902633264,1.6598324908053093,1.000005555092647,1.2025607021108786,2.77750003546684e-05,0.9999673406473787,,0.30000000000000004,0.30000000000000004,7.889264378319963e-06,8.939742182887456e-06,0.0002959572366337646,0.15000000000000002,0.4,"{'I': 1, 'W': 0, 'R': 1, 'C': 'free'}",True,False,True,0.0,3
6986,7,0.04056875716310108,0.38938577105454564,0.19086500308096835,1.5477291020664667,1.009515273145751,1.191742273352777,0.08170132996444712,0.9999841323623848,0.05,0.19999999999999996,0.4,3.2887506116393136e-06,1.0129987235681377e-05,0.0005527785412769298,0.15000000000000002,0.4,"{'I': 1, 'W': 0, 'R': 1, 'C': 'free'}",False,True,True,1.0,3
6996,1,0.0008543202973543134,0.33182849433074146,0.004713135009497514,1.5548172547079853,1.0000983467102873,1.2864131994405006,0.0005898772013963605,0.9999997263655674,,0.050000000000000044,0.09999999999999998,3.059023354731503e-07,6.475945650162326e-07,3.1201903677093654e-05,0.050000000000000044,0.050000000000000044,"{'I': 1, 'W': 0, 'R': 1, 'C': 'free'}",False,True,True,1.0,3
6996,2,0.0010235880067645316,0.5057581730469708,0.002696875859710427,2.2424770319188254,1.0001042050633406,1.485898860648528,0.0005208624758701319,0.9999999597781295,,0.09999999999999998,0.09999999999999998,2.260325097349023e-06,4.785094418677983e-06,5.8291271172360806e-05,0.050000000000000044,0.050000000000000044,"{'I': 1, 'W': 0, 'R': 1, 'C': 'free'}",False,True,True,1.0,3
6996,3,0.000170642936115613,0.20140049496556858,0.000825865757824556,1.3663630096448929,1.0000159258837678,1.1119187466409983,7.962561447316663e-05,0.9924030443567451,0.0,0.0,0.050000000000000044,2.902311983846635e-06,3.9278634039762736e-07,4.7850944880043136e-06,0.0,0.0,"{'I': 0, 'W': 1, 'R': 0, 'C': 'costly'}",False,True,True,1.0,3
7026,1,0.02219007182881981,0.2569747204483812,0.13234324643809386,1.778012657089558,1.00498289538664,1.2024304753629633,0.029382809640006058,0.9996998342697075,,0.09999999999999998,0.15000000000000002,4.4508526285173656e-07,1.0677029943847954e-06,2.753568763290611e-05,0.050000000000000044,0.050000000000000044,"{'I': 1, 'W': 0, 'R': 1, 'C': 'free'}",False,True,True,1.0,3
7026,2,3.848951822416487e-05,0.19169592681971775,0.00015934219821357176,1.796400212932247,1.0000030398254929,1.074185514196243,1.82387589077182e-05,0.9872894828349122,,0.19999999999999996,0.4,1.9947299502341023e-06,4.222864158115454e-06,0.00043055718037990115,0.15000000000000002,0.5,"{'I': 1, 'W': 0, 'R': 1, 'C': 'free'}",False,True,True,1.0,3
7026,3,7.495153448032229e-06,0.23632960504808534,5.030995624953597e-05,1.6849815791658675,1.0000005449559253,1.1506083582048963,3.814683161351695e-06,0.9999047678950267,,0.09999999999999998,0.19999999999999996,6.475945650566651e-07,1.760342983671916e-06,3.535625480800251e-05,0.050000000000000044,0.050000000000000044,"{'I': 1, 'W': 0, 'R': 1, 'C': 'free'}",False,True,True,1.0,3
7026,4,0.021975269220713942,0.2742836577976347,0.13686776926089286,1.9718767348111277,1.004639566659527,1.1851824224594087,0.07567379114375528,0.9999999999532188,0.0,0.050000000000000044,0.09999999999999998,0.9959298620729687,1.0129991319405562e-05,1.6701429788618423e-05,0.050000000000000044,0.050000000000000044,"{'I': 0, 'W': 1, 'R': 0, 'C': 'costly'}",False,True,True,1.0,3
7039,1,0.004692865271651646,0.22334426363107154,0.03263945913567917,1.5545008896328492,1.0007503957288317,1.1397678378154417,0.0052370389039745335,0.998125813068473,,0.09999999999999998,0.09999999999999998,6.47594564822612e-07,2.9023119661821804e-06,2.7535687583153808e-05,0.050000000000000044,0.050000000000000044,"{'I': 1, 'W': 0, 'R': 1, 'C': 'free'}",False,True,True,1.0,3
7039,2,7.379043445798956e-06,0.24314946704228924,5.0309957863088105e-05,1.230531061770965,1.0000005279260187,1.1242986689830667,3.695474326548265e-06,0.9982119140611369,,0.09999999999999998,0.09999999999999998,1.0677029931854233e-06,5.422217614216964e-06,8.481104003207536e-05,0.050000000000000044,0.050000000000000044,"{'I': 1, 'W': 0, 'R': 1, 'C': 'free'}",False,True,True,1.0,3
7039,3,9.617422882842855e-06,0.26353981528926196,6.340277237373012e-05,1.5292931042584312,1.0000007152543648,1.1696393392582467,5.006766230164494e-06,0.9999921276844849,,0.09999999999999998,0.09999999999999998,2.9023119462075973e-06,7.889264364628386e-06,4.5397852087492876e-05,0.050000000000000044,0.050000000000000044,"{'I': 1, 'W': 0, 'R': 1, 'C': 'free'}",True,True,True,0.0,3
7039,4,2.651626356678782e-05,0.14748136002358053,0.0001671216523918585,1.0666005760308845,1.0000020265478236,1.1030946827022183,1.4185719772075167e-05,0.9993631448513657,,0.09999999999999998,0.09999999999999998,1.0129987310397631e-05,2.7535687350015876e-05,0.000261190308603977,0.050000000000000044,0.050000000000000044,"{'I': 1, 'W': 0, 'R': 1, 'C': 'free'}",True,True,True,0.0,3
7039,5,0.00013547656307441705,0.16080784163960118,0.0005921121872092026,1.1739160742781936,1.0000119888506764,1.099520127527519,8.391793036943707e-05,0.9992611470233007,,0.09999999999999998,0.09999999999999998,2.56128129050841e-06,1.4738988731427664e-05,0.0009110514259456771,0.050000000000000044,0.050000000000000044,"{'I': 1, 'W': 0, 'R': 1, 'C': 'free'}",True,False,True,0.0,3
7039,6,0.07402394368270013,0.2098028202254959,0.357878451598004,1.3692553586138316,1.0218891172760145,1.1496618793305708,0.10261019885415268,0.9999239269062161,0.0,0.050000000000000044,0.09999999999999998,0.010986941576813413,3.059023359890217e-07,7.889264461958321e-06,0.050000000000000044,0.050000000000000044,"{'I': 0, 'W': 1, 'R': 0, 'C': 'costly'}",False,True,True,1.0,3
7042,1,0.0013761161229554324,0.2278560175666102,0.009064390505277468,1.2187165537162148,1.0001739626950947,1.1204960825610775,0.0012168919431598813,0.9536637639863479,,0.09999999999999998,0.09999999999999998,5.71500240719909e-07,2.260325085005631e-06,0.0001584362310290738,0.050000000000000044,0.050000000000000044,"{'I': 1, 'W': 0, 'R': 1, 'C': 'free'}",False,True,True,1.0,3
7042,2,0.00016763333414215626,0.1154585908859309,0.000985272669711958,1.102154631507349,1.0000162118258493,1.0782570664540159,9.726543604493543e-05,0.9470544099781003,,0.09999999999999998,0.09999999999999998,2.902311970912728e-06,4.5398311174589596e-05,0.0015011822876572242,0.050000000000000044,0.25,"{'I': 1, 'W': 0, 'R': 1, 'C': 'free'}",False,True,True,1.0,3
7042,3,0.00014287551077969156,0.41411325504568447,0.000824768751351578,2.0965847695376203,1.0000133112901364,1.321319915172538,7.986401995085934e-05,0.99999996855836,,0.19999999999999996,0.19999999999999996,3.7266387186937052e-06,5.422217547451132e-06,0.00010889692992031867,0.050000000000000044,0.15000000000000002,"{'I': 1, 'W': 0, 'R': 1, 'C': 'free'}",True,False,True,0.0,3
7042,4,5.513834193892759e-05,0.29830833929200196,0.0003166941429807105,1.4033532595352995,1.0000047285832345,1.1608154821779564,2.8371029863527575e-05,0.9996305541140154,,0.30000000000000004,0.30000000000000004,1.3007123597582311e-05,1.473923478877864e-05,0.006692852537406363,0.15000000000000002,0.65,"{'I': 1, 'W': 0, 'R': 1, 'C': 'free'}",True,False,True,0.0,3
7042,5,5.294513911574134e-05,0.2779170031140036,0.0003166703770059692,1.58944113169293,1.000004589505121,1.232054814530318,2.753658839760309e-05,0.9999963507955977,,0.30000000000000004,0.30000000000000004,1.4738988779455662e-05,1.1478899655271158e-05,0.01798621444503169,0.15000000000000002,0.5,"{'I': 1, 'W': 0, 'R': 1, 'C': 'free'}",True,False,True,0.0,3
7042,6,0.00016236954706076677,0.26223554094089485,0.0004994560208159854,1.4108713927907264,1.0000145433219667,1.1481882930327258,8.725549029942048e-05,0.9999895549265387,,0.5,0.4,6.605215924928136e-05,6.144239708715132e-06,0.9992903289849188,0.55,0.75,"{'I': 1, 'W': 0, 'R': 1, 'C': 'free'}",False,True,True,0.0,3
7042,7,0.09684198523138265,0.34234871711435666,0.7429094867012104,2.0410454784197736,1.0936616081474488,1.2424535313245295,0.9523591913539464,0.9999995177973087,0.0,0.25,0.5,0.9999885207107739,6.475945665430064e-07,0.0011695103282157848,0.15000000000000002,0.4,"{'I': 0, 'W': 1, 'R': 0, 'C': 'costly'}",False,True,True,0.0,3
7050,1,0.18944058634820699,0.17050932187658538,1.1895923853047898,1.1664369145520332,1.0752617949455612,1.0842999615307156,0.5159860842497996,0.930806005622644,,0.09999999999999998,0.09999999999999998,3.4663274465573276e-07,7.338208041536033e-07,1.8925145855264575e-05,0.050000000000000044,0.050000000000000044,"{'I': 1, 'W': 0, 'R': 1, 'C': 'free'}",False,True,True,0.6666666666666666,3
7050,2,0.22543521915757048,0.39751252355450717,0.9565248277981214,1.8155803340843901,1.1627474991776716,1.2010045921316335,0.7006931287637437,0.9997807471367066,0.05,0.15000000000000002,0.15000000000000002,1.0677029960268721e-06,8.31527926993598e-07,4.539785226302655e-05,0.050000000000000044,0.15000000000000002,"{'I': 1, 'W': 0, 'R': 1, 'C': 'free'}",False,True,True,1.0,3
7050,3,0.018957558929434546,0.24357305873560503,0.14906818350755607,1.3509840558177961,1.0035402672159297,1.1356078374139682,0.03130564212153153,0.9991923733238488,0.0,0.09999999999999998,0.09999999999999998,7.338208048260042e-07,6.962257839026803e-06,9.61023917435687e-05,0.050000000000000044,0.050000000000000044,"{'I': 1, 'W': 0, 'R': 1, 'C': 'free'}",False,True,True,1.0,3
7050,4,6.889553858023495e-05,0.4096048211489457,0.0003977942695218132,2.147133119710188,1.00000597742012,1.2824860715515969,4.1840940429804796e-05,0.9999999994901159,0.0,0.050000000000000044,0.050000000000000044,6.144177525318665e-06,8.315279283275271e-07,2.2603250981697174e-06,0.050000000000000044,0.0,"{'I': 0, 'W': 1, 'R': 0, 'C': 'costly'}",False,True,True,1.0,3
7067,1,0.02877069661817628,0.3137095476701584,0.1593538061354457,2.017243393301108,1.0057259514234207,1.1839039029315765,0.05549680068977314,0.9999947372173356,,0.050000000000000044,0.09999999999999998,6.8256037169561e-08,4.4508526381870837e-07,1.0129987343818072e-05,0.050000000000000044,0.050000000000000044,"{'I': 1, 'W': 0, 'R': 1, 'C': 'free'}",False,True,True,1.0,3
7067,2,0.000134604783732472,0.4960392538022912,0.0006250716021209542,2.0608800136082848,1.000011276980228,1.4191783439355976,5.6382993636860945e-05,0.9999999999998306,,0.09999999999999998,0.15000000000000002,5.715002417850268e-07,1.7603429905254808e-06,5.829127239173133e-05,0.050000000000000044,0.050000000000000044,"{'I': 1, 'W': 0, 'R': 1, 'C': 'free'}",False,True,True,1.0,3
7067,3,0.1282334531108153,0.24185912356370326,0.5827683963443067,1.7520310874888034,1.0608559378090874,1.1443417370039743,0.3386899555413151,0.9993982246306266,0.0,0.09999999999999998,0.09999999999999998,2.5612812779654457e-06,6.144177438763022e-06,5.829127221804976e-05,0.050000000000000044,0.050000000000000044,"{'I': 1, 'W': 0, 'R': 1, 'C': 'free'}",False,True,True,1.0,3
7067,4,0.07379478999702488,0.2812349277300856,0.6855876612220816,1.7604210114948065,1.0501987258304164,1.207532952185163,0.5651046938037805,0.9999942659090497,0.0,0.050000000000000044,0.050000000000000044,0.9980732655713163,5.043476484377777e-07,1.8925145491214622e-05,0.0,0.050000000000000044,"{'I': 0, 'W': 1, 'R': 0, 'C': 'costly'}",False,True,True,0.6666666666666666,3
7081,1,0.0006344563600881834,0.24995703043272013,0.0037674701644816724,1.514984135029047,1.0000722081134674,1.1341629722316875,0.0004331392076405427,0.9979063588755648,,0.050000000000000044,0.09999999999999998,1.5534971890454045e-06,1.9947299480020845e-06,5.829127139618513e-05,0.050000000000000044,0.050000000000000044,"{'I': 1, 'W': 0, 'R': 1, 'C': 'free'}",False,True,True,1.0,3
7081,2,0.0005517358762614186,0.1791450563471399,0.0037674673490996255,1.083398417327854,1.0000625565538435,1.0938553749668174,0.00043778632443691734,0.988727902377353,0.0,0.0,0.050000000000000044,1.0129987336839982e-05,8.315279271280173e-07,8.939699312467094e-06,0.050000000000000044,0.050000000000000044,"{'I': 0, 'W': 1, 'R': 0, 'C': 'costly'}",False,True,True,1.0,3
7082,1,0.002684817223355925,0.17505039626563426,0.02142065496976487,1.1213224565971747,1.000397770242992,1.1670063150517598,0.003176473525979606,0.9845466217938502,,0.09999999999999998,0.09999999999999998,8.764248487985237e-08,3.466327445510526e-07,2.902311981112061e-06,0.050000000000000044,0.050000000000000044,"{'I': 1, 'W': 0, 'R': 1, 'C': 'free'}",False,True,True,1.0,3
7082,2,0.0026482249856836435,0.34077164962329864,0.026464286659196663,1.5950920564391726,1.0004080429339024,1.2913415642378314,0.004071286818776554,0.9999998695482376,0.0,0.19999999999999996,0.15000000000000002,1.3709578539229434e-06,3.2887505970102068e-06,1.012998733283857e-05,0.050000000000000044,0.15000000000000002,"{'I': 1, 'W': 0, 'R': 1, 'C': 'free'}",False,True,True,1.0,3
7082,3,0.033632714139724594,0.23627588207344544,0.36533386563132364,1.6057855810131572,1.0116515303620228,1.1627155915865692,0.11964136414341686,0.9999857123343456,0.0,0.09999999999999998,0.09999999999999998,0.008577485261173601,0.0002611908984134757,0.0002611903036655325,0.050000000000000044,0.050000000000000044,"{'I': 1, 'W': 0, 'R': 1, 'C': 'free'}",False,True,True,0.0,3
7082,4,0.00011268605888443065,0.2341291990490515,0.0004995615393260156,1.2504288981004932,1.0000100372636422,1.1340453300402904,5.0184807046660396e-05,0.9981444217461507,0.0,0.050000000000000044,0.050000000000000044,0.037326889379133824,2.9023119791686723e-06,0.00013982202069225458,0.0,0.0,"{'I': 0, 'W': 1, 'R': 0, 'C': 'costly'}",False,True,True,0.3333333333333333,3
7085,1,0.015946584864144284,0.20464249797441675,0.09009477999685715,1.3034788961318033,1.0031386716987014,1.1267916697063107,0.018626873092668528,0.9780717529078888,,0.09999999999999998,0.09999999999999998,1.7603430000934445e-06,1.3709578566139764e-06,1.0129987320282741e-05,0.050000000000000044,0.050000000000000044,"{'I': 1, 'W': 0, 'R': 1, 'C': 'free'}",False,True,True,1.0,3
7085,2,0.0021933695535913517,0.36520053776896194,0.017311497483140842,1.731819538418421,1.0003118892843708,1.2345946652681434,0.0024916160152018696,0.9999986118427873,0.0,0.09999999999999998,0.30000000000000004,9.422445900826927e-07,6.144177134178681e-06,7.48462619437803e-05,0.050000000000000044,0.25,"{'I': 1, 'W': 0, 'R': 1, 'C': 'free'}",False,True,True,1.0,3
7085,3,0.12067161201283572,0.3393549973372379,0.7118968780450058,2.200829161584377,1.0333070316346946,1.2684634223104847,0.25537855940878895,0.9999999535200482,0.05,0.15000000000000002,0.19999999999999996,1.0129987272130697e-05,5.829167749844953e-05,0.00048785699881956,0.25,0.35,"{'I': 1, 'W': 0, 'R': 1, 'C': 'free'}",False,True,True,1.0,3
7085,4,0.00034159464650909005,0.46318803210142634,0.0021738391469253767,2.136671848569962,1.0000348063072713,1.3733016209796622,0.00027840684998459153,0.9999999960529002,,0.30000000000000004,0.15000000000000002,7.889264368556825e-06,1.3007226123796175e-05,0.00013982202238111224,0.4,0.35,"{'I': 1, 'W': 0, 'R': 1, 'C': 'free'}",False,True,True,0.0,3
7085,5,3.407187384504179e-05,0.46424133373941545,0.00018973058089700955,1.8606744400666928,1.0000025927900604,1.4065117212467872,2.0742078473023895e-05,0.9999999990811274,,0.19999999999999996,0.25,5.42221699294193e-06,1.47390593452108e-05,0.0005527785489587572,0.15000000000000002,0.25,"{'I': 1, 'W': 0, 'R': 1, 'C': 'free'}",False,True,True,1.0,3
7085,6,0.045541495647268906,0.33673114084618694,0.31499623190296083,1.9229785409649038,1.3990710086653042,1.2012939546005326,0.9046936804050705,0.9999653550711189,,0.09999999999999998,0.15000000000000002,2.7535686798497305e-05,3.1201902852365523e-05,6.605215988597749e-05,0.050000000000000044,0.050000000000000044,"{'I': 1, 'W': 0, 'R': 1, 'C': 'free'}",True,True,True,0.0,3
7085,7,0.06622162622890308,0.2571988586957902,0.16838627077983667,1.6951938556236812,1.0145205054722393,1.1470334470735806,0.09598800267795882,0.9675960501647174,0.0,0.09999999999999998,0.09999999999999998,3.1201903567444995e-05,1.6701578855110785e-05,1.0129987352091168e-05,0.050000000000000044,0.050000000000000044,"{'I': 1, 'W': 0, 'R': 1, 'C': 'free'}",True,True,True,0.0,3
7094,1,0.06085127087124902,0.20348858554813756,0.6350217655128161,1.7236854415210923,1.036372835176638,1.130749487894131,0.32496891999213606,0.999792165127857,,0.050000000000000044,0.09999999999999998,2.6995784111942875e-07,5.043476481332817e-07,5.1442213021591665e-05,0.050000000000000044,0.050000000000000044,"{'I': 1, 'W': 0, 'R': 1, 'C': 'free'}",False,True,True,1.0,3
7094,2,0.026907359507174405,0.3283899545835555,0.2685352240925853,1.408954866709517,1.007925041070769,1.2820601464897121,0.07590280979688668,0.9999860645180095,0.0,0.09999999999999998,0.09999999999999998,1.553497189007681e-06,1.0677029875077445e-06,2.43002519766018e-05,0.050000000000000044,0.050000000000000044,"{'I': 1, 'W': 0, 'R': 1, 'C': 'free'}",False,True,True,1.0,3
7094,3,0.06099921336805133,0.23963020634879875,0.4750515967645195,1.582735638112844,1.0257183127113083,1.1696539764759215,0.18384033911661601,0.999985279434836,0.0,0.15000000000000002,0.09999999999999998,2.561281289215771e-06,1.3007149665763545e-05,0.9990889437147792,0.050000000000000044,0.050000000000000044,"{'I': 1, 'W': 0, 'R': 1, 'C': 'free'}",False,True,True,1.0,3
7094,4,0.0002327238596528394,0.18350179389140311,0.0024162065616571177,1.3983545877263364,1.0000246626843239,1.1488699736769346,0.00027124938748546157,0.9998166818365853,0.0,0.09999999999999998,0.09999999999999998,3.2887506137472614e-06,2.902311966323218e-06,0.017986212128037634,0.050000000000000044,0.050000000000000044,"{'I': 1, 'W': 0, 'R': 1, 'C': 'free'}",False,True,True,1.0,3
7094,5,2.0213776891930893e-06,0.1695423090784301,1.9948670525262748e-05,1.2347343080192454,1.0000001430510554,1.1132207912697094,1.430509428246296e-06,0.999863933454205,,0.09999999999999998,0.09999999999999998,4.785094390729744e-06,6.9622577700911324e-06,5.144221314904945e-05,0.050000000000000044,0.050000000000000044,"{'I': 1, 'W': 0, 'R': 1, 'C': 'free'}",False,True,True,0.0,3
7094,6,0.00026265203348794185,0.18000213131993945,0.002413336136389812,1.1300591403634423,1.0000246024210968,1.1762688994265933,0.0002459909238926583,0.9999863527984587,,0.09999999999999998,0.09999999999999998,5.422216991607352e-06,3.726638822044759e-06,0.00012339461911492022,0.050000000000000044,0.050000000000000044,"{'I': 1, 'W': 0, 'R': 1, 'C': 'free'}",True,True,True,0.0,3
7094,7,5.410157748981933e-05,0.1544667216493761,0.00045017110476229164,1.20764301727902,1.0000041841889624,1.1355402348007886,4.184092673109596e-05,0.999893972611513,,0.19999999999999996,0.15000000000000002,4.785094476070493e-06,1.0129987179293221e-05,4.5397852291284835e-05,0.050000000000000044,0.050000000000000044,"{'I': 1, 'W': 0, 'R': 1, 'C': 'free'}",True,True,True,0.0,3
7096,1,0.015975712606400908,0.1358478344387413,0.1094106123532116,1.3055200949320709,1.0033637816334702,1.1054483630940142,0.023232821140573345,0.9729220734274131,0.0,0.050000000000000044,0.09999999999999998,4.450852617333369e-07,5.715002418600844e-07,8.939699431052623e-06,0.050000000000000044,0.050000000000000044,"{'I': 1, 'W': 0, 'R': 1, 'C': 'free'}",False,True,True,1.0,3
7096,2,0.0005873134030620416,0.09133145270551762,0.0034592396239734166,0.8122985452454802,1.0000651375553198,1.0331207751739548,0.0003907362464704578,0.6697348318853827,,0.09999999999999998,0.09999999999999998,1.2098659627838617e-06,5.422217503665328e-06,1.6701429687919104e-05,0.050000000000000044,0.050000000000000044,"{'I': 1, 'W': 0, 'R': 1, 'C': 'free'}",False,True,True,1.0,3
7096,3,0.09885438874457556,0.16018749532141638,0.6234541911933189,1.2502779813373794,1.0369774489260988,1.0951241875317452,0.2244410454322654,0.9847002291068321,0.0,0.09999999999999998,0.09999999999999998,0.00023050665661252372,0.6791786854699017,1.670142951347577e-05,0.050000000000000044,0.050000000000000044,"{'I': 1, 'W': 0, 'R': 1, 'C': 'free'}",True,False,True,0.0,3
7096,4,0.0020540497756203163,0.40564716583726695,0.006540661117318934,1.948015673922572,1.0002351430331284,1.471414531384249,0.0014096977893079954,0.9999704093912117,,0.050000000000000044,0.09999999999999998,1.5534971894676832e-06,6.962257820874716e-06,5.1442211792956314e-05,0.050000000000000044,0.050000000000000044,"{'I': 1, 'W': 0, 'R': 1, 'C': 'free'}",True,False,True,0.0,3
7096,5,0.00043678068641872986,0.2336885611222442,0.002702453356413982,1.876994760952791,1.000045563152363,1.143933737286283,0.0003644304942234111,0.9989491137631379,0.0,0.050000000000000044,0.09999999999999998,3.53562549273794e-05,5.043476486160918e-07,3.120190566304847e-05,0.0,0.050000000000000044,"{'I': 0, 'W': 1, 'R': 0, 'C': 'costly'}",False,True,True,1.0,3
7100,1,0.02345271015063744,0.30297711990939075,0.15935380137005645,1.2897638441527148,1.0055198372849439,1.165083953839607,0.037799674749057655,0.9987969538777034,0.0,0.050000000000000044,0.09999999999999998,1.9947299475643137e-06,8.315279265083142e-07,2.7535687569490126e-05,0.050000000000000044,0.050000000000000044,"{'I': 1, 'W': 0, 'R': 1, 'C': 'free'}",False,True,True,1.0,3
7100,2,3.359983991773037e-05,0.262476803789284,0.0002004216289555259,1.5722300933947213,1.0000027815306143,1.1727513184151614,1.6689021211657717e-05,0.9996534997859895,,0.09999999999999998,0.09999999999999998,9.422445901851594e-07,2.260325093653858e-06,9.610238982914082e-05,0.050000000000000044,0.050000000000000044,"{'I': 1, 'W': 0, 'R': 1, 'C': 'free'}",False,True,True,1.0,3
7100,3,0.11916924498475695,0.24983270907772692,0.6628473185798643,2.2431949073150266,1.1780132802465484,1.1719321065944353,0.6258042236376555,0.9999758155795855,0.0,0.050000000000000044,0.050000000000000044,2.7535687817037192e-05,1.06770299645705e-06,2.4300252151580568e-05,0.0,0.050000000000000044,"{'I': 0, 'W': 1, 'R': 0, 'C': 'costly'}",False,True,True,0.6666666666666666,3
7111,1,0.035886287673293805,0.20791622310077695,0.26853517326956916,1.370592986481635,1.0095029261849702,1.1688965588470572,0.09880951764372137,0.9989580365728136,0.0,0.050000000000000044,0.09999999999999998,3.0590233534048533e-07,6.475945651521485e-07,1.670142966140769e-05,0.050000000000000044,0.050000000000000044,"{'I': 1, 'W': 0, 'R': 1, 'C': 'free'}",False,True,True,1.0,3
7111,2,0.012185224570914045,0.18396166433027045,0.06049596964915696,1.2667065810655618,1.0022195889548193,1.1340069700482354,0.011024427178965457,0.998141280716509,0.0,0.050000000000000044,0.050000000000000044,3.5356254859714094e-05,3.059023362689216e-07,4.785094437288455e-06,0.050000000000000044,0.050000000000000044,"{'I': 0, 'W': 1, 'R': 0, 'C': 'costly'}",False,True,True,1.0,3
7136,1,0.06991839085294006,0.15682078256208487,0.419306750656798,1.1796563803214846,1.0270666607772194,1.1170086854323449,0.1480615721670283,0.9548750639983375,,0.050000000000000044,0.050000000000000044,3.059023350636086e-07,3.059023359000454e-07,1.0129987254486859e-05,0.050000000000000044,0.050000000000000044,"{'I': 1, 'W': 0, 'R': 1, 'C': 'free'}",False,True,True,1.0,3
7136,2,0.022338387610710088,0.19724610797123657,0.10941071352290722,1.0077656949216542,1.0043257095110534,1.1340701166827116,0.029762763484725174,0.9969340554846834,0.0,0.15000000000000002,0.09999999999999998,9.610239198865063e-05,7.889293824641115e-06,5.14422128499162e-05,0.050000000000000044,0.050000000000000044,"{'I': 1, 'W': 0, 'R': 1, 'C': 'free'}",False,True,True,0.6666666666666666,3
7136,3,0.00016652125682800893,0.2408742239017955,0.0006266328787824855,2.2627802067049143,1.0000150995928418,1.1516086110064283,9.059276929213045e-05,0.9988587924736173,0.0,0.050000000000000044,0.050000000000000044,1.0129987356077481e-05,1.4449802094665476e-07,3.726638837068815e-06,0.050000000000000044,0.050000000000000044,"{'I': 0, 'W': 1, 'R': 0, 'C': 'costly'}",False,True,True,1.0,3
7149,1,0.020542516039437637,0.2103185474177581,0.10941063384563404,1.4267830286572138,1.0041710440330947,1.1136111611035429,0.024664940308839145,0.9864899486160953,0.0,0.09999999999999998,0.09999999999999998,8.315279251284687e-07,5.715002418492523e-07,2.753568775575849e-05,0.050000000000000044,0.050000000000000044,"{'I': 1, 'W': 0, 'R': 1, 'C': 'free'}",False,True,True,0.3333333333333333,3
7149,2,0.01502818664498828,0.3643276458828161,0.07395462250896784,1.4195065716714104,1.002857454837046,1.3038683181339366,0.01416561041414266,0.9999997927743565,,0.19999999999999996,0.25,1.3007123650827515e-05,2.430049788427215e-05,0.00012339461829794564,0.15000000000000002,0.15000000000000002,"{'I': 1, 'W': 0, 'R': 1, 'C': 'free'}",True,False,True,0.0,3
7149,3,2.7024692278808295e-05,0.2820762769565213,0.0001007301286364856,1.3534548086835756,1.0000020414550281,1.20095576039316,1.6331490195531373e-05,0.9998170929062576,0.0,0.050000000000000044,0.09999999999999998,8.31527928101317e-07,1.7603430008853284e-06,0.0005527785496879973,0.050000000000000044,0.050000000000000044,"{'I': 1, 'W': 0, 'R': 1, 'C': 'free'}",False,True,True,1.0,3
7149,4,0.00743841850297934,0.37488408874231893,0.04018366537455715,1.82771934966818,1.0011098232037343,1.2855424160383326,0.008834407696306501,0.9999998658606705,0.05,0.09999999999999998,0.15000000000000002,2.1444957995600898e-05,4.7850944788512425e-06,1.4738988798255162e-05,0.050000000000000044,0.050000000000000044,"{'I': 1, 'W': 0, 'R': 1, 'C': 'free'}",True,False,True,0.0,3
7149,5,0.0004682311465153157,0.24003341004073828,0.002487062387165975,1.2769649369297003,1.0000491393228588,1.1765168619206816,0.0005894835729887138,0.9995192861079093,0.0,0.050000000000000044,0.050000000000000044,9.610239212421309e-05,3.726639378110455e-06,2.9023119822755307e-06,0.050000000000000044,0.050000000000000044,"{'I': 0, 'W': 1, 'R': 0, 'C': 'costly'}",False,True,True,1.0,3
716,1,3.263302422776698e-05,0.2022703494325304,0.000188635578439907,1.245228426222742,1.0000025629842075,1.1277539079257373,1.5377767300095435e-05,0.9972362592274353,,0.09999999999999998,0.09999999999999998,1.275190579716799e-07,2.699578415234888e-07,1.3007123771999175e-05,0.050000000000000044,0.050000000000000044,"{'I': 1, 'W': 0, 'R': 1, 'C': 'free'}",False,True,True,1.0,3
716,2,0.0010344538038328502,0.38817762768715397,0.00906489360396947,1.5826396661641047,1.000132109216941,1.2935636194706865,0.0011881979547218036,0.9999999993186018,0.05,0.15000000000000002,0.15000000000000002,1.994729948305667e-06,2.902311955634417e-06,5.829127179396425e-05,0.15000000000000002,0.25,"{'I': 1, 'W': 0, 'R': 1, 'C': 'free'}",False,True,True,1.0,3
716,3,0.011184594606445683,0.5040753494347304,0.07393389824846014,2.032833934286805,1.002086614320097,1.3699776923036149,0.014485148559778116,0.9999999999998069,0.05,0.4,0.4,1.3007123771592779e-05,1.7603538147246097e-06,0.0004305571249637339,0.25,0.35,"{'I': 1, 'W': 0, 'R': 1, 'C': 'free'}",True,True,True,0.0,3
716,4,6.803505229572528e-05,0.45185716798971515,0.0003411436707194945,1.924762430103002,1.0000056623847515,1.3406512141675786,3.397363520463159e-05,0.9999999997173074,,0.30000000000000004,0.30000000000000004,4.0063691442529154e-05,8.939815645619254e-06,8.481103998568234e-05,0.25,0.4,"{'I': 1, 'W': 0, 'R': 1, 'C': 'free'}",True,False,True,0.0,3
716,5,3.554696516556493e-05,0.3724382035177614,0.00013112756101340428,2.2097409621034827,1.000002756705542,1.2549948908121717,2.2053370760333202e-05,0.9999999973809145,,0.25,0.25,2.1444958456027998e-05,7.889264375956758e-06,0.9770226235768263,0.4,0.4,"{'I': 1, 'W': 0, 'R': 1, 'C': 'free'}",True,True,True,0.0,3
716,6,0.04453124859130416,0.3457885085871722,0.35375613852154386,1.3133206789453553,1.0116795560125016,1.1994747062123825,0.08871083005425906,0.9999996667806059,0.05,0.30000000000000004,0.25,1.0129987348775109e-05,4.785094487475424e-06,0.9859363710445189,0.4,0.4,"{'I': 1, 'W': 0, 'R': 1, 'C': 'free'}",False,True,True,1.0,3
716,7,0.0006013288908695499,0.3983450376809637,0.004701483180289322,1.331498876723654,1.0000701827079852,1.249793340185667,0.0005612843833073811,0.9997909990942327,0.0,0.19999999999999996,0.19999999999999996,3.2887506268506523e-06,2.9023119808905878e-06,0.001169510293091286,0.15000000000000002,0.25,"{'I': 1, 'W': 0, 'R': 1, 'C': 'free'}",False,True,True,0.0,3
7174,1,0.0009637151372777425,0.3073468564213111,0.005330753240049127,1.6054593999314255,1.000105804823848,1.2215963325125836,0.0010574327926288207,0.9999966614827318,0.0,0.09999999999999998,0.09999999999999998,2.699578415541522e-07,8.315279258751326e-07,4.5397852308203444e-05,0.050000000000000044,0.050000000000000044,"{'I': 1, 'W': 0, 'R': 1, 'C': 'free'}",False,True,True,1.0,3
7174,2,2.514750260125917e-05,0.3765221985823815,0.00015934276908512022,2.0839717882971667,1.0000019470770927,1.2815828274894312,1.7523523235807303e-05,0.9999999632312288,,0.09999999999999998,0.25,2.2603250864105305e-06,3.288750495314261e-06,0.00012339472064693395,0.050000000000000044,0.25,"{'I': 1, 'W': 0, 'R': 1, 'C': 'free'}",True,False,True,0.0,3
7174,3,0.007289998515990722,0.3023551306090507,0.032639532008484844,1.5591712777603075,1.0010259297302095,1.2369703015266087,0.01121606765680283,0.9999842486487399,0.05,0.15000000000000002,0.15000000000000002,4.222834935372144e-06,5.4223492748497405e-06,0.03732688984800186,0.050000000000000044,0.25,"{'I': 1, 'W': 0, 'R': 1, 'C': 'free'}",False,True,True,1.0,3
7174,4,0.0005637254401764544,0.5938515528422141,0.0034035065493339713,2.3326012355526853,1.0000590680114045,1.5020911317309,0.0005314551302905146,1.0,,0.30000000000000004,0.25,3.535625470487853e-05,1.0130042186842335e-05,0.0015011819932319705,0.15000000000000002,0.4,"{'I': 1, 'W': 0, 'R': 1, 'C': 'free'}",True,True,True,0.0,3
7174,5,0.0031814552827217975,0.4075044594531734,0.03326025564844137,1.8978475796387246,1.000494706722307,1.2870144283197136,0.00542565601916789,0.999999993957122,,0.15000000000000002,0.15000000000000002,1.4738988918246122e-05,2.9023119651043585e-06,0.7310585783381554,0.15000000000000002,0.35,"{'I': 1, 'W': 0, 'R': 1, 'C': 'free'}",False,False,True,0.6666666666666666,3
7174,6,0.002925636497820541,0.33989703813172684,0.024226084041721687,1.7418412622085233,1.0004118252702623,1.2186267919633322,0.004518904316451966,0.9999985519255106,,0.15000000000000002,0.15000000000000002,3.7266388384115027e-06,2.5612812813416187e-06,0.00033535003155835645,0.15000000000000002,0.35,"{'I': 1, 'W': 0, 'R': 1, 'C': 'free'}",True,False,True,0.0,3
7174,7,0.00016335971964427225,0.31870599267851185,0.0011031646440243157,1.6450145123226985,1.000014713221113,1.2190413657235992,0.00010298648664974763,0.9999999115927886,0.0,0.30000000000000004,0.15000000000000002,2.7535687786009166e-05,7.889282277095285e-06,0.977022627201699,0.75,0.25,"{'I': 1, 'W': 0, 'R': 1, 'C': 'free'}",False,True,True,1.0,3
7203,1,0.06256047539644988,0.1979342025956411,0.6618870190402907,1.2750812628155803,1.0265524318707528,1.1328401249341415,0.32503235124237473,0.9980430990746304,0.0,0.09999999999999998,0.15000000000000002,1.4449802070243004e-07,8.315279260112343e-07,3.535625483462452e-05,0.050000000000000044,0.050000000000000044,"{'I': 1, 'W': 0, 'R': 1, 'C': 'free'}",False,True,True,1.0,3
7203,2,0.18900671822602194,0.4638381402986065,0.7118950585807515,1.3454027625669531,1.1581575892694962,1.2553275310704934,0.8011361841088005,0.9999855154711478,,0.25,0.25,7.88926446080952e-06,6.475945663739184e-07,1.0129987338136897e-05,0.15000000000000002,0.4,"{'I': 1, 'W': 0, 'R': 1, 'C': 'free'}",False,True,True,1.0,3
7203,3,0.0004926770519432302,0.26306324340801984,0.004310912343808453,1.5091394357535033,1.0000536883545235,1.175139512118151,0.0005903817030081804,0.9997336583267524,,0.09999999999999998,0.09999999999999998,1.2098659663131744e-06,8.939699242891554e-06,9.610238957393658e-05,0.050000000000000044,0.050000000000000044,"{'I': 1, 'W': 0, 'R': 1, 'C': 'free'}",True,False,True,0.0,3
7203,4,9.877817459120407e-05,0.4510707733313833,0.000627601407078813,2.1093612324917306,1.0000085829304455,1.3571422145377756,9.440737307897518e-05,0.9999999999999881,,0.30000000000000004,0.4,6.144177508102864e-06,1.6701472516727922e-05,0.0002611903094127426,0.15000000000000002,0.4,"{'I': 1, 'W': 0, 'R': 1, 'C': 'free'}",True,False,True,0.0,3
7203,5,0.08931869169342585,0.3942474484581288,0.597743880152602,1.491640237678349,1.1815250531328314,1.2725548085532072,0.7366965673326592,0.9999999630198423,0.05,0.30000000000000004,0.30000000000000004,4.539785144028013e-05,7.484751068953716e-05,0.3775406481269985,0.15000000000000002,0.4,"{'I': 1, 'W': 0, 'R': 1, 'C': 'free'}",False,True,True,1.0,3
7203,6,0.09392724102710259,0.4084542861823238,0.5603458208697678,2.0194073050957315,1.0481013218140722,1.2573140487151155,0.24563698461866212,0.9999998906204266,0.05,0.30000000000000004,0.30000000000000004,2.1444958472398637e-05,6.14422597218676e-06,0.18242551896212966,0.4,0.4,"{'I': 1, 'W': 0, 'R': 1, 'C': 'free'}",False,True,True,1.0,3
7203,7,0.0013880276066369805,0.5142823718595887,0.011460011053512277,2.5449134637413398,1.0001733342630823,1.4593052419593724,0.0019046954278242323,0.999999999933482,,0.30000000000000004,0.19999999999999996,4.0063691818617244e-05,1.670147812904793e-05,0.004070138218385422,0.65,0.4,"{'I': 1, 'W': 0, 'R': 1, 'C': 'free'}",False,True,True,0.0,3
7247,1,0.039098401695741546,0.3439261072755141,0.26572724969723127,1.5812304318441275,1.008635941451405,1.2193820119308896,0.05841631974168682,0.9998670434568547,0.0,0.050000000000000044,0.09999999999999998,1.8553914564209436e-07,1.444980209142998e-07,6.144177521022819e-06,0.050000000000000044,0.050000000000000044,"{'I': 1, 'W': 0, 'R': 1, 'C': 'free'}",False,True,True,1.0,3
7247,2,0.00038375120020868605,0.35895094484015805,0.0013180940282588164,1.3757849791879764,1.0000367151096774,1.2246142576007164,0.0002936723553840226,0.9999947514261149,0.05,0.25,0.25,4.222834942619735e-06,3.726638727803219e-06,0.0004305571421683595,0.15000000000000002,0.4,"{'I': 1, 'W': 0, 'R': 1, 'C': 'free'}",False,True,True,1.0,3
7247,3,0.00012101715469591157,0.6368405359735884,0.0005795575082901869,2.3727132194480953,1.0000099964110178,1.571827703202937,6.997207921766169e-05,1.0,,0.25,0.25,2.2603251038637067e-06,1.3709578587870439e-06,4.539785228401694e-05,0.25,0.35,"{'I': 1, 'W': 0, 'R': 1, 'C': 'free'}",False,True,True,1.0,3
7247,4,0.11084926191309274,0.5347094296544126,0.6944293082063325,2.3083252420844325,1.097186192482837,1.4036815878403923,0.5238351520334078,0.9999999999967413,0.05,0.25,0.15000000000000002,1.370957859563654e-06,2.2603251034580313e-06,8.481104047417348e-05,0.15000000000000002,0.35,"{'I': 1, 'W': 0, 'R': 1, 'C': 'free'}",False,True,True,1.0,3
7247,5,4.1079268264856326e-06,0.45563867389335166,2.5119002846983948e-05,1.6049728573217132,1.000000289508087,1.3328178466273137,2.026554263068192e-06,0.9999999998609705,,0.09999999999999998,0.15000000000000002,9.422445906141228e-07,1.3709578581124749e-06,1.1478767967934875e-05,0.050000000000000044,0.15000000000000002,"{'I': 1, 'W': 0, 'R': 1, 'C': 'free'}",True,False,True,0.0,3
7247,6,0.046721457836760495,0.35025302156909166,0.4615447309740944,2.1497767046455243,1.0116918503476202,1.21023200749266,0.29440994148383937,0.9999999970857244,0.05,0.15000000000000002,0.15000000000000002,0.9999151888681723,5.043476486703452e-07,7.88926444072142e-06,0.15000000000000002,0.15000000000000002,"{'I': 0, 'W': 1, 'R': 0, 'C': 'costly'}",False,True,True,0.6666666666666666,3
7256,1,0.005728715169170007,0.22000731414438285,0.049633474502058676,1.168234529212048,1.0009513624203648,1.1143323354140777,0.009464033079655598,0.9981243772621928,,0.09999999999999998,0.15000000000000002,7.338208041919569e-07,1.3709578581255607e-06,0.0002034270456549052,0.050000000000000044,0.050000000000000044,"{'I': 1, 'W': 0, 'R': 1, 'C': 'free'}",False,True,True,1.0,3
7256,2,0.06727135887225111,0.36769918703289733,0.40276609438830135,1.402709034855944,1.01538722045694,1.3326210728428287,0.08754839119125213,0.9999998155666444,,0.15000000000000002,0.15000000000000002,2.9023119762425623e-06,1.760342991318719e-06,4.006369185971937e-05,0.050000000000000044,0.15000000000000002,"{'I': 1, 'W': 0, 'R': 1, 'C': 'free'}",False,True,True,1.0,3
7256,3,0.14084282991956154,0.2145529661090838,0.6481005251495588,1.4050844975314647,1.0637230587579725,1.1249069204946724,0.3899416016162275,0.9991429529102903,0.0,0.15000000000000002,0.09999999999999998,2.7535687608938253e-05,2.7536045239831407e-05,0.9875683379094835,0.050000000000000044,0.050000000000000044,"{'I': 1, 'W': 0, 'R': 1, 'C': 'free'}",False,True,True,1.0,3
7256,4,2.292877218502335e-05,0.16238801786348928,0.00013913953069173273,1.1205854627195508,1.0000017370425325,1.07869164286191,1.215921324260183e-05,0.9856202805606764,,0.09999999999999998,0.09999999999999998,1.994729938944847e-06,6.144177385545318e-06,0.00033535038174267853,0.050000000000000044,0.050000000000000044,"{'I': 1, 'W': 0, 'R': 1, 'C': 'free'}",True,False,True,0.0,3
7256,5,1.3812561856706078e-05,0.16863739131422598,6.647243243187965e-05,1.443228549934556,1.00000098773262,1.0924918207722636,6.914101021604502e-06,0.9929436335713445,,0.15000000000000002,0.09999999999999998,5.4222176177863365e-06,1.1478767929929515e-05,0.0002034270430855359,0.050000000000000044,0.050000000000000044,"{'I': 1, 'W': 0, 'R': 1, 'C': 'free'}",False,True,True,0.0,3
7256,6,4.603123604249694e-05,0.20525804100161593,0.00011464433783116851,1.2760535147876988,1.0000033208232417,1.1166889184355233,2.3245453914300107e-05,0.9993854712986064,,0.09999999999999998,0.09999999999999998,4.222834923357174e-06,1.0129987235069867e-05,0.0003353500297927353,0.050000000000000044,0.050000000000000044,"{'I': 1, 'W': 0, 'R': 1, 'C': 'free'}",True,False,True,0.0,3
7256,7,7.55254321468433e-06,0.18544593345778157,2.06504016158931e-05,1.168418705356106,1.000000510896768,1.125137842227811,3.5762700676400527e-06,0.998473542368725,,0.09999999999999998,0.09999999999999998,4.222834921805759e-06,7.889264323478034e-06,5.1442213442635135e-05,0.050000000000000044,0.050000000000000044,"{'I': 1, 'W': 0, 'R': 1, 'C': 'free'}",False,True,True,0.0,3
7260,1,0.0002673840176524346,0.2767599088294323,0.0015447671094316999,1.4601374556498996,1.000026650300245,1.180680247445634,0.0001865322166277883,0.9999894592512145,,0.09999999999999998,0.09999999999999998,3.059023356703898e-07,8.31527925827947e-07,3.120190377085934e-05,0.050000000000000044,0.050000000000000044,"{'I': 1, 'W': 0, 'R': 1, 'C': 'free'}",False,True,True,1.0,3
7260,2,0.010567211240711282,0.28724055615689287,0.07393387335004804,1.4781474156148615,1.0020257566207669,1.2824326782149749,0.014066087806247962,0.9992637974828311,,0.09999999999999998,0.09999999999999998,5.043476466584424e-07,4.785094318211976e-06,0.00023050669963736975,0.0,0.050000000000000044,"{'I': 1, 'W': 0, 'R': 1, 'C': 'free'}",True,False,True,0.0,3
7260,3,7.072806929018639e-05,0.43125048298454977,0.00039872318498921104,2.084927486744768,1.000006045539971,1.230458478694026,4.2317756457244116e-05,0.996993058144188,,0.09999999999999998,0.19999999999999996,1.892514544644979e-05,1.670282961669191e-05,7.4846262261923e-05,0.050000000000000044,0.15000000000000002,"{'I': 1, 'W': 0, 'R': 1, 'C': 'free'}",True,False,True,0.0,3
7260,4,8.335584580349734e-05,0.4060907795092697,0.0004998707348159147,1.6666441156749774,1.000007390853496,1.2154740054032078,5.173444501505031e-05,0.9957623889547742,,0.30000000000000004,0.5,2.7535965758425792e-05,5.829761817370363e-05,0.00017952817545753983,0.19999999999999996,0.15000000000000002,"{'I': 1, 'W': 0, 'R': 1, 'C': 'free'}",True,False,True,0.0,3
7260,5,0.03377194798234832,0.3870956961880056,0.19102466692164932,2.1958508463181943,1.0076467145160641,1.277535325805522,0.07334714509226559,0.9998107883494453,0.0,0.15000000000000002,0.7,3.28875061107749e-06,2.4301834232777378e-05,0.0021827193769501196,0.050000000000000044,0.75,"{'I': 1, 'W': 0, 'R': 1, 'C': 'free'}",False,True,True,1.0,3
7260,6,0.0010300744337628117,0.3439804760996535,0.009145334812714819,1.7986883606774124,1.000131763993645,1.184132665087003,0.00118509504136588,0.9977218255177719,,0.19999999999999996,0.30000000000000004,8.939699198185676e-06,1.3007482358369118e-05,0.000430557982102611,0.15000000000000002,0.15000000000000002,"{'I': 1, 'W': 0, 'R': 1, 'C': 'free'}",True,False,True,0.0,3
7260,7,0.0024701451054581335,0.43759317535465425,0.021927391359699965,1.8675155230425975,1.0003610092234618,1.2672069426012265,0.0032432260212471586,0.9999392913308836,,0.19999999999999996,0.30000000000000004,4.222834901546156e-06,2.9023496886198502e-06,7.484619502296252e-05,0.15000000000000002,0.75,"{'I': 1, 'W': 0, 'R': 1, 'C': 'free'}",False,True,True,0.0,3
7271,1,0.16826919761960038,0.4293484204753406,0.8402553650874051,1.7686056998574062,1.1101302309137333,1.3239316471433202,0.40689668326343675,0.9999999721814138,,0.09999999999999998,0.15000000000000002,5.715002412681448e-07,8.31527927233078e-07,4.5397852250904e-05,0.050000000000000044,0.050000000000000044,"{'I': 1, 'W': 0, 'R': 1, 'C': 'free'}",False,True,True,1.0,3
7271,2,2.982328385474491e-05,0.4406185222476003,0.00011371863934325883,1.8700625071461159,1.0000022309109262,1.2697823324276536,1.5616237129867372e-05,0.9999994026302924,0.05,0.15000000000000002,0.15000000000000002,3.2887506067461284e-06,1.994729946244497e-06,1.4738988812723755e-05,0.050000000000000044,0.15000000000000002,"{'I': 1, 'W': 0, 'R': 1, 'C': 'free'}",False,True,True,0.3333333333333333,3
7271,3,8.702963544693182e-06,0.3088135435979367,3.991993900007285e-05,2.0213104554872463,1.0000005960458054,1.1975855771692279,2.9802236980458474e-06,0.9999960477212821,,0.30000000000000004,0.7,7.889264416732687e-06,7.889354756530316e-06,0.000203427262276889,0.15000000000000002,0.75,"{'I': 1, 'W': 0, 'R': 1, 'C': 'free'}",False,True,True,0.0,3
7271,4,0.009597195131193498,0.4966240208896537,0.06048919204455117,1.9792716412380535,1.001691374125911,1.4122822212754937,0.011759922710761983,0.9999999999999839,0.05,0.09999999999999998,0.09999999999999998,4.4508526270915916e-07,9.422445911159655e-07,5.144221297458521e-05,0.050000000000000044,0.050000000000000044,"{'I': 1, 'W': 0, 'R': 1, 'C': 'free'}",False,True,True,0.0,3
7271,5,0.006971817310838562,0.6151231525792901,0.018010012021032393,2.3782848272565915,1.0009295990633373,1.5412012132021176,0.006483064441781483,1.0,0.05,0.25,0.25,1.0129987322858215e-05,5.422216971267974e-06,7.48462624942501e-05,0.15000000000000002,0.25,"{'I': 1, 'W': 0, 'R': 1, 'C': 'free'}",False,True,True,0.0,3
7271,6,0.03017135352487566,0.522757963042328,0.17721261007474204,2.0339651541445702,1.0055645185146638,1.4273372201666026,0.03274639916704869,0.9999999907824124,,0.09999999999999998,0.09999999999999998,2.2603250824378876e-06,4.222834861397433e-06,9.610240889827254e-05,0.050000000000000044,0.050000000000000044,"{'I': 1, 'W': 0, 'R': 1, 'C': 'free'}",False,True,True,0.0,3
7271,7,7.473633206836648e-06,0.6262172149212719,2.513688825323635e-05,2.2624867789141843,1.0000004768369393,1.5634325423166497,2.3841812861746803e-06,1.0,,0.25,0.15000000000000002,1.3007123675912675e-05,6.962257829310109e-06,2.1444958516745542e-05,0.15000000000000002,0.15000000000000002,"{'I': 1, 'W': 0, 'R': 1, 'C': 'free'}",True,True,True,0.0,3
7275,1,0.005442354001351623,0.21799820564258124,0.03263946140210877,1.2659864877275846,1.0008727921162566,1.1197326037796922,0.005220792769260352,0.973187233036717,,0.050000000000000044,0.09999999999999998,5.043476471701012e-07,2.3823696657141242e-07,1.0129987332135526e-05,0.050000000000000044,0.050000000000000044,"{'I': 1, 'W': 0, 'R': 1, 'C': 'free'}",False,True,True,1.0,3
7275,2,0.0037923315204750055,0.2518541631664036,0.026464202937188954,1.4383636024160813,1.0005836339942384,1.1484751122829917,0.004075917032842047,0.999141383968667,0.0,0.0,0.050000000000000044,1.3709578601972438e-06,6.475945662593432e-07,1.3709578572152482e-06,0.0,0.0,"{'I': 0, 'W': 1, 'R': 0, 'C': 'costly'}",False,True,True,1.0,3
7278,1,0.001419207790880045,0.1927042024950819,0.00469877392373417,1.2494345748311955,1.0001594162228402,1.1261348246561371,0.0009559638796606817,0.9876645324998984,,0.09999999999999998,0.09999999999999998,8.315279256222153e-07,3.927863403701727e-07,1.6701429754952106e-05,0.050000000000000044,0.050000000000000044,"{'I': 1, 'W': 0, 'R': 1, 'C': 'free'}",False,True,True,1.0,3
7278,2,8.97150422341957e-05,0.17647536634753794,0.0006266375348772591,1.3669627692042772,1.0000083274123377,1.097276581700094,5.828994472933946e-05,0.9894193929483227,,0.09999999999999998,0.09999999999999998,7.338208038198683e-07,1.553497188036329e-06,4.0063691901122834e-05,0.050000000000000044,0.050000000000000044,"{'I': 1, 'W': 0, 'R': 1, 'C': 'free'}",False,True,True,1.0,3
7278,3,3.3605861926067263e-05,0.2999323778764444,0.00012664699334502056,1.2394316984436689,1.0000026225961105,1.1663137524895255,1.8357980191008316e-05,0.9997885765346592,,0.19999999999999996,0.19999999999999996,1.4738988790813319e-05,2.1445478984023176e-05,0.0009110510178119599,0.15000000000000002,0.25,"{'I': 1, 'W': 0, 'R': 1, 'C': 'free'}",False,True,True,1.0,3
7278,4,0.005295986687563768,0.3045026572375041,0.04017975259359547,1.678495270033223,1.0008679258200708,1.2049992331941533,0.006916366201972224,0.9999861709047713,0.0,0.09999999999999998,0.09999999999999998,2.902311957013614e-06,1.147891717943969e-05,0.0015011819825515038,0.050000000000000044,0.15000000000000002,"{'I': 1, 'W': 0, 'R': 1, 'C': 'free'}",True,True,True,0.0,3
7278,5,0.00797891701393053,0.20226991729191415,0.17732432491618524,2.019971055859437,1.001417602705123,1.1383183887469692,0.06308577897287315,0.9999722900260413,0.0,0.0,0.050000000000000044,0.9999485577314637,8.315279282906014e-07,5.829127229885936e-05,0.0,0.050000000000000044,"{'I': 0, 'W': 1, 'R': 0, 'C': 'costly'}",False,True,True,0.0,3
7318,1,0.05592713678937382,0.21750750841144312,0.3150321396615119,1.4139862875357623,1.346485858057266,1.0900123424568748,0.9074480382720582,0.9418213973875065,,0.050000000000000044,0.09999999999999998,1.6373770544939587e-07,3.9278634028337797e-07,2.753568762047965e-05,0.050000000000000044,0.050000000000000044,"{'I': 1, 'W': 0, 'R': 1, 'C': 'free'}",False,True,True,1.0,3
7318,2,5.56156482690375e-05,0.1855246530910043,0.00019471709661350294,1.5217912722330624,1.0000041723098958,1.1081376090820694,2.0861288359430574e-05,0.9540601936070463,,0.09999999999999998,0.09999999999999998,8.315279259744056e-07,6.144177427786271e-06,0.00015843623535623903,0.050000000000000044,0.050000000000000044,"{'I': 1, 'W': 0, 'R': 1, 'C': 'free'}",False,True,True,1.0,3
7318,3,0.010083633283411863,0.392471029748542,0.04018003743290967,2.165139784144211,1.0016000098625277,1.268327058425376,0.007961791744441227,0.9999966213489617,0.0,0.09999999999999998,0.09999999999999998,2.26032510248744e-06,1.067702996571878e-06,2.1444958537601844e-05,0.050000000000000044,0.050000000000000044,"{'I': 1, 'W': 0, 'R': 1, 'C': 'free'}",False,True,True,0.6666666666666666,3
7318,4,0.0433052687669578,0.1988771323605598,0.19086543899279398,1.769093518709191,1.0098406244728908,1.1457733388197089,0.10211899388337053,0.9999630515203631,0.0,0.09999999999999998,0.09999999999999998,6.962257899266407e-06,6.1441775121545e-06,0.07585817318493845,0.050000000000000044,0.050000000000000044,"{'I': 1, 'W': 0, 'R': 1, 'C': 'free'}",False,True,True,0.3333333333333333,3
7318,5,2.3168011473443536e-05,0.38937002532955417,0.0002070047987522973,1.6541163194117963,1.0000018596520004,1.1897703076856523,1.8596329798947764e-05,0.9999647080588012,,0.4,0.25,7.889264456935497e-06,1.0129987197327085e-05,0.0024726229424350044,0.4,0.35,"{'I': 1, 'W': 0, 'R': 1, 'C': 'free'}",True,False,True,0.0,3
7318,6,0.02871447219702943,0.36425791266186286,0.3147429574497711,1.504097491366362,1.0091609762590241,1.2757999199566714,0.09544481053117071,0.99999989568414,0.05,0.5,0.25,1.6701429806104856e-05,7.889290403366883e-06,0.26894142132001325,0.4,0.4,"{'I': 1, 'W': 0, 'R': 1, 'C': 'free'}",False,True,True,0.0,3
7318,7,0.000452488254616071,0.2709600961977788,0.0024359301337696457,1.9351709976053701,1.0000446647994006,1.2071885187454723,0.0004465382916699623,0.9999682042039878,0.05,0.19999999999999996,0.15000000000000002,1.012998735097931e-05,6.1441775153834555e-06,2.7535687816606012e-05,0.15000000000000002,0.15000000000000002,"{'I': 1, 'W': 0, 'R': 1, 'C': 'free'}",False,True,True,0.0,3
734,1,0.0024257307247338013,0.36830854504507937,0.010032700811138781,1.8401026441412314,1.0003076605049632,1.1797103269656328,0.002457879951836661,0.9998669149055995,,0.09999999999999998,0.09999999999999998,5.043476471407458e-07,2.5612812777221427e-06,4.5397852084276326e-05,0.050000000000000044,0.050000000000000044,"{'I': 1, 'W': 0, 'R': 1, 'C': 'free'}",False,True,True,1.0,3
734,2,0.0010149520697963464,0.48717351512214385,0.010161081726093639,1.7977343360984717,1.0001293347656097,1.3403187475109304,0.0014215790263868433,0.999995457864091,,0.15000000000000002,0.15000000000000002,1.760342998923606e-06,3.72663879673032e-06,5.8291272016261385e-05,0.050000000000000044,0.15000000000000002,"{'I': 1, 'W': 0, 'R': 1, 'C': 'free'}",False,True,True,1.0,3
734,3,0.006702326100045144,0.36305479014355024,0.040179605498908866,1.5010160763414397,1.0011202491952096,1.2973859128918357,0.0066952195783099855,0.9999999980335935,0.0,0.09999999999999998,0.15000000000000002,6.962257779404163e-06,8.939699346411767e-06,5.14422119677841e-05,0.050000000000000044,0.050000000000000044,"{'I': 1, 'W': 0, 'R': 1, 'C': 'free'}",False,True,True,1.0,3
734,4,1.1476811288055082e-05,0.21168931970828386,5.0351258261497704e-05,1.4526981219448285,1.000000814595911,1.1057908973393653,4.887561530719786e-06,0.9994696968511183,0.0,0.050000000000000044,0.050000000000000044,7.484626292706465e-05,3.927863406173791e-07,6.144177447467312e-06,0.050000000000000044,0.050000000000000044,"{'I': 0, 'W': 1, 'R': 0, 'C': 'costly'}",False,True,True,1.0,3
7353,1,0.0035713665367293917,0.22541061008678798,0.02142065731896454,1.6170465319616314,1.0005298189981828,1.145829795421641,0.003173027436165099,0.9988933903801619,,0.050000000000000044,0.09999999999999998,8.764248487441115e-08,1.4449802085599762e-07,8.939699468511239e-06,0.050000000000000044,0.050000000000000044,"{'I': 1, 'W': 0, 'R': 1, 'C': 'free'}",False,True,True,1.0,3
7353,2,0.0026328583036292477,0.2655854531344856,0.010312446326556153,1.924468297155986,1.0003154328105475,1.1896988810350697,0.0012607368909618444,0.9999911749445781,,0.050000000000000044,0.050000000000000044,0.022977372369396697,7.889287292658549e-06,2.7535687411917986e-05,0.050000000000000044,0.050000000000000044,"{'I': 0, 'W': 1, 'R': 0, 'C': 'costly'}",False,True,True,1.0,3
738,1,0.0006199098975297646,0.32657617474179895,0.0022781082563405734,1.9723295255056488,1.0000611360782792,1.199964414688867,0.0004889540993270325,0.9999692812828475,,0.09999999999999998,0.09999999999999998,5.043476469790158e-07,9.422445917590501e-07,5.14422134300123e-05,0.050000000000000044,0.050000000000000044,"{'I': 1, 'W': 0, 'R': 1, 'C': 'free'}",False,True,True,1.0,3
738,2,2.0846636448905622e-05,0.44481835103411055,7.995308389093486e-05,1.5961015103997827,1.0000014967367283,1.274064864878873,1.3470529744874504e-05,0.9998366554733318,,0.09999999999999998,0.09999999999999998,3.288750606118846e-06,7.889264337034671e-06,2.7535687323045412e-05,0.050000000000000044,0.050000000000000044,"{'I': 1, 'W': 0, 'R': 1, 'C': 'free'}",False,True,True,1.0,3
738,3,0.05689837721448521,0.3774590932607452,0.23726113584112402,1.7738720145709685,1.0136677624423263,1.224933100543748,0.09065107920719873,0.9999922467727417,0.05,0.30000000000000004,0.7,2.1444958638651337e-05,7.889334969029741e-06,0.9890130421204755,0.25,0.65,"{'I': 1, 'W': 0, 'R': 1, 'C': 'free'}",False,True,True,1.0,3
738,4,0.10423297296327431,0.33651811443352575,0.6628597100464121,1.8259235320855023,1.0657245993409719,1.176835240502162,0.3990475959855886,0.9999587305411087,0.05,0.09999999999999998,0.15000000000000002,7.484626255777052e-05,4.222834920467561e-06,4.539785155363759e-05,0.050000000000000044,0.15000000000000002,"{'I': 1, 'W': 0, 'R': 1, 'C': 'free'}",False,True,True,1.0,3
738,5,0.002319561401473141,0.23762387582435435,0.014121703528472064,1.5152398533866929,1.0002696183057311,1.1774627611075956,0.001885294352517386,0.9999446434330255,0.0,0.050000000000000044,0.09999999999999998,0.9998204718000718,0.9995694426423284,3.535625488639889e-05,0.050000000000000044,0.050000000000000044,"{'I': 0, 'W': 1, 'R': 0, 'C': 'costly'}",False,True,True,1.0,3
7390,1,0.007429370560443081,0.1586721527546697,0.07393387703630701,1.2485806169063303,1.0014202015557085,1.1643880940331974,0.014091709366261362,0.9994229546422875,0.0,0.050000000000000044,0.09999999999999998,2.3823696574290718e-07,8.315279269204952e-07,2.430025208654693e-05,0.050000000000000044,0.050000000000000044,"{'I': 1, 'W': 0, 'R': 1, 'C': 'free'}",False,True,True,1.0,3
7390,2,8.987714042234393e-05,0.36712474844549053,0.0002535523422943193,2.0807800379074015,1.0000073909394867,1.2175147811763245,3.695387805779937e-05,0.9999997378901563,,0.25,0.19999999999999996,4.2228349335799965e-06,3.7266388217899507e-06,7.484626288274547e-05,0.15000000000000002,0.25,"{'I': 1, 'W': 0, 'R': 1, 'C': 'free'}",False,True,True,0.6666666666666666,3
7390,3,0.023396279141566476,0.284378866512109,0.13234352406069771,2.2112637143212366,1.0051281627151196,1.188909570791153,0.03022418312546704,0.9999999389461611,0.05,0.15000000000000002,0.25,1.7603429914617317e-06,2.260325098827728e-06,3.120190377439255e-05,0.050000000000000044,0.35,"{'I': 1, 'W': 0, 'R': 1, 'C': 'free'}",True,False,True,0.0,3
7390,4,1.6717317815607154e-05,0.5075159485820291,4.0316818868275106e-05,1.978970498977936,1.000001144408628,1.4084814801853858,5.722023495136064e-06,0.9999999999999187,,0.30000000000000004,0.25,3.120190353060192e-05,4.785123886560919e-06,0.0005527785985468757,0.19999999999999996,0.4,"{'I': 1, 'W': 0, 'R': 1, 'C': 'free'}",True,False,True,0.0,3
7390,5,0.00013485357719170954,0.2605564285269639,0.00042853629822856145,1.4050397723658683,1.0000114916739444,1.1495912120582525,5.74563888962043e-05,0.9999121807263893,,0.15000000000000002,0.15000000000000002,1.553497190479452e-06,1.7603429980090173e-06,0.00012339461574370402,0.050000000000000044,0.25,"{'I': 1, 'W': 0, 'R': 1, 'C': 'free'}",True,False,True,0.0,3
7390,6,0.002427811302172859,0.2911569766786545,0.010757204872766496,1.490159655634058,1.00029106792169,1.235737009191028,0.0014540696630029881,0.9999999899438131,,0.19999999999999996,0.25,7.889264393123469e-06,3.726638830230274e-06,0.0001233946188370288,0.15000000000000002,0.35,"{'I': 1, 'W': 0, 'R': 1, 'C': 'free'}",True,False,True,0.0,3
7390,7,1.1134595524103496e-05,0.34111461446062297,3.996530491706447e-05,1.8155198309807643,1.00000076293889,1.180298484234368,3.814685719305544e-06,0.9999975754243051,,0.30000000000000004,0.4,1.67014297351448e-05,2.2603335280429724e-06,0.3775406683776771,0.15000000000000002,0.65,"{'I': 1, 'W': 0, 'R': 1, 'C': 'free'}",True,False,True,0.0,3
753,1,0.015404410626892543,0.23133593304193448,0.09009478025387715,1.1083810531448453,1.0030695867016672,1.2460907385118998,0.01822125915348527,0.9991241885499865,,0.050000000000000044,0.09999999999999998,5.043476476532368e-07,1.3709578568588892e-06,6.605215999852667e-05,0.050000000000000044,0.050000000000000044,"{'I': 1, 'W': 0, 'R': 1, 'C': 'free'}",False,True,True,1.0,3
753,2,0.1727076418726848,0.19468168003048794,1.178834704355282,1.2187614046518618,1.2114480518407158,1.119772498073859,0.7844432470135874,0.9988722516866354,0.0,0.15000000000000002,0.09999999999999998,4.785094474070986e-06,8.939801587324009e-06,6.605215933839729e-05,0.050000000000000044,0.050000000000000044,"{'I': 1, 'W': 0, 'R': 1, 'C': 'free'}",False,True,True,0.6666666666666666,3
753,3,0.00014650683471927658,0.4019173810503054,0.0009656469080304604,1.6395262288632528,1.0000136404443911,1.2854738875396021,9.547790122332867e-05,0.999966239693587,,0.09999999999999998,0.09999999999999998,1.3709578446393649e-06,4.7850943647238375e-06,0.00010889693031336844,0.050000000000000044,0.050000000000000044,"{'I': 1, 'W': 0, 'R': 1, 'C': 'free'}",False,True,True,0.0,3
753,4,0.11281795598994172,0.40166245933345346,0.6298352976005926,2.094035046033366,1.1828006677313654,1.3225897139044813,0.6912413930642247,0.9999999994088614,0.05,0.15000000000000002,0.15000000000000002,1.892514568072979e-05,1.8925314250703712e-05,0.00015843625062581944,0.050000000000000044,0.050000000000000044,"{'I': 1, 'W': 0, 'R': 1, 'C': 'free'}",False,True,True,1.0,3
753,5,0.0008735055558512022,0.23952905347205206,0.005855032067520647,1.1826183783587105,1.0001020577496473,1.1358913764599308,0.0009180512118779349,0.992107737767361,0.0,0.0,0.050000000000000044,0.00012339461913876603,8.315279279259655e-07,4.785094463977024e-06,0.0,0.0,"{'I': 0, 'W': 1, 'R': 0, 'C': 'costly'}",False,True,True,1.0,3
797,1,0.07308560869037957,0.2542422533395322,0.36533384846834377,1.2707212361602913,1.0257119861559296,1.217595538380395,0.1192090430316648,0.9997894433637753,,0.050000000000000044,0.09999999999999998,3.466327429791956e-07,7.338208032624826e-07,1.8925145743093076e-05,0.050000000000000044,0.050000000000000044,"{'I': 1, 'W': 0, 'R': 1, 'C': 'free'}",False,True,True,1.0,3
797,2,0.0017668542201461357,0.3441990628952465,0.006660295725484864,1.8043446510049903,1.0001777084098402,1.1605369114100517,0.000888068541370024,0.9914707008715403,,0.25,0.9,6.962257797541674e-06,5.829391880811172e-05,0.18242551560710074,0.5,0.15000000000000002,"{'I': 1, 'W': 0, 'R': 1, 'C': 'free'}",True,False,True,0.0,3
797,3,0.0008691612760819295,0.3123851939843745,0.003993100646280461,1.642291833990507,1.0000833395780384,1.20120266985437,0.0004165937281690457,0.9999860874613963,,0.7,0.9,2.5612812854931935e-06,2.1445029046458132e-05,0.26894141777708774,0.5,0.75,"{'I': 1, 'W': 0, 'R': 1, 'C': 'free'}",True,False,True,0.0,3
797,4,0.0025433422230704892,0.3444134348806862,0.01731169389399388,1.4273343237674363,1.0003597236768942,1.259264048813546,0.0025144464133673994,0.9999980350924031,0.05,0.4,0.7,1.370957859167974e-06,1.3007149598828011e-05,0.00033535009273388805,0.15000000000000002,0.15000000000000002,"{'I': 1, 'W': 0, 'R': 1, 'C': 'free'}",False,True,True,1.0,3
797,5,0.01059131937641469,0.298597195394924,0.07393649822041062,1.158044014632589,1.002027821128697,1.2021558660838785,0.01408030716253117,0.9999599910548218,0.0,0.19999999999999996,0.09999999999999998,1.7603429875645708e-06,3.726638796076635e-06,1.6701429643057925e-05,0.050000000000000044,0.050000000000000044,"{'I': 1, 'W': 0, 'R': 1, 'C': 'free'}",False,True,True,0.0,3
797,6,0.0007170431996513888,0.27629855068060777,0.00470105044955692,1.554135741796741,1.0000829682302292,1.1646315568108927,0.0005805849152066278,0.9977485730638727,0.0,0.19999999999999996,0.19999999999999996,2.9023119610428783e-06,4.785094420917058e-06,5.144221301041475e-05,0.050000000000000044,0.050000000000000044,"{'I': 1, 'W': 0, 'R': 1, 'C': 'free'}",True,False,True,0.0,3
797,7,0.0009559574855667253,0.32681615558103316,0.004694649827654125,1.427358716292545,1.0000953722689603,1.1590576052296213,0.0005720426490681829,0.9995359776384067,,0.4,0.15000000000000002,7.889264200545727e-06,4.222834850863745e-06,1.8925145776711594e-05,0.15000000000000002,0.15000000000000002,"{'I': 1, 'W': 0, 'R': 1, 'C': 'free'}",True,False,True,0.0,3
802,1,0.18995714638818467,0.30700336134450246,0.8919045014970132,1.8379365843144992,1.153676021806175,1.1941619273301207,0.8440771593039381,0.999999316179147,,0.09999999999999998,0.09999999999999998,1.2098659674676625e-06,8.315279260059837e-07,4.539785231925419e-05,0.050000000000000044,0.050000000000000044,"{'I': 1, 'W': 0, 'R': 1, 'C': 'free'}",False,True,True,1.0,3
802,2,7.02903454581502e-05,0.42306361437091167,0.00045675102572594544,1.8145061638930426,1.0000058411747035,1.2933255343649426,4.672816935546997e-05,0.9999999999811181,,0.15000000000000002,0.15000000000000002,7.338208044460775e-07,1.7603429977339059e-06,2.1444958431433e-05,0.050000000000000044,0.25,"{'I': 1, 'W': 0, 'R': 1, 'C': 'free'}",False,True,True,1.0,3
802,3,0.0024590521386984375,0.39659351886499533,0.013970743861512605,1.8596821014540565,1.0003322592057595,1.2878929735350857,0.001991238967335107,0.9999997446043049,,0.19999999999999996,0.15000000000000002,1.3007123581980081e-05,1.0130067132244706e-05,0.0003799845276591741,0.050000000000000044,0.15000000000000002,"{'I': 1, 'W': 0, 'R': 1, 'C': 'free'}",False,True,True,0.0,3
802,4,0.019306273545944122,0.4438969364283655,0.1409696643970551,1.583772615424525,1.003645158428461,1.3093058599323868,0.03221640777653978,0.9999999995667774,0.05,0.15000000000000002,0.15000000000000002,5.715002420623185e-07,9.422445920842875e-07,6.144177507567026e-06,0.050000000000000044,0.15000000000000002,"{'I': 1, 'W': 0, 'R': 1, 'C': 'free'}",False,True,True,0.6666666666666666,3
802,5,0.07904094793986567,0.41148505752048764,0.6973810986329524,1.6567243969688314,1.09655747842049,1.3277479340038667,0.5637681306762394,0.9999999999937415,0.05,0.15000000000000002,0.19999999999999996,1.370957859325209e-06,2.260325103716317e-06,5.8291272443932054e-05,0.15000000000000002,0.25,"{'I': 1, 'W': 0, 'R': 1, 'C': 'free'}",False,True,True,1.0,3
802,6,1.2816193541071604e-05,0.40941218045313366,0.00010058892656283307,1.7425013922911137,1.000000998374432,1.331258440968008,7.986959574046715e-06,0.9999999999950782,,0.15000000000000002,0.15000000000000002,7.889264448243933e-06,6.962257876308749e-06,7.484626297608405e-05,0.15000000000000002,0.35,"{'I': 1, 'W': 0, 'R': 1, 'C': 'free'}",True,True,True,0.0,3
802,7,1.6230758500745362e-05,0.33339259599019805,0.00012662491394610178,1.7799594311928406,1.0000012814943164,1.2337164756789958,1.0251895411483858e-05,0.9999958476544183,,0.30000000000000004,0.19999999999999996,2.7535687727657117e-05,3.7266937387975507e-06,9.610239205834008e-05,0.4,0.25,"{'I': 1, 'W': 0, 'R': 1, 'C': 'free'}",True,False,True,0.0,3
807,1,0.02655990438779238,0.17516348753558042,0.15935376473916504,1.2049250324034284,1.00636041729931,1.1389719048193547,0.03732715647007945,0.9937483802418114,,0.09999999999999998,0.09999999999999998,5.043476459943472e-07,6.475945648490422e-07,3.120190365896219e-05,0.050000000000000044,0.050000000000000044,"{'I': 1, 'W': 0, 'R': 1, 'C': 'free'}",False,True,True,1.0,3
807,2,0.061195984407800164,0.1350015447979388,0.4193070014842851,1.1121011465034913,1.023324177921487,1.0498553960246144,0.1490435132682476,0.7786976770232751,0.0,0.0,0.050000000000000044,2.260325104927772e-06,1.444980209295845e-07,6.962257777242033e-06,0.0,0.0,"{'I': 0, 'W': 1, 'R': 0, 'C': 'costly'}",False,True,True,1.0,3
816,1,0.003834832260122828,0.24011175176661126,0.01731144551941468,1.0777274833613493,1.000529242440738,1.1281570896403403,0.002642015923169705,0.9928739749538533,,0.09999999999999998,0.09999999999999998,4.450852628625545e-07,1.370957856445521e-06,9.610239093059615e-05,0.050000000000000044,0.050000000000000044,"{'I': 1, 'W': 0, 'R': 1, 'C': 'free'}",False,True,True,1.0,3
816,2,0.021236253989762376,0.4021193570433036,0.19086497227849897,1.8087160154955553,1.005415334905312,1.3899294704431941,0.047444134554122,0.9999999963404561,0.0,0.09999999999999998,0.15000000000000002,1.2098659674344575e-06,4.222834895956717e-06,0.00010889693309093845,0.050000000000000044,0.050000000000000044,"{'I': 1, 'W': 0, 'R': 1, 'C': 'free'}",False,True,True,1.0,3
816,3,4.189797024803795e-05,0.3669823807556937,8.962145921491311e-05,1.913068984783308,1.000003019965858,1.2469152555090492,1.8119603625521563e-05,0.9999999190780091,,0.4,0.30000000000000004,0.9992903284039225,0.0019267376674948014,0.9992903297245437,0.75,0.65,"{'I': 1, 'W': 0, 'R': 1, 'C': 'free'}",False,True,True,0.6666666666666666,3
816,4,0.00014466562526502258,0.5309475727488819,0.0009066827287713552,2.037744661465928,1.0000125613290085,1.4656257403933668,0.0001004849519739004,0.9999999999999757,,0.19999999999999996,0.25,2.75356874453599e-05,3.120214857751963e-05,0.00012339461893393704,0.15000000000000002,0.35,"{'I': 1, 'W': 0, 'R': 1, 'C': 'free'}",True,True,True,0.0,3
816,5,1.4059078223673165e-05,0.4270905977308835,6.342075356572505e-05,1.6160228454207675,1.0000009735410713,1.3228338836387847,5.841226524805343e-06,0.9999999997481857,,0.4,0.4,9.610239805988271e-05,7.889413514326437e-06,0.9933071459526345,0.4,0.4,"{'I': 1, 'W': 0, 'R': 1, 'C': 'free'}",False,True,True,0.0,3
816,6,0.0700422122681325,0.5537509939843656,0.5600538057213735,2.145177937745276,1.035819058588774,1.4217302876698041,0.24537911709294158,0.9999999997642154,,0.30000000000000004,0.4,3.535625479788204e-05,7.889264436287315e-06,2.7535687811096e-05,0.15000000000000002,0.4,"{'I': 1, 'W': 0, 'R': 1, 'C': 'free'}",True,True,True,0.0,3
816,7,9.564552205506798e-05,0.4177769107480195,0.0006271766881607841,1.753402589274822,1.0000087191031508,1.262164700927831,6.103159347459197e-05,0.999993032411926,0.05,0.4,0.4,1.0129987266419805e-05,1.3007255328835761e-05,2.7535687796421156e-05,0.15000000000000002,0.4,"{'I': 1, 'W': 0, 'R': 1, 'C': 'free'}",True,True,True,0.0,3
84,1,0.005744983836057604,0.2912195362653185,0.07393387259273232,1.3731681896982375,1.0010950561131475,1.1308124304617952,0.014127201881550033,0.9981073045645087,,0.050000000000000044,0.09999999999999998,2.699578411159067e-07,1.994729945871706e-06,0.0001233946163288108,0.050000000000000044,0.050000000000000044,"{'I': 1, 'W': 0, 'R': 1, 'C': 'free'}",False,True,True,1.0,3
84,2,0.28656186932141614,0.39327077364569096,1.0927346178993307,1.9727655813502307,1.2787574463033513,1.2589178777907284,0.8211525425793401,0.9999960176415538,0.05,0.15000000000000002,0.09999999999999998,8.93969945906321e-06,1.6701429053504667e-05,0.00037998452510199854,0.050000000000000044,0.050000000000000044,"{'I': 1, 'W': 0, 'R': 1, 'C': 'free'}",False,True,True,0.6666666666666666,3
84,3,0.14589638381282943,0.3069135541964771,0.873209962406025,1.7357393943088306,1.110165312308591,1.2204664437435784,0.4658366593665537,0.9999996045536181,,0.15000000000000002,0.09999999999999998,4.006369185908445e-05,1.4738988631563596e-05,0.00013982204701095918,0.050000000000000044,0.15000000000000002,"{'I': 1, 'W': 0, 'R': 1, 'C': 'free'}",False,True,True,1.0,3
84,4,6.118104274715839e-06,0.3402084019185272,3.165050054366827e-05,1.9610262390354352,1.0000004172321812,1.2387555754862265,2.503389431751657e-06,0.9999999899251987,,0.09999999999999998,0.15000000000000002,7.889264309699329e-06,6.144177432632639e-06,5.144221280011083e-05,0.050000000000000044,0.15000000000000002,"{'I': 1, 'W': 0, 'R': 1, 'C': 'free'}",True,False,True,0.0,3
84,5,0.1189793183609924,0.2524815194055438,0.8011150598319735,1.929045431847644,1.0421574519779553,1.159804964738454,0.2510261896466247,0.9999851704579936,,0.19999999999999996,0.15000000000000002,0.00015843623567628258,1.3007226350001721e-05,0.00043055708685466265,0.15000000000000002,0.15000000000000002,"{'I': 1, 'W': 0, 'R': 1, 'C': 'free'}",False,True,True,1.0,3
84,6,8.799436749407388e-06,0.23241116290974562,2.5578391142673736e-05,1.421479340217518,1.0000005790162856,1.1879651941178788,4.05310461104591e-06,0.9999992653250318,,0.15000000000000002,0.15000000000000002,4.222834943738972e-06,6.1441774352197584e-06,7.484626282542029e-05,0.15000000000000002,0.15000000000000002,"{'I': 1, 'W': 0, 'R': 1, 'C': 'free'}",True,False,True,0.0,3
84,7,0.10603002946662912,0.3196688256333132,0.47560481581082953,1.8910598356743977,1.0384912967350306,1.1938497596766315,0.23232045023004255,0.9999881089360528,,0.15000000000000002,0.09999999999999998,0.000123394617509708,2.430035457859474e-05,2.7535687764455515e-05,0.050000000000000044,0.050000000000000044,"{'I': 1, 'W': 0, 'R': 1, 'C': 'free'}",True,False,True,0.0,3
851,1,0.026582226571769906,0.24129050235484417,0.1593537642149216,1.1264272638601536,1.006362216804405,1.2555400507568473,0.03733748472116327,0.999452238934844,,0.050000000000000044,0.09999999999999998,3.059023346484039e-07,5.715002414467682e-07,1.4738988885817296e-05,0.050000000000000044,0.050000000000000044,"{'I': 1, 'W': 0, 'R': 1, 'C': 'free'}",False,True,True,1.0,3
851,2,0.013004238674884119,0.4125984451830511,0.0900948198568521,1.700776966623829,1.0026080309049503,1.2502325190321608,0.018067245675970067,0.9999981052874228,0.0,0.15000000000000002,0.15000000000000002,2.90231197336233e-06,1.1478858290182628e-05,0.00020342704533707015,0.050000000000000044,0.15000000000000002,"{'I': 1, 'W': 0, 'R': 1, 'C': 'free'}",False,True,True,0.3333333333333333,3
851,3,0.03234262243657779,0.5030094307388473,0.13280217698166688,1.9697077749035985,1.0068399047952796,1.3339551159128917,0.040074606470670515,0.9999999969068766,0.05,0.15000000000000002,0.09999999999999998,1.0129987339863202e-05,3.7266453979427335e-06,5.144221206577309e-05,0.15000000000000002,0.050000000000000044,"{'I': 1, 'W': 0, 'R': 1, 'C': 'free'}",False,True,True,0.3333333333333333,3
851,4,0.0004388720987696833,0.4289274787484524,0.0019359463117417975,1.7750222783392662,1.0000447479858403,1.3176467312316107,0.00022370989660358553,0.999999996879158,,0.09999999999999998,0.15000000000000002,4.222834931974176e-06,1.300720363331169e-05,0.0011695102998964591,0.050000000000000044,0.35,"{'I': 1, 'W': 0, 'R': 1, 'C': 'free'}",True,False,True,0.0,3
851,5,0.015955719598184603,0.3895957597581096,0.07811360932395665,1.9108615657294685,1.0028230026352027,1.2806193956002647,0.013996256006348684,0.9999999999376131,,0.15000000000000002,0.19999999999999996,3.7266388264997766e-06,6.144177520805735e-06,1.6701429805253937e-05,0.050000000000000044,0.25,"{'I': 1, 'W': 0, 'R': 1, 'C': 'free'}",True,False,True,0.0,3
851,6,0.002105873905518276,0.28860813261345775,0.009953095148490555,1.6500028200682577,1.000240555373194,1.2023687180215736,0.0012019093496284938,0.9999998691539878,,0.09999999999999998,0.15000000000000002,9.4224459279666e-07,1.7603430011645829e-06,1.0129987356190274e-05,0.050000000000000044,0.15000000000000002,"{'I': 1, 'W': 0, 'R': 1, 'C': 'free'}",True,False,True,0.0,3
851,7,0.0707047836958487,0.29198874186104157,0.3500208697054686,1.9321454303020338,1.0194206065046778,1.2009273296067107,0.09169237647468476,0.9999981172373745,,0.09999999999999998,0.15000000000000002,9.422445924936538e-07,2.2603251031475636e-06,5.829127250272922e-05,0.050000000000000044,0.15000000000000002,"{'I': 1, 'W': 0, 'R': 1, 'C': 'free'}",True,False,True,0.0,3
88,1,0.0002945590221055285,0.3308016845006345,0.0015463089578753265,1.7432597386942246,1.0000288812348592,1.2041950100163268,0.0002021452905172083,0.9999917567183931,,0.91,0.91,6.825603721658075e-08,3.46632744771116e-07,1.6701429762537465e-05,0.050000000000000044,0.050000000000000044,"{'I': 1, 'W': 0, 'R': 1, 'C': 'free'}",False,True,True,1.0,3
88,2,0.00019687704245348827,0.4491109925599257,0.0014773502846356689,1.6988031485957595,1.000018151478662,1.3225351838011408,0.0001996445215639575,0.9999991495705844,,0.15000000000000002,0.09999999999999998,1.7603429916977075e-06,3.288750608263119e-06,2.7535687488201377e-05,0.050000000000000044,0.050000000000000044,"{'I': 1, 'W': 0, 'R': 1, 'C': 'free'}",False,True,True,1.0,3
88,3,0.002037583036184592,0.2031441022834585,0.026466853610855885,1.2021365337586032,1.0003138918512133,1.1641709344195208,0.004071642063406267,0.9999192836776085,,0.4,0.9299999999999999,0.99979657190481,0.9984988144112137,0.9999417076921846,0.75,0.25,"{'I': 1, 'W': 0, 'R': 1, 'C': 'free'}",False,True,True,1.0,3
88,4,0.044984989704682975,0.3766442431338902,0.4602562633052224,1.5844287324449253,1.1612316101049451,1.2678715320529832,0.8567630850137395,0.9999999020773946,,0.30000000000000004,0.92,5.8291271591569175e-05,1.1478858378034907e-05,6.605215818416815e-05,0.5,0.15000000000000002,"{'I': 1, 'W': 0, 'R': 1, 'C': 'free'}",True,False,True,0.0,3
88,5,0.0010317176818666002,0.482876438107739,0.010273204852812506,1.4736576820546832,1.0001341847845855,1.4836299797839245,0.0013408580715560392,0.9999999999761322,,0.19999999999999996,0.19999999999999996,2.2603250995626042e-06,2.2603251010490022e-06,1.6701429709835167e-05,0.15000000000000002,0.15000000000000002,"{'I': 1, 'W': 0, 'R': 1, 'C': 'free'}",False,True,True,0.6666666666666666,3
88,6,0.017419870774807247,0.4897027626467524,0.19102087857433336,2.184719886180502,1.0041170800263481,1.3626364185785274,0.05201079560023991,0.9999999999996818,,0.30000000000000004,0.19999999999999996,4.785094489603954e-06,1.0677029965806362e-06,8.315279284655565e-07,0.4,0.15000000000000002,"{'I': 1, 'W': 0, 'R': 1, 'C': 'free'}",True,True,True,0.0,3
88,7,3.037472238590531e-06,0.4897335862896081,2.5705047355090042e-05,1.9423793464636285,1.000000178813813,1.4099130719521533,1.7881363731930833e-06,1.0,,0.92,0.9299999999999999,4.785094487571748e-06,2.2603251033536484e-06,3.535625493085585e-05,0.15000000000000002,0.25,"{'I': 1, 'W': 0, 'R': 1, 'C': 'free'}",True,True,True,0.0,3
891,1,0.0020013955871764086,0.12023364846077549,0.013970691332436821,0.8689572631385695,1.0002759290357879,1.1371490843996024,0.0019293731826832694,0.9924327414718155,,0.050000000000000044,0.09999999999999998,6.475945644710357e-07,3.059023360093083e-07,8.939699470209882e-06,0.050000000000000044,0.050000000000000044,"{'I': 1, 'W': 0, 'R': 1, 'C': 'free'}",False,True,True,1.0,1
891,2,1.3737533131788652e-05,0.17403805983204404,0.00010059488625138691,1.3304456018017283,1.0000010596351152,1.113039555940327,9.536665509290998e-06,0.9910146778929956,,0.09999999999999998,0.09999999999999998,1.0677029915177285e-06,2.902311918825261e-06,4.539785181282485e-05,0.050000000000000044,0.050000000000000044,"{'I': 1, 'W': 0, 'R': 1, 'C': 'free'}",False,True,True,1.0,1
891,3,9.077514565267018e-06,0.1128249250809592,5.031478550423466e-05,1.6079922961697417,1.000000655650326,1.0601878627117154,5.245187132740803e-06,0.9682010230867063,0.0,0.0,0.050000000000000044,3.7266388379229845e-06,3.0590233617074237e-07,1.067702995943763e-06,0.0,0.0,"{'I': 0, 'W': 1, 'R': 0, 'C': 'costly'}",False,True,True,1.0,1
899,1,0.0010723677083667533,0.15971941124207809,0.005855039119261499,1.1733937588630916,1.0001261885402721,1.0733628171864542,0.0007567969596241619,0.9451228450123003,,0.09999999999999998,0.09999999999999998,5.043476477648964e-07,1.37095785697096e-06,0.00013982202233048913,0.050000000000000044,0.050000000000000044,"{'I': 1, 'W': 0, 'R': 1, 'C': 'free'}",False,True,True,1.0,3
899,2,0.013708094851262247,0.2021251205321012,0.10941065827819152,1.5579194112057844,1.0029126113133844,1.1388581526645447,0.022998432983547312,0.9967240591185431,0.0,0.09999999999999998,0.09999999999999998,7.338208028927559e-07,6.962257808408962e-06,7.48462615998079e-05,0.050000000000000044,0.050000000000000044,"{'I': 1, 'W': 0, 'R': 1, 'C': 'free'}",False,True,True,1.0,3
899,3,0.007464207373378903,0.19389964422404504,0.03730711194335385,1.4093684480285724,1.0011577243235796,1.1312143432064754,0.005768570918729732,0.9997714682274204,0.0,0.050000000000000044,0.050000000000000044,7.484626297369e-05,1.0677029969942954e-06,2.9023119824841244e-06,0.0,0.050000000000000044,"{'I': 0, 'W': 1, 'R': 0, 'C': 'costly'}",False,True,True,0.0,3
909,1,0.002599643323314746,0.24050425934232691,0.017311427436626618,1.5312673398733374,1.0003644083544134,1.1737564243324328,0.0025471443254758697,0.9985962081220797,,0.050000000000000044,0.09999999999999998,5.043476479050915e-07,1.2098659691920249e-06,0.0001233946176088849,0.050000000000000044,0.050000000000000044,"{'I': 1, 'W': 0, 'R': 1, 'C': 'free'}",False,True,True,1.0,3
909,2,5.038721316196752e-05,0.1951811193564615,0.0003977594638678253,1.5109567009197733,1.000004455378902,1.1129553071432394,3.564231661246087e-05,0.9957377782844791,,0.09999999999999998,0.09999999999999998,8.315279264414751e-07,6.144177446759443e-06,0.0002611903036612211,0.050000000000000044,0.050000000000000044,"{'I': 1, 'W': 0, 'R': 1, 'C': 'free'}",False,True,True,1.0,3
909,3,0.13818173052249522,0.07915923795775819,0.6907671140430998,0.9960720049803038,1.1797608421815777,1.0569676774825527,0.5624475563171779,0.8712590066633249,0.0,0.0,0.050000000000000044,2.7535687801105014e-05,8.315279281574331e-07,3.28875061947542e-06,0.0,0.0,"{'I': 0, 'W': 1, 'R': 0, 'C': 'costly'}",False,True,True,1.0,3
919,1,0.3462059666044712,0.2743273833212502,1.6796205680347465,1.6627665508258078,1.2897635160849708,1.203460324493103,0.7198119806588154,0.9999686800916152,,0.09999999999999998,0.09999999999999998,8.76424849305613e-08,3.059023361439354e-07,2.144495848572085e-05,0.050000000000000044,0.050000000000000044,"{'I': 1, 'W': 0, 'R': 1, 'C': 'free'}",False,True,True,0.0,3
919,2,0.004496830503144886,0.28735135806579415,0.017353082562247518,1.8228644355859134,1.0006154876052578,1.1386334031817285,0.005522379723490012,0.9999007474519825,0.05,0.15000000000000002,0.09999999999999998,1.3709578582268484e-06,4.222834893577173e-06,0.8519527793362189,0.050000000000000044,0.050000000000000044,"{'I': 1, 'W': 0, 'R': 1, 'C': 'free'}",False,True,True,0.0,3
919,3,0.00286575528650179,0.5131556749320072,0.021420748755817526,1.9709264376863358,1.0004132881195058,1.3569108040357007,0.0033001643630222732,0.9999999982150989,0.05,0.25,0.25,4.785094489646958e-06,2.1445127734869786e-05,0.0011695106359503452,0.15000000000000002,0.35,"{'I': 1, 'W': 0, 'R': 1, 'C': 'free'}",False,True,True,0.0,3
919,4,6.773986539733853e-05,0.30834269900387545,0.0002829822416514342,1.8351378777977294,1.0000053984401378,1.2562812164546644,3.7788264970251007e-05,0.9999999415669233,,0.09999999999999998,0.09999999999999998,4.222834943587754e-06,3.2887506153045264e-06,0.0008040859468800201,0.050000000000000044,0.050000000000000044,"{'I': 1, 'W': 0, 'R': 1, 'C': 'free'}",False,True,True,0.0,3
919,5,0.0027804411837036532,0.3346614701377908,0.019305437447353288,1.983350295018413,1.0004028364797661,1.2098535306916718,0.002815317081593438,0.9999999861839353,,0.25,0.09999999999999998,0.9399133486791861,0.2227001388675065,0.9996646498660156,0.15000000000000002,0.15000000000000002,"{'I': 1, 'W': 0, 'R': 1, 'C': 'free'}",False,True,True,0.0,3
919,6,0.05952369904305795,0.3764298679569632,0.41372437565798426,1.677656574491225,1.015595965976599,1.2604453688180917,0.10266784628496539,0.9999999927963298,0.2,0.25,0.25,6.1441775260369785e-06,3.726638833587747e-06,1.0129987355540886e-05,0.25,0.35,"{'I': 1, 'W': 0, 'R': 1, 'C': 'free'}",False,True,True,0.0,3
919,7,4.734666076730023e-06,0.3559380562609767,2.0632496432164136e-05,1.6409409566111726,1.0000003065380485,1.267194342272688,2.145763708938375e-06,0.9999999985695173,,0.19999999999999996,0.15000000000000002,1.0129987344895039e-05,2.9023119795919804e-06,7.484626297167309e-05,0.15000000000000002,0.050000000000000044,"{'I': 1, 'W': 0, 'R': 1, 'C': 'free'}",True,True,True,0.0,3
92,1,0.007213189480153711,0.36410745152210733,0.023111068723992854,1.9231015052477705,1.0009396251437799,1.2311960279878225,0.00655272445721955,0.9999752649662231,,0.09999999999999998,0.15000000000000002,1.1253517539983595e-07,8.315279269363847e-07,1.6701429783628474e-05,0.050000000000000044,0.15000000000000002,"{'I': 1, 'W': 0, 'R': 1, 'C': 'free'}",False,True,True,1.0,3
92,2,0.003611624061072854,0.519137399762975,0.053358334762097795,1.677998460621776,1.0006054501386246,1.302650372572984,0.00903791420373623,0.9999744797291668,,0.25,0.4,6.144177530248179e-06,1.01300206519692e-05,0.0007096705143171493,0.15000000000000002,0.5,"{'I': 1, 'W': 0, 'R': 1, 'C': 'free'}",False,True,True,0.6666666666666666,3
92,3,2.1416174977886313e-05,0.26144374771061707,0.00018802726870670265,1.5608073712848716,1.0000018834951332,1.1425543763031214,2.8252001295414608e-05,0.999984288446959,,0.050000000000000044,0.15000000000000002,4.222834852510009e-06,7.889395944651749e-06,4.006369159183392e-05,0.0,0.15000000000000002,"{'I': 1, 'W': 0, 'R': 1, 'C': 'free'}",True,False,True,0.0,3
92,4,0.004777931526367567,0.3070845969926111,0.06421628172129112,2.1918597816490024,1.00079333700054,1.1892681365585696,0.014954481326515778,0.9999984024417858,0.05,0.15000000000000002,0.15000000000000002,7.484626210839777e-05,3.7266647769930576e-06,0.00015843623183645983,0.050000000000000044,0.15000000000000002,"{'I': 1, 'W': 0, 'R': 1, 'C': 'free'}",False,True,True,0.6666666666666666,3
92,5,0.0018448308597215203,0.3617994320407066,0.008260803276015947,1.5733043709531427,1.000190128376132,1.23362518412552,0.0011400115167233826,0.9999999973160361,,0.25,0.25,6.14417752487841e-06,1.3709609570779777e-06,0.7772998607957037,0.4,0.4,"{'I': 1, 'W': 0, 'R': 1, 'C': 'free'}",False,True,True,1.0,3
92,6,0.0017993234413091052,0.30160136316864744,0.012548360181168368,1.679735072499085,1.0002436906978376,1.1622178413643232,0.0017041733153648764,0.9999992705904894,0.15,0.30000000000000004,0.25,4.222834945130565e-06,1.3709578572206409e-06,1.670142979841692e-05,0.4,0.35,"{'I': 1, 'W': 0, 'R': 1, 'C': 'free'}",True,False,True,0.0,3
92,7,0.00013168811482068766,0.26650643752157777,0.0007343607073962849,1.2361275847284436,1.000011384205202,1.1232618835914243,6.830250969236396e-05,0.9993397694457961,,0.4,0.4,5.42221701345445e-06,1.0677075029261018e-06,4.539785241547242e-05,0.4,0.65,"{'I': 1, 'W': 0, 'R': 1, 'C': 'free'}",True,False,True,0.0,3
923,1,0.013884569678154587,0.2374119374617824,0.06132745673796949,1.361679173542414,1.0023725300434096,1.2042197764703635,0.014117717277093655,0.9999078039657922,,0.09999999999999998,0.09999999999999998,1.760342987319057e-06,2.260325074362762e-06,7.48462622100395e-05,0.050000000000000044,0.050000000000000044,"{'I': 1, 'W': 0, 'R': 1, 'C': 'free'}",False,True,True,1.0,3
923,2,0.016495937799756406,0.2876105855496296,0.15935376280425198,1.5456502888769532,1.0038770995191961,1.1316911137516101,0.03795690246997219,0.99857956620739,0.0,0.09999999999999998,0.09999999999999998,2.902311972471331e-06,5.422216944597617e-06,0.00015843623517495294,0.050000000000000044,0.050000000000000044,"{'I': 1, 'W': 0, 'R': 1, 'C': 'free'}",False,True,True,0.6666666666666666,3
923,3,0.0010778937782243438,0.34147823214093925,0.009064390266801631,1.4425778041961315,1.0001359110926995,1.2092200296482067,0.0012223690162327383,0.9999710127694011,0.0,0.15000000000000002,0.09999999999999998,3.288750629425795e-06,1.8925145736942573e-05,0.0024726229396993603,0.050000000000000044,0.050000000000000044,"{'I': 1, 'W': 0, 'R': 1, 'C': 'free'}",False,True,True,1.0,3
923,4,2.7820589636802334e-05,0.3233666458489287,0.0002004201985349598,1.6517748296278456,1.0000022798625974,1.1956112233771614,1.8238713661133943e-05,0.9999999791746809,,0.19999999999999996,0.15000000000000002,4.785094471657454e-06,7.889312834602842e-06,7.484627133023434e-05,0.15000000000000002,0.25,"{'I': 1, 'W': 0, 'R': 1, 'C': 'free'}",True,False,True,0.0,3
923,5,0.027308392340702113,0.37282766991489,0.19086501923115745,1.8083033319766997,1.006968707414492,1.2049948223594837,0.0474491307346635,0.9999648589240772,0.05,0.19999999999999996,0.15000000000000002,5.422216991157268e-06,7.88926439146489e-06,7.484626285695819e-05,0.15000000000000002,0.25,"{'I': 1, 'W': 0, 'R': 1, 'C': 'free'}",False,True,True,1.0,3
923,6,0.034768604252636476,0.20091247741275636,0.20848473658870742,1.4861181557040624,1.0091915521436559,1.1097701453505504,0.05341773904295255,0.9939245119977371,,0.09999999999999998,0.15000000000000002,1.5534971941747408e-06,4.785094406630836e-06,2.7535687772998364e-05,0.050000000000000044,0.15000000000000002,"{'I': 1, 'W': 0, 'R': 1, 'C': 'free'}",True,False,True,0.0,3
923,7,0.07919378332638384,0.2297205046820427,0.47511204258813017,1.3616685282437329,1.0341400739759223,1.132228452551138,0.1824321721770531,0.997989533775576,,0.09999999999999998,0.15000000000000002,4.222834914782693e-06,4.785094424566749e-06,7.484626229983996e-05,0.050000000000000044,0.050000000000000044,"{'I': 1, 'W': 0, 'R': 1, 'C': 'free'}",True,False,True,0.0,3
924,1,0.013433005716553915,0.3282639097701295,0.09009477685115949,1.2827741299714137,1.0025820957124565,1.1891716580316065,0.020418797110782427,0.9986173664157668,0.0,0.050000000000000044,0.91,2.699578409698571e-07,4.4508526346098576e-07,8.9396994658195e-06,0.050000000000000044,0.050000000000000044,"{'I': 1, 'W': 0, 'R': 1, 'C': 'free'}",False,True,True,1.0,3
924,2,4.982027886981742e-06,0.4089494392975252,3.1645147090184535e-05,1.8527249640707424,1.000000317891233,1.2782778946718063,3.81468691301734e-06,0.9999977671465049,,0.09999999999999998,0.09999999999999998,4.222834904800616e-06,4.785094396044039e-06,8.481104068370244e-05,0.050000000000000044,0.050000000000000044,"{'I': 1, 'W': 0, 'R': 1, 'C': 'free'}",False,True,True,1.0,3
924,3,0.0003580359787823485,0.11154118549406164,0.002678774898181747,0.8631925447132801,1.0000365459697518,1.108239648468665,0.00036538624981918844,0.958661395388676,0.0,0.09999999999999998,0.91,5.043476477161747e-07,5.4222175872547925e-06,3.120190343789419e-05,0.050000000000000044,0.050000000000000044,"{'I': 1, 'W': 0, 'R': 1, 'C': 'free'}",False,True,True,1.0,3
924,4,0.05627620574931715,0.21068946645942868,0.26993599704460336,1.5434602785584566,1.016193646331067,1.111835309045283,0.077178670343791,0.9978637444510965,0.0,0.050000000000000044,0.09999999999999998,1.7603429985540487e-06,2.5612812780832633e-06,5.422217001505319e-06,0.050000000000000044,0.050000000000000044,"{'I': 1, 'W': 0, 'R': 1, 'C': 'free'}",False,True,True,1.0,3
924,5,0.0013288106913969518,0.21649869929924528,0.004825354043146472,1.5078990885964665,1.0001461148821282,1.1686454509269817,0.0011681508470980928,0.9999786258589093,0.0,0.0,0.050000000000000044,1.300712379758965e-05,2.3823696667274017e-07,2.2603250980364965e-06,0.0,0.050000000000000044,"{'I': 0, 'W': 1, 'R': 0, 'C': 'costly'}",False,True,True,1.0,3
953,1,0.014136643773027622,0.2976284235650646,0.05321688534589145,1.6037913678572442,1.0023105227125173,1.1721034013447318,0.011472965564416349,0.9999146879550331,,0.09999999999999998,0.09999999999999998,8.315279254523618e-07,7.338208039149836e-07,4.0063691914024217e-05,0.050000000000000044,0.050000000000000044,"{'I': 1, 'W': 0, 'R': 1, 'C': 'free'}",False,True,True,0.3333333333333333,3
953,2,0.0034244135939070428,0.2952184640127232,0.018254656778172507,1.4593524401460214,1.0004657653779796,1.1925491297734028,0.0027900422351666565,0.9996381176451788,,0.09999999999999998,0.19999999999999996,1.012998728199047e-05,7.889433932521477e-06,4.00636905096457e-05,0.050000000000000044,0.15000000000000002,"{'I': 1, 'W': 0, 'R': 1, 'C': 'free'}",False,True,True,1.0,3
953,3,0.049976222593332786,0.4165214778990291,0.3653338462403363,1.6091293973430503,1.0158098303616565,1.2499087388780268,0.14517761456598455,0.999999495443032,0.0,0.09999999999999998,0.09999999999999998,2.2603250950306955e-06,1.3007123217704804e-05,5.82912716519625e-05,0.050000000000000044,0.15000000000000002,"{'I': 1, 'W': 0, 'R': 1, 'C': 'free'}",False,True,True,0.0,3
953,4,0.030151381673063797,0.20285998421538692,0.2272082039519106,1.1196653774973384,1.0080193095333818,1.0724765902211428,0.0618998875595943,0.8934411023404247,0.0,0.0,0.050000000000000044,0.9998911018064938,0.9525741214787712,9.610239069440856e-05,0.050000000000000044,0.0,"{'I': 0, 'W': 1, 'R': 0, 'C': 'costly'}",False,True,True,0.0,3
