task_id,step_idx,MTE_A,MTE_T,MaxTE_A,MaxTE_T,PPL_A,PPL_T,SP_A,SP_T,chat_ingen_J,posthoc_num_A,posthoc_num_T,ptrue_A,ptrue_R,ptrue_T,sep_verbalized_A,sep_verbalized_T,tau,loop_flag,obs_changed,in_admissible,judge_correct_frac,judge_n_valid
1009,1,0.11346097799662481,0.34302575196812096,0.9990865861404709,1.4569527541520757,1.0466115160175165,1.2271645778926468,0.3363632639328282,0.9993697703830636,0.0,0.0,0.0,0.0017000525094990565,0.01401918999103176,0.017986487573936758,0.0,0.0,"{'I': 1, 'W': 0, 'R': 1, 'C': 'free'}",False,True,True,1.0,3
1009,2,0.0051328488576688255,0.2828072529309282,0.011426244337717646,1.6736050304284786,1.0006010136444292,1.162450541065387,0.0035985084421469304,0.9984551113260596,0.0,0.0,0.0,0.04799626232939248,0.020228227602379245,0.016021036621377775,0.0,0.0,"{'I': 0, 'W': 1, 'R': 0, 'C': 'costly'}",False,True,True,1.0,3
1084,1,0.02657016762123952,0.4475808921123008,0.13724815461079795,2.1262671683889316,1.0052197272756895,1.452466365651029,0.04079380209494776,0.9999999650763104,0.0,0.0,0.050000000000000044,0.005047206103063745,0.017916132362193693,0.26262645591675476,0.0,0.0,"{'I': 1, 'W': 0, 'R': 1, 'C': 'free'}",False,True,True,1.0,3
1084,2,0.014076084041249043,0.47860772234817445,0.07753012177241272,2.0907232814796823,1.0023267734403596,1.358668487834507,0.016136877604990274,0.999999999998068,0.1,0.4,0.15000000000000002,0.7025195809739767,0.4967658204046876,0.22074532711427344,0.75,0.15000000000000002,"{'I': 1, 'W': 0, 'R': 1, 'C': 'free'}",False,False,True,0.0,3
1084,3,0.08539477008809326,0.43658421589841895,0.7245766857514908,2.0407091650158136,1.0312650406474573,1.3042469631150102,0.26498357590139276,1.0,0.2,0.35,0.050000000000000044,0.5579216660290502,0.7279832670644294,0.3208040072835551,0.5,0.75,"{'I': 1, 'W': 0, 'R': 1, 'C': 'free'}",False,True,True,1.0,3
1084,4,0.018075074453380333,0.48689859732253915,0.15009028018491388,1.9944184471347506,1.0037407064363644,1.3904332022146353,0.04023901677096242,1.0,0.2,0.35,0.15000000000000002,0.34658859801128494,0.5844901911310226,0.26893356237242866,0.6699999999999999,0.15000000000000002,"{'I': 1, 'W': 0, 'R': 1, 'C': 'free'}",False,True,True,1.0,3
1084,5,0.008940051879365673,0.5334699136355127,0.07287921840584792,2.13656086881869,1.0014471449934483,1.4661660948531625,0.014356930980084615,1.0,0.2,0.15000000000000002,0.5,0.24457089385369662,0.4663987150314367,0.3760380252499502,0.5,0.75,"{'I': 1, 'W': 0, 'R': 1, 'C': 'free'}",False,True,True,1.0,3
1084,6,0.09072579084203422,0.510382052844042,0.648420135046863,2.07157699784057,1.0340577048693227,1.4028792760877127,0.2602294715150687,1.0,0.15,0.050000000000000044,0.050000000000000044,0.29272788474727934,0.5600534437357794,0.20181317438213467,0.25,0.050000000000000044,"{'I': 1, 'W': 0, 'R': 1, 'C': 'free'}",False,True,True,0.0,3
1084,7,0.0035667305993177566,0.5636137647692103,0.0270339556543669,2.2225372647009336,1.0004873055356704,1.4647765288120416,0.0053447211303807585,1.0,0.5,0.8,0.7,0.49873212543338985,0.7302150287139121,0.6485624522918985,0.75,0.55,"{'I': 1, 'W': 0, 'R': 1, 'C': 'free'}",False,True,True,0.6666666666666666,3
110,1,0.16172602090470273,0.2364928969503988,0.9320982703492977,1.1826573302314947,1.0972062510688236,1.127646316896683,0.5660841233242635,0.9978163561527332,0.05,0.0,0.050000000000000044,0.005218852884396544,0.009685354701382537,0.08189459291840406,0.0,0.0,"{'I': 1, 'W': 0, 'R': 1, 'C': 'free'}",False,True,True,1.0,3
110,2,0.18038589033902602,0.3099424507483582,1.0040387075678825,1.5099506726950567,1.0535613439580347,1.2445498182651078,0.43669721790514515,0.9999999688089908,0.05,0.050000000000000044,0.15000000000000002,0.6178621512378573,0.6213556873365275,0.794612919247631,0.050000000000000044,0.15000000000000002,"{'I': 1, 'W': 0, 'R': 1, 'C': 'free'}",False,True,True,0.3333333333333333,3
110,3,0.17907330037266297,0.3837573650674211,1.2173030494536132,1.7748378849361424,1.1494539492850349,1.2763951617799127,0.7839309036421703,0.9999999999331001,0.1,0.050000000000000044,0.050000000000000044,0.1189160495718502,0.18201948026413908,0.1326942242888384,0.050000000000000044,0.050000000000000044,"{'I': 1, 'W': 0, 'R': 1, 'C': 'free'}",False,True,True,1.0,3
110,4,0.0002739566349770544,0.16643914941462012,0.0005862654605254748,1.596538846733276,1.0000222919418067,1.1111605047315216,0.00015602967951866553,0.9999807251958539,0.0,0.0,0.0,0.001698836219086814,0.014041230639846998,0.00755352397048395,0.0,0.0,"{'I': 0, 'W': 1, 'R': 0, 'C': 'costly'}",False,True,True,1.0,3
1107,1,0.0004950231949688618,0.2212783345678957,0.002041855433252337,1.267180570623294,1.0000484622506602,1.1489675159262347,0.0004360545881813005,0.9995179703722427,0.0,0.0,0.0,0.000605265682360853,0.0013191121334206195,0.08193767133953597,0.0,0.0,"{'I': 1, 'W': 0, 'R': 1, 'C': 'free'}",False,True,True,1.0,3
1107,2,0.012787626967679029,0.2881920683033725,0.09186622044277434,1.8421867988710037,1.002391434463831,1.2738743839546762,0.021267797564105573,0.9999999950455182,0.05,0.0,0.050000000000000044,0.011133652429633217,0.05957691412275978,0.07692033775840439,0.0,0.0,"{'I': 1, 'W': 0, 'R': 1, 'C': 'free'}",False,True,True,1.0,3
1107,3,0.03454724370618483,0.27068352885431357,0.2689263496012184,2.2250720653128835,1.0100038102300468,1.1967519556688302,0.07654464780512282,0.9999878174329282,0.0,0.0,0.0,0.008838137994384059,0.11919972365984796,0.04183019529495767,0.0,0.0,"{'I': 0, 'W': 1, 'R': 0, 'C': 'costly'}",False,True,True,1.0,3
1112,1,0.014331207922722305,0.2995550706812328,0.04553955988944164,1.6257814357730433,1.002123855397772,1.261130794876672,0.012648940328516156,0.999996377962467,0.0,0.0,0.0,0.0030658922526506124,0.009675108887740782,0.10519001364010257,0.0,0.0,"{'I': 1, 'W': 0, 'R': 1, 'C': 'free'}",False,True,True,1.0,3
1112,2,0.13184039154742416,0.3072280616515166,1.0464961615157784,1.5408454736462203,1.0924376896107322,1.2067451370627,0.5070230661904298,0.9999999548560209,0.05,0.050000000000000044,0.0,0.20180828496854852,0.07567694985918683,0.0066936222447512815,0.050000000000000044,0.0,"{'I': 1, 'W': 0, 'R': 1, 'C': 'free'}",False,True,True,1.0,3
1112,3,0.024793868870951703,0.23903218638086196,0.07465921145100803,1.5559199355638107,1.0044686481728746,1.2647977902561163,0.0220468041036197,0.9999999997429505,0.0,0.0,0.0,0.0059103142912932055,0.0024705705446940516,0.02290209561419226,0.0,0.0,"{'I': 0, 'W': 1, 'R': 0, 'C': 'costly'}",False,True,True,1.0,3
1114,1,0.03951164694769579,0.2655337874672364,0.3114554900042289,1.1262498674845398,1.0100194049820745,1.2180499924949981,0.07665870722967172,0.9999999710618996,0.05,0.0,0.050000000000000044,0.01098464681990748,0.022975653321269142,0.06619976967861023,0.0,0.0,"{'I': 1, 'W': 0, 'R': 1, 'C': 'free'}",False,True,True,1.0,3
1114,2,0.07810629683610268,0.3750062162188286,0.3458167083318588,2.0126724106506217,1.0225881992405108,1.2798662967386958,0.10567346444962156,1.0,0.15,0.050000000000000044,0.050000000000000044,0.0850052791264986,0.1821476510940222,0.2682504086591259,0.050000000000000044,0.15000000000000002,"{'I': 1, 'W': 0, 'R': 1, 'C': 'free'}",False,True,True,1.0,3
1114,3,0.0004941449828355052,0.4059650337824627,0.0013873964688458633,1.8496770114592151,1.0000437830777753,1.293110772976648,0.00030642787665491333,0.9999999999679194,0.05,0.0,0.050000000000000044,0.0016983114682608772,0.020276266255183948,0.020279051048552734,0.0,0.0,"{'I': 1, 'W': 0, 'R': 1, 'C': 'free'}",False,True,True,1.0,3
1114,4,0.25876149223404676,0.33434921565787495,1.3051703043657805,2.3425882563361133,1.1564891865954299,1.2589993227026817,0.9647025165613143,1.0,0.05,0.050000000000000044,0.050000000000000044,0.04737847395835399,0.1066242418187865,0.18207245173001377,0.050000000000000044,0.050000000000000044,"{'I': 1, 'W': 0, 'R': 1, 'C': 'free'}",False,True,True,1.0,3
1114,5,0.37480825754601843,0.3762766946652456,2.5135478426399205,2.5135478426399205,1.2926797782455401,1.29398166262671,1.0,1.0,,,0.5,,,0.7548059407277339,,0.75,,False,True,False,,
1114,6,0.025547600512403137,0.39719043827507017,0.14838786299406517,2.1877327973280165,1.0052897934110419,1.3338257350659979,0.04132850545517863,1.0,0.2,0.050000000000000044,0.7,0.14801673860435652,0.34850580401696285,0.5615695372865412,0.050000000000000044,0.050000000000000044,"{'I': 1, 'W': 0, 'R': 1, 'C': 'free'}",False,True,True,1.0,3
1114,7,0.2640215015953031,0.3165717236264543,0.882794053414467,2.549092463532007,1.1660435972914391,1.2401758562880731,0.8154401088179937,1.0,0.2,0.050000000000000044,0.15000000000000002,0.5922828815561408,0.348509987867673,0.2940457345057154,0.15000000000000002,0.15000000000000002,"{'I': 1, 'W': 0, 'R': 1, 'C': 'free'}",False,True,True,0.6666666666666666,3
1129,1,0.0206744067151827,0.2965523945169638,0.15600186560843923,1.4886176686569284,1.003367827708939,1.2320542334088813,0.0363083127764634,0.9999997578844119,0.05,0.050000000000000044,0.050000000000000044,0.13203859384773928,0.1186113096210034,0.11520874320496051,0.0,0.050000000000000044,"{'I': 1, 'W': 0, 'R': 1, 'C': 'free'}",False,True,True,1.0,3
1129,2,0.002424072204070724,0.346060341670862,0.012683324400725332,1.909481084148043,1.0002935010987066,1.2133532874120032,0.0026376376261180168,0.9999976403215082,0.05,0.050000000000000044,0.050000000000000044,0.004114914663510164,0.07529575562780597,0.010987618057108177,0.050000000000000044,0.050000000000000044,"{'I': 1, 'W': 0, 'R': 1, 'C': 'free'}",False,True,True,1.0,3
1129,3,0.011966739412328531,0.39992470875289554,0.0904390163371972,1.8341922592686066,1.0020759780292126,1.334358538979983,0.028616141844974186,0.9999999999999998,0.1,0.050000000000000044,0.050000000000000044,0.03732652318863443,0.13245351923851661,0.20180243823763927,0.050000000000000044,0.050000000000000044,"{'I': 1, 'W': 0, 'R': 1, 'C': 'free'}",False,True,True,1.0,3
1129,4,0.02534150815208022,0.3448501036494029,0.17613423828424946,2.0989703577447743,1.005255831214791,1.241798121499243,0.06096714446945839,0.9999999999999999,0.1,0.050000000000000044,0.15000000000000002,0.2225021892307392,0.2222872772081813,0.34792363131617754,0.050000000000000044,0.15000000000000002,"{'I': 1, 'W': 0, 'R': 1, 'C': 'free'}",False,True,True,1.0,3
1129,5,0.189564933537371,0.5542087585105705,0.6125220752640029,1.9047653513958693,1.10320679295825,1.5097305244691412,0.49719277602285794,1.0,0.15,0.15000000000000002,0.09999999999999998,0.22269188281622457,0.26838867799927363,0.3189970712996382,0.15000000000000002,0.35,"{'I': 1, 'W': 0, 'R': 1, 'C': 'free'}",False,True,True,1.0,3
1129,6,0.028286743829636807,0.5691257937137694,0.17091387077708886,2.127761786763428,1.0052932630326261,1.5032760927670845,0.04135497484278938,1.0,0.1,0.050000000000000044,0.050000000000000044,0.037329281142638886,0.18210018763717928,0.13296588317050487,0.050000000000000044,0.050000000000000044,"{'I': 1, 'W': 0, 'R': 1, 'C': 'free'}",False,True,True,1.0,3
1129,7,0.1146180161393717,0.2891729768670222,0.5253614758961311,1.687512878201932,1.0425696289920048,1.219420203704927,0.31284553059882103,0.9999507585665627,0.05,0.050000000000000044,0.0,0.05351448080505274,0.09508038870879598,0.014061164850646691,0.050000000000000044,0.0,"{'I': 1, 'W': 0, 'R': 1, 'C': 'free'}",False,True,True,1.0,3
1139,1,0.1301698599892582,0.2911935352891139,0.5061750487601488,1.6219239076978702,1.0448987910764596,1.2126548433018767,0.23165788323875947,0.9999751998853557,0.05,0.050000000000000044,0.050000000000000044,0.047792634990514386,0.053244300664636625,0.05938489750155476,0.050000000000000044,0.0,"{'I': 1, 'W': 0, 'R': 1, 'C': 'free'}",False,True,True,1.0,3
1139,2,0.018927162044646624,0.44576793472688886,0.09436136424515087,1.8894717406513548,1.0030949028772664,1.3095343943047182,0.03042867217225287,0.9999999999999236,0.15,0.050000000000000044,0.15000000000000002,0.13297926500701257,0.24399854199427062,0.29271253764499183,0.050000000000000044,0.15000000000000002,"{'I': 1, 'W': 0, 'R': 1, 'C': 'free'}",False,True,True,1.0,3
1139,3,0.045101878086992,0.40096099536521435,0.14991585484871145,2.8453903364471604,1.0090127388863361,1.3433736211425775,0.06926337122312287,1.0,0.2,0.050000000000000044,0.050000000000000044,0.022924477668998026,0.08498550113022901,0.14806460351283635,0.050000000000000044,0.050000000000000044,"{'I': 1, 'W': 0, 'R': 1, 'C': 'free'}",False,True,True,1.0,3
1139,4,0.00854599658101782,0.25891243642196055,0.11466276358726084,1.7485597864179194,1.0017342047071602,1.1765471015420577,0.023965981295205774,0.9999999990837642,0.0,0.0,0.0,0.006686577785899546,0.042047375184630524,0.020280122734996527,0.0,0.0,"{'I': 0, 'W': 1, 'R': 0, 'C': 'costly'}",False,True,True,1.0,3
1143,1,0.07906882080795845,0.4227153751627655,0.6967501071918104,1.2507435703380578,1.0881091181854265,1.3493591684862116,0.532320909670649,0.9999999884596606,0.05,0.0,0.050000000000000044,0.0073307209548904365,0.008576942516270428,0.02298281317327108,0.0,0.0,"{'I': 1, 'W': 0, 'R': 1, 'C': 'free'}",False,True,True,1.0,3
1143,2,0.422986126534653,0.5544650904351933,0.938640440006333,2.0036137791992683,1.5522227884805209,1.4450478038989827,0.9285050001878661,1.0,0.1,0.050000000000000044,0.050000000000000044,0.20180818047676036,0.40634119482831393,0.31924056721525607,0.050000000000000044,0.050000000000000044,"{'I': 1, 'W': 0, 'R': 1, 'C': 'free'}",False,True,True,0.0,3
1143,3,0.05119845567429392,0.5660086537131617,0.5317659872181698,2.300479060622332,1.0214757842511004,1.5586304979821142,0.20842663921396887,1.0,0.15,0.35,0.050000000000000044,0.6772743307168642,0.7508412368756687,0.6496047049959612,0.7,0.75,"{'I': 1, 'W': 0, 'R': 1, 'C': 'free'}",False,True,True,1.0,3
1143,4,0.01718226125186563,0.5715245673988192,0.12200663900363069,2.109198940013779,1.0033500834571982,1.4184528570566683,0.03933911850481642,1.0,0.2,0.7,0.15000000000000002,0.5297118697565866,0.7280609457282052,0.46746729852815627,0.6699999999999999,0.15000000000000002,"{'I': 1, 'W': 0, 'R': 1, 'C': 'free'}",False,True,True,1.0,3
1143,5,0.07868260582254098,0.589252706466987,0.41782029760914324,2.4017730797988275,1.025040128926071,1.4979088448084006,0.1995537208865128,1.0,0.5,0.9,0.5,0.9524370748866182,0.9666329335147915,0.816458719646132,0.9,0.75,"{'I': 1, 'W': 0, 'R': 1, 'C': 'free'}",True,True,True,0.0,3
1143,6,0.08271358894107,0.5436321080483092,0.4513965324986963,2.239773163398241,1.023259465875895,1.4328277507899536,0.18692976583801602,1.0,0.05,0.9,0.7,0.9391912132609983,0.9392642862694266,0.5905910603019715,0.75,0.75,"{'I': 1, 'W': 0, 'R': 1, 'C': 'free'}",True,False,True,0.0,3
1143,7,0.01641310602703842,0.603174753193297,0.12787179494282325,2.4550499554558676,1.003259664751807,1.5574091404828552,0.03829964943677677,1.0,0.5,0.9,0.7,0.9147450761984571,0.9043133284151752,0.7298847312766956,0.75,0.75,"{'I': 1, 'W': 0, 'R': 1, 'C': 'free'}",False,True,True,0.3333333333333333,3
1146,1,0.04048283059841057,0.2041663322115793,0.3197671479248861,1.320988927475618,1.0127306022332807,1.0937785548034382,0.09624953850711515,0.9949514674913303,0.0,0.0,0.0,0.0007933616447102914,0.004589614709286257,0.007579911673670535,0.0,0.0,"{'I': 1, 'W': 0, 'R': 1, 'C': 'free'}",False,True,True,1.0,3
1146,2,0.05906180885580146,0.3793861263018611,0.3125040669881698,1.9074504724744348,1.0163342678281453,1.2643763240268615,0.09263800214465034,0.9999999995759907,0.05,0.050000000000000044,0.050000000000000044,0.048014361679493314,0.08475413116572328,0.06011037902450988,0.050000000000000044,0.050000000000000044,"{'I': 1, 'W': 0, 'R': 1, 'C': 'free'}",False,True,True,1.0,3
1146,3,0.05100749448385287,0.5653799604259051,0.18945956673472067,1.9008403082465648,1.0108545173020533,1.4426933367153385,0.07278722516248681,0.9999999999999999,0.15,0.050000000000000044,0.050000000000000044,0.7485247050648967,0.6201629032418284,0.46671549120176553,0.5,0.15000000000000002,"{'I': 1, 'W': 0, 'R': 1, 'C': 'free'}",False,True,True,1.0,3
1146,4,0.003603191464047193,0.28244877806953117,0.011377336698564633,1.7977659815692373,1.0004430592376994,1.1592044628852909,0.0035374174721021223,0.9999985497731142,0.15,0.050000000000000044,0.050000000000000044,0.015952861858444075,0.07568889946644135,0.025960274538638087,0.050000000000000044,0.050000000000000044,"{'I': 1, 'W': 0, 'R': 1, 'C': 'free'}",False,True,True,1.0,3
1146,5,0.014700644200579108,0.49581380593058166,0.062455384388118804,1.9884303099522156,1.002360978131921,1.4371065210022527,0.01868872229356744,1.0,0.2,0.15000000000000002,0.09999999999999998,0.727786224240024,0.8499764589165812,0.6483635055048356,0.5,0.75,"{'I': 1, 'W': 0, 'R': 1, 'C': 'free'}",True,False,True,0.0,3
1146,6,0.21090625113693778,0.46407368428463536,1.0709463281605127,2.0661848555647464,1.1205599969848345,1.3429851729583324,0.7141002729151185,0.9999999999999996,0.2,0.050000000000000044,0.0,0.46716231525423313,0.5913732780722292,0.26891242654717556,0.25,0.050000000000000044,"{'I': 1, 'W': 0, 'R': 1, 'C': 'free'}",False,True,True,0.6666666666666666,3
1146,7,0.04518466161131206,0.5096771719019634,0.21050985207186054,2.2107954654434567,1.0098241409975814,1.3792956747407026,0.09313526879903988,1.0,0.2,0.050000000000000044,0.15000000000000002,0.559175388704779,0.7738659536712857,0.6486991237451698,0.15000000000000002,0.75,"{'I': 1, 'W': 0, 'R': 1, 'C': 'free'}",False,True,True,0.0,3
1162,1,0.0007897212732296097,0.22075112369099054,0.0038086558942477637,1.2276002824363177,1.0000784188900504,1.1664847290340055,0.0007054933615008308,0.9990217667804715,0.0,0.0,0.050000000000000044,0.001412840720238909,0.0035932616387722,0.09236165666082823,0.0,0.0,"{'I': 1, 'W': 0, 'R': 1, 'C': 'free'}",False,True,True,1.0,3
1162,2,0.0010866282467212568,0.27820575898276934,0.006532112962545711,1.4263044155709566,1.0001206537923593,1.1698268236330636,0.0009647064854173548,0.9998690606423105,0.05,0.0,0.0,0.001320217443572806,0.006676237270009441,0.005175001713564675,0.0,0.0,"{'I': 1, 'W': 0, 'R': 1, 'C': 'free'}",False,True,True,1.0,3
1162,3,0.11589989127735766,0.15790096774074736,0.6944886347729291,1.7623877639021537,1.1346685002739767,1.0921913433020738,0.5314175605813884,0.9993374702109415,0.0,0.0,0.0,0.001692842128757138,0.0011636585840984052,0.005217487161792183,0.0,0.0,"{'I': 0, 'W': 1, 'R': 0, 'C': 'costly'}",False,True,True,1.0,3
1176,1,0.0005499454585651808,0.28617269356896574,0.0031115849883128098,2.209273195349889,1.0000556455836518,1.2290179451569438,0.0006675055449093525,0.9999999801393836,0.05,0.0,0.050000000000000044,0.0012469639941504677,0.007543194118317745,0.1417779808195658,0.0,0.0,"{'I': 1, 'W': 0, 'R': 1, 'C': 'free'}",False,True,True,1.0,3
1176,2,0.0013538517081702404,0.3170914543125186,0.0062941214968542936,2.3319639090774458,1.0001439919803923,1.2536059072177792,0.0011511897883994537,0.9999999998781751,0.0,0.0,0.0,0.0015008188473720268,0.003589265339126251,0.004065533367834211,0.0,0.0,"{'I': 0, 'W': 1, 'R': 0, 'C': 'costly'}",False,True,True,1.0,3
1187,1,0.0008852113608555411,0.2412898981708081,0.004240181294060294,1.2387323263323649,1.0000949790192974,1.2540931466569036,0.0006646006186423747,0.9999984204181943,0.05,0.0,0.050000000000000044,0.002740667949585677,0.004052562457126072,0.06655864922140116,0.0,0.0,"{'I': 1, 'W': 0, 'R': 1, 'C': 'free'}",False,True,True,1.0,3
1187,2,0.0005717724976374882,0.3095999875464405,0.0019692756539789642,1.4981025659784328,1.0000532316316697,1.2059911944726418,0.0004789571976149265,0.9999988468706874,0.05,0.0,0.050000000000000044,0.01601836268216287,0.025864554087070116,0.005251747693352496,0.0,0.0,"{'I': 1, 'W': 0, 'R': 1, 'C': 'free'}",False,True,True,1.0,3
1187,3,0.07603249143887414,0.2488808168215942,0.5869122149524234,1.9466471122058684,1.0403462884328425,1.2291035580140284,0.2712532631222543,0.9999999319353007,0.0,0.0,0.0,0.004125941621045756,0.007533104594629764,0.012431770632592067,0.0,0.0,"{'I': 0, 'W': 1, 'R': 0, 'C': 'costly'}",False,True,True,1.0,3
119,1,0.0017678469752584857,0.21743166715753676,0.0059257684791727844,1.6805398555059379,1.0001984441775256,1.1692297579550546,0.001189838520661235,0.9942548070410113,0.0,0.0,0.050000000000000044,0.004486181035501308,0.005203931038979003,0.4337966457741641,0.0,0.050000000000000044,"{'I': 1, 'W': 0, 'R': 1, 'C': 'free'}",False,True,True,1.0,3
119,2,0.0003592153450863773,0.2916186582575665,0.0017464231834920985,1.302647760560148,1.0000341260902479,1.142900410366934,0.00023885002655232856,0.9987422898453351,0.0,0.0,0.0,0.0006227088141190994,0.0035892916224817364,0.0016905545872502876,0.0,0.0,"{'I': 1, 'W': 0, 'R': 1, 'C': 'free'}",False,True,True,1.0,3
119,3,0.04260782916009798,0.28759799727061897,0.19339568125643408,2.1659545651421723,1.010285944264056,1.1995305701290928,0.04988003136292618,0.999999946178163,0.0,0.0,0.0,0.0046064543275579194,0.0021800708798196183,0.017987690705642122,0.0,0.0,"{'I': 0, 'W': 1, 'R': 0, 'C': 'costly'}",False,True,True,1.0,3
12,1,0.07930168531660525,0.34260619733507014,0.631318528960667,1.7412053660070992,1.0339647224413169,1.2765442345488487,0.39408154770603154,0.9999999768037666,0.05,0.050000000000000044,0.050000000000000044,0.26891171461049757,0.22157674452203382,0.1578876951639587,0.0,0.0,"{'I': 1, 'W': 0, 'R': 1, 'C': 'free'}",False,True,True,1.0,3
12,2,0.10088698181025862,0.49453366902181006,0.8457283314969907,2.269326985540538,1.0875222988997508,1.4094889310602083,0.602643681675018,1.0,0.15,0.050000000000000044,0.050000000000000044,0.03672502770718282,0.10621397215402942,0.10608604258148328,0.050000000000000044,0.050000000000000044,"{'I': 1, 'W': 0, 'R': 1, 'C': 'free'}",False,True,True,1.0,3
12,3,0.0847914891325307,0.4426591088704885,0.4513498964525222,2.3607659746587952,1.0238337440489826,1.3671629965837875,0.19102509887803343,1.0,0.15,0.050000000000000044,0.050000000000000044,0.08496354866620257,0.26865065112066755,0.4064584581776671,0.15000000000000002,0.75,"{'I': 1, 'W': 0, 'R': 1, 'C': 'free'}",False,True,True,1.0,3
12,4,0.20696799981806258,0.32677841886361475,1.5838680133836531,1.7453854710844603,1.1124980627119356,1.2148983987497068,0.7217668712507245,0.9999999996599643,0.15,0.050000000000000044,0.050000000000000044,0.2941853179392593,0.2930178748136896,0.2680605888427872,0.050000000000000044,0.15000000000000002,"{'I': 1, 'W': 0, 'R': 1, 'C': 'free'}",False,True,True,1.0,3
12,5,0.11168698393895213,0.4201320053518543,0.5397667612560662,2.2370180588015858,1.0384960618631967,1.2582455442458385,0.26080134448868664,0.9999999999578887,0.2,0.15000000000000002,0.09999999999999998,0.4055724863725053,0.34781799678686565,0.37582954665892143,0.15000000000000002,0.050000000000000044,"{'I': 1, 'W': 0, 'R': 1, 'C': 'free'}",False,True,True,1.0,3
12,6,0.13381447696513166,0.331704381545084,0.7150743149071468,2.0456326768561657,1.0469475502564318,1.2329209745276546,0.4233651323084896,0.9999999987744067,0.15,0.35,0.0,0.5595934065488285,0.5297351454957206,0.3743546953905724,0.35,0.75,"{'I': 1, 'W': 0, 'R': 1, 'C': 'free'}",False,True,True,0.3333333333333333,3
12,7,0.04844040764170325,0.584955731155026,0.27063453748307853,2.48460881902231,1.0118706942810909,1.4990877422749667,0.11131097029742043,1.0,0.15,0.050000000000000044,0.7,0.22336407285827747,0.4367969954341033,0.9448069188881513,0.15000000000000002,0.75,"{'I': 1, 'W': 0, 'R': 1, 'C': 'free'}",False,True,True,1.0,3
1217,1,0.006171983216673631,0.2857807236573336,0.029018503314691614,1.6199580947317853,1.0008074427264966,1.221342457613368,0.006436134147545958,0.999979546038113,0.05,0.0,0.050000000000000044,0.001998418645343349,0.007645027605534561,0.10668191928614507,0.0,0.0,"{'I': 1, 'W': 0, 'R': 1, 'C': 'free'}",False,True,True,1.0,3
1217,2,0.008433403950114509,0.3485227069818646,0.029712871461798504,1.9630036057969589,1.0012426001397399,1.2862650138469849,0.007423282825547051,0.999999999999987,0.15,0.050000000000000044,0.050000000000000044,0.06009655022163307,0.118593938818608,0.03712133350915701,0.050000000000000044,0.050000000000000044,"{'I': 1, 'W': 0, 'R': 1, 'C': 'free'}",False,True,True,1.0,3
1217,3,0.0009623226764812153,0.28279667074353537,0.0030158754082215827,1.541381988604246,1.0000935379313103,1.1944434875116339,0.0006545206062530395,0.999999670322717,0.0,0.0,0.0,0.003171062335817696,0.002470012626878505,0.06008335062155551,0.0,0.0,"{'I': 0, 'W': 1, 'R': 0, 'C': 'costly'}",False,True,True,1.0,3
1222,1,0.025828170800540135,0.3145201599626864,0.13436564779041907,1.8067967932115843,1.0043106170375693,1.1871553714341632,0.029660695879461296,0.9999999500817977,0.0,0.0,0.050000000000000044,0.0024432000121455254,0.0035857720478283217,0.1038758188051168,0.0,0.0,"{'I': 1, 'W': 0, 'R': 1, 'C': 'free'}",False,True,True,1.0,3
1222,2,0.034144293215847145,0.485796967959888,0.22786490198748233,2.5093996194784447,1.007639721841254,1.3868665394658581,0.09420197691576238,1.0,0.2,0.4,0.15000000000000002,0.5298778797862104,0.6493823433175291,0.498964935982506,0.5,0.15000000000000002,"{'I': 1, 'W': 0, 'R': 1, 'C': 'free'}",False,True,True,1.0,3
1222,3,0.051817392374153115,0.5694364437697667,0.26522416440358065,2.6011523140600636,1.013100125174085,1.4644085632676436,0.0988832802252726,1.0,0.2,0.050000000000000044,0.7,0.24496553519752334,0.6509629012065357,0.6509803378494351,0.15000000000000002,0.75,"{'I': 1, 'W': 0, 'R': 1, 'C': 'free'}",False,True,True,1.0,3
1222,4,0.10365402567417026,0.5008168307103648,0.7853937960827294,2.6201685552158502,1.0333928008383824,1.435900270101841,0.34754676623973546,1.0,0.2,0.35,0.4,0.46829190105133484,0.7045053821283057,0.5305145972218032,0.6699999999999999,0.15000000000000002,"{'I': 1, 'W': 0, 'R': 1, 'C': 'free'}",False,True,True,0.6666666666666666,3
1222,5,0.49060935341244155,0.4925307158743266,2.6270448154031274,2.6270448154031274,1.39721620913519,1.3990497930693042,1.0,1.0,,,0.5,,,0.8518819370830392,,0.75,,False,True,False,,
1222,6,0.03567075577344675,0.5374731512132825,0.1542098587902223,2.5667913020170836,1.0072584302483858,1.4667255454239831,0.08312724211859113,1.0,0.2,0.35,0.7,0.3485778070785543,0.5925252360816275,0.754823028325065,0.35,0.75,"{'I': 1, 'W': 0, 'R': 1, 'C': 'free'}",False,True,True,1.0,3
1222,7,0.12028502599848946,0.5611888516329134,0.7257297523336026,2.2040657713602774,1.0684758656896065,1.436562084828416,0.41131595618669414,1.0,0.3,0.050000000000000044,0.7,0.5617377963583453,0.7972865903551349,0.7051168204072094,0.35,0.75,"{'I': 1, 'W': 0, 'R': 1, 'C': 'free'}",False,True,True,0.6666666666666666,3
1224,1,0.09251648505125407,0.2685241260063389,0.6307939879398837,1.3787067462799325,1.0500558417904633,1.1792359311218605,0.4953079490351985,0.999998413854554,0.05,0.0,0.0,0.10319988445383087,0.015853127429103595,0.05065666636997246,0.0,0.0,"{'I': 1, 'W': 0, 'R': 1, 'C': 'free'}",False,True,True,1.0,3
1224,2,0.03982111033647919,0.3709422984487293,0.19447231372476986,1.752996662135895,1.0092899629159722,1.258284592024919,0.053971382834056,0.9999999947717894,0.05,0.050000000000000044,0.050000000000000044,0.025904935986492007,0.03720554153533846,0.00857137102329125,0.0,0.0,"{'I': 1, 'W': 0, 'R': 1, 'C': 'free'}",False,True,True,1.0,3
1224,3,0.03586797622097427,0.28713382743657345,0.21812919114906082,1.8424047935131527,1.0068665886947306,1.2536441068843946,0.053273437579994254,0.9999996684884913,0.05,0.0,0.050000000000000044,0.05340675314218179,0.06735848535302363,0.04728265941407175,0.0,0.0,"{'I': 1, 'W': 0, 'R': 1, 'C': 'free'}",False,True,True,1.0,3
1224,4,0.07819867601897824,0.46335354225634867,0.40333672844097473,1.7750999878197233,1.0218950956223367,1.4412804407847581,0.19473865615281405,1.0,0.15,0.050000000000000044,0.050000000000000044,0.5293384363731823,0.37659059768257713,0.24444434575234808,0.050000000000000044,0.15000000000000002,"{'I': 1, 'W': 0, 'R': 1, 'C': 'free'}",False,True,True,1.0,3
1224,5,0.11632954101141271,0.49145050871523027,0.6099041376641965,2.164847872676624,1.049791645301384,1.4938243976887315,0.3542387353664357,1.0,0.2,0.15000000000000002,0.050000000000000044,0.1328514882224083,0.3199343548923132,0.29393632412531256,0.15000000000000002,0.75,"{'I': 1, 'W': 0, 'R': 1, 'C': 'free'}",False,True,True,1.0,3
1224,6,0.0673932317397776,0.35671480547486106,0.5207613020491537,2.2328531998151386,1.026798716312076,1.2516516715043482,0.19068523513199798,0.9999999801022125,0.15,0.050000000000000044,0.9,0.047394960561952255,0.20138109935830126,0.4981831104848149,0.050000000000000044,0.050000000000000044,"{'I': 1, 'W': 0, 'R': 1, 'C': 'free'}",False,True,True,1.0,3
1224,7,0.06213188180701645,0.25207213081862223,0.3698910524513667,1.6910773753124166,1.0215037371360998,1.1563213783645283,0.11984281002155239,0.9999999945460735,0.0,0.0,0.0,0.0014998898823373066,0.0035911528039195397,0.010976029554350238,0.0,0.0,"{'I': 0, 'W': 1, 'R': 0, 'C': 'costly'}",False,True,True,1.0,3
1237,1,0.0015996048591893838,0.13783821026159226,0.005294683494235548,0.8000786904470407,1.0001718949634255,1.0877608685098683,0.0012024378298451932,0.9654329157564606,0.0,0.0,0.0,0.00575517854509365,0.006666023724737454,0.08690857712628283,0.0,0.0,"{'I': 1, 'W': 0, 'R': 1, 'C': 'free'}",False,True,True,1.0,3
1237,2,0.001327494265559789,0.2131628236369403,0.0027040509671148105,1.199167168426645,1.0001407975772931,1.1312719996536469,0.000844369316901461,0.9965650829440033,0.05,0.0,0.0,0.0011597241857303601,0.02924383819305226,0.0016878680491854495,0.0,0.0,"{'I': 1, 'W': 0, 'R': 1, 'C': 'free'}",False,True,True,1.0,3
1237,3,0.000623094943219923,0.2617541389049328,0.0018643549249584318,1.426528342347604,1.000056711871096,1.1669051073969172,0.00045357920614319536,0.9999826029099924,0.05,0.0,0.050000000000000044,0.006647945063304442,0.03723908634306198,0.06755387507946929,0.0,0.0,"{'I': 1, 'W': 0, 'R': 1, 'C': 'free'}",False,True,True,1.0,3
1237,4,0.0006539365901715059,0.22712963047274604,0.001265451502377331,1.5423953487384559,1.0000577365949979,1.2115756573653034,0.0003463495769616687,0.9999973967619395,0.0,0.0,0.0,0.0032272478059354724,0.010962639869179398,0.022977019634376518,0.0,0.0,"{'I': 0, 'W': 1, 'R': 0, 'C': 'costly'}",False,True,True,1.0,3
1245,1,0.005252611169403017,0.4774008465344369,0.02402993357976309,2.0401964411025584,1.0007442974483385,1.3016660967652958,0.004454174189091775,0.9999999956194394,0.05,0.0,0.050000000000000044,0.1329591343623651,0.06714100157261484,0.17765513452430548,0.0,0.0,"{'I': 1, 'W': 0, 'R': 1, 'C': 'free'}",False,True,True,1.0,3
1245,2,0.05802620773274942,0.30544989577839554,0.4640538866619708,1.629187284812277,1.0192547118978046,1.2195104640812982,0.20456029355734573,0.9999979499948893,0.0,0.0,0.0,0.009794921401866956,0.03721022907712109,0.04158048589869291,0.0,0.0,"{'I': 0, 'W': 1, 'R': 0, 'C': 'costly'}",False,True,True,1.0,3
1270,1,0.1283971826678092,0.272854801234275,0.8052402582085533,1.0976892680945614,1.0393874467782283,1.241932349468717,0.2658576774031278,0.9999917070077088,0.0,0.0,0.0,0.0016829853778468744,0.005185728056875829,0.17520843381022658,0.0,0.0,"{'I': 1, 'W': 0, 'R': 1, 'C': 'free'}",False,True,True,1.0,3
1270,2,0.189189677818286,0.2901637540074905,0.6935051336548032,1.5464130823599196,1.1337099532631538,1.1794862230469592,0.7149110364268576,0.9999999846723032,0.05,0.050000000000000044,0.050000000000000044,0.015844209898296293,0.07561391714104677,0.14804810949743785,0.0,0.0,"{'I': 1, 'W': 0, 'R': 1, 'C': 'free'}",False,True,True,1.0,3
1270,3,0.058243649777011575,0.31979195667983373,0.3438637812874197,1.539342570705964,1.019154423770447,1.2445270044423407,0.10759902432753965,0.9999994633210324,0.05,0.0,0.050000000000000044,0.03720361036754734,0.08436787815894063,0.08511471232950528,0.0,0.0,"{'I': 1, 'W': 0, 'R': 1, 'C': 'free'}",False,True,True,1.0,3
1270,4,0.00045338678521524863,0.2028727856908068,0.0011002115355059675,1.5761975363179257,1.0000395767982482,1.174663329216724,0.00023742790017855508,0.9999999464196871,0.0,0.0,0.0,0.001324670600519639,0.002798337181760665,0.017898751789046884,0.0,0.0,"{'I': 0, 'W': 1, 'R': 0, 'C': 'costly'}",False,True,True,1.0,3
129,1,0.15417078428716904,0.4055658049968063,0.8340551906038864,1.6515345210527257,1.091899762269949,1.3251520128349887,0.775667143906936,0.9999999999999529,0.05,0.050000000000000044,0.050000000000000044,0.34417308611780373,0.18195861294008436,0.08431412524855723,0.050000000000000044,0.050000000000000044,"{'I': 1, 'W': 0, 'R': 1, 'C': 'free'}",False,True,True,1.0,3
129,2,0.011523849224922597,0.38092038220314767,0.06742463032861172,2.226404760833053,1.0018908224457974,1.2548258889105703,0.022413446335750375,0.9999999999996212,0.05,0.050000000000000044,0.050000000000000044,0.014188173874062598,0.08475866634027537,0.029604163251260345,0.050000000000000044,0.0,"{'I': 1, 'W': 0, 'R': 1, 'C': 'free'}",False,True,True,1.0,3
129,3,0.08520350699676248,0.47576369752824876,0.7270485819877809,2.3108760698715534,1.0214177089376972,1.407441041872104,0.3025027729075974,1.0,0.1,0.050000000000000044,0.050000000000000044,0.02928352807457967,0.1327982758224797,0.26864481800527207,0.050000000000000044,0.050000000000000044,"{'I': 1, 'W': 0, 'R': 1, 'C': 'free'}",False,True,True,1.0,3
129,4,0.13765003609911117,0.4910743980236334,0.6355305963334368,2.3927110674090524,1.0452239769868876,1.4033443737496176,0.484937958909481,1.0,0.15,0.050000000000000044,0.15000000000000002,0.2447691294167971,0.4062277308538373,0.3471371890985806,0.050000000000000044,0.15000000000000002,"{'I': 1, 'W': 0, 'R': 1, 'C': 'free'}",False,True,True,0.6666666666666666,3
129,5,0.2731558368713864,0.35391703501391597,1.318731082611254,1.9577418230785557,1.4569317251249716,1.237305835674825,0.9975735419060568,0.9999999999998269,0.15,0.15000000000000002,0.09999999999999998,0.3767025146402281,0.49869768652813456,0.49886166556901784,0.15000000000000002,0.050000000000000044,"{'I': 1, 'W': 0, 'R': 1, 'C': 'free'}",False,True,True,0.0,3
129,6,0.2339538338421021,0.5788841457073989,1.119789651952386,2.3470251882868016,1.1530239180279913,1.4839188641351087,0.8818523042897078,1.0,0.2,0.050000000000000044,0.15000000000000002,0.11909618012414142,0.2939508200033904,0.43722223584280745,0.050000000000000044,0.050000000000000044,"{'I': 1, 'W': 0, 'R': 1, 'C': 'free'}",False,True,True,0.3333333333333333,3
129,7,0.07460368396097808,0.3187812884782871,0.5312771743087916,1.964983413379574,1.1020448355145174,1.2634892455948794,0.8260544776587048,1.0,0.15,0.050000000000000044,0.15000000000000002,0.2684509045543964,0.24455882553033093,0.37644949832697244,0.050000000000000044,0.25,"{'I': 1, 'W': 0, 'R': 1, 'C': 'free'}",False,True,True,0.6666666666666666,3
1307,1,0.16125286732508756,0.40772906638783757,0.6789751307915971,1.7859034120097097,1.0537347254918594,1.2852261101778066,0.306764245757136,0.9999839712283137,0.0,0.0,0.050000000000000044,0.1191971907685355,0.11873968885570124,0.3656812028848377,0.0,0.0,"{'I': 1, 'W': 0, 'R': 1, 'C': 'free'}",False,True,True,1.0,3
1307,2,0.0011839336658650145,0.5485029816968581,0.0053066498205124775,2.188806367095506,1.0001280546884772,1.5255988626254393,0.0010238474315926727,1.0,0.2,0.050000000000000044,0.050000000000000044,0.2027120685963873,0.20136149014997493,0.11873970948445453,0.050000000000000044,0.15000000000000002,"{'I': 1, 'W': 0, 'R': 1, 'C': 'free'}",False,True,True,1.0,3
1307,3,0.03500332252238315,0.3264123064139546,0.19283225808542187,1.972816342381998,1.007881984121559,1.2454830324908774,0.053474705888126195,0.9999999983059704,0.0,0.0,0.050000000000000044,0.04783321593722878,0.11743524658059921,0.13296345781822377,0.0,0.050000000000000044,"{'I': 0, 'W': 1, 'R': 0, 'C': 'costly'}",False,True,True,0.3333333333333333,3
1320,1,0.005854594312100801,0.5648201095034049,0.018044843781298617,1.8826361590440428,1.00078202582493,1.4695269961422264,0.004679338832832669,0.9999999999997105,0.05,0.050000000000000044,0.050000000000000044,0.012675703678356989,0.06724275383800486,0.06555927027397578,0.050000000000000044,0.050000000000000044,"{'I': 1, 'W': 0, 'R': 1, 'C': 'free'}",False,True,True,1.0,3
1320,2,0.0314243833910674,0.4940216122702541,0.11033315800560119,2.1188584525092398,1.0052243785392287,1.3701473997575404,0.030780986900015184,1.0,0.05,0.35,0.15000000000000002,0.29289252771239066,0.49616484921116777,0.2936350214275722,0.5,0.15000000000000002,"{'I': 1, 'W': 0, 'R': 1, 'C': 'free'}",False,True,True,1.0,3
1320,3,0.06087123226073137,0.5051876042558514,0.230173040905665,2.376151968817805,1.0160421231495103,1.4094458502010832,0.1054224261281671,1.0,0.3,0.7,0.7,0.49882573883118897,0.7289654093071976,0.5591911300140016,0.5,0.75,"{'I': 1, 'W': 0, 'R': 1, 'C': 'free'}",False,True,True,1.0,3
1320,4,0.0071603321647459904,0.45790061578359764,0.02646868121423171,2.09827182220611,1.000948618696069,1.332674379929408,0.00849721423108385,0.9999999999999661,0.1,0.050000000000000044,0.050000000000000044,0.1191154852173049,0.4352140122710686,0.2462488687231125,0.050000000000000044,0.15000000000000002,"{'I': 1, 'W': 0, 'R': 1, 'C': 'free'}",False,True,True,1.0,3
1320,5,0.0010746184072778092,0.37360955359049813,0.002793767315490676,2.0709745803400486,1.0000994570221566,1.3210980634825016,0.0005965344623364288,1.0,0.0,0.0,0.0,0.015867730619072824,0.03724964563328837,0.0673354977569884,0.0,0.0,"{'I': 0, 'W': 1, 'R': 0, 'C': 'costly'}",False,True,True,0.6666666666666666,3
1335,1,0.14970524333176313,0.3061982380575961,0.6399980649381491,1.5780463202279726,1.0531024009934562,1.1998699436332343,0.33894868029314484,0.9999999976320366,0.05,0.050000000000000044,0.050000000000000044,0.060089542265889376,0.037327206979966686,0.05231483849136663,0.050000000000000044,0.0,"{'I': 1, 'W': 0, 'R': 1, 'C': 'free'}",False,True,True,1.0,3
1335,2,0.0035614578633249676,0.38070910457421936,0.022532211111542043,1.9303079970003263,1.000482594477846,1.2457752670607818,0.005773008572467209,0.9999999999835822,0.05,0.050000000000000044,0.050000000000000044,0.018085233304140875,0.03293553561528203,0.03334077079382736,0.0,0.0,"{'I': 1, 'W': 0, 'R': 1, 'C': 'free'}",False,True,True,1.0,3
1335,3,0.033713119445877654,0.24047539824099406,0.155700633384083,1.378676800624582,1.0059477835382997,1.1426057086643857,0.029215553416476525,0.999999441285517,0.0,0.0,0.0,0.0041379270092026495,0.0052134650381562165,0.037327284285351085,0.0,0.0,"{'I': 0, 'W': 1, 'R': 0, 'C': 'costly'}",False,True,True,1.0,3
136,1,0.0010409155990641658,0.2725546633092647,0.006717748421987384,1.7755424165626927,1.0001209263882043,1.2183525102983987,0.0015707131404414376,0.9999999073987011,0.05,0.0,0.050000000000000044,0.009878465189410787,0.01590456169214173,0.09107297157627256,0.0,0.0,"{'I': 1, 'W': 0, 'R': 1, 'C': 'free'}",False,True,True,1.0,3
136,2,0.0004438212535888755,0.3682328327746478,0.0033663849034880912,1.8407579837993415,1.000043158161106,1.262335769015201,0.0006040187246706408,0.9999999795492857,0.05,0.050000000000000044,0.050000000000000044,0.0060252386480536815,0.0059079288297665825,0.0066934210508802815,0.0,0.0,"{'I': 1, 'W': 0, 'R': 1, 'C': 'free'}",False,True,True,1.0,3
136,3,0.01187865152480832,0.331208889075728,0.07517110003107307,2.03603768399367,1.0021689410326429,1.2419014215698274,0.015051719139781317,0.9999999918995841,0.0,0.0,0.0,0.0040681464493384865,0.008575227204514462,0.053406401214926257,0.0,0.0,"{'I': 0, 'W': 1, 'R': 0, 'C': 'costly'}",False,True,True,1.0,3
1391,1,0.04282560572582319,0.3933919388482367,0.21437364494511302,2.572595996514101,1.0095580893499492,1.252327101517242,0.07327795177215612,0.9999999996678185,0.05,0.0,0.050000000000000044,0.003497279651149373,0.008575917457390694,0.12655328695031157,0.0,0.050000000000000044,"{'I': 1, 'W': 0, 'R': 1, 'C': 'free'}",False,True,True,1.0,3
1391,2,0.18850501390468996,0.4013725736376127,0.8434221884010296,2.0542202981464506,1.0931716614796212,1.3333331827166641,0.4639794426450823,0.9999999999999996,0.15,0.050000000000000044,0.050000000000000044,0.060094472163643255,0.11898228413967246,0.03706569935474532,0.050000000000000044,0.050000000000000044,"{'I': 1, 'W': 0, 'R': 1, 'C': 'free'}",False,True,True,1.0,3
1391,3,0.0036048444011586222,0.38798025780119694,0.022069426623016513,2.395527843219761,1.0004519219396413,1.288887248777661,0.004058122160468636,1.0,0.1,0.050000000000000044,0.050000000000000044,0.04202645306889228,0.09511211538897793,0.08482916794887335,0.050000000000000044,0.050000000000000044,"{'I': 1, 'W': 0, 'R': 1, 'C': 'free'}",False,True,True,1.0,3
1391,4,0.005370081299676429,0.4450372395147259,0.014895272500752144,2.438591728218469,1.0006695432039487,1.3627777563777157,0.004007861956566217,1.0,0.0,0.0,0.050000000000000044,0.053405170061039016,0.18225365457431056,0.08502023394640065,0.0,0.15000000000000002,"{'I': 0, 'W': 1, 'R': 0, 'C': 'costly'}",False,True,True,1.0,3
1399,1,0.0076518054944878875,0.19039055726466556,0.053777635379125166,1.3318483002863961,1.00102821646145,1.1214649302518231,0.008187801523600657,0.9954283577878391,0.0,0.0,0.050000000000000044,0.0075305175281612895,0.009680242937571578,0.08509443434872184,0.0,0.0,"{'I': 1, 'W': 0, 'R': 1, 'C': 'free'}",False,True,True,1.0,3
1399,2,0.020680438745151904,0.26785273488801714,0.12324254992310878,1.7073167602064299,1.0040966102255466,1.1790541189301917,0.0400580063665219,0.9999994021879873,0.05,0.0,0.050000000000000044,0.00132238244792412,0.02028277963311383,0.02595874474193893,0.0,0.0,"{'I': 1, 'W': 0, 'R': 1, 'C': 'free'}",False,True,True,1.0,3
1399,3,0.09799387836813059,0.39480839658142053,0.6930549741496325,2.165057976271006,1.1138533874843315,1.3225271158984877,0.7789922107669581,0.9999999996608105,0.05,0.050000000000000044,0.050000000000000044,0.3201948577751625,0.46763908547635935,0.3485952543336828,0.050000000000000044,0.050000000000000044,"{'I': 1, 'W': 0, 'R': 1, 'C': 'free'}",False,True,True,1.0,3
1399,4,0.0024107545420209574,0.3466169313859008,0.014172991314233408,1.8416048883369536,1.0002944328885464,1.273376486434776,0.004112972189342035,0.9999999988014124,0.05,0.0,0.050000000000000044,0.002488523877230243,0.09504765778541237,0.09535215143638101,0.0,0.0,"{'I': 1, 'W': 0, 'R': 1, 'C': 'free'}",False,True,True,1.0,3
1399,5,0.003035685040715021,0.2207007677272687,0.014329947685967702,1.5685188570791793,1.000380010728151,1.143379519390815,0.003413607230787208,0.9992793607219953,0.05,0.0,0.0,0.0024756645339975526,0.08459874437930673,0.04735037614386955,0.0,0.0,"{'I': 1, 'W': 0, 'R': 1, 'C': 'free'}",False,True,True,1.0,3
1399,6,0.005612083824390614,0.3251781220235972,0.02509191374253151,1.5835239120592766,1.0007625223103451,1.2653384294185386,0.005321413016212917,0.9999999947367082,0.05,0.0,0.0,0.009702095218026549,0.03304103915567727,0.053340019959888935,0.0,0.050000000000000044,"{'I': 1, 'W': 0, 'R': 1, 'C': 'free'}",False,True,True,1.0,3
1399,7,0.11042760719695141,0.16804112140911678,0.38558607909358744,1.7989126351465825,1.0333734634269776,1.12748689033451,0.15137958413825503,0.9999670078268242,0.0,0.0,0.0,0.025943193364731307,0.03305880320297745,0.012408781540756931,0.0,0.0,"{'I': 0, 'W': 1, 'R': 0, 'C': 'costly'}",False,True,True,1.0,3
1429,1,0.00036087558311435186,0.17662994959168687,0.0017504989237345464,0.8676467412854741,1.000034619960207,1.0898628483581585,0.0002423061657681469,0.9773202288307122,0.0,0.0,0.050000000000000044,0.003519041818830256,0.020212301523842617,0.14402886250046934,0.0,0.0,"{'I': 1, 'W': 0, 'R': 1, 'C': 'free'}",False,True,True,1.0,3
1429,2,0.11855338753554513,0.21720913136575842,0.6927403440624185,0.9766099580083145,1.1116267393837589,1.1987815038391474,0.4700363399599291,0.9998614079378937,0.0,0.0,0.0,0.0031360166518878256,0.022896324388952827,0.004649788262157686,0.0,0.0,"{'I': 1, 'W': 0, 'R': 1, 'C': 'free'}",False,True,True,1.0,3
1429,3,0.022804523112065083,0.13115165115866254,0.10608034942034202,1.9307614704584706,1.0036295825465844,1.0747314078442454,0.021503499987292285,0.9940061730479616,0.0,0.0,0.0,0.00757549249787929,0.0031683144629377083,0.029186273406215803,0.0,0.0,"{'I': 0, 'W': 1, 'R': 0, 'C': 'costly'}",False,True,True,1.0,3
1439,1,0.0012593009409587511,0.2550693777524084,0.008535509909708071,1.3481088452102294,1.0001407529066169,1.192181219923836,0.0014064400534212762,0.9999954706001277,0.0,0.0,0.050000000000000044,0.0021299084062107224,0.002779843132603189,0.025229127052373696,0.0,0.0,"{'I': 1, 'W': 0, 'R': 1, 'C': 'free'}",False,True,True,1.0,3
1439,2,0.01514934262203097,0.5372272585181014,0.04149299168874989,2.1909937224860574,1.0022111156844877,1.4627415007522029,0.010982619624916978,1.0,0.15,0.4,0.15000000000000002,0.3480804398856549,0.436918388489637,0.6762507588664067,0.5,0.15000000000000002,"{'I': 1, 'W': 0, 'R': 1, 'C': 'free'}",False,True,True,1.0,3
1439,3,0.07715058636278532,0.5126221824779224,0.4205979226692144,2.6182443313996413,1.0231112183054776,1.425422447294333,0.22223447923331408,1.0,0.2,0.35,0.15000000000000002,0.7528861594198034,0.8157441010382905,0.5588538419502975,0.5,0.75,"{'I': 1, 'W': 0, 'R': 1, 'C': 'free'}",False,True,True,0.6666666666666666,3
1439,4,0.019454560881511103,0.46817108958389125,0.16075131864947464,1.9974853473514547,1.004446512377948,1.4400342402630544,0.03914320968577534,1.0,0.2,0.7,0.15000000000000002,0.528569528355061,0.6765729770231973,0.5906681335280506,0.6699999999999999,0.15000000000000002,"{'I': 1, 'W': 0, 'R': 1, 'C': 'free'}",False,True,True,0.3333333333333333,3
1439,5,0.3086990306421124,0.5550140260135409,1.627239613026474,2.2605729044419536,1.1772302656771128,1.5317965435692291,0.8338408003640183,1.0,0.2,0.35,0.09999999999999998,0.815986384569308,0.7749560556296008,0.5285269416500072,0.65,0.75,"{'I': 1, 'W': 0, 'R': 1, 'C': 'free'}",False,True,True,0.6666666666666666,3
1439,6,0.17120714969376122,0.5003694114900412,0.6405675698306076,2.1720456803677974,1.0763525472899755,1.4329020785600826,0.402527116690674,1.0,0.2,0.35,0.4,0.34815478874464195,0.650439264613139,0.5607128026589633,0.35,0.75,"{'I': 1, 'W': 0, 'R': 1, 'C': 'free'}",False,True,True,0.3333333333333333,3
1439,7,0.2630229528546073,0.501724267573557,0.9506104311995013,2.42294060830475,1.1152555414718042,1.3959307089908708,0.7578229793114911,1.0,0.2,0.8,0.7,0.8665979316842313,0.9143544729907565,0.8167675870322918,0.75,0.75,"{'I': 1, 'W': 0, 'R': 1, 'C': 'free'}",False,True,True,0.6666666666666666,3
1447,1,0.04188716156042629,0.41794744223741703,0.20934022998178783,2.065557158654251,1.0097408292147545,1.3410969703395914,0.06560484522382637,0.9999999999918536,0.05,0.050000000000000044,0.050000000000000044,0.008510165946215717,0.010981634167096254,0.012435229368524595,0.0,0.050000000000000044,"{'I': 1, 'W': 0, 'R': 1, 'C': 'free'}",False,True,True,0.6666666666666666,3
1447,2,0.025056410090146128,0.39796415610168506,0.19708009836785784,1.8107857068286366,1.0058781977088025,1.3690940724291085,0.051381816170381955,0.9999999999996158,0.05,0.050000000000000044,0.050000000000000044,0.060543325122351055,0.1478395829522263,0.060089882835533744,0.050000000000000044,0.0,"{'I': 1, 'W': 0, 'R': 1, 'C': 'free'}",False,True,True,1.0,3
1447,3,0.002857232137279559,0.39361495072704666,0.010350891594727537,2.256135773206277,1.0003527753480401,1.2934930124457562,0.0024659465083937127,0.9999999999997652,0.05,0.0,0.050000000000000044,0.04209304526064925,0.10646876440108853,0.13272032488107635,0.050000000000000044,0.050000000000000044,"{'I': 1, 'W': 0, 'R': 1, 'C': 'free'}",False,True,True,1.0,3
1447,4,0.17184851259250616,0.39964565125956913,1.3800245038040873,2.461302489798783,1.065302740744057,1.3345405141810196,0.4687859458216648,1.0,0.05,0.0,0.050000000000000044,0.22345494553643397,0.18220712336980993,0.24470097193555487,0.050000000000000044,0.0,"{'I': 0, 'W': 1, 'R': 0, 'C': 'costly'}",False,True,True,0.6666666666666666,3
1466,1,0.0029368691356221432,0.17912754056092764,0.008172175733566845,1.0975762423236304,1.0003467430700343,1.131618328633861,0.0024238385279137242,0.9970070375564205,0.0,0.0,0.0,0.0040339067565653315,0.029239279904391926,0.39108888378349543,0.0,0.0,"{'I': 1, 'W': 0, 'R': 1, 'C': 'free'}",False,True,True,1.0,3
1466,2,0.0010473824667287957,0.2157150555430102,0.004732378318257402,1.3782633022210675,1.0001138650045578,1.1343738836545518,0.0006829178399726521,0.9998109498240233,0.05,0.0,0.0,0.0021785873552362493,0.03716302144853804,0.009697343364306523,0.0,0.0,"{'I': 1, 'W': 0, 'R': 1, 'C': 'free'}",False,True,True,1.0,3
1466,3,0.0007688823849724464,0.1751679723272738,0.002146370936323473,1.496149372702406,1.0000700418053023,1.147519694057738,0.0004901553020495442,0.9999944905658418,0.0,0.0,0.0,0.005207927367501883,0.00246640950288248,0.02584459917354027,0.0,0.0,"{'I': 0, 'W': 1, 'R': 0, 'C': 'costly'}",False,True,True,0.6666666666666666,3
1490,1,0.010021710553365907,0.3905254864362139,0.06857095920347629,2.210193909071671,1.001601908079551,1.2934832112064378,0.0127233758104639,0.9999999988541275,0.0,0.0,0.050000000000000044,0.00042775824340779146,0.0040650902675318686,0.07524461473407688,0.0,0.0,"{'I': 1, 'W': 0, 'R': 1, 'C': 'free'}",False,True,True,1.0,3
1490,2,0.0015829819546536886,0.3604747967504909,0.012255230094220962,2.3290875420690504,1.0001864987650453,1.238281904271111,0.002049192671403355,0.9999999996592717,0.05,0.050000000000000044,0.050000000000000044,0.006674412515442288,0.02593719089430434,0.012347951270005788,0.050000000000000044,0.0,"{'I': 1, 'W': 0, 'R': 1, 'C': 'free'}",False,True,True,1.0,3
1490,3,0.005148852838723873,0.5126846227682804,0.0165697050220891,2.1751231675064933,1.00063280677673,1.3998137964047508,0.0037884454980711135,1.0,0.2,0.050000000000000044,0.050000000000000044,0.16418399290696178,0.20154289459472413,0.18146039285088442,0.15000000000000002,0.15000000000000002,"{'I': 1, 'W': 0, 'R': 1, 'C': 'free'}",False,True,True,1.0,3
1490,4,0.01640381000418285,0.44774278015461205,0.08587151322359955,2.015697450096832,1.0029975704913414,1.3654375475079585,0.01779822715941981,1.0,0.1,0.050000000000000044,0.15000000000000002,0.3480100930859504,0.37679295612553243,0.46747629833373616,0.15000000000000002,0.15000000000000002,"{'I': 1, 'W': 0, 'R': 1, 'C': 'free'}",False,True,True,0.6666666666666666,3
1490,5,0.02561369273400425,0.501159215727516,0.12240243379376194,2.423210907891344,1.004515124757818,1.4151887740879354,0.044049955122316464,1.0,0.2,0.15000000000000002,0.09999999999999998,0.7764650351905633,0.7301356053662168,0.5611842977675858,0.6699999999999999,0.050000000000000044,"{'I': 1, 'W': 0, 'R': 1, 'C': 'free'}",False,True,True,0.6666666666666666,3
1490,6,0.017816659587975882,0.4472157790273408,0.2535601259002637,2.073406498704511,1.0044621723841438,1.3214283665422462,0.07701328269919594,1.0,0.15,0.050000000000000044,0.050000000000000044,0.26893483754870406,0.376945218800299,0.3195565843365364,0.050000000000000044,0.050000000000000044,"{'I': 1, 'W': 0, 'R': 1, 'C': 'free'}",False,True,True,0.6666666666666666,3
1490,7,0.009356120678660011,0.3454448682477105,0.04782294263700219,2.559387110516852,1.0013613489447852,1.256244721921865,0.008129315832299477,1.0,0.05,0.050000000000000044,0.050000000000000044,0.182145870138566,0.16429486988522002,0.32045237998019616,0.050000000000000044,0.050000000000000044,"{'I': 0, 'W': 1, 'R': 0, 'C': 'costly'}",False,True,True,0.6666666666666666,3
1496,1,0.0006027057865306994,0.2775157443227889,0.002219974151615247,1.6337660120955155,1.0000584434677222,1.2130777815963,0.00040900865293147515,0.9999756709954825,0.0,0.0,0.0,0.0018750063902584016,0.009708417060506895,0.08020163238062744,0.0,0.0,"{'I': 1, 'W': 0, 'R': 1, 'C': 'free'}",False,True,True,1.0,3
1496,2,0.0014699882484548673,0.22608506583897361,0.00973343256389164,1.645757822075115,1.0001731661958682,1.187132559696372,0.0015571472252444707,0.9999914088110703,0.05,0.0,0.050000000000000044,0.008630055343194372,0.012459387150038569,0.010961659056896857,0.0,0.0,"{'I': 1, 'W': 0, 'R': 1, 'C': 'free'}",False,True,True,1.0,3
1496,3,0.19915768480453505,0.3635116750064047,0.7042198795911918,1.7155933536510666,1.2795527894971528,1.3398227087175203,0.9150001967139654,0.9999999999988584,0.05,0.0,0.050000000000000044,0.05385920769028484,0.06722400924672549,0.068347804569167,0.050000000000000044,0.0,"{'I': 1, 'W': 0, 'R': 1, 'C': 'free'}",False,True,True,1.0,3
1496,4,0.08794710195886948,0.44576706966742424,0.608256133115936,2.005106491333094,1.0400686455069323,1.358422624678691,0.46665536036021427,1.0,0.1,0.050000000000000044,0.15000000000000002,0.7035212314221261,0.7965638065070151,0.5603292215469603,0.050000000000000044,0.15000000000000002,"{'I': 1, 'W': 0, 'R': 1, 'C': 'free'}",False,True,True,1.0,3
1496,5,0.12483001523882106,0.5845812971582954,0.7384556924431064,2.4537553721401397,1.0491468348949886,1.500894756137767,0.35065795107897724,1.0,0.2,0.15000000000000002,0.5,0.5306510503487636,0.6782411801694966,0.6506076572620203,0.9,0.75,"{'I': 1, 'W': 0, 'R': 1, 'C': 'free'}",True,True,True,0.0,3
1496,6,0.00971003508517634,0.38588199071184487,0.048045301094187275,2.2796171585473193,1.0014583141717326,1.3116615769327464,0.014466853385351697,0.9999999999997528,0.2,0.050000000000000044,0.050000000000000044,0.26891921565631793,0.24412071277450542,0.24390451312575748,0.050000000000000044,0.050000000000000044,"{'I': 1, 'W': 0, 'R': 1, 'C': 'free'}",False,True,True,0.6666666666666666,3
1496,7,0.3342443832495286,0.5400120568057235,1.275607865181985,2.1661743150483104,1.422301066418151,1.5396663786430838,0.9854084451496921,1.0,0.3,0.050000000000000044,0.15000000000000002,0.5598512317140297,0.7540482991401886,0.590433398904117,0.15000000000000002,0.75,"{'I': 1, 'W': 0, 'R': 1, 'C': 'free'}",False,True,True,0.6666666666666666,3
151,1,0.07519948464029456,0.3266560754869513,0.37220493441556407,1.57491857206671,1.0235938588683238,1.2417347695588612,0.13057130413673257,0.9999999424852581,0.05,0.0,0.0,0.01083394094017992,0.0203307591018084,0.08194300011354166,0.0,0.0,"{'I': 1, 'W': 0, 'R': 1, 'C': 'free'}",False,True,True,1.0,3
151,2,0.27168023328550805,0.45403042113833114,0.7672104173525887,2.0522741249965155,1.1301958952256062,1.381060974709696,0.575454814202444,1.0,0.15,0.4,0.15000000000000002,0.8500295164115933,0.7761433179645263,0.49812464536761974,0.8,0.15000000000000002,"{'I': 1, 'W': 0, 'R': 1, 'C': 'free'}",False,True,True,0.3333333333333333,3
151,3,0.0006278550945450667,0.30003213767048037,0.003262170491243977,1.4889589781811727,1.0000604186991855,1.2219931107418431,0.00048321820485475175,0.9999998676974671,0.0,0.0,0.050000000000000044,0.0854931477032503,0.18144601436918148,0.14645340294415304,0.050000000000000044,0.0,"{'I': 0, 'W': 1, 'R': 0, 'C': 'costly'}",False,True,True,1.0,3
1515,1,0.010106012631132519,0.4758279690403557,0.032785359248737524,1.9175496190112933,1.001470060687727,1.3495682417319081,0.008775158800017113,0.9999999937233999,0.05,0.050000000000000044,0.050000000000000044,0.029315213059002993,0.013987250726463474,0.020054200224433917,0.0,0.0,"{'I': 1, 'W': 0, 'R': 1, 'C': 'free'}",False,True,True,1.0,3
1515,2,0.000635834380131968,0.430787365333516,0.0023466598756832525,1.8609289766679116,1.0000594077963967,1.287630353346649,0.0004751353420243687,0.9999999999521781,0.05,0.050000000000000044,0.050000000000000044,0.06008807300126657,0.10615716360916248,0.09535657007938808,0.050000000000000044,0.050000000000000044,"{'I': 1, 'W': 0, 'R': 1, 'C': 'free'}",False,True,True,1.0,3
1515,3,0.14363611456503936,0.2346556060275021,0.7684289043534576,1.7774148064996498,1.238235794088461,1.1580015961378534,0.93783350301519,0.999991996732007,0.0,0.0,0.0,0.037834290205615746,0.04179678302280734,0.029215068865574012,0.0,0.0,"{'I': 0, 'W': 1, 'R': 0, 'C': 'costly'}",False,True,True,1.0,3
1533,1,0.001999493233765666,0.3752605507861967,0.008925739554880472,1.6150876919509571,1.0002145700282377,1.2717936857127685,0.0017149039599744231,0.9999923513736995,0.05,0.0,0.050000000000000044,0.005120278907504432,0.0139857648623483,0.11447785013509511,0.0,0.0,"{'I': 1, 'W': 0, 'R': 1, 'C': 'free'}",False,True,True,1.0,3
1533,2,0.04295361555158907,0.26707190667157604,0.2696258064147416,1.5227153016776618,1.0109257529904212,1.1440669302507454,0.1029691110094283,0.9999459189093908,0.05,0.050000000000000044,0.050000000000000044,0.032975330957576474,0.05303453968279256,0.009709043180235513,0.0,0.0,"{'I': 1, 'W': 0, 'R': 1, 'C': 'free'}",False,True,True,1.0,3
1533,3,0.018240303789805654,0.2054624936522954,0.14672318825592542,1.7653050424628194,1.00385235229684,1.170875823732316,0.037719710858057254,0.9999946952439774,0.0,0.0,0.0,0.0024875678569427537,0.004604709026024356,0.007556138295465778,0.0,0.0,"{'I': 0, 'W': 1, 'R': 0, 'C': 'costly'}",False,True,True,1.0,3
1534,1,0.1411655816671316,0.16905292920829898,0.825571203708867,1.5232080770116918,1.2630324848256136,1.1350943188319047,0.7536725130074526,0.9962103927833218,0.0,0.0,0.050000000000000044,0.010730549607805756,0.0124338693869045,0.12819175634072888,0.0,0.0,"{'I': 1, 'W': 0, 'R': 1, 'C': 'free'}",False,True,True,0.6666666666666666,3
1534,2,0.007644380836531793,0.44649176237721167,0.033307684949022955,2.1524933885029522,1.0011027883241579,1.3604487827242557,0.009870589082756953,0.9999999999997284,0.2,0.050000000000000044,0.050000000000000044,0.03732910445435658,0.1329457899339448,0.053410711553195864,0.050000000000000044,0.050000000000000044,"{'I': 1, 'W': 0, 'R': 1, 'C': 'free'}",False,True,True,1.0,3
1534,3,0.0010734486658247062,0.21412557793101153,0.007164085424374448,1.163481860628095,1.0001137737871173,1.1359356932743796,0.001023381825616565,0.9971573219350598,0.05,0.0,0.0,0.001945416542840644,0.014037888894921618,0.02293832978435562,0.0,0.0,"{'I': 1, 'W': 0, 'R': 1, 'C': 'free'}",False,True,True,1.0,3
1534,4,0.001469121613762906,0.23791411955357822,0.002741600748496655,1.5585918263772671,1.000143027952872,1.1813336578721725,0.0008577382841300496,0.9999986265236118,0.0,0.0,0.0,0.01597136753481638,0.009696311674438518,0.017986970519285973,0.0,0.0,"{'I': 0, 'W': 1, 'R': 0, 'C': 'costly'}",False,True,True,1.0,3
1538,1,0.007726513415170554,0.296205962965776,0.04313197294356312,2.2499422385715087,1.0010862916274927,1.2133643017562379,0.007571107950646416,0.9999999981595933,0.05,0.0,0.050000000000000044,0.004022880715319039,0.010930415110049383,0.07302063473494318,0.0,0.0,"{'I': 1, 'W': 0, 'R': 1, 'C': 'free'}",False,True,True,1.0,3
1538,2,0.0009107819047241639,0.22890150418091498,0.005822801050225355,1.769593406689648,1.0000981011616055,1.1191723426460365,0.0007844629479419885,0.9999442860845756,0.05,0.050000000000000044,0.050000000000000044,0.00404795639038399,0.06742278870575107,0.037251378191469176,0.0,0.0,"{'I': 1, 'W': 0, 'R': 1, 'C': 'free'}",False,True,True,1.0,3
1538,3,0.13449091297203167,0.3012677655343645,0.736035871755142,1.9853485212335709,1.0374695441785515,1.2202008948302827,0.25492987794323574,0.9999999995371766,0.0,0.0,0.050000000000000044,0.4059047229695646,0.268251358846945,0.22193587754163455,0.050000000000000044,0.0,"{'I': 0, 'W': 1, 'R': 0, 'C': 'costly'}",False,True,True,0.6666666666666666,3
1548,1,0.007001841488213105,0.19770283645520326,0.029472474084584428,1.0614789088314582,1.0009724772577822,1.1100973187065828,0.006780937933992259,0.9829815929605387,0.0,0.0,0.0,0.00454673000924748,0.005905256879996343,0.11669479346497945,0.0,0.050000000000000044,"{'I': 1, 'W': 0, 'R': 1, 'C': 'free'}",False,True,True,1.0,3
1548,2,0.005199526968491146,0.475557887940995,0.04522795491709442,2.4640603765323927,1.000870734639745,1.388355242131738,0.007802602355696964,1.0,0.1,0.0,0.050000000000000044,0.022976907546084946,0.11894348001745747,0.059730601592078665,0.0,0.050000000000000044,"{'I': 1, 'W': 0, 'R': 1, 'C': 'free'}",False,True,True,1.0,3
1548,3,0.1262041207436565,0.6664369895745976,0.2805948424526063,2.2831715773765175,1.024772917727833,1.6582167731890904,0.1365560262065426,1.0,0.05,0.050000000000000044,0.050000000000000044,0.6504149998085175,0.7300037712055155,0.3478239145382754,0.5,0.050000000000000044,"{'I': 1, 'W': 0, 'R': 1, 'C': 'free'}",False,True,True,1.0,3
1548,4,0.0034429310390797704,0.46774038930141365,0.005088280654510328,2.2666468685948225,1.00037108579019,1.3821588589249876,0.0018533651681762464,1.0,0.05,0.0,0.0,0.10694246582031171,0.09528682502574176,0.3204384490539684,0.0,0.050000000000000044,"{'I': 0, 'W': 1, 'R': 0, 'C': 'costly'}",False,True,True,0.6666666666666666,3
1551,1,0.0007505362592876589,0.2039511960945864,0.0022018163680147564,1.1231366179330067,1.000073262670748,1.1825346680507858,0.0007323315859298907,0.9999942799408701,0.0,0.0,0.0,0.0008957028463835427,0.0031489441077319946,0.08215074363571359,0.0,0.0,"{'I': 1, 'W': 0, 'R': 1, 'C': 'free'}",False,True,True,1.0,3
1551,2,0.0013982188336932732,0.2200322943008006,0.00859989772372866,1.3833544060886656,1.0001535788237086,1.2055221157761637,0.0012277819117872957,0.9999888232923152,0.0,0.0,0.0,0.004607754243301446,0.003166558185446012,0.022946452520162034,0.0,0.0,"{'I': 0, 'W': 1, 'R': 0, 'C': 'costly'}",False,True,True,1.0,3
1557,1,0.00123002911752654,0.3534859180186744,0.004240294256882952,1.8634855452701322,1.0001269627835891,1.2003801475045857,0.0008882883096272831,0.9999930132094358,0.05,0.0,0.050000000000000044,0.00843526104396025,0.017930735881631556,0.11451085235912466,0.0,0.0,"{'I': 1, 'W': 0, 'R': 1, 'C': 'free'}",False,True,True,1.0,3
1557,2,0.18662128415974585,0.46060730462043614,0.9413601785782939,2.6903379656897655,1.1152998700334837,1.3572404832900224,0.5822977763361419,1.0,0.15,0.4,0.15000000000000002,0.6726596248520473,0.7737578325230243,0.4687327715455488,0.75,0.15000000000000002,"{'I': 1, 'W': 0, 'R': 1, 'C': 'free'}",False,True,True,1.0,3
1557,3,0.023221052329609623,0.5658547349134696,0.1601279191533608,2.418663265171858,1.0049417576999908,1.5091421300816765,0.04339649684182123,1.0,0.3,0.7,0.7,0.5607366234729294,0.729989679535666,0.6503810872776901,0.5,0.75,"{'I': 1, 'W': 0, 'R': 1, 'C': 'free'}",False,True,True,0.6666666666666666,3
1557,4,0.3183676095779714,0.6025634820723778,1.2657986764354938,2.512515109164113,1.2469260572545613,1.5260477270636579,0.9432362743172614,1.0,0.4,0.9,0.35,0.8656409282402733,0.9027514833525947,0.7956928757799019,0.6699999999999999,0.65,"{'I': 1, 'W': 0, 'R': 1, 'C': 'free'}",False,True,True,0.6666666666666666,3
1557,5,0.0834443685881118,0.5797563149861255,0.5589371901500906,2.4957789374815675,1.035644533936104,1.477061087661181,0.2703685526637424,1.0,0.2,0.35,0.6,0.5616870910817409,0.7052910469653879,0.6786554162388481,0.85,0.75,"{'I': 1, 'W': 0, 'R': 1, 'C': 'free'}",False,True,True,0.6666666666666666,3
1557,6,0.08338205770754757,0.5651056218662325,0.399651398413817,2.3188474041304916,1.0249692148401774,1.428777718451933,0.15855787596578041,1.0,0.05,0.9,0.050000000000000044,0.8659400928065977,0.9318193854678722,0.40529460966548775,0.75,0.75,"{'I': 1, 'W': 0, 'R': 1, 'C': 'free'}",True,True,True,0.0,3
1557,7,0.015073978320258061,0.622884958289984,0.027034722375570672,2.7437946947831597,1.0019939329161778,1.5627178254946614,0.009910304410809423,1.0,0.2,0.050000000000000044,0.25,0.34829580961753165,0.5309045893218595,0.59225977282719,0.15000000000000002,0.75,"{'I': 1, 'W': 0, 'R': 1, 'C': 'free'}",False,True,True,0.3333333333333333,3
156,1,0.003076200084064415,0.33781713924057954,0.012799787902385116,2.144638620333926,1.0003736070393912,1.2967670696350713,0.0026113453500004047,0.999999999999983,0.05,0.050000000000000044,0.050000000000000044,0.003581372740533933,0.032993732697386126,0.06710426237592194,0.0,0.050000000000000044,"{'I': 1, 'W': 0, 'R': 1, 'C': 'free'}",False,True,True,1.0,3
156,2,0.08654746397664467,0.3852446684395229,0.5831494293202628,1.883087090200627,1.0462711727256062,1.310322674643724,0.27139829604541144,0.9999999999999993,0.1,0.050000000000000044,0.050000000000000044,0.03308832855081315,0.20136494238273764,0.14770252587656865,0.050000000000000044,0.050000000000000044,"{'I': 1, 'W': 0, 'R': 1, 'C': 'free'}",False,True,True,1.0,3
156,3,0.10481212248990134,0.25595654914744287,0.7098506599159173,1.9601180016553037,1.1588525890178305,1.1544699553612414,0.692550042718068,0.9999950171705737,0.0,0.0,0.0,0.08633287464950921,0.18053663317772084,0.09535194651699068,0.0,0.050000000000000044,"{'I': 0, 'W': 1, 'R': 0, 'C': 'costly'}",False,True,True,0.3333333333333333,3
1560,1,0.00204870522431475,0.13075691172073492,0.012502983203833364,0.990344999516784,1.0002460748362934,1.0834567763224667,0.002702830970655268,0.9953481740232608,0.0,0.0,0.0,0.001675401856063371,0.002777705101248589,0.047422583549343894,0.0,0.0,"{'I': 1, 'W': 0, 'R': 1, 'C': 'free'}",False,True,True,1.0,3
1560,2,0.001094228390065362,0.2585756251219762,0.004602740741504547,1.7937625522228098,1.000110681009857,1.2602093823207845,0.0007744241748552927,0.9999999976989447,0.05,0.0,0.0,0.004629879903291548,0.01587024971842004,0.0031666815345954163,0.0,0.0,"{'I': 1, 'W': 0, 'R': 1, 'C': 'free'}",False,True,True,1.0,3
1560,3,0.004735506114901458,0.21882018725166935,0.049496801320364076,1.5458034583381757,1.0008033605082667,1.1042212037564978,0.008794517845065797,0.9996406535095449,0.0,0.0,0.0,0.0014968753147413273,0.0021814969452156785,0.003592522701325613,0.0,0.0,"{'I': 0, 'W': 1, 'R': 0, 'C': 'costly'}",False,True,True,1.0,3
1574,1,0.11723244570888873,0.47556412361765477,0.6872288072289318,2.563847733612218,1.0388424066690685,1.3787389235875394,0.34241237241514877,1.0,0.2,0.15000000000000002,0.8,0.34831948516644917,0.29376422273121106,0.40677312824296347,0.15000000000000002,0.9,"{'I': 1, 'W': 0, 'R': 1, 'C': 'free'}",False,True,True,1.0,3
1574,2,0.131036638214163,0.5118011929142197,0.5758995059165822,2.343917702641596,1.0364455218832496,1.4363980625055948,0.2754277704128961,1.0,0.2,0.050000000000000044,0.15000000000000002,0.2684495967203392,0.49934497032367486,0.678025892308275,0.15000000000000002,0.35,"{'I': 1, 'W': 0, 'R': 1, 'C': 'free'}",False,True,True,1.0,3
1574,3,0.09941204222809132,0.450146727896745,0.7292884663309438,2.1911519043897796,1.0534646064700603,1.3223810698302207,0.340764771477966,1.0,0.15,0.050000000000000044,0.050000000000000044,0.08500597188007761,0.1819670192834083,0.10637574368083508,0.050000000000000044,0.050000000000000044,"{'I': 1, 'W': 0, 'R': 1, 'C': 'free'}",False,True,True,1.0,3
1574,4,0.016512319400447683,0.46604134003707764,0.11263481777158423,2.2958046289462066,1.0028089181034399,1.4121874266406893,0.022189943159752867,1.0,0.15,0.050000000000000044,0.050000000000000044,0.029314985855433313,0.09516838207637308,0.14804419565760318,0.050000000000000044,0.050000000000000044,"{'I': 1, 'W': 0, 'R': 1, 'C': 'free'}",False,True,True,1.0,3
1574,5,0.03106533515024581,0.42682787235444775,0.12903448084994912,2.310682941463208,1.0062600073153534,1.3155398811960883,0.048698240192937114,1.0,0.05,0.0,0.050000000000000044,0.2222152412999374,0.14780626662661453,0.2683231648778731,0.050000000000000044,0.050000000000000044,"{'I': 0, 'W': 1, 'R': 0, 'C': 'costly'}",False,True,True,0.3333333333333333,3
1614,1,0.28499030743517456,0.22652275434738686,0.7821517658019779,1.1774027409460104,1.157445510073577,1.187487165473793,0.640667815165003,0.9998683878660428,0.0,0.050000000000000044,0.050000000000000044,0.06009398860831858,0.020334315144988423,0.19712784319763707,0.0,0.0,"{'I': 1, 'W': 0, 'R': 1, 'C': 'free'}",False,True,True,1.0,3
1614,2,0.005666414054684241,0.29592528537246554,0.03295107299605196,2.025770460341849,1.0007548606243661,1.2725378214603051,0.006768174775134916,0.9999999029348863,0.05,0.0,0.050000000000000044,0.0019043895959204825,0.005909062231919566,0.009710715305895026,0.0,0.0,"{'I': 1, 'W': 0, 'R': 1, 'C': 'free'}",False,True,True,1.0,3
1614,3,0.07243602874108619,0.22560669377307357,0.6997532867104219,1.3470114603713934,1.0597558370985178,1.154887580721146,0.4403173723858981,0.999935458455282,0.05,0.0,0.0,0.003149434068632018,0.004607896848906684,0.008553890936015747,0.0,0.0,"{'I': 1, 'W': 0, 'R': 1, 'C': 'free'}",False,True,True,1.0,3
1614,4,0.007711326100152546,0.3462597383711932,0.058758891841369426,1.8969897015029902,1.0013083554056328,1.2197052811354254,0.010405486458054614,0.9999990834488587,0.0,0.0,0.0,0.001686742211277051,0.002181910082001444,0.011180153846425456,0.0,0.0,"{'I': 0, 'W': 1, 'R': 0, 'C': 'costly'}",False,True,True,1.0,3
1621,1,0.027257689965659627,0.2701124759946238,0.3033929424583247,1.9164681314403704,1.0055389560179606,1.1869836524888133,0.07441694819559075,0.9999999995831661,0.05,0.050000000000000044,0.050000000000000044,0.46868085459720993,0.20179731471359777,0.3774756675677689,0.050000000000000044,0.050000000000000044,"{'I': 1, 'W': 0, 'R': 1, 'C': 'free'}",False,True,True,1.0,3
1621,2,0.009450354738221782,0.38795100877890354,0.09975753052426291,1.83928845496279,1.0017767699267948,1.2830434385373484,0.024546420811468073,0.9999999999999949,0.05,0.050000000000000044,0.050000000000000044,0.037075677285022396,0.07587046737063989,0.05318793104012178,0.050000000000000044,0.050000000000000044,"{'I': 1, 'W': 0, 'R': 1, 'C': 'free'}",False,True,True,1.0,3
1621,3,0.1287724702078906,0.4248923132718765,0.8275773606763744,2.000602223234633,1.0628416513562757,1.3310562358816493,0.5991595716651208,1.0,0.05,0.050000000000000044,0.050000000000000044,0.40527175013208266,0.3193748574443949,0.3194120470556498,0.050000000000000044,0.050000000000000044,"{'I': 1, 'W': 0, 'R': 1, 'C': 'free'}",False,True,True,1.0,3
1621,4,0.0013209157342757311,0.32714709943695425,0.00987790787851447,2.022100725098628,1.0001501681311513,1.2724040938065067,0.0020999879321710324,0.9999999999999344,0.05,0.0,0.050000000000000044,0.010968085800305446,0.05998232685153916,0.3197102753064565,0.0,0.050000000000000044,"{'I': 1, 'W': 0, 'R': 1, 'C': 'free'}",False,True,True,1.0,3
1621,5,0.0024631312458786936,0.17648630421354872,0.014223668848033196,1.3971312258662907,1.0003076913392692,1.1326667930960208,0.0024581259442710834,0.9999998654063326,0.0,0.0,0.0,0.0016988601607980799,0.00668334204638127,0.02294268685282073,0.0,0.0,"{'I': 0, 'W': 1, 'R': 0, 'C': 'costly'}",False,True,True,1.0,3
1636,1,0.06654168914721466,0.28931914495021316,0.5264896996869698,1.1855563530399806,1.0271274514856437,1.2129321645414808,0.21407523982568677,0.999209232111241,0.0,0.0,0.050000000000000044,0.0024215894003052126,0.005917649520493311,0.30441710676614636,0.0,0.0,"{'I': 1, 'W': 0, 'R': 1, 'C': 'free'}",False,True,True,1.0,3
1636,2,0.0035172949767693145,0.2480924241879124,0.01023129652243732,1.7762373754349439,1.0004157047687419,1.1789726780367946,0.0037335782867383704,0.9999159985505724,0.05,0.0,0.0,0.0019044059278773844,0.009707313230586535,0.0059264345669504375,0.0,0.0,"{'I': 1, 'W': 0, 'R': 1, 'C': 'free'}",False,True,True,1.0,3
1636,3,0.00670941201246565,0.2818471605377295,0.04888285969411223,1.5596843964124822,1.0008771577903415,1.2003703750664967,0.008729408638641245,0.9999998742315716,0.0,0.0,0.0,0.004119949160939708,0.006677301617894483,0.005248041022542271,0.0,0.0,"{'I': 0, 'W': 1, 'R': 0, 'C': 'costly'}",False,True,True,1.0,3
166,1,0.14445528529665014,0.13064628508484655,0.7071299203307478,0.8391456742031214,1.0487654497609604,1.0844991416063017,0.21185133947761559,0.976041687775063,0.0,0.0,0.050000000000000044,0.008508733327532625,0.014007582584417318,0.20175038894387956,0.0,0.0,"{'I': 1, 'W': 0, 'R': 1, 'C': 'free'}",False,True,True,0.6666666666666666,3
166,2,0.1414681457235498,0.5373448514285541,0.5800271207113256,2.060075104434218,1.0480614762391902,1.4001260925186352,0.28006598210490374,0.9999999934741115,0.1,0.050000000000000044,0.050000000000000044,0.003168921091777451,0.09462890810816085,0.13296654070593775,0.0,0.050000000000000044,"{'I': 1, 'W': 0, 'R': 1, 'C': 'free'}",False,True,True,0.6666666666666666,3
166,3,0.16689076439514322,0.49692069870618444,1.1575992037315876,2.0053062798409442,1.11994248490003,1.3943726978355913,0.7123614562251493,0.999999999999999,0.1,0.050000000000000044,0.050000000000000044,0.6201715977276963,0.7298751063172405,0.5603294587876316,0.5,0.75,"{'I': 1, 'W': 0, 'R': 1, 'C': 'free'}",False,True,True,1.0,3
166,4,0.0035425407531574867,0.25855613775892244,0.02035229936049359,2.045654035733545,1.0004416686964988,1.2029325557386632,0.003966254259869628,0.9999441256823676,0.05,0.0,0.0,0.00961721350334407,0.16397421043281182,0.22132810163002972,0.0,0.0,"{'I': 1, 'W': 0, 'R': 1, 'C': 'free'}",False,True,True,1.0,3
166,5,0.004163269296922469,0.23491151858247486,0.02659168329024568,1.8921490535008494,1.000590513175602,1.1766747239720243,0.006472689118422137,0.9999994852714971,0.05,0.0,0.050000000000000044,0.029286006330206022,0.18183022782898042,0.13223514186506102,0.0,0.050000000000000044,"{'I': 1, 'W': 0, 'R': 1, 'C': 'free'}",False,True,True,1.0,3
166,6,0.0012617021828825723,0.1987661128520246,0.0022598893706922214,1.7210002585309725,1.0001176334720394,1.116083953972949,0.0005879598526496999,0.9999736305526563,0.0,0.0,0.0,0.029256454056760656,0.014048213790793742,0.022905959182705552,0.0,0.0,"{'I': 0, 'W': 1, 'R': 0, 'C': 'costly'}",False,True,True,0.6666666666666666,3
1669,1,0.006621869741973067,0.2801655583307741,0.02773058230037472,1.6155219092239703,1.0009051379526854,1.2202084241298083,0.007211698497579078,0.9999133834047254,0.0,0.0,0.0,0.002233393624335779,0.0024665511050112154,0.010852260558223047,0.0,0.0,"{'I': 1, 'W': 0, 'R': 1, 'C': 'free'}",False,True,True,1.0,3
1669,2,0.14611590203702837,0.28638547701450556,1.4981705575451407,2.0212488308361127,1.100656724769473,1.1878915845443536,0.9931750158284408,0.9999999212585399,0.0,0.0,0.0,0.009707633157875538,0.00521885079609306,0.033085478551649825,0.0,0.0,"{'I': 0, 'W': 1, 'R': 0, 'C': 'costly'}",False,True,True,1.0,3
1707,1,0.021644862654007144,0.3128419871774495,0.0826542337704083,2.1827512578390835,1.0036587274343745,1.2500710755508555,0.028793731757586594,0.9999999998963128,0.05,0.050000000000000044,0.050000000000000044,0.09329764160513287,0.13266574518704954,0.15887626618985254,0.050000000000000044,0.050000000000000044,"{'I': 1, 'W': 0, 'R': 1, 'C': 'free'}",False,True,True,1.0,3
1707,2,0.072105573230922,0.35513425593149317,0.3270638692686017,2.2488918409635446,1.0169490589354877,1.2573510732825746,0.19626956148939734,1.0,0.05,0.050000000000000044,0.15000000000000002,0.6504899857571097,0.704687719502044,0.677303264725603,0.5,0.25,"{'I': 1, 'W': 0, 'R': 1, 'C': 'free'}",False,True,True,0.6666666666666666,3
1707,3,0.31227228193806494,0.36340764221696265,1.788334598676216,2.2158657103514336,1.2571872308313305,1.2653723623894646,0.9489729450527367,0.9999999999999999,0.1,0.050000000000000044,0.050000000000000044,0.5908627600861245,0.7516355773631108,0.5860846613021803,0.5,0.75,"{'I': 1, 'W': 0, 'R': 1, 'C': 'free'}",False,True,True,0.0,3
1707,4,0.03494316638264771,0.44790519247571353,0.36848646286976405,2.683079730953394,1.0100108806207113,1.3837349366742324,0.13878970154699288,1.0,0.1,0.9,0.4,0.851404392968518,0.8166433055459442,0.7973180034857023,0.6699999999999999,0.65,"{'I': 1, 'W': 0, 'R': 1, 'C': 'free'}",False,True,True,0.0,3
1707,5,0.0314066582303987,0.5375788497907555,0.27037329571287044,1.9896107205811873,1.0089867484843205,1.374638882409433,0.07736306192345066,0.9999999999982054,0.15,0.15000000000000002,0.050000000000000044,0.20171203094927612,0.434839579094351,0.44210680645191897,0.15000000000000002,0.050000000000000044,"{'I': 1, 'W': 0, 'R': 1, 'C': 'free'}",False,True,True,1.0,3
1707,6,0.10726170301852463,0.34979655511098806,0.6565833209318527,1.677988117770693,1.2065924119415605,1.268481083087723,0.8155177053198756,0.9999999711418579,0.05,0.0,0.0,0.24508138934966733,0.34692360159500063,0.26892908046134295,0.050000000000000044,0.050000000000000044,"{'I': 1, 'W': 0, 'R': 1, 'C': 'free'}",False,True,True,1.0,3
1707,7,0.0007932375691234645,0.4125476291501438,0.002108139106183501,2.0676664841064856,1.0000780634150996,1.2814158398588698,0.0006242879975852933,1.0,0.1,0.050000000000000044,0.050000000000000044,0.05337540521232209,0.32058356296415597,0.20167069288221812,0.050000000000000044,0.050000000000000044,"{'I': 1, 'W': 0, 'R': 1, 'C': 'free'}",False,True,True,1.0,3
1720,1,0.002602545663813296,0.38581662403110406,0.011251435453570992,1.820391675621827,1.0002976039584515,1.2863278829353146,0.0026744544060666176,0.999999999999903,0.05,0.050000000000000044,0.050000000000000044,0.010987376615800891,0.05304348745046965,0.04744756498077982,0.0,0.0,"{'I': 1, 'W': 0, 'R': 1, 'C': 'free'}",False,True,True,1.0,3
1720,2,0.21665996400558157,0.6160474082426156,0.5421113512070813,2.2105436445421662,1.0761909873358524,1.5505848345974558,0.30728714586966765,1.0,0.05,0.050000000000000044,0.15000000000000002,0.20098342056109259,0.4058941750055361,0.5605438947859385,0.050000000000000044,0.15000000000000002,"{'I': 1, 'W': 0, 'R': 1, 'C': 'free'}",False,True,True,1.0,3
1720,3,0.22016729816004316,0.45264284939364813,0.6302711764616541,2.686345552729047,1.0536494359833561,1.35467996567753,0.22994932669685542,1.0,0.05,0.9,0.7,0.32060662231653625,0.7305056466068617,0.7053758213074796,0.15000000000000002,0.75,"{'I': 1, 'W': 0, 'R': 1, 'C': 'free'}",False,True,True,1.0,3
1720,4,0.1196081115607169,0.349172189026094,0.5586243188019651,2.35128157194273,1.0365135489100357,1.224461905631119,0.16415628151984785,1.0,0.05,0.0,0.050000000000000044,0.4377836775849988,0.3770072261408363,0.5903712546982895,0.050000000000000044,0.15000000000000002,"{'I': 0, 'W': 1, 'R': 0, 'C': 'costly'}",False,True,True,0.3333333333333333,3
1727,1,0.005887313948091786,0.32073942608581113,0.05225955460243416,1.5797229604907672,1.0009175886789565,1.2486013570624626,0.009129747957752787,0.9999999413571857,0.05,0.0,0.050000000000000044,0.10483150429581513,0.16266233740627,0.2809563440182605,0.0,0.0,"{'I': 1, 'W': 0, 'R': 1, 'C': 'free'}",False,True,True,1.0,3
1727,2,0.033069091355655465,0.30441235508707926,0.19241361355104103,1.7981361262212143,1.00825792620144,1.1284803276087405,0.04814645614576962,0.9996959797602831,0.0,0.0,0.0,0.042086764660266174,0.24506294172613607,0.18348391421692134,0.0,0.15000000000000002,"{'I': 0, 'W': 1, 'R': 0, 'C': 'costly'}",False,True,True,0.0,3
1748,1,0.00182245763825925,0.1022087820130649,0.008747969412654847,0.738199657285116,1.0001990994693624,1.0368628548389527,0.0015913696399187938,0.7733133054325808,0.0,0.0,0.0,0.0016728813452780752,0.01789807523926558,0.21765073452786152,0.0,0.0,"{'I': 1, 'W': 0, 'R': 1, 'C': 'free'}",False,True,True,1.0,3
1748,2,0.003075086170816945,0.2082020161123461,0.012937523965095126,1.2404902739345685,1.00035161880053,1.1393097974732254,0.002107118884325576,0.9997298751258761,0.05,0.0,0.0,0.0014973699279244965,0.008554624764161892,0.0019246532897263286,0.0,0.0,"{'I': 1, 'W': 0, 'R': 1, 'C': 'free'}",False,True,True,1.0,3
1748,3,0.0015659028009297432,0.08883839488529596,0.009172644648934188,1.6941129299360136,1.0001639492816998,1.0400390311639944,0.0013106271249713197,0.9719144497172082,0.0,0.0,0.0,0.0027988838940700422,0.0014993394243135146,0.004068714073159866,0.0,0.0,"{'I': 0, 'W': 1, 'R': 0, 'C': 'costly'}",False,True,True,0.6666666666666666,3
1757,1,0.01658761237322969,0.24414707599796703,0.0578750869391104,1.2262010374520864,1.0026439604476238,1.2237704491905774,0.015717990526907255,0.9999724829432342,0.0,0.0,0.0,0.003901142878167368,0.020233040549371657,0.13294305108452667,0.0,0.0,"{'I': 1, 'W': 0, 'R': 1, 'C': 'free'}",False,True,True,1.0,3
1757,2,0.004931483253436474,0.23186855235267623,0.029644160264756286,2.239414446993534,1.0007207374591498,1.1790125247985734,0.005747243862372908,0.9999999999573588,0.05,0.0,0.050000000000000044,0.011048694580197818,0.11888652823242278,0.11826692946619112,0.0,0.0,"{'I': 1, 'W': 0, 'R': 1, 'C': 'free'}",False,True,True,1.0,3
1757,3,0.0003764914839626537,0.1833471117360787,0.0010998633015957752,1.6866983121181855,1.0000321262470473,1.1640262713956784,0.0002569728249103287,0.9999999776993632,0.0,0.0,0.0,0.002180793851594912,0.001922416286505908,0.05340703215578166,0.0,0.0,"{'I': 0, 'W': 1, 'R': 0, 'C': 'costly'}",False,True,True,1.0,3
1768,1,0.003090557086115669,0.3526762483485799,0.012474944777784047,2.2332039268326165,1.0003605991947062,1.29556091993687,0.002880118034745305,0.9999999999987992,0.1,0.15000000000000002,0.050000000000000044,0.15141520983658321,0.14733687920388022,0.13295137751478794,0.050000000000000044,0.050000000000000044,"{'I': 1, 'W': 0, 'R': 1, 'C': 'free'}",False,True,True,1.0,3
1768,2,0.009297978630408576,0.32047495197040343,0.09953141449417227,1.8987703004440823,1.0018219140545093,1.2355136725621305,0.021606244106794126,0.9999999807333897,0.05,0.050000000000000044,0.050000000000000044,0.0028386832365610145,0.020331372950784604,0.00527373286460041,0.050000000000000044,0.0,"{'I': 1, 'W': 0, 'R': 1, 'C': 'free'}",False,True,True,1.0,3
1768,3,0.11612439286398929,0.2168764496381538,0.6944729948909147,1.7802944883428518,1.1112942796392633,1.1556748665230276,0.46908435047634744,0.9999854904636947,0.0,0.0,0.0,0.0040682436817847355,0.004065044887487201,0.010945462058347632,0.0,0.0,"{'I': 0, 'W': 1, 'R': 0, 'C': 'costly'}",False,True,True,1.0,3
1771,1,0.00163313066041119,0.16773035661221178,0.0039515312559507375,1.1214178407836075,1.0001697213805214,1.10736718149292,0.0010177236445139126,0.9830825826125054,0.0,0.0,0.0,0.004024220301685695,0.0058770838128644354,0.07450350851656043,0.0,0.0,"{'I': 1, 'W': 0, 'R': 1, 'C': 'free'}",False,True,True,1.0,3
1771,2,0.002649579815735358,0.31047695712288204,0.01657142315908563,1.6045132146569694,1.0003393428923133,1.2041279778572063,0.0027106022937724017,0.9996603151598566,0.05,0.0,0.0,0.0014945755161790808,0.010972183939462867,0.010960201287158954,0.0,0.0,"{'I': 1, 'W': 0, 'R': 1, 'C': 'free'}",False,True,True,1.0,3
1771,3,0.018801395321852665,0.2653681209569135,0.09045012443269979,2.1356092713721218,1.0037074565483002,1.1725522411618372,0.0183328746881819,0.9999991751664778,0.0,0.0,0.0,0.0019263290958987174,0.0016994264796368593,0.0031653766667248985,0.0,0.0,"{'I': 0, 'W': 1, 'R': 0, 'C': 'costly'}",False,True,True,1.0,3
1781,1,0.20247847686242523,0.4836359376938835,0.7335127303166225,2.1193721658678544,1.136554009667425,1.443144824586338,0.6839983910748713,1.0,0.05,0.050000000000000044,0.050000000000000044,0.34539192592459594,0.43619641498863965,0.4627136020538104,0.050000000000000044,0.050000000000000044,"{'I': 1, 'W': 0, 'R': 1, 'C': 'free'}",False,True,True,1.0,3
1781,2,0.003709222428542226,0.5815236568784318,0.012855120068783811,2.280177055454304,1.0004293583636104,1.5831240784082399,0.003855942628508968,1.0,0.1,0.050000000000000044,0.050000000000000044,0.1654830511575948,0.34757997543229074,0.16452213352892509,0.050000000000000044,0.050000000000000044,"{'I': 1, 'W': 0, 'R': 1, 'C': 'free'}",False,True,True,1.0,3
1781,3,0.2074522553687247,0.5190903940272208,0.8215887352057784,2.1775236605491735,1.1026729696973137,1.4030701427575598,0.5850655992912698,1.0,0.2,0.050000000000000044,0.050000000000000044,0.24457565959610117,0.4066554090898066,0.347719070821788,0.15000000000000002,0.75,"{'I': 1, 'W': 0, 'R': 1, 'C': 'free'}",False,True,True,0.0,3
1781,4,0.20408317313353957,0.533582543731448,0.5854775990659186,2.286957071432804,1.2244645177751055,1.4405398843463333,0.8383840731857211,1.0,0.2,0.0,0.050000000000000044,0.7016672896338264,0.5293230699073065,0.7271979514543099,0.9,0.15000000000000002,"{'I': 1, 'W': 0, 'R': 1, 'C': 'free'}",False,True,True,0.0,3
1781,5,0.0435076230666689,0.49513775597282483,0.36111808840118825,1.905139549775331,1.0117667824968086,1.4490820882219868,0.1510655390249488,1.0,0.15,0.15000000000000002,0.050000000000000044,0.268924436783652,0.40554147339911006,0.46871160971173503,0.050000000000000044,0.050000000000000044,"{'I': 1, 'W': 0, 'R': 1, 'C': 'free'}",False,True,True,1.0,3
1781,6,0.028385717512969606,0.4857891354056883,0.5168391468776652,2.317777717601721,1.0117234630737457,1.4693004650932266,0.2079300052202958,1.0,0.1,0.050000000000000044,0.050000000000000044,0.05332259948027662,0.18207020049779749,0.2439159975798106,0.050000000000000044,0.050000000000000044,"{'I': 1, 'W': 0, 'R': 1, 'C': 'free'}",False,True,True,1.0,3
1781,7,0.015884394245027057,0.3571905608863785,0.2861263774195373,2.4698460969843947,1.003967174544263,1.2698440250815002,0.07613241248124858,1.0,0.0,0.0,0.0,0.13296258546567832,0.18214558882792498,0.20131907494042695,0.0,0.050000000000000044,"{'I': 0, 'W': 1, 'R': 0, 'C': 'costly'}",False,True,True,1.0,3
1790,1,0.12752174731639815,0.5129449677235121,0.9269560410375415,2.426891614373239,1.0495978791798566,1.4137939055362043,0.5162111748292464,1.0,0.2,0.15000000000000002,0.09999999999999998,0.46747312087574394,0.4369060179358454,0.5587827173406673,0.75,0.050000000000000044,"{'I': 1, 'W': 0, 'R': 1, 'C': 'free'}",False,True,True,1.0,3
1790,2,0.13052792381096523,0.5281328567552377,0.5343802100776449,1.7271128121427157,1.0510190332954161,1.4056833332110805,0.2941280345723235,0.9999999999992532,0.15,0.050000000000000044,0.050000000000000044,0.00857875705685756,0.06738207604723329,0.5854700582517536,0.050000000000000044,0.050000000000000044,"{'I': 1, 'W': 0, 'R': 1, 'C': 'free'}",False,True,True,1.0,3
1790,3,0.028469735099079508,0.5410827436774219,0.20812916505333423,2.0236314035210494,1.0066776813793221,1.4560636519273251,0.051851245882552965,1.0,0.15,0.050000000000000044,0.050000000000000044,0.08495980393343901,0.22236541803399096,0.24377001341452528,0.15000000000000002,0.050000000000000044,"{'I': 1, 'W': 0, 'R': 1, 'C': 'free'}",False,True,True,1.0,3
1790,4,0.029627023727912087,0.5093753525617917,0.17662848523910574,2.616739335126792,1.0068408723257314,1.4271205481633487,0.04660221366955264,1.0,0.15,0.050000000000000044,0.050000000000000044,0.025955158504236936,0.13245157116509265,0.43777469777938555,0.050000000000000044,0.050000000000000044,"{'I': 1, 'W': 0, 'R': 1, 'C': 'free'}",False,True,True,1.0,3
1790,5,0.3010886169988726,0.5466422828862275,1.4330431316744723,2.405635362847216,1.1732882903804087,1.5424272413724565,0.7215404550301474,1.0,0.2,0.15000000000000002,0.5,0.16445203632761057,0.5618535188197946,0.37581580794958247,0.050000000000000044,0.75,"{'I': 1, 'W': 0, 'R': 1, 'C': 'free'}",False,True,True,1.0,3
1790,6,0.12126772485505773,0.4524765441944539,0.5931935429555186,2.7060299873526827,1.0381450312765315,1.3735082518748238,0.3375369293752667,1.0,0.3,0.050000000000000044,0.7,0.18231423214662196,0.4071561947440507,0.8669419067540753,0.15000000000000002,0.75,"{'I': 1, 'W': 0, 'R': 1, 'C': 'free'}",False,True,True,1.0,3
1790,7,0.007187734111107992,0.49639934092955107,0.06276483576134882,2.317883815802281,1.0011970909114511,1.4095298294724585,0.014253936494872832,1.0,0.3,0.050000000000000044,0.25,0.24488795118153947,0.37731237396882217,0.46719939347897316,0.15000000000000002,0.35,"{'I': 1, 'W': 0, 'R': 1, 'C': 'free'}",False,True,True,1.0,3
1801,1,0.003532547626004072,0.32290974765802144,0.018307303997696287,1.4728882017038492,1.0004553382702202,1.2294713386348175,0.004088730005506691,0.9999988016463317,0.05,0.0,0.050000000000000044,0.010986702307526314,0.007523189127991194,0.10441704334950613,0.0,0.0,"{'I': 1, 'W': 0, 'R': 1, 'C': 'free'}",False,True,True,1.0,3
1801,2,0.05782954947087928,0.5123041070417952,0.3170607609711855,2.3924887219538813,1.01757674678632,1.3306604555875126,0.09926517254578804,1.0,0.05,0.050000000000000044,0.15000000000000002,0.296052578013894,0.29348343083156075,0.18168264437769482,0.050000000000000044,0.15000000000000002,"{'I': 1, 'W': 0, 'R': 1, 'C': 'free'}",False,True,True,1.0,3
1801,3,0.003034843582135254,0.5773840943086063,0.018230950051833013,2.421618630514559,1.0003909151698778,1.5000988897790308,0.003511369713899315,1.0,0.15,0.050000000000000044,0.050000000000000044,0.22269521490522245,0.5283067254882878,0.2689279650468012,0.15000000000000002,0.75,"{'I': 1, 'W': 0, 'R': 1, 'C': 'free'}",False,True,True,1.0,3
1801,4,0.00522904357605247,0.3035740080765588,0.010565268725411475,1.9774381484386951,1.000597096490561,1.2230797281029624,0.0035751038400133606,0.999999993984776,0.0,0.0,0.0,0.025956309639421138,0.029279657718582423,0.029315265997739502,0.0,0.0,"{'I': 0, 'W': 1, 'R': 0, 'C': 'costly'}",False,True,True,1.0,3
1828,1,0.1696531557647327,0.4926375488515357,0.7366739855298602,2.767224915189785,1.0503000237081557,1.4121836451714156,0.4171552729014488,1.0,0.15,0.050000000000000044,0.6,0.7542849410075488,0.7040176920923334,0.43671275026307577,0.75,0.9,"{'I': 1, 'W': 0, 'R': 1, 'C': 'free'}",False,True,True,0.6666666666666666,3
1828,2,0.19038277959678587,0.4903758880187672,0.6500583630111492,1.8751149469044608,1.0632629069079869,1.4020525142151625,0.3079204443245468,1.0,0.2,0.050000000000000044,0.050000000000000044,0.047320726414365785,0.1815966453878331,0.43494487843523094,0.050000000000000044,0.15000000000000002,"{'I': 1, 'W': 0, 'R': 1, 'C': 'free'}",False,True,True,1.0,3
1828,3,0.17491898969080907,0.4034110081803496,0.5317685129283825,2.2858212067521624,1.0831475145849871,1.2725260716057707,0.3807381085303385,0.9999999992165739,0.0,0.0,0.0,0.01406278597463386,0.022947162355752934,0.04190792894256429,0.0,0.0,"{'I': 0, 'W': 1, 'R': 0, 'C': 'costly'}",False,True,True,1.0,3
1855,1,0.08119809789754655,0.4536256417842686,0.44383678510437896,1.8087690223165052,1.020043982772726,1.377282641912387,0.11225832104833722,0.9999999999999762,0.05,0.050000000000000044,0.09999999999999998,0.06980631509143652,0.1468816653033992,0.17886229450442334,0.050000000000000044,0.050000000000000044,"{'I': 1, 'W': 0, 'R': 1, 'C': 'free'}",False,True,True,1.0,3
1855,2,0.25195134047050466,0.4891905525185897,0.7696109482804219,1.9306040314347512,1.142636192947494,1.4162741989572276,0.8453719307264238,1.0,0.2,0.4,0.15000000000000002,0.7302409853444518,0.753813132089272,0.4674796341470433,0.8,0.25,"{'I': 1, 'W': 0, 'R': 1, 'C': 'free'}",False,True,True,1.0,3
1855,3,0.1169648930997253,0.47064588095451676,1.3309645003518111,2.040065161062452,1.0480267283888482,1.435365660132685,0.5278910228167315,1.0,0.2,0.35,0.050000000000000044,0.7051069752085821,0.6217176558997742,0.4366725038598874,0.5,0.35,"{'I': 1, 'W': 0, 'R': 1, 'C': 'free'}",False,True,True,1.0,3
1855,4,0.07617258659450366,0.5249299990738385,0.3533722605315707,2.192885782903143,1.020516280321327,1.4573089595561792,0.14995777253139464,1.0,0.1,0.050000000000000044,0.15000000000000002,0.1479778769406878,0.3771376272035981,0.468248323632365,0.050000000000000044,0.15000000000000002,"{'I': 1, 'W': 0, 'R': 1, 'C': 'free'}",False,True,True,1.0,3
1855,5,0.009652523297297495,0.48084618881739205,0.07434017499775981,2.4364231970174304,1.001720311046598,1.373629138965719,0.015350458998391048,1.0,0.1,0.050000000000000044,0.050000000000000044,0.11901198718582282,0.22170613671977546,0.2928443407197786,0.050000000000000044,0.050000000000000044,"{'I': 1, 'W': 0, 'R': 1, 'C': 'free'}",False,True,True,1.0,3
1855,6,0.02491793636681187,0.40812206572146126,0.1060371288357902,2.3615953660726356,1.0041542237140388,1.3141895550882612,0.0406086322428153,1.0,0.2,0.9,0.7,0.7051181156032263,0.7765882071561145,0.7538269063844952,0.35,0.75,"{'I': 1, 'W': 0, 'R': 1, 'C': 'free'}",False,True,True,1.0,3
1855,7,0.05891090339717192,0.49789305127622846,0.3905061807437593,2.469741764872745,1.0139145265519836,1.3662949257181347,0.12906338961240105,0.9999999999999796,0.1,0.050000000000000044,0.15000000000000002,0.5616197809233235,0.6216203775987049,0.43655982900731755,0.15000000000000002,0.75,"{'I': 1, 'W': 0, 'R': 1, 'C': 'free'}",False,True,True,1.0,3
1858,1,0.029589194818390552,0.36608773472649486,0.16935025072231438,2.0018803176358033,1.0055605945435253,1.2567630256341304,0.03272375202517619,0.9999999999848163,0.05,0.050000000000000044,0.050000000000000044,0.1713549772320868,0.14803953801359357,0.2160982717736467,0.0,0.050000000000000044,"{'I': 1, 'W': 0, 'R': 1, 'C': 'free'}",False,True,True,1.0,3
1858,2,0.003795057045818399,0.48120640254478186,0.014939790351074478,2.1710041349060267,1.0004659413616561,1.3459348449313615,0.0027910947003654263,1.0,0.05,0.050000000000000044,0.050000000000000044,0.06746008445849695,0.13276935612918073,0.2014204745347594,0.050000000000000044,0.050000000000000044,"{'I': 1, 'W': 0, 'R': 1, 'C': 'free'}",False,True,True,1.0,3
1858,3,0.0007963878549208057,0.2530072361214857,0.0036846928605605003,1.9567790721953133,1.0000756893770453,1.1677281755033941,0.00045401598003269594,0.9999999971971711,0.0,0.0,0.050000000000000044,0.005876430838864597,0.03727931997512904,0.0953524417826382,0.0,0.0,"{'I': 0, 'W': 1, 'R': 0, 'C': 'costly'}",False,True,True,1.0,3
1885,1,0.0428344455607511,0.5475727203544677,0.1828576794597174,2.0029647486362605,1.0081051505112673,1.4269235819577217,0.054940472439027555,1.0,0.05,0.050000000000000044,0.050000000000000044,0.05295379840339761,0.0849778929167164,0.0830519067923074,0.050000000000000044,0.050000000000000044,"{'I': 1, 'W': 0, 'R': 1, 'C': 'free'}",False,True,True,1.0,3
1885,2,0.03434772004466619,0.5783116625643137,0.1370101526296023,2.15740828263716,1.0066256128404412,1.4995900631948982,0.03247962967697582,1.0,0.2,0.35,0.15000000000000002,0.34748867354191193,0.5900760290492443,0.40576915454745005,0.5,0.15000000000000002,"{'I': 1, 'W': 0, 'R': 1, 'C': 'free'}",False,True,True,0.3333333333333333,3
1885,3,0.013958132181735763,0.4513574304733399,0.0661829494180593,2.1790086824995982,1.0022242609647434,1.3531748168614417,0.015432220556883536,1.0,0.2,0.35,0.7,0.40551892521719063,0.5903991668572056,0.3763047154384107,0.5,0.75,"{'I': 1, 'W': 0, 'R': 1, 'C': 'free'}",False,True,True,0.6666666666666666,3
1885,4,0.008051136725384394,0.40233628479683126,0.02751634350749726,2.9503625029614056,1.0011898257299015,1.3272868856640767,0.0082892819932191,1.0,0.2,0.050000000000000044,0.050000000000000044,0.025955176140742584,0.24502263773558472,0.34862483823494755,0.050000000000000044,0.15000000000000002,"{'I': 1, 'W': 0, 'R': 1, 'C': 'free'}",False,True,True,0.0,3
1885,5,0.3767163234011243,0.378184394010643,2.8152092917506515,2.8152092917506515,1.2961855986168163,1.2975036239878734,1.0,1.0,,,0.5,,,0.8174213769347412,,0.75,,False,True,False,,
1885,6,0.011013145042394926,0.3248679306084017,0.07449014543846355,2.169904966606186,1.0020661822608792,1.2511211509027795,0.014344477904018826,0.9999999999999878,0.1,0.050000000000000044,0.0,0.1328150996656015,0.3204837231175892,0.24449145859365623,0.050000000000000044,0.050000000000000044,"{'I': 1, 'W': 0, 'R': 1, 'C': 'free'}",False,True,True,0.6666666666666666,3
1885,7,0.07484468162031967,0.41864140656995047,0.5289693945760653,2.961690676935294,1.0185434669425801,1.367257116311885,0.1829949189860116,1.0,0.3,0.050000000000000044,0.7,0.5926078722369406,0.6513012904729351,0.7548158835002514,0.15000000000000002,0.8,"{'I': 1, 'W': 0, 'R': 1, 'C': 'free'}",False,True,True,0.6666666666666666,3
1886,1,0.18657918156453487,0.4390269329269532,0.8149117827157395,2.3723175970122092,1.3750098352832076,1.344469557796661,0.9217375277283086,1.0,,0.050000000000000044,0.050000000000000044,0.2941740238818725,0.24433193661077254,0.22171434404517443,0.050000000000000044,0.050000000000000044,"{'I': 1, 'W': 0, 'R': 1, 'C': 'free'}",False,True,True,1.0,3
1886,2,0.000803530959824704,0.2926435729995668,0.002737953105029682,1.5511639648751434,1.0000794913801652,1.1981786460025807,0.0005562627747138782,0.9999997463775613,0.05,0.0,0.0,0.0024718242908010955,0.01584828736253033,0.017986106960132014,0.0,0.0,"{'I': 1, 'W': 0, 'R': 1, 'C': 'free'}",False,True,True,1.0,3
1886,3,0.052312750625001875,0.29005559210521364,0.450402186300326,1.9301760326084856,1.0204835448019536,1.1962907618426892,0.16680636300637386,0.999999976449583,0.0,0.0,0.0,0.008556100000842554,0.02590890859663012,0.04739366218262718,0.0,0.0,"{'I': 0, 'W': 1, 'R': 0, 'C': 'costly'}",False,True,True,0.6666666666666666,3
1887,1,0.01586374626496456,0.2775066797272512,0.07011535361558335,1.5627924519013605,1.0027357303276474,1.195518586773243,0.016258352906955098,0.9996764323925549,0.0,0.0,0.050000000000000044,0.012218309829445948,0.009627840041712094,0.288119878907955,0.0,0.0,"{'I': 1, 'W': 0, 'R': 1, 'C': 'free'}",False,True,True,1.0,3
1887,2,0.001183210412895018,0.25147759286000293,0.006577322642099897,1.734946248349536,1.0001360479919406,1.1418014986388014,0.0009518179014622596,0.9999961409288749,0.05,0.0,0.0,0.01798369035671439,0.046952547381175214,0.029253851853396552,0.0,0.0,"{'I': 1, 'W': 0, 'R': 1, 'C': 'free'}",False,True,True,1.0,3
1887,3,0.08771125689240607,0.44784858307419373,0.705223050250532,2.5467559834768827,1.0898105337242066,1.3740443484726816,0.5768542466030799,1.0,0.1,0.050000000000000044,0.050000000000000044,0.06747652494149692,0.16438380782849502,0.8344447552027435,0.050000000000000044,0.050000000000000044,"{'I': 1, 'W': 0, 'R': 1, 'C': 'free'}",False,True,True,1.0,3
1887,4,0.024808927273778134,0.5159425138212718,0.09093019535395822,2.2708173540550747,1.0039796695244685,1.3982056909046827,0.042748850180369224,1.0,0.1,0.050000000000000044,0.050000000000000044,0.29370457988021603,0.43596505341815495,0.31971975303021166,0.050000000000000044,0.15000000000000002,"{'I': 1, 'W': 0, 'R': 1, 'C': 'free'}",False,True,True,0.0,3
1887,5,0.08215226088250452,0.6175985300452249,0.36848951892261433,2.525464958232584,1.0240316909800065,1.5936414054300194,0.19243139621777405,1.0,0.2,0.35,0.5,0.6504382410832839,0.8346260720607249,0.7047127223237123,0.65,0.75,"{'I': 1, 'W': 0, 'R': 1, 'C': 'free'}",False,True,True,1.0,3
1887,6,0.005170874380222601,0.5327312253973862,0.013822673210884585,2.38686637212385,1.000570329322318,1.42782857065423,0.003415155523131763,1.0,0.2,0.050000000000000044,0.050000000000000044,0.20171154172533426,0.2940812590444301,0.4069969790375555,0.050000000000000044,0.050000000000000044,"{'I': 1, 'W': 0, 'R': 1, 'C': 'free'}",False,True,True,1.0,3
1887,7,0.00426320489536201,0.5845539745868396,0.01654657438945964,2.126721213548353,1.000568838506448,1.4416173472948124,0.004539081323792327,1.0,0.2,0.050000000000000044,0.15000000000000002,0.22236425746591004,0.5601104481542951,0.43694863658353567,0.15000000000000002,0.75,"{'I': 1, 'W': 0, 'R': 1, 'C': 'free'}",False,True,True,0.3333333333333333,3
1902,1,0.1966129123954702,0.21145576523445095,0.9017830946545338,1.808361390476017,1.1101433449875173,1.1518177699981957,0.6482700080827057,0.9998976578206592,0.05,0.0,0.0,0.10668807824860975,0.09534929165769844,0.0330881157692091,0.050000000000000044,0.0,"{'I': 1, 'W': 0, 'R': 1, 'C': 'free'}",False,True,True,1.0,3
1902,2,0.03590222208853804,0.5347085188746602,0.1983719954739898,2.170262724910719,1.0081124694603796,1.4551730398297216,0.07013667168463888,1.0,0.2,0.050000000000000044,0.15000000000000002,0.34862506112691743,0.5874250624512101,0.3774874568129777,0.5,0.15000000000000002,"{'I': 1, 'W': 0, 'R': 1, 'C': 'free'}",False,True,True,1.0,3
1902,3,0.04540434281607609,0.4353655687763153,0.1759684872939538,1.6715839217558681,1.009386263722056,1.3916703759727962,0.07201516857480861,1.0,0.2,0.35,0.7,0.5878224175141404,0.7286243749601052,0.9445914522867761,0.5,0.75,"{'I': 1, 'W': 0, 'R': 1, 'C': 'free'}",False,True,True,0.0,3
1902,4,0.13444484973486406,0.5147340089516733,0.5520449881588401,2.789426326727198,1.040060408716502,1.411778451248756,0.3998792283988679,1.0,0.3,0.7,0.85,0.5922439392901233,0.8169286495879111,0.7976364497253198,0.65,0.85,"{'I': 1, 'W': 0, 'R': 1, 'C': 'free'}",False,True,True,1.0,3
1902,5,0.2874169948012755,0.5785001637102987,1.284344888241855,2.5806496385821274,1.5012679931008945,1.4850706534648528,0.9612444240489536,1.0,0.5,0.9,0.5,0.7044093262902837,0.8161407295946068,0.7045769314227908,0.9,0.75,"{'I': 1, 'W': 0, 'R': 1, 'C': 'free'}",False,True,True,0.3333333333333333,3
1902,6,0.025860513557572073,0.5166030885469769,0.18390479134429802,2.313298413619816,1.005603664245465,1.4259454696371303,0.07006844066326101,1.0,0.3,0.35,0.9,0.34799502031896357,0.5610351999262314,0.7942089961095931,0.35,0.75,"{'I': 1, 'W': 0, 'R': 1, 'C': 'free'}",False,True,True,0.3333333333333333,3
1902,7,0.08212059778768047,0.5750754939920405,0.3717129557157,2.7310347346593544,1.0238199933566183,1.439652397626294,0.2097510323702486,1.0,0.4,0.7,0.7,0.4994193314481694,0.8657072214706286,0.8916351552915189,0.75,0.75,"{'I': 1, 'W': 0, 'R': 1, 'C': 'free'}",False,True,True,0.3333333333333333,3
1917,1,0.006499936774145234,0.35717195704422167,0.029493682839468262,2.111598123024287,1.000905183183657,1.227183989782096,0.006313402460306317,0.9999999999958356,0.2,0.050000000000000044,0.050000000000000044,0.12107077397354303,0.11920412979288185,0.37743493791673816,0.050000000000000044,0.050000000000000044,"{'I': 1, 'W': 0, 'R': 1, 'C': 'free'}",False,True,True,1.0,3
1917,2,0.20033654889649646,0.39380225751294984,1.0732948070876156,1.7768633631508572,1.0817703813165636,1.3116893720724438,0.4667641876802323,1.0,0.2,0.050000000000000044,0.050000000000000044,0.07597004420184221,0.18132208737910505,0.29271220539653997,0.050000000000000044,0.15000000000000002,"{'I': 1, 'W': 0, 'R': 1, 'C': 'free'}",False,True,True,1.0,3
1917,3,0.004014055079528105,0.38317897476718815,0.024794609947080003,2.1251380325232434,1.0005366455403168,1.2471275189572026,0.004282815257231509,0.9999999999999994,0.05,0.050000000000000044,0.050000000000000044,0.005908048923031408,0.06739939933248597,0.07586087315615339,0.050000000000000044,0.050000000000000044,"{'I': 1, 'W': 0, 'R': 1, 'C': 'free'}",False,True,True,1.0,3
1917,4,0.21845454522894805,0.41489615158721094,0.6982571156226766,2.152750728982115,1.1598665365139225,1.3046556021264315,0.5892742912637554,1.0,0.15,0.050000000000000044,0.050000000000000044,0.11920292244109168,0.2222714501336246,0.31849621379686804,0.050000000000000044,0.15000000000000002,"{'I': 1, 'W': 0, 'R': 1, 'C': 'free'}",False,True,True,1.0,3
1917,5,0.002779037538100022,0.19910366181484612,0.013251795090324694,2.0191632031877607,1.0003142257962898,1.1646054538104915,0.0021968185183353084,1.0,0.0,0.0,0.0,0.00037991758693687645,0.0024701949642178286,0.0010317068835558893,0.0,0.0,"{'I': 0, 'W': 1, 'R': 0, 'C': 'costly'}",False,True,True,1.0,3
1937,1,0.0015052753811313567,0.306311191193254,0.004738172504660677,1.5211991591541614,1.0001557159803742,1.1823540097674052,0.0012448553870908485,0.9998351349816006,0.0,0.0,0.0,0.0030397904495821186,0.004054534110936036,0.08342906586851714,0.0,0.0,"{'I': 1, 'W': 0, 'R': 1, 'C': 'free'}",False,True,True,1.0,3
1937,2,0.0009517811046935799,0.4153342524036202,0.007159874162165383,2.3311491239878293,1.000108074120804,1.2898786294880678,0.0009721416947466865,0.9999999993325086,0.05,0.050000000000000044,0.050000000000000044,0.003576925386847889,0.015853087219647913,0.004567003742065003,0.050000000000000044,0.0,"{'I': 1, 'W': 0, 'R': 1, 'C': 'free'}",False,True,True,1.0,3
1937,3,0.04479226657934067,0.5113625097223554,0.36622179312640885,2.363585323081334,1.0147737384754778,1.447133367337674,0.1236511432054932,1.0,0.05,0.050000000000000044,0.050000000000000044,0.06009904264353436,0.11884874383954613,0.20117644189983283,0.050000000000000044,0.050000000000000044,"{'I': 1, 'W': 0, 'R': 1, 'C': 'free'}",False,True,True,1.0,3
1937,4,0.006528849514081559,0.3330603819244839,0.04627079599215905,1.84804792078484,1.00097891807141,1.1831871288396458,0.010705119640368244,0.9999872526547562,0.0,0.0,0.0,0.0035360930641188527,0.0067320625401167435,0.02033484703340216,0.0,0.0,"{'I': 0, 'W': 1, 'R': 0, 'C': 'costly'}",False,True,True,1.0,3
1945,1,0.01708202389264453,0.25293546533084477,0.10936546498135273,1.4797959870400312,1.003136297223112,1.1795915182181345,0.02473993909493699,0.9996395199570591,0.0,0.0,0.050000000000000044,0.00839693884602693,0.020334020591474974,0.14472127940410723,0.0,0.0,"{'I': 1, 'W': 0, 'R': 1, 'C': 'free'}",False,True,True,1.0,3
1945,2,0.018575675085716215,0.3980318198333766,0.09988305331599037,1.5986848952038006,1.0035472164829156,1.3600253019157278,0.024481914768403668,0.99999999997183,0.1,0.050000000000000044,0.050000000000000044,0.0013033882111980761,0.015849021115359505,0.0027993499701719883,0.050000000000000044,0.0,"{'I': 1, 'W': 0, 'R': 1, 'C': 'free'}",False,True,True,1.0,3
1945,3,0.38599060588821554,0.38972234233774544,2.06491175144524,2.06491175144524,1.266836282628027,1.2697408435280162,1.0,1.0,,,0.050000000000000044,,,0.06745102059906657,,0.050000000000000044,,False,True,False,,
1945,4,0.16071414589448027,0.5158775063587568,0.6444744466378655,2.5072736462704888,1.0794265839474748,1.4309304692606892,0.36781914075761235,1.0,0.05,0.050000000000000044,0.15000000000000002,0.20160772552678935,0.4988365750844794,0.26832929090720864,0.050000000000000044,0.15000000000000002,"{'I': 1, 'W': 0, 'R': 1, 'C': 'free'}",False,True,True,1.0,3
1945,5,0.006117614318034594,0.3649646729684548,0.030152689543032,1.8953841031907985,1.0008591342811464,1.2876560637156884,0.005993325993380427,1.0,0.05,0.0,0.050000000000000044,0.04205325745749575,0.13288186616836423,0.2686064592310205,0.050000000000000044,0.050000000000000044,"{'I': 0, 'W': 1, 'R': 0, 'C': 'costly'}",False,True,True,1.0,3
1949,1,0.07023764224779178,0.41616646016353825,0.34251005674865154,2.333493193898699,1.235679898121353,1.287937886797527,0.9024933577156192,0.9999999999938238,0.05,0.050000000000000044,0.050000000000000044,0.03308874926234789,0.00857750416606638,0.07141588042759853,0.0,0.0,"{'I': 1, 'W': 0, 'R': 1, 'C': 'free'}",False,True,True,1.0,3
1949,2,0.01963424394566417,0.38678449981921753,0.08279980829612138,2.1241161474106627,1.0034663359189344,1.2208100082787223,0.030663127835124482,0.9999999893247871,0.1,0.050000000000000044,0.050000000000000044,0.005220490066630377,0.08509747213733608,0.012278951019778595,0.050000000000000044,0.0,"{'I': 1, 'W': 0, 'R': 1, 'C': 'free'}",False,True,True,1.0,3
1949,3,0.09802550957502203,0.3011846554428559,0.6289536310834973,2.043136876975435,1.0350143067661692,1.1905614060446197,0.31515842540142147,1.0,0.2,0.8,0.050000000000000044,0.7541201062971677,0.705086000967043,0.43695729786524534,0.5,0.35,"{'I': 1, 'W': 0, 'R': 1, 'C': 'free'}",False,True,True,0.3333333333333333,3
1949,4,0.30249394200266333,0.29702762055899473,2.2516427467556643,2.150400544499846,1.2411378178706078,1.2044172192407956,1.0,1.0,0.2,0.35,0.15000000000000002,0.40624187508329146,0.40685587225908704,0.4373311284530198,0.6699999999999999,0.15000000000000002,"{'I': 1, 'W': 0, 'R': 1, 'C': 'free'}",False,True,True,1.0,3
1949,5,0.02587389864807475,0.3685867409795554,0.21083569972615893,2.452693722164344,1.005603062205237,1.2623921972128358,0.054341940350334794,0.9999999999985537,0.1,0.15000000000000002,0.050000000000000044,0.18206386260555132,0.2677958736956215,0.18242081062982796,0.050000000000000044,0.050000000000000044,"{'I': 1, 'W': 0, 'R': 1, 'C': 'free'}",False,True,True,1.0,3
1949,6,0.3790169173215521,0.38050186108015993,2.6269613897630197,2.6269613897630197,1.298503828613098,1.2998344816210234,1.0,1.0,,,0.0,,,0.5620267321016807,,0.050000000000000044,,False,True,False,,
1949,7,0.0172493044244126,0.23842180627833842,0.0904601905038063,1.7384286242002973,1.0031779419307711,1.1708128678559295,0.02196548741043214,0.9999999707331192,0.0,0.0,0.0,0.025955379070290815,0.08495168730009847,0.0675502749642742,0.0,0.050000000000000044,"{'I': 0, 'W': 1, 'R': 0, 'C': 'costly'}",False,True,True,1.0,3
1955,1,0.18640464176575522,0.44846140467002854,1.126541523201262,1.9205725628110277,1.120745077080071,1.3004812844212181,0.5497516594926762,0.9999999999996347,0.05,0.0,0.050000000000000044,0.037326933422510616,0.10669414581875378,0.2941220283926751,0.0,0.050000000000000044,"{'I': 1, 'W': 0, 'R': 1, 'C': 'free'}",False,True,True,1.0,3
1955,2,0.5441346299002713,0.48468506143451573,1.165097758881235,2.286623373068099,1.8195156870809934,1.4090778938347635,0.9724408908687723,1.0,0.1,0.050000000000000044,0.15000000000000002,0.4676390148467345,0.46536386169734956,0.1489543232803742,0.050000000000000044,0.15000000000000002,"{'I': 1, 'W': 0, 'R': 1, 'C': 'free'}",False,True,True,0.3333333333333333,3
1955,3,0.041883538608413484,0.5467824955922468,0.14522784956398413,2.401515507381676,1.007741686873489,1.4541104149055017,0.059830396075753134,1.0,0.2,0.050000000000000044,0.25,0.59163483247211,0.5605660118260491,0.5608864894534671,0.15000000000000002,0.75,"{'I': 1, 'W': 0, 'R': 1, 'C': 'free'}",False,True,True,0.6666666666666666,3
1955,4,0.011862049973844208,0.4247464824341601,0.09143637889729782,2.3308882114196443,1.0017500777211308,1.3041920525124064,0.015613754541185854,1.0,0.1,0.050000000000000044,0.15000000000000002,0.10669411881437048,0.4357894625466478,0.2689299957011311,0.050000000000000044,0.15000000000000002,"{'I': 1, 'W': 0, 'R': 1, 'C': 'free'}",False,True,True,1.0,3
1955,5,0.11758479155389512,0.3800154074378405,0.631489609195491,2.0969645441327236,1.142939151063779,1.2714643493083921,0.7371131249713638,1.0,0.3,0.15000000000000002,0.5,0.4067458881190839,0.4992136541452939,0.59140139558071,0.15000000000000002,0.75,"{'I': 1, 'W': 0, 'R': 1, 'C': 'free'}",False,True,True,0.6666666666666666,3
1955,6,0.06383118804421817,0.45457191351898096,0.4316986439401809,1.981968945885028,1.022071178780628,1.4169310938051407,0.16024835141108817,1.0,0.2,0.050000000000000044,0.4,0.2684638924063218,0.7302041498653653,0.7512819327301379,0.050000000000000044,0.75,"{'I': 1, 'W': 0, 'R': 1, 'C': 'free'}",False,True,True,1.0,3
1955,7,0.001297986898380953,0.3610781637697416,0.004269589930306197,2.137375519919677,1.0001317719318226,1.24742917692686,0.0010535506307359777,0.999999999999999,0.0,0.0,0.0,0.025956432396996923,0.1063979966630191,0.09505877006230212,0.0,0.0,"{'I': 0, 'W': 1, 'R': 0, 'C': 'costly'}",False,True,True,1.0,3
200,1,0.12929973250934287,0.33301937311601904,0.8200140514229194,1.4304318902401765,1.0512938293830676,1.2001966904948551,0.32979590432311523,0.9999929434506533,0.05,0.050000000000000044,0.050000000000000044,0.17189480055019793,0.14676107083917286,0.306044532030824,0.050000000000000044,0.050000000000000044,"{'I': 1, 'W': 0, 'R': 1, 'C': 'free'}",False,True,True,1.0,3
200,2,0.0013330149559038116,0.44633102932161706,0.005895990954214353,1.7875772034249033,1.0001434383073362,1.352035127935556,0.0012900193981011387,0.9999999977364316,0.05,0.0,0.050000000000000044,0.005909521092268646,0.05304348967432244,0.007578415041202534,0.0,0.0,"{'I': 1, 'W': 0, 'R': 1, 'C': 'free'}",False,True,True,1.0,3
200,3,0.002256088765875654,0.3221447684673964,0.0091229245462813,1.8015863275872008,1.0002537194391916,1.2258248164806065,0.0015209657046351133,0.9999747812987032,0.0,0.0,0.0,0.017985700777390548,0.06754499827313777,0.03712566649925017,0.0,0.0,"{'I': 0, 'W': 1, 'R': 0, 'C': 'costly'}",False,True,True,1.0,3
2004,1,0.0297126410803529,0.4996343353612699,0.19289734744744194,2.281554429831087,1.0070177137166039,1.481199498365748,0.05440945688281029,1.0,0.1,0.050000000000000044,0.09999999999999998,0.26892142787492335,0.40570868118379155,0.24506468339625245,0.050000000000000044,0.9,"{'I': 1, 'W': 0, 'R': 1, 'C': 'free'}",False,True,True,1.0,3
2004,2,0.47461500469357437,0.44383884021912934,2.3518309710680474,2.2811155984917932,1.3813388499131711,1.3497378836607308,1.0,1.0,,0.050000000000000044,0.15000000000000002,0.8932355372801136,0.8173580413706388,0.348607135082594,0.050000000000000044,0.15000000000000002,,False,True,False,0.0,3
2004,3,0.03708155150654446,0.4612960134762875,0.24780048637838872,2.23910109564959,1.010224533183665,1.4210654213098664,0.06873212384499505,1.0,0.2,0.35,0.15000000000000002,0.3772825959141965,0.4681422975784606,0.32048362242182066,0.5,0.35,"{'I': 1, 'W': 0, 'R': 1, 'C': 'free'}",False,True,True,1.0,3
2004,4,0.37561060713370203,0.37708108858633216,2.348839532212428,2.348839532212428,1.2934065880790777,1.2947119179459377,1.0,1.0,,,0.15000000000000002,,,0.18242370430216326,,0.15000000000000002,,False,True,False,,
2004,5,0.15008965108998004,0.42705822608418453,0.8825037783093864,2.2963239139443474,1.062451755995916,1.371103459121093,0.30474409182123063,1.0,0.1,0.0,0.050000000000000044,0.10658007443883671,0.24484333880356937,0.3483507301641057,0.050000000000000044,0.050000000000000044,"{'I': 0, 'W': 1, 'R': 0, 'C': 'costly'}",False,True,True,0.3333333333333333,3
2008,1,0.12877561620825742,0.4771835637238865,0.606797413523522,2.5437011531437568,1.0445246683777896,1.3738933402755718,0.29425080544587734,0.9999999999999216,0.0,0.0,0.050000000000000044,0.0021598083544201287,0.01585283606833688,0.13898603679931265,0.0,0.0,"{'I': 1, 'W': 0, 'R': 1, 'C': 'free'}",False,True,True,1.0,3
2008,2,0.0020478028054542233,0.5557926107116276,0.012605823806484864,2.115232755443286,1.0002649139778577,1.4287735875368395,0.0018524343820186528,0.999999999999967,0.05,0.0,0.050000000000000044,0.0024663580207215713,0.04198956802198073,0.01798592266155994,0.0,0.0,"{'I': 1, 'W': 0, 'R': 1, 'C': 'free'}",False,True,True,1.0,3
2008,3,0.04345562659193469,0.4749148040494886,0.41660442018899335,2.4780227233134515,1.012583536501525,1.3707861322284838,0.16060199513702955,1.0,0.05,0.0,0.050000000000000044,0.1480404582951397,0.20162152130683653,0.2676429403196056,0.050000000000000044,0.050000000000000044,"{'I': 0, 'W': 1, 'R': 0, 'C': 'costly'}",False,True,True,0.6666666666666666,3
2019,1,0.0034225397415634405,0.34893067095748437,0.023938670353176743,1.7819281404471494,1.0004713863466486,1.219226828044425,0.006576135858436305,0.9999999518255663,0.0,0.0,0.050000000000000044,0.004382055964770465,0.017894674085670186,0.02220310270732982,0.0,0.0,"{'I': 1, 'W': 0, 'R': 1, 'C': 'free'}",False,True,True,1.0,3
2019,2,0.1746135647123998,0.4124134232553225,1.1050790347269503,2.2137929176924174,1.0793776101706327,1.3312696573809784,0.41415036446412457,1.0,0.2,0.4,0.15000000000000002,0.6785199977790647,0.5923282851672586,0.705062712055864,0.75,0.35,"{'I': 1, 'W': 0, 'R': 1, 'C': 'free'}",False,True,True,1.0,3
2019,3,0.13784360963911935,0.5267050569971085,1.0689395390622685,2.421127562781719,1.1963495855447273,1.4866142392883221,0.7616938928926531,1.0,0.1,0.35,0.050000000000000044,0.6782354939549649,0.5304866221766517,0.4365298952282248,0.5,0.050000000000000044,"{'I': 1, 'W': 0, 'R': 1, 'C': 'free'}",False,True,True,0.6666666666666666,3
2019,4,0.29316658815873053,0.4641137831885601,1.2586693804827882,2.2130834416437173,1.517018828542857,1.408088700775203,0.9459166975932203,1.0,0.5,0.7,0.15000000000000002,0.620437401673079,0.6772620239773064,0.5900494975039532,0.65,0.15000000000000002,"{'I': 1, 'W': 0, 'R': 1, 'C': 'free'}",False,True,True,1.0,3
2019,5,0.06502636649767805,0.43620734136586,0.282047917511282,2.2477356633716497,1.016669621327641,1.309695957522829,0.10928026957577686,0.9999999999999999,0.2,0.15000000000000002,0.09999999999999998,0.1480457680337857,0.3478300449874773,0.18203174249883738,0.15000000000000002,0.050000000000000044,"{'I': 1, 'W': 0, 'R': 1, 'C': 'free'}",False,True,True,1.0,3
2019,6,0.0632373867876957,0.43268762900493246,0.4796568560743544,2.254739648515901,1.0243419939074576,1.304544801275732,0.1946304540087045,0.9999999999962884,0.2,0.050000000000000044,0.050000000000000044,0.22237115145418382,0.3763027427389382,0.18242448893455637,0.050000000000000044,0.050000000000000044,"{'I': 1, 'W': 0, 'R': 1, 'C': 'free'}",False,True,True,1.0,3
2019,7,0.031915755177924394,0.4049339176783461,0.19134343043959331,2.094414871661117,1.0057131250525158,1.288872499719083,0.0390934040034423,0.9999999998794676,0.05,0.050000000000000044,0.050000000000000044,0.02927330561121742,0.14778152142434517,0.2220194035571446,0.050000000000000044,0.050000000000000044,"{'I': 1, 'W': 0, 'R': 1, 'C': 'free'}",False,True,True,0.6666666666666666,3
2033,1,0.007997992193887981,0.4173893075949996,0.057100675051311355,2.669936085484016,1.0012489257310278,1.373946042767402,0.019772257051897113,1.0,0.2,0.15000000000000002,0.09999999999999998,0.5053265775445428,0.5572401892378375,0.5169345060091737,0.15000000000000002,0.5,"{'I': 1, 'W': 0, 'R': 1, 'C': 'free'}",False,True,True,1.0,3
2033,2,0.15267610147081975,0.45525217957810743,0.8285531230648413,2.3594927435402964,1.0760685044122649,1.3757985248896507,0.6417046946523558,1.0,0.15,0.4,0.5,0.5900378724271192,0.7523593334955819,0.6774928017605709,0.5,0.35,"{'I': 1, 'W': 0, 'R': 1, 'C': 'free'}",False,True,True,0.3333333333333333,3
2033,3,0.1146029583443925,0.5221441146180277,0.6316110140295046,2.2726476245117384,1.0561952600653586,1.4504590376134865,0.4811170144856648,1.0,0.5,0.35,0.7,0.3480133831123493,0.7291749557434445,0.8345542638574447,0.5,0.75,"{'I': 1, 'W': 0, 'R': 1, 'C': 'free'}",False,True,True,0.0,3
2033,4,0.007407274865184782,0.5142265595081086,0.02885161940608889,2.622413168170594,1.0009639054502915,1.4442423638786719,0.007677902693633554,1.0,0.2,0.050000000000000044,0.4,0.08502261732142527,0.348132445315925,0.5613049824135571,0.15000000000000002,0.65,"{'I': 1, 'W': 0, 'R': 1, 'C': 'free'}",False,True,True,1.0,3
2033,5,0.0013380061138827369,0.4906231976717858,0.007162670524147884,1.777315311297367,1.0001472824756923,1.4006142701605107,0.0013245666624078778,0.9999999999999994,0.1,0.050000000000000044,0.050000000000000044,0.007559411484596752,0.18063645029339642,0.03303507161728724,0.050000000000000044,0.050000000000000044,"{'I': 1, 'W': 0, 'R': 1, 'C': 'free'}",False,True,True,1.0,3
2033,6,0.07864602472402074,0.484427159683769,0.6533906376480351,2.1310636154385634,1.0429522236156308,1.4158722014913914,0.39629186574989084,1.0,0.15,0.050000000000000044,0.15000000000000002,0.24457423672381826,0.37659457664018375,0.6206739721837008,0.25,0.050000000000000044,"{'I': 1, 'W': 0, 'R': 1, 'C': 'free'}",False,True,True,0.6666666666666666,3
2033,7,0.05144751948797104,0.5315100036377082,0.3692116010576762,2.1485487459818637,1.0160856593656928,1.430685926769162,0.133782202710368,1.0,0.2,0.09999999999999998,0.050000000000000044,0.04200090681417249,0.3756301945364115,0.13256844107262514,0.050000000000000044,0.050000000000000044,"{'I': 1, 'W': 0, 'R': 1, 'C': 'free'}",False,True,True,0.6666666666666666,3
2053,1,0.1445553064554589,0.45805517742733914,0.5889584055148056,2.1728756330226315,1.0628267187342002,1.392708994520913,0.4221197841486314,0.9999999999997811,0.05,0.050000000000000044,0.050000000000000044,0.16403673863726392,0.16397334938068917,0.1788670960869861,0.050000000000000044,0.050000000000000044,"{'I': 1, 'W': 0, 'R': 1, 'C': 'free'}",False,True,True,1.0,3
2053,2,0.0019543024868784605,0.39541669192068557,0.006084767944295009,2.3793135355167547,1.0002073087678351,1.33598275059124,0.0020707259062329175,0.9999999881273847,0.1,0.050000000000000044,0.050000000000000044,0.0027745076796105933,0.029166115941250337,0.007578275964790197,0.0,0.0,"{'I': 1, 'W': 0, 'R': 1, 'C': 'free'}",False,True,True,1.0,3
2053,3,0.002098969338694957,0.2898854215210934,0.017410814458034628,1.7077168640518023,1.0002716676408943,1.2218116400144254,0.003254262323537982,0.9999999963643091,0.1,0.0,0.050000000000000044,0.0075566502762706884,0.014042475556092107,0.02585284383921177,0.0,0.0,"{'I': 1, 'W': 0, 'R': 1, 'C': 'free'}",False,True,True,1.0,3
2053,4,0.0007192306890999098,0.33981330321555303,0.0020265610504693063,1.3782034874303393,1.0000650011015262,1.2343151446690082,0.00045488942974025726,0.9999999401117748,0.0,0.0,0.0,0.003143369836501206,0.004602488973053972,0.01590464869931714,0.0,0.0,"{'I': 0, 'W': 1, 'R': 0, 'C': 'costly'}",False,True,True,1.0,3
2112,1,0.002357238459929271,0.2240567249449119,0.006401400437069642,1.1965357149982367,1.0002642084166784,1.1634472153533704,0.002111156525874902,0.9976550552177061,0.0,0.0,0.050000000000000044,0.006634012121402716,0.03716911213577747,0.23858159076727797,0.0,0.0,"{'I': 1, 'W': 0, 'R': 1, 'C': 'free'}",False,True,True,1.0,3
2112,2,0.0006518563763173478,0.369754281991068,0.003057488541710194,1.9401388601807386,1.000067534176699,1.2627367731732346,0.00047261155854072534,0.9999999998821464,0.05,0.0,0.050000000000000044,0.01788728700328495,0.05330061451430463,0.07565258954852949,0.0,0.0,"{'I': 1, 'W': 0, 'R': 1, 'C': 'free'}",False,True,True,1.0,3
2112,3,0.005190066270437304,0.39432272379983946,0.01537068600586788,1.8454704115034604,1.0006198772741532,1.2802130770645244,0.006177691406252461,0.9999999999999996,0.05,0.050000000000000044,0.050000000000000044,0.5293076333586045,0.5300211015352643,0.5607118867300107,0.5,0.050000000000000044,"{'I': 1, 'W': 0, 'R': 1, 'C': 'free'}",False,True,True,1.0,3
2112,4,0.0064273171720053545,0.6002848485159515,0.04528829011414161,2.3959457820613914,1.001033526881461,1.5406135259796587,0.008229892753617962,1.0,0.1,0.050000000000000044,0.15000000000000002,0.06754732054765396,0.2678151794727002,0.1817491064064181,0.050000000000000044,0.15000000000000002,"{'I': 1, 'W': 0, 'R': 1, 'C': 'free'}",False,True,True,1.0,3
2112,5,0.08573016959371905,0.5305432082154405,0.5844305883924364,2.701712656273033,1.0400164577930797,1.466965084247875,0.29751332116183515,1.0,0.2,0.15000000000000002,0.5,0.34834799710372394,0.6788447328663492,0.468444562411622,0.5,0.75,"{'I': 1, 'W': 0, 'R': 1, 'C': 'free'}",False,True,True,0.0,3
2112,6,0.019893402249259885,0.4795957392037948,0.05162449278798912,2.4362782995647567,1.0032029945977035,1.392658801282287,0.015862228150133828,1.0,0.1,0.050000000000000044,0.4,0.1328843132195885,0.37731016927837685,0.5616991968335531,0.050000000000000044,0.75,"{'I': 1, 'W': 0, 'R': 1, 'C': 'free'}",False,True,True,0.3333333333333333,3
2112,7,0.004767854638423857,0.6953903884494992,0.011486473654818774,2.352193879885802,1.0005807586454853,1.6955005340343372,0.004055883091423462,1.0,0.2,0.8,0.7,0.7052645755460497,0.9521673942056174,0.8929376894717429,0.75,0.75,"{'I': 1, 'W': 0, 'R': 1, 'C': 'free'}",False,True,True,0.3333333333333333,3
2132,1,0.007723661287175912,0.2878899344918048,0.057683796566583206,1.4921491983143687,1.0013141272005992,1.158664779912392,0.010451119461687197,0.9942259997950118,0.0,0.0,0.050000000000000044,0.008664079894097692,0.012430942278794346,0.21631329538869992,0.0,0.050000000000000044,"{'I': 1, 'W': 0, 'R': 1, 'C': 'free'}",False,True,True,1.0,3
2132,2,0.0003721510973275239,0.3112005622951435,0.000794725932542121,1.635727151722061,1.000031998840967,1.235470316420157,0.00022396321959805565,0.9999999873403741,0.05,0.0,0.050000000000000044,0.0028000678166352363,0.032998211656363845,0.020251211035386102,0.0,0.0,"{'I': 1, 'W': 0, 'R': 1, 'C': 'free'}",False,True,True,1.0,3
2132,3,0.029861382561334516,0.4393177521533419,0.13312897135310026,2.532537837695777,1.0063250997092765,1.3449814206553758,0.031034141139175353,1.0,0.05,0.0,0.050000000000000044,0.24507747495890064,0.2446237510187202,0.26729740702079663,0.050000000000000044,0.050000000000000044,"{'I': 0, 'W': 1, 'R': 0, 'C': 'costly'}",False,True,True,1.0,3
214,1,0.000552469825378339,0.12105835088487106,0.0024362878273377505,0.8519962764446881,1.0000513931676882,1.0838169243724658,0.0003596782300023804,0.9772452870077096,0.0,0.0,0.0,0.0013126208393523604,0.0075680927999344115,0.04092791860977231,0.0,0.0,"{'I': 1, 'W': 0, 'R': 1, 'C': 'free'}",False,True,True,1.0,3
214,2,0.000618910767446465,0.22360597099018867,0.0038253437974751546,1.3288378622900008,1.0000653764686243,1.1146879920774597,0.0005228579155436286,0.9977122217505484,0.05,0.0,0.0,0.0013161606339316906,0.012403703739438115,0.002817387000059304,0.0,0.0,"{'I': 1, 'W': 0, 'R': 1, 'C': 'free'}",False,True,True,1.0,3
214,3,0.0006042154376706323,0.1071443501933695,0.001366147474542629,1.5732376947458693,1.0000546310633853,1.0786526276857067,0.00038233388990516204,0.9987223300201027,0.0,0.0,0.0,0.003591785349170652,0.001322267511028921,0.005859003691936473,0.0,0.0,"{'I': 0, 'W': 1, 'R': 0, 'C': 'costly'}",False,True,True,0.6666666666666666,3
2143,1,0.11090342043693607,0.17556837861828567,0.6396981307459357,1.2973138371430852,1.0517450788087002,1.148833221455826,0.2611826793000155,0.997768008049424,0.0,0.0,0.050000000000000044,0.010817862653845892,0.029244442344359384,0.42377616193558604,0.0,0.0,"{'I': 1, 'W': 0, 'R': 1, 'C': 'free'}",False,True,True,1.0,3
2143,2,0.0003260100203512165,0.23306625410332418,0.0008926563146709173,1.0866219487940914,1.000027993934643,1.1629868300989445,0.00016794715221835066,0.9998647656575429,0.05,0.0,0.0,0.0016862555800860079,0.029240511448590488,0.0035895533073659253,0.0,0.0,"{'I': 1, 'W': 0, 'R': 1, 'C': 'free'}",False,True,True,1.0,3
2143,3,0.000319614105714633,0.15407596552189393,0.0005174262207325916,1.799101703172039,1.0000259676693273,1.1017586118408824,0.00015579185622693892,0.9994784972525538,0.0,0.0,0.0,0.0035638067860466493,0.0021787997280642546,0.020260848261280245,0.0,0.0,"{'I': 0, 'W': 1, 'R': 0, 'C': 'costly'}",False,True,True,1.0,3
2150,1,0.001246887034877632,0.30108174920540043,0.004696072386793887,1.4012388377063056,1.0001327538865643,1.2663307037314433,0.0010613969237652787,0.9999209112848902,0.0,0.0,0.050000000000000044,0.003156504939705894,0.003586783156899875,0.059305939258048584,0.0,0.0,"{'I': 1, 'W': 0, 'R': 1, 'C': 'free'}",False,True,True,1.0,3
2150,2,0.1063511991572464,0.3036461795555016,0.6336519342546443,1.8203650293016143,1.0668010081113066,1.2459719205924489,0.3215786676239323,0.9999372466701948,0.05,0.0,0.0,0.0013220058537525019,0.020255417885046804,0.0028116576612401277,0.0,0.0,"{'I': 1, 'W': 0, 'R': 1, 'C': 'free'}",False,True,True,1.0,3
2150,3,0.4544215050917614,0.302908435663439,1.4559859643427595,1.7854503521012162,1.5778839710681114,1.2427660908037104,0.8977590966759813,0.9999999979290212,0.0,0.0,0.0,0.07642277120904659,0.04730315472026952,0.014065208872454422,0.0,0.0,"{'I': 0, 'W': 1, 'R': 0, 'C': 'costly'}",False,True,True,1.0,3
217,1,0.003020054604716068,0.35239433231612716,0.014136582879157873,2.2390369669809407,1.0003715495969046,1.255343363986565,0.004447845977160747,0.9999999999998551,0.05,0.0,0.050000000000000044,0.012140293687490542,0.07540645103008714,0.22265512103571358,0.0,0.050000000000000044,"{'I': 1, 'W': 0, 'R': 1, 'C': 'free'}",False,True,True,1.0,3
217,2,0.0005611281546651047,0.22995348610995456,0.0013994983780539678,1.7669236707310887,1.000051037252584,1.147569839904432,0.0003571878448204169,0.9998866092305706,0.05,0.0,0.050000000000000044,0.008619453433345178,0.020275963065638954,0.0046085975843013815,0.0,0.0,"{'I': 1, 'W': 0, 'R': 1, 'C': 'free'}",False,True,True,1.0,3
217,3,0.2608088749711006,0.2694223223709407,1.406177484580306,2.1374009182182108,1.256217729304457,1.2038092277012913,0.8387570806108927,0.9999999999999998,0.0,0.0,0.050000000000000044,0.07585868729441288,0.029295160887344227,0.18145292905546342,0.0,0.0,"{'I': 0, 'W': 1, 'R': 0, 'C': 'costly'}",False,True,True,1.0,3
2208,1,0.10462120664834965,0.3482076297144037,0.990311347616833,1.8565528159728402,1.0605014811042468,1.2109966646480177,0.4442401021000668,0.9999984864606731,0.05,0.0,0.050000000000000044,0.0018985959005926299,0.009669788829596732,0.03308520275980936,0.0,0.0,"{'I': 1, 'W': 0, 'R': 1, 'C': 'free'}",False,True,True,1.0,3
2208,2,0.0546702978345461,0.4793026855397528,0.268989045902761,2.195999138376271,1.0142970679088767,1.3027061233807231,0.09459307956287666,1.0,0.2,0.050000000000000044,0.15000000000000002,0.07578553995634958,0.20142807638134788,0.18191511399571395,0.050000000000000044,0.15000000000000002,"{'I': 1, 'W': 0, 'R': 1, 'C': 'free'}",False,True,True,1.0,3
2208,3,0.058597304558159626,0.3865069617757408,0.3205333948683004,2.1946308748100374,1.013435059309457,1.3117070927944028,0.11317754722720086,1.0,0.2,0.050000000000000044,0.050000000000000044,0.5919959871636573,0.46829028919103144,0.3480746026221126,0.5,0.050000000000000044,"{'I': 1, 'W': 0, 'R': 1, 'C': 'free'}",False,True,True,0.3333333333333333,3
2208,4,0.10632726091182992,0.35055907639671213,0.44403909165744115,2.0152774571154026,1.0246506014873629,1.253731088222797,0.17701180563904273,1.0,0.2,0.050000000000000044,0.050000000000000044,0.3482052497925573,0.40673439740282596,0.37679700740198346,0.050000000000000044,0.15000000000000002,"{'I': 1, 'W': 0, 'R': 1, 'C': 'free'}",False,True,True,0.0,3
2208,5,0.29098135163092886,0.30162366293659887,0.7168494799443614,2.0930733540245336,1.2453281814161428,1.2192795718404625,0.8885290151062503,1.0,0.2,0.15000000000000002,0.09999999999999998,0.65081355886042,0.5916840300688385,0.3768742913696975,0.15000000000000002,0.050000000000000044,"{'I': 1, 'W': 0, 'R': 1, 'C': 'free'}",False,True,True,0.0,3
2208,6,0.1800300701502159,0.3614248143287215,0.6351755013969356,2.4246350672343344,1.0655805804664735,1.2871028809247957,0.47016941051417993,1.0,0.2,0.9,0.050000000000000044,0.5915529352268237,0.437492227468415,0.37734024507961916,0.35,0.050000000000000044,"{'I': 1, 'W': 0, 'R': 1, 'C': 'free'}",False,True,True,0.0,3
2208,7,0.0787680586622685,0.38272103889268555,0.4391710631602837,2.359674380181025,1.0205077165239806,1.2820012169601964,0.20012747860963098,1.0,0.2,0.050000000000000044,0.050000000000000044,0.6498574670322637,0.4373921959253185,0.4372645155272578,0.15000000000000002,0.050000000000000044,"{'I': 1, 'W': 0, 'R': 1, 'C': 'free'}",False,True,True,0.0,3
2226,1,0.00578388156561409,0.23715114696732598,0.04961366910062568,1.1540449206667207,1.0008803640472892,1.1689234145931875,0.007888511872918724,0.997728337877177,0.0,0.0,0.050000000000000044,0.005809126220292549,0.037165693622331526,0.1302189150933287,0.0,0.0,"{'I': 1, 'W': 0, 'R': 1, 'C': 'free'}",False,True,True,1.0,3
2226,2,0.0019528311704421976,0.17095938096149219,0.018062249336280617,1.2749666716572587,1.0002656087506003,1.118161976888687,0.0026522114843818834,0.9993709451993827,0.05,0.0,0.0,0.0006235761538964574,0.004596557006444965,0.003153683017046981,0.0,0.0,"{'I': 1, 'W': 0, 'R': 1, 'C': 'free'}",False,True,True,1.0,3
2226,3,0.008362431207887173,0.239016461434543,0.03357641899733803,1.7004746193139872,1.0012329377716713,1.1794178951696381,0.00614195226186498,0.9999995065521549,0.0,0.0,0.0,0.002474089419981213,0.0035752147254734692,0.006681559454282378,0.0,0.0,"{'I': 0, 'W': 1, 'R': 0, 'C': 'costly'}",False,True,True,1.0,3
2261,1,0.004502654166557669,0.30577249130651857,0.015473846695596625,1.549741135339902,1.0005334378414674,1.193423133315929,0.004788160562127164,0.9999979240802757,0.05,0.0,0.050000000000000044,0.003918364580874501,0.05988921468400493,0.06619004933168054,0.0,0.050000000000000044,"{'I': 1, 'W': 0, 'R': 1, 'C': 'free'}",False,True,True,1.0,3
2261,2,0.026784286646359207,0.5748340640391745,0.06449190621574426,2.467783458070681,1.0041820524289076,1.425138210342451,0.02065045743425631,1.0,0.2,0.4,0.15000000000000002,0.5603136291236794,0.5915531985221952,0.5288254923308366,0.75,0.35,"{'I': 1, 'W': 0, 'R': 1, 'C': 'free'}",False,True,True,0.3333333333333333,3
2261,3,0.081588249445734,0.583605326273223,0.528245409204913,2.3254429685300377,1.025704656879904,1.4601323041461252,0.24359498467135565,1.0,0.2,0.7,0.15000000000000002,0.7529403080667753,0.8509674241427432,0.5901217788695949,0.5,0.75,"{'I': 1, 'W': 0, 'R': 1, 'C': 'free'}",False,True,True,1.0,3
2261,4,0.1007486746189774,0.4472573362722661,0.5909795223217518,1.617825736919733,1.033708142554695,1.321736214066765,0.18038032225746115,0.999999336843938,0.05,0.0,0.050000000000000044,0.009672588867277305,0.14732558069649612,0.06730742618727519,0.0,0.15000000000000002,"{'I': 1, 'W': 0, 'R': 1, 'C': 'free'}",False,True,True,0.6666666666666666,3
2261,5,0.0027136910081514533,0.47657075472402033,0.014440822534873114,2.0465734703646006,1.000334857203941,1.3540472999161821,0.0026748254765672774,0.9999999931023333,0.05,0.0,0.050000000000000044,0.001031630413298766,0.05329363498993652,0.02297770920039482,0.050000000000000044,0.050000000000000044,"{'I': 1, 'W': 0, 'R': 1, 'C': 'free'}",False,True,True,1.0,3
2261,6,0.0014359711628674978,0.2746346794464044,0.0031962207067001555,1.5574536877996321,1.000140023679875,1.2368705123841317,0.0008397304936943462,0.9999999999842215,0.0,0.0,0.0,0.017985562751061803,0.020308567230713365,0.09508958928883565,0.0,0.050000000000000044,"{'I': 0, 'W': 1, 'R': 0, 'C': 'costly'}",False,True,True,0.6666666666666666,3
2287,1,0.0050707690631562816,0.10634478730927657,0.01609020759479967,0.8104336058563579,1.000606807617061,1.058943305264426,0.0060478733781165195,0.9240149606427661,0.0,0.0,0.050000000000000044,0.0018854455157320995,0.00969056069925849,0.11574529181723267,0.0,0.0,"{'I': 1, 'W': 0, 'R': 1, 'C': 'free'}",False,True,True,1.0,3
2287,2,0.0015260415228683171,0.17130260716806386,0.006939292550911057,1.0708298685192674,1.0001529259583686,1.1098713022524898,0.0013752818294556768,0.9984400975792903,0.05,0.0,0.0,0.0014911800149105133,0.010961645549247733,0.0011656213256843236,0.0,0.0,"{'I': 1, 'W': 0, 'R': 1, 'C': 'free'}",False,True,True,1.0,3
2287,3,0.0007186710938800421,0.0800387026128158,0.003103523088662679,1.5448554098699094,1.0000681294480358,1.0510470581805498,0.0006129562115133602,0.9916001303760645,0.0,0.0,0.0,0.0019249800978062086,0.0016983706016687559,0.007546653705863552,0.0,0.0,"{'I': 0, 'W': 1, 'R': 0, 'C': 'costly'}",False,True,True,1.0,3
2294,1,0.08506142933427174,0.5287222857888584,0.45900916343854176,2.7371334338584767,1.0183877816101297,1.3942285172513644,0.10356063487586908,1.0,0.05,0.0,0.09999999999999998,0.06010123870058057,0.2933812129782201,0.4875843303057023,0.050000000000000044,0.050000000000000044,"{'I': 1, 'W': 0, 'R': 1, 'C': 'free'}",False,True,True,1.0,3
2294,2,0.001598437874652333,0.39909323410992226,0.008408932993598633,1.9992686284529801,1.0001780974327787,1.3271722807899398,0.001779231041595608,1.0,0.05,0.050000000000000044,0.050000000000000044,0.01098848463290226,0.14711267605434514,0.11921592794535434,0.050000000000000044,0.0,"{'I': 1, 'W': 0, 'R': 1, 'C': 'free'}",False,True,True,1.0,3
2294,3,0.03760575211934536,0.43213857246306075,0.09075259471148044,2.1397402800737573,1.006467602068861,1.2816036249347937,0.044124340931442796,0.9999999997430088,0.05,0.0,0.050000000000000044,0.1066829115139751,0.2009909664774844,0.22182352890811283,0.050000000000000044,0.0,"{'I': 1, 'W': 0, 'R': 1, 'C': 'free'}",False,True,True,1.0,3
2294,4,0.04294117620654346,0.35404320161486397,0.27029027701304764,1.8899501242252392,1.0105686058819112,1.2664496733057977,0.08066545241144885,1.0,0.2,0.9,0.15000000000000002,0.621922567413659,0.678692399615747,0.5304160390503553,0.6699999999999999,0.15000000000000002,"{'I': 1, 'W': 0, 'R': 1, 'C': 'free'}",False,True,True,1.0,3
2294,5,0.025444624392974683,0.4609613407804442,0.08249703238819124,2.214283457352969,1.00459344923451,1.4019044220522452,0.040407327349798794,0.9999999999999999,0.2,0.050000000000000044,0.050000000000000044,0.04234379354082821,0.1824309344095714,0.37749835798925424,0.050000000000000044,0.050000000000000044,"{'I': 1, 'W': 0, 'R': 1, 'C': 'free'}",False,True,True,1.0,3
2294,6,0.45024224445298977,0.4520052391938737,2.6520337347840997,2.6520337347840997,1.380085339622059,1.3818296001605561,1.0,1.0,,,0.7,,,0.679076305200289,,0.35,,False,True,False,,
2294,7,0.17078091300531148,0.5010672585337423,0.7382567729687525,1.7595370653572064,1.0963153143783406,1.3746544510722587,0.5629001344683893,1.0,0.05,0.050000000000000044,0.15000000000000002,0.7759646343095602,0.7515981884451267,0.5598811560942458,0.15000000000000002,0.050000000000000044,"{'I': 1, 'W': 0, 'R': 1, 'C': 'free'}",True,True,True,0.0,3
2304,1,0.025668599371624704,0.3372382487240929,0.13411264024260258,1.8849916832398959,1.0048810630032603,1.2519782887628097,0.03820458177326491,0.9999992897655221,0.0,0.0,0.0,0.003118587850644399,0.00970883486400058,0.051360626627438344,0.0,0.0,"{'I': 1, 'W': 0, 'R': 1, 'C': 'free'}",False,True,True,1.0,3
2304,2,0.02887982113566064,0.46618016815551055,0.15989436003633065,2.119115804112108,1.0066070738926876,1.3757463228833091,0.0387416360475602,1.0,0.05,0.050000000000000044,0.15000000000000002,0.4064500615538534,0.7295346142929275,0.891430992838042,0.050000000000000044,0.35,"{'I': 1, 'W': 0, 'R': 1, 'C': 'free'}",False,True,True,0.0,3
2304,3,0.012349172243523736,0.41681986272954896,0.07620327848252681,2.282121113771668,1.0022039352419467,1.3388835204872958,0.015292435747783939,0.9999999999999633,0.2,0.050000000000000044,0.050000000000000044,0.06805316171898575,0.24440339256240798,0.16450828343652343,0.050000000000000044,0.75,"{'I': 1, 'W': 0, 'R': 1, 'C': 'free'}",False,True,True,1.0,3
2304,4,0.0006676663382213053,0.23080211946059798,0.0042436213520748185,2.2679680197416214,1.0000720643719105,1.1701084613285555,0.0005763280623322098,0.999998643081719,0.05,0.0,0.0,0.0066911256143598625,0.08498058162067237,0.05997147771664321,0.0,0.0,"{'I': 1, 'W': 0, 'R': 1, 'C': 'free'}",False,True,True,1.0,3
2304,5,0.0004689904447517911,0.2612913271542228,0.0023156215738551907,1.4933506316426177,1.0000443428917365,1.1973261369289754,0.00035467235784025775,0.9999999999921688,0.0,0.0,0.0,0.05332984380530131,0.22199091605980745,0.06719301970585556,0.0,0.0,"{'I': 0, 'W': 1, 'R': 0, 'C': 'costly'}",False,True,True,1.0,3
2319,1,0.10089498473303594,0.25214961973072286,0.7302176739226116,1.2047974187338766,1.0368555107139377,1.167621341692238,0.251392664701627,0.9985095583591131,0.05,0.0,0.0,0.02931452452191303,0.015872205069348496,0.20177902119411284,0.0,0.0,"{'I': 1, 'W': 0, 'R': 1, 'C': 'free'}",False,True,True,1.0,3
2319,2,0.004869172199037244,0.22121589281225207,0.013652632926476893,0.8802256371274543,1.0005732161839687,1.172915637511789,0.0045739232730660495,0.9989491793121381,0.05,0.0,0.0,0.002171305346717663,0.015869807105927263,0.009683635985705713,0.0,0.0,"{'I': 1, 'W': 0, 'R': 1, 'C': 'free'}",False,True,True,1.0,3
2319,3,0.013384229429758877,0.26008094816225247,0.0740599494437309,1.9157250411612807,1.0024751238795517,1.2360296058750957,0.014722936708248535,0.9999998451670538,0.0,0.0,0.0,0.012399381891246354,0.0014999043492139607,0.004066356407874905,0.0,0.0,"{'I': 0, 'W': 1, 'R': 0, 'C': 'costly'}",False,True,True,0.6666666666666666,3
2342,1,0.023703009411585724,0.4389016395075874,0.19547158616947247,2.156783335523679,1.0057216066702015,1.3584629892543167,0.05005168775365221,1.0,0.0,0.0,0.050000000000000044,0.0012964476692306514,0.020242983436864908,0.06406903277975785,0.0,0.0,"{'I': 1, 'W': 0, 'R': 1, 'C': 'free'}",False,True,True,1.0,3
2342,2,0.0023835261015323042,0.4689686575805785,0.00660018670220968,2.4278167044363053,1.0002649824322747,1.4596673401560014,0.0018529125484827436,0.9999999999999998,0.05,0.050000000000000044,0.050000000000000044,0.06755189172079282,0.20065536983253382,0.16410845787143982,0.0,0.0,"{'I': 1, 'W': 0, 'R': 1, 'C': 'free'}",False,True,True,0.6666666666666666,3
2342,3,0.0031998169065064765,0.4042722306377228,0.009137779058548614,1.9165043697952906,1.0003631371150405,1.3336983594256941,0.0032623078426222696,1.0,0.0,0.0,0.050000000000000044,0.05336746036161953,0.11907749446205296,0.268569576162334,0.0,0.0,"{'I': 0, 'W': 1, 'R': 0, 'C': 'costly'}",False,True,True,0.3333333333333333,3
2382,1,0.1878811324559928,0.39368743014415863,0.7163507679536859,2.784410092640119,1.1382101450111488,1.3120775551218633,0.8565623316862132,1.0,0.5,0.15000000000000002,0.8,0.5620021480405323,0.8173792500200877,0.7056312613237823,0.75,0.85,"{'I': 1, 'W': 0, 'R': 1, 'C': 'free'}",False,True,True,1.0,3
2382,2,0.09726756413803798,0.50969631411323,0.9139521854170201,1.9896051978559472,1.1627509153919529,1.3460459079049856,0.8362581401654938,0.9999999999981989,0.15,0.050000000000000044,0.050000000000000044,0.05341383201573051,0.13283858695986944,0.14807650230737257,0.050000000000000044,0.0,"{'I': 1, 'W': 0, 'R': 1, 'C': 'free'}",False,True,True,0.6666666666666666,3
2382,3,0.005749559342274642,0.5232776086388083,0.045063523323308805,2.0417104694012806,1.0007859467906484,1.4398939477071293,0.010161316658788166,0.9999999999999993,0.05,0.050000000000000044,0.050000000000000044,0.015906497122413103,0.1476457533951808,0.1642655815148784,0.050000000000000044,0.050000000000000044,"{'I': 1, 'W': 0, 'R': 1, 'C': 'free'}",False,True,True,0.6666666666666666,3
2382,4,0.11570747410289597,0.41040781238623664,1.1119112970494691,2.0226759911182453,1.1718812330824389,1.2867023105123878,0.9209571829175339,0.9999999999999964,0.2,0.050000000000000044,0.050000000000000044,0.22232367974912098,0.4673440239071499,0.2220188097186536,0.050000000000000044,0.15000000000000002,"{'I': 1, 'W': 0, 'R': 1, 'C': 'free'}",False,True,True,0.6666666666666666,3
2382,5,0.12784608394601354,0.5242629995790589,0.6725675053771406,2.2073996032986485,1.1146784268195706,1.4643146154079387,0.6623210100814607,1.0,0.2,0.15000000000000002,0.09999999999999998,0.293936547567944,0.6496605613554141,0.5605005223533945,0.15000000000000002,0.050000000000000044,"{'I': 1, 'W': 0, 'R': 1, 'C': 'free'}",False,True,True,1.0,3
2382,6,0.13044422442152517,0.5118303514582518,0.6476959424050014,2.2440775138110407,1.172855516525587,1.3722300412752038,0.6724418604669749,0.9999999999999994,0.05,0.050000000000000044,0.050000000000000044,0.08502640615268049,0.2685119082188474,0.376318587700325,0.050000000000000044,0.050000000000000044,"{'I': 1, 'W': 0, 'R': 1, 'C': 'free'}",False,True,True,1.0,3
2382,7,0.42240565256418483,0.4241678699519998,2.4223471809090937,2.4223471809090937,1.346280463973657,1.3479527739944677,1.0,1.0,,,0.25,,,0.6512618277793176,,0.55,,False,True,False,,
2401,1,0.00861944669694222,0.34755491838400315,0.06335321473389373,1.5270645609201239,1.0014872387821339,1.2160325087649488,0.011818675748399898,0.9999434098642748,0.05,0.0,0.050000000000000044,0.0644361953405859,0.029226275890606713,0.3117201647750014,0.0,0.0,"{'I': 1, 'W': 0, 'R': 1, 'C': 'free'}",False,True,True,1.0,3
2401,2,0.01307546198258682,0.38670953430284344,0.07196162471265331,1.8955621010309411,1.002076349702426,1.3067381094564134,0.014414481580946048,0.9999999999999977,0.05,0.050000000000000044,0.050000000000000044,0.09511821826879542,0.10646311606594568,0.06730574013173578,0.050000000000000044,0.050000000000000044,"{'I': 1, 'W': 0, 'R': 1, 'C': 'free'}",False,True,True,1.0,3
2401,3,0.0006782461664497755,0.3092236380206435,0.002332702520930237,1.7479928805259506,1.0000614409988284,1.220495945369858,0.00042998131138149986,0.9999999559027998,0.0,0.0,0.0,0.0019262236129182588,0.0016982012655618278,0.004061749274305303,0.0,0.0,"{'I': 0, 'W': 1, 'R': 0, 'C': 'costly'}",False,True,True,1.0,3
2421,1,0.1535760846559742,0.4253591551694269,0.6697253854287977,1.8800859953482105,1.068241956617767,1.329720343878202,0.3700405722932294,0.9999999997045691,0.05,0.0,0.050000000000000044,0.006576683085875855,0.015905800122941644,0.23750961933868775,0.0,0.0,"{'I': 1, 'W': 0, 'R': 1, 'C': 'free'}",False,True,True,1.0,3
2421,2,0.01630810670346283,0.25528234530622235,0.1189263112211866,1.9716823642425465,1.003204575670303,1.1760587958928654,0.02527082489060717,0.999999122791076,0.05,0.0,0.0,0.0021710280912278757,0.01587998991321633,0.017958854266950215,0.0,0.0,"{'I': 1, 'W': 0, 'R': 1, 'C': 'free'}",False,True,True,1.0,3
2421,3,0.0003386358341190405,0.2417869693023743,0.0008158131573617897,1.6334777075719162,1.000028565243965,1.2153773617234658,0.00022849257948420743,0.9999999991372047,0.0,0.0,0.0,0.0028005312554400933,0.007563486262342969,0.010987010088552488,0.0,0.0,"{'I': 0, 'W': 1, 'R': 0, 'C': 'costly'}",False,True,True,1.0,3
2424,1,0.06988043584427577,0.32781671715024063,0.3435827984619421,1.2733623579351823,1.021782467559496,1.203288531527697,0.17629067680189614,0.9997091093308889,0.0,0.0,0.050000000000000044,0.0016007273888912165,0.004599537703409644,0.11399212207179164,0.0,0.0,"{'I': 1, 'W': 0, 'R': 1, 'C': 'free'}",False,True,True,1.0,3
2424,2,0.08793411202789565,0.3400906964908966,0.6962723977811764,1.6274844974664715,1.0906592946941431,1.1980482878377454,0.5005555844412499,0.9996475238017414,0.0,0.0,0.0,0.0031711151962774036,0.0016827068517654249,0.003269186597822097,0.0,0.0,"{'I': 0, 'W': 1, 'R': 0, 'C': 'costly'}",False,True,True,1.0,3
2434,1,0.049235142038563315,0.45865898049373627,0.4736277102272561,2.0170297439353417,1.0158289711435975,1.3977187454145095,0.20988359199042717,1.0,0.2,0.15000000000000002,0.050000000000000044,0.5592004046294294,0.5277742011438417,0.4972862131114954,0.75,0.050000000000000044,"{'I': 1, 'W': 0, 'R': 1, 'C': 'free'}",False,True,True,1.0,3
2434,2,0.5217470521314261,0.4791814674491319,1.9823464934525932,2.1399041944781874,1.3570854224778386,1.3568004331621741,0.9652206901007594,1.0,0.2,0.4,0.15000000000000002,0.406232189675306,0.7718767531435459,0.6488600069706982,0.5,0.35,"{'I': 1, 'W': 0, 'R': 1, 'C': 'free'}",False,True,True,1.0,3
2434,3,0.12883477572512164,0.5122174644866564,0.951355618490847,2.2769533862345366,1.0777621397010932,1.4212153394223581,0.5612189702534811,1.0,0.3,0.15000000000000002,0.050000000000000044,0.10649274053899109,0.31982340040954077,0.37602516365793137,0.15000000000000002,0.15000000000000002,"{'I': 1, 'W': 0, 'R': 1, 'C': 'free'}",False,True,True,1.0,3
2434,4,0.017367782703373066,0.5847466418836709,0.10200692444151037,2.2326819648165075,1.003150259807787,1.429583640801531,0.027910862251690483,1.0,0.1,0.050000000000000044,0.15000000000000002,0.04737177480851364,0.22201232937921217,0.164518668538504,0.050000000000000044,0.15000000000000002,"{'I': 1, 'W': 0, 'R': 1, 'C': 'free'}",False,True,True,1.0,3
2434,5,0.2265931019446752,0.4356269127602596,0.8540552335738822,2.2908263659360055,1.1351391728537947,1.3453136451498764,0.7815205134779805,1.0,0.3,0.15000000000000002,0.55,0.3207007868284432,0.3485917609409209,0.7056133382839731,0.15000000000000002,0.75,"{'I': 1, 'W': 0, 'R': 1, 'C': 'free'}",False,True,True,0.6666666666666666,3
2434,6,0.022097363186433756,0.4405500176388882,0.25875096692625005,2.284757713792466,1.005712290796274,1.3276725197341455,0.0766477907177815,1.0,0.2,0.050000000000000044,0.15000000000000002,0.2015012578729834,0.3770837810875831,0.32081287604900816,0.050000000000000044,0.050000000000000044,"{'I': 1, 'W': 0, 'R': 1, 'C': 'free'}",False,True,True,1.0,3
2434,7,0.06525224171114016,0.46573803066996294,0.3921947284081155,2.0539880292156236,1.0202117680570308,1.3556790130534222,0.13070396532662976,1.0,0.2,0.050000000000000044,0.25,0.4991260466296865,0.6506129352173589,0.49837394712830746,0.15000000000000002,0.35,"{'I': 1, 'W': 0, 'R': 1, 'C': 'free'}",False,True,True,0.6666666666666666,3
2451,1,0.01117699404280435,0.20715573556378744,0.06821453237090369,1.2206464506842098,1.001670799819279,1.1709844804505773,0.014912343377185278,0.9992974979502909,0.0,0.0,0.050000000000000044,0.0021535509719948407,0.008559588532650096,0.02556103725346517,0.0,0.0,"{'I': 1, 'W': 0, 'R': 1, 'C': 'free'}",False,True,True,1.0,3
2451,2,0.0038361409432323256,0.42658201439528776,0.03061575205543102,1.8086506232981212,1.0005360588801628,1.3150084738110763,0.005877725952991186,0.9999999999739769,0.05,0.050000000000000044,0.050000000000000044,0.18241070763751918,0.22180248405487535,0.08483646492303971,0.050000000000000044,0.050000000000000044,"{'I': 1, 'W': 0, 'R': 1, 'C': 'free'}",False,True,True,1.0,3
2451,3,0.05329338602942054,0.24538793135608583,0.3032459295759657,1.659902345379394,1.5087498125545988,1.1426202883957362,0.9152193728025895,0.9988857015869651,0.05,0.0,0.050000000000000044,0.06749789614896,0.1063139043061595,0.053327375598339416,0.0,0.0,"{'I': 1, 'W': 0, 'R': 1, 'C': 'free'}",False,True,True,1.0,3
2451,4,0.002886119557523384,0.2269960225853815,0.023221863289566966,1.707725674348341,1.0003996140214513,1.1341413471649386,0.003589350598435237,0.9999906541437246,0.0,0.0,0.0,0.009700558907405454,0.012424478462443263,0.08491847168962025,0.0,0.0,"{'I': 0, 'W': 1, 'R': 0, 'C': 'costly'}",False,True,True,0.6666666666666666,3
2474,1,0.011038908038600134,0.2968355142581362,0.07184885126858134,1.4207313594556426,1.0017565215591206,1.2230257302277956,0.019119643365508088,0.9999983046834453,0.0,0.0,0.050000000000000044,0.003124815438479307,0.0066719887419194575,0.06644473855031986,0.0,0.0,"{'I': 1, 'W': 0, 'R': 1, 'C': 'free'}",False,True,True,1.0,3
2474,2,0.005849895284446573,0.34472414469865376,0.017343287743831304,2.0085149404369464,1.0007606764579768,1.349304263817168,0.005308570505313859,0.9999999999964492,0.0,0.0,0.0,0.015905110433966814,0.053393569114500904,0.060098292808958266,0.0,0.0,"{'I': 0, 'W': 1, 'R': 0, 'C': 'costly'}",False,True,True,1.0,3
2498,1,0.004301442150882001,0.2361147279729889,0.017332857291980593,1.4930533818633371,1.0005401248237076,1.1723256385948284,0.003772718409147169,0.9990840401741252,0.0,0.0,0.050000000000000044,0.0021665500067869995,0.006662818570854395,0.12894476424248916,0.0,0.0,"{'I': 1, 'W': 0, 'R': 1, 'C': 'free'}",False,True,True,1.0,3
2498,2,0.000425692202691481,0.21631779042669178,0.002450358680273249,1.2433706287653241,1.00004325188588,1.1805891396821184,0.0003027108276385526,0.9996538547489991,0.05,0.0,0.0,0.0010237625847784625,0.004604257505654277,0.001690399197506384,0.0,0.0,"{'I': 1, 'W': 0, 'R': 1, 'C': 'free'}",False,True,True,1.0,3
2498,3,0.009616465279945849,0.15669796661536467,0.055140559894300466,1.5863069089529989,1.0015802394426472,1.1442056476175386,0.010992085878923863,0.9997300702886133,0.0,0.0,0.0,0.017947032021258205,0.0013242880932344849,0.003166994115899138,0.0,0.0,"{'I': 0, 'W': 1, 'R': 0, 'C': 'costly'}",False,True,True,1.0,3
2501,1,0.18736754841706865,0.4493940091072264,1.1567592836402902,2.191503666114727,1.085545677253578,1.4084493444680948,0.5222869784894986,1.0,0.05,0.050000000000000044,0.09999999999999998,0.10669603747871145,0.24449951227012048,0.14800708426508258,0.050000000000000044,0.050000000000000044,"{'I': 1, 'W': 0, 'R': 1, 'C': 'free'}",False,True,True,1.0,3
2501,2,0.004187330725839444,0.4057923567800417,0.027129197936306512,2.005439962539863,1.000567651443107,1.276634004376802,0.005658832049022622,0.9999999858392649,0.05,0.050000000000000044,0.050000000000000044,0.007576158012678175,0.06729507675495558,0.029314485183510753,0.050000000000000044,0.050000000000000044,"{'I': 1, 'W': 0, 'R': 1, 'C': 'free'}",False,True,True,1.0,3
2501,3,0.3126665858037793,0.48838906258739834,0.9913888127618549,2.7362592870020355,1.2366704100329002,1.371312780193982,0.9368027185670953,1.0,0.15,0.050000000000000044,0.050000000000000044,0.24493722607713816,0.2938139268383795,0.32022715887221215,0.15000000000000002,0.15000000000000002,"{'I': 1, 'W': 0, 'R': 1, 'C': 'free'}",False,True,True,0.6666666666666666,3
2501,4,0.08327393431493083,0.5531345927841185,0.5379537752963653,2.1858771299765056,1.2406527590706116,1.4534493344340216,0.7789714981180252,1.0,0.05,0.050000000000000044,0.050000000000000044,0.08502131429642458,0.201507196607058,0.14775036100609654,0.050000000000000044,0.050000000000000044,"{'I': 1, 'W': 0, 'R': 1, 'C': 'free'}",False,True,True,1.0,3
2501,5,0.030122000797294823,0.5328984961592323,0.2162291239531358,2.2700910698154604,1.00704805512804,1.4705853843686971,0.0612536866525063,1.0,0.05,0.050000000000000044,0.050000000000000044,0.24508375132736368,0.32034100491178347,0.34674229172492327,0.050000000000000044,0.050000000000000044,"{'I': 1, 'W': 0, 'R': 1, 'C': 'free'}",False,True,True,1.0,3
2501,6,0.06995266673699448,0.5180783198228194,0.6939703750898474,2.560542215642584,1.0246819022171263,1.402043561790935,0.2536694657443721,1.0,0.5,0.9,0.050000000000000044,0.7541631089695591,0.6787270332226051,0.5919798801059141,0.75,0.050000000000000044,"{'I': 1, 'W': 0, 'R': 1, 'C': 'free'}",False,True,True,0.3333333333333333,3
2501,7,0.013623652226844076,0.49274769432721927,0.06305751439199364,2.6677980535550128,1.0020146267724004,1.3873333586038066,0.01398942662567726,1.0,0.05,0.050000000000000044,0.050000000000000044,0.530194471687199,0.46845427878553075,0.8168080466596709,0.15000000000000002,0.75,"{'I': 0, 'W': 1, 'R': 0, 'C': 'costly'}",False,True,True,0.6666666666666666,3
251,1,0.0007331231361751867,0.3207111863469654,0.0031446673679695666,1.76044698475785,1.0000720859646435,1.2635621601336309,0.0005765006921832905,0.999999844035046,0.0,0.0,0.0,0.0004083441515580484,0.0027525299981101736,0.00394278989431355,0.0,0.0,"{'I': 1, 'W': 0, 'R': 1, 'C': 'free'}",False,True,True,1.0,3
251,2,0.20100922554997405,0.3809990087132436,1.015395572403285,1.8547333521655027,1.1226514707958735,1.2967876746424882,0.8236701837406484,0.9999989578033497,0.0,0.0,0.0,0.011095552743012806,0.014058404834619585,0.020331589803878627,0.0,0.0,"{'I': 0, 'W': 1, 'R': 0, 'C': 'costly'}",False,True,True,1.0,3
2521,1,0.06427384799640548,0.24389059586067374,0.43413742215352763,1.2624976120214508,1.0237177570304348,1.2027043410640763,0.1513309880754874,0.9999530732411033,0.0,0.0,0.050000000000000044,0.002624239341393106,0.005909795175212374,0.17073012966832263,0.0,0.0,"{'I': 1, 'W': 0, 'R': 1, 'C': 'free'}",False,True,True,1.0,3
2521,2,0.002446281780338629,0.2448811053593064,0.013560302154240313,1.8883897263129248,1.0002876390180622,1.1315610538055982,0.002585031956659045,0.9999811054413129,0.05,0.0,0.0,0.005250243664427479,0.010968725980735474,0.004607386160669384,0.0,0.0,"{'I': 1, 'W': 0, 'R': 1, 'C': 'free'}",False,True,True,1.0,3
2521,3,0.0017647821387779812,0.21827182916697557,0.010106110457044017,1.5329478632514406,1.0002085913211256,1.1699825263065526,0.0014589217203568872,0.9999988294382671,0.0,0.0,0.0,0.0017003375638954053,0.0021766195573229468,0.037226456650919934,0.0,0.0,"{'I': 0, 'W': 1, 'R': 0, 'C': 'costly'}",False,True,True,1.0,3
2543,1,0.14232589237226753,0.17107827257483732,0.48659063819315873,1.3636802851944485,1.0520800256843013,1.111866592481408,0.26259284394411786,0.9988711704074568,0.0,0.0,0.0,0.002425772872074032,0.005196536273633496,0.08341892111864473,0.0,0.0,"{'I': 1, 'W': 0, 'R': 1, 'C': 'free'}",False,True,True,1.0,3
2543,2,0.008538851265263426,0.38175882488980356,0.03720356244992041,1.7573737887052305,1.0011095566321715,1.3112191052081346,0.007732539605327604,0.9999999996145407,0.05,0.0,0.050000000000000044,0.04234721302077883,0.08478918946270723,0.009709652269480179,0.0,0.0,"{'I': 1, 'W': 0, 'R': 1, 'C': 'free'}",False,True,True,1.0,3
2543,3,0.00028492638953615953,0.30668296161310227,0.0007381505638434302,1.8949929394930827,1.0000235734424892,1.1552156450012716,0.00018856753602569665,0.9992640523789076,0.0,0.0,0.0,0.000803965438714811,0.001925604576581911,0.042586390900912485,0.0,0.0,"{'I': 0, 'W': 1, 'R': 0, 'C': 'costly'}",False,True,True,1.0,3
2544,1,0.0019320484873384077,0.16363326937812445,0.005221560556131805,1.0852203058682808,1.0002103260749133,1.0720766571470495,0.001471044667917587,0.938203141243161,0.0,0.0,0.050000000000000044,0.008577865221459455,0.012407998550390814,0.21931130511318492,0.0,0.0,"{'I': 1, 'W': 0, 'R': 1, 'C': 'free'}",False,True,True,1.0,3
2544,2,0.0012032131510976848,0.3194484852456211,0.002550587004824998,1.5775770356898424,1.0001168374108846,1.2104285447099756,0.0008174797826717706,0.9999137058577076,0.05,0.0,0.0,0.0013231020313441185,0.004064899179002027,0.0035911699646575565,0.0,0.0,"{'I': 1, 'W': 0, 'R': 1, 'C': 'free'}",False,True,True,1.0,3
2544,3,0.018073946953551436,0.2693654351318153,0.0819787371692709,1.8912720919758657,1.0033947624191961,1.2443362897729566,0.016802305969795928,0.9999999795806991,0.0,0.0,0.0,0.014062598553453902,0.01406387157112966,0.03308264943096445,0.0,0.0,"{'I': 0, 'W': 1, 'R': 0, 'C': 'costly'}",False,True,True,1.0,3
2545,1,0.03678046735238789,0.4800105500423521,0.16238394918904986,2.125725567959906,1.0074306290612123,1.415989352379345,0.05050223781536545,1.0,0.05,0.050000000000000044,0.09999999999999998,0.11846155860826277,0.22226944196050255,0.4362273369701103,0.050000000000000044,0.050000000000000044,"{'I': 1, 'W': 0, 'R': 1, 'C': 'free'}",False,True,True,1.0,3
2545,2,0.0013945103010067446,0.5590664840912735,0.00931647475591086,2.069757799852506,1.0001631973772707,1.4363050066270955,0.0014675786099785926,0.9999999999999999,0.05,0.050000000000000044,0.15000000000000002,0.020295766836204467,0.18241804800689013,0.0671570454103388,0.050000000000000044,0.050000000000000044,"{'I': 1, 'W': 0, 'R': 1, 'C': 'free'}",False,True,True,1.0,3
2545,3,0.07477375947513135,0.4617430029113963,0.34078504875490767,1.734112257567525,1.022648441800559,1.4650728885045996,0.14509969251021804,1.0,0.15,0.050000000000000044,0.050000000000000044,0.16417889814659975,0.4983567465943882,0.267830096709729,0.15000000000000002,0.050000000000000044,"{'I': 1, 'W': 0, 'R': 1, 'C': 'free'}",False,True,True,0.6666666666666666,3
2545,4,0.030397396851609533,0.25994288465021764,0.12062613891297437,1.9120921564026017,1.0062260214342056,1.199110226207179,0.04251673783975718,0.9999999999974432,0.05,0.0,0.050000000000000044,0.020294504363620066,0.13271607634178453,0.10670516025073143,0.0,0.0,"{'I': 1, 'W': 0, 'R': 1, 'C': 'free'}",False,True,True,0.6666666666666666,3
2545,5,0.46776101939692855,0.38665031330691846,1.0062715375608091,2.478314251342513,1.317029114410044,1.2906615597652416,0.9161232451893897,1.0,0.2,0.15000000000000002,0.050000000000000044,0.8661396368982751,0.7304584342619896,0.3202184611186876,0.8,0.15000000000000002,"{'I': 1, 'W': 0, 'R': 1, 'C': 'free'}",False,True,True,0.0,3
2545,6,0.10233524243773763,0.35300583536022145,0.6323103889396675,2.2784421610242345,1.054209458965912,1.2592235084168175,0.3444818349244988,1.0,0.1,0.050000000000000044,0.050000000000000044,0.22254304063526295,0.32066145927160195,0.376616010306913,0.050000000000000044,0.050000000000000044,"{'I': 1, 'W': 0, 'R': 1, 'C': 'free'}",False,True,True,0.0,3
2545,7,0.003838942758979792,0.4038828959244798,0.019642818397861316,1.9205116439682681,1.0004971979168689,1.3284150957780183,0.003968698656363401,1.0,0.15,0.050000000000000044,0.15000000000000002,0.201597843182604,0.4066727189007565,0.4365378952036306,0.15000000000000002,0.050000000000000044,"{'I': 1, 'W': 0, 'R': 1, 'C': 'free'}",False,True,True,0.6666666666666666,3
2547,1,0.03786035647959393,0.4352058396514805,0.16251210909906239,1.735433218275507,1.0080937565458679,1.2759692197450694,0.0699813134114805,0.9999999983584142,0.05,0.050000000000000044,0.09999999999999998,0.11669711366064088,0.09505557742432581,0.21765103358746782,0.050000000000000044,0.050000000000000044,"{'I': 1, 'W': 0, 'R': 1, 'C': 'free'}",False,True,True,1.0,3
2547,2,0.10443638771701502,0.46915528506624526,0.8684016394899736,1.958516422937831,1.0821369277040196,1.2870804584993427,0.6688315503276118,0.9999999416522615,0.15,0.050000000000000044,0.15000000000000002,0.4377544113849211,0.6724759260479307,0.4362047269084558,0.5,0.15000000000000002,"{'I': 1, 'W': 0, 'R': 1, 'C': 'free'}",False,False,True,0.3333333333333333,3
2547,3,0.2463615428838386,0.5136975455178333,1.1844304036990618,2.453086378390703,1.092016463277103,1.4350667271649364,0.5054997526717263,1.0,0.3,0.35,0.7,0.43738223170626994,0.6779999419826043,0.704524383417888,0.15000000000000002,0.75,"{'I': 1, 'W': 0, 'R': 1, 'C': 'free'}",False,True,True,1.0,3
2547,4,0.08230711941556626,0.45210761965739443,0.6470578453514798,2.0903688787550583,1.0552388716182184,1.3252749918500895,0.3495802004877666,0.9999999999999382,0.1,0.050000000000000044,0.050000000000000044,0.004097255520311457,0.2219198767486354,0.2043495252537434,0.050000000000000044,0.050000000000000044,"{'I': 1, 'W': 0, 'R': 1, 'C': 'free'}",False,True,True,1.0,3
2547,5,0.07597633623431639,0.29877933447396754,0.6063247808124416,2.3059574317705005,1.04453830821479,1.2294103247028012,0.29432452884273974,0.99999999996063,0.0,0.0,0.0,0.004624737807151673,0.06741238748879055,0.04201329610169865,0.0,0.0,"{'I': 0, 'W': 1, 'R': 0, 'C': 'costly'}",False,True,True,0.6666666666666666,3
2559,1,0.0011194798085718452,0.22840355421896383,0.003972495952071386,1.2667713946769728,1.0001143558574226,1.181284199614293,0.0009143762573424752,0.9999832270316873,0.0,0.0,0.0,0.0012895265783399118,0.003578303901867975,0.02596081396936973,0.0,0.0,"{'I': 1, 'W': 0, 'R': 1, 'C': 'free'}",False,True,True,1.0,3
2559,2,0.00033257817103581473,0.2157966689638152,0.0011335282864172597,1.5083749085488185,1.000028927634847,1.1804279356294882,0.00026031106125512515,0.9999710590465897,0.05,0.0,0.0,0.008576468163485503,0.01095546905339918,0.0019260815297600284,0.0,0.0,"{'I': 1, 'W': 0, 'R': 1, 'C': 'free'}",False,True,True,1.0,3
2559,3,0.0011992705984366207,0.34628429641327346,0.006712151794546222,1.5668039920088512,1.000130384702154,1.3151010591037717,0.0011726976773014375,0.9999999859169221,0.0,0.0,0.0,0.001533502753738349,0.0024657471101318645,0.005910395824438428,0.0,0.0,"{'I': 0, 'W': 1, 'R': 0, 'C': 'costly'}",False,True,True,1.0,3
2562,1,0.004545323278804252,0.31082206206376795,0.027478347679801198,1.2896291533036157,1.0006268883239569,1.2009862629556207,0.004377235238387067,0.9999707361322797,0.05,0.0,0.050000000000000044,0.010505060135748978,0.017932539234543906,0.052077415408509894,0.0,0.0,"{'I': 1, 'W': 0, 'R': 1, 'C': 'free'}",False,True,True,1.0,3
2562,2,0.0005688050030260609,0.39457928224875904,0.004766587251841495,1.9769807949420997,1.000063095792488,1.274851394563219,0.0006307390207835883,0.9999999995887566,0.05,0.0,0.050000000000000044,0.02912666841040776,0.06723260406441729,0.08510603699150353,0.0,0.050000000000000044,"{'I': 1, 'W': 0, 'R': 1, 'C': 'free'}",False,True,True,1.0,3
2562,3,0.0007009298887145003,0.16273820395265232,0.001371718418304758,1.480360156564395,1.0000609152413844,1.0847403410494079,0.0003654135369640654,0.9990061800598456,0.0,0.0,0.0,0.0019261340712298826,0.0024465053064830636,0.0027802979791820767,0.0,0.0,"{'I': 0, 'W': 1, 'R': 0, 'C': 'costly'}",False,True,True,1.0,3
2563,1,0.015208121554320516,0.48886941766404224,0.06908830951846905,2.564371343536808,1.0024822833926252,1.357972117372863,0.01963826779532818,1.0,0.1,0.050000000000000044,0.09999999999999998,0.31942245517692835,0.5904030038339216,0.6434535373103405,0.050000000000000044,0.050000000000000044,"{'I': 1, 'W': 0, 'R': 1, 'C': 'free'}",False,True,True,0.6666666666666666,3
2563,2,0.013471459408602521,0.4429209978615333,0.07460568681308784,2.284446813085847,1.0023584547371982,1.3717749948968887,0.01635453400185105,1.0,0.2,0.35,0.5,0.2682445733239561,0.6204197994597909,0.6496613813087981,0.5,0.75,"{'I': 1, 'W': 0, 'R': 1, 'C': 'free'}",False,True,True,1.0,3
2563,3,0.0010443209419759205,0.28195674506094154,0.005041281481515624,1.7281068762688103,1.0001095965902087,1.2008174788693147,0.0008763404687374132,0.9999999999534425,0.05,0.0,0.050000000000000044,0.0014993339484294615,0.03301714578293431,0.012542122075663282,0.050000000000000044,0.0,"{'I': 1, 'W': 0, 'R': 1, 'C': 'free'}",False,True,True,1.0,3
2563,4,0.0020723450082789623,0.30957098663266874,0.022226298208714104,1.7315799716446336,1.0002640950061714,1.2523130018886774,0.00369001704172911,0.9999999999999356,0.0,0.0,0.0,0.029311482945939053,0.0532806472461964,0.02922268328520755,0.0,0.0,"{'I': 0, 'W': 1, 'R': 0, 'C': 'costly'}",False,True,True,1.0,3
26,1,0.0034819354001097043,0.28587702131705534,0.021952004631965453,1.4265391568203336,1.0004417404438326,1.2023100845449275,0.003086726570190712,0.9999963785817021,0.0,0.0,0.0,0.0006989641411584805,0.004061178084583063,0.01376695301989983,0.0,0.0,"{'I': 1, 'W': 0, 'R': 1, 'C': 'free'}",False,True,True,1.0,3
26,2,0.0010224837346843826,0.24327870148594877,0.005341163528273611,1.6844989713991756,1.000098555817006,1.1865699675395387,0.0007880969739262333,0.9999999989755178,0.0,0.0,0.0,0.0474244084284626,0.1498294779027797,0.11736777955461541,0.0,0.0,"{'I': 0, 'W': 1, 'R': 0, 'C': 'costly'}",False,True,True,0.3333333333333333,3
2609,1,0.0009018965626639503,0.24424879344863584,0.004225333753255874,1.3501650960162483,1.0000957454559374,1.198977379256095,0.000669961583887213,0.9999924614870672,0.0,0.0,0.0,0.0012750934994644335,0.0058847161131421475,0.025645581867289696,0.0,0.0,"{'I': 1, 'W': 0, 'R': 1, 'C': 'free'}",False,True,True,1.0,3
2609,2,0.0022853689142212728,0.4105044453533547,0.009643132525307898,1.6186408970400354,1.0002610140142167,1.272184209184178,0.002346063285555089,0.999999998702074,0.15,0.050000000000000044,0.050000000000000044,0.29419868088046053,0.3190360766817691,0.11860254044868287,0.050000000000000044,0.15000000000000002,"{'I': 1, 'W': 0, 'R': 1, 'C': 'free'}",False,True,True,1.0,3
2609,3,0.008658917422023796,0.5069657947785124,0.046700308839712094,2.0789204564582673,1.0013320194217863,1.415196782407344,0.010592564016472794,1.0,0.4,0.35,0.050000000000000044,0.29338581706886185,0.49894831519685406,0.7724978905257562,0.5,0.75,"{'I': 1, 'W': 0, 'R': 1, 'C': 'free'}",False,True,True,1.0,3
2609,4,0.07637860876891842,0.6290477376128428,0.659396628582661,2.2642562855729715,1.1473368554223764,1.5327869038191606,0.7097438036435406,1.0,0.5,0.7,0.4,0.32047992731975933,0.6770791435327351,0.677091448066713,0.65,0.65,"{'I': 1, 'W': 0, 'R': 1, 'C': 'free'}",False,True,True,0.6666666666666666,3
2609,5,0.057861118051443165,0.500666654323191,0.5139101668762056,2.5140306332743907,1.0216119687615333,1.4269314984249295,0.22630759693258873,1.0,0.3,0.35,0.5,0.5923229911075112,0.7771600980650928,0.9044378150691629,0.9,0.75,"{'I': 1, 'W': 0, 'R': 1, 'C': 'free'}",False,True,True,0.0,3
2609,6,0.08392500347309235,0.6545579641265884,0.38925932341389874,2.430832610913202,1.0216362906455574,1.5270597297785353,0.1014992537726741,1.0,0.2,0.050000000000000044,0.050000000000000044,0.20153557292913568,0.3770157513664078,0.26824747225558193,0.050000000000000044,0.050000000000000044,"{'I': 1, 'W': 0, 'R': 1, 'C': 'free'}",False,True,True,1.0,3
2609,7,0.0886743666711677,0.4230599148714789,0.4302618524238494,2.13076316839585,1.026174402979251,1.3737420650183456,0.16545115871976535,1.0,0.05,0.050000000000000044,0.050000000000000044,0.7512869091456351,0.2681632806174535,0.20180900911787722,0.15000000000000002,0.050000000000000044,"{'I': 1, 'W': 0, 'R': 1, 'C': 'free'}",False,True,True,1.0,3
2611,1,0.19392171857288332,0.392465419684667,1.0068130269522955,1.4186088969181714,1.2911276710925925,1.258460543147199,0.8705069414515831,0.9999983807906822,0.1,0.050000000000000044,0.09999999999999998,0.2892248691888864,0.20035256408877203,0.16449148915541795,0.050000000000000044,0.050000000000000044,"{'I': 1, 'W': 0, 'R': 1, 'C': 'free'}",False,True,True,1.0,3
2611,2,0.0019678260202177413,0.3506291221099007,0.011365853652520644,1.5645379891810431,1.0002385551748314,1.2372255729805377,0.0019063943181116816,0.9999964883146112,0.05,0.050000000000000044,0.050000000000000044,0.005218638291299024,0.042453840481607476,0.005979209540333499,0.050000000000000044,0.050000000000000044,"{'I': 1, 'W': 0, 'R': 1, 'C': 'free'}",False,True,True,1.0,3
2611,3,0.08105263909058508,0.2743683143030124,0.2714642212925422,1.4280528125205603,1.0216083252330668,1.1496845994604468,0.1013762696551126,0.9999964688533431,0.0,0.0,0.0,0.017986111231785458,0.07586019820430835,0.011647223495417965,0.0,0.0,"{'I': 0, 'W': 1, 'R': 0, 'C': 'costly'}",False,True,True,1.0,3
2646,1,0.0006550119216762653,0.25536438136343437,0.0034213780876514756,1.4988828136037118,1.000067256442419,1.2250562085151797,0.0005378887324062331,0.9998678292628117,0.5,0.0,0.050000000000000044,0.0031213669537687805,0.009674962044212712,0.3485622920446112,0.0,0.0,"{'I': 1, 'W': 0, 'R': 1, 'C': 'free'}",False,True,True,1.0,3
2646,2,0.003252356971512031,0.4764187217445199,0.02148699780389392,1.6962225399568056,1.0004697516103578,1.4086539975631565,0.0032820913054897316,0.9999999999862822,0.1,0.0,0.050000000000000044,0.0051591075205640845,0.0672997571699883,0.04724742223863099,0.0,0.0,"{'I': 1, 'W': 0, 'R': 1, 'C': 'free'}",False,True,True,1.0,3
2646,3,0.0005893182146452106,0.20553636933240824,0.0023583010081853558,1.656342486330336,1.0000553610680059,1.1244997648256885,0.00038744167455218026,0.9999996625882953,0.0,0.0,0.0,0.00191098439135477,0.003593039862461315,0.008727156806029299,0.0,0.0,"{'I': 0, 'W': 1, 'R': 0, 'C': 'costly'}",False,True,True,1.0,3
2648,1,0.0005371612991171531,0.24705914907405677,0.0012447838187579646,1.2215470180346166,1.000049062003569,1.1211446582523006,0.0003433666366551291,0.9985233219029168,0.0,0.0,0.050000000000000044,0.0005495782281753124,0.00405758388876703,0.015907355853316204,0.0,0.0,"{'I': 1, 'W': 0, 'R': 1, 'C': 'free'}",False,True,True,1.0,3
2648,2,0.10880889633869872,0.4344049359152981,0.7062847526480741,1.781368423877888,1.066067070258681,1.3866356705900533,0.36098905101425605,0.9999999999996784,0.05,0.050000000000000044,0.050000000000000044,0.2689183555870818,0.24439684974010292,0.11920775117399812,0.050000000000000044,0.050000000000000044,"{'I': 1, 'W': 0, 'R': 1, 'C': 'free'}",False,True,True,1.0,3
2648,3,0.0006465508159388588,0.20348288416105542,0.0034374279594145173,1.3400396273837014,1.0000635206026778,1.1277069388628016,0.0006349841654692545,0.9999952577742335,0.0,0.0,0.0,0.009707274129482423,0.09507848756399263,0.006737836528722127,0.0,0.0,"{'I': 0, 'W': 1, 'R': 0, 'C': 'costly'}",False,True,True,1.0,3
2662,1,0.0019303459270731287,0.29907236376565727,0.005619094093848912,1.4875036038070073,1.0002126529327093,1.1924440819110238,0.0016995966492600045,0.9997857233150423,0.05,0.0,0.0,0.007506642042543157,0.02289730559633155,0.1807393517324534,0.0,0.0,"{'I': 1, 'W': 0, 'R': 1, 'C': 'free'}",False,True,True,1.0,3
2662,2,0.00166844737246015,0.4037887668185255,0.010210646557129622,1.7181210934207491,1.0001885323097235,1.3458285266757426,0.0018833696268618638,0.9999999999735246,0.05,0.050000000000000044,0.050000000000000044,0.010953593869038155,0.047320469390909684,0.02931552208122168,0.050000000000000044,0.050000000000000044,"{'I': 1, 'W': 0, 'R': 1, 'C': 'free'}",False,True,True,1.0,3
2662,3,0.011383186098786545,0.5289411095351709,0.08412034214576249,2.6048752538717195,1.0020418585109754,1.4336336039782518,0.018190509288611656,1.0,0.05,0.0,0.050000000000000044,0.059996112400546045,0.26822916393381485,0.2435391024326869,0.050000000000000044,0.050000000000000044,"{'I': 1, 'W': 0, 'R': 1, 'C': 'free'}",False,True,True,1.0,3
2662,4,0.021509384500788566,0.2028359754925394,0.10379631131295816,1.6190012691661533,1.0042957185416361,1.1177764777321615,0.021204545528946905,0.9996700543280744,0.0,0.0,0.0,0.005916352776942574,0.004601215642288472,0.012417037654739449,0.0,0.0,"{'I': 0, 'W': 1, 'R': 0, 'C': 'costly'}",False,True,True,1.0,3
2672,1,0.009584221562618296,0.35484634547396937,0.05792298426516004,1.77444041821051,1.0015562099227613,1.3319164153315244,0.01236294529568005,0.9999999980653073,0.0,0.0,0.050000000000000044,0.0007907777714372782,0.0046081542529357086,0.18238150060505515,0.0,0.0,"{'I': 1, 'W': 0, 'R': 1, 'C': 'free'}",False,True,True,1.0,3
2672,2,0.028344444773163065,0.1781999798362218,0.1473709171820005,1.3796903635800426,1.0064147165959365,1.1394735999417007,0.06194087476049237,0.9997323106211131,0.0,0.0,0.0,0.002471937793533984,0.0021772763028510248,0.09534312261909593,0.0,0.0,"{'I': 0, 'W': 1, 'R': 0, 'C': 'costly'}",False,True,True,1.0,3
2674,1,0.00048082789689510584,0.3098563222386006,0.0017413439851688562,1.3790058589290093,1.000045740425967,1.2160997886108311,0.00032012440858331104,0.9999686215337493,0.0,0.0,0.050000000000000044,0.0022552252316088224,0.00591005999960112,0.14559446859650485,0.0,0.0,"{'I': 1, 'W': 0, 'R': 1, 'C': 'free'}",False,True,True,1.0,3
2674,2,0.01663985139710678,0.26167549550309355,0.17847534091261702,1.4944860403812437,1.0039923511816853,1.1769166860667337,0.042881845623106485,0.9999845370972427,0.0,0.0,0.0,0.012430787261637074,0.004595741840727266,0.018377850178906294,0.0,0.0,"{'I': 0, 'W': 1, 'R': 0, 'C': 'costly'}",False,True,True,1.0,3
2679,1,0.06575115326900056,0.4991368754178581,0.4004687190833639,2.0656638767297926,1.0186981087581854,1.4103020878581478,0.13774444496552996,1.0,0.05,0.050000000000000044,0.050000000000000044,0.047434067282602715,0.047260094279359094,0.11413700951180389,0.050000000000000044,0.050000000000000044,"{'I': 1, 'W': 0, 'R': 1, 'C': 'free'}",False,True,True,0.6666666666666666,3
2679,2,0.0027121292644600686,0.487440234664568,0.014412674471500877,2.202990811180111,1.0003318903047926,1.3703108814674934,0.003312852767450414,1.0,0.05,0.050000000000000044,0.050000000000000044,0.03286219182161445,0.22266228897528306,0.1824204145980927,0.050000000000000044,0.050000000000000044,"{'I': 1, 'W': 0, 'R': 1, 'C': 'free'}",False,True,True,1.0,3
2679,3,0.1321439800686151,0.41749091589169823,0.585547996038591,1.9495642334641137,1.0398815155295298,1.3515962686403549,0.17760453318528158,1.0,0.1,0.050000000000000044,0.050000000000000044,0.059998169340564476,0.09518940914473106,0.132726728220412,0.050000000000000044,0.050000000000000044,"{'I': 1, 'W': 0, 'R': 1, 'C': 'free'}",False,True,True,0.6666666666666666,3
2679,4,0.02455191018148476,0.49294028970645953,0.11311243236860255,2.005255275865974,1.004661253657435,1.4976774761060025,0.032028820691812676,1.0,0.15,0.050000000000000044,0.050000000000000044,0.08499049530978812,0.26627445599523786,0.10707555025788987,0.050000000000000044,0.050000000000000044,"{'I': 1, 'W': 0, 'R': 1, 'C': 'free'}",False,True,True,1.0,3
2679,5,0.07628047408453506,0.311797465046576,0.3079662988538627,1.9165916107590295,1.0194067340804733,1.2363088200425139,0.1258871335001741,0.9999999999999901,0.05,0.0,0.050000000000000044,0.029380229634085264,0.037287361117078144,0.13298414551536603,0.0,0.050000000000000044,"{'I': 0, 'W': 1, 'R': 0, 'C': 'costly'}",False,True,True,1.0,3
2702,1,0.060233042901207325,0.3182751180711691,0.6389241805556566,1.3932809531378991,1.0207838431917668,1.2179094229609377,0.2025043228005916,0.9999927037356104,0.05,0.050000000000000044,0.050000000000000044,0.20179102668047225,0.16380393879391048,0.22267494234479937,0.050000000000000044,0.050000000000000044,"{'I': 1, 'W': 0, 'R': 1, 'C': 'free'}",False,True,True,1.0,3
2702,2,0.21467266728454643,0.5016299313871898,1.055933017432137,2.201257949199132,1.1326389082740136,1.477417155710353,0.8456069117308531,1.0,0.2,0.050000000000000044,0.15000000000000002,0.11845695410650017,0.26793878996920045,0.18174771765227246,0.050000000000000044,0.15000000000000002,"{'I': 1, 'W': 0, 'R': 1, 'C': 'free'}",False,True,True,1.0,3
2702,3,0.11982458222700326,0.4850417315549605,1.037503222114872,2.2766557221028143,1.0712127932453328,1.3746252554760683,0.46158364501769744,1.0,0.15,0.35,0.15000000000000002,0.22183598807317834,0.40532676616905866,0.31923067670527505,0.5,0.75,"{'I': 1, 'W': 0, 'R': 1, 'C': 'free'}",False,True,True,1.0,3
2702,4,0.20187690965458957,0.6914287594536821,0.7409220603131697,2.282699584526598,1.0690940189385936,1.5809500872994158,0.37354670078143437,1.0,0.2,0.35,0.15000000000000002,0.1329652426313699,0.3479340918229091,0.5286248969294118,0.25,0.15000000000000002,"{'I': 1, 'W': 0, 'R': 1, 'C': 'free'}",False,True,True,1.0,3
2702,5,0.008741973780571278,0.47637567953385695,0.030036059174745992,1.9048345558687338,1.0011826582572638,1.3099091660966338,0.009411111413764162,0.9999999999999999,0.1,0.050000000000000044,0.050000000000000044,0.09530398989045148,0.201420830357026,0.34771635470313667,0.050000000000000044,0.050000000000000044,"{'I': 1, 'W': 0, 'R': 1, 'C': 'free'}",False,True,True,1.0,3
2702,6,0.024139400760006237,0.40816575227385404,0.0668285021584298,2.0332960239990516,1.0038030808668532,1.2938786478423214,0.02622116709647726,0.999999991216559,0.1,0.0,0.050000000000000044,0.24442305225844477,0.2931487818295009,0.04192917672109421,0.050000000000000044,0.050000000000000044,"{'I': 1, 'W': 0, 'R': 1, 'C': 'free'}",True,True,True,0.0,3
2702,7,0.053686522188732225,0.5297490148331357,0.5274985521093476,2.4877720698159034,1.0164172105565432,1.410138980326429,0.15027206039288699,1.0,0.2,0.050000000000000044,0.15000000000000002,0.2224982835522362,0.5614734057549845,0.37702360110684935,0.15000000000000002,0.25,"{'I': 1, 'W': 0, 'R': 1, 'C': 'free'}",False,True,True,1.0,3
2705,1,0.09344413750221972,0.34769516665781125,0.8299687209510219,1.7243007054043704,1.0425715890193343,1.243120907825079,0.5471147578818603,0.9999988891443268,0.1,0.050000000000000044,0.050000000000000044,0.18873770728552908,0.22113129779273663,0.19455061667915183,0.050000000000000044,0.050000000000000044,"{'I': 1, 'W': 0, 'R': 1, 'C': 'free'}",False,True,True,1.0,3
2705,2,0.08156106851949826,0.5979841543033633,0.5622453385670523,2.6311681627663175,1.038077705736657,1.554995707977537,0.3848064581423566,1.0,0.2,0.050000000000000044,0.15000000000000002,0.201805813641606,0.34859883395338487,0.4633997528524641,0.15000000000000002,0.15000000000000002,"{'I': 1, 'W': 0, 'R': 1, 'C': 'free'}",False,True,True,0.3333333333333333,3
2705,3,0.07558112954810299,0.5976194749392817,0.4628459636833383,2.535513687543326,1.0258513425048639,1.5177718856598803,0.16360971046908324,1.0,0.2,0.050000000000000044,0.15000000000000002,0.060733256428110435,0.18196221289540054,0.1814869242734788,0.15000000000000002,0.15000000000000002,"{'I': 1, 'W': 0, 'R': 1, 'C': 'free'}",False,True,True,1.0,3
2705,4,0.0039392222484773524,0.24143393588445797,0.01948584384127309,1.945613769231333,1.0004972134914063,1.1648487031876744,0.003968822696497232,0.9999932239375607,0.05,0.0,0.0,0.0006241625950066064,0.003587737119666132,0.0014991758759956887,0.0,0.0,"{'I': 1, 'W': 0, 'R': 1, 'C': 'free'}",False,True,True,1.0,3
2705,5,0.0003407445722969439,0.2693022111746791,0.0013959434664358055,1.327556282989545,1.0000289224310053,1.2368060658116957,0.00023134933669266555,0.9999999218774706,0.0,0.0,0.0,0.0006266254790092918,0.0014998541944387623,0.0011693008664169827,0.0,0.0,"{'I': 0, 'W': 1, 'R': 0, 'C': 'costly'}",False,True,True,1.0,3
2711,1,0.03189333090166776,0.1676207027850176,0.31677973051970804,1.5057981884545837,1.010111180470625,1.0950815132615914,0.09570897915851462,0.9902673483176554,0.0,0.0,0.050000000000000044,0.0019140456916105365,0.007566731080373746,0.02931815957855085,0.0,0.0,"{'I': 1, 'W': 0, 'R': 1, 'C': 'free'}",False,True,True,1.0,3
2711,2,0.002456197469684479,0.3218458025617003,0.017434646701491044,1.662977066616172,1.0003350941844056,1.276299692465925,0.0026767156142912807,0.9999996557392901,0.05,0.0,0.0,0.012383345094893791,0.07554844033565461,0.025918494318620252,0.0,0.0,"{'I': 1, 'W': 0, 'R': 1, 'C': 'free'}",False,True,True,1.0,3
2711,3,0.05331275160828734,0.1639493257093487,0.5309316276737783,1.715839635206254,1.0255374508131143,1.097550924390221,0.22288596351231382,0.999994443624118,0.0,0.0,0.0,0.00216886168314434,0.0013209046295747369,0.004598212634937426,0.0,0.0,"{'I': 0, 'W': 1, 'R': 0, 'C': 'costly'}",False,True,True,1.0,3
2733,1,0.0036827220345035197,0.21422462516391594,0.013013641070039602,1.390100105488425,1.0004687045261287,1.1378301533448656,0.00467498526322907,0.9997423418272794,0.0,0.0,0.050000000000000044,0.0013081371117937785,0.004598239232649835,0.08401725285401133,0.0,0.0,"{'I': 1, 'W': 0, 'R': 1, 'C': 'free'}",False,True,True,1.0,3
2733,2,0.10432719208818379,0.4445776836443299,1.129736632146941,2.527069170512938,1.0801060382290297,1.3127948594745271,0.6852222037887472,1.0,0.2,0.050000000000000044,0.15000000000000002,0.37707339279550894,0.4065525357139113,0.49885335912013035,0.050000000000000044,0.15000000000000002,"{'I': 1, 'W': 0, 'R': 1, 'C': 'free'}",False,True,True,1.0,3
2733,3,0.17987486968987818,0.49609988103707003,0.8869976466874269,2.3714640475120747,1.0868236027252733,1.4338920961793826,0.6317936600726219,1.0,0.2,0.050000000000000044,0.050000000000000044,0.2939917092577695,0.34793680314191483,0.6496400796933717,0.15000000000000002,0.15000000000000002,"{'I': 1, 'W': 0, 'R': 1, 'C': 'free'}",False,True,True,0.0,3
2733,4,0.26615174040950706,0.5085505784076222,1.619171385896234,2.079302719059494,1.1582385547841056,1.342215517556272,0.8518758831506082,1.0,0.2,0.050000000000000044,0.050000000000000044,0.11912471413092018,0.182283590669899,0.6764962172781261,0.050000000000000044,0.15000000000000002,"{'I': 1, 'W': 0, 'R': 1, 'C': 'free'}",False,True,True,0.3333333333333333,3
2733,5,0.21177490674543692,0.5790902680938601,1.205371800420701,2.59683437461439,1.106892774921192,1.5367819493205683,0.7820199689726492,1.0,0.2,0.4,0.09999999999999998,0.8803495902201078,0.8352242078167492,0.9146343408124541,0.9,0.75,"{'I': 1, 'W': 0, 'R': 1, 'C': 'free'}",False,True,True,0.0,3
2733,6,0.16192162828868192,0.49625811559336935,1.238184649273947,2.3624970373651513,1.0719598849874417,1.4138215854186347,0.6219923997898968,1.0,0.2,0.35,0.050000000000000044,0.376607388126771,0.5607502785364162,0.6489012087233539,0.35,0.050000000000000044,"{'I': 1, 'W': 0, 'R': 1, 'C': 'free'}",False,True,True,0.0,3
2733,7,0.12481045828835267,0.4017535123919594,0.5917083975255446,2.2938689502286844,1.0533095724982062,1.3771603003432469,0.2677425253399788,1.0,0.15,0.050000000000000044,0.050000000000000044,0.09549834659544063,0.16434216569020008,0.5586261093724396,0.050000000000000044,0.050000000000000044,"{'I': 1, 'W': 0, 'R': 1, 'C': 'free'}",False,True,True,1.0,3
2748,1,0.0015908387214843994,0.2504536949994202,0.017418555691377104,1.4255302952813707,1.0002097695273018,1.1716226012970357,0.0029321582049932626,0.9999904831129476,0.0,0.0,0.0,0.0024284652513400346,0.005881211349141974,0.01613569304454473,0.0,0.0,"{'I': 1, 'W': 0, 'R': 1, 'C': 'free'}",False,True,True,1.0,3
2748,2,0.002694994310746428,0.24241294294711968,0.00875987499951385,1.5828715181941535,1.00030676374594,1.149098008150862,0.001532408179512279,0.9999999988327782,0.0,0.0,0.0,0.010985982839386685,0.012428406316287251,0.022909330553337715,0.0,0.0,"{'I': 0, 'W': 1, 'R': 0, 'C': 'costly'}",False,True,True,1.0,3
2766,1,0.0140304376648636,0.2167237989757932,0.10484597191281449,1.68826890004891,1.0023178281014749,1.1735748974710751,0.01835070581989151,0.9999993490647661,0.0,0.0,0.0,0.0034854030557421602,0.02027778454005476,0.3323592365013361,0.0,0.0,"{'I': 1, 'W': 0, 'R': 1, 'C': 'free'}",False,True,True,1.0,3
2766,2,0.008551891482929768,0.1966467169530135,0.06023973979607201,1.2604925238676985,1.001403388227351,1.0965844392181605,0.011156534272985352,0.9937239605758303,0.05,0.0,0.0,0.017987524532673032,0.05340804635859189,0.010919138351817848,0.0,0.0,"{'I': 1, 'W': 0, 'R': 1, 'C': 'free'}",False,True,True,1.0,3
2766,3,0.037624403880093325,0.3948268161844914,0.31565074944324,2.056051231559671,1.011012790870736,1.3374590921969198,0.10374106392606464,1.0,0.2,0.050000000000000044,0.050000000000000044,0.04735749266477756,0.16409374517647937,0.11910335805983437,0.050000000000000044,0.050000000000000044,"{'I': 1, 'W': 0, 'R': 1, 'C': 'free'}",False,True,True,1.0,3
2766,4,0.09570232159173428,0.4132438959329471,0.6664913693007662,1.9896266691701097,1.0542963037600819,1.2957491487259107,0.410650172635612,0.9999999999999999,0.1,0.0,0.050000000000000044,0.5915187288569475,0.40673050750704065,0.18221511039867003,0.0,0.050000000000000044,"{'I': 1, 'W': 0, 'R': 1, 'C': 'free'}",True,False,True,0.0,3
2766,5,0.0029114557880033907,0.3987711288686094,0.026785264587977285,2.4298912520337828,1.0004024827921145,1.2675727037736007,0.005617786336980957,0.9999999999999999,0.2,0.050000000000000044,0.050000000000000044,0.13282712224019627,0.2930189252240521,0.24507660165018233,0.050000000000000044,0.050000000000000044,"{'I': 1, 'W': 0, 'R': 1, 'C': 'free'}",False,True,True,1.0,3
2766,6,0.0023206693329837183,0.33726091863178187,0.011926099763072557,2.302708485450772,1.0002526550706186,1.2898961722114772,0.0020189444539308044,1.0,0.0,0.0,0.0,0.04737068940596334,0.053370047560809694,0.1325737560866753,0.0,0.050000000000000044,"{'I': 0, 'W': 1, 'R': 0, 'C': 'costly'}",False,True,True,0.6666666666666666,3
2767,1,0.17100307430298317,0.45999697771075176,0.7332493229823396,1.8739212557730112,1.1871314983612828,1.404244996791707,0.5758632948862037,0.9999999999999997,0.05,0.0,0.050000000000000044,0.0675506974115758,0.022976725314390406,0.0851169623620844,0.0,0.050000000000000044,"{'I': 1, 'W': 0, 'R': 1, 'C': 'free'}",False,True,True,1.0,3
2767,2,0.0005235674543822357,0.273580032329125,0.002434338859938169,1.3950213011512578,1.0000519033296464,1.2087573211737244,0.0003632478885111645,0.9999982770932466,0.05,0.0,0.0,0.0024667621110736416,0.02292080958999484,0.006691913054430961,0.0,0.0,"{'I': 1, 'W': 0, 'R': 1, 'C': 'free'}",False,True,True,1.0,3
2767,3,0.05068220636946719,0.4420859781320578,0.24851937851677022,2.231329875169426,1.0129893205337006,1.330711631520288,0.07451198496954481,1.0,0.0,0.0,0.050000000000000044,0.3784318876059215,0.1820149899398577,0.3201432717972283,0.050000000000000044,0.050000000000000044,"{'I': 0, 'W': 1, 'R': 0, 'C': 'costly'}",False,True,True,1.0,3
280,1,0.0705809965363791,0.34955341032679366,0.4954593095736654,2.250086164252878,1.0181642559796917,1.2634755989120856,0.13412095761935316,0.9999999999946779,0.05,0.050000000000000044,0.050000000000000044,0.09815628975821582,0.09502140587254032,0.24019066044467538,0.050000000000000044,0.050000000000000044,"{'I': 1, 'W': 0, 'R': 1, 'C': 'free'}",False,True,True,1.0,3
280,2,0.007585153675977785,0.3022770468530585,0.033920023229263706,1.631578681256531,1.000949106991481,1.1864957015906032,0.005675772838860227,0.9999993146570398,0.05,0.0,0.050000000000000044,0.02587030272623936,0.06730649521891385,0.033378110566174866,0.0,0.0,"{'I': 1, 'W': 0, 'R': 1, 'C': 'free'}",False,True,True,0.6666666666666666,3
280,3,0.10849606586869105,0.4065671577349592,0.5594927269944606,2.31195510622658,1.0448672172715683,1.309015029332348,0.29609966345381067,1.0,0.05,0.0,0.050000000000000044,0.00969895433898486,0.10654735375670361,0.24473657460718534,0.050000000000000044,0.050000000000000044,"{'I': 1, 'W': 0, 'R': 1, 'C': 'free'}",False,True,True,1.0,3
280,4,0.0008338833181543346,0.2130121280703559,0.004011967940856601,1.6357316446650605,1.0000781120732654,1.1273338217605462,0.00046854433486098745,0.9999816676069538,0.0,0.0,0.0,0.008576086967909983,0.03300847467111184,0.04783483784619108,0.0,0.0,"{'I': 0, 'W': 1, 'R': 0, 'C': 'costly'}",False,True,True,1.0,3
2811,1,0.0817653838668876,0.3168338310781134,0.4795112784766669,1.7636208010886594,1.0255962957221534,1.2062614738001396,0.20345189682076037,0.9999870128887559,0.0,0.0,0.050000000000000044,0.005129697505740138,0.010944261317339879,0.1644972657696435,0.0,0.0,"{'I': 1, 'W': 0, 'R': 1, 'C': 'free'}",False,True,True,1.0,3
2811,2,0.04580848030403866,0.5030234955281531,0.3036424327779507,2.1155876302710674,1.0110518714741983,1.3227461835022027,0.11388071477401784,0.9999999999883289,0.2,0.050000000000000044,0.15000000000000002,0.49768463061035473,0.4362009775672224,0.2941849118521334,0.050000000000000044,0.15000000000000002,"{'I': 1, 'W': 0, 'R': 1, 'C': 'free'}",False,True,True,1.0,3
2811,3,0.25281633250380064,0.6186235114281246,1.260145432836219,2.532043374611468,1.1261821386400537,1.4866790941054833,0.7294141924012957,1.0,0.2,0.050000000000000044,0.050000000000000044,0.3199342946494326,0.4669440163337955,0.2683306628434224,0.5,0.35,"{'I': 1, 'W': 0, 'R': 1, 'C': 'free'}",False,True,True,1.0,3
2811,4,0.02977605543237194,0.5843238007081405,0.23906286147006228,2.4369085520304026,1.0074597892562016,1.512223261198734,0.06470091487654261,1.0,0.1,0.7,0.4,0.6787242363937179,0.8346664947205004,0.6496700420263449,0.9,0.65,"{'I': 1, 'W': 0, 'R': 1, 'C': 'free'}",True,True,True,0.0,3
2811,5,0.016231278078512112,0.5405577782516262,0.07027394939123642,2.4488086795101416,1.0026539144024649,1.4606933238918138,0.031304335242657966,1.0,0.3,0.15000000000000002,0.5,0.5615533574784333,0.5613011568147798,0.6494387429221217,0.9,0.75,"{'I': 1, 'W': 0, 'R': 1, 'C': 'free'}",False,True,True,1.0,3
2811,6,0.005928278896683225,0.4498052519160014,0.02469377148541953,2.296213790545503,1.000731638266548,1.3965688642244052,0.005833882431119708,1.0,0.4,0.25,0.4,0.26870961029001483,0.40672424152581277,0.4063633681178925,0.35,0.35,"{'I': 1, 'W': 0, 'R': 1, 'C': 'free'}",False,True,True,1.0,3
2811,7,0.01723482800483733,0.46581310327190323,0.08446749644695402,2.1919745208888783,1.0026220564674173,1.3465325226175082,0.02839396806161687,1.0,0.2,0.050000000000000044,0.25,0.5916960221008843,0.6217095606363812,0.4366806629030386,0.75,0.35,"{'I': 1, 'W': 0, 'R': 1, 'C': 'free'}",False,True,True,0.6666666666666666,3
2812,1,0.014042474882402815,0.49989278974376017,0.050152756415991484,1.764289160422079,1.0021343578686153,1.357698089632513,0.012711023944063093,0.9999999999677487,0.05,0.0,0.050000000000000044,0.004017387156286257,0.010986542951957445,0.21301441845031127,0.0,0.050000000000000044,"{'I': 1, 'W': 0, 'R': 1, 'C': 'free'}",False,True,True,1.0,3
2812,2,0.0011939028820345948,0.6731847639969895,0.004280369158171272,2.350917886077194,1.0001205774252122,1.5687146651710513,0.0008436350340647047,1.0,0.2,0.050000000000000044,0.15000000000000002,0.13459241101909006,0.348597603311765,0.34733520606485757,0.050000000000000044,0.15000000000000002,"{'I': 1, 'W': 0, 'R': 1, 'C': 'free'}",False,True,True,0.6666666666666666,3
2812,3,0.07129858465666401,0.5252533891314246,0.4760622993453486,2.133815856858284,1.0296237908287906,1.4321100041626929,0.18482656711044076,1.0,0.15,0.050000000000000044,0.050000000000000044,0.08342390622606095,0.2218187502682741,0.34633696551251525,0.15000000000000002,0.75,"{'I': 1, 'W': 0, 'R': 1, 'C': 'free'}",False,True,True,0.6666666666666666,3
2812,4,0.013040574704462573,0.5831793920261144,0.0741388740062002,2.2000170746519254,1.0024342554394567,1.5200293106792886,0.014481898411229155,1.0,0.2,0.9,0.5,0.406214292358711,0.8154380312615093,0.7038073094890318,0.9,0.65,"{'I': 1, 'W': 0, 'R': 1, 'C': 'free'}",False,True,True,0.0,3
2812,5,0.07536633241790089,0.5174350971920515,0.5039224123578445,2.3207717983442393,1.033240465567659,1.3887711065560426,0.20459163319284834,1.0,0.2,0.15000000000000002,0.5,0.20159442085534293,0.7756471010003069,0.498166293273268,0.65,0.75,"{'I': 1, 'W': 0, 'R': 1, 'C': 'free'}",False,True,True,0.6666666666666666,3
2812,6,0.27002761186381474,0.5183674316814436,0.5969669567323042,2.6331926562591534,1.6958157825342923,1.4520574772809154,0.9579536827259906,1.0,0.5,0.9,0.9,0.9796495848220679,0.9626225763242611,0.893216330119777,0.9,0.8,"{'I': 1, 'W': 0, 'R': 1, 'C': 'free'}",True,True,True,0.0,3
2812,7,0.051002006532640656,0.7154406611748382,0.24825224219421219,2.2794873415789265,1.0131659330757214,1.5586756195534572,0.08749353476835786,1.0,0.2,0.050000000000000044,0.5,0.3751412556194219,0.7956645081744771,0.5301933248517451,0.75,0.75,"{'I': 1, 'W': 0, 'R': 1, 'C': 'free'}",False,True,True,0.6666666666666666,3
2817,1,0.009095457742482646,0.5097687687268544,0.02539996491745725,2.5482732484571295,1.0012646883426422,1.412236544053334,0.007554654841823827,1.0,0.05,0.050000000000000044,0.050000000000000044,0.015985369547861106,0.032994925542363183,0.19866375134652695,0.0,0.050000000000000044,"{'I': 1, 'W': 0, 'R': 1, 'C': 'free'}",False,True,True,1.0,3
2817,2,0.038147169003240215,0.2538527495824535,0.14799684598941404,1.2542940168495418,1.006403990814838,1.1516914602387933,0.03757721012865367,0.9999414123758433,0.0,0.0,0.0,0.047355249507337945,0.04730237784884594,0.003589489042453917,0.0,0.0,"{'I': 0, 'W': 1, 'R': 0, 'C': 'costly'}",False,True,True,1.0,3
2823,1,0.0018944981857244225,0.21479683277808245,0.005796069424582546,1.666886946594083,1.0002038389870298,1.1268425262104553,0.0012221618392720401,0.9947758222813974,0.05,0.0,0.0,0.005830180922223617,0.015807959632941865,0.12739431347394378,0.0,0.0,"{'I': 1, 'W': 0, 'R': 1, 'C': 'free'}",False,True,True,1.0,3
2823,2,0.00027375810330130905,0.17396970690458524,0.0010204585602462248,1.1395336802081257,1.0000237699119447,1.1054920754717172,0.00023766804692204602,0.9973071162346386,0.05,0.0,0.0,0.0021621026742243516,0.020293200328126412,0.0040682374625301086,0.0,0.0,"{'I': 1, 'W': 0, 'R': 1, 'C': 'free'}",False,True,True,1.0,3
2823,3,0.000977535707084604,0.14016047503342477,0.003230558962616442,1.520817295406107,1.0000949426396282,1.0897427928074293,0.000569466589483536,0.9993278603133597,0.0,0.0,0.0,0.002151261514528361,0.0009104182494170245,0.042015472545775305,0.0,0.0,"{'I': 0, 'W': 1, 'R': 0, 'C': 'costly'}",False,True,True,1.0,3
2825,1,0.21400491501308713,0.38639044429862035,1.0995989230344487,2.2754043243075444,1.2167475673470918,1.3248741458258968,0.7467225100252652,1.0,0.05,0.050000000000000044,0.050000000000000044,0.26890902793096183,0.3196871505426625,0.721820375340151,0.050000000000000044,0.050000000000000044,"{'I': 1, 'W': 0, 'R': 1, 'C': 'free'}",False,True,True,1.0,3
2825,2,0.13918486217600598,0.42747244271068907,0.7860161314799213,1.8528514116121566,1.1054557737923205,1.3807651192984522,0.45203632975170915,1.0,0.05,0.050000000000000044,0.050000000000000044,0.20142311984901237,0.1642561039486092,0.24507864683255035,0.050000000000000044,0.15000000000000002,"{'I': 1, 'W': 0, 'R': 1, 'C': 'free'}",False,True,True,1.0,3
2825,3,0.0012899960673255536,0.3245733000218601,0.003913114946285817,2.305060384452929,1.0001210600795454,1.2184609128376604,0.00060508062666631,0.9999999999998657,0.0,0.0,0.0,0.003171576509075087,0.006665556037591062,0.06726143884533611,0.0,0.0,"{'I': 0, 'W': 1, 'R': 0, 'C': 'costly'}",False,True,True,1.0,3
2826,1,0.0027440967954670873,0.19442762206353092,0.013757286073485924,1.211799034706494,1.0003120748788705,1.179181059044067,0.0021817997626909502,0.9988380171397035,0.05,0.0,0.050000000000000044,0.0051775612703602,0.047208918460618365,0.052521170849693474,0.0,0.0,"{'I': 1, 'W': 0, 'R': 1, 'C': 'free'}",False,True,True,1.0,3
2826,2,0.018561125173086886,0.19030455730754248,0.09941358164840919,1.019873836941724,1.0036500675842273,1.0876653568995809,0.021623323711786768,0.9822897053119063,0.05,0.0,0.0,0.012377639534078434,0.041994135240337585,0.002790238731987211,0.0,0.0,"{'I': 1, 'W': 0, 'R': 1, 'C': 'free'}",False,True,True,1.0,3
2826,3,0.004406748600630891,0.37431745954610984,0.01667814768763758,1.577113100455293,1.0005363184048097,1.2675770530072101,0.004813947371746119,0.9999999997349158,0.05,0.050000000000000044,0.050000000000000044,0.07564194787957021,0.1326100062171453,0.11921517769343853,0.050000000000000044,0.050000000000000044,"{'I': 1, 'W': 0, 'R': 1, 'C': 'free'}",False,True,True,1.0,3
2826,4,0.09488738496725728,0.20197078498002882,0.29148739806072366,1.676970685735446,1.0264315812897324,1.1445899328651745,0.14489397937875625,0.9999976578888159,0.0,0.0,0.0,0.02924934392885672,0.07574120568318007,0.0533224019326482,0.0,0.0,"{'I': 0, 'W': 1, 'R': 0, 'C': 'costly'}",False,True,True,0.6666666666666666,3
2835,1,0.06268094958684876,0.271860369547818,0.39282121921831226,1.9216470740206695,1.0177864727837387,1.1948670144016134,0.19068068243963332,0.9999905761619979,0.05,0.050000000000000044,0.0,0.4687025425663956,0.24385306416221905,0.10668401325381081,0.050000000000000044,0.0,"{'I': 1, 'W': 0, 'R': 1, 'C': 'free'}",False,True,True,1.0,3
2835,2,0.009325337082553913,0.5261201319961816,0.07675724911281226,2.086644930168568,1.0016143610380435,1.3858737395320122,0.0175871612730637,0.9999999999765186,0.15,0.050000000000000044,0.050000000000000044,0.008547153327187891,0.13210956959052325,0.06693004708177272,0.050000000000000044,0.050000000000000044,"{'I': 1, 'W': 0, 'R': 1, 'C': 'free'}",False,True,True,1.0,3
2835,3,0.03849175899951208,0.4386553246064484,0.25203954416919994,2.4967914695057254,1.009178114655531,1.3102158045549412,0.07048284303589103,0.999999999998926,0.1,0.050000000000000044,0.050000000000000044,0.0035918580973007715,0.08482938629827405,0.020334185803919803,0.050000000000000044,0.050000000000000044,"{'I': 1, 'W': 0, 'R': 1, 'C': 'free'}",False,True,True,1.0,3
2835,4,0.06421186318715041,0.3804153593579573,0.49383589199650757,2.018525895784047,1.0241060132922353,1.277243884262218,0.17350416322979956,0.9999999999855433,0.05,0.0,0.050000000000000044,0.0259578938085226,0.0847505050251278,0.10637196088635864,0.0,0.050000000000000044,"{'I': 1, 'W': 0, 'R': 1, 'C': 'free'}",False,True,True,1.0,3
2835,5,0.15008348084816192,0.4182972697778209,0.7133441625594458,2.144820566540095,1.082004688425906,1.3019397860367248,0.3768033009126003,0.9999999926878316,0.05,0.0,0.050000000000000044,0.022928213777790418,0.0949663352048791,0.09535161025656672,0.0,0.050000000000000044,"{'I': 1, 'W': 0, 'R': 1, 'C': 'free'}",False,True,True,1.0,3
2835,6,0.23079729765942647,0.6409054687625119,1.1747468455040966,2.0425609270974547,1.2702992404664606,1.5489514718375283,0.8838964084949315,1.0,0.2,0.050000000000000044,0.050000000000000044,0.24483863147024781,0.5600604796152755,0.2684668178597078,0.050000000000000044,0.050000000000000044,"{'I': 1, 'W': 0, 'R': 1, 'C': 'free'}",False,True,True,0.6666666666666666,3
2835,7,0.11769343958287701,0.5417519027019164,0.5150806024404201,2.270572167908192,1.0359192834947164,1.4642402153493843,0.24596299425343637,1.0,0.2,0.050000000000000044,0.050000000000000044,0.20181278490718854,0.3743592357782794,0.37563589427014515,0.15000000000000002,0.75,"{'I': 1, 'W': 0, 'R': 1, 'C': 'free'}",False,True,True,0.6666666666666666,3
2836,1,0.023983033087249975,0.35590518477305916,0.29319254071666895,2.287893494529562,1.0070706889160435,1.3065186559354256,0.08752584250326767,0.9999999999999998,0.1,0.0,0.050000000000000044,0.03308655631860453,0.07586801648333638,0.20179219961543146,0.050000000000000044,0.050000000000000044,"{'I': 1, 'W': 0, 'R': 1, 'C': 'free'}",False,True,True,1.0,3
2836,2,0.047182070757695434,0.368516154322688,0.14609815582973748,2.0864531823930097,1.0096783071673678,1.2911711396604555,0.0561524638369032,1.0,0.5,0.050000000000000044,0.15000000000000002,0.2017993713526771,0.2931274186087887,0.22208727897346905,0.5,0.15000000000000002,"{'I': 1, 'W': 0, 'R': 1, 'C': 'free'}",False,True,True,1.0,3
2836,3,0.3351096701134123,0.43119686626281695,0.9941424231714292,1.627360888807901,1.251941667981339,1.3710255086733627,0.6748531662788568,0.9999999999277845,0.05,0.0,0.050000000000000044,0.24609723583619933,0.2681372096150553,0.200751156179266,0.050000000000000044,0.0,"{'I': 1, 'W': 0, 'R': 1, 'C': 'free'}",False,True,True,0.3333333333333333,3
2836,4,0.02721723906149904,0.6187565243988421,0.11186697348978204,2.325585981038881,1.0045317925079966,1.5494265983486466,0.031155237731188445,1.0,0.15,0.9,0.15000000000000002,0.7529141513965979,0.8661578787934849,0.7039965298518204,0.6699999999999999,0.15000000000000002,"{'I': 1, 'W': 0, 'R': 1, 'C': 'free'}",False,True,True,0.6666666666666666,3
2836,5,0.04667686797445916,0.628654593128224,0.1598933126710951,2.116719919102169,1.0088405029146807,1.5219326437790406,0.051439708728075906,1.0,0.1,0.050000000000000044,0.050000000000000044,0.29419920374909847,0.560736554909879,0.3486118296639394,0.050000000000000044,0.050000000000000044,"{'I': 1, 'W': 0, 'R': 1, 'C': 'free'}",True,True,True,0.0,3
2836,6,0.0036631402136807645,0.6105632728582072,0.02120588499941882,2.3473941258193243,1.0004928753248572,1.4512646073256583,0.003934271608188822,1.0,0.15,0.050000000000000044,0.050000000000000044,0.14770059871620597,0.2936858654066348,0.24506878909866064,0.050000000000000044,0.050000000000000044,"{'I': 1, 'W': 0, 'R': 1, 'C': 'free'}",False,True,True,0.6666666666666666,3
2836,7,0.07852446899032357,0.6690125520569202,0.3135273002004515,2.6071665971668465,1.0179833499647324,1.5393651005026632,0.11729563024380685,1.0,0.2,0.050000000000000044,0.15000000000000002,0.29376413375818167,0.6500240085449601,0.5301732396255734,0.15000000000000002,0.25,"{'I': 1, 'W': 0, 'R': 1, 'C': 'free'}",False,True,True,0.6666666666666666,3
2854,1,0.00040127094847812835,0.406078709614872,0.0012569388083937102,1.7388918151813255,1.0000359663419065,1.2629167057450452,0.00025172817707674877,0.9999998722032382,0.05,0.0,0.050000000000000044,0.0031540536158532846,0.005201850723226751,0.06755565415608676,0.0,0.0,"{'I': 1, 'W': 0, 'R': 1, 'C': 'free'}",False,True,True,1.0,3
2854,2,0.010675927323032748,0.21682714650247528,0.04926570414157953,1.8449043441164026,1.0016211980037746,1.2226601143843674,0.009672231826910349,0.9999472747678413,0.0,0.0,0.0,0.06008825326550759,0.09492015072173067,0.1329688599637595,0.0,0.0,"{'I': 0, 'W': 1, 'R': 0, 'C': 'costly'}",False,True,True,0.3333333333333333,3
2864,1,0.002630718819898041,0.4500995033762942,0.013219009886463618,1.7624597362938133,1.0003103534004023,1.3382384342807414,0.0021697793733537196,0.9999999986111509,0.0,0.0,0.050000000000000044,0.0021303394836855566,0.0040668946307700635,0.020336406721331347,0.0,0.0,"{'I': 1, 'W': 0, 'R': 1, 'C': 'free'}",False,True,True,1.0,3
2864,2,0.11723913475028991,0.44397039758575124,0.6601574294095064,2.368160384370468,1.0378367690916852,1.3707752362092782,0.228924989426323,1.0,0.15,0.050000000000000044,0.15000000000000002,0.24472364208940972,0.29357875524699223,0.46789044449633305,0.050000000000000044,0.15000000000000002,"{'I': 1, 'W': 0, 'R': 1, 'C': 'free'}",False,True,True,1.0,3
2864,3,0.002118846741186386,0.36522838338998176,0.009811439141367414,2.230843141468169,1.000223788749548,1.297876870928881,0.0015651199084284473,1.0,0.05,0.0,0.050000000000000044,0.06743016448583802,0.16422559377987547,0.43702611421129944,0.050000000000000044,0.050000000000000044,"{'I': 0, 'W': 1, 'R': 0, 'C': 'costly'}",False,True,True,1.0,3
2866,1,0.09587109635342551,0.3689810256574705,0.35775126037853483,1.9324877888616037,1.0230932785945477,1.241866368276004,0.22208444869845212,0.9999999999999851,0.2,0.15000000000000002,0.09999999999999998,0.22216032770058738,0.3760127525076804,0.6115349653282289,0.25,0.050000000000000044,"{'I': 1, 'W': 0, 'R': 1, 'C': 'free'}",False,True,True,1.0,3
2866,2,0.001230265785381223,0.40015763094527784,0.005269544810883509,1.8712124988821064,1.000128648082837,1.257254697136466,0.0011570883318968717,0.9999999995489622,0.05,0.050000000000000044,0.050000000000000044,0.012430946443160807,0.11919312564788223,0.03722206403824826,0.050000000000000044,0.050000000000000044,"{'I': 1, 'W': 0, 'R': 1, 'C': 'free'}",False,True,True,1.0,3
2866,3,0.030947828934415576,0.3880513941891813,0.1367932053493994,1.6925233154252448,1.0061332067522628,1.3026898512035752,0.030109767202094906,0.999999999921659,0.05,0.0,0.050000000000000044,0.016154408476688385,0.047428548393993276,0.025958838803271465,0.050000000000000044,0.050000000000000044,"{'I': 1, 'W': 0, 'R': 1, 'C': 'free'}",False,True,True,1.0,3
2866,4,0.1342157947698464,0.49113993505422554,0.762162980404861,2.0387414109646027,1.0392829727540644,1.4401953283764488,0.31976044833538697,1.0,0.15,0.050000000000000044,0.050000000000000044,0.4950508451736135,0.24434670692544386,0.10616532943534562,0.050000000000000044,0.050000000000000044,"{'I': 1, 'W': 0, 'R': 1, 'C': 'free'}",False,True,True,0.3333333333333333,3
2866,5,0.06248297573395335,0.46878490536792894,0.252132826255476,2.178593513529477,1.0135266110490064,1.3762083659295379,0.10191229211841923,1.0,0.2,0.15000000000000002,0.09999999999999998,0.0849738730326117,0.26831741580953655,0.8149689220724847,0.15000000000000002,0.050000000000000044,"{'I': 1, 'W': 0, 'R': 1, 'C': 'free'}",False,True,True,1.0,3
2866,6,0.004136929420115064,0.48812802760600765,0.02203822517886768,1.8994157153787892,1.0005427348155886,1.3989936510769996,0.004871384427118763,0.9999999999940818,0.05,0.050000000000000044,0.050000000000000044,0.0015058598185427557,0.04208978388512295,0.06008905813376593,0.050000000000000044,0.050000000000000044,"{'I': 1, 'W': 0, 'R': 1, 'C': 'free'}",False,True,True,1.0,3
2866,7,0.032977728325328616,0.39729837829165493,0.38129681831551904,1.870555919663457,1.0072528337819935,1.3252671439118469,0.08966859105244829,1.0,0.15,0.050000000000000044,0.050000000000000044,0.5601395506978905,0.3477423109991008,0.4654461304955964,0.15000000000000002,0.050000000000000044,"{'I': 1, 'W': 0, 'R': 1, 'C': 'free'}",False,True,True,0.0,3
2889,1,0.21933984717557106,0.5090465259521966,0.8335473600605827,2.794013900742575,1.0986345687775274,1.4427995121243482,0.6765844634417708,1.0,0.2,0.15000000000000002,0.8,0.6784429270276979,0.7048748981488558,0.5889575003020816,0.8,0.9,"{'I': 1, 'W': 0, 'R': 1, 'C': 'free'}",False,True,True,1.0,3
2889,2,0.11457807651882425,0.5838236409604296,0.8353706139880485,2.4374195443726756,1.052550050849494,1.4815104965842727,0.45913743776618976,1.0,0.2,0.050000000000000044,0.8,0.4678911739531204,0.7298795272519764,0.8342951553355932,0.5,0.75,"{'I': 1, 'W': 0, 'R': 1, 'C': 'free'}",False,True,True,0.0,3
2889,3,0.22614255692087584,0.5366125159976745,1.2421351227990682,2.272579199232409,1.147273842423685,1.4334923846889358,0.7793713085112833,1.0,0.4,0.35,0.7,0.4990898898897929,0.7748979212596147,0.8799076733414062,0.5,0.75,"{'I': 1, 'W': 0, 'R': 1, 'C': 'free'}",False,True,True,0.3333333333333333,3
2889,4,0.4805944776714869,0.4824600716275198,2.8251135849402496,2.8251135849402496,1.3949736971083628,1.3967924664479405,1.0,1.0,,,0.9,,,0.9706717290891903,,0.85,,False,True,False,,
2889,5,0.288018484437881,0.5163432983976793,1.0943355973466558,2.8994828648665334,1.1440562404173105,1.4377324395689866,0.7724489300495236,1.0,0.3,0.15000000000000002,0.55,0.46853360301951297,0.678016321535751,0.7980028063013207,0.65,0.75,"{'I': 1, 'W': 0, 'R': 1, 'C': 'free'}",False,True,True,1.0,3
2889,6,0.514727676625318,0.5167439872970759,2.906963329478837,2.906963329478837,1.4426494753867383,1.4447240027563237,1.0,1.0,,,0.7,,,0.9147888473766614,,0.8,,True,True,False,,
2889,7,0.5006313878188888,0.5025900377039328,2.813221550445153,2.813221550445153,1.4100988626622089,1.4119998240245142,1.0,1.0,,,0.7,,,0.9626468151362096,,0.85,,True,False,False,,
291,1,0.025538608905257314,0.37754044201785597,0.16113679790055377,1.8292665552041318,1.005264421414801,1.286340350752866,0.05115149341200709,1.0,0.05,0.050000000000000044,0.050000000000000044,0.24373203544017472,0.13244342201721873,0.2614187353556203,0.0,0.050000000000000044,"{'I': 1, 'W': 0, 'R': 1, 'C': 'free'}",False,True,True,1.0,3
291,2,0.007031938223664177,0.4110577203325034,0.03635794276661204,1.6673667483473982,1.00110081463631,1.273091829501573,0.010941790179949562,0.9999999996347214,0.1,0.050000000000000044,0.050000000000000044,0.032859806882502084,0.10540838408328292,0.029112621326113204,0.050000000000000044,0.050000000000000044,"{'I': 1, 'W': 0, 'R': 1, 'C': 'free'}",False,True,True,1.0,3
291,3,0.054947782428092944,0.49109217345038286,0.17747558522739978,2.4597166827770174,1.010339883140702,1.3494561144135668,0.1069875123320021,1.0,,0.35,0.7,0.7035664007462709,0.8491742256665681,0.8337525673901262,0.7,0.75,"{'I': 1, 'W': 0, 'R': 1, 'C': 'free'}",False,True,True,1.0,3
291,4,0.15044838091722262,0.46661076006188373,1.025327411359528,2.372774003380043,1.1772700119225845,1.341270961930638,0.7697947276991968,1.0,0.2,0.7,0.35,0.5293381327951574,0.7749321314641758,0.7523126211507658,0.6699999999999999,0.15000000000000002,"{'I': 1, 'W': 0, 'R': 1, 'C': 'free'}",False,True,True,1.0,3
291,5,0.06024651331363856,0.3656035212281985,0.3781573443075385,2.0570556895812118,1.0162336199222428,1.2733639500569434,0.1757151879539972,0.9999999999999958,0.1,0.15000000000000002,0.050000000000000044,0.4992077635052844,0.43671077489527405,0.4050850608035133,0.5,0.050000000000000044,"{'I': 1, 'W': 0, 'R': 1, 'C': 'free'}",False,True,True,1.0,3
291,6,0.031656417446531984,0.46598140868974586,0.23989055019376684,2.133842988733684,1.0074355342204109,1.4084237753455722,0.0714028467715715,1.0,,0.35,0.9,0.2448674167961548,0.4682972067297421,0.7766629383480498,0.25,0.75,"{'I': 1, 'W': 0, 'R': 1, 'C': 'free'}",False,True,True,1.0,3
291,7,0.1069628483984494,0.2626025066638295,1.2114765903402196,2.0567359658462356,1.1264171491465589,1.2006358153328676,0.8111093560152539,0.999999999931553,,0.050000000000000044,0.050000000000000044,0.37688265803842996,0.2222746526256437,0.2934642972406816,0.15000000000000002,0.050000000000000044,"{'I': 1, 'W': 0, 'R': 1, 'C': 'free'}",False,True,True,1.0,3
2921,1,0.004456483921186932,0.44090184601992105,0.016515479573671884,1.6089159039295886,1.000551467430594,1.3787954743380741,0.003302427520830209,0.9999999787426906,0.0,0.0,0.050000000000000044,0.0016655994982532865,0.00520392148719903,0.20305291125905836,0.0,0.0,"{'I': 1, 'W': 0, 'R': 1, 'C': 'free'}",False,True,True,1.0,3
2921,2,0.00029090792706164633,0.23779328775421782,0.0012572422691720067,1.5081860934786657,1.0000272184930794,1.2211802054608591,0.00016329540183201985,0.9999965890498785,0.05,0.0,0.0,0.005185330890016909,0.022938982138235926,0.004608590958565624,0.0,0.0,"{'I': 1, 'W': 0, 'R': 1, 'C': 'free'}",False,True,True,1.0,3
2921,3,0.15611405404742323,0.32265177245697285,0.8672386069685304,1.9113943667232967,1.1462725639404705,1.2539473616434356,0.6644966827784388,0.9999995908852766,0.0,0.0,0.0,0.005186307675700043,0.009688291565594812,0.0291832496292122,0.0,0.0,"{'I': 0, 'W': 1, 'R': 0, 'C': 'costly'}",False,True,True,1.0,3
2925,1,0.0013577163644992746,0.23660323955992016,0.0053316280326179254,1.7343176083615375,1.0001474506125283,1.211673797763121,0.0013260776657398887,0.9999179459741173,0.0,0.0,0.0,0.0051304691775566425,0.008575923014431079,0.058874578172715235,0.0,0.0,"{'I': 1, 'W': 0, 'R': 1, 'C': 'free'}",False,True,True,1.0,3
2925,2,0.003439912913813389,0.1934610258367613,0.011678125894308292,1.1859400501770312,1.0004405449018454,1.0803036097843763,0.0026391985183581435,0.981985716961415,0.05,0.0,0.0,0.002794567596968647,0.025893144290861373,0.020333772245579508,0.0,0.0,"{'I': 1, 'W': 0, 'R': 1, 'C': 'free'}",False,True,True,1.0,3
2925,3,0.058573427123576424,0.5960799847427076,0.3324412622728206,2.4578463294097013,1.012263987989291,1.507436786613911,0.09291140670782949,1.0,0.2,0.9,0.7,0.754625314310382,0.730723669749814,0.6216202224151296,0.5,0.75,"{'I': 1, 'W': 0, 'R': 1, 'C': 'free'}",False,True,True,1.0,3
2925,4,0.28195670081579705,0.5602595484129421,1.2455640432179067,2.2463098975827305,1.1258082762772088,1.5285036784483523,0.612488581633766,1.0,0.2,0.7,0.15000000000000002,0.7042336061071522,0.6220434740171696,0.4365654797425146,0.6699999999999999,0.15000000000000002,"{'I': 1, 'W': 0, 'R': 1, 'C': 'free'}",False,True,True,0.6666666666666666,3
2925,5,0.0014916859613388418,0.5387943112442243,0.005440334476078676,2.8856941047369693,1.0001530208471248,1.4591830271392923,0.0013761345229690303,1.0,0.05,0.9,0.050000000000000044,0.20181447623412452,0.13279961968194703,0.6509487586704453,0.050000000000000044,0.75,"{'I': 0, 'W': 1, 'R': 0, 'C': 'costly'}",False,True,True,0.3333333333333333,3
2927,1,0.023979087993008692,0.5383988484161297,0.09108700413706497,2.4723273871904565,1.00443298212016,1.3950776710318529,0.030487874850704477,0.9999999999999951,0.05,0.050000000000000044,0.050000000000000044,0.05252168670292161,0.10668645906219101,0.1321460536002522,0.0,0.050000000000000044,"{'I': 1, 'W': 0, 'R': 1, 'C': 'free'}",False,True,True,1.0,3
2927,2,0.0035279031752407067,0.5791098380154609,0.01790167072229415,2.065284161998813,1.0004560505701061,1.446354452123962,0.004095111564365594,1.0,0.2,0.4,0.8,0.4687118407599444,0.8117215003985586,0.8899908031168327,0.8,0.75,"{'I': 1, 'W': 0, 'R': 1, 'C': 'free'}",False,True,True,0.6666666666666666,3
2927,3,0.0015077156677719753,0.5440669912192875,0.009606027761347922,2.470290261983944,1.0001745838282508,1.5064123265729819,0.0013955740017755902,1.0,0.3,0.35,0.7,0.2687991675090272,0.6785181758947015,0.6213731288222603,0.15000000000000002,0.75,"{'I': 1, 'W': 0, 'R': 1, 'C': 'free'}",False,True,True,0.3333333333333333,3
2927,4,0.540255231650232,0.542358377082122,2.9262263392573207,2.9262263392573207,1.4413563627772603,1.4434216005905451,1.0,1.0,,,0.9,,,0.9465140534026997,,0.85,,False,True,False,,
2927,5,0.022513992152250816,0.5282787900433109,0.1235470863136013,2.7859750027621386,1.0042934051395844,1.4639389871556605,0.03782403856187755,1.0,0.5,0.95,0.95,0.8664798303203679,0.952454922909593,0.9524393501359375,0.85,0.85,"{'I': 1, 'W': 0, 'R': 1, 'C': 'free'}",False,True,True,0.3333333333333333,3
2927,6,0.4798589498306515,0.5595559369928551,2.730839819881758,2.6578842096604385,1.378932990446755,1.4840577263374306,1.0,1.0,,0.85,0.9,0.5915543736332134,0.8159606294925491,0.9322836315600191,0.75,0.75,"{'I': 1, 'W': 0, 'R': 1, 'C': 'free'}",False,True,True,0.6666666666666666,3
2927,7,0.4956069790308071,0.49754565945008017,2.649911300142294,2.649911300142294,1.3779888304061743,1.379721848432591,1.0,1.0,,,0.9,,,0.923710930057693,,0.85,,True,True,False,,
2930,1,0.0025407825884688575,0.46739390292894323,0.007634489977804762,1.9021061236481687,1.0002915628420397,1.3772013557858402,0.001747593252604096,0.9999999185050908,0.05,0.0,0.050000000000000044,0.02323634947315457,0.01239791199004348,0.28016625571464254,0.0,0.050000000000000044,"{'I': 1, 'W': 0, 'R': 1, 'C': 'free'}",False,True,True,1.0,3
2930,2,0.01960694501611796,0.5457050989546077,0.10178519708440362,2.4650402283539563,1.0037920975122467,1.427311551638134,0.02245363284152002,1.0,0.1,0.050000000000000044,0.15000000000000002,0.006684933841759068,0.16434308696585315,0.26822891585066855,0.050000000000000044,0.15000000000000002,"{'I': 1, 'W': 0, 'R': 1, 'C': 'free'}",False,True,True,1.0,3
2930,3,0.47046766800964573,0.5190734914623558,1.1057168192049667,2.5748250502705803,1.383591171264604,1.4436759341688625,0.9461817017597023,1.0,,0.8,0.7,0.9147966472089097,0.8517376478737549,0.8806663627630652,0.5,0.75,"{'I': 1, 'W': 0, 'R': 1, 'C': 'free'}",False,True,True,0.3333333333333333,3
2930,4,0.5013305960280706,0.4642651416461748,2.281458221128925,2.234656372215571,1.4158067940370904,1.399056880988346,1.0,1.0,0.15,0.35,0.4,0.46824802246337477,0.6785935431707676,0.29407226509572476,0.6699999999999999,0.65,"{'I': 1, 'W': 0, 'R': 1, 'C': 'free'}",False,True,True,0.3333333333333333,3
2930,5,0.2758749054014316,0.4476292147892497,1.2187084360701252,2.784635994654788,1.1460820148744302,1.3523997451582994,0.6640501733175439,1.0,0.5,0.35,0.55,0.9525386372237837,0.9324323186150533,0.8518944651076062,0.85,0.75,"{'I': 1, 'W': 0, 'R': 1, 'C': 'free'}",False,True,True,0.0,3
2930,6,0.16184566500939973,0.5556655512436031,0.9427490196851311,2.3814627681093796,1.0872094812162514,1.4709547205315832,0.5288264310321582,1.0,,0.9,0.7,0.6788179295561553,0.7546280559376534,0.817261754775811,0.75,0.75,"{'I': 1, 'W': 0, 'R': 1, 'C': 'free'}",False,True,True,0.0,3
2930,7,0.17081590325816942,0.4747298544573816,0.7088366183711428,2.6088999029840925,1.0946553144493287,1.3879422382580218,0.5149562855000875,1.0,0.2,0.050000000000000044,0.25,0.34844483643537505,0.43758888343406377,0.5311257649367529,0.15000000000000002,0.35,"{'I': 1, 'W': 0, 'R': 1, 'C': 'free'}",False,True,True,0.3333333333333333,3
2934,1,0.0028367278047972283,0.2053971155127078,0.01032619346772228,1.0109980494557742,1.0003554828187997,1.1114151304860254,0.0024848451967023344,0.9984094570384613,0.0,0.0,0.0,0.0021305693531116898,0.0035816543491504734,0.11451239284842635,0.0,0.0,"{'I': 1, 'W': 0, 'R': 1, 'C': 'free'}",False,True,True,1.0,3
2934,2,0.05994824664195662,0.289227939433872,0.4322505923873,1.9520656396573428,1.0165303583882923,1.2186444514267147,0.12292410759011774,0.9999999092002333,0.05,0.0,0.0,0.007642784434404651,0.008556751983832447,0.003595003447720876,0.0,0.0,"{'I': 1, 'W': 0, 'R': 1, 'C': 'free'}",False,True,True,1.0,3
2934,3,0.06831221763410647,0.33377608496486605,0.6793613450763418,1.8637937461136114,1.094042455968063,1.237584059975792,0.5929401743670457,0.9999999928644775,0.0,0.0,0.0,0.0031712119191842584,0.004598992159201266,0.0032222394576588475,0.0,0.0,"{'I': 0, 'W': 1, 'R': 0, 'C': 'costly'}",False,True,True,1.0,3
2951,1,0.10164206973037325,0.44001964378974073,0.9624411083513049,1.9056562337216831,1.0635979569639733,1.366715914343172,0.49248654427671257,0.999999835529722,0.05,0.0,0.050000000000000044,0.05207411871709736,0.04742546049821102,0.17133467607362016,0.0,0.0,"{'I': 1, 'W': 0, 'R': 1, 'C': 'free'}",False,True,True,1.0,3
2951,2,0.0009208268487464942,0.2080599491788733,0.0021579733274572285,1.5125456682941067,1.0000838605834923,1.1773705584409457,0.0005030158494273573,0.9999849372477135,0.0,0.0,0.0,0.001938341481426056,0.005208100268411228,0.008650022587402254,0.0,0.0,"{'I': 0, 'W': 1, 'R': 0, 'C': 'costly'}",False,True,True,1.0,3
2965,1,0.0029830025747356243,0.2412952769292782,0.009164641495196833,1.0100481425753969,1.0003451481682113,1.180024857103587,0.002068389637589374,0.9993132650570423,0.05,0.0,0.050000000000000044,0.007356356522649953,0.017846426547612947,0.14502257800751064,0.0,0.0,"{'I': 1, 'W': 0, 'R': 1, 'C': 'free'}",False,True,True,1.0,3
2965,2,0.0003311958894635764,0.1922213193946025,0.0014027859927427384,1.1073737248694941,1.000030209987088,1.1230744258060095,0.00021144435791753402,0.9978701574572894,0.05,0.0,0.0,0.0008017973772031562,0.012391540622387084,0.005220213224759268,0.0,0.0,"{'I': 1, 'W': 0, 'R': 1, 'C': 'free'}",False,True,True,1.0,3
2965,3,0.001206410408589949,0.4290042943342873,0.003225111082440876,2.5078618903361574,1.000117784326709,1.3247717101578076,0.0010594349182601048,0.9999999999999983,0.05,0.050000000000000044,0.050000000000000044,0.03732466874169845,0.1637068652842523,0.07558755490911595,0.050000000000000044,0.050000000000000044,"{'I': 1, 'W': 0, 'R': 1, 'C': 'free'}",False,True,True,1.0,3
2965,4,0.016127783096773072,0.17786506786066586,0.09068169482428648,1.71287442566551,1.0031388499541392,1.1373755473426035,0.01862791941851971,0.9999936767768915,0.0,0.0,0.0,0.042083170162110814,0.017965555575978554,0.07540529819793267,0.0,0.0,"{'I': 0, 'W': 1, 'R': 0, 'C': 'costly'}",False,True,True,0.6666666666666666,3
2973,1,0.2217892082696139,0.2756001139998948,1.3200574727757486,1.2810932438421152,1.0858962692714171,1.1731143678367741,0.3900841021826573,0.9999898259347156,0.05,0.050000000000000044,0.050000000000000044,0.0758752888355611,0.13204631096237024,0.11486565329740392,0.0,0.0,"{'I': 1, 'W': 0, 'R': 1, 'C': 'free'}",False,True,True,1.0,3
2973,2,0.006117529417508813,0.5039099095852764,0.02867776558249563,2.064027836653426,1.0008027354281013,1.4667997166766678,0.007992026654974449,0.999999999895828,0.05,0.050000000000000044,0.050000000000000044,0.018187871280898386,0.07534009669561188,0.07676086843360598,0.0,0.050000000000000044,"{'I': 1, 'W': 0, 'R': 1, 'C': 'free'}",False,True,True,1.0,3
2973,3,0.0058504685799997454,0.3149945047563866,0.040247177115938476,2.124110914149302,1.0009191625728149,1.2544720728844323,0.007322978581042139,0.9999999997186265,0.05,0.0,0.050000000000000044,0.01403091683824879,0.08486156214651902,0.09520078948593762,0.0,0.0,"{'I': 1, 'W': 0, 'R': 1, 'C': 'free'}",False,True,True,1.0,3
2973,4,0.4063038671745575,0.4078930324369794,2.1853421004251667,2.1853421004251667,1.3244101151286878,1.3258696706554667,1.0,1.0,,,0.35,,,0.8807488370593393,,0.65,,False,True,False,,
2973,5,0.007966663939725315,0.3825617083657281,0.042032572317301335,2.4728451297126783,1.0011328322197435,1.2801789471843745,0.011258058867734788,1.0,0.2,0.15000000000000002,0.050000000000000044,0.3774642028216298,0.43774956721596153,0.49989450358243037,0.15000000000000002,0.050000000000000044,"{'I': 1, 'W': 0, 'R': 1, 'C': 'free'}",False,True,True,1.0,3
2973,6,0.19175805444761823,0.5074511520497476,0.7799780348796062,2.2318790390227545,1.1382859632600182,1.388004191372861,0.7261667404293966,1.0,0.2,0.35,0.7,0.8931711887703115,0.8171147739747782,0.678750253727622,0.75,0.75,"{'I': 1, 'W': 0, 'R': 1, 'C': 'free'}",True,False,True,0.0,3
2973,7,0.022955089632417672,0.4590837171840665,0.09539381434459397,2.1293639958163557,1.0037950301965073,1.3767883051116618,0.029848251428015282,1.0,0.2,0.050000000000000044,0.25,0.4071041488985742,0.7052215952160825,0.6789034706195811,0.15000000000000002,0.75,"{'I': 1, 'W': 0, 'R': 1, 'C': 'free'}",False,True,True,0.6666666666666666,3
2988,1,0.0007549442132091891,0.4196268074423989,0.0015558344463607893,1.906560877166319,1.0000701136983496,1.3050273541222452,0.0004205789748520372,0.9999999972193361,0.05,0.0,0.050000000000000044,0.005756742165468035,0.017932915000175458,0.12897423327453608,0.0,0.050000000000000044,"{'I': 1, 'W': 0, 'R': 1, 'C': 'free'}",False,True,True,1.0,3
2988,2,0.0012081077300432838,0.23574036804608364,0.004552222996460202,1.5251556310809502,1.0001223806512227,1.1421712863398998,0.0008562453558093042,0.9999789248962256,0.05,0.0,0.050000000000000044,0.00975675788709147,0.04200131531757554,0.047432788070418876,0.0,0.0,"{'I': 1, 'W': 0, 'R': 1, 'C': 'free'}",False,True,True,1.0,3
2988,3,0.13643927323219585,0.22163439871324175,0.6492742807453604,2.0351616230964518,1.067762733436457,1.1525234900394774,0.40816325412121124,0.9999956701919275,0.0,0.0,0.0,0.0021820444438198756,0.0024705858548821095,0.009683476989777798,0.0,0.0,"{'I': 0, 'W': 1, 'R': 0, 'C': 'costly'}",False,True,True,1.0,3
3,1,0.0014184137548778823,0.18818608802373843,0.003448953791529544,1.4179773443239059,1.0001462414635576,1.1041694991355748,0.0010230916836865278,0.9947627241850463,0.0,0.0,0.0,0.0034430872894082917,0.007550283045217258,0.010987614791987397,0.0,0.0,"{'I': 1, 'W': 0, 'R': 1, 'C': 'free'}",False,True,True,1.0,3
3,2,0.0006943028941660715,0.2036684416342107,0.004726079235177242,1.4266551479623713,1.0000784085515837,1.1947693482503703,0.0006270471460676497,0.999993363071212,0.05,0.0,0.0,0.0009104107666868105,0.004066523586082857,0.002469379357027705,0.0,0.0,"{'I': 1, 'W': 0, 'R': 1, 'C': 'free'}",False,True,True,1.0,3
3,3,0.06073614299402843,0.14704195588929875,0.2914538257848177,1.55136739033036,1.0182211848910898,1.1044033020381676,0.08633001771359605,0.9997092438628935,0.0,0.0,0.0,0.017977091006445487,0.005215083156664561,0.0259291343562551,0.0,0.0,"{'I': 0, 'W': 1, 'R': 0, 'C': 'costly'}",False,True,True,1.0,3
3010,1,0.06555477069960734,0.3158625163301752,0.3871450174125103,1.9004173494040073,1.022054119354183,1.2381789846794498,0.12268280350471783,0.9998732067889815,0.0,0.0,0.050000000000000044,0.0039009066686061518,0.03292153870227295,0.19456399967269977,0.0,0.050000000000000044,"{'I': 1, 'W': 0, 'R': 1, 'C': 'free'}",False,True,True,1.0,3
3010,2,0.0034190545335040477,0.39276429882745184,0.016568629591182642,2.0484102390441556,1.000419393798151,1.226601753029992,0.004184280174613808,0.9999700692660066,0.05,0.0,0.0,0.001491111578584152,0.017921355521510317,0.006686952340231967,0.0,0.0,"{'I': 1, 'W': 0, 'R': 1, 'C': 'free'}",False,True,True,1.0,3
3010,3,0.0053923244523145794,0.3838448967968032,0.010761391957140784,2.7673104700796394,1.000600352829063,1.2783532805382591,0.0035945601814747485,1.0,0.1,0.0,0.050000000000000044,0.4372111647841409,0.3482839204514548,0.3482507782276311,0.050000000000000044,0.050000000000000044,"{'I': 1, 'W': 0, 'R': 1, 'C': 'free'}",False,True,True,0.6666666666666666,3
3010,4,0.007990218856152819,0.48816704874560607,0.0596508194601276,2.6138524690867615,1.0012624672515695,1.388113176348219,0.015026017750157994,1.0,0.1,0.050000000000000044,0.050000000000000044,0.49948497010895987,0.5923490513945996,0.4070968278866922,0.050000000000000044,0.15000000000000002,"{'I': 1, 'W': 0, 'R': 1, 'C': 'free'}",False,True,True,0.6666666666666666,3
3010,5,0.007083754240640056,0.5451545501201209,0.05078856284995156,2.271666901951103,1.0011042978905211,1.4811813974691828,0.012067175184639622,1.0,0.2,0.15000000000000002,0.09999999999999998,0.436958297206423,0.7044232485608614,0.6501795331142165,0.7,0.75,"{'I': 1, 'W': 0, 'R': 1, 'C': 'free'}",False,True,True,0.6666666666666666,3
3010,6,0.01590215460140956,0.42819608633119344,0.049654407920799434,1.9650449406041943,1.0024945983187443,1.346383442986018,0.01238018692124676,1.0,0.05,0.0,0.0,0.0952694519074725,0.11902698943859012,0.09473577354652415,0.0,0.050000000000000044,"{'I': 0, 'W': 1, 'R': 0, 'C': 'costly'}",False,True,True,1.0,3
3019,1,0.003974010278005888,0.45904760616780993,0.01315809461257251,1.7707936865519218,1.0004709462689672,1.3842919705204164,0.002821025858733228,0.9999999997508181,0.05,0.0,0.050000000000000044,0.11787379848744481,0.08454324157564498,0.07298061152175081,0.0,0.050000000000000044,"{'I': 1, 'W': 0, 'R': 1, 'C': 'free'}",False,True,True,1.0,3
3019,2,0.002084503350647218,0.4301869807187355,0.00683308350441666,2.2231968899421255,1.0002254071259826,1.3130529644214366,0.0015764282089237858,0.9999999999942032,0.0,0.0,0.050000000000000044,0.37750629206876224,0.7462987920097471,0.7485466689710255,0.5,0.15000000000000002,"{'I': 0, 'W': 1, 'R': 0, 'C': 'costly'}",False,True,True,1.0,3
3023,1,0.0012100619164032253,0.22996863673517215,0.008310882745148237,1.1352817916922264,1.000137545432896,1.1956796976898252,0.0015117518684797382,0.9999936932631864,0.0,0.0,0.050000000000000044,0.002245879355060286,0.004062117303218055,0.10668719402687,0.0,0.0,"{'I': 1, 'W': 0, 'R': 1, 'C': 'free'}",False,True,True,1.0,3
3023,2,0.0057567982054824735,0.3593283140219457,0.029510550496679194,2.120025357871541,1.00084180843913,1.2379267319805862,0.007544485268126122,0.9999999999781183,0.1,0.050000000000000044,0.15000000000000002,0.1824255256506235,0.20178830172704604,0.1066946014400532,0.050000000000000044,0.15000000000000002,"{'I': 1, 'W': 0, 'R': 1, 'C': 'free'}",False,True,True,1.0,3
3023,3,0.0013789763533290456,0.3391930742642414,0.011298575324407421,1.8085066692068386,1.000172205868806,1.2500902416022213,0.0017204287935459472,0.9999999999998002,0.2,0.050000000000000044,0.050000000000000044,0.18241447010242753,0.20090097962477807,0.2007887507715421,0.050000000000000044,0.050000000000000044,"{'I': 1, 'W': 0, 'R': 1, 'C': 'free'}",False,True,True,1.0,3
3023,4,0.00444994571429522,0.21515366785021575,0.021522541928385513,1.8301485878215547,1.0005894982413146,1.1643972643289258,0.0041167746427916985,0.9999999999997631,0.0,0.0,0.0,0.020331025923149147,0.06745464894519487,0.05328429252419095,0.0,0.0,"{'I': 0, 'W': 1, 'R': 0, 'C': 'costly'}",False,True,True,1.0,3
3033,1,0.07726891730892223,0.3645490001294628,0.45076763271308307,1.6423263843426705,1.0307228055199626,1.2366128923234638,0.16603334076634457,0.9999999022237256,0.05,0.050000000000000044,0.050000000000000044,0.025956650640998526,0.017986325658929825,0.1752137222660349,0.0,0.0,"{'I': 1, 'W': 0, 'R': 1, 'C': 'free'}",False,True,True,1.0,3
3033,2,0.0013290858792522518,0.25219006851939285,0.003041865490140154,1.8868435272659096,1.0001355523286648,1.2029560112180648,0.0008129282483153588,0.9999999995090589,0.0,0.0,0.0,0.033444742917874005,0.14963480920382777,0.10790855413216852,0.0,0.0,"{'I': 0, 'W': 1, 'R': 0, 'C': 'costly'}",False,True,True,1.0,3
3095,1,0.008738948052302907,0.2825925529552674,0.054842036175079704,1.641456868307412,1.0014402310146506,1.1579281184941705,0.011447531639286801,0.998637526733206,0.0,0.0,0.050000000000000044,0.001466443823140948,0.0035863683089831615,0.02297527573634926,0.0,0.0,"{'I': 1, 'W': 0, 'R': 1, 'C': 'free'}",False,True,True,1.0,3
3095,2,0.0008033525771798495,0.3125462476319248,0.003812991749325618,1.647019230623637,1.0000838984254732,1.215031244722404,0.000670934072587781,0.9999875855315169,0.05,0.0,0.0,0.0009078665110765204,0.006682945283843565,0.004099089123670738,0.0,0.0,"{'I': 1, 'W': 0, 'R': 1, 'C': 'free'}",False,True,True,1.0,3
3095,3,0.14353624300307047,0.24551133596980096,0.7000100226343107,1.9423272213174225,1.1494174391085903,1.1832277588524434,0.5015620629221973,0.9999999999644184,0.0,0.0,0.0,0.001925368272429816,0.0011688227427934833,0.0021811083734356125,0.0,0.0,"{'I': 0, 'W': 1, 'R': 0, 'C': 'costly'}",False,True,True,1.0,3
3115,1,0.11516856293367835,0.49848406492496,0.6743959022722515,2.285050410388739,1.196831259839248,1.378996942213193,0.7157047965497896,1.0,0.05,0.050000000000000044,0.050000000000000044,0.0675532009125585,0.22230913480535677,0.40252967266098527,0.050000000000000044,0.050000000000000044,"{'I': 1, 'W': 0, 'R': 1, 'C': 'free'}",False,True,True,1.0,3
3115,2,0.001109558668318503,0.45347284885185585,0.006634256574059455,2.398977264452133,1.000125493452536,1.4115581696609159,0.0010033809075297162,0.9999999999940763,0.05,0.0,0.050000000000000044,0.002178677876881603,0.053111562320702625,0.01097406565876321,0.0,0.0,"{'I': 1, 'W': 0, 'R': 1, 'C': 'free'}",False,True,True,1.0,3
3115,3,0.0048992213374302,0.2634914132206906,0.01816216521063768,1.6627714376234723,1.0006329339104312,1.2091543679709351,0.005049079865314887,0.9999999999999999,0.0,0.0,0.0,0.003168960823985469,0.006682637921135912,0.020299267325364224,0.0,0.0,"{'I': 0, 'W': 1, 'R': 0, 'C': 'costly'}",False,True,True,0.3333333333333333,3
3124,1,0.00253655579200489,0.3007042614896758,0.014858408588335694,1.7341427315965816,1.0002865193866548,1.1577712106290479,0.0025749841564297604,0.9997958822720429,0.05,0.0,0.0,0.001788799747790528,0.0021817556836418728,0.03608009701508726,0.0,0.0,"{'I': 1, 'W': 0, 'R': 1, 'C': 'free'}",False,True,True,1.0,3
3124,2,0.0028960833505698278,0.5090157885308116,0.012640630113328671,2.032616402026084,1.0003457463010101,1.375226122927344,0.0031063441988784524,0.9999999999999989,0.15,0.050000000000000044,0.050000000000000044,0.10668644540380708,0.11842777867014888,0.08510012851341105,0.050000000000000044,0.15000000000000002,"{'I': 1, 'W': 0, 'R': 1, 'C': 'free'}",False,True,True,1.0,3
3124,3,0.46300658831172886,0.19929704419347882,1.0049017566284049,1.4918856331943178,2.0818510782112876,1.1367202902486093,0.9744287651261055,0.999999024089729,0.0,0.0,0.0,0.08571462118170284,0.08509737573191521,0.014064381874266896,0.0,0.0,"{'I': 0, 'W': 1, 'R': 0, 'C': 'costly'}",False,True,True,0.6666666666666666,3
3129,1,0.008158421651902835,0.3661252425497443,0.0603888868652411,1.9259439889520704,1.001300498245097,1.2943642323404185,0.012912443046401934,0.9999999999998996,0.05,0.050000000000000044,0.050000000000000044,0.09725278815328066,0.13265422199858162,0.3774803982994508,0.050000000000000044,0.0,"{'I': 1, 'W': 0, 'R': 1, 'C': 'free'}",False,True,True,1.0,3
3129,2,0.0014917353382822738,0.4083724181204114,0.005361858528223913,1.7931969571521325,1.0001596299198674,1.2847846238620697,0.001754248488290644,0.9999997047566144,0.05,0.0,0.050000000000000044,0.004068014117781244,0.025714394765138083,0.004128550268177233,0.0,0.0,"{'I': 1, 'W': 0, 'R': 1, 'C': 'free'}",False,True,True,1.0,3
3129,3,0.0023491679410599215,0.5638004697366409,0.008025601735336176,2.2485408126229953,1.0002574775910882,1.4790829141301203,0.0015434743129540962,1.0,0.0,0.0,0.050000000000000044,0.060401771938190234,0.04714354840544389,0.1640410344951989,0.050000000000000044,0.0,"{'I': 0, 'W': 1, 'R': 0, 'C': 'costly'}",False,True,True,1.0,3
3133,1,0.002014033412869926,0.2831374733356565,0.008455761930475803,1.4404248174697118,1.0002051941552104,1.2406944287230333,0.0016400385107647741,0.9999999989809955,0.05,0.0,0.050000000000000044,0.0024367793283697516,0.010953236605869283,0.08510454921597649,0.0,0.0,"{'I': 1, 'W': 0, 'R': 1, 'C': 'free'}",False,True,True,1.0,3
3133,2,0.0015594126045149973,0.3836872971717268,0.005748689220599149,2.266761227271022,1.0001710124019065,1.2802035989865288,0.001708516630451129,0.9999999999945587,0.05,0.0,0.050000000000000044,0.04208848594488352,0.07574567426085937,0.2226883631895016,0.0,0.0,"{'I': 1, 'W': 0, 'R': 1, 'C': 'free'}",False,True,True,1.0,3
3133,3,0.007386245709757679,0.17495378114689972,0.03770921376800528,1.5529452159495998,1.001116616754351,1.094249616807582,0.006673594803303096,0.99952673353949,0.0,0.0,0.0,0.007645145944513341,0.0045853679153818735,0.032859428626013126,0.0,0.0,"{'I': 0, 'W': 1, 'R': 0, 'C': 'costly'}",False,True,True,1.0,3
3162,1,0.0019117293789677639,0.20884023734599513,0.010860126524565031,0.9548789756030324,1.0002167877192336,1.112618487801286,0.0021652946018593244,0.9933667676387524,0.0,0.0,0.050000000000000044,0.017988323890776498,0.004602021459083721,0.1911621959770232,0.0,0.0,"{'I': 1, 'W': 0, 'R': 1, 'C': 'free'}",False,True,True,1.0,3
3162,2,0.013126958020342283,0.36640532293855327,0.05863971256442417,2.061982619521339,1.001851702359081,1.2751375622145018,0.01651206697168095,0.999999999986584,0.05,0.050000000000000044,0.050000000000000044,0.3758316535060321,0.267932084276775,0.10620542174989071,0.5,0.15000000000000002,"{'I': 1, 'W': 0, 'R': 1, 'C': 'free'}",False,True,True,1.0,3
3162,3,0.00368071566730794,0.4917257801463388,0.014036411404408878,1.9540133092908374,1.0004526233108886,1.4372227347149529,0.0031626346564399554,0.9999999999999933,0.05,0.0,0.050000000000000044,0.008575183937351608,0.01794229290914965,0.03276901654970167,0.050000000000000044,0.050000000000000044,"{'I': 1, 'W': 0, 'R': 1, 'C': 'free'}",False,True,True,1.0,3
3162,4,0.002391319051195489,0.22815494898324043,0.008619034404976675,1.8955154152690812,1.0002624279472874,1.1972397297002433,0.0013111073422474862,0.9999857842248178,0.0,0.0,0.0,0.004036673112052038,0.004069592090530704,0.017965905332858422,0.0,0.0,"{'I': 0, 'W': 1, 'R': 0, 'C': 'costly'}",False,True,True,1.0,3
3169,1,0.01424388336958539,0.2202446107992077,0.06135207464032693,1.6645185313102933,1.0021566861184772,1.1601174073457687,0.01496740468337232,0.99804602780545,0.0,0.0,0.050000000000000044,0.003548217069876632,0.015910845339927777,0.19457047871025124,0.0,0.0,"{'I': 1, 'W': 0, 'R': 1, 'C': 'free'}",False,True,True,1.0,3
3169,2,0.038850988070243904,0.218561367945328,0.22282261502323025,1.1848248436714395,1.0097069364327282,1.1689180255671294,0.05631302376912051,0.999812984789777,0.05,0.0,0.0,0.0024717926494289607,0.01587172081122789,0.004576396177608812,0.0,0.0,"{'I': 1, 'W': 0, 'R': 1, 'C': 'free'}",False,True,True,1.0,3
3169,3,0.1623390441696491,0.6663733461375303,0.7677852717175195,2.1769266322423935,1.0833622596316972,1.6632177751809707,0.32991254319955476,1.0,0.15,0.050000000000000044,0.050000000000000044,0.12052492105966472,0.3194153264330068,0.09585186485786215,0.15000000000000002,0.050000000000000044,"{'I': 1, 'W': 0, 'R': 1, 'C': 'free'}",False,True,True,0.0,3
3169,4,0.006617377658156781,0.523856646862326,0.03194867823469873,2.1534437430720503,1.0008982855530404,1.4518503624994112,0.008048377992647682,1.0,0.2,0.050000000000000044,0.050000000000000044,0.05333304120398225,0.20135888481463723,0.20138002866989427,0.050000000000000044,0.15000000000000002,"{'I': 1, 'W': 0, 'R': 1, 'C': 'free'}",False,True,True,1.0,3
3169,5,0.0005628079314051649,0.1297711618551953,0.001356968909228635,1.8628683986385315,1.0000490936196327,1.0833963276750371,0.0002945111105679965,0.9995043205882935,0.0,0.0,0.0,0.0059102187792650215,0.0013244227176435115,0.004068231957544025,0.0,0.0,"{'I': 0, 'W': 1, 'R': 0, 'C': 'costly'}",False,True,True,1.0,3
3188,1,0.04367259309359964,0.3843175636077109,0.19539260664565358,1.7795167491763484,1.0084323615677766,1.3096181891997718,0.06496943696870061,0.9999999999999007,0.15,0.050000000000000044,0.09999999999999998,0.11802261060988285,0.20009948797791646,0.14644902590230333,0.050000000000000044,0.050000000000000044,"{'I': 1, 'W': 0, 'R': 1, 'C': 'free'}",False,True,True,1.0,3
3188,2,0.04590852452534677,0.43462704967135335,0.23289140541662814,1.8511551800774908,1.0090830870716787,1.281100185979165,0.061333086654223434,0.999999999563212,0.2,0.050000000000000044,0.15000000000000002,0.14804476436585706,0.22155729571142255,0.13257017386199713,0.050000000000000044,0.050000000000000044,"{'I': 1, 'W': 0, 'R': 1, 'C': 'free'}",False,True,True,1.0,3
3188,3,0.10170347494729254,0.27649822508708993,0.6522773857037274,1.6794948760972859,1.1995675853029513,1.1731835959788506,0.7667604332559369,0.999999901363913,0.05,0.050000000000000044,0.050000000000000044,0.3478317498088627,0.40636042404660344,0.46558299384789065,0.050000000000000044,0.050000000000000044,"{'I': 1, 'W': 0, 'R': 1, 'C': 'free'}",False,True,True,0.6666666666666666,3
3188,4,0.003943091542852405,0.3780082825871184,0.01949062633674973,2.218356778850261,1.0005293430176847,1.2316918911449517,0.003697567853694017,0.9999999999960487,0.05,0.0,0.050000000000000044,0.012417427609750679,0.08479592768220226,0.10651475065995175,0.0,0.050000000000000044,"{'I': 1, 'W': 0, 'R': 1, 'C': 'free'}",False,True,True,1.0,3
3188,5,0.0003428698960323795,0.2266969823484251,0.0013030744532463322,1.879049879435018,1.0000286946813455,1.149497635681415,0.00020083971663065192,0.9999989774139858,0.0,0.0,0.0,0.0011692882802193732,0.0027986672012414496,0.017956188736615097,0.0,0.0,"{'I': 0, 'W': 1, 'R': 0, 'C': 'costly'}",False,True,True,1.0,3
319,1,0.12815208683305446,0.549596810098195,0.6974425718919688,2.2601955983521873,1.0837629734006766,1.5088571962043758,0.47455710319424393,1.0,0.1,0.15000000000000002,0.050000000000000044,0.13271872989516792,0.2445661357573072,0.5584333735169165,0.25,0.050000000000000044,"{'I': 1, 'W': 0, 'R': 1, 'C': 'free'}",False,True,True,1.0,3
319,2,0.07565422509013173,0.48811989939709943,0.4502616732445898,2.3689271820882194,1.0178620472422797,1.4044746113512823,0.14729323434918962,1.0,0.2,0.4,0.15000000000000002,0.437281870948565,0.6782706983809637,0.5912546089935563,0.35,0.35,"{'I': 1, 'W': 0, 'R': 1, 'C': 'free'}",False,True,True,1.0,3
319,3,0.399913512255554,0.4044790532080147,1.3266185884017365,2.4443049011853857,1.2866254367188947,1.3481071368217126,0.8965022755645322,1.0,0.2,0.35,0.7,0.5919566725394759,0.6773202273515306,0.6781160923271969,0.5,0.75,"{'I': 1, 'W': 0, 'R': 1, 'C': 'free'}",False,True,True,0.6666666666666666,3
319,4,0.2096362595233431,0.4167198160022723,2.0108290163993736,2.588571893381462,1.2329087456537864,1.3426074182628494,0.9956768954854047,1.0,0.2,,,,,,,,"{'I': 1, 'W': 0, 'R': 1, 'C': 'free'}",False,True,True,0.6666666666666666,3
319,5,0.07467405319364495,0.496112079297188,0.31628224301048896,2.224293331577268,1.0180961680510252,1.379137193485704,0.13365758518682624,1.0,0.1,0.9,0.5,0.9147483141864994,0.9147823664738598,0.5607379901969441,0.9,0.75,"{'I': 1, 'W': 0, 'R': 1, 'C': 'free'}",True,True,True,0.0,3
319,6,0.0641380084588686,0.45254930336430754,0.6124882297661634,2.481166586724999,1.1306512099079866,1.325694959118696,0.7071039721977397,1.0,,0.050000000000000044,0.7,0.11913327373524722,0.24489040618302946,0.16439931797971152,0.050000000000000044,0.050000000000000044,"{'I': 1, 'W': 0, 'R': 1, 'C': 'free'}",False,True,True,1.0,3
319,7,0.005505648336674846,0.31487645488766774,0.012976602646219935,1.6946947085943638,1.0006560441762742,1.2126851671907908,0.003927242573167455,0.9999999999870356,0.1,0.050000000000000044,0.050000000000000044,0.075758044990822,0.0757270469368541,0.10644721081087594,0.050000000000000044,0.050000000000000044,"{'I': 1, 'W': 0, 'R': 1, 'C': 'free'}",False,True,True,1.0,3
3196,1,0.0007258208907508595,0.22558489989438724,0.0022239340057268807,1.3858346927651701,1.000071674789366,1.2105448916617374,0.0005015797127747579,0.9998960278967386,0.0,0.0,0.050000000000000044,0.003933254083308336,0.01798402253426249,0.020336015447697583,0.0,0.0,"{'I': 1, 'W': 0, 'R': 1, 'C': 'free'}",False,True,True,1.0,3
3196,2,0.007572704254128071,0.3609698027673298,0.06076355231209633,1.8534395682040816,1.0013173848767585,1.2400456970213152,0.011778742017557575,0.9999999925711601,0.05,0.0,0.050000000000000044,0.0058970345052233395,0.05989940253136828,0.11895647781901288,0.0,0.15000000000000002,"{'I': 1, 'W': 0, 'R': 1, 'C': 'free'}",False,True,True,1.0,3
3196,3,0.039340923079104424,0.5702782648972715,0.30476642514068947,2.0686340037155895,1.0108196869843773,1.4267053218218662,0.08249071923694562,1.0,0.05,0.8,0.050000000000000044,0.6213399597692691,0.591550211828667,0.4064619432602406,0.5,0.75,"{'I': 1, 'W': 0, 'R': 1, 'C': 'free'}",False,True,True,1.0,3
3196,4,0.007939772254316238,0.5038783498264922,0.029716677349802136,1.9978292349141549,1.0011208578965987,1.4111676828988904,0.010031418127500413,1.0,0.05,0.9,0.050000000000000044,0.8167622733497434,0.5304152838667898,0.4988762548662235,0.9,0.15000000000000002,"{'I': 1, 'W': 0, 'R': 1, 'C': 'free'}",False,True,True,1.0,3
3196,5,0.11846453172668517,0.5906136914089402,1.1484934562408828,2.273399771880617,1.0528132115749278,1.5038316701277916,0.43227840807265383,1.0,,0.9,0.050000000000000044,0.8516922843127668,0.7546937429548484,0.49968407351113936,0.9,0.050000000000000044,"{'I': 1, 'W': 0, 'R': 1, 'C': 'free'}",False,True,True,0.6666666666666666,3
3196,6,0.005129929634278425,0.46716916878163783,0.019828971201655488,2.4437922587349594,1.0006659776185813,1.3554625288944067,0.004649449367338576,1.0,0.0,0.0,0.0,0.022950982115581674,0.02928652762329408,0.20147501956726774,0.0,0.050000000000000044,"{'I': 0, 'W': 1, 'R': 0, 'C': 'costly'}",False,True,True,1.0,3
3216,1,0.13775602709210644,0.30527481463722006,0.7295933514792033,1.499197633276084,1.0366923316323666,1.1868632960023375,0.19443482447451965,0.9995512871291531,0.0,0.050000000000000044,0.050000000000000044,0.02483295642094096,0.01784847343257684,0.15582024952426438,0.0,0.0,"{'I': 1, 'W': 0, 'R': 1, 'C': 'free'}",False,True,True,0.6666666666666666,3
3216,2,0.0920383700216822,0.41585446150184235,0.8483739156058075,1.8780135303057706,1.0690280706842687,1.3565920598045673,0.5511195505551973,0.9999999617315533,0.1,0.050000000000000044,0.050000000000000044,0.2017916660517654,0.24357105665014045,0.08609378828128549,0.050000000000000044,0.0,"{'I': 1, 'W': 0, 'R': 1, 'C': 'free'}",False,True,True,1.0,3
3216,3,0.005170622098350099,0.41919140113039444,0.02952476886867537,1.7146947107993535,1.0007248219870024,1.2783158856506946,0.005779708291930308,0.999999908403321,0.1,0.0,0.050000000000000044,0.0014870298034382282,0.03281892013517636,0.03309465889060935,0.0,0.0,"{'I': 1, 'W': 0, 'R': 1, 'C': 'free'}",False,True,True,1.0,3
3216,4,0.08012539867148459,0.5147211577208389,0.5396917457121413,2.1402507039852527,1.0268001642647615,1.4040060145714781,0.2524249892438465,1.0,0.05,0.0,0.050000000000000044,0.5607117955637393,0.2681533750567403,0.3465006150583289,0.050000000000000044,0.050000000000000044,"{'I': 1, 'W': 0, 'R': 1, 'C': 'free'}",False,True,True,1.0,3
3216,5,0.00919581332100297,0.4777757346869605,0.03807425610391369,1.9368112052343178,1.001359518434515,1.3810195162610945,0.009465087269806993,1.0,0.05,0.050000000000000044,0.050000000000000044,0.22231744448888835,0.320048808497674,0.40590979322615633,0.050000000000000044,0.050000000000000044,"{'I': 1, 'W': 0, 'R': 1, 'C': 'free'}",False,True,True,1.0,3
3216,6,0.017860645642421995,0.269837301178327,0.12272224794934732,1.6099395158471566,1.0038251648387646,1.1583447559540665,0.02637111790585067,0.9999975885939006,0.0,0.0,0.0,0.0014858062006502934,0.007563821354854044,0.00590261079430324,0.0,0.0,"{'I': 0, 'W': 1, 'R': 0, 'C': 'costly'}",False,True,True,1.0,3
3234,1,0.0028392955410495024,0.2964902946397476,0.007932010411511908,1.8718097345455846,1.0003209326942162,1.213211151592568,0.0019234350613829276,0.9999706617134969,0.0,0.0,0.0,0.002747686578756864,0.006715214402112978,0.02298068452863283,0.0,0.0,"{'I': 1, 'W': 0, 'R': 1, 'C': 'free'}",False,True,True,1.0,3
3234,2,0.0011819792406434066,0.5232116946375909,0.004744510505561625,2.1413794996241364,1.000127435392214,1.43663570758572,0.0007642714337817713,0.9999999999999999,0.05,0.0,0.050000000000000044,0.007574150306981732,0.16388850505730834,0.22183173611152154,0.0,0.15000000000000002,"{'I': 1, 'W': 0, 'R': 1, 'C': 'free'}",False,True,True,1.0,3
3234,3,0.0055107477150354986,0.3394772913086171,0.02988493628227902,2.049030911686934,1.0008253199638928,1.2548708605420875,0.004937646992569045,0.9999999999995267,0.0,0.0,0.0,0.029210931826697033,0.042034695694886014,0.11996075009771102,0.0,0.050000000000000044,"{'I': 0, 'W': 1, 'R': 0, 'C': 'costly'}",False,True,True,0.6666666666666666,3
3253,1,0.006564063935999166,0.2630302069147693,0.025260448523225412,1.20537352518848,1.000887658049358,1.1600993433825983,0.005309440712428781,0.9990694783248123,0.0,0.0,0.0,0.0016497024867743067,0.006669088694047143,0.2546709812013483,0.0,0.0,"{'I': 1, 'W': 0, 'R': 1, 'C': 'free'}",False,True,True,1.0,3
3253,2,0.0024431494616317826,0.25291531417179125,0.012153083729297388,1.4827921550550212,1.0002705918320054,1.1657906564852134,0.0021621011139782986,0.9999965556026971,0.1,0.0,0.0,0.029313909498421574,0.029198043994821756,0.004660599980791316,0.0,0.0,"{'I': 1, 'W': 0, 'R': 1, 'C': 'free'}",False,True,True,1.0,3
3253,3,0.027367658177467218,0.3267017579508228,0.31853916780012886,1.7783045191422857,1.007881146508058,1.2311647887712767,0.11108511219582429,0.9999996131427153,0.0,0.0,0.0,0.0035922329721010796,0.014061821767385026,0.037328435173780324,0.0,0.0,"{'I': 0, 'W': 1, 'R': 0, 'C': 'costly'}",False,True,True,1.0,3
3265,1,0.0058413173583311915,0.30965996824610853,0.04490328229708093,1.9535041443535621,1.0008732833597793,1.216343017275263,0.00782534176639138,0.999997566117411,0.0,0.0,0.050000000000000044,0.0005444838780604772,0.0027933906926840522,0.06568421222667087,0.0,0.0,"{'I': 1, 'W': 0, 'R': 1, 'C': 'free'}",False,True,True,1.0,3
3265,2,0.11059759938582257,0.441293714795958,0.45519152414325853,2.0561382477462695,1.026289504465469,1.318895681162064,0.26757805280566005,0.999999999999819,0.15,0.4,0.15000000000000002,0.7284489541432685,0.677738297894029,0.2005151483749694,0.8,0.15000000000000002,"{'I': 1, 'W': 0, 'R': 1, 'C': 'free'}",False,True,True,0.3333333333333333,3
3265,3,0.2766662293570954,0.536231950504395,1.7558704307525885,2.248442359005846,1.1490333158447132,1.437603628857995,0.811197149522004,1.0,0.2,0.8,0.09999999999999998,0.7953776332162974,0.6204704407584498,0.6183736598832135,0.7,0.75,"{'I': 1, 'W': 0, 'R': 1, 'C': 'free'}",False,True,True,0.0,3
3265,4,0.04136025951850011,0.4510112561731709,0.2334516730779415,2.649691129087945,1.0081330649537286,1.3780926947055423,0.14264501381970163,1.0,0.2,0.050000000000000044,0.15000000000000002,0.2941931604974737,0.29380510190282316,0.26856010302192,0.65,0.15000000000000002,"{'I': 1, 'W': 0, 'R': 1, 'C': 'free'}",False,True,True,0.3333333333333333,3
3265,5,0.16198124532151192,0.5282171863772042,1.7081960477364357,2.4413499186367655,1.1790388556346647,1.3837523748940386,0.973307981845595,1.0,0.2,0.15000000000000002,0.09999999999999998,0.2689294281259242,0.37668183957315726,0.528521386464225,0.85,0.050000000000000044,"{'I': 1, 'W': 0, 'R': 1, 'C': 'free'}",False,True,True,0.0,3
3265,6,0.2801715047832957,0.5612098805631981,1.0926273894716523,2.311792309297556,1.173774620427332,1.4681873843242659,0.8938759069736175,1.0,0.3,0.9,0.4,0.6778554094973429,0.7043908842162407,0.8784938350208475,0.75,0.75,"{'I': 1, 'W': 0, 'R': 1, 'C': 'free'}",False,True,True,0.0,3
3265,7,0.22183859215934784,0.491235524538423,0.9433662362897363,1.9903387975609264,1.108279269462542,1.4140919418679583,0.6035785806737837,1.0,0.15,0.050000000000000044,0.050000000000000044,0.14777054768323353,0.2685131451590491,0.14804839715733506,0.15000000000000002,0.050000000000000044,"{'I': 1, 'W': 0, 'R': 1, 'C': 'free'}",False,True,True,1.0,3
3291,1,0.024514571257319612,0.2419698501652041,0.21196646118297924,1.1534308015761752,1.0052248147573428,1.185627499173192,0.04581806191554316,0.9999277401203388,0.05,0.0,0.050000000000000044,0.00925666024357598,0.006676864626540735,0.045416381088125735,0.0,0.0,"{'I': 1, 'W': 0, 'R': 1, 'C': 'free'}",False,True,True,1.0,3
3291,2,0.030768270335198317,0.4796440472842582,0.21632422289315664,2.1885983268727487,1.0071467928949647,1.4036518450675866,0.062081649745611256,1.0,0.15,0.35,0.15000000000000002,0.26753693245313764,0.40152021016695644,0.2036443668969487,0.35,0.15000000000000002,"{'I': 1, 'W': 0, 'R': 1, 'C': 'free'}",False,True,True,0.0,3
3291,3,0.028269200408030062,0.5811878593807553,0.11495165946264611,2.1609431415605687,1.0051435303237264,1.47814920408961,0.030313140961545693,1.0,0.2,0.15000000000000002,0.15000000000000002,0.18214276919625697,0.4980983093512368,0.40551374738063667,0.15000000000000002,0.75,"{'I': 1, 'W': 0, 'R': 1, 'C': 'free'}",False,True,True,0.3333333333333333,3
3291,4,0.20174754537992998,0.6046452432557968,0.6931351932027535,2.281875081740592,1.0888457673262517,1.5173211693793318,0.5351608536603076,1.0,,0.9,0.4,0.5307601760515654,0.7542038817357707,0.6504227057489117,0.7,0.65,"{'I': 1, 'W': 0, 'R': 1, 'C': 'free'}",False,True,True,0.6666666666666666,3
3291,5,0.02672898640224038,0.5179171499292445,0.09008963855419741,1.907922619453797,1.0043933684695352,1.3899876358175103,0.034462141313370886,0.9999999999999903,0.15,0.050000000000000044,0.09999999999999998,0.08497765185159993,0.3765651820259156,0.6458248735677616,0.050000000000000044,0.050000000000000044,"{'I': 1, 'W': 0, 'R': 1, 'C': 'free'}",False,True,True,1.0,3
3291,6,0.15876551104438255,0.5842536525125543,0.8512843756148334,2.6085925280760733,1.058832922986913,1.443016565311725,0.3297945679361294,1.0,0.3,0.35,0.35,0.40610385856451986,0.591030634350285,0.7503672364011553,0.35,0.75,"{'I': 1, 'W': 0, 'R': 1, 'C': 'free'}",False,True,True,0.0,3
3291,7,0.004906479618116429,0.5360549793321218,0.027878139308691534,2.145856798943437,1.0006215748117526,1.399278150546412,0.005576826870441032,1.0,0.15,0.050000000000000044,0.15000000000000002,0.1476528194853994,0.5298963310282159,0.6756181570979961,0.15000000000000002,0.75,"{'I': 1, 'W': 0, 'R': 1, 'C': 'free'}",False,True,True,0.0,3
3317,1,0.0024275192020300207,0.3130588350912395,0.017402268390864277,1.4369553255258243,1.0003162210081613,1.2164352125661875,0.0031567172661042253,0.9999999999913217,0.05,0.050000000000000044,0.050000000000000044,0.029314978014204435,0.029258457774496045,0.06754709481708493,0.0,0.050000000000000044,"{'I': 1, 'W': 0, 'R': 1, 'C': 'free'}",False,True,True,1.0,3
3317,2,0.0006763766992056309,0.25645100338279286,0.0014181229297550505,1.7074792215703596,1.0000580543156121,1.1367105205762675,0.0004062858572174699,0.9999994852888066,0.0,0.0,0.0,0.00599343567722552,0.012512342088689732,0.022981125393947702,0.0,0.0,"{'I': 0, 'W': 1, 'R': 0, 'C': 'costly'}",False,True,True,1.0,3
3341,1,0.002444833995564931,0.23745441727435132,0.01016082366560278,1.3886348968093638,1.000299715670106,1.138434038175402,0.0020954967250836898,0.9996325317762229,0.05,0.0,0.050000000000000044,0.009830656565895352,0.00667875672245017,0.25712475275784147,0.0,0.0,"{'I': 1, 'W': 0, 'R': 1, 'C': 'free'}",False,True,True,1.0,3
3341,2,0.0008750012690492302,0.34419570751107725,0.004733107296441273,2.0667186890721334,1.0000931168699483,1.241130238424171,0.0007446229093950318,0.9999997817432559,0.05,0.0,0.0,0.0011633852766560829,0.008554937330251495,0.002164732009328089,0.0,0.0,"{'I': 1, 'W': 0, 'R': 1, 'C': 'free'}",False,True,True,1.0,3
3341,3,0.0005935132793607538,0.2055080472501698,0.001654929070565039,1.7749638861703827,1.0000537769922222,1.124535301113615,0.0004301118457004094,0.9999997342514083,0.0,0.0,0.0,0.0024612462480281642,0.0014991210255931625,0.033051477731335696,0.0,0.0,"{'I': 0, 'W': 1, 'R': 0, 'C': 'costly'}",False,True,True,1.0,3
3352,1,0.02274362010615056,0.3108600653274817,0.12475611080551362,1.3576449590488757,1.0044433993704753,1.166728682893732,0.03055825746646279,0.9997926725094526,0.05,0.0,0.0,0.0013078418893421248,0.0027889615674767374,0.036827011349517505,0.0,0.0,"{'I': 1, 'W': 0, 'R': 1, 'C': 'free'}",False,True,True,1.0,3
3352,2,0.0011585477702937227,0.2618117917369724,0.00519311844445969,1.6488709602631806,1.0001137704761358,1.1997715531619875,0.0009096980117794251,0.9999995299812758,0.05,0.0,0.0,0.001496271246310713,0.01403928952755326,0.005907894651103361,0.0,0.0,"{'I': 1, 'W': 0, 'R': 1, 'C': 'free'}",False,True,True,1.0,3
3352,3,0.020397142341902326,0.5489014208085821,0.09421268732107298,2.3699313360301595,1.0031509041271363,1.4839271001369494,0.027916481553891592,1.0,0.1,0.9,0.050000000000000044,0.651230668274333,0.7305216376383876,0.6510324135099175,0.5,0.75,"{'I': 1, 'W': 0, 'R': 1, 'C': 'free'}",False,True,True,1.0,3
3352,4,0.018321353771589565,0.500092382493428,0.11137448428606252,2.5626222177444613,1.0036508117120129,1.4417592176102805,0.025186536447549313,1.0,0.15,0.050000000000000044,0.050000000000000044,0.32039112126939584,0.37687680933338435,0.22244418296914584,0.050000000000000044,0.15000000000000002,"{'I': 1, 'W': 0, 'R': 1, 'C': 'free'}",False,True,True,1.0,3
3352,5,0.03267294716841038,0.40914503161648114,0.19677079296524208,1.867379344368442,1.0076374700482593,1.3177299127958622,0.051865743146580656,1.0,0.05,0.0,0.050000000000000044,0.053650947737294986,0.029259715212227526,0.40305935780490976,0.0,0.050000000000000044,"{'I': 0, 'W': 1, 'R': 0, 'C': 'costly'}",False,True,True,0.6666666666666666,3
3355,1,0.005491873607984749,0.28213095488559536,0.02321808279503304,1.7116315353756082,1.0007016408851586,1.245563249268762,0.004897730762297159,0.9999999921673592,0.05,0.0,0.050000000000000044,0.0035218433550294687,0.008622437768709286,0.10150496144705719,0.0,0.0,"{'I': 1, 'W': 0, 'R': 1, 'C': 'free'}",False,True,True,1.0,3
3355,2,0.0013553628670545839,0.3119868407670532,0.004449272023190234,1.459204079708433,1.0001453380982244,1.1932458447669914,0.0008715851747911341,0.9999927707267048,0.05,0.0,0.0,0.011034113015837902,0.025885072343168992,0.004607106898816514,0.0,0.0,"{'I': 1, 'W': 0, 'R': 1, 'C': 'free'}",False,True,True,1.0,3
3355,3,0.03957064408975462,0.39494084341185526,0.22934206953181593,2.0257571549181983,1.0105733348018198,1.3481515814292224,0.06115695793385367,0.9999999701355912,0.0,0.0,0.0,0.0031032947527661974,0.0028002340027540006,0.01423901324797281,0.0,0.0,"{'I': 0, 'W': 1, 'R': 0, 'C': 'costly'}",False,True,True,1.0,3
3368,1,0.03207710574249621,0.23268727025264432,0.27078919134163754,1.419448565078676,1.008251067009456,1.1789601363060567,0.10131596555565114,0.9999564935511678,0.05,0.0,0.0,0.002745496925199344,0.003161832767794598,0.025159673423812187,0.0,0.0,"{'I': 1, 'W': 0, 'R': 1, 'C': 'free'}",False,True,True,1.0,3
3368,2,0.09925154211420407,0.20131333281012595,0.6862881258965734,1.6098009802134712,1.1116233307924053,1.1444553353618623,0.5711170568826776,0.9989732641059562,0.0,0.0,0.0,0.0013246895360713047,0.0019167106775550985,0.0016997731783146464,0.0,0.0,"{'I': 0, 'W': 1, 'R': 0, 'C': 'costly'}",False,True,True,1.0,3
3378,1,0.005053830346740259,0.4487490507313454,0.021911066834957756,2.084189960079463,1.0005750929952542,1.292578769595271,0.002870510646381219,0.9999999990624779,0.05,0.050000000000000044,0.050000000000000044,0.005161113595492989,0.005880911684050144,0.019868530338597125,0.0,0.0,"{'I': 1, 'W': 0, 'R': 1, 'C': 'free'}",False,True,True,1.0,3
3378,2,0.002920616401144958,0.49484427929244384,0.005538076883000023,2.133115673833571,1.0003089483343688,1.4200041592220352,0.0021599682416791888,0.99999999703666,0.05,0.0,0.050000000000000044,0.004048248668649722,0.008546593785152849,0.03732544118593648,0.0,0.0,"{'I': 1, 'W': 0, 'R': 1, 'C': 'free'}",False,True,True,1.0,3
3378,3,0.005818968520767555,0.4189573004933063,0.015969943041153678,1.8005134731869623,1.0007736939070109,1.2517645854260937,0.004629618685045411,0.9999977935926593,0.05,0.0,0.050000000000000044,0.008645529362907151,0.059870065663067934,0.06009255393662085,0.0,0.0,"{'I': 1, 'W': 0, 'R': 1, 'C': 'free'}",False,True,True,1.0,3
3378,4,0.23238275205151487,0.37639658147457516,1.148385727138372,1.9568671067643548,1.2519869450858667,1.3455697058510847,0.7926035121739712,1.0,0.05,0.0,0.050000000000000044,0.07607416461917502,0.07567031568770423,0.1478176052210869,0.0,0.15000000000000002,"{'I': 0, 'W': 1, 'R': 0, 'C': 'costly'}",False,True,True,1.0,3
3388,1,0.0006128304742105497,0.13557917553828114,0.002465782105909605,1.2305357216544692,1.0000588595806896,1.071971694269025,0.0005295803595851689,0.9421259375172272,0.05,0.0,0.050000000000000044,0.0064931352868381935,0.006672372405098577,0.060091387253996265,0.0,0.0,"{'I': 1, 'W': 0, 'R': 1, 'C': 'free'}",False,True,True,1.0,3
3388,2,0.030002415798643812,0.41762515597303684,0.20689612153028514,1.9752379837501353,1.0062818496690813,1.3014619604516844,0.04288852227615203,0.9999999999999999,0.05,0.050000000000000044,0.050000000000000044,0.012493300847146515,0.16422187441320682,0.1475566609289788,0.0,0.050000000000000044,"{'I': 1, 'W': 0, 'R': 1, 'C': 'free'}",False,True,True,1.0,3
3388,3,0.0005054651448513651,0.3719188674955018,0.002811392876320853,1.8868267079035368,1.0000481756189656,1.2529223303962373,0.0006260718964040679,0.9999999999864974,0.05,0.0,0.050000000000000044,0.022938926717666373,0.10658267795351509,0.1473352167517712,0.050000000000000044,0.050000000000000044,"{'I': 1, 'W': 0, 'R': 1, 'C': 'free'}",False,True,True,1.0,3
3388,4,0.0008614736747863434,0.3945879759172259,0.002544382468711983,2.363824297027197,1.0000814485491394,1.3274945864403285,0.0005699541411005038,1.0,0.05,0.0,0.050000000000000044,0.10697784353724765,0.2936417105659647,0.29327795804894097,0.0,0.0,"{'I': 0, 'W': 1, 'R': 0, 'C': 'costly'}",False,True,True,1.0,3
339,1,0.01240388783248182,0.3436943562550966,0.07123988139507775,1.5026584189190826,1.002124821328043,1.3201121967927676,0.014748134632415422,0.9999962630951711,0.0,0.0,0.050000000000000044,0.004069357018334022,0.006692064840491721,0.14077303059479332,0.0,0.0,"{'I': 1, 'W': 0, 'R': 1, 'C': 'free'}",False,True,True,1.0,3
339,2,0.005606778055157619,0.23547510897493507,0.03201717749665013,1.7879506014430755,1.0007771669533365,1.1780607306785167,0.005423296349213458,0.9999829483868041,0.05,0.0,0.0,0.0021712282923090536,0.01240155961472359,0.003171144398155241,0.0,0.0,"{'I': 1, 'W': 0, 'R': 1, 'C': 'free'}",False,True,True,1.0,3
339,3,0.006993593050426794,0.5593058794692032,0.03748549169305057,2.569622581710982,1.0010756637714164,1.4725082023053848,0.006429754054215864,1.0,0.1,0.050000000000000044,0.050000000000000044,0.11914827752687347,0.22256437458339814,0.2940999800317243,0.050000000000000044,0.050000000000000044,"{'I': 1, 'W': 0, 'R': 1, 'C': 'free'}",False,True,True,1.0,3
339,4,0.0010257567111794017,0.28149907528091117,0.006596205160609973,1.8397825019754392,1.0001124699706672,1.1997712575624615,0.0011240042973619246,0.9999999632932977,0.0,0.0,0.0,0.025955359013357226,0.02293014419498487,0.03727009652808009,0.0,0.0,"{'I': 0, 'W': 1, 'R': 0, 'C': 'costly'}",False,True,True,1.0,3
3395,1,0.0018467742113805557,0.2723111256489477,0.011287429469594604,1.7850077427298705,1.0002281068425793,1.2290620658509654,0.0018229829856851731,0.999978013219712,0.0,0.0,0.050000000000000044,0.005572437116616017,0.006674414563761866,0.08216549615266831,0.0,0.0,"{'I': 1, 'W': 0, 'R': 1, 'C': 'free'}",False,True,True,1.0,3
3395,2,0.007674740357813295,0.3198210259118247,0.06712758692185934,1.6596154330962545,1.0011885459649816,1.2034123237612346,0.012981249475588652,0.99999955612766,0.05,0.0,0.050000000000000044,0.029200999188207673,0.05335954921273122,0.09511954817573835,0.0,0.0,"{'I': 1, 'W': 0, 'R': 1, 'C': 'free'}",False,True,True,1.0,3
3395,3,0.06526841296597484,0.4312576174887213,0.30410724298364966,1.914209693149696,1.0174610343004613,1.2952722154793825,0.17338296021278055,0.9999999999979372,0.05,0.0,0.050000000000000044,0.7729544962437654,0.8159172534053761,0.5905770686898569,0.5,0.75,"{'I': 1, 'W': 0, 'R': 1, 'C': 'free'}",True,False,True,0.0,3
3395,4,0.09132310265125104,0.3844646563378047,0.5623785080399961,1.7830546538628913,1.022260368053766,1.2249298442812158,0.23217594809399122,0.9999999989704298,0.15,0.9,0.050000000000000044,0.9039634578664754,0.7973164821470935,0.6188477072841084,0.6699999999999999,0.15000000000000002,"{'I': 1, 'W': 0, 'R': 1, 'C': 'free'}",False,True,True,1.0,3
3395,5,0.05383933803785961,0.5111003581900432,0.28527789378775154,2.392741722961852,1.0109930509920901,1.442185482795296,0.1419242808229242,1.0,0.3,0.15000000000000002,0.5,0.6213723575763914,0.7295843773449247,0.8156892774728141,0.65,0.75,"{'I': 1, 'W': 0, 'R': 1, 'C': 'free'}",False,True,True,0.6666666666666666,3
3395,6,0.003668214855004746,0.5327482951161837,0.009914277312150293,2.4884511461738548,1.000388341318699,1.4302927785797919,0.001939446506993736,1.0,0.2,0.050000000000000044,0.050000000000000044,0.04741284819258531,0.13289352782390768,0.20160123440380845,0.050000000000000044,0.050000000000000044,"{'I': 1, 'W': 0, 'R': 1, 'C': 'free'}",False,True,True,0.6666666666666666,3
3395,7,0.11003471546680492,0.6619411719284707,0.7694096546001565,2.647963178129782,1.0562663994493726,1.5621088414518944,0.4815362194769027,1.0,0.2,0.050000000000000044,0.7,0.65045160953026,0.7971134315294656,0.9141659748596602,0.75,0.75,"{'I': 1, 'W': 0, 'R': 1, 'C': 'free'}",False,True,True,0.6666666666666666,3
3414,1,0.005797580835002316,0.31091461742001814,0.03217818623343938,1.4551158192490343,1.0008279107147744,1.2120471334025327,0.005776230361006607,0.9999999343367693,0.05,0.0,0.050000000000000044,0.01791863685797628,0.02029289569094422,0.1464637378515879,0.0,0.050000000000000044,"{'I': 1, 'W': 0, 'R': 1, 'C': 'free'}",False,True,True,1.0,3
3414,2,0.007408277823553864,0.25329584814185335,0.03392516203139902,2.018635750477124,1.0010332436380542,1.1732534829843615,0.005150242832310026,0.9999976052511393,0.0,0.0,0.0,0.006637700482588127,0.006691518747928095,0.007781507287902901,0.0,0.0,"{'I': 0, 'W': 1, 'R': 0, 'C': 'costly'}",False,True,True,1.0,3
3446,1,0.010938140991541789,0.47690195781841893,0.07134441643954882,2.1230233591186347,1.0019261638894041,1.2920305314250344,0.013379861629275513,0.9999999999955314,0.05,0.0,0.050000000000000044,0.005799404895746846,0.009688572890597418,0.07298037549154936,0.0,0.0,"{'I': 1, 'W': 0, 'R': 1, 'C': 'free'}",False,True,True,1.0,3
3446,2,0.09808417059017703,0.5868167401258704,0.45099475528659666,2.193459703705868,1.0224780801070337,1.4728097639606477,0.23413552760439638,1.0,0.15,0.4,0.15000000000000002,0.5300417051024627,0.7025740322713702,0.7756295538156411,0.75,0.35,"{'I': 1, 'W': 0, 'R': 1, 'C': 'free'}",False,True,True,0.6666666666666666,3
3446,3,0.11129773366808912,0.46947757017655467,0.37402121955135864,2.212523342884504,1.0313447397308135,1.4021874837819837,0.19430068382926213,1.0,0.1,0.0,0.050000000000000044,0.26879746774798835,0.3484566537830657,0.6508691841015816,0.15000000000000002,0.75,"{'I': 0, 'W': 1, 'R': 0, 'C': 'costly'}",False,True,True,1.0,3
3459,1,0.08809244546095238,0.29318113450275013,0.7005593843521192,1.9430799971521364,1.0394681197145286,1.1808700369736416,0.26631336685076723,0.9992142044463211,0.0,0.0,0.0,0.0014500251405104307,0.005193668425891712,0.22536269185047436,0.0,0.0,"{'I': 1, 'W': 0, 'R': 1, 'C': 'free'}",False,True,True,1.0,3
3459,2,0.0014415098879142013,0.3051762281317387,0.007559864118748955,1.7212849847715215,1.0001640164609966,1.203493244837353,0.0011473623582697323,0.999962364397899,0.0,0.0,0.0,0.009708395536281902,0.008573066678510762,0.06618513768917171,0.0,0.0,"{'I': 0, 'W': 1, 'R': 0, 'C': 'costly'}",False,True,True,0.6666666666666666,3
3465,1,0.03710484092827424,0.4210693116731923,0.14504430274241556,2.078439554058238,1.0071224059947008,1.2800671505476544,0.04846625727164677,0.9999999999999999,0.1,0.050000000000000044,0.050000000000000044,0.007578925131990734,0.04148666033966964,0.11919338462131795,0.050000000000000044,0.050000000000000044,"{'I': 1, 'W': 0, 'R': 1, 'C': 'free'}",False,True,True,1.0,3
3465,2,0.44475786286233215,0.6109460345349422,1.2228487495926472,2.4574207333571056,1.1911565547818757,1.529510776306395,0.7928521665226552,1.0,,0.4,0.15000000000000002,0.7765467047974942,0.7971185719666063,0.5297022892765867,0.8,0.35,"{'I': 1, 'W': 0, 'R': 1, 'C': 'free'}",False,True,True,1.0,3
3465,3,0.002880575806495961,0.4514157647727239,0.027272951721912575,2.2325236403845503,1.0003934154101723,1.2847037030848412,0.005882699403169989,0.9999999999999468,0.1,0.050000000000000044,0.050000000000000044,0.0019353160951232292,0.05322546280451711,0.0294012062291251,0.050000000000000044,0.050000000000000044,"{'I': 1, 'W': 0, 'R': 1, 'C': 'free'}",False,True,True,1.0,3
3465,4,0.02780512795797704,0.2868830904112696,0.16613769631813566,1.8787014609774013,1.0053874279647987,1.1935446109807726,0.06746498627178144,0.99999999999702,0.05,0.0,0.050000000000000044,0.06008908533301422,0.24451173763338965,0.2014772407131696,0.0,0.15000000000000002,"{'I': 0, 'W': 1, 'R': 0, 'C': 'costly'}",False,True,True,1.0,3
3473,1,0.0028867617343265066,0.25794743013352267,0.017386818534643023,1.3860815107887243,1.000345925237287,1.182797337301414,0.003107949066518567,0.999683550970929,0.0,0.0,0.050000000000000044,0.005868602991483147,0.029167759639953106,0.11448846971693667,0.0,0.0,"{'I': 1, 'W': 0, 'R': 1, 'C': 'free'}",False,True,True,1.0,3
3473,2,0.00040618563257149056,0.18705816794093091,0.0015304858677508736,2.223979336804468,1.0000359853232181,1.1714423205224151,0.0002878359733701208,0.9999917841465376,0.05,0.0,0.0,0.00590984599898379,0.02293956735991896,0.00591085113500242,0.0,0.0,"{'I': 1, 'W': 0, 'R': 1, 'C': 'free'}",False,True,True,1.0,3
3473,3,0.1499476161040066,0.13280012039582723,1.0580586967451346,2.0955154814990977,1.074495484443493,1.087421846199383,0.5777741064667459,0.9999987308431367,0.0,0.0,0.0,0.004606549501575965,0.017972792312625902,0.012414000211960218,0.0,0.0,"{'I': 0, 'W': 1, 'R': 0, 'C': 'costly'}",False,True,True,1.0,3
3477,1,0.0026216172903837107,0.2675181455227587,0.008254194946901735,1.2420943713654564,1.0003093403946715,1.1227309043608882,0.00247128181322942,0.9965605277025443,0.05,0.0,0.050000000000000044,0.01406287998443776,0.009669855682330017,0.10365943968368584,0.0,0.0,"{'I': 1, 'W': 0, 'R': 1, 'C': 'free'}",False,True,True,1.0,3
3477,2,0.00020441936705312187,0.29882899071703817,0.0013824293996550616,1.7532416835488485,1.000018089372779,1.222470681929443,0.00021704695191981926,0.9999973894077355,0.05,0.0,0.0,0.001317710333144521,0.005908021465229246,0.0019134710022979961,0.0,0.0,"{'I': 1, 'W': 0, 'R': 1, 'C': 'free'}",False,True,True,1.0,3
3477,3,0.009142543393292584,0.19844853179836527,0.03321362155789941,1.3223590436009256,1.0012835080719082,1.1083696713015747,0.008938606545006778,0.9928362966915536,0.0,0.0,0.0,0.004068785410910395,0.010971132919353525,0.010315516922382882,0.0,0.0,"{'I': 0, 'W': 1, 'R': 0, 'C': 'costly'}",False,True,True,1.0,3
3485,1,0.007953941313042535,0.2556470843518671,0.02605936355478207,1.234071694326511,1.001003153165449,1.139374669971529,0.005997842755016913,0.99871173434213,0.0,0.0,0.0,0.004456846088815814,0.005200228018902125,0.16182931302195064,0.0,0.0,"{'I': 1, 'W': 0, 'R': 1, 'C': 'free'}",False,True,True,1.0,3
3485,2,0.0007707007677222278,0.32680360523731966,0.0038295201563377,1.5733727721577158,1.0000784006224277,1.1933205536873401,0.0006269837575638704,0.9999939672437921,0.05,0.0,0.0,0.002811278287714793,0.03723234482381054,0.008560984911644965,0.0,0.0,"{'I': 1, 'W': 0, 'R': 1, 'C': 'free'}",False,True,True,1.0,3
3485,3,0.0219790043910333,0.3585184712046528,0.11190628170809902,2.5783151777340767,1.0043149080007308,1.288670633601216,0.025502916510568574,1.0,0.0,0.0,0.050000000000000044,0.04732786702904493,0.04736103774269389,0.24456781678206282,0.0,0.0,"{'I': 0, 'W': 1, 'R': 0, 'C': 'costly'}",False,True,True,0.6666666666666666,3
3491,1,0.0027189243282070637,0.556450939496909,0.013230987240397384,2.125672181172873,1.000312232379728,1.4867657894192463,0.0028057094276725536,1.0,0.05,0.0,0.050000000000000044,0.006693321127990207,0.0675582095444677,0.06645115663995715,0.0,0.050000000000000044,"{'I': 1, 'W': 0, 'R': 1, 'C': 'free'}",False,True,True,1.0,3
3491,2,0.0003993944285006007,0.3590387374374111,0.0015987926177930933,2.081831065310234,1.0000341972353433,1.3036157016098615,0.0002735357873125954,0.9999999999999993,0.0,0.0,0.050000000000000044,0.2072157011423138,0.405364287307595,0.14804421669921725,0.0,0.0,"{'I': 0, 'W': 1, 'R': 0, 'C': 'costly'}",False,True,True,0.0,3
3498,1,0.0009798036228697263,0.2823092248229459,0.005906299199233875,1.5005616536095152,1.0001091247873821,1.1662873351599945,0.000872569759056363,0.9954100768515536,0.05,0.0,0.050000000000000044,0.007482348845086956,0.012384726734569512,0.05265028882343878,0.0,0.050000000000000044,"{'I': 1, 'W': 0, 'R': 1, 'C': 'free'}",False,True,True,1.0,3
3498,2,0.0005876877123301198,0.38704535533009937,0.0015768124079960726,1.8906830305333953,1.0000552121375401,1.3285325527698626,0.0003312088186817608,0.9999999927983041,0.05,0.0,0.0,0.004045628371515318,0.037181357892913096,0.007578386248875092,0.0,0.0,"{'I': 1, 'W': 0, 'R': 1, 'C': 'free'}",False,True,True,1.0,3
3498,3,0.003319829146156026,0.44229569646935213,0.016392578692193533,2.492201225208263,1.0003869086603465,1.3379947337840261,0.0027041739302476886,1.0,0.05,0.0,0.050000000000000044,0.14793345419530496,0.20157277329304726,0.49936947931017295,0.050000000000000044,0.050000000000000044,"{'I': 0, 'W': 1, 'R': 0, 'C': 'costly'}",False,True,True,1.0,3
3503,1,0.013363411445431446,0.22726448734305812,0.0821174991898526,1.3326263033805819,1.0024770054886003,1.1236907460339236,0.017168511600008096,0.9997743527271777,0.05,0.050000000000000044,0.050000000000000044,0.03371798668794847,0.05995630605828206,0.14804261253489076,0.0,0.0,"{'I': 1, 'W': 0, 'R': 1, 'C': 'free'}",False,True,True,1.0,1
3503,2,0.04319211816111583,0.39053933711499556,0.12198882300976642,2.134132975745426,1.007256100486057,1.2882580261631196,0.03550391740326664,1.0,0.05,0.050000000000000044,0.15000000000000002,0.13283247957573052,0.09514320567874034,0.2931645203047112,0.050000000000000044,0.15000000000000002,"{'I': 0, 'W': 1, 'R': 0, 'C': 'costly'}",False,True,True,1.0,1
3511,1,0.0010209096531616675,0.12715541233817035,0.0037446556746825017,0.9015979625130766,1.0001022729437996,1.0532890306310945,0.00071561782329288,0.8679783641973026,0.0,0.0,0.0,0.0024716779785993567,0.008563669289145063,0.02298232382423479,0.0,0.0,"{'I': 1, 'W': 0, 'R': 1, 'C': 'free'}",False,True,True,1.0,3
3511,2,7.490437583248795e-05,0.1580967285065127,0.00017123236201910944,1.0261248831091736,1.0000055517356483,1.1278573956020022,3.8861286543512286e-05,0.9986633445942432,0.05,0.0,0.0,0.001925986371624232,0.012409615512655976,0.0040687410582535295,0.0,0.0,"{'I': 1, 'W': 0, 'R': 1, 'C': 'free'}",False,True,True,1.0,3
3511,3,0.0011011177240042298,0.12048060062209306,0.006239172520616901,1.6005480566698422,1.000122991734925,1.0587326837969262,0.0008605187456366403,0.9907205606127869,0.0,0.0,0.0,0.0035769759432868246,0.0019245593908898562,0.020288297147141074,0.0,0.0,"{'I': 0, 'W': 1, 'R': 0, 'C': 'costly'}",False,True,True,1.0,3
3522,1,0.018580956286453693,0.2041969520115653,0.07110590952359569,1.1593380457190368,1.0028146020239745,1.1293052429109476,0.01672249125011327,0.9952542938192471,0.0,0.0,0.0,0.018238684825887017,0.04728940236517861,0.10668036802529354,0.0,0.0,"{'I': 1, 'W': 0, 'R': 1, 'C': 'free'}",False,True,True,1.0,3
3522,2,0.00346633149607794,0.46863527781154024,0.012915490456161931,2.153342658084031,1.000419440594727,1.3548680624337852,0.0037670606444161203,0.9999999999954621,0.05,0.050000000000000044,0.050000000000000044,0.054949791673947465,0.148033435275492,0.047954653518925465,0.0,0.0,"{'I': 1, 'W': 0, 'R': 1, 'C': 'free'}",False,True,True,1.0,3
3522,3,0.0008056125855374497,0.2327977300227914,0.0042398994105357826,1.3523285884854164,1.0000862256037555,1.2090108370737715,0.0006033711041939505,0.9999646190459582,0.05,0.0,0.0,0.0027891982674718907,0.041906064765751164,0.007576455381398226,0.0,0.0,"{'I': 1, 'W': 0, 'R': 1, 'C': 'free'}",False,True,True,1.0,3
3522,4,0.004304810529360126,0.12658405484904453,0.02186875510259747,1.5620580142694396,1.0005812457984122,1.107235453470074,0.0040592773532021065,0.9998077610447612,0.0,0.0,0.0,0.01798664161226045,0.005206420145634307,0.02922468307840877,0.0,0.0,"{'I': 0, 'W': 1, 'R': 0, 'C': 'costly'}",False,True,True,1.0,3
3531,1,0.001133160920380686,0.35777280184982224,0.0030843999284977074,1.644542293825318,1.000113361898777,1.279793145355381,0.0007931735880128965,0.9999965654390042,0.0,0.0,0.050000000000000044,0.007398301086672522,0.00857570640731201,0.09107398284317204,0.0,0.0,"{'I': 1, 'W': 0, 'R': 1, 'C': 'free'}",False,True,True,1.0,3
3531,2,0.09204917314691383,0.27384165410572386,0.5846425727376553,1.7214307151928674,1.039960712753889,1.1799477935708071,0.2690889358712296,0.9999995256769176,0.0,0.0,0.0,0.10856508285416734,0.11892356375501749,0.1480497506290984,0.0,0.0,"{'I': 0, 'W': 1, 'R': 0, 'C': 'costly'}",False,True,True,0.6666666666666666,3
3536,1,0.034202596551075125,0.2804857343179181,0.35280065976087616,1.7204148238137462,1.009389185066308,1.250643621947603,0.1307988518722576,0.9999999999999036,0.05,0.050000000000000044,0.050000000000000044,0.008578582152734267,0.015842682776572,0.11376847333000442,0.0,0.050000000000000044,"{'I': 1, 'W': 0, 'R': 1, 'C': 'free'}",False,True,True,1.0,3
3536,2,0.021216891988018516,0.3222870216143997,0.24345347647544735,1.729644964566753,1.0046383356215691,1.2227359371201212,0.07136711180261435,0.9999999999999929,0.1,0.050000000000000044,0.050000000000000044,0.18206281152472809,0.34735075588994896,0.09510010773055182,0.050000000000000044,0.050000000000000044,"{'I': 1, 'W': 0, 'R': 1, 'C': 'free'}",False,True,True,1.0,3
3536,3,0.0031472781867213466,0.3557971851018635,0.04472071402787881,1.8318035888576545,1.000491974938831,1.268745217983692,0.010275772892715418,0.9999999996083231,0.1,0.050000000000000044,0.050000000000000044,0.18241417122939893,0.16322227448829277,0.03722912414105333,0.050000000000000044,0.050000000000000044,"{'I': 1, 'W': 0, 'R': 1, 'C': 'free'}",False,True,True,1.0,3
3536,4,0.2807674802961006,0.474583429252537,0.6636685482545753,2.1769680047440914,1.1155574344773405,1.4069916778656957,0.48114215097470536,1.0,0.1,0.7,0.4,0.6781815660578409,0.7528918858154462,0.7756278279937288,0.6699999999999999,0.65,"{'I': 1, 'W': 0, 'R': 1, 'C': 'free'}",False,True,True,0.6666666666666666,3
3536,5,0.0014034288053989205,0.5824838213544601,0.004641854623973403,2.3886261441126635,1.0001446054029808,1.4756091361822286,0.0008671934619881583,1.0,0.1,0.050000000000000044,0.050000000000000044,0.11906485468031155,0.2939044194616282,0.16423223401551781,0.050000000000000044,0.050000000000000044,"{'I': 1, 'W': 0, 'R': 1, 'C': 'free'}",False,True,True,1.0,3
3536,6,0.0014091190205904973,0.4690381046843418,0.003966762676490922,2.669955471109755,1.000150390921423,1.3649447353662272,0.0009018707529419023,1.0,0.2,0.050000000000000044,0.9,0.22254124037265116,0.6504273893670445,0.5297613956296426,0.050000000000000044,0.050000000000000044,"{'I': 1, 'W': 0, 'R': 1, 'C': 'free'}",False,True,True,0.3333333333333333,3
3536,7,0.03165754221894226,0.6153942401620156,0.30479163088352695,2.48435507124646,1.007996512850489,1.5220274246405374,0.11260994992093243,1.0,0.2,0.9,0.7,0.7769358869128964,0.9044580973127373,0.8168548806710987,0.75,0.75,"{'I': 1, 'W': 0, 'R': 1, 'C': 'free'}",True,True,True,0.0,3
3538,1,0.04558486407191455,0.31041245409387824,0.3447330998880791,1.8448351227751685,1.013234121900396,1.179913271128716,0.1231971912432347,0.9999975128997023,0.05,0.0,0.050000000000000044,0.0026974205762219693,0.010982586237671054,0.19100263106782164,0.0,0.0,"{'I': 1, 'W': 0, 'R': 1, 'C': 'free'}",False,True,True,1.0,3
3538,2,0.12484772711692715,0.5286117403565166,0.731204921639768,2.7597345481828053,1.0315298513199513,1.4372256065631974,0.3110013132205628,1.0,0.2,0.4,0.5,0.7762352292435513,0.8657319038249748,0.8657837915765484,0.8,0.75,"{'I': 1, 'W': 0, 'R': 1, 'C': 'free'}",False,True,True,1.0,3
3538,3,0.07320423813934064,0.5174705551647,0.41994436301743987,2.130239230454986,1.0256849711308018,1.4048312012138182,0.16265958059474184,1.0,0.2,0.35,0.7,0.2683145177988997,0.7017120950200494,0.7297153335207842,0.5,0.75,"{'I': 1, 'W': 0, 'R': 1, 'C': 'free'}",False,True,True,1.0,3
3538,4,0.3946322811700343,0.4449922108692766,1.6514150723544812,2.456562140289876,1.3472596676014081,1.3772860578719912,0.9999995461776554,1.0,0.2,0.7,0.4,0.6510268117153455,0.7763783651450585,0.7771683309515547,0.6699999999999999,0.65,"{'I': 1, 'W': 0, 'R': 1, 'C': 'free'}",False,True,True,0.6666666666666666,3
3538,5,0.02544944054687416,0.3435831339354239,0.17646193869005558,1.8665649330345782,1.0052520828939489,1.238494214133615,0.041040762745384374,0.9999999999792417,0.1,0.0,0.050000000000000044,0.02297633486217236,0.1475465248626298,0.26891746625774393,0.050000000000000044,0.050000000000000044,"{'I': 1, 'W': 0, 'R': 1, 'C': 'free'}",False,True,True,1.0,3
3538,6,0.023506041676775502,0.39896192309129397,0.11225713802982955,2.551626835917331,1.0041825887876163,1.309953387362189,0.048852751441079256,1.0,0.1,0.050000000000000044,0.050000000000000044,0.2938951353830455,0.34820285511734794,0.4067499069487954,0.050000000000000044,0.050000000000000044,"{'I': 1, 'W': 0, 'R': 1, 'C': 'free'}",False,True,True,0.6666666666666666,3
3538,7,0.019810729347732137,0.44445300847501257,0.13810055445758054,2.7023616497412433,1.003683184523299,1.3517006593553842,0.039633791711720656,1.0,0.2,0.050000000000000044,0.7,0.4071305628648987,0.5922526923194229,0.7308602777558952,0.15000000000000002,0.8,"{'I': 1, 'W': 0, 'R': 1, 'C': 'free'}",False,True,True,0.3333333333333333,3
3543,1,0.0891633605105527,0.5184021532405632,0.5742993292343326,2.4793594570351116,1.0422893476770674,1.3876207830648704,0.25168938601272817,0.999999999958863,0.05,0.0,0.050000000000000044,0.00214964074189404,0.008562878305570683,0.047076004411411826,0.0,0.050000000000000044,"{'I': 1, 'W': 0, 'R': 1, 'C': 'free'}",False,True,True,1.0,3
3543,2,0.006003225536751545,0.5849961684517984,0.02769762337149565,2.1909321031505535,1.0008410863685755,1.4690722380448935,0.006703294838521834,1.0,0.15,0.050000000000000044,0.15000000000000002,0.40728755240712494,0.7283600661442898,0.5612644636102727,0.75,0.15000000000000002,"{'I': 1, 'W': 0, 'R': 1, 'C': 'free'}",False,True,True,1.0,3
3543,3,0.024688766946029447,0.4163234885908341,0.132944031376521,1.4902369131679452,1.0049767057222787,1.3613771299557618,0.03415367376433276,0.999999892075369,0.05,0.0,0.050000000000000044,0.0021821540810958847,0.02916988480392628,0.0179448375433618,0.050000000000000044,0.0,"{'I': 1, 'W': 0, 'R': 1, 'C': 'free'}",False,True,True,1.0,3
3543,4,0.00020799910278156548,0.25499028515394595,0.0008356041806360322,2.130593684112697,1.0000163612344175,1.2346364538664194,0.00013088023902541046,0.9999999999440731,0.0,0.0,0.0,0.001926212683841216,0.01241372264359801,0.012408712197677564,0.0,0.0,"{'I': 0, 'W': 1, 'R': 0, 'C': 'costly'}",False,True,True,1.0,3
3556,1,0.0008498160746502322,0.23547121383099037,0.005068726134671723,1.3654957617453038,1.0000869614144636,1.1902950124084062,0.0008691983634547817,0.9999939767394943,0.05,0.0,0.050000000000000044,0.00826819836263714,0.010944325933871273,0.02297952846048595,0.0,0.0,"{'I': 1, 'W': 0, 'R': 1, 'C': 'free'}",False,True,True,1.0,3
3556,2,0.0007155143103167678,0.17325207819009714,0.0019258698851738138,1.453561057464664,1.0000630204819039,1.1033240362372088,0.0003780395022340288,0.9998253659191358,0.0,0.0,0.0,0.0027998337481086066,0.0031547375561054346,0.004090943944888277,0.0,0.0,"{'I': 0, 'W': 1, 'R': 0, 'C': 'costly'}",False,True,True,1.0,3
3567,1,0.09699919464350529,0.22000876226909546,0.741535903146865,0.9512998373189615,1.0292584015068345,1.1185997279007756,0.2285989711226113,0.9942328218131247,0.0,0.0,0.0,0.0021499070430802273,0.005892292332226837,0.21549814687867996,0.0,0.0,"{'I': 1, 'W': 0, 'R': 1, 'C': 'free'}",False,True,True,1.0,3
3567,2,0.05798097417935629,0.21311238330651125,0.40285131804318547,1.365595503850695,1.0155915621700033,1.1316501922305469,0.10264060885835391,0.999470878137227,0.0,0.0,0.0,0.010986512817948664,0.04733139458337728,0.14628051147522866,0.0,0.0,"{'I': 0, 'W': 1, 'R': 0, 'C': 'costly'}",False,True,True,0.6666666666666666,3
3578,1,0.08276424194959729,0.23362857718122365,0.7158671303905387,1.1766018060506775,1.0643012293967933,1.1128989093917288,0.5266032912249607,0.9981840131147306,0.05,0.0,0.050000000000000044,0.08285460274814346,0.029129581130329693,0.4555317320186052,0.0,0.0,"{'I': 1, 'W': 0, 'R': 1, 'C': 'free'}",False,True,True,1.0,3
3578,2,0.0164853892936348,0.3356999635413908,0.14661373002396155,1.7593778394081958,1.0035478338916934,1.2726643223289797,0.06175858699997405,1.0,0.1,0.050000000000000044,0.15000000000000002,0.1066951235624529,0.2678280386636833,0.16422595955663616,0.050000000000000044,0.15000000000000002,"{'I': 1, 'W': 0, 'R': 1, 'C': 'free'}",False,True,True,1.0,3
3578,3,0.007856337265804885,0.5223686762063009,0.10351676184702716,2.472065097266528,1.001545345922366,1.413467931050598,0.021386146184624977,1.0,0.2,0.35,0.7,0.5607232879981047,0.6178864717330015,0.589722478122748,0.5,0.75,"{'I': 1, 'W': 0, 'R': 1, 'C': 'free'}",False,True,True,1.0,3
3578,4,0.0846566805218977,0.5294158825274621,1.0173057628232103,2.1571799278097066,1.0211468565236264,1.4511439509675916,0.3138606697327825,1.0,0.1,0.7,0.4,0.6783224295668074,0.7542702833038138,0.6496281108382366,0.9,0.15000000000000002,"{'I': 1, 'W': 0, 'R': 1, 'C': 'free'}",True,True,True,0.0,3
3578,5,0.07017842607268254,0.4538985924638216,0.5784530341447345,2.176812037490228,1.0187118151174412,1.3505710479840263,0.2968880492999505,1.0,0.2,0.15000000000000002,0.09999999999999998,0.5304137895000557,0.5598253420881172,0.7032930238076551,0.5,0.050000000000000044,"{'I': 1, 'W': 0, 'R': 1, 'C': 'free'}",False,True,True,0.0,3
3578,6,0.08522427052603304,0.5276816595955558,0.5834537712535472,2.2145956558959377,1.0260365647078584,1.4341238949615933,0.3703939144256153,1.0,0.2,0.35,0.4,0.5295685490187607,0.5302793095662475,0.6208537133583228,0.35,0.75,"{'I': 1, 'W': 0, 'R': 1, 'C': 'free'}",False,True,True,0.0,3
3578,7,0.2476766876260104,0.6064877529117447,1.8620356015915827,2.3228657353359874,1.1428869229799123,1.5029279520680303,0.920943425346002,1.0,0.2,0.8,0.25,0.9237606969894231,0.8927875021107617,0.620474662431818,0.75,0.75,"{'I': 1, 'W': 0, 'R': 1, 'C': 'free'}",False,True,True,0.0,3
3582,1,0.027157051862749707,0.27260155906160366,0.36539621096896463,1.6998018474565475,1.008866220477535,1.166611943649597,0.12401577397035801,0.999999949298548,0.05,0.050000000000000044,0.050000000000000044,0.09534719832472029,0.0419932288579471,0.19157591289568962,0.050000000000000044,0.050000000000000044,"{'I': 1, 'W': 0, 'R': 1, 'C': 'free'}",False,True,True,1.0,3
3582,2,0.01287384090629907,0.27459016652758717,0.032783579499538716,1.607355648667992,1.001805661547205,1.210971515741908,0.008979606842092314,0.9999952199920752,0.0,0.0,0.0,0.003663428228780595,0.002464428877647386,0.002800361728929678,0.0,0.0,"{'I': 0, 'W': 1, 'R': 0, 'C': 'costly'}",False,True,True,1.0,3
3594,1,0.09169117961521188,0.11030109413232866,0.6936305028866373,0.7623170774658459,1.1001924390036102,1.039376464984769,0.5341450094762681,0.7866538293131535,0.0,0.0,0.050000000000000044,0.002733763318604811,0.012404065762684869,0.10418752688250035,0.0,0.0,"{'I': 1, 'W': 0, 'R': 1, 'C': 'free'}",False,True,True,1.0,3
3594,2,0.020301614855811913,0.1582948363726477,0.13840450711949864,1.1866685389756861,1.0041531863090272,1.088030855660044,0.028595289069239027,0.9825730319494725,0.0,0.0,0.0,0.0019176592852971877,0.0140268392950099,0.0024675026655443994,0.0,0.0,"{'I': 1, 'W': 0, 'R': 1, 'C': 'free'}",False,True,True,1.0,3
3594,3,0.003057516068944358,0.08770641722408849,0.013863376493317793,1.67120209581307,1.0003833600412837,1.0666095973241412,0.002679409999259086,0.9973484783127521,0.0,0.0,0.0,0.004602013585789958,0.0019233511235831214,0.009687107990212723,0.0,0.0,"{'I': 0, 'W': 1, 'R': 0, 'C': 'costly'}",False,True,True,0.6666666666666666,3
3618,1,0.006041843763434292,0.3941020912559874,0.02203472602873178,1.980357281169549,1.0008260626433423,1.3077589766453455,0.005763379129858137,0.9999999996358708,0.05,0.0,0.050000000000000044,0.0019120842549548796,0.005183927011754643,0.14805178000684324,0.0,0.0,"{'I': 1, 'W': 0, 'R': 1, 'C': 'free'}",False,True,True,1.0,3
3618,2,0.005004838224872334,0.4674370080152069,0.03708725670528026,2.1039428376987104,1.0007826645395559,1.300637676237005,0.006239321428552769,0.99999999999939,0.05,0.0,0.050000000000000044,0.009794937828204576,0.03712297657200744,0.008593051426895686,0.0,0.0,"{'I': 1, 'W': 0, 'R': 1, 'C': 'free'}",False,True,True,1.0,3
3618,3,0.14649135123158022,0.5683683638216708,0.6914377220041081,2.1549750215983474,1.1453044130300336,1.4476527547590448,0.6622210922577039,1.0,0.1,1.0,0.050000000000000044,0.9034389581033072,0.8662922042828414,0.3474798847198668,0.5,0.75,"{'I': 1, 'W': 0, 'R': 1, 'C': 'free'}",True,False,True,0.0,3
3618,4,0.23142504987662077,0.5978753809496367,0.7064519184002964,2.486395214157326,1.0755961542070358,1.5409301309774455,0.3053695834444321,1.0,0.1,0.050000000000000044,0.050000000000000044,0.09532127974044062,0.20165036236766223,0.20164784734921995,0.050000000000000044,0.15000000000000002,"{'I': 1, 'W': 0, 'R': 1, 'C': 'free'}",False,True,True,0.3333333333333333,3
3618,5,0.04806574995349585,0.6123518199747584,0.3238145938618259,2.5514934154865707,1.0130373592437154,1.4886650722022896,0.1100392688516878,1.0,0.2,0.15000000000000002,0.09999999999999998,0.40690750461101854,0.43693972584574486,0.49927836271667775,0.6699999999999999,0.050000000000000044,"{'I': 1, 'W': 0, 'R': 1, 'C': 'free'}",False,True,True,1.0,3
3618,6,0.08060293481796538,0.5811596423887856,0.6172612567273951,2.6149496592855925,1.0343432028494166,1.4402341451868523,0.31025480023589835,1.0,0.2,0.35,0.050000000000000044,0.37721117533252185,0.43636894859534914,0.2018101348307082,0.35,0.050000000000000044,"{'I': 1, 'W': 0, 'R': 1, 'C': 'free'}",False,True,True,0.6666666666666666,3
3618,7,0.023677969147041726,0.47948434845310656,0.10306306215990177,2.2627339945114615,1.0044517377187852,1.382231067129775,0.043446520920362275,1.0,0.2,0.050000000000000044,0.15000000000000002,0.08503833992997742,0.2445243364770999,0.22240840344735394,0.15000000000000002,0.050000000000000044,"{'I': 1, 'W': 0, 'R': 1, 'C': 'free'}",False,True,True,1.0,3
362,1,0.012142205212331612,0.3183138242518879,0.09194052360638597,1.571558217221357,1.002156049254857,1.230151460127867,0.02551362317963546,0.9999999483161927,0.05,0.0,0.050000000000000044,0.002150086453419895,0.008558847029517383,0.2226367861308595,0.0,0.0,"{'I': 1, 'W': 0, 'R': 1, 'C': 'free'}",False,True,True,1.0,3
362,2,0.24811140423327382,0.39708882731941797,0.7027596401078328,1.777857940734074,1.098827586965167,1.3134301148323362,0.43190276596561117,0.9999999999999682,0.15,0.050000000000000044,0.050000000000000044,0.03663364252694243,0.1325721093221005,0.1635388751379464,0.050000000000000044,0.050000000000000044,"{'I': 1, 'W': 0, 'R': 1, 'C': 'free'}",False,True,True,1.0,3
362,3,0.016019797550297095,0.5345706318738643,0.06616716659925392,1.8313622166390722,1.00257204173741,1.5294751815308776,0.02536028269660573,1.0,0.05,0.050000000000000044,0.050000000000000044,0.2686776928274429,0.3480080818402324,0.5281597966836535,0.15000000000000002,0.050000000000000044,"{'I': 1, 'W': 0, 'R': 1, 'C': 'free'}",False,True,True,1.0,3
362,4,0.001271877826128875,0.29090640590421624,0.005818648879290024,1.494931674849009,1.0001299926178457,1.2358808040940856,0.00077960097035501,0.999999991945096,0.0,0.0,0.0,0.0021454633498312198,0.004056999018569345,0.04742686067508358,0.0,0.0,"{'I': 0, 'W': 1, 'R': 0, 'C': 'costly'}",False,True,True,1.0,3
3634,1,0.06414296462737382,0.35876577221083966,0.35990419757017383,2.02077893559933,1.0165062075485245,1.2435832865938399,0.1783637747606206,0.99999929832982,0.05,0.050000000000000044,0.050000000000000044,0.3895979637760858,0.3464756049798104,0.36685332811203025,0.050000000000000044,0.050000000000000044,"{'I': 1, 'W': 0, 'R': 1, 'C': 'free'}",False,True,True,1.0,3
3634,2,0.010924213266748561,0.4272590003560553,0.0565596327547541,2.2806042684064574,1.00177236673787,1.3197449220526296,0.012319076823623099,1.0,0.1,0.050000000000000044,0.050000000000000044,0.24403047640967623,0.22159426497739745,0.22269441410463695,0.050000000000000044,0.050000000000000044,"{'I': 1, 'W': 0, 'R': 1, 'C': 'free'}",False,True,True,1.0,3
3634,3,0.001047537350210759,0.20316636574588565,0.004352565842902396,1.6550369540847667,1.0001035588384524,1.130681774983991,0.0010349987849598286,0.9999953659491007,0.0,0.0,0.0,0.005251189166304236,0.03301617163976222,0.05340474768797602,0.0,0.0,"{'I': 0, 'W': 1, 'R': 0, 'C': 'costly'}",False,True,True,1.0,3
3642,1,0.022350084626741696,0.3647283289897221,0.09940596778215834,1.721499666805511,1.0034682960543049,1.2365962056482003,0.02055948393405249,0.9999998149186747,0.05,0.0,0.050000000000000044,0.0064706476133488565,0.010924617890091547,0.09534641087259706,0.0,0.0,"{'I': 1, 'W': 0, 'R': 1, 'C': 'free'}",False,True,True,1.0,3
3642,2,0.0019311086441961777,0.46807793663042,0.006873203005841159,2.0924373970544448,1.0002090608056828,1.3195147223058084,0.0016709141101710623,0.9999999999972443,0.05,0.050000000000000044,0.050000000000000044,0.10668646350891028,0.22176138880561774,0.10670083336064508,0.050000000000000044,0.0,"{'I': 1, 'W': 0, 'R': 1, 'C': 'free'}",False,True,True,0.6666666666666666,3
3642,3,0.018387083792622508,0.510849018428803,0.12221962398078812,2.4170784731041324,1.0033307386199926,1.488528745026586,0.035916378615927,1.0,0.2,0.35,0.15000000000000002,0.4065701774263654,0.6491359108017372,0.560726240497681,0.15000000000000002,0.75,"{'I': 1, 'W': 0, 'R': 1, 'C': 'free'}",False,True,True,1.0,3
3642,4,0.08814424149178024,0.47415404673299905,0.29481434501871795,2.4258635618109876,1.0220071874449237,1.3897288386036992,0.15982762163113096,1.0,0.2,0.050000000000000044,0.15000000000000002,0.13272534509495473,0.24476708105168063,0.5295684367487352,0.050000000000000044,0.15000000000000002,"{'I': 1, 'W': 0, 'R': 1, 'C': 'free'}",False,True,True,1.0,3
3642,5,0.018066187700606903,0.45963516294112516,0.09993167740117415,1.6770305571041575,1.0032861180123172,1.353625639926246,0.029094924244949527,1.0,0.1,0.15000000000000002,0.050000000000000044,0.07579792065204714,0.37687453873572235,0.5283270615715316,0.050000000000000044,0.050000000000000044,"{'I': 1, 'W': 0, 'R': 1, 'C': 'free'}",False,True,True,1.0,3
3642,6,0.0008068850712902751,0.321753177048751,0.005634964609293783,2.1670353626738916,1.000079271762224,1.250895147234754,0.0007131631616374978,1.0,0.05,0.0,0.0,0.26859796129521296,0.43733032384854226,0.4674765055548601,0.050000000000000044,0.050000000000000044,"{'I': 0, 'W': 1, 'R': 0, 'C': 'costly'}",False,True,True,0.6666666666666666,3
3653,1,0.004585077118159125,0.39689544572128194,0.012659379922782314,2.3710901275063434,1.0005671059985553,1.2929719578729812,0.004525291909047935,0.9999999845559008,0.05,0.0,0.050000000000000044,0.01098921074549878,0.005206920798875763,0.08124212300660293,0.0,0.0,"{'I': 1, 'W': 0, 'R': 1, 'C': 'free'}",False,True,True,1.0,3
3653,2,0.5587980804348673,0.5392209804390117,1.6502536313156033,2.503606925278576,1.244204789542959,1.4234931832746909,0.6646173006073557,1.0,0.1,0.050000000000000044,0.050000000000000044,0.11904712296479827,0.1064917586033054,0.04198823624170224,0.050000000000000044,0.0,"{'I': 1, 'W': 0, 'R': 1, 'C': 'free'}",False,True,True,1.0,3
3653,3,0.01314603265972949,0.5697483709894587,0.06523310383906933,2.257497423005637,1.0021776989586006,1.466464713307484,0.012967179440075749,1.0,0.2,0.050000000000000044,0.050000000000000044,0.11912391495870989,0.24434495246646643,0.6781746710144645,0.15000000000000002,0.15000000000000002,"{'I': 1, 'W': 0, 'R': 1, 'C': 'free'}",False,True,True,1.0,3
3653,4,0.5806991272076297,0.5499531197285423,1.5477339051513173,2.4889709704027045,1.2419664721814478,1.433247778994613,0.727516148924607,1.0,0.05,0.9,0.15000000000000002,0.7542755743349681,0.6502670587597327,0.6786617919428655,0.050000000000000044,0.15000000000000002,"{'I': 1, 'W': 0, 'R': 1, 'C': 'free'}",False,True,True,0.6666666666666666,3
3653,5,0.17708616369012584,0.5957761727517055,0.5044710081923375,2.310532902534255,1.0380794593634277,1.5673608656423745,0.2008718783452983,1.0,0.1,0.15000000000000002,0.09999999999999998,0.5912628135615765,0.4993010942645501,0.467879011196159,0.050000000000000044,0.35,"{'I': 1, 'W': 0, 'R': 1, 'C': 'free'}",False,True,True,0.6666666666666666,3
3653,6,0.0021236074427812297,0.43072139683490274,0.007223593799174287,2.096142965831048,1.000211703975881,1.2915502423276366,0.0012692831963353468,1.0,0.0,0.0,0.0,0.06072410604837535,0.09518860652135315,0.22269492326797916,0.0,0.050000000000000044,"{'I': 0, 'W': 1, 'R': 0, 'C': 'costly'}",False,True,True,1.0,3
3687,1,0.1691007085895658,0.49883756559493936,1.1444183117168356,2.3621303254403565,1.0645153705281212,1.4930460344019103,0.4303179039803534,0.999999999999941,0.05,0.050000000000000044,0.050000000000000044,0.43428062065344114,0.2683088460914681,0.2901314467743649,0.050000000000000044,0.050000000000000044,"{'I': 1, 'W': 0, 'R': 1, 'C': 'free'}",False,True,True,1.0,3
3687,2,0.05024533513263804,0.4950845000320543,0.3163454745797274,2.017490139808752,1.0141976273970794,1.381797680846846,0.1066548618976556,1.0,0.15,0.050000000000000044,0.15000000000000002,0.08500453802915475,0.2224047028252191,0.4349784301333113,0.050000000000000044,0.15000000000000002,"{'I': 1, 'W': 0, 'R': 1, 'C': 'free'}",False,True,True,1.0,3
3687,3,0.04772812694823342,0.6100864178636186,0.2557788811843287,2.0218565288929904,1.0105346447406918,1.5178974453345786,0.07073078697005875,1.0,0.5,0.050000000000000044,0.050000000000000044,0.18241993634229042,0.5893473415538305,0.43558293404461756,0.15000000000000002,0.75,"{'I': 1, 'W': 0, 'R': 1, 'C': 'free'}",False,True,True,1.0,3
3687,4,0.010360644652159181,0.5838042318410868,0.029822465874067807,2.698119290380557,1.0015083820502702,1.4905922056252936,0.009002704292881858,1.0,0.2,0.050000000000000044,0.15000000000000002,0.060009503051815495,0.6199204875012886,0.43488805226230104,0.050000000000000044,0.15000000000000002,"{'I': 1, 'W': 0, 'R': 1, 'C': 'free'}",False,True,True,1.0,3
3687,5,0.2532229170194074,0.35587558267135166,0.7994206283239874,2.457485860178234,1.1635147859251591,1.2738811921740465,0.6535850284306055,1.0,0.1,0.050000000000000044,0.5,0.7053678233868566,0.7769714870100586,0.6217918699403271,0.050000000000000044,0.75,"{'I': 1, 'W': 0, 'R': 1, 'C': 'free'}",False,False,True,0.0,3
3687,6,0.21674563883577003,0.3317380828551577,0.8982021378880346,2.146134864631915,1.100528780062301,1.2570660234688957,0.5352827800806037,1.0,0.1,0.0,0.050000000000000044,0.022969814775208732,0.03307310202127004,0.20170221927636797,0.050000000000000044,0.050000000000000044,"{'I': 1, 'W': 0, 'R': 1, 'C': 'free'}",False,True,True,1.0,3
3687,7,0.5228508515205268,0.4018982302421908,1.0338077525617737,2.1991133409861026,1.2008235566946144,1.3702312012678952,0.5994986305889579,0.9999999999999983,0.05,0.050000000000000044,0.050000000000000044,0.4682256278920202,0.37660327844679015,0.10646758353001093,0.15000000000000002,0.050000000000000044,"{'I': 1, 'W': 0, 'R': 1, 'C': 'free'}",False,True,True,0.6666666666666666,3
3696,1,0.029271031470828785,0.2148512226268643,0.14802487589930935,1.1429894845000086,1.005027684682334,1.1729750949976308,0.03449656227417153,0.9999183490346859,0.0,0.0,0.0,0.0024255581579633763,0.0027951621836689367,0.039419297347859615,0.0,0.0,"{'I': 1, 'W': 0, 'R': 1, 'C': 'free'}",False,True,True,1.0,3
3696,2,0.08344890101901162,0.4904212905125775,0.5253195847642389,2.1620736428112264,1.0311747921383885,1.5416729433785836,0.24140598898604793,1.0,0.1,0.050000000000000044,0.050000000000000044,0.0423168828999938,0.13249932146734317,0.4687323918185713,0.050000000000000044,0.15000000000000002,"{'I': 1, 'W': 0, 'R': 1, 'C': 'free'}",False,True,True,0.6666666666666666,3
3696,3,0.12240810178643206,0.3658327826612078,0.7257409135687608,2.0948523968189177,1.0547210127035667,1.2562308626791896,0.34702100175444495,0.9999999999959541,0.1,0.050000000000000044,0.050000000000000044,0.3798570271656543,0.40589431555805333,0.34700180816338555,0.15000000000000002,0.050000000000000044,"{'I': 1, 'W': 0, 'R': 1, 'C': 'free'}",False,True,True,1.0,3
3696,4,0.005612480748956027,0.40248332932971964,0.055200733369761425,1.8255964761584198,1.0008953322417304,1.3070929002139047,0.011566697133437831,0.999999999999999,0.1,0.050000000000000044,0.15000000000000002,0.13324383041135662,0.37597255047916195,0.24341364615537509,0.050000000000000044,0.15000000000000002,"{'I': 1, 'W': 0, 'R': 1, 'C': 'free'}",False,True,True,1.0,3
3696,5,0.002349576807498472,0.2506247210239366,0.009040250288847819,1.5904148287422866,1.000260794038216,1.1567877500811503,0.0023440886594795485,0.9998802510318606,0.05,0.0,0.050000000000000044,0.014050489294144203,0.11897929974419734,0.07586162806031091,0.0,0.050000000000000044,"{'I': 1, 'W': 0, 'R': 1, 'C': 'free'}",False,True,True,1.0,3
3696,6,0.003407561041043154,0.548549456627463,0.013201527588410032,2.3382969776421136,1.0003998103922804,1.420817400570232,0.003989326305304131,1.0,0.1,0.050000000000000044,0.9,0.5916935863406423,0.5610528594517146,0.5299005537665205,0.050000000000000044,0.050000000000000044,"{'I': 1, 'W': 0, 'R': 1, 'C': 'free'}",False,True,True,0.6666666666666666,3
3696,7,0.08750540579750289,0.43569096342401187,0.6670761878647933,1.9347249929126396,1.093919977889755,1.3363649094657348,0.6594559045280171,1.0,,0.050000000000000044,0.15000000000000002,0.22257480661271417,0.4369454654567701,0.2938591915642646,0.15000000000000002,0.050000000000000044,"{'I': 1, 'W': 0, 'R': 1, 'C': 'free'}",False,True,True,0.6666666666666666,3
3725,1,0.007905023315246975,0.2224120089226091,0.05964660915980707,1.3601093958381234,1.0012715201747042,1.2070037567798473,0.012626730153657229,0.9999178573123989,0.05,0.0,0.0,0.0027602631230241523,0.015856316101096668,0.06499262148504965,0.0,0.0,"{'I': 1, 'W': 0, 'R': 1, 'C': 'free'}",False,True,True,1.0,3
3725,2,0.0011491193254162784,0.4336638919377053,0.005410913213822426,1.882003467612187,1.0001255113104857,1.3072240701141682,0.0012542471197636296,0.9999999999999987,0.05,0.0,0.050000000000000044,0.029454700785802614,0.1065638203015174,0.08509072659725708,0.0,0.050000000000000044,"{'I': 1, 'W': 0, 'R': 1, 'C': 'free'}",False,True,True,1.0,3
3725,3,0.009603839994284671,0.2802406161900011,0.07076438188139278,1.9420846968407555,1.0016394658355623,1.1818824329357824,0.0162477910210459,0.9999995893577984,0.0,0.0,0.0,0.0007044127734276817,0.0004874650451619594,0.053404280427532896,0.0,0.0,"{'I': 0, 'W': 1, 'R': 0, 'C': 'costly'}",False,True,True,1.0,3
3738,1,0.000676923345463682,0.39014307394718367,0.0047171522288498805,1.7465565880991367,1.0000763222851736,1.2925588707890916,0.000610368631444147,0.9999955292124063,0.0,0.0,0.0,0.0008958289779698333,0.003159561029815146,0.0908696552465855,0.0,0.0,"{'I': 1, 'W': 0, 'R': 1, 'C': 'free'}",False,True,True,1.0,3
3738,2,0.0007087912918455773,0.2936028204064308,0.0024576925119552647,1.9081635502028595,1.0000679117890814,1.2165138093754422,0.0004752534135636921,0.9999986605576782,0.05,0.0,0.050000000000000044,0.009741517611628756,0.02587557934625086,0.004608612830260293,0.0,0.0,"{'I': 1, 'W': 0, 'R': 1, 'C': 'free'}",False,True,True,1.0,3
3738,3,0.024392865405211506,0.21275344441028557,0.20896116372130347,1.543554187389758,1.0058095811615906,1.1062099311548084,0.05079922277044224,0.998585642984029,0.0,0.0,0.0,0.004069316494639513,0.017947983438564078,0.029224574709783558,0.0,0.0,"{'I': 0, 'W': 1, 'R': 0, 'C': 'costly'}",False,True,True,1.0,3
3750,1,0.08316239144841497,0.35388514342417715,0.47333690080646523,1.5242555574660483,1.0268421406581507,1.3067771335788787,0.14694329761848157,0.9999994689718152,0.0,0.0,0.0,0.001248838847954438,0.0031340755724107903,0.21234850187683907,0.0,0.0,"{'I': 1, 'W': 0, 'R': 1, 'C': 'free'}",False,True,True,1.0,3
3750,2,0.007478459439467254,0.37701214730811616,0.0396428113672488,1.7199640364125317,1.0010731350618243,1.31333155580968,0.008543770080179813,0.9999999996611171,0.05,0.050000000000000044,0.050000000000000044,0.017986971825988796,0.03719000482514528,0.033087634159543466,0.0,0.0,"{'I': 1, 'W': 0, 'R': 1, 'C': 'free'}",False,True,True,1.0,3
3750,3,0.002070431716403157,0.5228461092466143,0.009679822678334513,2.3465211363789207,1.0002244793459427,1.4449956829759683,0.0020180483847103137,1.0,0.05,0.050000000000000044,0.050000000000000044,0.3205510372011597,0.49970756906453917,0.4371411860744679,0.15000000000000002,0.050000000000000044,"{'I': 1, 'W': 0, 'R': 1, 'C': 'free'}",False,True,True,0.3333333333333333,3
3750,4,0.001820189191868736,0.7494847622604708,0.003974851009209986,2.101601905085036,1.0001728922729516,1.7340469407420163,0.0008640131695065723,1.0,0.1,0.050000000000000044,0.050000000000000044,0.07579080706885957,0.24476791444085408,0.16421977385185163,0.050000000000000044,0.15000000000000002,"{'I': 1, 'W': 0, 'R': 1, 'C': 'free'}",False,True,True,1.0,3
3750,5,0.016860109647694205,0.4216578281867493,0.1471870298421063,1.8031948087333205,1.0035807294985561,1.272991801977828,0.03165708707133563,0.9999995966909347,0.0,0.0,0.0,0.008575987273068632,0.025915613293428605,0.01402064331089845,0.0,0.0,"{'I': 0, 'W': 1, 'R': 0, 'C': 'costly'}",False,True,True,0.6666666666666666,3
3760,1,0.13205456885013836,0.25464475762623634,0.8064528047823659,1.3642575702097581,1.0848437549060213,1.1939199066416957,0.5570771684592726,0.9999831135635816,0.05,0.0,0.050000000000000044,0.00857664137776204,0.014015679777909363,0.05339848141926796,0.0,0.0,"{'I': 1, 'W': 0, 'R': 1, 'C': 'free'}",False,True,True,1.0,3
3760,2,0.00047749234315671104,0.254749770211526,0.0017343433020810622,1.9115916431931597,1.0000429480160284,1.1680936715166914,0.0003005844719546902,0.9999779178833651,0.0,0.0,0.0,0.0019262657704020843,0.0031538938379965524,0.022976259918641155,0.0,0.0,"{'I': 0, 'W': 1, 'R': 0, 'C': 'costly'}",False,True,True,1.0,3
3805,1,0.002320816522608461,0.1936619025160536,0.00675778250189265,1.100112060373066,1.0002562376122373,1.0909708496383816,0.0015360478030308489,0.9871369880618615,0.0,0.0,0.0,0.0006794894464715436,0.0027800878506167182,0.1311494727582511,0.0,0.0,"{'I': 1, 'W': 0, 'R': 1, 'C': 'free'}",False,True,True,1.0,3
3805,2,0.007904316673647832,0.2135453211734258,0.041522128099337766,1.4293697882117178,1.001244027977969,1.1210277613850859,0.0074317756637961585,0.9996636013367622,0.05,0.0,0.0,0.036964421024955695,0.01575669696925926,0.005907663247400661,0.0,0.0,"{'I': 1, 'W': 0, 'R': 1, 'C': 'free'}",False,True,True,1.0,3
3805,3,0.0011043349909358989,0.5459970907034354,0.007149499436208737,2.1903454775360838,1.0001247585643203,1.4365680505872704,0.0009975084183249106,1.0,0.05,0.0,0.050000000000000044,0.18241718158673512,0.3199502831576967,0.29327747148478983,0.050000000000000044,0.050000000000000044,"{'I': 1, 'W': 0, 'R': 1, 'C': 'free'}",False,True,True,1.0,3
3805,4,0.02521913166069349,0.3571910813292766,0.17539947769302075,1.7116940197729094,1.0061865120833147,1.237687930466154,0.04225352819805517,0.9999999517253997,0.05,0.0,0.0,0.0013269742198274384,0.008558625881383307,0.012387614647091576,0.0,0.0,"{'I': 1, 'W': 0, 'R': 1, 'C': 'free'}",False,True,True,1.0,3
3805,5,0.0005818441814954979,0.24507547633272303,0.0011253412448366496,1.5141363747407792,1.000050997080782,1.1503035897138478,0.00025494639801837415,0.9998524925110962,0.0,0.0,0.0,0.0031562421102769266,0.007559920835416377,0.01585722698061947,0.0,0.0,"{'I': 0, 'W': 1, 'R': 0, 'C': 'costly'}",False,True,True,1.0,3
3807,1,0.019214746345667586,0.2561486564519627,0.10422845323388308,0.9958181274901589,1.0030013518333634,1.2004337682217896,0.017820444512322675,0.9999480318802851,0.0,0.0,0.050000000000000044,0.003213531585118032,0.012316416488501788,0.1019581546689543,0.0,0.0,"{'I': 1, 'W': 0, 'R': 1, 'C': 'free'}",False,True,True,1.0,3
3807,2,0.0005321130162271598,0.15752486720540446,0.0027352822774861507,1.33807939776572,1.0000523649480337,1.0864401967225648,0.0005234986970944489,0.9981653329481224,0.0,0.0,0.0,0.0052172737751019,0.01406069941180962,0.0035928346140747455,0.0,0.0,"{'I': 1, 'W': 0, 'R': 1, 'C': 'free'}",False,True,True,1.0,3
3807,3,0.09652411992977232,0.1563731764426609,0.4216540741619697,1.5439542047116865,1.0313312764829896,1.1060039995316098,0.19422705639021365,0.9997144333379524,0.0,0.0,0.0,0.012623794121767486,0.029221979660056373,0.08479738623046268,0.0,0.0,"{'I': 0, 'W': 1, 'R': 0, 'C': 'costly'}",False,True,True,1.0,3
3808,1,0.002195203863712804,0.3348825881603646,0.015069457061533805,2.1001050986149354,1.0002630558124355,1.2384688006667826,0.0021019575412921654,0.9999985931734157,0.05,0.0,0.050000000000000044,0.34856649188236194,0.49591068970505237,0.5310181964997736,0.0,0.0,"{'I': 1, 'W': 0, 'R': 1, 'C': 'free'}",False,True,True,0.0,3
3808,2,0.026843761850604216,0.3672473726830125,0.2107031609337181,2.010107462497838,1.0069594534922766,1.224592856918481,0.053971691694670754,0.9999997945864261,0.05,0.050000000000000044,0.050000000000000044,0.025670943367072204,0.11919409441459991,0.6223318354394047,0.0,0.0,"{'I': 1, 'W': 0, 'R': 1, 'C': 'free'}",False,True,True,1.0,3
3808,3,0.11352430821679763,0.5264354482832792,0.6759358621179731,2.4845579835031346,1.0420106669444282,1.4398121424738168,0.3095209330833767,1.0,0.1,0.050000000000000044,0.050000000000000044,0.6210533872913289,0.6783741707094662,0.6213386619227618,0.5,0.050000000000000044,"{'I': 1, 'W': 0, 'R': 1, 'C': 'free'}",False,True,True,0.0,3
3808,4,0.034348609229965396,0.4549337441176175,0.18175338224495124,2.0854696551944945,1.006279081364993,1.3835027349046187,0.0428700908263383,1.0,0.05,0.0,0.050000000000000044,0.14780896671059293,0.11912745873460041,0.32005266409075345,0.0,0.050000000000000044,"{'I': 0, 'W': 1, 'R': 0, 'C': 'costly'}",False,True,True,1.0,3
3819,1,0.0005652327434010678,0.18302686284753944,0.0011617237056337428,0.9034230441263883,1.000050543942613,1.0719566879831246,0.00030321001441602213,0.9420927109555493,0.0,0.0,0.050000000000000044,0.0024388974174841403,0.01403688739411185,0.11919624399403256,0.0,0.0,"{'I': 1, 'W': 0, 'R': 1, 'C': 'free'}",False,True,True,1.0,3
3819,2,0.11278661189653778,0.49751724643848455,0.6693998126824476,1.9679126302177232,1.0824890949321286,1.3526261413535334,0.3784746878013654,0.9999999549137084,0.05,0.0,0.0,0.0058463324082826005,0.02291654860333367,0.02595835519373091,0.0,0.0,"{'I': 1, 'W': 0, 'R': 1, 'C': 'free'}",False,True,True,1.0,3
3819,3,0.0010355010168569922,0.19143548887109502,0.0036160009677757834,1.291335859986502,1.0001029481187156,1.1210409188494923,0.0006174662087619076,0.9998652509435652,0.0,0.0,0.0,0.00406756359377673,0.0021782233004805007,0.005887512579387092,0.0,0.0,"{'I': 0, 'W': 1, 'R': 0, 'C': 'costly'}",False,True,True,0.6666666666666666,3
3824,1,0.0027361539004976164,0.2736588879300283,0.012139766598486524,1.5669997366498156,1.0003405438927306,1.226579945183544,0.0023805633996969444,0.9999974167832714,0.05,0.0,0.0,0.00243684048514367,0.006692295742539779,0.040927837197250835,0.0,0.0,"{'I': 1, 'W': 0, 'R': 1, 'C': 'free'}",False,True,True,1.0,3
3824,2,0.03222035530603179,0.31217585165785716,0.2688844419604638,1.9569620046511833,1.0090738769006184,1.2487846083485425,0.07807979956262623,1.0,0.05,0.050000000000000044,0.050000000000000044,0.04722702089222553,0.03721533322518688,0.10671777075417965,0.0,0.0,"{'I': 1, 'W': 0, 'R': 1, 'C': 'free'}",False,True,True,1.0,3
3824,3,0.003937739614735391,0.2996814443209848,0.019735343288768782,2.0178825034047008,1.0005335984374055,1.1863037452643133,0.0031956198491703836,0.9999946037632806,0.0,0.0,0.0,0.004088151186296429,0.0035910600233960426,0.01587623928021104,0.0,0.0,"{'I': 0, 'W': 1, 'R': 0, 'C': 'costly'}",False,True,True,1.0,3
3873,1,0.13311861910883857,0.39095236091217445,0.49136537373207023,1.5978452978125273,1.390475644306579,1.3233935817580786,0.861637091314585,0.9999991767176645,0.05,0.050000000000000044,0.050000000000000044,0.22269172580313681,0.11920220141923786,0.14734036374480602,0.050000000000000044,0.0,"{'I': 1, 'W': 0, 'R': 1, 'C': 'free'}",False,True,True,1.0,3
3873,2,0.006879910471045054,0.33727542730653903,0.03643512645981895,1.2240437496946843,1.0010199840878125,1.2193186403229783,0.007110847234096829,0.999989879507701,0.05,0.050000000000000044,0.050000000000000044,0.0024313935274813507,0.006674907326134371,0.005303217977703713,0.0,0.0,"{'I': 1, 'W': 0, 'R': 1, 'C': 'free'}",False,True,True,1.0,3
3873,3,0.0018344513242200815,0.3444339752881585,0.004402704492530911,1.8246985200197208,1.000189189466775,1.2548332508388185,0.0011343855339558395,0.9999990311581519,0.05,0.0,0.0,0.0028001827345080044,0.022950672314805715,0.010934518332804923,0.0,0.0,"{'I': 1, 'W': 0, 'R': 1, 'C': 'free'}",False,True,True,1.0,3
3873,4,0.0695151364589571,0.577072366894358,0.28193575189589387,2.680446882072049,1.0163217696880003,1.5108800609365165,0.12148299239937232,1.0,0.1,0.9,0.050000000000000044,0.6501676238961156,0.7040352309624411,0.4060989959413311,0.6699999999999999,0.15000000000000002,"{'I': 1, 'W': 0, 'R': 1, 'C': 'free'}",False,True,True,0.6666666666666666,3
3873,5,0.2605362046101122,0.3386099820064624,1.5189685663611538,1.8892740660436889,1.1204270950818833,1.2120832465390718,0.8183455844640954,0.9999999999986248,0.0,0.0,0.050000000000000044,0.05328517250385352,0.09535101273177528,0.10670003993453436,0.0,0.050000000000000044,"{'I': 0, 'W': 1, 'R': 0, 'C': 'costly'}",False,True,True,1.0,3
3913,1,0.09651185734263437,0.3315676208458074,0.6519212501652826,1.66197139958687,1.1630566983895265,1.2265574746133583,0.6526288135992127,0.999999999856899,0.05,0.050000000000000044,0.050000000000000044,0.009709030502577922,0.023204740208931676,0.11555814798938777,0.050000000000000044,0.050000000000000044,"{'I': 1, 'W': 0, 'R': 1, 'C': 'free'}",False,True,True,1.0,3
3913,2,0.012720354566672934,0.4557955809858366,0.0391486363043623,2.3475323779061767,1.0017158476122558,1.3304879804285776,0.010233540685798403,0.9999999999837428,0.05,0.050000000000000044,0.050000000000000044,0.1206943966735496,0.18189542989851318,0.09514628872895316,0.0,0.0,"{'I': 1, 'W': 0, 'R': 1, 'C': 'free'}",False,True,True,1.0,3
3913,3,0.23034271802390363,0.5157377242290876,0.9882823683335021,2.0753766698675253,1.1376838906467994,1.5451489159928387,0.6436907220775878,1.0,0.05,0.050000000000000044,0.050000000000000044,0.34860755334581167,0.3467773769364435,0.32079424020262126,0.050000000000000044,0.050000000000000044,"{'I': 1, 'W': 0, 'R': 1, 'C': 'free'}",False,True,True,0.0,3
3913,4,0.12353946127937908,0.47144886226004235,0.3934707489838615,2.608743202434566,1.035272103488641,1.3850643515131538,0.24218376190809232,1.0,0.15,0.050000000000000044,0.050000000000000044,0.01242802016195886,0.09532172014191058,0.730924781591882,0.050000000000000044,0.050000000000000044,"{'I': 1, 'W': 0, 'R': 1, 'C': 'free'}",False,True,True,0.6666666666666666,3
3913,5,0.07574370289375479,0.5036392082395403,0.4109364600087692,2.606429740159972,1.0223545014291893,1.3895928035077723,0.19834987481560173,1.0,0.5,0.15000000000000002,0.050000000000000044,0.4070061939787516,0.6221332150332152,0.6511129018999021,0.65,0.75,"{'I': 1, 'W': 0, 'R': 1, 'C': 'free'}",False,True,True,0.3333333333333333,3
3913,6,0.10796264243049748,0.518544862985994,0.613273882382933,2.7560684398706443,1.1964834788629697,1.4344198815822198,0.7151258407418193,1.0,0.2,0.050000000000000044,0.050000000000000044,0.08504267217763396,0.5301971454789376,0.6206658454003531,0.050000000000000044,0.050000000000000044,"{'I': 1, 'W': 0, 'R': 1, 'C': 'free'}",False,True,True,1.0,3
3913,7,0.1805171726175594,0.370795858007099,1.1404392135472297,2.3019205253995882,1.1361155233182905,1.29402156758868,0.6397366782206294,0.9999999999999868,0.05,0.050000000000000044,0.050000000000000044,0.003170050311502174,0.07579630089796524,0.09520903351362911,0.050000000000000044,0.050000000000000044,"{'I': 1, 'W': 0, 'R': 1, 'C': 'free'}",False,True,True,1.0,3
3917,1,0.1345148541168131,0.3173447243223313,0.7010634226240953,2.035304247746991,1.079832938679542,1.2340217688647976,0.3692451842796389,0.9999982353349731,0.05,0.0,0.050000000000000044,0.008576915635495262,0.05341244500381661,0.11756082923247639,0.0,0.0,"{'I': 1, 'W': 0, 'R': 1, 'C': 'free'}",False,True,True,1.0,3
3917,2,0.1624372628556169,0.40718296398924847,0.5917571573278643,1.9021043272787779,1.0631139557276699,1.3488844902717751,0.38713976147709117,1.0,0.15,0.050000000000000044,0.15000000000000002,0.4053604540511704,0.292839660633429,0.3184932264591731,0.050000000000000044,0.15000000000000002,"{'I': 1, 'W': 0, 'R': 1, 'C': 'free'}",False,True,True,1.0,3
3917,3,0.02376967065607748,0.3532870061243198,0.09370122716002192,2.3633857995384404,1.0041414285426071,1.237314395857998,0.024492332216581203,0.9999999999999996,0.05,0.050000000000000044,0.050000000000000044,0.5610093951707404,0.43703158182043433,0.3186019327910024,0.050000000000000044,0.050000000000000044,"{'I': 1, 'W': 0, 'R': 1, 'C': 'free'}",False,True,True,1.0,3
3917,4,0.0015319322937619052,0.3563550632409296,0.00494278207481178,2.501429333854182,1.0001507850666411,1.2782095875658706,0.0009042331329014441,1.0,0.1,0.0,0.050000000000000044,0.14797815758433763,0.2940397356150396,0.6511531695692373,0.050000000000000044,0.15000000000000002,"{'I': 0, 'W': 1, 'R': 0, 'C': 'costly'}",False,True,True,1.0,3
3983,1,0.002182887070010935,0.3835681309930962,0.005547116108221349,1.9546197196367177,1.000240249110901,1.2906050811449203,0.0023993195774500986,0.9999999999996978,0.05,0.0,0.050000000000000044,0.0010083181907947867,0.0019238480147887912,0.02529322638367183,0.0,0.0,"{'I': 1, 'W': 0, 'R': 1, 'C': 'free'}",False,True,True,1.0,3
3983,2,0.0017493694532189185,0.28978675302568724,0.005186104451030301,1.5447718118798963,1.0001928870462977,1.2399999403963289,0.0011565413658273238,0.9999999823801639,0.05,0.0,0.050000000000000044,0.04208614883482374,0.04198162184265218,0.009660945751868317,0.0,0.0,"{'I': 1, 'W': 0, 'R': 1, 'C': 'free'}",False,True,True,1.0,3
3983,3,0.019205729899289526,0.2666519404686186,0.09723421883328628,1.9997717422467998,1.0031775623027825,1.214427912662026,0.021962896614971417,0.9999999006551104,0.0,0.0,0.0,0.04742333911849752,0.0372801204328787,0.04187625977625071,0.0,0.0,"{'I': 0, 'W': 1, 'R': 0, 'C': 'costly'}",False,True,True,1.0,3
3991,1,0.005012886614323175,0.30524439101130457,0.009697872163263536,1.7328430732398874,1.0005930096408266,1.2297051511167594,0.0035506846384095736,0.9999999993076929,0.05,0.050000000000000044,0.050000000000000044,0.006493882236373339,0.029245232003580184,0.10594139941577946,0.0,0.050000000000000044,"{'I': 1, 'W': 0, 'R': 1, 'C': 'free'}",False,True,True,1.0,3
3991,2,0.0009736715615545311,0.1975673543014293,0.00342262842624534,1.7028418819231717,1.000098072683059,1.0935340316462276,0.000784235320595017,0.997498297356694,0.05,0.0,0.0,0.03308261698556248,0.02028307767853565,0.015868047345575977,0.0,0.0,"{'I': 1, 'W': 0, 'R': 1, 'C': 'free'}",False,True,True,1.0,3
3991,3,0.002723969319585159,0.28492523659810687,0.011894882282035276,2.086255286654249,1.0003239596843767,1.2367185048584783,0.002910920019394636,0.9999999999999211,0.1,0.050000000000000044,0.050000000000000044,0.24507705479181896,0.5612954861353531,0.32013122226936525,0.050000000000000044,0.050000000000000044,"{'I': 1, 'W': 0, 'R': 1, 'C': 'free'}",False,True,True,1.0,3
3991,4,0.0038833883470897413,0.39520282725879413,0.0206327573061263,2.2816717924588694,1.0004539969454473,1.3500419126658234,0.0040767128326678614,1.0,0.05,0.0,0.050000000000000044,0.06748979220493234,0.18230753887671147,0.4685022556130696,0.050000000000000044,0.15000000000000002,"{'I': 0, 'W': 1, 'R': 0, 'C': 'costly'}",False,True,True,1.0,3
3992,1,0.015645993222732572,0.33108563077915176,0.11903845110374206,1.4815897699397578,1.0031287290936077,1.2081839267218026,0.024681074551404336,0.9999919136847377,0.0,0.0,0.050000000000000044,0.0008689530663250192,0.0035879286165685286,0.0614091605957191,0.0,0.0,"{'I': 1, 'W': 0, 'R': 1, 'C': 'free'}",False,True,True,1.0,3
3992,2,0.009868842147676369,0.39246719141087316,0.029983516312458124,1.9083048698591107,1.0013958009351676,1.282837283039606,0.008334043954288606,0.9999999999992331,0.05,0.050000000000000044,0.050000000000000044,0.05973011682947198,0.2006565635457553,0.06733517741931969,0.050000000000000044,0.050000000000000044,"{'I': 1, 'W': 0, 'R': 1, 'C': 'free'}",False,True,True,1.0,3
3992,3,0.1336609283989478,0.49137193974960597,0.4713604625677309,2.1726171160685444,1.0422302216315418,1.3951771009450915,0.21977829768755197,1.0,0.05,0.0,0.050000000000000044,0.16438258030695246,0.3481357498507435,0.2937691589855733,0.050000000000000044,0.050000000000000044,"{'I': 0, 'W': 1, 'R': 0, 'C': 'costly'}",False,True,True,1.0,3
4025,1,0.03433597453139417,0.39420588180316507,0.2942014336062526,1.9248181123414847,1.0101857439192639,1.270350503463737,0.08717214904615966,1.0,0.05,0.050000000000000044,0.050000000000000044,0.06045036683169856,0.5291124202433795,0.1824008036662085,0.0,0.050000000000000044,"{'I': 1, 'W': 0, 'R': 1, 'C': 'free'}",False,True,True,1.0,3
4025,2,0.060445778309632714,0.4736580220997362,0.4515579306615046,2.316473957636707,1.02209213844535,1.3998694590104799,0.17853404493805192,1.0,0.2,0.050000000000000044,0.15000000000000002,0.13274528338506672,0.5594867335984792,0.6772357356130039,0.050000000000000044,0.15000000000000002,"{'I': 1, 'W': 0, 'R': 1, 'C': 'free'}",False,True,True,0.3333333333333333,3
4025,3,0.07361050143229604,0.632469840179821,0.3669924520068297,2.7057209834981246,1.0215843651151622,1.6024757601811042,0.22605669365273728,1.0,0.2,0.9,0.7,0.46778829917304315,0.6501521752560429,0.834764599737082,0.15000000000000002,0.75,"{'I': 1, 'W': 0, 'R': 1, 'C': 'free'}",False,True,True,1.0,3
4025,4,0.2165219828593808,0.4960645050450269,1.440236347371788,2.524060574635268,1.106576860510895,1.443183416822429,0.6367679556339627,1.0,0.2,0.9,0.5,0.8351921287837095,0.7975217810495363,0.8667659680411637,0.6699999999999999,0.65,"{'I': 1, 'W': 0, 'R': 1, 'C': 'free'}",False,True,True,0.0,3
4025,5,0.07264232228087739,0.609641672269178,0.35715737548213766,2.625069701739272,1.0172013282828707,1.5276051724634272,0.19885697118583623,1.0,0.4,0.85,0.5,0.8659346609340822,0.9140529964115004,0.8791958656073864,0.85,0.75,"{'I': 1, 'W': 0, 'R': 1, 'C': 'free'}",False,True,True,1.0,3
4025,6,0.280035614062308,0.4712304263548329,0.921130912289222,2.5978914927744987,1.3504247581284854,1.3738208066141557,0.835116327963123,1.0,0.3,0.25,0.7,0.08503202084053091,0.2225022251389283,0.7980394414219529,0.050000000000000044,0.75,"{'I': 1, 'W': 0, 'R': 1, 'C': 'free'}",False,True,True,0.6666666666666666,3
4025,7,0.006501767597682348,0.5052762853557563,0.04188675831603866,2.260173957373014,1.0008979116462637,1.4612022510160776,0.008045042905370559,1.0,0.2,0.050000000000000044,0.15000000000000002,0.0850520240396817,0.4666647645015474,0.724951683842509,0.15000000000000002,0.25,"{'I': 1, 'W': 0, 'R': 1, 'C': 'free'}",False,True,True,1.0,3
4029,1,0.07736499013502576,0.33793944218226507,0.41050680455877103,1.5297756166588188,1.0196104324890811,1.3141195839063489,0.10999104317907327,0.9999999950391296,0.05,0.0,0.050000000000000044,0.022979188672588052,0.016006100745606017,0.11802713494373192,0.0,0.0,"{'I': 1, 'W': 0, 'R': 1, 'C': 'free'}",False,True,True,1.0,3
4029,2,0.011333630760361764,0.4637071316544839,0.0364470050864555,1.7590193320925498,1.0015861995823867,1.4340180851780329,0.012599496440760194,0.9999999999999999,0.2,0.35,0.15000000000000002,0.4072662511524307,0.405116742234717,0.22172504162087986,0.5,0.15000000000000002,"{'I': 1, 'W': 0, 'R': 1, 'C': 'free'}",False,True,True,0.6666666666666666,3
4029,3,0.08015118987694299,0.3578090661933116,0.6421998730659747,2.2537679157288997,1.0382309823063933,1.303359496746425,0.28656544962856834,1.0,0.2,0.050000000000000044,0.050000000000000044,0.16433917443077836,0.222087744287997,0.20098613803181647,0.15000000000000002,0.15000000000000002,"{'I': 1, 'W': 0, 'R': 1, 'C': 'free'}",False,True,True,1.0,3
4029,4,0.020136820851703322,0.26066190332731226,0.07184153409905825,2.0022376848310497,1.0031624609954595,1.2124118184158512,0.018766500282094256,0.9999999999889889,0.05,0.050000000000000044,0.050000000000000044,0.0373289457980105,0.10668751788479071,0.14804628491139024,0.050000000000000044,0.15000000000000002,"{'I': 1, 'W': 0, 'R': 1, 'C': 'free'}",False,True,True,1.0,3
4029,5,0.10095742422683796,0.4723358498979347,0.3752889822645161,2.0533317448221236,1.0221617129966944,1.419223976656191,0.16084319030823424,1.0,0.1,0.15000000000000002,0.050000000000000044,0.436917702518617,0.49812925058082536,0.3756216788396205,0.15000000000000002,0.050000000000000044,"{'I': 1, 'W': 0, 'R': 1, 'C': 'free'}",False,True,True,1.0,3
4029,6,0.01524135431550128,0.5905068482050192,0.042986217495228844,2.208592948624459,1.0024136750582966,1.547591085866723,0.019101346946777675,1.0,0.2,0.050000000000000044,0.4,0.3479977696679239,0.5300522731698538,0.3203905308003928,0.35,0.050000000000000044,"{'I': 1, 'W': 0, 'R': 1, 'C': 'free'}",False,True,True,0.0,3
4029,7,0.006982126538924129,0.5681826334935305,0.04178651138308191,2.3573681711609527,1.001041870495336,1.4695913468147654,0.009328173246346716,1.0,0.2,0.050000000000000044,0.15000000000000002,0.26877839399861836,0.43691885173035566,0.3765825790053528,0.15000000000000002,0.25,"{'I': 1, 'W': 0, 'R': 1, 'C': 'free'}",False,True,True,0.0,3
4050,1,0.0031668488067227068,0.27188899751804585,0.00977337992236133,1.3158623886227019,1.0003611293542323,1.154326488336848,0.0025242578286677197,0.9981905820571404,0.0,0.0,0.0,0.0037905296696315767,0.0024704043662587983,0.0404322065218373,0.0,0.0,"{'I': 1, 'W': 0, 'R': 1, 'C': 'free'}",False,True,True,1.0,3
4050,2,0.03620703547197355,0.5588151746581133,0.17533980735133822,2.121794092403852,1.0075739206226448,1.5125848796998433,0.051447060687912605,1.0,0.2,0.050000000000000044,0.15000000000000002,0.319378511278138,0.3475814943840192,0.46609917367789916,0.050000000000000044,0.15000000000000002,"{'I': 1, 'W': 0, 'R': 1, 'C': 'free'}",False,True,True,1.0,3
4050,3,0.005456735118906783,0.41054984665324984,0.019397429775014904,1.958062068444027,1.0006952213424305,1.3250707646365358,0.004853044257961958,0.9999999536920376,0.05,0.0,0.050000000000000044,0.07636037437314894,0.37632058732064116,0.37750289610098675,0.0,1.0,"{'I': 1, 'W': 0, 'R': 1, 'C': 'free'}",False,True,True,1.0,3
4050,4,0.016398231075111954,0.40620078293759915,0.04506615395427802,2.073339358843221,1.002273726876172,1.3002421110596933,0.013534449660858594,0.9999788647848152,0.0,0.0,0.050000000000000044,0.025954045770811607,0.43777678601856246,0.22074024831906922,0.0,0.0,"{'I': 0, 'W': 1, 'R': 0, 'C': 'costly'}",False,True,True,1.0,3
4052,1,0.012686601133617924,0.31824554615217854,0.06441027879740364,1.6505826802046126,1.0019898609065403,1.2436412412949402,0.021629377685980278,0.9999999996607746,0.05,0.050000000000000044,0.050000000000000044,0.053409604743721306,0.1187827850622413,0.17809217338862984,0.050000000000000044,0.050000000000000044,"{'I': 1, 'W': 0, 'R': 1, 'C': 'free'}",False,True,True,1.0,3
4052,2,0.008712732840990845,0.25872391729558814,0.02395772000964948,1.7543648526758082,1.0011199998012996,1.1684238600862762,0.006693734895250825,0.9999994833918918,0.05,0.0,0.0,0.003592107561769074,0.02292149274048687,0.005911285475740248,0.0,0.0,"{'I': 1, 'W': 0, 'R': 1, 'C': 'free'}",False,True,True,1.0,3
4052,3,0.0033253294122054813,0.1806469807897734,0.025292495265032487,1.6061240947102722,1.0004021074371978,1.1384188014406873,0.004412528812063887,0.9999999083267687,0.0,0.0,0.0,0.002168443647861607,0.02591967915417557,0.005212402871218292,0.0,0.0,"{'I': 0, 'W': 1, 'R': 0, 'C': 'costly'}",False,True,True,1.0,3
407,1,0.007776901103495146,0.5847181098059918,0.037307141233905765,2.4229198536504204,1.0010799164331863,1.4414077455223953,0.007526866392538745,1.0,0.05,0.050000000000000044,0.09999999999999998,0.033086810344947544,0.20035382863724666,0.16447526993687786,0.050000000000000044,0.050000000000000044,"{'I': 1, 'W': 0, 'R': 1, 'C': 'free'}",False,True,True,1.0,3
407,2,0.01921171715258056,0.7576580746511955,0.1325707557292099,2.3132672674782944,1.0040457795755573,1.629416853283774,0.03178483579543678,0.9999999999999731,0.05,0.050000000000000044,0.15000000000000002,0.1062666227959561,0.40150761584383815,0.18108275617378009,0.050000000000000044,0.15000000000000002,"{'I': 1, 'W': 0, 'R': 1, 'C': 'free'}",False,True,True,1.0,3
407,3,0.24697763553551094,0.5734480176781541,0.6961027450612413,2.223562317398409,1.0762951641612963,1.5401408596114947,0.30762232649630505,1.0,0.1,0.050000000000000044,0.050000000000000044,0.3771442882699141,0.6788783815539652,0.4992152540019088,0.15000000000000002,0.75,"{'I': 1, 'W': 0, 'R': 1, 'C': 'free'}",False,True,True,0.3333333333333333,3
407,4,0.016833622607126095,0.6493884880679731,0.11376530548067174,2.078143480700585,1.003454450876681,1.5735715292158199,0.023850458705814814,1.0,0.05,0.9,0.35,0.24479985558393555,0.8164206329449977,0.7523527568348974,0.050000000000000044,0.65,"{'I': 1, 'W': 0, 'R': 1, 'C': 'free'}",True,True,True,0.0,3
407,5,0.004421475862547447,0.4857576525547228,0.01082219966874712,2.4710083576543083,1.0004967038605574,1.381659819252142,0.0034700292925395892,1.0,0.1,0.15000000000000002,0.5,0.32048504517929416,0.6220350977958526,0.7055310791517694,0.15000000000000002,0.75,"{'I': 0, 'W': 1, 'R': 0, 'C': 'costly'}",False,True,True,0.6666666666666666,3
4073,1,0.15831875568693352,0.4297900880114288,0.895567066219853,1.668391444775662,1.1116874513339687,1.3814018362801428,0.7193225260873071,0.9999999999999999,0.05,0.050000000000000044,0.050000000000000044,0.5279680240887878,0.43633797321492107,0.3704698572593536,0.050000000000000044,0.050000000000000044,"{'I': 1, 'W': 0, 'R': 1, 'C': 'free'}",False,True,True,1.0,3
4073,2,0.009241299631722807,0.5223265436859672,0.05772054405214275,2.4692438391921336,1.0014434227983828,1.4045484430177153,0.012897543131881184,1.0,0.2,0.4,0.15000000000000002,0.4664040277666089,0.5903189274726218,0.24403633530211236,0.5,0.15000000000000002,"{'I': 1, 'W': 0, 'R': 1, 'C': 'free'}",False,True,True,1.0,3
4073,3,0.009610717745408032,0.4893232715989759,0.05011238059861689,2.2178228986831154,1.0015104417528038,1.3608183000087974,0.013491877251526785,1.0,0.1,0.050000000000000044,0.050000000000000044,0.06783834557659568,0.14783655027173667,0.6206253650978955,0.050000000000000044,0.050000000000000044,"{'I': 1, 'W': 0, 'R': 1, 'C': 'free'}",False,True,True,1.0,3
4073,4,0.20625883735093076,0.6048150751710385,1.857182779679065,2.8456674858858233,1.2101256042484774,1.4789651795947532,0.8986007832915439,1.0,0.2,0.050000000000000044,0.15000000000000002,0.5305651379541757,0.7538806714156566,0.6208891828402445,0.6699999999999999,0.15000000000000002,"{'I': 1, 'W': 0, 'R': 1, 'C': 'free'}",False,True,True,0.0,3
4073,5,0.009173702174563338,0.5218424569718779,0.04487925501968196,2.390949972781804,1.001297665558945,1.4016559361018224,0.012884517835488496,1.0,0.2,0.15000000000000002,0.050000000000000044,0.20141805336407578,0.4673023997811261,0.61969816557095,0.15000000000000002,0.050000000000000044,"{'I': 1, 'W': 0, 'R': 1, 'C': 'free'}",False,True,True,1.0,3
4073,6,0.07698282532657673,0.42662736305088883,0.4982345749649322,2.3064539082648556,1.0187858489266484,1.3822350983746328,0.18513051113539059,1.0,0.2,0.050000000000000044,0.7,0.1644268113321051,0.530948881654467,0.8667617876856533,0.050000000000000044,0.75,"{'I': 1, 'W': 0, 'R': 1, 'C': 'free'}",False,True,True,1.0,3
4073,7,0.0027967032948589855,0.3963069537660488,0.015006075722451821,1.6759947596883091,1.000343116994987,1.2280541114121981,0.0027407025489148973,0.9999999516757949,0.15,0.050000000000000044,0.050000000000000044,0.042041329716503616,0.20146462056784395,0.3471775312762169,0.050000000000000044,0.050000000000000044,"{'I': 1, 'W': 0, 'R': 1, 'C': 'free'}",False,True,True,1.0,3
4079,1,0.0028756518307163515,0.37099816104662614,0.0127263216097966,1.6101588192990706,1.0003673840984357,1.2296025918912608,0.00293421977309849,0.9999825229876611,0.05,0.0,0.050000000000000044,0.002108406532657281,0.003574686591895806,0.05794445316019975,0.0,0.0,"{'I': 1, 'W': 0, 'R': 1, 'C': 'free'}",False,True,True,1.0,3
4079,2,0.0012167045435167564,0.3286760999448059,0.004421445334022797,1.744978223956907,1.0001193174100715,1.2589212361125675,0.0008348233871056099,0.9999984148018791,0.05,0.0,0.0,0.005185176083548626,0.009704125415276982,0.0011608267863492264,0.0,0.0,"{'I': 1, 'W': 0, 'R': 1, 'C': 'free'}",False,True,True,1.0,3
4079,3,0.2388283777559755,0.5114541601337521,1.1030213246159377,2.482212625151689,1.1787561161817224,1.4399228799251949,0.6272168746896161,1.0,0.15,0.9,0.050000000000000044,0.8170499049971345,0.6781108122831611,0.4063611343678306,0.5,0.75,"{'I': 1, 'W': 0, 'R': 1, 'C': 'free'}",False,True,True,0.6666666666666666,3
4079,4,0.02495751957471511,0.4669722878390223,0.08823277483253762,2.528090023100955,1.004086753402565,1.3489525387422454,0.03210087075878987,1.0,0.2,0.9,0.15000000000000002,0.5918974622729183,0.7045575299745955,0.5595155454880145,0.6699999999999999,0.15000000000000002,"{'I': 1, 'W': 0, 'R': 1, 'C': 'free'}",False,True,True,0.3333333333333333,3
4079,5,0.015214209302257187,0.5468781400910898,0.05849465044102161,2.631706116803884,1.0023360014629656,1.4817450110554817,0.018493083109770492,1.0,0.3,0.35,0.5,0.6506082884682367,0.7545453842245963,0.5915476140513497,0.65,0.050000000000000044,"{'I': 1, 'W': 0, 'R': 1, 'C': 'free'}",False,True,True,0.0,3
4079,6,0.08143586242922976,0.42650418250566213,0.4819655352429726,2.0104859293682584,1.0344070700535917,1.3650829877604935,0.18369751499917641,1.0,0.1,0.0,0.9,0.3207964686655094,0.44124407329391274,0.5610232733390642,0.050000000000000044,0.050000000000000044,"{'I': 0, 'W': 1, 'R': 0, 'C': 'costly'}",False,True,True,1.0,3
4080,1,0.0016344580158267955,0.2154952345541117,0.007671501957911079,1.3193949689761855,1.0001866710464795,1.108548671513746,0.00167847241741792,0.9965446831422288,0.05,0.0,0.050000000000000044,0.0013026678639640552,0.006674246641113369,0.2637162052884279,0.0,0.0,"{'I': 1, 'W': 0, 'R': 1, 'C': 'free'}",False,True,True,1.0,3
4080,2,0.0006297890061013071,0.21244058645401004,0.002447099921299989,1.5116445867976709,1.0000612429131794,1.1043913810181858,0.0005510174752603181,0.9974140538159215,0.05,0.0,0.0,0.0014990320051104084,0.004064656466730321,0.002810795160428359,0.0,0.0,"{'I': 1, 'W': 0, 'R': 1, 'C': 'free'}",False,True,True,1.0,3
4080,3,0.3571421323984326,0.5280975837526587,1.3101340015548921,2.087736923738029,1.3578154831069387,1.4224579183175041,0.9530546659273245,1.0,0.2,0.050000000000000044,0.050000000000000044,0.46787651468875047,0.561000670644167,0.5295536689630189,0.5,0.75,"{'I': 1, 'W': 0, 'R': 1, 'C': 'free'}",False,True,True,0.6666666666666666,3
4080,4,0.12452898727917217,0.5523679822040161,0.9266150825865974,2.621600883909952,1.0557035448902057,1.4704638987945362,0.4782094111549652,1.0,0.2,0.050000000000000044,0.4,0.3202771258734148,0.6216763146059993,0.7534494088419545,0.050000000000000044,0.15000000000000002,"{'I': 1, 'W': 0, 'R': 1, 'C': 'free'}",False,True,True,0.3333333333333333,3
4080,5,0.5007396647713016,0.46471679059685317,2.385633869653065,2.464900828313019,1.4201786562916685,1.3716229357014693,1.0,1.0,0.2,0.35,0.5,0.7771310196694529,0.7979338852976253,0.7307075123269628,0.9,0.050000000000000044,"{'I': 1, 'W': 0, 'R': 1, 'C': 'free'}",False,True,True,0.3333333333333333,3
4080,6,0.050392420771906046,0.38913626895980646,0.42431459913526576,2.129378820318848,1.0163567197506458,1.2729420615882554,0.19015877209796905,0.9999999999999616,0.2,0.35,0.4,0.7754135301288331,0.6495973142528076,0.6195858822491876,0.35,0.35,"{'I': 1, 'W': 0, 'R': 1, 'C': 'free'}",False,True,True,0.0,3
4080,7,0.007263355215790924,0.4529056053163879,0.02307495862787512,2.4334354549802204,1.0009376934104173,1.3449221018575703,0.004675306821044889,1.0,0.1,0.050000000000000044,0.15000000000000002,0.10667803159399505,0.2450515249383368,0.6512413825965813,0.050000000000000044,0.25,"{'I': 1, 'W': 0, 'R': 1, 'C': 'free'}",False,True,True,1.0,3
4082,1,0.02379682229131679,0.3532325202057208,0.18245522127994987,1.6865641316626427,1.0056082952212753,1.2401445519244436,0.04375490024412798,0.9999999999196492,0.05,0.0,0.050000000000000044,0.020330042115176312,0.032904771025323604,0.2688976003214,0.0,0.0,"{'I': 1, 'W': 0, 'R': 1, 'C': 'free'}",False,True,True,1.0,3
4082,2,0.023096588708357183,0.48129744536508934,0.1765629558693288,2.333666879842623,1.0055146517433817,1.3525197601485306,0.043042227901744834,0.999999999999998,0.0,0.0,0.050000000000000044,0.02317708622871628,0.1645044456855613,0.26752620752668244,0.0,0.15000000000000002,"{'I': 0, 'W': 1, 'R': 0, 'C': 'costly'}",False,True,True,1.0,3
4097,1,0.0021394994671747507,0.3988251105879982,0.008796038287815429,1.4417428856328411,1.0002436174824654,1.290646531186412,0.0021898889996097015,0.9999995169602787,0.0,0.0,0.050000000000000044,0.0031098212207636695,0.007538975875215506,0.19755641494748066,0.0,0.0,"{'I': 1, 'W': 0, 'R': 1, 'C': 'free'}",False,True,True,1.0,3
4097,2,0.030213149663293182,0.3761608829857414,0.10743808435078549,2.1913549737363955,1.0051433800944596,1.2557870935064996,0.0303122713817231,1.0,0.05,0.050000000000000044,0.050000000000000044,0.26833255004508066,0.3761534616048937,0.1639090315412676,0.050000000000000044,0.15000000000000002,"{'I': 1, 'W': 0, 'R': 1, 'C': 'free'}",False,True,True,1.0,3
4097,3,0.002463821281766835,0.3929210474337792,0.00817944274022317,1.927161226377485,1.0002873838487611,1.3193218962141187,0.0022961004148700503,0.9999999994592573,0.05,0.0,0.050000000000000044,0.002182070245895626,0.020288791988450718,0.01587729249546445,0.050000000000000044,0.0,"{'I': 1, 'W': 0, 'R': 1, 'C': 'free'}",False,True,True,1.0,3
4097,4,0.0010902070011617852,0.2515985521083506,0.004223795100558892,1.4947208047065716,1.000101675873691,1.1798301855112738,0.000813034948228486,0.9999999084436053,0.0,0.0,0.0,0.005205134438841845,0.0040648718433771505,0.012428186850663686,0.0,0.0,"{'I': 0, 'W': 1, 'R': 0, 'C': 'costly'}",False,True,True,1.0,3
4104,1,0.0013578239095183736,0.39966190137499336,0.009043457802648274,1.9184903965301574,1.0001531795402914,1.2812263207091694,0.001530505674807392,0.9999998990004072,0.05,0.050000000000000044,0.050000000000000044,0.014065355374193905,0.047287753695152375,0.09185105815393525,0.0,0.050000000000000044,"{'I': 1, 'W': 0, 'R': 1, 'C': 'free'}",False,True,True,1.0,3
4104,2,0.004039875450938918,0.4556908345373469,0.0242843966755584,2.0916691701279677,1.000564860253814,1.3043239270842075,0.0050694139518956405,0.9999999999962257,0.15,0.09999999999999998,0.15000000000000002,0.2941933218169629,0.40405834652998923,0.2909234787564364,0.15000000000000002,0.15000000000000002,"{'I': 1, 'W': 0, 'R': 1, 'C': 'free'}",False,True,True,1.0,3
4104,3,0.0996844978575018,0.4676764963144415,0.6638611669226705,2.148176473062471,1.1500932190026198,1.3389579633656228,0.6242762051299131,1.0,0.2,0.050000000000000044,0.050000000000000044,0.1639003899483509,0.3469521017923428,0.10632130233632145,0.15000000000000002,0.050000000000000044,"{'I': 1, 'W': 0, 'R': 1, 'C': 'free'}",False,True,True,1.0,3
4104,4,0.017491053883835508,0.4596895507958992,0.16127717526655,2.293647657580481,1.0040118533856832,1.3641992015320197,0.03924733302314509,1.0,0.2,0.050000000000000044,0.050000000000000044,0.0849516401986033,0.22233093243096202,0.1645182843589412,0.050000000000000044,0.050000000000000044,"{'I': 1, 'W': 0, 'R': 1, 'C': 'free'}",False,True,True,1.0,3
4104,5,0.0012875886000549013,0.47196563278982195,0.0064545949204930075,2.1473783461810148,1.0001476504494535,1.39933358023072,0.0011804191581481494,1.0,0.1,0.15000000000000002,0.09999999999999998,0.10663696409526725,0.26825153659266565,0.5889587036073016,0.050000000000000044,0.050000000000000044,"{'I': 1, 'W': 0, 'R': 1, 'C': 'free'}",False,True,True,1.0,3
4104,6,0.0008463921737264292,0.39426256947287025,0.002837744397168954,2.1545962904739566,1.0000859955477581,1.2803102800251105,0.0006017618211576758,0.9999999999997828,0.15,0.050000000000000044,0.050000000000000044,0.022950440053932118,0.08501246904671679,0.06743314812470831,0.050000000000000044,0.050000000000000044,"{'I': 1, 'W': 0, 'R': 1, 'C': 'free'}",False,True,True,1.0,3
4104,7,0.005218198928323868,0.5179089575547946,0.0527453092458826,2.034600082974457,1.0008585265669108,1.4196707170183052,0.009395326193052056,1.0,0.2,0.15000000000000002,0.15000000000000002,0.2687047958396772,0.4069286093212699,0.24476686938694955,0.15000000000000002,0.25,"{'I': 1, 'W': 0, 'R': 1, 'C': 'free'}",False,True,True,1.0,3
4116,1,0.04489053156311227,0.4315415813939102,0.2199052518740182,1.8583916722356655,1.0100385060113832,1.3000729478764137,0.10405208994097925,0.999999999944677,0.1,0.050000000000000044,0.09999999999999998,0.24183132562569967,0.2008700473512694,0.24935424965053077,0.050000000000000044,0.050000000000000044,"{'I': 1, 'W': 0, 'R': 1, 'C': 'free'}",False,True,True,1.0,3
4116,2,0.03602244754954561,0.44184330707070607,0.24754880874685392,2.273392335536713,1.0093842421823982,1.3623420958685357,0.06329172640481462,0.9999999997855158,0.05,0.050000000000000044,0.050000000000000044,0.023090851325659453,0.03721981603191738,0.0040562250104905235,0.050000000000000044,0.0,"{'I': 1, 'W': 0, 'R': 1, 'C': 'free'}",False,True,True,1.0,3
4116,3,0.0029678058719047862,0.6710652231339176,0.028227357420121012,2.2780903428003554,1.000413530282449,1.5402936776947413,0.004949050521430465,1.0,0.1,0.050000000000000044,0.050000000000000044,0.04743138593750903,0.26683370528087036,0.06738117057830045,0.050000000000000044,0.050000000000000044,"{'I': 1, 'W': 0, 'R': 1, 'C': 'free'}",False,True,True,1.0,3
4116,4,0.025718597037405155,0.45720574872809466,0.05229706664551851,1.9154481710650755,1.00374235159228,1.3530981063064271,0.018503500824318952,0.9999999999998652,0.1,0.050000000000000044,0.050000000000000044,0.2934845406438193,0.37615086514731033,0.2925426618158475,0.050000000000000044,0.15000000000000002,"{'I': 1, 'W': 0, 'R': 1, 'C': 'free'}",False,True,True,0.6666666666666666,3
4116,5,0.07488640479426813,0.5228262724401299,0.625633086429737,1.8247566408491573,1.0406701870409252,1.4537207816025526,0.30147495535782154,1.0,0.4,0.15000000000000002,0.09999999999999998,0.406464815083881,0.5598660023342258,0.43361061504364,0.15000000000000002,0.050000000000000044,"{'I': 1, 'W': 0, 'R': 1, 'C': 'free'}",False,True,True,0.3333333333333333,3
4116,6,0.148543540171797,0.5328568966469548,0.7538185528487307,2.4935142331315863,1.0720921782247532,1.4171362155922032,0.5014844323190613,1.0,0.3,0.35,0.7,0.2934631060051846,0.46715394013515193,0.774595241384543,0.35,0.75,"{'I': 1, 'W': 0, 'R': 1, 'C': 'free'}",False,True,True,0.0,3
4116,7,0.03698292417862137,0.5725570703089465,0.10174345873026536,2.006856133054154,1.0070477183274102,1.4134590585617741,0.04797215402370458,1.0,0.3,0.15000000000000002,0.15000000000000002,0.2684590271760014,0.5288511281855113,0.34762603107929224,0.15000000000000002,0.25,"{'I': 1, 'W': 0, 'R': 1, 'C': 'free'}",False,True,True,0.0,3
4118,1,0.04561522093686935,0.4103260150080759,0.3163021182051855,1.8682749434609787,1.014483719861168,1.353263147553214,0.09575851869955287,0.9999999999691384,0.05,0.050000000000000044,0.050000000000000044,0.059937627693507176,0.05977472196078534,0.16183546283220085,0.050000000000000044,0.050000000000000044,"{'I': 1, 'W': 0, 'R': 1, 'C': 'free'}",False,True,True,1.0,3
4118,2,0.001862305385413556,0.27820854543975027,0.01266678447604432,1.7969837365194719,1.000210440179523,1.2293113484137437,0.0018919703243200914,0.9999999999261745,0.0,0.0,0.0,0.022923452275052568,0.16403342889264869,0.06740227599425155,0.0,0.0,"{'I': 0, 'W': 1, 'R': 0, 'C': 'costly'}",False,True,True,1.0,3
4133,1,0.03200803512299113,0.5605000545428307,0.15044444551363145,1.604929535513235,1.0067955175696255,1.4531495385884952,0.039820653483115254,0.9999999838152797,0.05,0.0,0.050000000000000044,0.005828776525352101,0.0372001558122171,0.1915965526409024,0.0,0.0,"{'I': 1, 'W': 0, 'R': 1, 'C': 'free'}",False,True,True,1.0,3
4133,2,0.026058317813858995,0.3715364020711905,0.16413621943585235,2.005144260194545,1.0053861565506852,1.2311013969480873,0.05229976150888538,1.0,0.2,0.050000000000000044,0.050000000000000044,0.5913766314340865,0.4365767773652203,0.8633776418776642,0.75,0.15000000000000002,"{'I': 1, 'W': 0, 'R': 1, 'C': 'free'}",False,True,True,1.0,3
4133,3,0.07662331541687524,0.5528562478287187,0.42070012900683873,1.8853518113554941,1.0250593622686928,1.388097045916229,0.1796335945207771,0.9999999999970893,0.15,0.050000000000000044,0.050000000000000044,0.09535875927926667,0.20137662763439584,0.43776710177343303,0.050000000000000044,0.050000000000000044,"{'I': 1, 'W': 0, 'R': 1, 'C': 'free'}",False,True,True,0.3333333333333333,3
4133,4,0.007867608554738986,0.6077722195445096,0.05005801355860879,2.4998284385779828,1.0012619226783508,1.4727178109016046,0.010038293579705981,0.9999999999999992,0.15,0.050000000000000044,0.050000000000000044,0.37583786660281926,0.37394831725114525,0.806220188292455,0.050000000000000044,0.15000000000000002,"{'I': 1, 'W': 0, 'R': 1, 'C': 'free'}",False,True,True,0.3333333333333333,3
4133,5,0.00499693343266097,0.5530735974213502,0.024516953565026582,2.042254969677168,1.0006806426612151,1.4545055266555351,0.0054285011783704595,0.9999999999980748,0.05,0.050000000000000044,0.050000000000000044,0.13296346123302022,0.2677881624139499,0.1192041287776027,0.050000000000000044,0.050000000000000044,"{'I': 1, 'W': 0, 'R': 1, 'C': 'free'}",False,True,True,1.0,3
4133,6,0.09346212867430749,0.5627939817734839,0.55481051161319,2.18617605665954,1.0362441272525342,1.4965319926058054,0.22059098613127937,1.0,0.2,0.9,0.9,0.4983635416614165,0.7279835815697975,0.46499864175828876,0.75,0.75,"{'I': 1, 'W': 0, 'R': 1, 'C': 'free'}",False,True,True,1.0,3
4133,7,0.055884424164641,0.459031684117906,0.22227493096954615,1.962086051086585,1.0138561664519903,1.3462798583347868,0.11648713581254788,1.0,0.2,0.050000000000000044,0.050000000000000044,0.26870980600287725,0.467995697625422,0.8339769323726501,0.15000000000000002,0.050000000000000044,"{'I': 1, 'W': 0, 'R': 1, 'C': 'free'}",False,True,True,1.0,3
4142,1,0.08774142863336182,0.17031702365951085,0.6919443348714159,1.5822730202163968,1.1090300250237994,1.1576116071100162,0.5630280421868498,0.9966806888523139,0.0,0.0,0.050000000000000044,0.0018806807117620107,0.004057752723292698,0.09412941269833774,0.0,0.0,"{'I': 1, 'W': 0, 'R': 1, 'C': 'free'}",False,True,True,1.0,3
4142,2,0.003331139016883284,0.20837784680498564,0.019314957115527734,1.4501911608746383,1.0004538565256118,1.2009599458705293,0.0031712359224873587,0.9999648113420985,0.05,0.0,0.0,0.003584224453185809,0.0229267333343228,0.00315131771043554,0.0,0.0,"{'I': 1, 'W': 0, 'R': 1, 'C': 'free'}",False,True,True,1.0,3
4142,3,0.07223427911021839,0.369916967505447,0.37567593919428244,1.8712318316534173,1.0204285591605196,1.2684219988595036,0.14937300543869358,0.9999999999999025,0.1,0.050000000000000044,0.050000000000000044,0.8169456500240847,0.7974142091406936,0.4058927957616075,0.5,0.050000000000000044,"{'I': 1, 'W': 0, 'R': 1, 'C': 'free'}",False,True,True,0.6666666666666666,3
4142,4,0.12390254026562415,0.5128090160653341,0.663080783859469,2.129578428420236,1.0419759127882433,1.3599276830337717,0.25011227763026334,1.0,0.1,0.0,0.050000000000000044,0.8509794666921321,0.8351635105673489,0.34793537981690503,1.0,0.15000000000000002,"{'I': 1, 'W': 0, 'R': 1, 'C': 'free'}",True,True,True,0.0,3
4142,5,0.018624481557359122,0.30750449675333086,0.08228277243388664,2.465525188162043,1.0034581638408497,1.2180675060769814,0.01711287325178923,1.0,0.0,0.0,0.050000000000000044,0.008586742018976056,0.04738117521664224,0.067296726129093,0.0,0.050000000000000044,"{'I': 0, 'W': 1, 'R': 0, 'C': 'costly'}",False,True,True,1.0,3
415,1,0.012993184523357564,0.24954648837390883,0.034981802685345675,1.286680454839818,1.0019081533279959,1.1676366550089934,0.011372845342410343,0.9991986082358103,0.05,0.0,0.050000000000000044,0.0035316748426478537,0.025956980753950067,0.1776591358580882,0.0,0.0,"{'I': 1, 'W': 0, 'R': 1, 'C': 'free'}",False,True,True,1.0,3
415,2,0.001167322390252722,0.29315989220866145,0.00566754025674615,1.6944712907559865,1.0001238867694058,1.1283442672005837,0.0008667778034233686,0.9976126358709263,0.05,0.0,0.0,0.0004287631029974871,0.005202410648452186,0.0013180193141131668,0.0,0.0,"{'I': 1, 'W': 0, 'R': 1, 'C': 'free'}",False,True,True,1.0,3
415,3,0.0010723516883803634,0.45763093322104814,0.004559757384509238,2.09974685802557,1.000107793488551,1.3519286220949627,0.0009696187289258695,0.9999999990791468,0.05,0.0,0.050000000000000044,0.04727140935773561,0.10606435490237365,0.40725927363517916,0.050000000000000044,0.0,"{'I': 1, 'W': 0, 'R': 1, 'C': 'free'}",False,True,True,1.0,3
415,4,0.000807154629609751,0.22693546825487096,0.0019725989076261738,2.0459607993548437,1.000074196758163,1.2239300109796634,0.0005192231969953776,0.9999999479760244,0.0,0.0,0.0,0.0010272449957830399,0.0016978049290920932,0.025854689673307372,0.0,0.0,"{'I': 0, 'W': 1, 'R': 0, 'C': 'costly'}",False,True,True,1.0,3
4152,1,0.056786711444347396,0.4078641729916572,0.2122923911339186,2.5296453327423354,1.0127041313704024,1.390290912665308,0.08457677197204083,1.0,0.05,0.050000000000000044,0.09999999999999998,0.2921207000321593,0.16418059610022498,0.26369726381571956,0.050000000000000044,0.050000000000000044,"{'I': 1, 'W': 0, 'R': 1, 'C': 'free'}",False,True,True,1.0,3
4152,2,0.0011241553675730121,0.34736198145229685,0.0029649246153752055,1.3884554914187848,1.0001085206666154,1.1994689418089253,0.0008677415237773323,0.9999996001561489,0.05,0.050000000000000044,0.050000000000000044,0.025961077342445654,0.03733031150584013,0.025675694036735523,0.0,0.0,"{'I': 1, 'W': 0, 'R': 1, 'C': 'free'}",False,True,True,1.0,3
4152,3,0.2323597058385231,0.5573794747084997,0.6158265184214871,2.350953064668726,1.065635753636205,1.4415856400513634,0.2722937857859451,1.0,0.05,0.0,0.050000000000000044,0.3764845894177297,0.816629926954142,0.6201931694063295,0.15000000000000002,0.75,"{'I': 1, 'W': 0, 'R': 1, 'C': 'free'}",False,True,True,0.3333333333333333,3
4152,4,0.06866391729842275,0.5853331805382593,0.5085682306978728,2.4916235072294275,1.0259045843574983,1.5963821709376256,0.22566249480912404,1.0,0.2,0.9,0.15000000000000002,0.530309856000385,0.8928044905670692,0.6496709314299324,0.6699999999999999,0.15000000000000002,"{'I': 1, 'W': 0, 'R': 1, 'C': 'free'}",False,True,True,1.0,3
4152,5,0.0021877195189564397,0.4939170798667558,0.005728482775376624,2.4384234231519657,1.000232573532347,1.3441315046202087,0.0011620567451110508,1.0,0.05,0.050000000000000044,0.050000000000000044,0.08503206373399388,0.22217332338160847,0.24508094147282003,0.050000000000000044,0.050000000000000044,"{'I': 1, 'W': 0, 'R': 1, 'C': 'free'}",False,True,True,0.3333333333333333,3
4152,6,0.016903412263710046,0.502207294272258,0.12251549173093042,2.5480490854423588,1.003490201263606,1.4160564294852507,0.027488129281022178,1.0,0.05,0.9,0.9,0.6217107563005992,0.7768934583102441,0.5614935068723795,0.050000000000000044,0.75,"{'I': 1, 'W': 0, 'R': 1, 'C': 'free'}",True,True,True,0.0,3
4152,7,0.0033882607192416785,0.6668123454875882,0.00977634469522785,2.476452769984018,1.0003932007582383,1.60801291106223,0.0019636868146786224,1.0,0.2,0.15000000000000002,0.15000000000000002,0.46645662455378445,0.5605503821103016,0.5603165706798404,0.15000000000000002,0.75,"{'I': 1, 'W': 0, 'R': 1, 'C': 'free'}",False,True,True,0.0,3
416,1,0.10691402426528719,0.4123190478860046,0.7866570798967566,1.82113550709757,1.060931720904585,1.353423531042794,0.41276343661709314,0.9999999998121096,0.05,0.0,0.050000000000000044,0.006379712259419795,0.008550911498446652,0.09859260561046834,0.0,0.0,"{'I': 1, 'W': 0, 'R': 1, 'C': 'free'}",False,True,True,1.0,3
416,2,0.06498332101356435,0.4795553846868056,0.7501346334764517,1.9039347871218015,1.0251050180544037,1.405636431038198,0.2755451454667288,1.0,0.15,0.050000000000000044,0.050000000000000044,0.1074723234220798,0.20063529955470313,0.08499624414172423,0.050000000000000044,0.050000000000000044,"{'I': 1, 'W': 0, 'R': 1, 'C': 'free'}",False,True,True,0.6666666666666666,3
416,3,0.040173423889072475,0.5569500954457403,0.2340244411576773,1.8214780363438956,1.009815193101147,1.502258482022842,0.08415306779305665,0.9999999999967522,0.05,0.050000000000000044,0.050000000000000044,0.005165060838103663,0.03721705073893701,0.1064721283308453,0.050000000000000044,0.050000000000000044,"{'I': 1, 'W': 0, 'R': 1, 'C': 'free'}",False,True,True,1.0,3
416,4,0.10201812271096874,0.615201049125502,0.5893197449276292,2.3181806922115378,1.0427252016528428,1.5638212915173113,0.3137676796501221,1.0,0.05,0.0,0.050000000000000044,0.6495813196383534,0.7289055201999604,0.6502674873604103,1.0,0.050000000000000044,"{'I': 1, 'W': 0, 'R': 1, 'C': 'free'}",True,False,True,0.0,3
416,5,0.16343428783598185,0.6000140835828497,0.5352548741629265,2.2307988174253417,1.2847813915627933,1.4574613058131145,0.8951576226911662,1.0,0.2,0.4,0.5,0.6783420264811962,0.7760997990919516,0.833052309093944,0.75,0.75,"{'I': 1, 'W': 0, 'R': 1, 'C': 'free'}",False,True,True,0.0,3
416,6,0.16772167208407904,0.6510896270360153,1.3286842533126504,2.30840711102044,1.0681662925385793,1.5690451439880577,0.4828562157208953,1.0,0.2,0.9,0.7,0.7544793126310455,0.9240182828472095,0.9146419753730254,0.35,0.75,"{'I': 1, 'W': 0, 'R': 1, 'C': 'free'}",False,True,True,0.6666666666666666,3
416,7,0.45993117233365927,0.6295173203255455,2.053761326431459,2.203653841085657,1.3138505934084244,1.6031479103672512,0.9503414307118057,1.0,,0.55,0.7,0.6782557393864144,0.8503585269817279,0.7762502291594204,0.75,0.6,"{'I': 1, 'W': 0, 'R': 1, 'C': 'free'}",False,True,True,0.3333333333333333,3
4176,1,0.018862669945364192,0.48230963129654103,0.11097106864050116,2.291248351414544,1.0035467415224122,1.46836356775521,0.0313618858006155,1.0,0.05,0.050000000000000044,0.09999999999999998,0.010987590430350693,0.08483966919547062,0.3181978165492358,0.0,0.050000000000000044,"{'I': 1, 'W': 0, 'R': 1, 'C': 'free'}",False,True,True,1.0,3
4176,2,0.0006914753478955634,0.26310018481169384,0.001640162813541317,2.0608743779363854,1.0000625534103196,1.2141367232774576,0.0005002864464739298,0.9999999988314834,0.0,0.0,0.0,0.03732874139644789,0.06744518982905139,0.08479817847110754,0.0,0.0,"{'I': 0, 'W': 1, 'R': 0, 'C': 'costly'}",False,True,True,1.0,3
4177,1,0.004890910856383374,0.32809437224620097,0.019349697510171588,1.367120640952359,1.000652260221057,1.2195341232795778,0.005202799046539863,0.999999999997689,0.05,0.050000000000000044,0.050000000000000044,0.025800246381773126,0.04733211517125492,0.14804516263768144,0.050000000000000044,0.050000000000000044,"{'I': 1, 'W': 0, 'R': 1, 'C': 'free'}",False,True,True,1.0,3
4177,2,0.013595812744452972,0.2619651245791255,0.07364971504739415,1.891671388240052,1.0023376633213021,1.2134631320910607,0.013911933492017692,0.9999999667620791,0.0,0.0,0.0,0.06811005465255467,0.18201087224565515,0.11920073825880675,0.0,0.0,"{'I': 0, 'W': 1, 'R': 0, 'C': 'costly'}",False,True,True,1.0,3
4179,1,0.18610147521862633,0.2714693260151125,0.651255480754386,1.4849914419834371,1.129469095007114,1.2500106794516195,0.7679894278451573,0.9999992157844945,0.05,0.050000000000000044,0.050000000000000044,0.56200358604154,0.2202232709370413,0.1373621332098946,0.050000000000000044,0.0,"{'I': 1, 'W': 0, 'R': 1, 'C': 'free'}",False,True,True,1.0,3
4179,2,0.1302774790420069,0.48426679717360466,0.5279365288176954,2.5825452709396677,1.0305260660108477,1.3910553557233198,0.23709727043053253,1.0,0.2,0.4,0.8,0.5924611427251895,0.7539878142361632,0.866766056650199,0.35,0.75,"{'I': 1, 'W': 0, 'R': 1, 'C': 'free'}",False,True,True,1.0,3
4179,3,0.31639666662412835,0.4422828528397267,0.9702589853303407,2.737400646144832,1.297792909395327,1.3685804099470702,0.9662456430514947,1.0,0.2,0.050000000000000044,0.7,0.34850830318798914,0.6508582174531055,0.8172883730942107,0.15000000000000002,0.75,"{'I': 1, 'W': 0, 'R': 1, 'C': 'free'}",False,True,True,0.0,3
4179,4,0.037516582950770164,0.41388860977214237,0.2091975103293403,2.309158744618695,1.0086538466458963,1.3382425708579482,0.10597006294733469,1.0,0.2,0.050000000000000044,0.4,0.22247358487972296,0.5615422644152401,0.4993867139641166,0.050000000000000044,0.65,"{'I': 1, 'W': 0, 'R': 1, 'C': 'free'}",False,True,True,0.0,3
4179,5,0.4578496125795233,0.4596408645107774,2.814853735157212,2.814853735157212,1.3670363471971696,1.368712869457993,1.0,1.0,,,0.8,,,0.9398083585489162,,0.85,,False,True,False,,
4179,6,0.1733890511994413,0.4922762225670336,0.6503953047955766,2.9305070957683848,1.0634362348934678,1.399016817157335,0.5772928028880964,1.0,0.5,0.9,0.7,0.5620962596568956,0.880680766303057,0.9324157722876923,0.35,0.75,"{'I': 1, 'W': 0, 'R': 1, 'C': 'free'}",False,True,True,1.0,3
4179,7,0.34602008530488276,0.5144840246572656,1.3583508638008404,2.7555614234141,1.2724330943669049,1.426878640706066,0.9444888112536738,1.0,0.3,0.050000000000000044,0.7,0.6223054947210668,0.880557764550333,0.9324155185265952,0.75,0.75,"{'I': 1, 'W': 0, 'R': 1, 'C': 'free'}",False,True,True,0.0,3
4180,1,0.0072194582613103655,0.3040629985967335,0.037351825400406186,1.5661064359289887,1.0010251454682149,1.174655203816301,0.007146682692956818,0.9998028719482573,0.0,0.0,0.050000000000000044,0.008451081983012955,0.009683544852596192,0.1054277111801042,0.0,0.0,"{'I': 1, 'W': 0, 'R': 1, 'C': 'free'}",False,True,True,1.0,3
4180,2,0.0855973812330918,0.3799839094904972,0.4552249691482806,2.4457358157305245,1.0293981436005382,1.2953843749117704,0.159573543049931,1.0,1.0,0.050000000000000044,0.5,0.4687297158470608,0.7771777782751221,0.49994558697904157,0.15000000000000002,0.15000000000000002,"{'I': 1, 'W': 0, 'R': 1, 'C': 'free'}",False,True,True,0.6666666666666666,3
4180,3,0.01428922705945656,0.49572640347931535,0.1127693928223695,2.536581287084701,1.00281781896563,1.4123169431648717,0.025006726715728456,1.0,0.2,0.35,0.050000000000000044,0.6773283034461779,0.7526032986942999,0.4363729203635852,0.5,0.35,"{'I': 1, 'W': 0, 'R': 1, 'C': 'free'}",False,True,True,0.0,3
4180,4,0.0017999471271152895,0.5302269859463339,0.011770954424982157,1.9491515742087022,1.0002237936614229,1.402423962837073,0.00178854762585956,1.0,0.2,0.25,0.15000000000000002,0.437778646642205,0.5900915887560003,0.3756425037772622,0.15000000000000002,0.15000000000000002,"{'I': 1, 'W': 0, 'R': 1, 'C': 'free'}",False,True,True,0.0,3
4180,5,0.3757534204093125,0.37722561120117254,2.2997903771410493,2.2997903771410493,1.272832907387382,1.2740375055776083,1.0,1.0,,,0.050000000000000044,,,0.49943310692143966,,0.050000000000000044,,False,True,False,,
4180,6,0.053864068396542834,0.5787546003302799,0.23570233605385915,2.4547305398094275,1.0132549955907928,1.47350729795603,0.08805483558404448,1.0,0.2,0.050000000000000044,0.7,0.1328616421813186,0.4359795315179169,0.406865330335355,0.050000000000000044,0.050000000000000044,"{'I': 1, 'W': 0, 'R': 1, 'C': 'free'}",False,True,True,0.0,3
4180,7,0.36662335930271994,0.3680592011434979,2.6431190866176992,2.6431190866176992,1.285763243823912,1.2870310219211096,1.0,1.0,,,0.5,,,0.8175189319301394,,0.8,,True,True,False,,
4185,1,0.046686925516801696,0.26674096445854756,0.32112737362969196,1.9452421464582985,1.0146091421511463,1.2024295783405758,0.09654068187685527,0.9997503591157383,0.0,0.0,0.050000000000000044,0.005182287760671445,0.009693953387819478,0.09533886692053611,0.0,0.0,"{'I': 1, 'W': 0, 'R': 1, 'C': 'free'}",False,True,True,1.0,3
4185,2,0.0006523285215042186,0.32171866179610914,0.001961353312863055,1.5216258429253742,1.0000647073506277,1.1896955052700868,0.0003881561910699105,0.9999155760482966,0.05,0.0,0.050000000000000044,0.0014980961594384585,0.012407237056809144,0.014042109567729832,0.0,0.0,"{'I': 1, 'W': 0, 'R': 1, 'C': 'free'}",False,True,True,1.0,3
4185,3,0.012645519138607425,0.44514214548155917,0.024124161792527958,2.1162590603558757,1.00174587355144,1.3904975596639788,0.008683832246360712,1.0,0.0,0.0,0.050000000000000044,0.05335135794454715,0.03727926642239606,0.16451782650969266,0.0,0.0,"{'I': 0, 'W': 1, 'R': 0, 'C': 'costly'}",False,True,True,0.6666666666666666,3
4213,1,0.16285370260468304,0.2734936268754967,0.5881838433394722,1.4563379816383548,1.0589035380563214,1.1802821573169189,0.4357962010231824,0.9998703523819443,0.05,0.050000000000000044,0.050000000000000044,0.08388583916727538,0.05303097533596509,0.17082543941769657,0.0,0.0,"{'I': 1, 'W': 0, 'R': 1, 'C': 'free'}",False,True,True,1.0,3
4213,2,0.0073585239270714696,0.4031434692919976,0.050492795013860524,2.513589056905386,1.0011687422607802,1.2300442006992716,0.013918940940188862,0.9999939102653429,0.05,0.0,0.050000000000000044,0.0019105535292261646,0.006741907031851941,0.004608173484698395,0.0,0.0,"{'I': 1, 'W': 0, 'R': 1, 'C': 'free'}",False,True,True,1.0,3
4213,3,0.001434858702194059,0.31765687194258085,0.009323065561832653,1.3725108806368427,1.0001705343871554,1.2843792150277002,0.0015335016133201096,0.999999947814363,0.05,0.0,0.0,0.00245169577397851,0.029198743526611146,0.007577702996441687,0.0,0.0,"{'I': 1, 'W': 0, 'R': 1, 'C': 'free'}",False,True,True,1.0,3
4213,4,0.014545895660282146,0.2820487454649143,0.0913625073548803,1.735551909583861,1.0022928627507308,1.2094878819504364,0.015903843874551682,0.9999999348870108,0.0,0.0,0.0,0.03308254536459408,0.03304862891539068,0.07642374448804197,0.0,0.0,"{'I': 0, 'W': 1, 'R': 0, 'C': 'costly'}",False,True,True,1.0,3
4220,1,0.09888921376238281,0.3463454572731685,0.47805759598776226,2.397499253117782,1.033973238484797,1.2880878677467322,0.2596853999140283,1.0,0.05,0.050000000000000044,0.050000000000000044,0.13399906655477542,0.20152141348885674,0.6477834309050561,0.050000000000000044,0.050000000000000044,"{'I': 1, 'W': 0, 'R': 1, 'C': 'free'}",False,True,True,1.0,3
4220,2,0.03100406142760574,0.44080408212527306,0.12575214895489228,2.0324331431171654,1.0055632937123598,1.371739926056375,0.027358175102998983,1.0,0.05,0.0,0.050000000000000044,0.14803559624174467,0.1326407452457509,0.2933833467538347,0.050000000000000044,0.050000000000000044,"{'I': 0, 'W': 1, 'R': 0, 'C': 'costly'}",False,True,True,1.0,3
4237,1,0.023922704903213635,0.2587810533340728,0.18680324524080308,1.2940616665629383,1.005339743289738,1.1305431371078307,0.046799335543007636,0.9980841744398533,0.05,0.0,0.050000000000000044,0.025759033837269203,0.04742586167183348,0.2017989099951596,0.0,0.0,"{'I': 1, 'W': 0, 'R': 1, 'C': 'free'}",False,True,True,1.0,3
4237,2,0.00069966655974075,0.2617997527190374,0.002078315146161463,1.8006617976745711,1.0000646989497826,1.1757116067766027,0.000517440936406377,0.9998640260573584,0.05,0.0,0.0,0.004582226068302218,0.008571189656341604,0.003601461383388577,0.0,0.0,"{'I': 1, 'W': 0, 'R': 1, 'C': 'free'}",False,True,True,1.0,3
4237,3,0.00037938325626751313,0.3763592209860382,0.001073080476654638,1.8452857353928376,1.000032096557217,1.2665042786171126,0.00025673537489889764,0.9999999676619576,0.0,0.0,0.0,0.0011750323241908743,0.002797817573983975,0.015906964143949296,0.0,0.0,"{'I': 0, 'W': 1, 'R': 0, 'C': 'costly'}",False,True,True,1.0,3
4248,1,0.002232709046898059,0.3281834002189108,0.021617982170272408,1.9610580534462483,1.0002968702370025,1.2526687721755692,0.004442495490130649,0.9999999997938368,0.05,0.0,0.050000000000000044,0.004608899003421223,0.017988439821154056,0.04014492553182072,0.0,0.0,"{'I': 1, 'W': 0, 'R': 1, 'C': 'free'}",False,True,True,1.0,3
4248,2,0.02325758572386951,0.3102265968847666,0.159904963890901,1.9167717180121653,1.0054922663082,1.2042175274576234,0.03761497228790556,0.9999999972121081,0.0,0.0,0.050000000000000044,0.16396630908794185,0.5597928541402033,0.20035922375977727,0.050000000000000044,0.0,"{'I': 0, 'W': 1, 'R': 0, 'C': 'costly'}",False,True,True,1.0,3
4261,1,0.09249093924838257,0.4588037756245816,0.5451276694948161,1.867662942493453,1.0252204708981856,1.3953770790318627,0.13881514374996096,0.9999999985078472,0.05,0.0,0.050000000000000044,0.14804395196429362,0.03720295198847251,0.1307362760279237,0.0,0.0,"{'I': 1, 'W': 0, 'R': 1, 'C': 'free'}",False,True,True,0.6666666666666666,3
4261,2,0.005380587454794165,0.4105867779299962,0.026959334021018338,1.554265134243568,1.0007396052084205,1.3839493324829983,0.006631897769060924,0.9999999999999796,0.1,0.050000000000000044,0.050000000000000044,0.22424057741393474,0.22170093487054168,0.10669544935764631,0.050000000000000044,0.050000000000000044,"{'I': 1, 'W': 0, 'R': 1, 'C': 'free'}",False,True,True,1.0,3
4261,3,0.0012365871703174346,0.319694798796555,0.0046910045285391425,1.6295024681234636,1.0001207127458933,1.2672440954363835,0.0008445813650860279,0.9999999905180329,0.05,0.0,0.050000000000000044,0.005241543393792311,0.029222093843462565,0.015907312178101426,0.0,0.0,"{'I': 1, 'W': 0, 'R': 1, 'C': 'free'}",False,True,True,1.0,3
4261,4,0.001578780605378662,0.24765864220978656,0.014029561112570914,2.1885920475757388,1.0001987814606512,1.161440463894321,0.0023822982873931142,0.9998915609020735,0.0,0.0,0.0,0.0021823217978222077,0.008576188330133452,0.010985361565027376,0.0,0.0,"{'I': 0, 'W': 1, 'R': 0, 'C': 'costly'}",False,True,True,1.0,3
4264,1,0.14854682631330893,0.3353286581533317,0.5249495560388,1.4118258390356277,1.0532564875549437,1.1924798040754798,0.30455786479006874,0.9999255877831003,0.0,0.0,0.050000000000000044,0.08510305341505897,0.06735962463344437,0.0813647456509765,0.0,0.0,"{'I': 1, 'W': 0, 'R': 1, 'C': 'free'}",False,True,True,1.0,3
4264,2,0.001635293592948863,0.40285088500589494,0.010579439701239604,1.2383941372582914,1.0001917768024307,1.2766104785688734,0.0015328912450763843,0.9999995669922105,0.05,0.0,0.050000000000000044,0.0014871188551598923,0.006661439869565214,0.0027848046580656277,0.0,0.0,"{'I': 1, 'W': 0, 'R': 1, 'C': 'free'}",False,True,True,1.0,3
4264,3,0.005965623712629008,0.41342273811469255,0.024330427058820575,2.086974277249665,1.0007990713854193,1.3996345611769547,0.003985797030083171,1.0,0.0,0.0,0.050000000000000044,0.04793701294812087,0.10620691807997003,0.18434344125847302,0.0,0.0,"{'I': 0, 'W': 1, 'R': 0, 'C': 'costly'}",False,True,True,0.3333333333333333,3
4274,1,0.019941930185945974,0.44400338607434764,0.14782485048933378,2.2456523921138283,1.0035064020403242,1.3192447115282084,0.04448373819404028,0.999999998752837,0.05,0.050000000000000044,0.050000000000000044,0.29106390387317793,0.2003575350153603,0.3138108898614437,0.050000000000000044,0.050000000000000044,"{'I': 1, 'W': 0, 'R': 1, 'C': 'free'}",False,True,True,1.0,3
4274,2,0.020667892253643485,0.49119559758414577,0.15387379160522982,1.961576549176048,1.0039865559049828,1.3489965210889172,0.03132783289512675,1.0,0.05,0.050000000000000044,0.050000000000000044,0.0031652681630662625,0.04725405999145859,0.0953736914076184,0.050000000000000044,0.050000000000000044,"{'I': 1, 'W': 0, 'R': 1, 'C': 'free'}",False,True,True,1.0,3
4274,3,0.03443672420758843,0.291513617292206,0.6697765611880757,1.8581346589775518,1.0188924557744445,1.1892171262376627,0.41886377367575955,0.99999999999946,0.0,0.0,0.050000000000000044,0.11920096837726153,0.34745581859606783,0.13239628782744234,0.0,0.0,"{'I': 0, 'W': 1, 'R': 0, 'C': 'costly'}",False,True,True,0.3333333333333333,3
4278,1,0.2632194602892652,0.2353878732569902,1.083383178984062,1.557199429891943,1.4462403922706804,1.181691439145886,0.98805698004726,0.999995687814899,0.0,0.050000000000000044,0.0,0.04679804721393846,0.04191524967236299,0.17299304493454865,0.0,0.0,"{'I': 1, 'W': 0, 'R': 1, 'C': 'free'}",False,True,True,1.0,3
4278,2,0.17812722365312122,0.37633803462138965,1.506209609033825,2.158748330761093,1.1944251262041057,1.2885067390082128,0.7978984597279345,0.9999999974103693,0.05,0.050000000000000044,0.050000000000000044,0.0024519861722776207,0.10626380072200944,0.10648038120003427,0.0,0.0,"{'I': 1, 'W': 0, 'R': 1, 'C': 'free'}",False,True,True,1.0,3
4278,3,0.013744128788000638,0.3370328740557135,0.0930588335778267,1.6979192689040712,1.0024423829144484,1.212036186791122,0.031214706408208004,0.9999998581850831,0.05,0.0,0.050000000000000044,0.0016922260652195871,0.0473540187567882,0.053255249167352206,0.0,0.0,"{'I': 1, 'W': 0, 'R': 1, 'C': 'free'}",False,True,True,1.0,3
4278,4,0.01605839296422482,0.2736385530295778,0.13698199212774773,1.4459008605426482,1.002969325679834,1.1850166140239229,0.04633117845903589,0.9999622833035815,0.05,0.0,0.0,0.3477124380246084,0.1326526143701452,0.05327080319126534,0.0,0.0,"{'I': 1, 'W': 0, 'R': 1, 'C': 'free'}",False,True,True,1.0,3
4278,5,0.12177075973429337,0.4456649868423785,0.5452851529512716,2.772543723664646,1.0470993921744842,1.36385613804,0.3688669470846875,1.0,0.2,0.15000000000000002,0.5,0.43710763043447615,0.6212452469714709,0.6213736324191592,0.15000000000000002,0.75,"{'I': 1, 'W': 0, 'R': 1, 'C': 'free'}",False,True,True,1.0,3
4278,6,0.01026853999078374,0.4305268012703759,0.0684697490137591,2.4420229621153324,1.001775404513498,1.3021322956428494,0.014090430182511438,1.0,0.1,0.050000000000000044,0.7,0.11910650909057077,0.5301884390642794,0.5917767968756322,0.050000000000000044,0.75,"{'I': 1, 'W': 0, 'R': 1, 'C': 'free'}",False,True,True,1.0,3
4278,7,0.018673139983529177,0.4297198172440374,0.1387724561069996,2.720679697238907,1.003964546747909,1.3142112865129072,0.031157936108781925,1.0,0.05,0.050000000000000044,0.15000000000000002,0.22251666908775936,0.49929850512458696,0.4065827341379657,0.15000000000000002,0.25,"{'I': 1, 'W': 0, 'R': 1, 'C': 'free'}",False,True,True,1.0,3
4282,1,0.018013231452046245,0.4471596980507975,0.11570532594806633,2.294169037176859,1.0035799312201485,1.306536202047374,0.02470449283331344,0.9999995894931876,0.05,0.050000000000000044,0.050000000000000044,0.021510292804010248,0.017987639558691582,0.08305845383493772,0.0,0.0,"{'I': 1, 'W': 0, 'R': 1, 'C': 'free'}",False,True,True,1.0,3
4282,2,0.0013281015517779624,0.3692249986387024,0.0033511434729677518,1.9162292701746706,1.0001360249796662,1.2403330278164748,0.0009516569907446204,0.9999999221804765,0.05,0.050000000000000044,0.050000000000000044,0.0010228962049961886,0.005909002739250856,0.004037530973835734,0.0,0.0,"{'I': 1, 'W': 0, 'R': 1, 'C': 'free'}",False,True,True,1.0,3
4282,3,0.0017925804014028053,0.4806458931049049,0.004577563998857721,2.1993438065208997,1.0001830881348144,1.4070789789247458,0.001463499049082717,1.0,0.2,0.050000000000000044,0.050000000000000044,0.3463411247898736,0.3474920385079838,0.2921073065974384,0.15000000000000002,0.050000000000000044,"{'I': 1, 'W': 0, 'R': 1, 'C': 'free'}",False,True,True,0.6666666666666666,3
4282,4,0.05908638562095926,0.5792070702188472,0.29310961419884474,2.342956649901739,1.0154233263657442,1.515895765333502,0.11524522860549047,1.0,0.2,0.050000000000000044,0.15000000000000002,0.0758594744592786,0.2446293649942859,0.34735257355224014,0.050000000000000044,0.15000000000000002,"{'I': 1, 'W': 0, 'R': 1, 'C': 'free'}",False,True,True,1.0,3
4282,5,0.04608969069140878,0.3725997160689167,0.3656404828668446,2.4030112697796753,1.0147247353636728,1.2378418731845078,0.11036056914705128,0.9999999989732173,0.0,0.0,0.050000000000000044,0.10668755072759324,0.20124749420477467,0.1480512658966427,0.050000000000000044,0.050000000000000044,"{'I': 0, 'W': 1, 'R': 0, 'C': 'costly'}",False,True,True,1.0,3
4286,1,0.14435303120548665,0.28414463687526287,0.5633602403751898,2.0495379688472775,1.0532233487269893,1.1768422531753069,0.2673827673189605,0.9990898454854531,0.0,0.0,0.0,0.004535147706687979,0.0045916303278366755,0.19864868067846797,0.0,0.0,"{'I': 1, 'W': 0, 'R': 1, 'C': 'free'}",False,True,True,1.0,3
4286,2,0.002665869466967117,0.33304482668281454,0.01176756877289608,1.653743635456636,1.0003043320794378,1.3303660216335835,0.0018240490756923355,0.9999999999486672,0.0,0.0,0.0,0.0024716687884327676,0.10669212105191793,0.04209019233357796,0.0,0.0,"{'I': 1, 'W': 0, 'R': 1, 'C': 'free'}",False,True,True,1.0,3
4286,3,0.010156070290012241,0.166771821145046,0.045142912917492964,1.757842511048488,1.0016486357566021,1.1234859010028602,0.008202565104255988,0.9999997886154325,0.0,0.0,0.0,0.0024708160260070843,0.0010317836913760381,0.006691212330304519,0.0,0.0,"{'I': 0, 'W': 1, 'R': 0, 'C': 'costly'}",False,True,True,1.0,3
4321,1,0.15318003577457603,0.16360831412555807,0.6584967876028422,1.0539674278697198,1.0562829190516625,1.1313626854068366,0.3547055284659839,0.9882420022374867,0.0,0.0,0.0,0.001019894889166783,0.001691726567306338,0.03309183159854542,0.0,0.0,"{'I': 1, 'W': 0, 'R': 1, 'C': 'free'}",False,True,True,1.0,3
4321,2,0.000910054407291206,0.18751585694205986,0.00269064518926951,1.4086538161184985,1.000090265436991,1.1537551173961338,0.0007218302615942251,0.9989563731001573,0.05,0.0,0.0,0.0015007956946815394,0.007560610199411235,0.004067987492295247,0.0,0.0,"{'I': 1, 'W': 0, 'R': 1, 'C': 'free'}",False,True,True,1.0,3
4321,3,0.0011113444002231582,0.3034639289803541,0.003402427490062803,1.684213096049617,1.0001038479160074,1.2535127115210207,0.0005190778533818996,0.9999993425098812,0.0,0.0,0.0,0.006690978444863373,0.0031683878460509883,0.005911005795028473,0.0,0.0,"{'I': 0, 'W': 1, 'R': 0, 'C': 'costly'}",False,True,True,1.0,3
433,1,0.0015250064902562722,0.19294463100243606,0.00525675948628788,1.2722441491334817,1.0001670662706468,1.1062775485203384,0.0010018117509967839,0.9904004370133728,0.0,0.0,0.0,0.005096800546600323,0.009706287650217495,0.12394923528746941,0.0,0.0,"{'I': 1, 'W': 0, 'R': 1, 'C': 'free'}",False,True,True,1.0,3
433,2,0.001744662153632843,0.20844136288615875,0.008161640125786827,1.8149892848633082,1.0002070173730833,1.1619754967667175,0.001241204755050962,0.9999219108143358,0.0,0.0,0.0,0.0014887575974943314,0.017936524879658328,0.00316718590100434,0.0,0.0,"{'I': 1, 'W': 0, 'R': 1, 'C': 'free'}",False,True,True,1.0,3
433,3,0.37325881876602635,0.3747213887293317,2.29248385298875,2.29248385298875,1.3150946205627028,1.3165078641312347,1.0,1.0,,,0.7,,,0.7769702895571402,,0.75,,False,True,False,,
433,4,0.3764332926010163,0.37790808065960796,2.2674805579478106,2.2674805579478106,1.284905127911068,1.286168759279916,1.0,1.0,,,0.050000000000000044,,,0.7974826526135318,,0.15000000000000002,,True,False,False,,
433,5,0.002880424204556607,0.4128376123200697,0.007325828787553455,2.3970775490018235,1.0003207414514832,1.2979846586689032,0.0019222901787071534,1.0,0.05,0.0,0.050000000000000044,0.1328317654006047,0.16408798782191705,0.650755570141608,0.050000000000000044,0.050000000000000044,"{'I': 0, 'W': 1, 'R': 0, 'C': 'costly'}",False,True,True,0.6666666666666666,3
4330,1,0.07717138157776038,0.35522215150081726,0.667391722521021,1.434978830278041,1.0451113380096737,1.2508397322648417,0.3277404713190576,0.9999999977661627,0.0,0.0,0.050000000000000044,0.0075269255900076385,0.0052084601136036714,0.04706858185704607,0.0,0.0,"{'I': 1, 'W': 0, 'R': 1, 'C': 'free'}",False,True,True,1.0,3
4330,2,0.008242529459869818,0.25110699597567554,0.033135892834583305,1.612493290742797,1.001206247697578,1.1559588109524708,0.009597810293405007,0.9999999924066116,0.0,0.0,0.0,0.1644985091827507,0.2226849562070032,0.07675808096522449,0.0,0.0,"{'I': 0, 'W': 1, 'R': 0, 'C': 'costly'}",False,True,True,0.6666666666666666,3
4334,1,0.001905866855553006,0.22727654884529291,0.009120703521957464,1.057038038309358,1.000229228422198,1.156768760235453,0.0013742677482982968,0.9873350507401176,0.0,0.0,0.050000000000000044,0.003525257314852259,0.005881162095132352,0.06754842345059997,0.0,0.0,"{'I': 1, 'W': 0, 'R': 1, 'C': 'free'}",False,True,True,1.0,3
4334,2,0.0015967023943236104,0.287314428398582,0.010259665504049305,1.6588566803809521,1.0001991629703342,1.2507218012952042,0.001591876738156972,0.9999469203175289,0.05,0.0,0.0,0.001030158782017795,0.025916975639732415,0.004066415310329558,0.0,0.0,"{'I': 1, 'W': 0, 'R': 1, 'C': 'free'}",False,True,True,1.0,3
4334,3,0.022728376682658324,0.31412495000033624,0.17477976516686497,1.9883526705808738,1.0054897629953288,1.2243210500631498,0.04285271194410112,0.9999999999999999,0.0,0.0,0.050000000000000044,0.017951831659187893,0.07574297332233684,0.11888562292601432,0.0,0.0,"{'I': 0, 'W': 1, 'R': 0, 'C': 'costly'}",False,True,True,0.6666666666666666,3
4341,1,0.2625967444099119,0.3923636961431159,0.7622210096941157,1.7738271534459291,1.253366342851562,1.2618607334220504,0.8954751103725774,0.9999999983706818,0.05,0.050000000000000044,0.050000000000000044,0.48944766532877093,0.24414946189078532,0.14803822357770927,0.050000000000000044,0.050000000000000044,"{'I': 1, 'W': 0, 'R': 1, 'C': 'free'}",False,True,True,1.0,3
4341,2,0.026677323123925022,0.4618350787696928,0.10131504747834125,1.7522084046359583,1.004721993634839,1.283960851221888,0.046016401422629305,0.9999999803743759,0.05,0.050000000000000044,0.050000000000000044,0.022890202226086974,0.0598419406484461,0.012431227460127045,0.050000000000000044,0.050000000000000044,"{'I': 1, 'W': 0, 'R': 1, 'C': 'free'}",False,True,True,1.0,3
4341,3,0.1355631522005839,0.6420776363469625,0.5054516626725903,2.109436519762764,1.0468872591943112,1.5360492840705555,0.30689236188844227,1.0,0.15,0.050000000000000044,0.050000000000000044,0.1645097858662577,0.2676359398696516,0.20181440455749836,0.15000000000000002,0.050000000000000044,"{'I': 1, 'W': 0, 'R': 1, 'C': 'free'}",False,True,True,1.0,3
4341,4,0.01026144542237819,0.5130066634729905,0.08525801140267188,2.230825541285831,1.001905231992461,1.314940760426953,0.016984876649625114,0.9999999998222979,0.2,0.050000000000000044,0.050000000000000044,0.00766058638473757,0.05995211923331618,0.06008984000220971,0.0,0.050000000000000044,"{'I': 1, 'W': 0, 'R': 1, 'C': 'free'}",False,True,True,1.0,3
4341,5,0.026534983124493528,0.24864111077765652,0.16047984931059908,1.6319286329307774,1.0057932240771057,1.1563606152414332,0.04516054546769299,0.9999814645498994,0.0,0.0,0.0,0.0008038829058477383,0.0027952115156911848,0.003181707370342292,0.0,0.0,"{'I': 0, 'W': 1, 'R': 0, 'C': 'costly'}",False,True,True,1.0,3
4360,1,0.0019825828584413975,0.17126339563361145,0.01982312644314399,1.5084298586699278,1.000250843321672,1.1220728396066584,0.004254724620703532,0.9996463712717998,0.1,0.050000000000000044,0.050000000000000044,0.1480358486328551,0.14741158054535625,0.1824159656752405,0.050000000000000044,0.050000000000000044,"{'I': 1, 'W': 0, 'R': 1, 'C': 'free'}",False,True,True,1.0,3
4360,2,0.2256829538920961,0.5564086810831346,1.4268979275955866,2.658149904582123,1.0897058536690958,1.4969016893353573,0.6113149132440201,1.0,0.3,0.35,0.15000000000000002,0.37657115814294284,0.7261806212974615,0.6483672155880623,0.5,0.35,"{'I': 1, 'W': 0, 'R': 1, 'C': 'free'}",False,True,True,1.0,3
4360,3,0.04961164832927947,0.5099643242434097,0.2576888785516621,2.6488470348986857,1.0112745420894664,1.4211616488733576,0.1356253280289864,1.0,0.5,0.8,0.7,0.5893872514638726,0.829393103871337,0.9229238060785278,0.5,0.75,"{'I': 1, 'W': 0, 'R': 1, 'C': 'free'}",False,True,True,1.0,3
4360,4,0.1297160418852798,0.6697134378599162,0.7126927897779566,2.4186649767706196,1.1192684279049263,1.6120344228086823,0.6759160932131603,1.0,,0.7,0.35,0.6213433331687971,0.7032129969532153,0.4064558874287044,0.65,0.15000000000000002,"{'I': 1, 'W': 0, 'R': 1, 'C': 'free'}",False,True,True,1.0,3
4360,5,0.03695839384555299,0.538389413676786,0.25054421894848383,2.715343747563038,1.0095398622485412,1.4426776228583336,0.11611683065823808,1.0,0.3,0.35,0.8,0.7050856603943714,0.8788718631094024,0.939340015156844,0.85,0.75,"{'I': 1, 'W': 0, 'R': 1, 'C': 'free'}",False,True,True,1.0,3
4360,6,0.12643534292364597,0.3176193362307999,0.559488746316405,1.7932160510447985,1.0401999933882613,1.197898987817456,0.37684248058906034,0.9999999916301127,0.2,0.050000000000000044,0.050000000000000044,0.07586776960769588,0.3469377244144733,0.29247764718122127,0.050000000000000044,0.050000000000000044,"{'I': 1, 'W': 0, 'R': 1, 'C': 'free'}",False,True,True,1.0,3
4360,7,0.06599768776686218,0.34827162737963224,0.27414010530736815,2.4547918528227064,1.0125749545903735,1.3044347725522807,0.09513758265172412,1.0,0.05,0.050000000000000044,0.050000000000000044,0.0158999968496216,0.13282322983485256,0.4067236455329335,0.050000000000000044,0.050000000000000044,"{'I': 1, 'W': 0, 'R': 1, 'C': 'free'}",False,True,True,1.0,3
4385,1,0.0765152037455941,0.4289847606569034,0.5962911001023958,2.162187655312774,1.0277073952169498,1.3962111131146442,0.2796124141752062,1.0,0.05,0.0,0.050000000000000044,0.0019064095181826558,0.005892468174162185,0.04208546183297149,0.0,0.0,"{'I': 1, 'W': 0, 'R': 1, 'C': 'free'}",False,True,True,1.0,3
4385,2,0.000490544091934901,0.39992545780607935,0.0034416697807149645,2.127675506344179,1.0000477980723155,1.3200499544440163,0.0005733987043814448,0.9999999999257991,0.05,0.0,0.050000000000000044,0.0009044953125776382,0.005198118869578502,0.015829745478461537,0.0,0.0,"{'I': 1, 'W': 0, 'R': 1, 'C': 'free'}",False,True,True,1.0,3
4385,3,0.009271288189352717,0.41882050951322053,0.06054751805725606,2.061038251833809,1.0015368271736753,1.3974433416405538,0.018259016385690496,1.0,0.2,0.35,0.050000000000000044,0.8925483982384532,0.7042426752496644,0.5919863927649522,0.15000000000000002,0.75,"{'I': 1, 'W': 0, 'R': 1, 'C': 'free'}",False,True,True,1.0,3
4385,4,0.00789983002830297,0.37233030299392017,0.07425304078541493,2.1576851449976773,1.0013845740746738,1.2979335461084012,0.016466320525079126,1.0,0.05,0.9,0.050000000000000044,0.6204252854472497,0.589766270558633,0.705034368057395,0.65,0.15000000000000002,"{'I': 0, 'W': 1, 'R': 0, 'C': 'costly'}",False,True,True,0.0,3
4392,1,0.21103327450001877,0.2737900546512829,0.8171469672260158,1.9289980561143436,1.0945082055443436,1.1710617312093428,0.7419435773057788,0.9999995094769615,0.05,0.050000000000000044,0.050000000000000044,0.3117217819298668,0.14714792984521752,0.09041646400004529,0.050000000000000044,0.050000000000000044,"{'I': 1, 'W': 0, 'R': 1, 'C': 'free'}",False,True,True,1.0,3
4392,2,0.003886223412889259,0.4591906914604594,0.021302787958777793,1.6356380802061963,1.0004783690082053,1.451620785213711,0.0071481489727373,0.9999999961661533,0.05,0.050000000000000044,0.050000000000000044,0.0017081254126111922,0.0293157328805682,0.005846759445950952,0.050000000000000044,0.0,"{'I': 1, 'W': 0, 'R': 1, 'C': 'free'}",False,True,True,1.0,3
4392,3,0.0008449607485326861,0.2757948515392909,0.0017402897522545355,1.9656562701543658,1.0000784033134438,1.1970164735649687,0.0005486511163542707,0.9999999969303693,0.0,0.0,0.0,0.005992575052522096,0.022887459091232472,0.041978398643414704,0.0,0.0,"{'I': 0, 'W': 1, 'R': 0, 'C': 'costly'}",False,True,True,0.6666666666666666,3
4414,1,0.03846531135046426,0.4431157454688948,0.33659131632082456,2.078690411247882,1.0116658233907332,1.393758664276362,0.09912135585324011,0.9999999999701938,0.0,0.0,0.050000000000000044,0.0005934074960673015,0.005218614713207997,0.047429478386185504,0.0,0.0,"{'I': 1, 'W': 0, 'R': 1, 'C': 'free'}",False,True,True,1.0,3
4414,2,0.06284093216635035,0.377338530076396,0.7182175525377598,2.117070067238482,1.0676270022389016,1.279734285829575,0.5728839825608856,1.0,0.1,0.4,0.15000000000000002,0.591398091265834,0.619593503089881,0.5293596888505404,0.5,0.15000000000000002,"{'I': 1, 'W': 0, 'R': 1, 'C': 'free'}",False,True,True,0.3333333333333333,3
4414,3,0.051839314030928466,0.37639474497664366,0.31791321036481734,2.4350643402446255,1.014128844184732,1.2928344024034413,0.11862285858002763,1.0,0.05,0.050000000000000044,0.050000000000000044,0.11914421304429931,0.18201482418719186,0.4057158010955348,0.15000000000000002,0.75,"{'I': 1, 'W': 0, 'R': 1, 'C': 'free'}",False,True,True,1.0,3
4414,4,0.003255720111355033,0.28256282100859564,0.012868214818588805,2.08322247905369,1.0003483084353446,1.2202593797236152,0.002782105073085739,0.9999999989791172,0.0,0.0,0.0,0.03732643053013012,0.09526376938486153,0.11921042960043592,0.0,0.0,"{'I': 0, 'W': 1, 'R': 0, 'C': 'costly'}",False,True,True,0.0,3
4421,1,0.0012438778037971309,0.2915962718854319,0.005272823654889838,1.2723669206914392,1.000132391605987,1.2083592340106721,0.0011907360974333647,0.9999962411093118,0.0,0.0,0.0,0.000547161725637756,0.005209065977431823,0.07530483022402991,0.0,0.0,"{'I': 1, 'W': 0, 'R': 1, 'C': 'free'}",False,True,True,1.0,3
4421,2,0.002489426427920608,0.2227208783120666,0.008923503424490439,1.7200474684670677,1.000255037815559,1.1242364387322585,0.0015288618917571606,0.9999702375636387,0.0,0.0,0.0,0.06804998025995446,0.4053038696365998,0.20181336846421918,0.0,0.0,"{'I': 0, 'W': 1, 'R': 0, 'C': 'costly'}",False,True,True,0.6666666666666666,3
4450,1,0.005117159957466198,0.2511041769230918,0.020325500084355762,1.126202213042428,1.0006614403753944,1.167690815825784,0.005275807544650402,0.9985132782477092,0.05,0.0,0.050000000000000044,0.010990120965314166,0.0473240437814617,0.037333687797141135,0.0,0.0,"{'I': 1, 'W': 0, 'R': 1, 'C': 'free'}",False,True,True,1.0,3
4450,2,0.004600027076546788,0.1623312097142772,0.019435046326650593,1.0669422834346938,1.0005785303966297,1.0978676383156354,0.0028876382911593446,0.9886864008954117,0.05,0.0,0.0,0.000487776177417062,0.02026810285762106,0.005884542789818027,0.0,0.0,"{'I': 1, 'W': 0, 'R': 1, 'C': 'free'}",False,True,True,1.0,3
4450,3,0.004475774952609367,0.11322626867731378,0.010923515727203435,1.1873861431228605,1.000512888083303,1.0717628635365868,0.002560499320993226,0.999574455411479,0.0,0.0,0.0,0.005910957373597474,0.0019256841973713924,0.05988950859789502,0.0,0.0,"{'I': 0, 'W': 1, 'R': 0, 'C': 'costly'}",False,True,True,1.0,3
4506,1,0.01650007339349481,0.3115406670536648,0.06136755457978223,1.2577227565699465,1.0024877564651071,1.3074981790844937,0.01968108518244094,0.9999984935824574,0.05,0.0,0.0,0.001300682622552893,0.002792561298857103,0.05114702213738207,0.0,0.0,"{'I': 1, 'W': 0, 'R': 1, 'C': 'free'}",False,True,True,1.0,3
4506,2,0.001597825357103513,0.18075128744783933,0.007469698016468148,1.5427343878319313,1.0001732537001935,1.1425149432925743,0.001557933401374667,0.9993429535056294,0.05,0.0,0.0,0.011084676931921828,0.01597894620917671,0.0013242821934991407,0.0,0.0,"{'I': 1, 'W': 0, 'R': 1, 'C': 'free'}",False,True,True,1.0,3
4506,3,0.0008592981520149038,0.35899365808621975,0.004204988563442636,2.1770588273329965,1.0000824486030186,1.2549005016450927,0.0005769499305803283,0.9999993867824909,0.0,0.0,0.0,0.01256871139382534,0.017941054618015508,0.014201727959232321,0.0,0.0,"{'I': 0, 'W': 1, 'R': 0, 'C': 'costly'}",False,True,True,1.0,3
4523,1,0.00615115450116093,0.2749760245595383,0.046503685488899375,1.7135847875227428,1.0009295203264943,1.1889119770330685,0.010167928006120652,0.9999999945858191,0.05,0.050000000000000044,0.050000000000000044,0.16183648910819834,0.13175804707224173,0.29125384603969223,0.050000000000000044,0.050000000000000044,"{'I': 1, 'W': 0, 'R': 1, 'C': 'free'}",False,True,True,1.0,3
4523,2,0.137547570571861,0.3751580382204219,0.9068228780858673,2.1063941722546815,1.157342061017712,1.2785825119032703,0.8268353826674966,1.0,0.1,0.050000000000000044,0.15000000000000002,0.3208014831997526,0.7288649473355007,0.703787678326418,0.050000000000000044,0.15000000000000002,"{'I': 1, 'W': 0, 'R': 1, 'C': 'free'}",False,False,True,0.6666666666666666,3
4523,3,0.12779009826047824,0.4165809487385704,0.9174345530500032,2.1594742976755144,1.1383503839378923,1.3686384919738033,0.8144706849027255,1.0,0.2,0.35,0.7,0.7956890603687176,0.8510818523383108,0.6770640111748872,0.5,0.75,"{'I': 1, 'W': 0, 'R': 1, 'C': 'free'}",False,True,True,1.0,3
4523,4,0.07981053013948,0.41424126590035604,0.7145795560906739,2.5046026927502334,1.0286815740924953,1.3413299197512605,0.38166523154711685,1.0,0.2,0.050000000000000044,0.15000000000000002,0.32034169095955506,0.56129237569069,0.8342713192558765,0.050000000000000044,0.15000000000000002,"{'I': 1, 'W': 0, 'R': 1, 'C': 'free'}",False,True,True,0.6666666666666666,3
4523,5,0.25877806740329135,0.5099101010381992,0.908996423632414,2.332693143431978,1.1181224977808077,1.3603563255022841,0.6339035430300883,1.0,0.2,0.15000000000000002,0.050000000000000044,0.22221863548755705,0.43729430232542343,0.2930415700955101,0.5,0.050000000000000044,"{'I': 1, 'W': 0, 'R': 1, 'C': 'free'}",False,True,True,1.0,3
4523,6,0.11242342443292525,0.5137229517039703,0.8278677211610307,2.291345003422846,1.0362958433311786,1.3974003470764558,0.24815216987312938,1.0,0.5,0.050000000000000044,0.0,0.08501171284486407,0.3203362784485953,0.24506997549409623,0.050000000000000044,0.050000000000000044,"{'I': 1, 'W': 0, 'R': 1, 'C': 'free'}",False,True,True,1.0,3
4523,7,0.0009273251626623529,0.16985198859764195,0.005819068891211217,1.0218123933875103,1.000096657092543,1.1237825884030552,0.0007729205153103047,0.9999999956606901,0.0,0.0,0.0,0.0003798334423558035,0.006686327476214381,0.0031831848578420373,0.0,0.0,"{'I': 0, 'W': 1, 'R': 0, 'C': 'costly'}",False,True,True,1.0,3
4525,1,0.000918631052049468,0.2799772109537115,0.003041423630435672,1.5883613622696424,1.0000925991424197,1.2105344154680542,0.0005554148323482222,0.9998475766449115,0.0,0.0,0.050000000000000044,0.0006197649448976925,0.002792761846715941,0.06699577202487922,0.0,0.0,"{'I': 1, 'W': 0, 'R': 1, 'C': 'free'}",False,True,True,1.0,3
4525,2,0.33365004341577487,0.48096940573675734,0.971114376230231,1.9855961450650421,1.1880360446911242,1.3495752997209793,0.5774754830761697,1.0,0.1,0.050000000000000044,0.050000000000000044,0.2681667442165437,0.29262955860071826,0.11867555574190004,0.15000000000000002,0.15000000000000002,"{'I': 1, 'W': 0, 'R': 1, 'C': 'free'}",False,True,True,0.6666666666666666,3
4525,3,0.01705080651510756,0.5801658183295727,0.0744566544627875,2.432896167010892,1.0028599508861926,1.503120114275402,0.028154745198107567,1.0,0.2,0.8,0.7,0.7966374730430713,0.8343199179140565,0.7288896048065086,0.7,0.75,"{'I': 1, 'W': 0, 'R': 1, 'C': 'free'}",False,True,True,0.3333333333333333,3
4525,4,0.16610687554268827,0.48242694645281237,0.5870135533909879,1.9215013516628106,1.064357756621444,1.374746828925307,0.3537707763798583,1.0,0.2,0.050000000000000044,0.15000000000000002,0.22192460607525555,0.3759719722275276,0.29327637487110736,0.050000000000000044,0.15000000000000002,"{'I': 1, 'W': 0, 'R': 1, 'C': 'free'}",False,True,True,1.0,3
4525,5,0.017236340086624228,0.6496283961691149,0.09996867004642745,2.286899527456475,1.0035021150861394,1.5446487668520057,0.02075751603899334,1.0,0.1,0.050000000000000044,0.09999999999999998,0.37669898904217314,0.8161460254014957,0.6206654684257158,0.9,0.050000000000000044,"{'I': 1, 'W': 0, 'R': 1, 'C': 'free'}",True,True,True,0.0,3
4525,6,0.00043403657289062936,0.5456124449656011,0.0014061891319704953,2.3596770233390023,1.000042845893729,1.423694030158514,0.0002998698611320627,1.0,0.3,0.9,0.7,0.43713308088567987,0.6217826529095755,0.6506012304623661,0.35,0.35,"{'I': 1, 'W': 0, 'R': 1, 'C': 'free'}",False,True,True,0.6666666666666666,3
4525,7,0.08119577418174215,0.5392676690696869,0.5381093289077783,2.237494887720243,1.0349582727972941,1.4633292845242454,0.2403434670134471,1.0,0.2,0.15000000000000002,0.15000000000000002,0.11915439070078088,0.40672480647635234,0.3767972081835154,0.15000000000000002,0.25,"{'I': 1, 'W': 0, 'R': 1, 'C': 'free'}",False,True,True,1.0,3
4543,1,0.09206381487271671,0.3125826773814872,0.5398445720417271,1.9702517909899915,1.0270429448522265,1.2966560074363178,0.2931159975719976,1.0,0.15,0.15000000000000002,0.050000000000000044,0.5271853661619059,0.4055026355631757,0.21975920695718582,0.15000000000000002,0.050000000000000044,"{'I': 1, 'W': 0, 'R': 1, 'C': 'free'}",False,True,True,1.0,3
4543,2,0.07725248954095937,0.47231265342282325,0.6913774113511236,2.1948573534635774,1.0565292797559698,1.4125295110083136,0.453861126060784,1.0,0.3,0.09999999999999998,0.15000000000000002,0.07546376264882414,0.14805156493363142,0.09535602620084872,0.15000000000000002,0.15000000000000002,"{'I': 1, 'W': 0, 'R': 1, 'C': 'free'}",False,True,True,1.0,3
4543,3,0.012156901201768839,0.5045432670547488,0.06796881941108797,2.6469262916017353,1.0018547687133628,1.4557079500043124,0.018359873288718243,1.0,0.3,0.35,0.15000000000000002,0.4981530499305898,0.5611615315637518,0.752917185728286,0.65,0.75,"{'I': 1, 'W': 0, 'R': 1, 'C': 'free'}",False,True,True,1.0,3
4543,4,0.07683104947368494,0.4790413092528155,0.5987785780834352,2.405274324238257,1.0376489182258273,1.3775055640543534,0.28295557887783973,1.0,0.3,0.050000000000000044,0.15000000000000002,0.10669184488959146,0.2680533521428579,0.4354775910307011,0.25,0.15000000000000002,"{'I': 1, 'W': 0, 'R': 1, 'C': 'free'}",False,True,True,1.0,3
4543,5,0.06654720976579534,0.2579045199961821,0.5659999227957663,1.7090036381582305,1.0323258264001158,1.162045664441684,0.24898455713995982,0.9999988393820485,0.05,0.0,0.050000000000000044,0.0031835548345347372,0.015906042419461922,0.020290844076033678,0.0,0.050000000000000044,"{'I': 1, 'W': 0, 'R': 1, 'C': 'free'}",False,True,True,1.0,3
4543,6,0.03133971854486877,0.2668031987617559,0.31642049597467675,2.2850321137785845,1.0086520233847722,1.163161323402576,0.12122126534964495,0.9999999970704149,0.1,0.050000000000000044,0.050000000000000044,0.2689276992281911,0.319522715522463,0.14804661035234454,0.050000000000000044,0.050000000000000044,"{'I': 1, 'W': 0, 'R': 1, 'C': 'free'}",False,True,True,1.0,3
4543,7,0.1302361252488706,0.42814808101585355,0.6151285316632111,2.316738317492929,1.1218733855657255,1.3071026723181731,0.800112256199331,1.0,0.2,0.050000000000000044,0.15000000000000002,0.29363563699472256,0.43616834725143183,0.32079807548069544,0.15000000000000002,0.050000000000000044,"{'I': 1, 'W': 0, 'R': 1, 'C': 'free'}",False,True,True,0.6666666666666666,3
4551,1,0.004569600089080343,0.24765241050137915,0.03603447274563254,1.114975086032014,1.0006737220560102,1.2144965495163849,0.006043123296452957,0.9999663490847887,0.0,0.0,0.0,0.001119875988520398,0.005877237995373664,0.024568585465221913,0.0,0.0,"{'I': 1, 'W': 0, 'R': 1, 'C': 'free'}",False,True,True,1.0,3
4551,2,0.0003888932735987867,0.38390154981508545,0.0017599651275278093,1.9290292868607304,1.0000360145154747,1.23227491982334,0.0002880694357717539,0.9999640807603203,0.05,0.0,0.050000000000000044,0.0013171859323506492,0.007572761434192317,0.0031488418570871464,0.0,0.0,"{'I': 1, 'W': 0, 'R': 1, 'C': 'free'}",False,True,True,1.0,3
4551,3,0.07523692123842532,0.2706824104337164,0.510640154728204,1.7940524589586386,1.0332031090606686,1.1912354906347074,0.20439029977841017,0.9999976221972268,0.05,0.0,0.0,0.0021739136626138266,0.008557013118196462,0.003624095083865778,0.0,0.0,"{'I': 1, 'W': 0, 'R': 1, 'C': 'free'}",False,True,True,1.0,3
4551,4,0.0029426839235550343,0.22812462222294802,0.02971738964595739,1.4968969450053013,1.0004415222180465,1.170503651741404,0.004843902813519652,0.9999998297467236,0.0,0.0,0.0,0.004068381134806033,0.006692150823114165,0.04710431426363975,0.0,0.0,"{'I': 0, 'W': 1, 'R': 0, 'C': 'costly'}",False,True,True,1.0,3
4560,1,0.01207601664495194,0.36595702944884595,0.06272125266074119,1.6951880561735977,1.001902457702893,1.2938742721646659,0.015090187166870384,0.9999998505199326,0.05,0.0,0.050000000000000044,0.00965963856137624,0.01796051396747552,0.196167619922261,0.0,0.0,"{'I': 1, 'W': 0, 'R': 1, 'C': 'free'}",False,True,True,1.0,3
4560,2,0.004071520095767313,0.3404422955259514,0.01612345615337611,1.5341429463908687,1.0005369730908,1.2785708840865977,0.0037507511011484196,0.9999999998812612,0.05,0.0,0.050000000000000044,0.009708161621921077,0.07570000461146012,0.0675486949327581,0.0,0.0,"{'I': 1, 'W': 0, 'R': 1, 'C': 'free'}",False,True,True,1.0,3
4560,3,0.5542626813986916,0.466590315628289,2.676975493307574,2.260255822160463,1.9297444975690026,1.4001106814505564,0.9996250250422987,1.0,0.1,0.9,0.050000000000000044,0.9668641492580631,0.9465120164138081,0.5922755856984797,0.5,0.35,"{'I': 1, 'W': 0, 'R': 1, 'C': 'free'}",False,True,True,0.0,3
4560,4,0.05666680097467674,0.3905936678712771,0.5636171662227395,2.1443566928318347,1.0267155538176176,1.2686414146527147,0.25174703518403385,0.9999999999999946,0.05,0.050000000000000044,0.050000000000000044,0.24403870100900707,0.2932831456047293,0.1640322160658574,0.050000000000000044,0.050000000000000044,"{'I': 1, 'W': 0, 'R': 1, 'C': 'free'}",False,True,True,0.0,3
4560,5,0.006857503113635871,0.42520899398841533,0.06057526637971755,2.2355654420955906,1.0011958968261163,1.3427609562754452,0.011880683770228107,1.0,0.2,0.050000000000000044,0.050000000000000044,0.20181003979663406,0.4064919039748006,0.24312355435593178,0.050000000000000044,0.050000000000000044,"{'I': 1, 'W': 0, 'R': 1, 'C': 'free'}",False,True,True,0.3333333333333333,3
4560,6,0.020500631407494908,0.4900714140388717,0.09496937790195868,2.2190114449105267,1.0033675587319002,1.398922844900003,0.039539876896313886,1.0,0.2,0.9,0.9,0.46834868849988215,0.5921239904688911,0.6214798168000691,0.25,0.75,"{'I': 1, 'W': 0, 'R': 1, 'C': 'free'}",False,True,True,0.0,3
4560,7,0.015669157497372677,0.4854872697145967,0.14135955775798353,1.954100231103673,1.0028695049054839,1.3708085796387497,0.028247325840228488,1.0,0.2,0.050000000000000044,0.15000000000000002,0.8164700433927568,0.7972921118005211,0.7966381706634356,0.75,0.75,"{'I': 1, 'W': 0, 'R': 1, 'C': 'free'}",False,True,True,0.0,3
457,1,0.0436456762524129,0.5040049698335662,0.22186776731865546,2.6520389056232454,1.0083221453693687,1.3405359110201995,0.048510134623902634,1.0,0.1,0.050000000000000044,0.09999999999999998,0.09536703115119595,0.4663934043491179,0.2001098230534396,0.050000000000000044,0.050000000000000044,"{'I': 1, 'W': 0, 'R': 1, 'C': 'free'}",False,True,True,1.0,3
457,2,0.2898048508956759,0.5209202997710655,0.8231394294944311,2.4428564863705127,1.137550180322055,1.520878862485443,0.5384947792948724,1.0,0.05,0.050000000000000044,0.15000000000000002,0.22200809551529652,0.43547128766799725,0.2684511360398242,0.050000000000000044,0.15000000000000002,"{'I': 1, 'W': 0, 'R': 1, 'C': 'free'}",False,True,True,0.6666666666666666,3
457,3,0.0156982589895928,0.5439044331150281,0.05137375885254088,2.5782187496935207,1.0025130742424302,1.406495406979392,0.014946702868844586,1.0,0.15,0.7,0.7,0.6787229608633869,0.816580322019175,0.5615506055028464,0.7,0.75,"{'I': 1, 'W': 0, 'R': 1, 'C': 'free'}",False,True,True,1.0,3
457,4,0.06686719138886113,0.5172035319737345,0.32280757221139655,2.419343233050764,1.0190324856373865,1.4272579648219723,0.10695812071367405,1.0,0.2,0.7,0.4,0.8516780798879192,0.8352359086901358,0.6506876451444539,0.6699999999999999,0.65,"{'I': 1, 'W': 0, 'R': 1, 'C': 'free'}",True,True,True,0.0,3
457,5,0.08558364648177015,0.47337120932044674,0.2895958385400561,2.3547758095126547,1.0189727286705563,1.3500883726714485,0.10664384361661061,1.0,0.05,0.15000000000000002,0.050000000000000044,0.7035247797011133,0.7752016260302522,0.677355220790466,0.5,0.050000000000000044,"{'I': 1, 'W': 0, 'R': 1, 'C': 'free'}",True,True,True,0.0,3
457,6,0.1624468749314583,0.5405679854375911,0.4302783210980834,2.143736163228478,1.058601075186016,1.4595917383661525,0.2894313945094462,1.0,0.1,0.9,0.9,0.904374832895651,0.8930843348411096,0.5921108356285685,0.75,0.35,"{'I': 1, 'W': 0, 'R': 1, 'C': 'free'}",True,False,True,0.0,3
457,7,0.025635650802760136,0.5433946071193699,0.13473315871647118,2.236084907858068,1.0051229582145678,1.4221875093157674,0.03513700668912556,1.0,0.2,0.9,0.15000000000000002,0.7768823822366078,0.8348278771974268,0.7299105640317968,0.15000000000000002,0.75,"{'I': 1, 'W': 0, 'R': 1, 'C': 'free'}",False,True,True,0.6666666666666666,3
4586,1,0.034607463478050854,0.29423028074790974,0.25171644183432523,1.8173365937001924,1.00680881045299,1.2074214864066963,0.07192533091814135,0.9999998898477173,0.05,0.0,0.050000000000000044,0.17299670995047794,0.04743123622476967,0.1729689775462273,0.0,0.0,"{'I': 1, 'W': 0, 'R': 1, 'C': 'free'}",False,True,True,1.0,3
4586,2,0.0011408819832295462,0.29326873222914085,0.004734957236720961,1.8144980708542473,1.0001210091868598,1.220062671447577,0.0010884240289569247,0.9999999545516506,0.05,0.0,0.0,0.0052510467637483845,0.029255978830256223,0.0075771529796941515,0.0,0.0,"{'I': 1, 'W': 0, 'R': 1, 'C': 'free'}",False,True,True,1.0,3
4586,3,0.029167927210230326,0.30290916249734756,0.14424833703352827,1.535539295134302,1.0062984370451333,1.1751996155934983,0.030905766795170986,0.9997739551159662,0.0,0.0,0.0,0.0035246037819133824,0.0019244363278420097,0.00521983579360046,0.0,0.0,"{'I': 0, 'W': 1, 'R': 0, 'C': 'costly'}",False,True,True,1.0,3
4592,1,0.04792839340721162,0.25449460214581054,0.43199003261214897,1.4658063503860579,1.0159893877287305,1.1317227443051805,0.1601163792600102,0.9999607972628763,0.05,0.050000000000000044,0.050000000000000044,0.22268431431188698,0.19989200601614535,0.23331584565823327,0.050000000000000044,0.050000000000000044,"{'I': 1, 'W': 0, 'R': 1, 'C': 'free'}",False,True,True,1.0,3
4592,2,0.0012258791447337792,0.207017879468944,0.009487392155565563,1.3407872554354459,1.0001391102607948,1.171255578795329,0.0020843335415896558,0.9999998402339771,0.1,0.050000000000000044,0.15000000000000002,0.18242849053416826,0.5285167906748758,0.49162656070627153,0.050000000000000044,0.15000000000000002,"{'I': 1, 'W': 0, 'R': 1, 'C': 'free'}",False,True,True,0.6666666666666666,3
4592,3,0.027909308201876124,0.4631947092361658,0.39716696928469863,2.547784347741427,1.0097733154420943,1.380758314390235,0.13574549069045616,1.0,0.2,0.050000000000000044,0.050000000000000044,0.05998478115239801,0.4065425359374696,0.7294248909910018,0.050000000000000044,0.75,"{'I': 1, 'W': 0, 'R': 1, 'C': 'free'}",False,True,True,0.3333333333333333,3
4592,4,0.01488510911981324,0.27813397180614163,0.14595603086809575,2.1704446463486344,1.0031521546388267,1.1924249881082631,0.0461109892375966,1.0,0.2,0.050000000000000044,0.050000000000000044,0.04738798077794695,0.22241813326734763,0.46611550855146383,0.0,0.050000000000000044,"{'I': 1, 'W': 0, 'R': 1, 'C': 'free'}",False,True,True,1.0,3
4592,5,0.007083739360498077,0.37829965606431637,0.02270716653952106,1.8659151912504681,1.0009127512995541,1.2924707767898242,0.006365995609085351,0.9999999999062148,0.05,0.0,0.050000000000000044,0.007571590893746221,0.033010674612982634,0.02926459867522326,0.0,0.0,"{'I': 1, 'W': 0, 'R': 1, 'C': 'free'}",False,True,True,1.0,3
4592,6,0.04553209668760614,0.28166711128229327,0.1995953585805742,1.9822392405827294,1.010714279502818,1.2821754087599475,0.05189160414254346,0.9999999985929495,0.0,0.0,0.0,0.018011043527780612,0.0675002689151679,0.07564435286105287,0.0,0.0,"{'I': 0, 'W': 1, 'R': 0, 'C': 'costly'}",False,True,True,1.0,3
4596,1,0.028178919897319285,0.2865883671651362,0.20363488376000025,1.9269729441913697,1.0066498086276225,1.2331745744514304,0.051641202025721866,0.9999999999999662,0.05,0.050000000000000044,0.050000000000000044,0.03308452226719611,0.05322811956845852,0.3165556958903057,0.0,0.050000000000000044,"{'I': 1, 'W': 0, 'R': 1, 'C': 'free'}",False,True,True,1.0,3
4596,2,0.023585637794524595,0.24140199362141077,0.08395915644360925,1.7247887860220574,1.003950059421606,1.1322413429841844,0.019518392788180794,0.9998519765998664,0.0,0.0,0.0,0.04793489921946757,0.04201994111578735,0.03733319852936247,0.0,0.0,"{'I': 0, 'W': 1, 'R': 0, 'C': 'costly'}",False,True,True,1.0,3
4611,1,0.0020192921295627496,0.33082671280591064,0.008280902209455371,1.5234000915054098,1.0002194751892362,1.206671929721527,0.0017540686848483977,0.999987275304543,0.05,0.050000000000000044,0.050000000000000044,0.029314936097344244,0.010957864294979566,0.11034102491075677,0.0,0.0,"{'I': 1, 'W': 0, 'R': 1, 'C': 'free'}",False,True,True,1.0,3
4611,2,0.00030455148849151624,0.2443880552342615,0.0014109720736721213,1.428245125889393,1.000027536439411,1.1643864716987042,0.000247793836646526,0.9999411451392445,0.05,0.0,0.050000000000000044,0.0007020885071247151,0.0027944277070781434,0.0019261416905640202,0.0,0.0,"{'I': 1, 'W': 0, 'R': 1, 'C': 'free'}",False,True,True,1.0,3
4611,3,0.003431539298179742,0.19100989783474465,0.011390929974707564,1.767190357622935,1.000404939937008,1.131647829942606,0.0024261998336906343,0.999975965857382,0.0,0.0,0.0,0.0013233718276213556,0.0010213851248776654,0.003135584054614481,0.0,0.0,"{'I': 0, 'W': 1, 'R': 0, 'C': 'costly'}",False,True,True,1.0,3
4614,1,0.005250299780556207,0.37634904314799406,0.0370191902111438,1.6002727547625917,1.0008098846508278,1.2458194520461139,0.006455527937288541,0.9999984960325528,0.05,0.0,0.050000000000000044,0.000617252325658027,0.0021573283687143733,0.010991909272703777,0.0,0.0,"{'I': 1, 'W': 0, 'R': 1, 'C': 'free'}",False,True,True,1.0,3
4614,2,0.07686681633586653,0.2876406019049386,0.6073802973382664,1.5870860991801952,1.1653706801425556,1.1894149894159856,0.7060406346559314,0.9996574978807876,0.0,0.0,0.0,0.0035918120134537873,0.0027916732032331726,0.033718457820334745,0.0,0.0,"{'I': 0, 'W': 1, 'R': 0, 'C': 'costly'}",False,True,True,1.0,3
4627,1,0.0025133098257671925,0.3019909125065233,0.02200881284980378,1.8275635192805184,1.0003462913225774,1.2621457943033494,0.0038013018436492407,0.9999993202972821,0.0,0.0,0.050000000000000044,0.001649592056179988,0.007556821103190762,0.08583825237944996,0.0,0.0,"{'I': 1, 'W': 0, 'R': 1, 'C': 'free'}",False,True,True,1.0,3
4627,2,0.09329740046521487,0.3100616176423836,0.6067809869274323,1.9155860731266645,1.0518990450388983,1.2200903601837751,0.29825136889580883,0.9999999862491868,0.05,0.050000000000000044,0.050000000000000044,0.05385799651081177,0.11878619257377415,0.07676125261531151,0.050000000000000044,0.0,"{'I': 1, 'W': 0, 'R': 1, 'C': 'free'}",False,True,True,1.0,3
4627,3,0.04564943409615057,0.16609828977527683,0.31639193668961907,1.7583632329255667,1.0144818315115771,1.1164663508105857,0.09574673659109689,0.9999915206545342,0.0,0.0,0.0,0.00459573093794148,0.00521257736043835,0.012343666586109943,0.0,0.0,"{'I': 0, 'W': 1, 'R': 0, 'C': 'costly'}",False,True,True,1.0,3
4646,1,0.012301431844041274,0.41164897355469215,0.08637531859097537,1.6275066153443096,1.0019264697843886,1.3201991702420615,0.01906214025754338,0.999999999999837,0.05,0.0,0.050000000000000044,0.009640820013022836,0.03725112145144521,0.06754331671383469,0.0,0.0,"{'I': 1, 'W': 0, 'R': 1, 'C': 'free'}",False,True,True,1.0,3
4646,2,0.46067301094578256,0.5246291766065244,1.0541875180646731,2.496434697682191,1.2330107081940607,1.4266001790777485,0.6491142278865227,1.0,0.15,0.050000000000000044,0.15000000000000002,0.1824132148124799,0.43462956032211897,0.3729201068225956,0.050000000000000044,0.15000000000000002,"{'I': 1, 'W': 0, 'R': 1, 'C': 'free'}",False,True,True,1.0,3
4646,3,0.02141150941950065,0.469860690063145,0.20772309889392557,2.0931147919933113,1.005179166454563,1.3490560309900457,0.05034641381762306,1.0,0.1,0.9,0.7,0.7291834147576927,0.9395035195820538,0.7528920656338725,0.5,0.75,"{'I': 1, 'W': 0, 'R': 1, 'C': 'free'}",True,True,True,0.0,3
4646,4,0.13584890371200303,0.61292580749793,0.7477043353208866,2.160287313571467,1.106560384858872,1.5851122645990088,0.5980019603357657,1.0,0.2,0.050000000000000044,0.15000000000000002,0.3204828084751931,0.7974905969612516,0.560590272594791,0.6699999999999999,0.65,"{'I': 1, 'W': 0, 'R': 1, 'C': 'free'}",False,True,True,1.0,3
4646,5,0.047010384841992305,0.5428005691317092,0.27342189525698424,2.3149473616635623,1.0135109142064342,1.3877181199377489,0.07736607188377775,1.0,0.15,0.15000000000000002,0.09999999999999998,0.2678277721876952,0.6768294853592683,0.590870913700297,0.15000000000000002,0.050000000000000044,"{'I': 1, 'W': 0, 'R': 1, 'C': 'free'}",False,True,True,1.0,3
4646,6,0.017606443316984834,0.5307638246987236,0.162238803137938,2.5016765710896296,1.003446419463535,1.384274398478371,0.03381982123432958,1.0,0.2,0.9,0.7,0.24483993579744678,0.7050734762701738,0.6215992036560032,0.25,0.75,"{'I': 1, 'W': 0, 'R': 1, 'C': 'free'}",False,True,True,0.0,3
4646,7,0.5378156954491427,0.5701978875048692,2.3750163631316323,2.483819508655513,1.4574687059383313,1.4680244553541615,1.0,1.0,0.2,0.25,0.25,0.5309683945107153,0.7305901083460883,0.7309354859210915,0.15000000000000002,0.75,"{'I': 1, 'W': 0, 'R': 1, 'C': 'free'}",False,True,True,1.0,3
4660,1,0.0006762951582985623,0.32497207319138627,0.0024581537714821783,1.4520490030803441,1.0000664977600409,1.2481154977000841,0.00046536053032431024,0.9998588083648724,0.05,0.0,0.050000000000000044,0.010987335499155476,0.01798525781367518,0.10209427232152274,0.0,0.0,"{'I': 1, 'W': 0, 'R': 1, 'C': 'free'}",False,True,True,1.0,3
4660,2,0.016201413644763043,0.37507645726786726,0.11149357217416754,1.9596105272434534,1.0033786580237594,1.2818187468838458,0.023334189515843984,0.9999988263571485,0.05,0.0,0.0,0.002791779165464226,0.08471845781487822,0.006644833824629804,0.0,0.0,"{'I': 1, 'W': 0, 'R': 1, 'C': 'free'}",False,True,True,1.0,3
4660,3,0.10596774336827972,0.32332694372319093,0.5416808195032583,2.2554562731041696,1.0395280649294565,1.2781437544350878,0.2376639309956804,0.999999927696395,0.0,0.0,0.0,0.05340076281749981,0.05324470026086178,0.05326989199179749,0.0,0.0,"{'I': 0, 'W': 1, 'R': 0, 'C': 'costly'}",False,True,True,0.6666666666666666,3
4673,1,0.11319685615595527,0.2544242021942649,0.8595264671651552,2.2906668851464698,1.0630746560645694,1.1614200190143085,0.575275517711892,0.999919522657986,0.0,0.050000000000000044,0.0,0.10668690716159192,0.07586337691186101,0.06405027513136444,0.0,0.0,"{'I': 1, 'W': 0, 'R': 1, 'C': 'free'}",False,True,True,1.0,3
4673,2,0.0027907579072455526,0.43863750314188904,0.009650242119889383,1.59852691309282,1.0003207904556686,1.2971881165636743,0.0035219126129462097,0.9999999994583021,0.05,0.050000000000000044,0.050000000000000044,0.0019124082607189588,0.025897271711444427,0.0059106128341939795,0.050000000000000044,0.0,"{'I': 1, 'W': 0, 'R': 1, 'C': 'free'}",False,True,True,1.0,3
4673,3,0.15355902896202653,0.4533254511075575,0.7342974637391559,1.7447002274781909,1.2548453992770114,1.3936548574928416,0.9343979626284387,0.9999999999999992,0.05,0.050000000000000044,0.050000000000000044,0.1192036304508592,0.20116143899555763,0.052955373013355685,0.050000000000000044,0.050000000000000044,"{'I': 1, 'W': 0, 'R': 1, 'C': 'free'}",False,True,True,0.6666666666666666,3
4673,4,0.00044332373728239174,0.3921901391252242,0.0024196879518366445,2.6753101166043027,1.000044247554552,1.285775533707121,0.0004423678830406397,0.9999999969442508,0.1,0.050000000000000044,0.050000000000000044,0.017959707614886977,0.05996899664147228,0.06735996725270989,0.050000000000000044,0.050000000000000044,"{'I': 1, 'W': 0, 'R': 1, 'C': 'free'}",False,True,True,1.0,3
4673,5,0.21463432289563442,0.4657035947674336,1.144814477895091,2.1887705461473064,1.2353622830193118,1.3881595887543374,0.948134416039025,1.0,0.2,0.050000000000000044,0.09999999999999998,0.1645089028790453,0.24402971201998064,0.3198488364377576,0.050000000000000044,0.050000000000000044,"{'I': 1, 'W': 0, 'R': 1, 'C': 'free'}",False,True,True,0.6666666666666666,3
4673,6,0.17813238820654517,0.4545029270756909,0.6954822000931506,2.2658151172791543,1.1252226052461967,1.3442196539115432,0.6108720617366663,1.0,0.2,0.35,0.4,0.2685645218413414,0.3768690680707305,0.4060773083640867,0.35,0.35,"{'I': 1, 'W': 0, 'R': 1, 'C': 'free'}",False,True,True,1.0,3
4673,7,0.04130802941478959,0.4353445612302633,0.38221137997727656,2.1858723118040704,1.0112241891598825,1.3525825901514796,0.11554029128325538,1.0,0.2,0.050000000000000044,0.5,0.34813559353060664,0.7536613391133198,0.7535425170408039,0.15000000000000002,0.75,"{'I': 1, 'W': 0, 'R': 1, 'C': 'free'}",False,True,True,0.3333333333333333,3
4678,1,0.00904271868198041,0.2629751494641419,0.05118752683169978,2.300572746522173,1.0013294599951958,1.1719532052272716,0.01188599025366488,0.9999999898513436,0.05,0.050000000000000044,0.050000000000000044,0.015907305942937527,0.0597645666853495,0.12858427765459707,0.050000000000000044,0.050000000000000044,"{'I': 1, 'W': 0, 'R': 1, 'C': 'free'}",False,True,True,1.0,3
4678,2,0.010365365104180143,0.4179661786880687,0.058477262171989786,1.9747157254110268,1.0016876788571094,1.3361491491853232,0.011734402808171396,0.9999999979298149,0.05,0.050000000000000044,0.050000000000000044,0.02931360577783808,0.1064318554403525,0.02291009194030428,0.050000000000000044,0.0,"{'I': 1, 'W': 0, 'R': 1, 'C': 'free'}",False,True,True,1.0,3
4678,3,0.2502373925756533,0.4024593880025969,0.7396604726308443,1.5488225251426317,1.394572728590776,1.3557333280574186,0.8640582078355682,0.9999999999892962,0.05,0.050000000000000044,0.050000000000000044,0.0675489398823628,0.22179927573339217,0.20078337730904336,0.050000000000000044,0.050000000000000044,"{'I': 1, 'W': 0, 'R': 1, 'C': 'free'}",False,True,True,1.0,3
4678,4,0.0004556406296270214,0.31759721714388833,0.002212899234813531,1.9496892382139435,1.0000420571989448,1.2652321252996985,0.0004625124683393933,0.9999999999999984,0.0,0.0,0.0,0.020331491605175354,0.132814320054057,0.08495489942865087,0.0,0.0,"{'I': 0, 'W': 1, 'R': 0, 'C': 'costly'}",False,True,True,1.0,3
4679,1,0.01933470907465264,0.31366277886044835,0.1635877419444967,2.273071025154171,1.0044274556438886,1.3374310825243598,0.038979126518657425,0.9999998864800138,0.0,0.050000000000000044,0.050000000000000044,0.006598761516285616,0.025844569746349026,0.0592886882221508,0.0,0.0,"{'I': 1, 'W': 0, 'R': 1, 'C': 'free'}",False,True,True,1.0,3
4679,2,0.0015565615244004913,0.23450985499683633,0.01261307050657206,1.484831696194527,1.000201825320257,1.141821800882035,0.0018145962322686504,0.9994050321793018,0.05,0.0,0.0,0.0035732086420083575,0.025893166506205687,0.008577079982614165,0.0,0.0,"{'I': 1, 'W': 0, 'R': 1, 'C': 'free'}",False,True,True,1.0,3
4679,3,0.04522507655624483,0.2040259643658814,0.16014785290768271,1.4732079869193404,1.0098691662424286,1.1389339201758164,0.047917816244563816,0.9999999133668579,0.0,0.0,0.0,0.053344468426519374,0.032985324085120844,0.06714918704768814,0.0,0.0,"{'I': 0, 'W': 1, 'R': 0, 'C': 'costly'}",False,True,True,0.6666666666666666,3
468,1,0.22465797812220964,0.32853515323148286,0.8179298794115045,1.5492789479439586,1.5040807217301524,1.2859227872199228,0.9425748700899573,0.9999999380819733,0.05,0.050000000000000044,0.050000000000000044,0.1261250548647472,0.06727883380497937,0.10147725426329288,0.050000000000000044,0.0,"{'I': 1, 'W': 0, 'R': 1, 'C': 'free'}",False,True,True,1.0,3
468,2,0.019091845534719386,0.33886299591715785,0.10091108838201836,2.113944461938805,1.0034528177826632,1.3006923204062915,0.027198245238970964,1.0,0.05,0.050000000000000044,0.050000000000000044,0.02297660239193401,0.09525493510108622,0.24403130851162222,0.050000000000000044,0.15000000000000002,"{'I': 1, 'W': 0, 'R': 1, 'C': 'free'}",False,True,True,1.0,3
468,3,0.0006227300334203695,0.2492172068938379,0.0019298852771520054,2.016784505586011,1.0000555349026392,1.155001620815646,0.00044416821314874344,0.9999993627303639,0.0,0.0,0.0,0.008608878763252588,0.020297321021100878,0.07586624941768125,0.0,0.0,"{'I': 0, 'W': 1, 'R': 0, 'C': 'costly'}",False,True,True,1.0,3
4690,1,0.01302015939562619,0.23339250637656236,0.09471200609393418,1.1645733021503966,1.0024483061138194,1.1626185036875258,0.019372406898245043,0.9991596694412173,0.0,0.0,0.0,0.001197549777327254,0.003139872618873676,0.07363868275978154,0.0,0.0,"{'I': 1, 'W': 0, 'R': 1, 'C': 'free'}",False,True,True,1.0,3
4690,2,0.00046286884346408093,0.25840368169904365,0.001952971498246957,1.561492188204858,1.0000428075321819,1.2033256077551173,0.0003851853407624839,0.9999965806371265,0.05,0.0,0.0,0.001922795971234197,0.012429007696275841,0.002181981446255846,0.0,0.0,"{'I': 1, 'W': 0, 'R': 1, 'C': 'free'}",False,True,True,1.0,3
4690,3,0.002498997982014842,0.2557395380888422,0.020831001767673673,1.433414862793676,1.0003286994997003,1.2002600396439134,0.0036085737801425655,0.9999999960480341,0.05,0.0,0.050000000000000044,0.015904214971833232,0.025872273570079825,0.03732649293786781,0.0,0.0,"{'I': 1, 'W': 0, 'R': 1, 'C': 'free'}",False,True,True,1.0,3
4690,4,0.00018995924147350912,0.2867521967774169,0.0004929865084791947,2.1315070758094494,1.0000148116475116,1.2161989496785923,0.00011848528262625724,0.9999999968410875,0.0,0.0,0.0,0.002797789951801378,0.003589979309293778,0.03712501175298956,0.0,0.0,"{'I': 0, 'W': 1, 'R': 0, 'C': 'costly'}",False,True,True,1.0,3
4737,1,0.001308210174403582,0.2689727557094079,0.009165564342397205,1.6184258758673689,1.000144837247408,1.1842333359260047,0.0014472193616544837,0.9999999995285179,0.05,0.050000000000000044,0.050000000000000044,0.002758391851546262,0.004604355217459191,0.08510918441829785,0.0,0.0,"{'I': 1, 'W': 0, 'R': 1, 'C': 'free'}",False,True,True,1.0,3
4737,2,0.2228259477919548,0.33658321341227593,0.5457045987038219,1.8442521920440187,1.4432291231263459,1.2487924214692931,0.8402931366813321,0.9999999999986457,0.15,0.050000000000000044,0.050000000000000044,0.1192029772245987,0.2012381188865581,0.029266506447175624,0.050000000000000044,0.0,"{'I': 1, 'W': 0, 'R': 1, 'C': 'free'}",False,True,True,1.0,3
4737,3,0.1742751928651928,0.34620039781670836,1.2161386142023538,1.8271472524882593,1.056385611636107,1.2132408515145343,0.3552071969024395,0.9999999972621892,0.15,0.8,0.050000000000000044,0.6478279323401664,0.8322822420348036,0.10639593165950514,0.5,0.050000000000000044,"{'I': 1, 'W': 0, 'R': 1, 'C': 'free'}",False,True,True,1.0,3
4737,4,0.00014603843622863712,0.19360846080098942,0.00042462289156441045,1.7670693377991358,1.0000109076051311,1.1241868432678517,8.725655807384491e-05,0.9999999733888432,0.0,0.0,0.0,0.00042974550305734105,0.004606404332648511,0.006686941991229592,0.0,0.0,"{'I': 0, 'W': 1, 'R': 0, 'C': 'costly'}",False,True,True,1.0,3
4739,1,0.10980818815272954,0.296961428115574,0.6518403744144187,1.2528592802437788,1.174276682228665,1.2534567777022478,0.7234099817197379,0.999999995421701,0.05,0.050000000000000044,0.050000000000000044,0.059384736406053455,0.041861721461985815,0.11523484486868203,0.0,0.0,"{'I': 1, 'W': 0, 'R': 1, 'C': 'free'}",False,True,True,1.0,3
4739,2,0.12364132274175235,0.4170998748564834,0.7096499012041328,1.822728955222528,1.0850804317458065,1.3662026444774342,0.5204403701400553,0.9999999999999983,0.05,0.050000000000000044,0.050000000000000044,0.16560858752666505,0.3472755293452997,0.20100628307232302,0.050000000000000044,0.050000000000000044,"{'I': 1, 'W': 0, 'R': 1, 'C': 'free'}",False,True,True,1.0,3
4739,3,0.029188945740478776,0.4524918863658486,0.20797723045516647,2.1387179462019295,1.005834112138239,1.300913437646501,0.04547102195054542,1.0,0.05,0.050000000000000044,0.050000000000000044,0.022977142259174688,0.08510572315376162,0.053214014950317266,0.050000000000000044,0.050000000000000044,"{'I': 1, 'W': 0, 'R': 1, 'C': 'free'}",False,True,True,1.0,3
4739,4,0.007876530478354415,0.4116135602621188,0.06212540679579892,2.2168521843466142,1.0013161171103864,1.302053135505009,0.013066401473629252,1.0,0.05,0.050000000000000044,0.050000000000000044,0.017985517355159176,0.10631749941609596,0.07562017060728025,0.050000000000000044,0.050000000000000044,"{'I': 1, 'W': 0, 'R': 1, 'C': 'free'}",False,True,True,1.0,3
4739,5,0.0009893558422155947,0.41055640225269574,0.009194613590438522,1.938349256212622,1.000109427787641,1.3540669782862769,0.0015307324441483638,0.9999999999999724,0.05,0.0,0.050000000000000044,0.004067184007367535,0.07564687912715683,0.2216028184703937,0.050000000000000044,0.050000000000000044,"{'I': 1, 'W': 0, 'R': 1, 'C': 'free'}",False,True,True,1.0,3
4739,6,0.0004799303741590808,0.3517224911267607,0.0013202527435411998,1.9206814159491314,1.0000417670779744,1.3173443514704568,0.00033407383094130605,1.0,0.0,0.0,0.0,0.002800581750386825,0.02591553383771629,0.03726117993412016,0.0,0.050000000000000044,"{'I': 0, 'W': 1, 'R': 0, 'C': 'costly'}",False,True,True,1.0,3
4741,1,0.048914232566419975,0.21907261514508797,0.3399306629117736,1.3525421960328332,1.0162848096592334,1.1519173459541168,0.10691671697065608,0.9996365822061088,0.0,0.0,0.0,0.0008955747633487658,0.004061718422500775,0.07584964613373753,0.0,0.0,"{'I': 1, 'W': 0, 'R': 1, 'C': 'free'}",False,True,True,1.0,3
4741,2,0.08240501910517188,0.5583144957865864,0.3088076298873967,2.1416329177317506,1.0197876546221218,1.4806275894721803,0.14508684734159938,1.0,0.1,0.050000000000000044,0.15000000000000002,0.590027835659374,0.7276094459635437,0.5910732983147833,0.050000000000000044,0.25,"{'I': 1, 'W': 0, 'R': 1, 'C': 'free'}",False,True,True,0.6666666666666666,3
4741,3,0.2816379330211497,0.5724051611460367,0.7336907821519698,2.4834371340994292,1.1432559696345943,1.5668436296025745,0.7002848473663865,1.0,0.2,0.8,0.7,0.7539010168160397,0.8165603617439708,0.466448856398827,0.5,0.75,"{'I': 1, 'W': 0, 'R': 1, 'C': 'free'}",False,True,True,0.6666666666666666,3
4741,4,0.12229934443770679,0.5671454708790443,0.7287439309788974,2.471734717712352,1.034348779606851,1.4144487441488947,0.31029570599089085,1.0,0.2,0.7,0.4,0.8164203346906906,0.8787481167144184,0.8146439881422023,0.65,0.65,"{'I': 1, 'W': 0, 'R': 1, 'C': 'free'}",False,True,True,0.6666666666666666,3
4741,5,0.43370564987573396,0.5273653920238831,1.6542090656396538,2.4517318637314727,1.3370962582931414,1.4998264702175745,0.9021189516673825,1.0,0.2,0.15000000000000002,0.5,0.7305914154955145,0.6784776576746365,0.7976650902464398,0.6699999999999999,0.75,"{'I': 1, 'W': 0, 'R': 1, 'C': 'free'}",False,True,True,0.6666666666666666,3
4741,6,0.14794474139262692,0.609713038673452,0.5772916596245198,2.154326451488516,1.038797176836623,1.5682133668362503,0.29005753524090505,1.0,0.2,0.9,0.9,0.8800025550365357,0.8798769686932634,0.8638342853916702,0.35,0.75,"{'I': 1, 'W': 0, 'R': 1, 'C': 'free'}",False,True,True,0.0,3
4741,7,0.6793090412474938,0.6375456147264333,1.8817159433742594,2.173560117165187,1.4863680287707584,1.5858674227796539,0.9580251494893306,1.0,0.2,0.8,0.7,0.9979553714613819,0.985837499853014,0.7742933667330724,0.9,0.75,"{'I': 1, 'W': 0, 'R': 1, 'C': 'free'}",True,True,True,0.0,3
4744,1,0.0009552733191423631,0.3752166795474516,0.003815536548546277,1.9169703855105995,1.0000980984940517,1.2585625076894775,0.0007844416263436127,0.9998397647812515,0.0,0.0,0.050000000000000044,0.003479643189749889,0.014063882632685843,0.19216371038642502,0.0,0.0,"{'I': 1, 'W': 0, 'R': 1, 'C': 'free'}",False,True,True,1.0,3
4744,2,0.0071665155248647515,0.42566174696483433,0.04509158945195916,1.734472180735053,1.0011731064118785,1.308763820880955,0.008173347094097672,0.9999999999822679,0.05,0.0,0.050000000000000044,0.004600659349625345,0.010967509192142887,0.003166781949622857,0.0,0.0,"{'I': 1, 'W': 0, 'R': 1, 'C': 'free'}",False,True,True,1.0,3
4744,3,0.186743081010561,0.421325736950617,0.6299958807450915,2.321609216152802,1.0903218159970238,1.351917052115425,0.4540949813539742,1.0,0.1,0.0,0.050000000000000044,0.406480253672688,0.3764680826296549,0.5609200919051966,0.15000000000000002,0.050000000000000044,"{'I': 0, 'W': 1, 'R': 0, 'C': 'costly'}",False,True,True,0.6666666666666666,3
4745,1,0.1170674404836952,0.4861676104387752,0.7392912428299357,2.5600803512641854,1.0468450948260044,1.3462001527247829,0.39564328302305063,1.0,0.05,0.050000000000000044,0.09999999999999998,0.3750247669853171,0.3485938672963112,0.14801830152981585,0.050000000000000044,0.050000000000000044,"{'I': 1, 'W': 0, 'R': 1, 'C': 'free'}",False,True,True,1.0,3
4745,2,0.001819373633404954,0.35811447038947947,0.006838552326048234,1.887380646443147,1.0002092057121208,1.26733826976679,0.0016720711820120693,0.9999943443831663,0.05,0.050000000000000044,0.050000000000000044,0.005140219440522162,0.009677825930602697,0.004609760396128997,0.0,0.0,"{'I': 1, 'W': 0, 'R': 1, 'C': 'free'}",False,True,True,1.0,3
4745,3,0.24265022874707323,0.48122884050767334,1.193170198638852,1.735304636661537,1.1453485843788949,1.3604436820191612,0.7425913326739924,0.9999999999491143,0.15,0.35,0.050000000000000044,0.8778421435405095,0.8342876985500699,0.7937110425572237,0.5,0.050000000000000044,"{'I': 1, 'W': 0, 'R': 1, 'C': 'free'}",False,True,True,1.0,3
4745,4,0.003758773679168093,0.4711972646373706,0.017373121611509685,1.9571452035798562,1.0004772766181076,1.3156596089842856,0.004285256792498027,0.9999999999999998,0.3,0.050000000000000044,0.15000000000000002,0.29376372023380015,0.29246198293907644,0.4999287237397938,0.25,0.15000000000000002,"{'I': 1, 'W': 0, 'R': 1, 'C': 'free'}",False,True,True,1.0,3
4745,5,0.002013372598328912,0.5778700549434298,0.011935615043000046,2.3194146542851595,1.0002446709581583,1.4585953300409118,0.0021993471638988016,1.0,0.3,0.15000000000000002,0.09999999999999998,0.2935651778511613,0.46750589672696735,0.49855635393849934,0.5,0.35,"{'I': 1, 'W': 0, 'R': 1, 'C': 'free'}",False,True,True,1.0,3
4745,6,0.003063248736342777,0.588594182350434,0.020355757811280954,2.1883151520547437,1.0003990729138454,1.4393427346617345,0.003981983847185733,1.0,0.5,0.9,0.7,0.5304052363112088,0.6205138417826156,0.3201394504873475,0.35,0.75,"{'I': 1, 'W': 0, 'R': 1, 'C': 'free'}",False,True,True,0.6666666666666666,3
4745,7,0.008653133153394598,0.5640756640190656,0.05047980237179269,2.3562910537028916,1.0013155484368774,1.5037549645367916,0.010462355686140068,1.0,0.1,0.050000000000000044,0.15000000000000002,0.6215071332937144,0.8165541464277298,0.5603648135355324,0.15000000000000002,0.75,"{'I': 1, 'W': 0, 'R': 1, 'C': 'free'}",True,True,True,0.0,3
4752,1,0.002629588686320901,0.2935621507070627,0.008131575281767067,1.6392340588386747,1.0002929589373217,1.2596984103155544,0.001755952707302888,0.9999806147824588,0.0,0.0,0.0,0.005732759168981959,0.006662770657294092,0.08279650348124806,0.0,0.0,"{'I': 1, 'W': 0, 'R': 1, 'C': 'free'}",False,True,True,1.0,3
4752,2,0.0013157008455813703,0.28974100531535674,0.007359739635664423,1.5581260425699393,1.000153611542005,1.1722051842569285,0.0010746203962290757,0.999955045743461,0.05,0.0,0.0,0.003569606397263431,0.010965012631680973,0.002471838593036658,0.0,0.0,"{'I': 1, 'W': 0, 'R': 1, 'C': 'free'}",False,True,True,1.0,3
4752,3,0.0034994603418850583,0.27538162174897235,0.018471667603869778,1.6951534289483587,1.0004662978939376,1.1905562754202295,0.002793226927208181,0.9999998721335808,0.0,0.0,0.0,0.00857575227922838,0.041961048652116306,0.03291886597051644,0.0,0.0,"{'I': 0, 'W': 1, 'R': 0, 'C': 'costly'}",False,True,True,1.0,3
4758,1,0.16681236165099175,0.44362656222449953,0.6787717911105694,2.331593058812455,1.082559215276768,1.4091167585661484,0.5821391092345278,1.0,0.5,0.7,0.09999999999999998,0.9213796094705988,0.8479957369344306,0.7270266972486003,0.9,0.85,"{'I': 1, 'W': 0, 'R': 1, 'C': 'free'}",False,True,True,1.0,3
4758,2,0.21368680436845378,0.570482439450359,1.0982109853200606,2.2605930348422936,1.1542904599980508,1.4526343839708011,0.7251067706685044,1.0,0.5,0.35,0.15000000000000002,0.32079934896539786,0.5897196839309011,0.29419600740111485,0.35,0.35,"{'I': 1, 'W': 0, 'R': 1, 'C': 'free'}",False,True,True,0.6666666666666666,3
4758,3,0.08455966588966578,0.5657795985171646,0.5828572626323252,2.716511516897194,1.0377105437849303,1.458839998424725,0.40443003539260736,1.0,0.5,0.8,0.7,0.8344140422301038,0.8784558123328802,0.5908274611986704,0.8,0.75,"{'I': 1, 'W': 0, 'R': 1, 'C': 'free'}",False,True,True,0.3333333333333333,3
4758,4,0.1712203697524674,0.6433549664428773,0.7013440467032606,2.59423178083457,1.1837599427689627,1.6017692716671257,0.8884235132289297,1.0,0.5,0.7,0.4,0.7306056154787414,0.8341092082727365,0.7035333177559456,0.85,0.65,"{'I': 1, 'W': 0, 'R': 1, 'C': 'free'}",False,True,True,0.0,3
4758,5,0.32895322567006063,0.503585545705456,1.353093081702281,2.6164342213587366,1.2318708362619961,1.4863409440107485,0.8114273907589418,1.0,,0.85,0.8,0.8804827814947498,0.9319529168894947,0.835107185315577,0.85,0.75,"{'I': 1, 'W': 0, 'R': 1, 'C': 'free'}",False,True,True,0.3333333333333333,3
4758,6,0.08531206803721417,0.4343800803570477,0.2921197114428886,2.6158512970937573,1.020654120114272,1.35473884930166,0.16805874186889147,1.0,0.4,0.85,0.7,0.7306064931449953,0.817212192406204,0.8173869252491758,0.75,0.75,"{'I': 1, 'W': 0, 'R': 1, 'C': 'free'}",False,True,True,0.0,3
4758,7,0.09298197789825058,0.6209349530437028,0.6926236531404808,2.357103109671159,1.0703913886612877,1.5276495501203209,0.4935064317873369,1.0,0.2,0.55,0.7,0.5305665994302164,0.8347236573954667,0.6496446961173533,0.75,0.55,"{'I': 1, 'W': 0, 'R': 1, 'C': 'free'}",False,True,True,1.0,3
476,1,0.17262035821227203,0.45754727682655383,1.346320833122724,1.9275765550517256,1.1384355879094952,1.378745824843441,0.914858912386703,0.9999999999093981,0.05,0.050000000000000044,0.050000000000000044,0.1269880221960584,0.11814242945215273,0.15384447368762563,0.050000000000000044,0.050000000000000044,"{'I': 1, 'W': 0, 'R': 1, 'C': 'free'}",False,True,True,1.0,3
476,2,0.012523314853431318,0.4704046908182845,0.07117811001080669,1.9873567424259624,1.0019358565024687,1.3371283368358873,0.03234314917165093,1.0,0.2,0.050000000000000044,0.15000000000000002,0.29419073327594747,0.40483779656174923,0.2226768627319359,0.15000000000000002,0.15000000000000002,"{'I': 1, 'W': 0, 'R': 1, 'C': 'free'}",False,True,True,0.6666666666666666,3
476,3,0.2616256417674371,0.5654875930150508,1.0903726547147432,2.2768785363757194,1.3255669496914857,1.4059104712785713,0.9854126974526898,1.0,0.2,0.35,0.7,0.3200372706762902,0.674921930331479,0.2437020986738906,0.15000000000000002,0.75,"{'I': 1, 'W': 0, 'R': 1, 'C': 'free'}",False,True,True,1.0,3
476,4,0.09760854927022215,0.5989786373778953,0.6104235928647846,2.147264300304916,1.0272828018506432,1.4121313635445114,0.3321948901575773,1.0,0.2,0.050000000000000044,0.050000000000000044,0.08510397926210901,0.22108167295221548,0.11895633983856399,0.050000000000000044,0.050000000000000044,"{'I': 1, 'W': 0, 'R': 1, 'C': 'free'}",False,True,True,1.0,3
476,5,0.06091633383309273,0.5552437941749475,0.5732074248506792,2.29480580072317,1.0202585987116048,1.3994209187263362,0.25980517446078166,0.9999999999992304,0.05,0.15000000000000002,0.09999999999999998,0.6201883173088752,0.43681199176919444,0.20136617329757817,0.5,0.050000000000000044,"{'I': 1, 'W': 0, 'R': 1, 'C': 'free'}",True,False,True,0.0,3
476,6,0.3736571231096923,0.4637300079950339,1.0188142197751904,2.3974624505591446,1.3775728512615182,1.3616281768796692,0.984457870561431,1.0,0.2,0.050000000000000044,0.050000000000000044,0.18217498257851553,0.18214856113143582,0.14754035241913027,0.050000000000000044,0.050000000000000044,"{'I': 1, 'W': 0, 'R': 1, 'C': 'free'}",False,True,True,1.0,3
476,7,0.005258388897831788,0.4435798022763011,0.03962291691726984,1.6694869687777232,1.0007645175932958,1.33167188626519,0.012153154550346823,0.9999999998018401,0.2,0.050000000000000044,0.050000000000000044,0.13279068759177143,0.3199573771078249,0.2678116433012352,0.050000000000000044,0.050000000000000044,"{'I': 1, 'W': 0, 'R': 1, 'C': 'free'}",False,True,True,0.6666666666666666,3
4784,1,0.09842048167549002,0.4480659649225356,0.5793018694112794,2.0629436222811663,1.0307477953751634,1.3394121939106227,0.1910287305659195,0.9999999999781625,0.1,0.050000000000000044,0.050000000000000044,0.22094135301886525,0.1480410010133166,0.1056201525537923,0.050000000000000044,0.050000000000000044,"{'I': 1, 'W': 0, 'R': 1, 'C': 'free'}",False,True,True,1.0,3
4784,2,0.12375931788106913,0.4879843615584412,0.5778395360974466,1.8863019587676326,1.0324051687143379,1.3299773964004764,0.22518389590750232,0.9999999999300527,0.1,0.050000000000000044,0.050000000000000044,0.3774941660480553,0.4660816146212408,0.13256478328751434,0.050000000000000044,0.050000000000000044,"{'I': 1, 'W': 0, 'R': 1, 'C': 'free'}",False,True,True,1.0,3
4784,3,0.0020234852779297814,0.4743219362953346,0.013361202739892018,1.982654928070616,1.0002469947815693,1.3652835905852798,0.0024665957748370992,0.9999999999998574,0.05,0.050000000000000044,0.050000000000000044,0.014024970579077409,0.04198220517502643,0.022974310348822233,0.050000000000000044,0.0,"{'I': 1, 'W': 0, 'R': 1, 'C': 'free'}",False,True,True,1.0,3
4784,4,0.3292995932117292,0.4770627912013194,2.3466390358227662,2.088866241352853,1.238602558117363,1.4177231806847592,0.9998750152144505,1.0,0.05,0.0,0.15000000000000002,0.3201414741186392,0.46790964788336004,0.37556006500689265,0.050000000000000044,0.15000000000000002,"{'I': 0, 'W': 1, 'R': 0, 'C': 'costly'}",False,True,True,1.0,3
4832,1,0.20543969266410897,0.33866249240983265,0.5211406986152812,1.8317585768883564,1.0571120017855,1.268060713050543,0.3221197591787126,0.9999999994783302,0.05,0.050000000000000044,0.0,0.08441319650253439,0.07586574570309818,0.15530486791630446,0.0,0.0,"{'I': 1, 'W': 0, 'R': 1, 'C': 'free'}",False,True,True,1.0,3
4832,2,0.39848486027211594,0.4615902375787969,1.002474601525781,1.7890275567545804,1.1451109265194648,1.3928075756815608,0.6126825273908634,1.0,0.05,0.050000000000000044,0.050000000000000044,0.6759409896599223,0.3774963710857695,0.05964528516579624,0.050000000000000044,0.0,"{'I': 1, 'W': 0, 'R': 1, 'C': 'free'}",False,True,True,1.0,3
4832,3,0.08917151545992452,0.44010689596753155,0.2158445931201606,2.101637602966389,1.0195116314310635,1.3200696026514962,0.14323341415518964,0.9999999999984812,0.05,0.050000000000000044,0.050000000000000044,0.0330872312810466,0.053308072557202504,0.07558895306462157,0.050000000000000044,0.050000000000000044,"{'I': 1, 'W': 0, 'R': 1, 'C': 'free'}",False,True,True,1.0,3
4832,4,0.17076962364361128,0.5554267678549812,0.4970887118601863,2.3795666661500263,1.0570216678179718,1.518187161918383,0.3217141296551769,1.0,0.05,0.0,0.050000000000000044,0.8800587513259635,0.7966335260040633,0.468151639941976,1.0,0.15000000000000002,"{'I': 1, 'W': 0, 'R': 1, 'C': 'free'}",False,True,True,0.0,3
4832,5,0.18828909536334906,0.4984900662124258,0.6332024694753376,2.0058040582539385,1.0896040112437975,1.4227622246346283,0.45157259757076873,1.0,0.15,0.15000000000000002,0.050000000000000044,0.1642496128541486,0.2935675412875937,0.22192917885337082,0.15000000000000002,0.050000000000000044,"{'I': 1, 'W': 0, 'R': 1, 'C': 'free'}",False,True,True,1.0,3
4832,6,0.11255147358815072,0.4421762990270977,0.585431944320044,2.794333531183323,1.2480835557848782,1.3688898009718233,0.7354315621031007,1.0,0.2,0.050000000000000044,0.35,0.11916638282941841,0.3204858270994115,0.5308013753670873,0.050000000000000044,0.35,"{'I': 1, 'W': 0, 'R': 1, 'C': 'free'}",False,True,True,1.0,3
4832,7,0.002654962330794893,0.5022785747610801,0.013273132149410874,1.9276242991223242,1.0003231368184164,1.4156991132907293,0.0025813395661457017,1.0,0.1,0.050000000000000044,0.15000000000000002,0.13286337419475472,0.3771166178507455,0.22222721143367016,0.15000000000000002,0.050000000000000044,"{'I': 1, 'W': 0, 'R': 1, 'C': 'free'}",False,True,True,1.0,3
4856,1,0.004345417517369573,0.4689915510253567,0.019829541924716105,2.1930663640014596,1.0005120939507353,1.3246429678311702,0.003577326195216113,0.999999999944576,0.05,0.050000000000000044,0.050000000000000044,0.007578778078987308,0.05982007684331405,0.2018040930392754,0.050000000000000044,0.050000000000000044,"{'I': 1, 'W': 0, 'R': 1, 'C': 'free'}",False,True,True,0.6666666666666666,3
4856,2,0.03156451092543456,0.49763433360131076,0.20991237272571925,2.225602222314016,1.0074199696109871,1.3895984625565296,0.06436814154472748,1.0,0.2,0.4,0.15000000000000002,0.6491759300043654,0.7286500486529706,0.6195751851551982,0.5,0.15000000000000002,"{'I': 1, 'W': 0, 'R': 1, 'C': 'free'}",False,True,True,1.0,3
4856,3,0.007638239728629751,0.6261357397461986,0.0605270107475293,2.189673072277616,1.0011784111056912,1.5791995310223284,0.014033211383710609,1.0,0.2,0.35,0.7,0.4059114596278818,0.6777045163146037,0.7040123691571679,0.5,0.75,"{'I': 1, 'W': 0, 'R': 1, 'C': 'free'}",False,True,True,0.6666666666666666,3
4856,4,0.08740163243593961,0.519001398820879,0.705537811943962,2.055210969097173,1.1072823223598056,1.4165814157200671,0.6003547077399449,1.0,0.3,0.050000000000000044,0.15000000000000002,0.4065549335881984,0.7754395722199722,0.4063521143447721,0.6699999999999999,0.15000000000000002,"{'I': 1, 'W': 0, 'R': 1, 'C': 'free'}",False,True,True,0.3333333333333333,3
4856,5,0.03165579998862268,0.6479572410786719,0.11145957185863978,2.498716435976184,1.0048772406790876,1.5713119253796053,0.03817531377776362,1.0,0.5,0.9,0.5,0.7293836599807645,0.8924924069625072,0.7032699750186382,0.9,0.75,"{'I': 1, 'W': 0, 'R': 1, 'C': 'free'}",False,True,True,0.3333333333333333,3
4856,6,0.02568309110218978,0.5811440443828738,0.15990109767728425,2.284986188955937,1.0055193489823264,1.4841710579820855,0.04833058601418938,1.0,0.2,0.050000000000000044,0.9,0.14793184081132318,0.5306496399354772,0.43637074325254455,0.050000000000000044,0.050000000000000044,"{'I': 1, 'W': 0, 'R': 1, 'C': 'free'}",False,True,True,1.0,3
4856,7,0.01318566093431808,0.3787692420145745,0.09058174761233888,2.3907549908459633,1.0025367999738475,1.2841255296973715,0.03484853189618986,1.0,0.1,0.050000000000000044,0.050000000000000044,0.13289281783906515,0.24469811937893496,0.20147381930553487,0.15000000000000002,0.050000000000000044,"{'I': 1, 'W': 0, 'R': 1, 'C': 'free'}",False,True,True,0.6666666666666666,3
4859,1,0.0018528282407301547,0.40473760239125267,0.007840096056897975,2.0249504259285787,1.0001968405033839,1.2760778603374119,0.001376799270878859,0.9999999910187912,0.05,0.050000000000000044,0.050000000000000044,0.08423002607899614,0.13296900489531688,0.08085305436188399,0.0,0.050000000000000044,"{'I': 1, 'W': 0, 'R': 1, 'C': 'free'}",False,True,True,1.0,3
4859,2,0.024682877768367018,0.3895072435283462,0.2285077767891155,2.2644679264734333,1.0062956730580348,1.303325085111942,0.06670628354683172,1.0,0.05,0.050000000000000044,0.050000000000000044,0.008625322111295023,0.2679455518507505,0.07586547332186269,0.050000000000000044,0.050000000000000044,"{'I': 1, 'W': 0, 'R': 1, 'C': 'free'}",False,True,True,1.0,3
4859,3,0.10593409023689711,0.2822349356325605,0.5499824941729318,1.7180222539474022,1.0335051279063858,1.1951973239982592,0.17941384498804214,0.9999999994903799,0.0,0.0,0.0,0.022886352363710345,0.06745990420607376,0.025958424033674772,0.0,0.0,"{'I': 0, 'W': 1, 'R': 0, 'C': 'costly'}",False,True,True,1.0,3
4878,1,0.06561072658302741,0.28771718117067296,0.42726968592385656,1.188345041337035,1.0239035878026723,1.2457152475134539,0.15240859033979304,0.9996327820416616,0.0,0.0,0.0,0.0034722220571977947,0.010937699736417276,0.13898883331112916,0.0,0.0,"{'I': 1, 'W': 0, 'R': 1, 'C': 'free'}",False,True,True,1.0,3
4878,2,0.003481928049821583,0.3974858465519824,0.02132042646515613,1.6679227446195255,1.000429158977901,1.339774734255594,0.0029989625096749073,0.9999999999786533,0.05,0.0,0.0,0.0045921967696707505,0.017981995283843158,0.014016130394041551,0.0,0.0,"{'I': 1, 'W': 0, 'R': 1, 'C': 'free'}",False,True,True,1.0,3
4878,3,0.09245155430315148,0.22830713020581211,0.5511415133158295,1.7513650081691476,1.0368838220828516,1.1689165268882555,0.19532703726907197,0.9999998956963271,0.0,0.0,0.0,0.002799737474706056,0.0021799896179251405,0.0419099665247212,0.0,0.0,"{'I': 0, 'W': 1, 'R': 0, 'C': 'costly'}",False,True,True,1.0,3
489,1,0.0027423687038584427,0.327722649803804,0.00842682195404011,1.627527730654833,1.0003118783050813,1.3168679654563888,0.0024915284270475846,0.9999999925676157,0.05,0.0,0.050000000000000044,0.0008575550044178674,0.005204131005767375,0.1956576733646716,0.0,0.0,"{'I': 1, 'W': 0, 'R': 1, 'C': 'free'}",False,True,True,1.0,3
489,2,0.00133681275274137,0.19946007807115382,0.01403032588935335,1.4308770552721002,1.0001752658431828,1.075808553377679,0.0021007960635917033,0.9966528856085904,0.05,0.0,0.0,0.008577158736487261,0.0849644999779627,0.014062831991065944,0.0,0.0,"{'I': 1, 'W': 0, 'R': 1, 'C': 'free'}",False,True,True,1.0,3
489,3,0.0013384612549857192,0.22618250773701917,0.004116296573188551,1.7790741500562572,1.0001340564191545,1.1793516785065632,0.0008039612562048548,0.9999999999999997,0.0,0.0,0.050000000000000044,0.1477010695349376,0.22208993176070424,0.18242472296230708,0.0,0.0,"{'I': 0, 'W': 1, 'R': 0, 'C': 'costly'}",False,True,True,0.6666666666666666,3
4890,1,0.019147788432555622,0.2815481298385299,0.12119297495713242,1.656006328493015,1.0039810105295204,1.3087225893895276,0.027428564760535346,0.9999999949438436,0.0,0.0,0.050000000000000044,0.004499156872374658,0.009692447896489082,0.29298358088182885,0.0,0.0,"{'I': 1, 'W': 0, 'R': 1, 'C': 'free'}",False,True,True,1.0,3
4890,2,0.008009133726693039,0.19250460522865287,0.05630411623255123,1.3123369358150987,1.0012930577984889,1.132110948616169,0.011562635604526195,0.998769746767436,0.0,0.0,0.0,0.0019082675227939131,0.008553468558910754,0.002793708525110026,0.0,0.0,"{'I': 1, 'W': 0, 'R': 1, 'C': 'free'}",False,True,True,1.0,3
4890,3,0.02517420452273302,0.29292363422553624,0.27552944562591825,1.9402239926553393,1.0069582048558317,1.1830025312477996,0.0798414613433106,0.9999999640696652,0.05,0.0,0.050000000000000044,0.03732702054311192,0.0229754794817223,0.025943131120826753,0.050000000000000044,0.0,"{'I': 1, 'W': 0, 'R': 1, 'C': 'free'}",False,True,True,1.0,3
4890,4,0.05969288706731533,0.2676017828879809,0.29312670859035217,1.9108710267215343,1.0180929776272172,1.238349669686235,0.08575458581695217,0.9999999990132649,0.0,0.0,0.0,0.0046051506158934505,0.009694666894131418,0.007560707433940939,0.0,0.0,"{'I': 0, 'W': 1, 'R': 0, 'C': 'costly'}",False,True,True,1.0,3
4897,1,0.013691241965522212,0.2875294484974598,0.06681724797714936,1.259364459441381,1.0021615846405951,1.1546223971523972,0.01712567381083341,0.9997239922502849,0.0,0.0,0.0,0.0010228401464434506,0.005214098727985449,0.029312823737527898,0.0,0.0,"{'I': 1, 'W': 0, 'R': 1, 'C': 'free'}",False,True,True,1.0,3
4897,2,0.0012518962028755178,0.4500118525546071,0.0073702312408637964,1.6775342327423943,1.0001249848345515,1.3482605318298158,0.001748148549559514,0.9999999999999961,0.1,0.050000000000000044,0.15000000000000002,0.14805407630175946,0.2215523325090129,0.11893999701326168,0.5,0.15000000000000002,"{'I': 1, 'W': 0, 'R': 1, 'C': 'free'}",False,True,True,1.0,3
4897,3,0.05752924445748453,0.2938596754219796,0.21054219204474667,1.9563392800364583,1.0131284025477836,1.2493094037904304,0.07527402797640159,0.9999999997847223,0.15,0.0,0.050000000000000044,0.18239680579343975,0.3473364397310094,0.24391187648790802,0.050000000000000044,0.050000000000000044,"{'I': 1, 'W': 0, 'R': 1, 'C': 'free'}",False,True,True,0.3333333333333333,3
4897,4,0.0011698504833094249,0.31420013520613516,0.010369043826522846,2.1355135377710877,1.0001351157023566,1.233411681652043,0.0018897043069877606,1.0,0.2,0.050000000000000044,0.15000000000000002,0.18222162018372906,0.46841696498088786,0.34771475610273117,0.050000000000000044,0.15000000000000002,"{'I': 1, 'W': 0, 'R': 1, 'C': 'free'}",False,True,True,1.0,3
4897,5,0.015990301179437852,0.27052340634722755,0.07424537310197729,1.9390275213377945,1.0028952232410218,1.2136025538924353,0.020033881701267964,1.0,0.1,0.050000000000000044,0.050000000000000044,0.022964309028186348,0.08503942339393812,0.09519502200228215,0.050000000000000044,0.050000000000000044,"{'I': 1, 'W': 0, 'R': 1, 'C': 'free'}",False,True,True,1.0,3
4897,6,0.0012696315911528892,0.37046837435701496,0.0067340505594391115,2.2835426670138044,1.0001431490280965,1.278516331599046,0.0010014696769511389,1.0,0.05,0.0,0.0,0.46777997408017535,0.29397331010062605,0.24403230199787163,0.050000000000000044,0.050000000000000044,"{'I': 1, 'W': 0, 'R': 1, 'C': 'free'}",False,True,True,1.0,3
4897,7,0.009754412017387986,0.2801047695864376,0.061079204976770704,1.8581983419766117,1.0016891478733845,1.2044109205647777,0.011744548074329897,1.0,0.05,0.0,0.0,0.029285683842363328,0.07578058732092688,0.18211792292458273,0.050000000000000044,0.050000000000000044,"{'I': 0, 'W': 1, 'R': 0, 'C': 'costly'}",False,True,True,1.0,3
4923,1,0.04827453195031753,0.2487940032764471,0.3652972104374575,1.7555867846978992,1.0149318326589452,1.1570063647796258,0.11181178300315786,0.9989450792329667,0.05,0.0,0.050000000000000044,0.0034966944124784636,0.0035887288301855455,0.11585708804790718,0.0,0.0,"{'I': 1, 'W': 0, 'R': 1, 'C': 'free'}",False,True,True,1.0,3
4923,2,0.0008499254197479744,0.47248774473925653,0.0034332907789569526,1.7299571967946414,1.0000862146230314,1.3485233948946043,0.0006032942921238016,0.9999999999993787,0.05,0.0,0.050000000000000044,0.003585955383788603,0.037191037381460686,0.00984597782591516,0.0,0.0,"{'I': 1, 'W': 0, 'R': 1, 'C': 'free'}",False,True,True,1.0,3
4923,3,0.3711290159800611,0.49654244705219924,1.026441196040628,2.455850801622097,1.310033553959942,1.4007924461543786,0.8021639266498846,1.0,0.15,0.050000000000000044,0.09999999999999998,0.5607498153008867,0.5298887596502139,0.1323251619309915,0.15000000000000002,0.15000000000000002,"{'I': 1, 'W': 0, 'R': 1, 'C': 'free'}",False,True,True,0.3333333333333333,3
4923,4,0.27773656376275124,0.5922666452597848,1.0607084429848008,2.466340045376491,1.1058433506050789,1.513416467262858,0.39531117096523094,1.0,0.1,0.9,0.050000000000000044,0.6199123375529633,0.5912648306831587,0.40594361856542965,0.6699999999999999,0.15000000000000002,"{'I': 1, 'W': 0, 'R': 1, 'C': 'free'}",False,True,True,0.6666666666666666,3
4923,5,0.14588624590199825,0.5637715036833014,0.7058811515360834,2.1250778735408873,1.1119279088130867,1.4821636075461986,0.4116756206382488,1.0,0.05,0.050000000000000044,0.050000000000000044,0.4671222065035477,0.5300380349767276,0.2932911625559,0.050000000000000044,0.050000000000000044,"{'I': 1, 'W': 0, 'R': 1, 'C': 'free'}",False,True,True,0.0,3
4923,6,0.1986748252823258,0.462647039150703,0.8259900425507221,2.152504918514852,1.079911939930459,1.3608202725268363,0.36952199188838575,1.0,,0.0,0.050000000000000044,0.18242048354937207,0.14793496787790208,0.6790244752976904,0.050000000000000044,0.35,"{'I': 0, 'W': 1, 'R': 0, 'C': 'costly'}",False,True,True,0.6666666666666666,3
4929,1,0.08891747525523769,0.34851422253120623,0.7021134975633538,2.516491615327689,1.0644992953673558,1.305120816729798,0.7135212361523173,1.0,0.1,0.050000000000000044,0.050000000000000044,0.13244403511967856,0.2933731060885047,0.24400099141047196,0.050000000000000044,0.050000000000000044,"{'I': 1, 'W': 0, 'R': 1, 'C': 'free'}",False,True,True,1.0,3
4929,2,0.17829554064597802,0.30501183752390243,1.0048560707921452,2.1984683484389294,1.1250337678803377,1.2569886162544948,0.880044557756493,0.999999999999951,0.1,0.050000000000000044,0.050000000000000044,0.020332040404134957,0.0420921377952586,0.22268609954497007,0.050000000000000044,0.050000000000000044,"{'I': 1, 'W': 0, 'R': 1, 'C': 'free'}",False,True,True,1.0,3
4929,3,0.003164141187863966,0.22760820042882085,0.012283753653457295,1.550862280716459,1.000370502805962,1.125102657264642,0.0033283563813873984,0.9999604200660271,0.05,0.0,0.050000000000000044,0.008661016787092423,0.017947086993846263,0.05987079441593071,0.0,0.0,"{'I': 1, 'W': 0, 'R': 1, 'C': 'free'}",False,True,True,1.0,3
4929,4,0.002906347467046617,0.4092283601161315,0.014534797906985636,2.143930076265718,1.0003472580877057,1.3168288444960363,0.002081018517647415,0.9999991983143315,0.0,0.0,0.0,0.008575784299230896,0.007569458913659744,0.017888568529465274,0.0,0.0,"{'I': 0, 'W': 1, 'R': 0, 'C': 'costly'}",False,True,True,1.0,3
494,1,0.011142295448518106,0.26238589270373036,0.07678800939662274,1.6473269213509865,1.0017522456545054,1.1741311079280983,0.020789404932953892,0.9999999999337208,0.05,0.0,0.050000000000000044,0.005186435266001251,0.022796761128622157,0.10243361644621492,0.0,0.0,"{'I': 1, 'W': 0, 'R': 1, 'C': 'free'}",False,True,True,1.0,3
494,2,0.0012309032834829827,0.41668993903710555,0.011352892928682638,2.039623161758852,1.000154695321493,1.3211135679461603,0.0017000701722058587,0.9999999965787146,0.05,0.050000000000000044,0.050000000000000044,0.0021600863702354693,0.008681776730358758,0.015906332837043343,0.0,0.0,"{'I': 1, 'W': 0, 'R': 1, 'C': 'free'}",False,True,True,1.0,3
494,3,0.009664283888387077,0.24129479804425477,0.0447081694122868,1.6148897130256157,1.001551112693648,1.1548403628536104,0.00925635945885328,0.9999972738732235,0.05,0.0,0.050000000000000044,0.0021851377242517096,0.005897386318646057,0.00855257105205369,0.0,0.0,"{'I': 1, 'W': 0, 'R': 1, 'C': 'free'}",False,True,True,1.0,3
494,4,0.00046847061418338147,0.3180749853958102,0.0012082322725027001,1.9045321292165212,1.000042303462345,1.2602813638252484,0.00033836328285730133,0.9999999999998259,0.0,0.0,0.0,0.02029401143998704,0.0533287643595788,0.037171246118825677,0.0,0.0,"{'I': 0, 'W': 1, 'R': 0, 'C': 'costly'}",False,True,True,1.0,3
4959,1,0.04370595020212305,0.21568954662875414,0.27546098454670903,1.1900028917702443,1.0119596886738462,1.1327706886123114,0.0798523725749476,0.995852829614451,0.05,0.0,0.050000000000000044,0.0031723140281634454,0.004597041886855026,0.047427573493478994,0.0,0.0,"{'I': 1, 'W': 0, 'R': 1, 'C': 'free'}",False,True,True,1.0,3
4959,2,0.0005235977030093935,0.25110745192640727,0.002201740745206965,1.2100482515641757,1.000048053856321,1.1294786353816948,0.00038434773365014774,0.9990318272958583,0.0,0.0,0.0,0.0007974065226731686,0.007540219441430638,0.00318895206009662,0.0,0.0,"{'I': 1, 'W': 0, 'R': 1, 'C': 'free'}",False,True,True,1.0,3
4959,3,0.014150013275044324,0.39354901778739304,0.06146990787809937,2.557365776558896,1.0024178640293697,1.3063124766178305,0.01200212149268054,1.0,0.05,0.0,0.050000000000000044,0.07585695052935527,0.059991928725345714,0.18224207370628145,0.0,0.0,"{'I': 0, 'W': 1, 'R': 0, 'C': 'costly'}",False,True,True,0.6666666666666666,3
4980,1,0.060975399690873615,0.5492016191187552,0.34875089543915716,2.2824302506734524,1.0183359692603688,1.4142784865307925,0.11943298780839917,0.9999999990712392,0.05,0.0,0.050000000000000044,0.0657311777386304,0.01798602097838787,0.12740015165873858,0.0,0.0,"{'I': 1, 'W': 0, 'R': 1, 'C': 'free'}",False,True,True,1.0,3
4980,2,0.0008413027205972412,0.22502149952421702,0.0030472250014885478,1.6608999400812732,1.000085704305033,1.1322451811786933,0.0005140716156589731,0.9994198087970819,0.05,0.0,0.0,0.006672462341440971,0.009668582866362662,0.003581563589253242,0.0,0.0,"{'I': 1, 'W': 0, 'R': 1, 'C': 'free'}",False,True,True,1.0,3
4980,3,0.000467171422131885,0.44661301051523483,0.0015868613965636567,2.0906493098567798,1.0000421691622199,1.409414293851463,0.00033728929017973197,0.999999999854304,0.05,0.050000000000000044,0.050000000000000044,0.0035922156743362597,0.02288656874846048,0.033313355243991045,0.050000000000000044,0.0,"{'I': 1, 'W': 0, 'R': 1, 'C': 'free'}",False,True,True,1.0,3
4980,4,0.029226175524379765,0.3488305494481621,0.2503894233723931,1.999340388408004,1.0054414846985646,1.2439818827614197,0.047667080327639555,0.9999999976453793,0.0,0.0,0.0,0.022946398410347287,0.020260111205686066,0.09535203005558232,0.0,0.0,"{'I': 0, 'W': 1, 'R': 0, 'C': 'costly'}",False,True,True,1.0,3
4981,1,0.0002838901803095564,0.16845035688100515,0.0017481833090482039,1.1471186892020682,1.0000256460149939,1.1110693200886852,0.0003589751589617718,0.9991383268219868,0.0,0.0,0.050000000000000044,0.0024253634200486606,0.0035798922030099573,0.15096850541928344,0.0,0.0,"{'I': 1, 'W': 0, 'R': 1, 'C': 'free'}",False,True,True,1.0,3
4981,2,0.15845263378704788,0.47813478998370545,0.45301439105651714,2.1517231782082105,1.041026466169617,1.3709642349281999,0.3036235705441801,1.0,0.2,0.050000000000000044,0.15000000000000002,0.7295630503907051,0.6209108352107402,0.34808035877979726,0.5,0.15000000000000002,"{'I': 1, 'W': 0, 'R': 1, 'C': 'free'}",False,True,True,0.6666666666666666,3
4981,3,0.0918090092388007,0.5088478768527509,0.34087613706693826,2.0411784067028105,1.0240882350549776,1.4450069089156943,0.17338937209055771,1.0,0.1,0.050000000000000044,0.7,0.1649354008370089,0.406443873474099,0.6201583107548796,0.15000000000000002,0.75,"{'I': 1, 'W': 0, 'R': 1, 'C': 'free'}",False,True,True,1.0,3
4981,4,0.27168125316937114,0.46372085195395246,0.8876928797913465,1.7763898779184246,1.0948120555452525,1.3559665958324068,0.515511545726001,1.0,0.2,0.050000000000000044,0.15000000000000002,0.2938123566981783,0.3770332771715838,0.24483206387424963,0.050000000000000044,0.15000000000000002,"{'I': 1, 'W': 0, 'R': 1, 'C': 'free'}",False,True,True,0.6666666666666666,3
4981,5,0.0022565975875618923,0.4271168018727308,0.008166295997516641,1.9817466604638228,1.0002584660508442,1.3168537352172331,0.0020653255081116706,0.9999999999988877,0.1,0.050000000000000044,0.050000000000000044,0.022975698122807517,0.10650853763410646,0.10636068869755619,0.050000000000000044,0.050000000000000044,"{'I': 1, 'W': 0, 'R': 1, 'C': 'free'}",False,True,True,1.0,3
4981,6,0.0146796048273018,0.24131513495161053,0.09942701069256574,1.6295527531980971,1.0025197529103074,1.1437303153553544,0.017461829478254476,0.9999999123321283,0.05,0.0,0.0,0.022941675753962994,0.06741321312626289,0.1188370622159519,0.0,0.050000000000000044,"{'I': 0, 'W': 1, 'R': 0, 'C': 'costly'}",False,True,True,0.3333333333333333,3
4994,1,0.0012071060295111386,0.21060233004093207,0.007392020248172061,1.1086962874560242,1.0001384621507479,1.1266242818388763,0.0011070073407908332,0.9967295851006227,0.05,0.0,0.050000000000000044,0.017765362349549972,0.041798115650703155,0.14177252342078486,0.0,0.0,"{'I': 1, 'W': 0, 'R': 1, 'C': 'free'}",False,True,True,1.0,3
4994,2,0.005790277401804475,0.26087037115794365,0.01570702811312997,1.121606616618646,1.0007427670483344,1.2011319253118988,0.0051839560157449505,0.9999496381542061,0.05,0.0,0.0,0.0031784974650790844,0.11884797815214418,0.03308516009508647,0.0,0.0,"{'I': 1, 'W': 0, 'R': 1, 'C': 'free'}",False,True,True,1.0,3
4994,3,0.0019585680311795767,0.15587747505001012,0.011729263072607231,1.3860140133236436,1.0002449361386168,1.1078420704605123,0.0017128743799741386,0.999978628973613,0.0,0.0,0.0,0.015904881529186583,0.0014995717130114289,0.005149739369668248,0.0,0.0,"{'I': 0, 'W': 1, 'R': 0, 'C': 'costly'}",False,True,True,1.0,3
4997,1,0.032684187851878634,0.24669542477404566,0.13519538270258827,1.3652708449157376,1.0066648962585134,1.1656727058440228,0.07661905831121796,0.9999529543790291,0.05,0.0,0.050000000000000044,0.06704564811400608,0.05317972288241933,0.2637184503299701,0.0,0.0,"{'I': 1, 'W': 0, 'R': 1, 'C': 'free'}",False,True,True,1.0,3
4997,2,0.0013873182121735264,0.27791218216555363,0.005048953995791557,2.202445890385481,1.0001404574072412,1.2076309980365916,0.0011229493721227612,0.9999999489669462,0.1,0.050000000000000044,0.050000000000000044,0.041803172357509875,0.147024664881531,0.09464577541214664,0.0,0.050000000000000044,"{'I': 1, 'W': 0, 'R': 1, 'C': 'free'}",False,True,True,1.0,3
4997,3,0.0027462849300885347,0.4414186114577122,0.009580875537146127,2.230876465217806,1.000297021200067,1.3551248942006386,0.0023729967650534256,1.0,0.05,0.0,0.050000000000000044,0.18242406427860688,0.08486909350453328,0.49873006907005546,0.050000000000000044,0.15000000000000002,"{'I': 0, 'W': 1, 'R': 0, 'C': 'costly'}",False,True,True,1.0,3
5016,1,0.12041087146028537,0.26058960328289815,0.6888517178359658,1.5744466603844358,1.1164770410785305,1.2163587971969856,0.9011095695185743,0.999999999999619,0.05,0.050000000000000044,0.050000000000000044,0.037330521816208086,0.047384701420349055,0.09354029788842791,0.050000000000000044,0.0,"{'I': 1, 'W': 0, 'R': 1, 'C': 'free'}",False,True,True,1.0,3
5016,2,0.0072964452715014545,0.34756543368791143,0.03798406590633685,1.7001187619693332,1.001068380574485,1.2620238498688259,0.017989005298077676,0.9999999979667553,0.1,0.050000000000000044,0.050000000000000044,0.16606132296215512,0.13231288607503716,0.06743686543701273,0.050000000000000044,0.0,"{'I': 1, 'W': 0, 'R': 1, 'C': 'free'}",False,True,True,1.0,3
5016,3,0.04915707019103861,0.33423981401899555,0.17252994133399413,1.5754511930165012,1.010069264750446,1.1902661172820006,0.06772957633678034,0.9999996282474372,0.05,0.050000000000000044,0.050000000000000044,0.1821086147635607,0.16403933713295016,0.09508922652624724,0.050000000000000044,0.0,"{'I': 1, 'W': 0, 'R': 1, 'C': 'free'}",False,True,True,0.6666666666666666,3
5016,4,0.03273675591489613,0.39430342170545996,0.16465160921099684,1.929189223113055,1.0057374456066057,1.2697675367502037,0.06634901640024238,1.0,0.2,0.050000000000000044,0.050000000000000044,0.0758642438369066,0.34773147159480433,0.24403943875918865,0.050000000000000044,0.15000000000000002,"{'I': 1, 'W': 0, 'R': 1, 'C': 'free'}",False,True,True,1.0,3
5016,5,0.02769879898166475,0.460027954739485,0.07665070967093172,2.568329965587574,1.0047252100822461,1.3503691451144515,0.03246005609771874,1.0,0.2,0.15000000000000002,0.5,0.34830070188277645,0.5295859816977723,0.8338126822918132,0.15000000000000002,0.75,"{'I': 1, 'W': 0, 'R': 1, 'C': 'free'}",False,True,True,0.3333333333333333,3
5016,6,0.023559177208220428,0.49328290539772496,0.21129586489926028,2.561306230882167,1.0055175629336757,1.3941015350691743,0.06389606155955552,1.0,0.2,0.050000000000000044,0.050000000000000044,0.06750712515011593,0.2685750373160027,0.7017426545777987,0.050000000000000044,0.050000000000000044,"{'I': 1, 'W': 0, 'R': 1, 'C': 'free'}",False,True,True,0.3333333333333333,3
5016,7,0.3790828853771557,0.38056810069443125,2.6996048911635473,2.6996048911635473,1.285809548556497,1.2870776222180915,1.0,1.0,,,0.7,,,0.9148260699978814,,0.8,,False,True,False,,
5032,1,0.0011197861808775699,0.3025318655639485,0.0033960624217510282,1.4153173223925555,1.000109387813818,1.203972099845143,0.0006560756766192943,0.9989596191470288,0.0,0.0,0.0,0.0031116888342527954,0.009709095403436882,0.041032185543438925,0.0,0.0,"{'I': 1, 'W': 0, 'R': 1, 'C': 'free'}",False,True,True,1.0,3
5032,2,0.06411565047578195,0.4671839097283571,0.5340539089807441,2.141440539186115,1.029122490361547,1.328082224286503,0.22768161036810797,1.0,0.5,0.55,0.5,0.49852632699132576,0.6188119494031991,0.40620541963882145,0.5,0.35,"{'I': 1, 'W': 0, 'R': 1, 'C': 'free'}",False,True,True,1.0,3
5032,3,0.004091791566654983,0.5672010903945769,0.017052193080768562,2.32674257162785,1.000501050433743,1.4550681241021919,0.005495021282516777,0.9999999999999996,0.15,0.35,0.050000000000000044,0.5271815029097805,0.6762134751992857,0.700687474204682,0.5,0.75,"{'I': 1, 'W': 0, 'R': 1, 'C': 'free'}",False,True,True,1.0,3
5032,4,0.010080516191785432,0.5185184952428368,0.10162225947049074,2.5640821578599393,1.0018127637945988,1.3982104040349104,0.02856212871769004,1.0,0.3,0.050000000000000044,0.15000000000000002,0.22243831939331507,0.46670661156683313,0.6210370690196635,0.050000000000000044,0.15000000000000002,"{'I': 1, 'W': 0, 'R': 1, 'C': 'free'}",False,True,True,0.6666666666666666,3
5032,5,0.46396511280302855,0.4657708318831292,2.6215062121116293,2.6215062121116293,1.364796237910937,1.366459560480759,1.0,1.0,,,0.5,,,0.6221906902965241,,0.75,,False,True,False,,
5032,6,0.0836250198024952,0.43508797647765224,0.6812546535012444,2.304283744183136,1.0247817562809196,1.3645437293788214,0.30732546617384804,1.0,,0.35,0.7,0.7979171304565437,0.7974914508091407,0.7052536404324601,0.35,0.75,"{'I': 1, 'W': 0, 'R': 1, 'C': 'free'}",False,True,True,0.3333333333333333,3
5032,7,0.005454438352165489,0.6253614430838312,0.01290781421780861,2.378986070084281,1.0006601725888176,1.5408212227441305,0.0052657253720560515,1.0,0.2,0.25,0.7,0.6788137445949464,0.8511740307061951,0.7975768666459724,0.65,0.55,"{'I': 1, 'W': 0, 'R': 1, 'C': 'free'}",False,True,True,0.3333333333333333,3
5063,1,0.06019843086679811,0.3820746810298425,0.38613033367653027,1.7249870506164289,1.0167142527460848,1.3464258461738947,0.10955393737338226,0.9999999822559149,0.0,0.0,0.050000000000000044,0.02033327319335548,0.06742363012473973,0.13900624546768514,0.0,0.0,"{'I': 1, 'W': 0, 'R': 1, 'C': 'free'}",False,True,True,1.0,3
5063,2,0.0032884483972168764,0.31132272648872555,0.019351479040135913,1.6363521551470777,1.0004436684424625,1.2513554413103745,0.0035422717060940023,0.9999788296980554,0.05,0.0,0.050000000000000044,0.005909218533133376,0.20125704823283075,0.10652973950544814,0.0,0.0,"{'I': 1, 'W': 0, 'R': 1, 'C': 'free'}",False,True,True,1.0,3
5063,3,0.3681638936049675,0.3696057283245729,2.409568348959251,2.409568348959251,1.307574590333126,1.3089502188489235,1.0,1.0,,,0.050000000000000044,,,0.49943809156601676,,0.050000000000000044,,False,True,False,,
5063,4,0.01767914976338997,0.21306022726253454,0.06030014792557139,1.4808997763129423,1.0029391118913464,1.1383836892072505,0.020334025755323726,0.99999999976306,0.0,0.0,0.0,0.08509755271340792,0.0952677765470425,0.26833207955407107,0.0,0.0,"{'I': 0, 'W': 1, 'R': 0, 'C': 'costly'}",False,True,True,0.6666666666666666,3
5071,1,0.04663841885137756,0.267429595265056,0.42000568018189655,2.205643502184936,1.0113497008472057,1.191500835770537,0.12665910685258497,0.999999999479418,0.05,0.050000000000000044,0.050000000000000044,0.4318562538719323,0.20036051503112928,0.1992987270347519,0.050000000000000044,0.050000000000000044,"{'I': 1, 'W': 0, 'R': 1, 'C': 'free'}",False,True,True,1.0,3
5071,2,0.23150381540853124,0.36865686243968304,1.3677037757964137,1.536175715363065,1.4645071973932364,1.285165470207506,0.9307915014810152,0.9999999999995128,0.1,0.050000000000000044,0.050000000000000044,0.009770199399415265,0.0672721495432114,0.059967610615212226,0.050000000000000044,0.050000000000000044,"{'I': 1, 'W': 0, 'R': 1, 'C': 'free'}",False,True,True,1.0,3
5071,3,0.010365061059983994,0.4098939923290781,0.07656762695527504,2.098385021496664,1.001735155847582,1.2434955556464473,0.018889488859128445,0.9999999999253437,0.15,0.050000000000000044,0.050000000000000044,0.16396079905942093,0.20115743712408837,0.0850172558504847,0.050000000000000044,0.050000000000000044,"{'I': 1, 'W': 0, 'R': 1, 'C': 'free'}",False,True,True,1.0,3
5071,4,0.04796863852278256,0.46419542948159354,0.24871169440450583,2.3148439079487186,1.0120017229410712,1.33498665032882,0.11246092794208695,0.9999999997820901,0.05,0.050000000000000044,0.050000000000000044,0.041962255584810294,0.20107290172298334,0.10669760155235336,0.050000000000000044,0.050000000000000044,"{'I': 1, 'W': 0, 'R': 1, 'C': 'free'}",False,True,True,1.0,3
5071,5,0.1197666604164127,0.5170741893484665,0.5420290170571929,2.5828567863227962,1.0417292657138624,1.3661591245254388,0.3078404526599564,0.9999999999999988,0.2,0.15000000000000002,0.050000000000000044,0.22269323919116701,0.3201332597067138,0.14770582853362907,0.15000000000000002,0.050000000000000044,"{'I': 1, 'W': 0, 'R': 1, 'C': 'free'}",False,True,True,0.3333333333333333,3
5071,6,0.009215356315900307,0.5849647387658514,0.037663806034409074,2.520590798426679,1.001352200483288,1.5085123841552845,0.01475423165120271,1.0,0.3,0.35,0.7,0.46801222293783734,0.6216266568255964,0.4991194421401305,0.35,0.35,"{'I': 1, 'W': 0, 'R': 1, 'C': 'free'}",False,True,True,0.6666666666666666,3
5071,7,0.4000789568137059,0.7802652546882639,1.0883519644488273,2.0495225769358996,1.4084678286190495,1.7125595603682169,0.9541565159430685,1.0,0.2,0.15000000000000002,0.15000000000000002,0.5297684522604477,0.6199192359752157,0.5568440356908794,0.15000000000000002,0.75,"{'I': 1, 'W': 0, 'R': 1, 'C': 'free'}",False,True,True,0.0,3
5074,1,0.08361126847210333,0.4153717398119121,0.37114982943810815,2.133322145156389,1.0248494157422474,1.3637392323569058,0.17828817447669076,0.9999999999981016,0.05,0.050000000000000044,0.050000000000000044,0.08511027421243388,0.07585753281062221,0.16328478825440462,0.050000000000000044,0.050000000000000044,"{'I': 1, 'W': 0, 'R': 1, 'C': 'free'}",False,True,True,1.0,3
5074,2,0.003273324364663833,0.3692608842015962,0.019669254891058623,2.4184174452178433,1.0004109866038653,1.2709813761843687,0.0036912899254519793,0.9999999999978303,0.2,0.050000000000000044,0.15000000000000002,0.22192827154176892,0.24433791078018133,0.22201306303574123,0.050000000000000044,0.15000000000000002,"{'I': 1, 'W': 0, 'R': 1, 'C': 'free'}",False,True,True,1.0,3
5074,3,0.003394772596371809,0.3764365390678247,0.024371680581643358,1.4005400457947963,1.0004706285111837,1.2620541246906414,0.004225706672211338,0.9999999935034382,0.05,0.0,0.050000000000000044,0.0140593513608984,0.053351967963382124,0.04734639450284942,0.050000000000000044,0.050000000000000044,"{'I': 1, 'W': 0, 'R': 1, 'C': 'free'}",False,True,True,1.0,3
5074,4,0.013200099589038169,0.3032539895700412,0.10136587529654068,1.6616672168151025,1.0025291925986608,1.218148520512039,0.022477526079598076,0.9999998303003776,0.0,0.0,0.0,0.008576807721945464,0.015878332896630525,0.05326859597438931,0.0,0.0,"{'I': 0, 'W': 1, 'R': 0, 'C': 'costly'}",False,True,True,1.0,3
5080,1,0.06502478209238659,0.29446808936088376,0.38027703650235145,1.7925058904560973,1.0176295722197186,1.178086643373429,0.09954568050908541,0.9993733507099861,0.05,0.0,0.0,0.003521713974671166,0.005207494122945462,0.16770718778569121,0.0,0.0,"{'I': 1, 'W': 0, 'R': 1, 'C': 'free'}",False,True,True,0.6666666666666666,3
5080,2,0.007792582679390064,0.6158827438576157,0.0368865131061242,1.8582326626682364,1.001181418233024,1.5667959376447003,0.00823098476289108,1.0,0.05,0.050000000000000044,0.050000000000000044,0.20178356294185473,0.4053124223445156,0.3471199406528932,0.050000000000000044,0.050000000000000044,"{'I': 1, 'W': 0, 'R': 1, 'C': 'free'}",False,True,True,1.0,3
5080,3,0.007260657607550856,0.4153274261767286,0.04784276548512698,2.16650400801742,1.0010909638813879,1.3031067013692734,0.00976532938184882,0.999999974217713,0.05,0.0,0.050000000000000044,0.007533314991999246,0.060007419138934114,0.00857427381614581,0.050000000000000044,0.0,"{'I': 1, 'W': 0, 'R': 1, 'C': 'free'}",False,True,True,1.0,3
5080,4,0.0031990056488939065,0.39712340081219033,0.012784885582775659,1.830887427571224,1.0003960291706575,1.330066445023949,0.0023728848779841494,0.9999999999928977,0.05,0.0,0.050000000000000044,0.0010307982539366784,0.00970698058135311,0.01587877149870821,0.0,0.0,"{'I': 1, 'W': 0, 'R': 1, 'C': 'free'}",False,True,True,1.0,3
5080,5,0.004915626526795998,0.37628548465243045,0.017434221737485125,2.142089464371549,1.0006489714504483,1.3005346386355023,0.0038849995436650575,1.0,0.05,0.0,0.050000000000000044,0.0052196621978058645,0.042036579616912526,0.40691379110957737,0.0,0.050000000000000044,"{'I': 0, 'W': 1, 'R': 0, 'C': 'costly'}",False,True,True,1.0,3
5120,1,0.0022977759346206124,0.26502986509708076,0.01467219208875457,1.718701649510638,1.000293835438553,1.1470937135477122,0.0023475783367733483,0.9958691063678723,0.0,0.0,0.0,0.0013072803037618079,0.004593514923261635,0.05276883706544172,0.0,0.0,"{'I': 1, 'W': 0, 'R': 1, 'C': 'free'}",False,True,True,1.0,3
5120,2,0.0004097373218090863,0.3479436973841945,0.001275763811723854,1.3083048921478906,1.0000366114442145,1.2161695400798862,0.0002928433052817869,0.9998179215140308,0.0,0.0,0.0,0.0019059081426844612,0.009651376644614008,0.005962676753347076,0.0,0.0,"{'I': 1, 'W': 0, 'R': 1, 'C': 'free'}",False,True,True,1.0,3
5120,3,0.047873599239911954,0.1986013817072949,0.13336179511694563,1.5261888363865725,1.0102613004184258,1.1822672282146591,0.04976414177977695,0.9999989102758162,0.0,0.0,0.0,0.00757024155378805,0.003170162298007902,0.008556968209270639,0.0,0.0,"{'I': 0, 'W': 1, 'R': 0, 'C': 'costly'}",False,True,True,1.0,3
5123,1,0.0008227356283103897,0.22816244085289436,0.005261373238124382,1.5807527696756183,1.0000884089364304,1.1165268457260502,0.001148605219153831,0.9994442282586562,0.05,0.0,0.050000000000000044,0.0016847107183184783,0.0021723533669525392,0.07530445062516705,0.0,0.0,"{'I': 1, 'W': 0, 'R': 1, 'C': 'free'}",False,True,True,1.0,3
5123,2,0.0276400415427315,0.258847827290762,0.2923564408886898,1.4695352947520264,1.0082401769366178,1.1773921100308362,0.08631602929749826,0.9999998445565715,0.0,0.0,0.050000000000000044,0.08559364417364251,0.20062063847674913,0.20181134231998876,0.0,0.0,"{'I': 0, 'W': 1, 'R': 0, 'C': 'costly'}",False,True,True,1.0,3
5155,1,0.145522148187676,0.31955116251354737,0.5130581190291104,1.2103652415380883,1.0552601470554777,1.2285334920228574,0.2758262494970172,0.9999816984038844,0.05,0.0,0.050000000000000044,0.004608385701064763,0.008538600940870457,0.29578040672308764,0.0,0.0,"{'I': 1, 'W': 0, 'R': 1, 'C': 'free'}",False,True,True,1.0,3
5155,2,0.009712314176170182,0.24450859481244872,0.04327709572261455,1.060246529582002,1.0013236275361748,1.2848572047933764,0.011834189399977935,0.9999999911947832,0.0,0.0,0.0,0.0014898008920046656,0.005897066109743548,0.002792785200646958,0.0,0.0,"{'I': 1, 'W': 0, 'R': 1, 'C': 'free'}",False,True,True,1.0,3
5155,3,0.0005563102858955404,0.23768816519437655,0.001214353284382362,2.247891775720063,1.0000474645902753,1.1736358845035713,0.0002847402370058649,0.9999997090205639,0.0,0.0,0.0,0.0027999336003531657,0.002458295722113066,0.01791733446822414,0.0,0.0,"{'I': 0, 'W': 1, 'R': 0, 'C': 'costly'}",False,True,True,1.0,3
5199,1,0.0172757589283911,0.34488980772683436,0.11865232777983718,1.5198052515059197,1.0031402461279637,1.2489799964022614,0.02782352530852461,0.9999999922493265,0.05,0.0,0.050000000000000044,0.009861530362406603,0.012401662015001995,0.1096514366701187,0.0,0.0,"{'I': 1, 'W': 0, 'R': 1, 'C': 'free'}",False,True,True,1.0,3
5199,2,0.004796345151452387,0.2611839604874121,0.029986676599035086,1.8607483653239327,1.0007066030488339,1.1681318579382576,0.008440420211334065,0.9999986565934912,0.05,0.0,0.050000000000000044,0.0027926661495068857,0.012396485430892727,0.0046089845189443285,0.0,0.0,"{'I': 1, 'W': 0, 'R': 1, 'C': 'free'}",False,True,True,1.0,3
5199,3,0.07327759802957169,0.2348701509970572,0.44768631225188404,1.5958877664299422,1.0189734133122026,1.1349482534689137,0.18677893387805522,0.9999647678562442,0.0,0.0,0.0,0.037325990115259965,0.053407930498443036,0.02288075380370029,0.0,0.0,"{'I': 0, 'W': 1, 'R': 0, 'C': 'costly'}",False,True,True,1.0,3
5234,1,0.00036222034061701583,0.4049669485440538,0.0011377273021978352,2.105881187299058,1.0000322753010713,1.2959611116173722,0.0002581649115829254,0.9999999999046513,0.05,0.0,0.050000000000000044,0.008470689152200383,0.02025839301208942,0.13214763915528416,0.0,0.050000000000000044,"{'I': 1, 'W': 0, 'R': 1, 'C': 'free'}",False,True,True,1.0,3
5234,2,0.005506569803105419,0.29348652774141415,0.04651329702048514,1.72889411928342,1.0008748940572765,1.2305709822647972,0.008706988305527519,0.9999999995744934,0.05,0.0,0.0,0.0058616222132186705,0.03721863488815515,0.047428709360331944,0.0,0.0,"{'I': 1, 'W': 0, 'R': 1, 'C': 'free'}",False,True,True,1.0,3
5234,3,0.061316829413579056,0.41436910658840664,0.6668882981977085,2.143051368948023,1.0854040089858785,1.2931975779725267,0.6259730084897893,0.9999999744854456,0.0,0.0,0.0,0.010832836993899383,0.022920148071133344,0.03724317794402055,0.0,0.0,"{'I': 0, 'W': 1, 'R': 0, 'C': 'costly'}",False,True,True,1.0,3
5274,1,0.006239427878350146,0.2697837986431884,0.02934624811036964,1.437298858478784,1.0008508411897525,1.1512580825920204,0.006780741753151021,0.9973038321512765,0.05,0.050000000000000044,0.09999999999999998,0.16451463016076529,0.164500803761748,0.30771742777599553,0.050000000000000044,0.050000000000000044,"{'I': 1, 'W': 0, 'R': 1, 'C': 'free'}",False,True,True,1.0,3
5274,2,0.09650806617082243,0.5484076939102313,0.9799490843006093,2.8265049745896524,1.0922131372259376,1.4621924976364262,0.621017946688192,1.0,0.2,0.050000000000000044,0.15000000000000002,0.43597059914109665,0.5893546368422939,0.1639725353749292,0.8,0.15000000000000002,"{'I': 1, 'W': 0, 'R': 1, 'C': 'free'}",False,True,True,1.0,3
5274,3,0.04236962621695759,0.6355191682263234,0.3041105718278451,2.8477287806075258,1.0101473808500576,1.589529735706755,0.11410327829541012,1.0,0.3,0.35,0.7,0.40573154019377733,0.5291169584604116,0.6771505283182199,0.15000000000000002,0.75,"{'I': 1, 'W': 0, 'R': 1, 'C': 'free'}",False,True,True,1.0,3
5274,4,0.11444225808003611,0.6344433732149554,0.4227069531341785,2.5813007249590276,1.034952065365694,1.559196831735404,0.2659631210996798,1.0,0.3,0.7,0.4,0.3207975512258065,0.7029169594417157,0.37700903895606186,0.65,0.15000000000000002,"{'I': 1, 'W': 0, 'R': 1, 'C': 'free'}",False,True,True,1.0,3
5274,5,0.036719293023307426,0.6924589758883165,0.19209830267873057,2.696654874525,1.0080353215060969,1.6526063592612588,0.06949598861288997,1.0,0.4,0.15000000000000002,0.5,0.46810498489781693,0.6770317311095817,0.9522543556285786,0.65,0.75,"{'I': 1, 'W': 0, 'R': 1, 'C': 'free'}",False,True,True,0.0,3
5274,6,0.03911392429791691,0.6172864688124581,0.21782773472113218,2.2467908769477,1.006941814160694,1.4925553511675598,0.040657364907213944,1.0,0.5,0.15000000000000002,0.15000000000000002,0.14780700609707928,0.43692471728003485,0.1475531357317794,0.050000000000000044,0.050000000000000044,"{'I': 1, 'W': 0, 'R': 1, 'C': 'free'}",False,True,True,1.0,3
5274,7,0.08415332707048218,0.5534421846037709,0.4145172511698617,1.9434707295102143,1.021198768757649,1.5003541906600772,0.11826454377267748,0.9999999999999996,0.2,0.050000000000000044,0.050000000000000044,0.05996773969600754,0.16426109025235316,0.05321043883741449,0.15000000000000002,0.050000000000000044,"{'I': 1, 'W': 0, 'R': 1, 'C': 'free'}",False,True,True,0.6666666666666666,3
5291,1,0.0031892618479243246,0.17511582159296799,0.014909687775599258,1.144551401430551,1.0003734195039244,1.129801232989133,0.00298234235690098,0.9967722200834085,0.0,0.0,0.050000000000000044,0.004550759080795481,0.012432656384525764,0.09328909189632688,0.0,0.0,"{'I': 1, 'W': 0, 'R': 1, 'C': 'free'}",False,True,True,1.0,3
5291,2,0.0009182743477589633,0.21231771641031524,0.005288345174491171,1.5588368843324552,1.0000993436945682,1.1274792652863128,0.000992894356979468,0.9942544480424363,0.05,0.0,0.0,0.0009056620099715777,0.008565919748812902,0.0027983560698444767,0.0,0.0,"{'I': 1, 'W': 0, 'R': 1, 'C': 'free'}",False,True,True,1.0,3
5291,3,0.014656007097140896,0.2647971340649217,0.04051203367497388,1.8865324985406955,1.0022922407023986,1.2634659145645912,0.011382807625406444,0.9999999997753716,0.0,0.0,0.0,0.047385763510724585,0.03305697371447452,0.03303522237900477,0.0,0.0,"{'I': 0, 'W': 1, 'R': 0, 'C': 'costly'}",False,True,True,1.0,3
5358,1,0.0004644054487510214,0.3216792022904139,0.0013756243162157376,1.816240746844405,1.0000418150418788,1.2580305396501017,0.00037625670657348564,0.9999999915857756,0.0,0.0,0.0,0.000372190732987139,0.004549248819055307,0.008415036411512127,0.0,0.0,"{'I': 1, 'W': 0, 'R': 1, 'C': 'free'}",False,True,True,1.0,3
5358,2,0.0006777228467536688,0.2774045557292403,0.0019702904022560813,1.468300822865689,1.0000605565262952,1.1886381355704614,0.00048432022166122746,0.9999990091059597,0.0,0.0,0.0,0.020330019558617088,0.06008266463585372,0.0793671851744742,0.0,0.0,"{'I': 0, 'W': 1, 'R': 0, 'C': 'costly'}",False,True,True,1.0,3
5373,1,0.09633940445907402,0.27620698780681935,0.6402703613546075,1.4051861561560293,1.0431689827285962,1.1716111890890408,0.3446801155418796,0.9999999831164682,0.05,0.050000000000000044,0.050000000000000044,0.14804887611242012,0.08471829969032765,0.19158595574110626,0.050000000000000044,0.050000000000000044,"{'I': 1, 'W': 0, 'R': 1, 'C': 'free'}",False,True,True,1.0,3
5373,2,0.057352348953807475,0.3748914967664983,0.2695557055552683,2.002152810373404,1.015242933430757,1.3149647309559758,0.1272894572162362,0.9999999999999987,0.15,0.09999999999999998,0.15000000000000002,0.1480436567898407,0.24258825529627154,0.1807463008231443,0.15000000000000002,0.15000000000000002,"{'I': 1, 'W': 0, 'R': 1, 'C': 'free'}",False,True,True,1.0,3
5373,3,0.07642184782237692,0.4686543879180069,0.6234498449053315,2.606538089088456,1.0250517017672607,1.3938891183903481,0.2927723912761008,1.0,0.2,0.050000000000000044,0.050000000000000044,0.4060996355630296,0.46749380171580096,0.5291641173426592,0.5,0.75,"{'I': 1, 'W': 0, 'R': 1, 'C': 'free'}",False,True,True,1.0,3
5373,4,0.11565046553717113,0.3581163116170784,1.2340985778409803,1.576840289999173,1.1455011409596596,1.3221627312409405,0.869663183663081,0.9999999999509338,0.15,0.050000000000000044,0.15000000000000002,0.24507357735188892,0.24507496150214406,0.2942026514785801,0.050000000000000044,0.15000000000000002,"{'I': 1, 'W': 0, 'R': 1, 'C': 'free'}",False,True,True,1.0,3
5373,5,0.08227141784250445,0.4459865878872276,0.7039706365046454,2.779278626366861,1.032463824453837,1.3836648256646753,0.2963175516689285,1.0,0.2,0.15000000000000002,0.5,0.3767111651592194,0.4671203847004716,0.5915204078275069,0.15000000000000002,0.75,"{'I': 1, 'W': 0, 'R': 1, 'C': 'free'}",False,True,True,0.0,3
5373,6,0.11213030108308104,0.4437924641864759,0.6235491858337455,2.254157003056199,1.1449290921025326,1.3671987027529122,0.7416466527154754,1.0,0.15,0.35,0.7,0.46823869718939937,0.7043435096085019,0.677861847534574,0.25,0.35,"{'I': 1, 'W': 0, 'R': 1, 'C': 'free'}",False,True,True,0.0,3
5373,7,0.37819726038710555,0.3796733648483995,2.881595967019439,2.881595967019439,1.3046060116575418,1.3059661595946817,1.0,1.0,,,0.7,,,0.7546298495514202,,0.8,,False,True,False,,
5376,1,0.0042016728440993825,0.30787923418802976,0.024136222165927226,1.7782201142309702,1.0005706908415162,1.2542011586827564,0.005689036388207169,1.0,0.05,0.0,0.050000000000000044,0.0027767995188962206,0.07561557332089829,0.06689408362411274,0.0,0.050000000000000044,"{'I': 1, 'W': 0, 'R': 1, 'C': 'free'}",False,True,True,1.0,3
5376,2,0.11683761857426947,0.4028061902912613,0.37658030813926785,1.8677959173060785,1.0324147778784032,1.306100160824176,0.2001279647369667,0.9999999999999996,0.05,0.050000000000000044,0.050000000000000044,0.24435384083303446,0.31878651189036694,0.18243100547092517,0.050000000000000044,0.050000000000000044,"{'I': 1, 'W': 0, 'R': 1, 'C': 'free'}",False,True,True,1.0,3
5376,3,0.00285407118683434,0.42332068575218695,0.01813125042339834,1.9528336986153954,1.0003398659402196,1.2977621520612854,0.002714773909397228,0.9999999260891098,0.05,0.050000000000000044,0.050000000000000044,0.1345968764199672,0.2437511826740999,0.32078528415899715,0.050000000000000044,0.050000000000000044,"{'I': 1, 'W': 0, 'R': 1, 'C': 'free'}",False,True,True,1.0,3
5388,1,0.0043336231317821884,0.30137185567289543,0.03270595718918142,1.8150530319918046,1.0006480305128589,1.2184339861980011,0.008386305306246733,0.9999999844397132,0.0,0.0,0.050000000000000044,0.0021476017252860073,0.01384726316736725,0.14469294571901287,0.0,0.0,"{'I': 1, 'W': 0, 'R': 1, 'C': 'free'}",False,True,True,1.0,3
5388,2,0.013570217683372883,0.3884725445999056,0.07070524372226074,2.0517906846760816,1.0022426710924095,1.3544344847455874,0.015558811792135807,1.0,0.05,0.050000000000000044,0.050000000000000044,0.4377772963485249,0.5311382459746002,0.40728573618949565,0.050000000000000044,0.15000000000000002,"{'I': 0, 'W': 1, 'R': 0, 'C': 'costly'}",False,True,True,0.6666666666666666,3
541,1,0.011354213270739249,0.343279640314674,0.042277863836511394,1.9824474882677388,1.0016287241488857,1.2640209738230768,0.012934810623456916,0.9999999999987562,0.1,0.050000000000000044,0.050000000000000044,0.09534948275027552,0.0752876803588515,0.13095048361687137,0.050000000000000044,0.050000000000000044,"{'I': 1, 'W': 0, 'R': 1, 'C': 'free'}",False,True,True,1.0,3
541,2,0.03043834252671482,0.33976892963064376,0.24223545893594858,2.3594035090591317,1.0059773560254586,1.2478358081668703,0.06901745453473773,1.0,0.2,0.050000000000000044,0.15000000000000002,0.6787223501952434,0.7306704248664451,0.43692462152142314,0.5,0.15000000000000002,"{'I': 1, 'W': 0, 'R': 1, 'C': 'free'}",False,True,True,0.3333333333333333,3
541,3,0.3647538415628355,0.36618185947777243,2.55106575395745,2.55106575395745,1.2925444396446097,1.2938455262907407,1.0,1.0,,,0.7,,,0.5910855138015271,,0.75,,False,True,False,,
541,4,0.35226988360836153,0.353648229255312,2.3675459814494073,2.3675459814494073,1.285869694813875,1.2871378376687588,1.0,1.0,,,0.050000000000000044,,,0.6788424725749151,,0.15000000000000002,,True,False,False,,
541,5,0.4343115871121295,0.4360096151224037,2.456496763468145,2.456496763468145,1.3804065592259933,1.3821521063309319,1.0,1.0,,,0.050000000000000044,,,0.651168396701774,,0.050000000000000044,,True,False,False,,
541,6,0.24422332274071815,0.3820314712601326,1.702498379087088,2.4248072031668797,1.127007980333424,1.3259186668411749,0.8690090933733345,1.0,0.2,0.9,0.7,0.7977953343161345,0.705389257111138,0.5307256425530503,0.35,0.050000000000000044,"{'I': 1, 'W': 0, 'R': 1, 'C': 'free'}",False,True,True,0.0,3
541,7,0.0562206692351627,0.44661451132682906,0.34755265288385295,2.284573207804115,1.0159873816727338,1.3905821494474362,0.13302779816654442,1.0,0.2,0.050000000000000044,0.25,0.7054350477074877,0.5921852564232233,0.5916982524030104,0.15000000000000002,0.75,"{'I': 1, 'W': 0, 'R': 1, 'C': 'free'}",False,True,True,1.0,3
5411,1,0.0035771548656962733,0.2591251580896801,0.029547653886956432,1.3113129039721434,1.0005122759885208,1.1920145130338047,0.006635768064879755,0.999996780941277,0.05,0.0,0.050000000000000044,0.002745716648379096,0.0052191856016084405,0.14175756147019486,0.0,0.0,"{'I': 1, 'W': 0, 'R': 1, 'C': 'free'}",False,True,True,1.0,3
5411,2,0.0017200930741176261,0.2915649007208288,0.009685949802172668,2.3925418786046597,1.0001981805789892,1.2584897269548176,0.001386164991254546,0.999999999896478,0.0,0.0,0.0,0.0052199136242384765,0.01108253936020241,0.012572335288885298,0.0,0.0,"{'I': 0, 'W': 1, 'R': 0, 'C': 'costly'}",False,True,True,1.0,3
5426,1,0.3716470022031881,0.5004512000113442,1.4324021566903462,2.7797244999293844,1.2405368733336468,1.3647802651129022,0.8562814253788383,1.0,0.2,0.15000000000000002,0.5,0.6183750059278957,0.678124994875917,0.7520215516523376,0.75,0.15000000000000002,"{'I': 1, 'W': 0, 'R': 1, 'C': 'free'}",False,True,True,1.0,3
5426,2,0.1702613978491896,0.4945828721526845,0.8670138486084519,2.2956680236467517,1.061885288026943,1.4558468517857486,0.3814437933688689,1.0,0.15,0.050000000000000044,0.15000000000000002,0.09535557725363901,0.3200416201922812,0.37513927324544427,0.15000000000000002,0.15000000000000002,"{'I': 1, 'W': 0, 'R': 1, 'C': 'free'}",False,True,True,1.0,3
5426,3,0.03575003140171292,0.5778168026605442,0.27126119005343985,2.5116320936798617,1.0101411659561328,1.5097563103392877,0.07754871760983095,1.0,0.15,0.050000000000000044,0.050000000000000044,0.05998914404407538,0.20110378374413398,0.34732858339274975,0.15000000000000002,0.15000000000000002,"{'I': 1, 'W': 0, 'R': 1, 'C': 'free'}",False,True,True,1.0,3
5426,4,0.21641896263312577,0.6136913978180331,1.2527503485631593,2.7464045646908084,1.112597434944858,1.4791008608177594,0.6172127085046037,1.0,0.2,0.7,0.4,0.499692623303717,0.7979204426509208,0.6780509723136944,0.65,0.65,"{'I': 1, 'W': 0, 'R': 1, 'C': 'free'}",False,True,True,0.3333333333333333,3
5426,5,0.18126989795615528,0.5371475503612931,0.7473771681439503,2.5106865048349642,1.0569228655404401,1.4999722510193905,0.4560940987217801,1.0,0.3,0.15000000000000002,0.55,0.3483688640722254,0.7055918305326344,0.7981015032829916,0.65,0.75,"{'I': 1, 'W': 0, 'R': 1, 'C': 'free'}",False,True,True,0.6666666666666666,3
5426,6,0.31009458607545437,0.6495101918177603,1.142523697046951,2.2489999279442334,1.180303495022892,1.5692532365932208,0.7750651425665179,1.0,0.2,0.35,0.4,0.3203520203286185,0.6506231608495844,0.6780421690011683,0.35,0.75,"{'I': 1, 'W': 0, 'R': 1, 'C': 'free'}",False,True,True,1.0,3
5426,7,0.172666410783085,0.6135677553460258,0.794924387067908,2.209371701260408,1.0523687564109205,1.4908154478082485,0.33525292858932765,1.0,0.2,0.050000000000000044,0.050000000000000044,0.05338394101789309,0.2224553383424112,0.649875084238855,0.15000000000000002,0.050000000000000044,"{'I': 1, 'W': 0, 'R': 1, 'C': 'free'}",False,True,True,1.0,3
5446,1,0.03558865997120456,0.3369277221721199,0.21051594034350868,1.495783264947861,1.0092675607117678,1.2450693882521071,0.05384538471527589,0.9999927631761499,0.0,0.0,0.050000000000000044,0.0038593927596932624,0.008576133645603003,0.07449928569698111,0.0,0.0,"{'I': 1, 'W': 0, 'R': 1, 'C': 'free'}",False,True,True,1.0,3
5446,2,0.02529532424337162,0.5356248757768909,0.07963066274342935,2.0272144840433994,1.004408928819598,1.427287952817459,0.03032533996152187,1.0,0.2,0.4,0.15000000000000002,0.6474013020781118,0.7267308774671937,0.4661111427916581,0.5,0.15000000000000002,"{'I': 1, 'W': 0, 'R': 1, 'C': 'free'}",False,True,True,0.6666666666666666,3
5446,3,0.0020488318188747923,0.4310478553893803,0.007623896576696301,2.089050585302585,1.000226110557215,1.3165386076475694,0.0013555903446624828,0.9999999997211876,0.05,0.050000000000000044,0.050000000000000044,0.011007037298393472,0.10643072583757521,0.0229182969835747,0.050000000000000044,0.0,"{'I': 1, 'W': 0, 'R': 1, 'C': 'free'}",False,True,True,1.0,3
5446,4,0.01113120208546337,0.2880342626654169,0.0494302966068149,1.5214035728770492,1.0016663343462042,1.172686250823569,0.009939954139993157,0.9999910931083386,0.05,0.0,0.050000000000000044,0.002795265917965332,0.03304725257513872,0.025923794839545797,0.0,0.0,"{'I': 1, 'W': 0, 'R': 1, 'C': 'free'}",False,True,True,1.0,3
5446,5,0.002034356151367606,0.13541924499803934,0.00732654921658553,1.8379785793425394,1.0002274669563773,1.084922171736937,0.0015908209286553676,0.9999334777373468,0.0,0.0,0.0,0.003587775981993159,0.0016998143553161554,0.006684403783916207,0.0,0.0,"{'I': 0, 'W': 1, 'R': 0, 'C': 'costly'}",False,True,True,1.0,3
5472,1,0.18250038132629923,0.3496914950982659,0.6647489478219212,2.133526532474611,1.129486991427396,1.2861609747153975,0.8574719755836451,0.9999999999999987,0.2,0.15000000000000002,0.09999999999999998,0.6767893492127739,0.4657931451937577,0.2450714803227778,0.25,0.050000000000000044,"{'I': 1, 'W': 0, 'R': 1, 'C': 'free'}",False,True,True,1.0,3
5472,2,0.07451205177430618,0.6081409451732407,0.2076282164440651,2.7008212130611224,1.0156549172269826,1.5193318888264857,0.130470299449839,1.0,0.2,0.050000000000000044,0.5,0.2686814606427576,0.591948488182288,0.650879000511961,0.050000000000000044,0.75,"{'I': 1, 'W': 0, 'R': 1, 'C': 'free'}",False,True,True,1.0,3
5472,3,0.10799002785302386,0.465972327364136,0.5609958630231942,2.086031460850906,1.0319117158238031,1.3583241841703106,0.24626772762852855,1.0,0.15,0.050000000000000044,0.050000000000000044,0.017976771908977902,0.09517238569225718,0.2224534685096916,0.050000000000000044,0.050000000000000044,"{'I': 1, 'W': 0, 'R': 1, 'C': 'free'}",False,True,True,1.0,3
5472,4,0.28203047990889113,0.4057454655161452,1.1002672039027543,2.1420179125293206,1.1472435568320838,1.2887217078693511,0.7793072329479148,0.9999999999999998,0.15,0.050000000000000044,0.15000000000000002,0.676834900214408,0.6204655371699838,0.5285905663151136,0.6699999999999999,0.15000000000000002,"{'I': 1, 'W': 0, 'R': 1, 'C': 'free'}",False,True,True,1.0,3
5472,5,0.1585630564315533,0.6273982184152178,0.6918972678581017,2.1753286826559113,1.1488691088700427,1.5424664841797764,0.9284088219325699,1.0,0.2,0.15000000000000002,0.09999999999999998,0.46814970740965106,0.499286704915303,0.2683242889313816,0.15000000000000002,0.050000000000000044,"{'I': 1, 'W': 0, 'R': 1, 'C': 'free'}",False,True,True,1.0,3
5472,6,0.4850195519123269,0.4397852303716336,2.371677400449349,2.5021860273673338,1.3787645639687773,1.3671814973255372,1.0,1.0,0.2,0.050000000000000044,0.7,0.20172481625097985,0.46857299131121105,0.777159601196102,0.050000000000000044,0.35,"{'I': 1, 'W': 0, 'R': 1, 'C': 'free'}",False,True,True,1.0,3
5472,7,0.23965887305977737,0.4892560889623466,1.351978721982111,2.0158114798609374,1.1179890492736955,1.4168508859108142,0.8321199052552217,1.0,0.3,0.050000000000000044,0.15000000000000002,0.49945803992887094,0.6782986407125201,0.6196356518659089,0.75,0.75,"{'I': 1, 'W': 0, 'R': 1, 'C': 'free'}",False,True,True,0.6666666666666666,3
5483,1,0.005751767638699422,0.40061530470695705,0.06493981526003943,1.5658545079741515,1.000927531956228,1.326854930925773,0.011979988451343182,0.9999999247961072,0.05,0.0,0.050000000000000044,0.003553011660852271,0.012352467691314279,0.04168348787876883,0.0,0.0,"{'I': 1, 'W': 0, 'R': 1, 'C': 'free'}",False,True,True,1.0,3
5483,2,0.016698533421729122,0.46885062204272426,0.12423665765438521,2.1857270643146163,1.0033195447621548,1.3874368721588253,0.02938600687094728,1.0,0.05,0.050000000000000044,0.050000000000000044,0.20179261754593314,0.3191961245849857,0.20099917841219023,0.050000000000000044,0.050000000000000044,"{'I': 1, 'W': 0, 'R': 1, 'C': 'free'}",False,True,True,1.0,3
5483,3,0.0815972486353088,0.20456688173461593,0.809783783804579,1.5569762096535087,1.0597997144420004,1.0954020511349039,0.5019024310572013,0.9996994241616401,0.0,0.0,0.0,0.016561271993895163,0.009688293297805723,0.059913497470116504,0.0,0.0,"{'I': 0, 'W': 1, 'R': 0, 'C': 'costly'}",False,True,True,1.0,3
5486,1,0.05087366529870994,0.37227588541884815,0.2829433482599003,1.3523642547498091,1.0106377555392654,1.4317210258386515,0.06151596682834659,0.9999999999747867,0.05,0.0,0.050000000000000044,0.009764149166273049,0.029264577987330762,0.06755603793394144,0.0,0.0,"{'I': 1, 'W': 0, 'R': 1, 'C': 'free'}",False,True,True,1.0,3
5486,2,0.0002819682789350872,0.21396154605649664,0.001970799817800293,1.4725148489182909,1.0000277340357597,1.1747412058397813,0.0002495717124036956,0.9999850724675725,0.0,0.0,0.0,0.0028067051685335778,0.020297474712556593,0.0052111568699301294,0.0,0.0,"{'I': 1, 'W': 0, 'R': 1, 'C': 'free'}",False,True,True,1.0,3
5486,3,0.0004610396796481245,0.28616642039772344,0.0013485611244747626,2.093543532281541,1.000041894161989,1.1835800681050128,0.00037696848959567486,0.999999999999999,0.0,0.0,0.0,0.005216316983610185,0.007565471930989774,0.08495885494093063,0.0,0.0,"{'I': 0, 'W': 1, 'R': 0, 'C': 'costly'}",False,True,True,1.0,3
5503,1,0.0018891178052279902,0.2533451011021991,0.007183309136827075,1.7203137127727897,1.0002133120825507,1.1213702470139884,0.001917762751438623,0.9979414925695878,0.05,0.0,0.050000000000000044,0.009452410505864399,0.02916818307282415,0.14804689667787854,0.0,0.0,"{'I': 1, 'W': 0, 'R': 1, 'C': 'free'}",False,True,True,1.0,3
5503,2,0.19741799334364898,0.4189480162304496,1.0304233938624652,2.350864276565857,1.1607112605051642,1.373957903899804,0.8559260611143198,1.0,0.15,0.9,0.15000000000000002,0.8514635890428022,0.7764827208036194,0.4988521823741564,0.8,0.15000000000000002,"{'I': 1, 'W': 0, 'R': 1, 'C': 'free'}",False,True,True,0.3333333333333333,3
5503,3,0.04183789912379491,0.35354047719967563,0.2831033529885624,2.2783303860082946,1.010994946698823,1.2030000897369018,0.0837623765006309,0.9999999997192068,0.0,0.0,0.050000000000000044,0.16549278467862163,0.24333273175387862,0.22268928943201619,0.050000000000000044,0.050000000000000044,"{'I': 0, 'W': 1, 'R': 0, 'C': 'costly'}",False,True,True,0.0,3
5504,1,0.003103935440210762,0.3780425132227117,0.013655834518658504,2.0517849558245325,1.0003611616363504,1.3057034941989425,0.002524483151674972,0.9999990535829607,0.0,0.0,0.0,0.0014608380314968038,0.0024487527643889083,0.008579637564818209,0.0,0.0,"{'I': 1, 'W': 0, 'R': 1, 'C': 'free'}",False,True,True,1.0,3
5504,2,0.0007586070011030516,0.373524414605195,0.0032802062874593835,1.965525845548444,1.0000710087101814,1.2263945700223435,0.0007098098575347711,0.9999866544045247,0.05,0.050000000000000044,0.050000000000000044,0.0018896998671945238,0.005916444401591985,0.005218273090416784,0.0,0.0,"{'I': 1, 'W': 0, 'R': 1, 'C': 'free'}",False,True,True,1.0,3
5504,3,0.00103376631535819,0.4113172714234921,0.0045398792390194615,1.9854062450694148,1.0000966101950615,1.2888669764135698,0.0007725456615963466,0.9999999999942618,0.0,0.0,0.0,0.0076532008542791324,0.03298527830389943,0.11879042497776382,0.0,0.050000000000000044,"{'I': 0, 'W': 1, 'R': 0, 'C': 'costly'}",False,True,True,1.0,3
553,1,0.013471212196679343,0.5287772585092781,0.06727176624592816,2.6307933912729613,1.0024028835385863,1.4290967841863584,0.02136840142074281,1.0,0.5,0.7,0.55,0.7529114534706144,0.7966438785774332,0.8138871798928113,0.85,0.85,"{'I': 1, 'W': 0, 'R': 1, 'C': 'free'}",False,True,True,1.0,3
553,2,0.008232291930722635,0.47453720448956677,0.036698634216265714,2.663619504270751,1.001223025727187,1.3646923997166363,0.007306844897334797,1.0,0.3,0.35,0.5,0.6210223792177285,0.6773134006215387,0.7031706067594413,0.5,0.35,"{'I': 1, 'W': 0, 'R': 1, 'C': 'free'}",False,True,True,0.6666666666666666,3
553,3,0.23170226442618067,0.5965919225061598,0.7565705337996421,2.659224199997262,1.1230154135943036,1.4776534673469273,0.8437469415641689,1.0,0.3,0.8,0.7,0.8352534962080413,0.9034017368192047,0.7054217607087611,0.7,0.75,"{'I': 1, 'W': 0, 'R': 1, 'C': 'free'}",False,True,True,0.3333333333333333,3
553,4,0.2530990617950245,0.5079630238172576,1.2991843313856868,2.450711146764011,1.2012275701906798,1.422519193207857,0.8401373213504608,1.0,0.15,0.35,0.15000000000000002,0.2445719166718128,0.5297167046218446,0.2935621719603049,0.050000000000000044,0.15000000000000002,"{'I': 1, 'W': 0, 'R': 1, 'C': 'free'}",False,True,True,1.0,3
553,5,0.008661653833021477,0.528847818248526,0.040783547968711205,2.4520879841892946,1.0012829434341084,1.4273192224472846,0.01020454600115861,1.0,0.2,0.15000000000000002,0.09999999999999998,0.07586406690538457,0.22232722898029778,0.10631685175180425,0.050000000000000044,0.050000000000000044,"{'I': 1, 'W': 0, 'R': 1, 'C': 'free'}",False,True,True,1.0,3
553,6,0.32414303046370246,0.5276799052901451,1.550090894625397,2.3775230717412255,1.149771891979006,1.4335563654723362,0.7845872334309009,1.0,0.1,,,0.650441008990059,0.6509367831321956,0.5619737733557353,0.75,0.050000000000000044,"{'I': 1, 'W': 0, 'R': 1, 'C': 'free'}",False,True,True,0.0,3
553,7,0.009115469187530848,0.5010905775833389,0.08319134262470704,1.8614879412823178,1.0015880274781441,1.4535464285101474,0.023520496297339877,1.0,0.2,0.050000000000000044,0.15000000000000002,0.3481458085772944,0.4673491749236765,0.34731468226897366,0.15000000000000002,0.25,"{'I': 1, 'W': 0, 'R': 1, 'C': 'free'}",False,True,True,0.0,3
5532,1,0.044753738311667506,0.30793252737867677,0.5981550214873268,1.7515510941445276,1.0126886498391092,1.190541888525804,0.20304640182175648,0.9999970444498688,0.05,0.050000000000000044,0.050000000000000044,0.2226620730927676,0.18107263222847073,0.2848182099525218,0.050000000000000044,0.050000000000000044,"{'I': 1, 'W': 0, 'R': 1, 'C': 'free'}",False,True,True,1.0,3
5532,2,0.0723850414395027,0.5975230481862611,0.5168719731150864,2.17912280359485,1.017221762466374,1.5092059197409846,0.12768195454599718,1.0,0.15,0.050000000000000044,0.050000000000000044,0.023091831443698727,0.08510619471062415,0.14931763098014714,0.050000000000000044,0.050000000000000044,"{'I': 1, 'W': 0, 'R': 1, 'C': 'free'}",False,True,True,1.0,3
5532,3,0.11421608300525854,0.4224175633306801,0.5935917908341223,1.9912058139959201,1.0421743061027642,1.3234458351350933,0.31049607348226427,1.0,0.15,0.050000000000000044,0.050000000000000044,0.02928021663073785,0.13261267176141864,0.16418876325311932,0.050000000000000044,0.050000000000000044,"{'I': 1, 'W': 0, 'R': 1, 'C': 'free'}",False,True,True,1.0,3
5532,4,0.049639603729018406,0.3945540679697684,0.2942378475479475,2.5105281776353974,1.013844359525531,1.3347047889678605,0.07918525713749802,1.0,0.05,0.0,0.050000000000000044,0.06004778554051848,0.14789763737538125,0.4682308819980277,0.050000000000000044,0.050000000000000044,"{'I': 0, 'W': 1, 'R': 0, 'C': 'costly'}",False,True,True,0.6666666666666666,3
5540,1,0.012714876182648209,0.24553862281981503,0.09508549537199168,1.9522733560777548,1.001969986172317,1.165010007367241,0.015621091418570265,0.9999640322681408,0.0,0.0,0.050000000000000044,0.00240632611647576,0.008556223825815166,0.022984782593935438,0.0,0.0,"{'I': 1, 'W': 0, 'R': 1, 'C': 'free'}",False,True,True,1.0,3
5540,2,0.039242395912083866,0.19041476185766534,0.339811105620791,1.2827689652706298,1.012766123950553,1.145775514384734,0.10789185538237678,0.9999515008865758,0.05,0.0,0.0,0.0007964570750501537,0.001700415423727453,0.0013179485362533876,0.0,0.0,"{'I': 1, 'W': 0, 'R': 1, 'C': 'free'}",False,True,True,1.0,3
5540,3,0.03586678568714631,0.2784352741128337,0.21160093096542607,2.0526212102527586,1.0092989677043471,1.2033453911747631,0.05402202351295127,1.0,0.05,0.0,0.050000000000000044,0.02030242732339843,0.012408169110577759,0.06723415273399458,0.0,0.0,"{'I': 0, 'W': 1, 'R': 0, 'C': 'costly'}",False,True,True,1.0,3
5545,1,0.2465606205580623,0.3166574449290554,1.1635587850244518,1.5816861102260589,1.2288154399398104,1.2268695755498211,0.7636294406666486,0.9999986218204125,0.05,0.050000000000000044,0.0,0.06009128515603723,0.041890859860800635,0.11722516930564049,0.050000000000000044,0.0,"{'I': 1, 'W': 0, 'R': 1, 'C': 'free'}",False,True,True,1.0,3
5545,2,0.10445705344711036,0.42242064363041987,0.7007529478252807,1.7350098708758848,1.077316069954577,1.3239162150923809,0.5908502005773729,0.999999999999879,0.05,0.050000000000000044,0.050000000000000044,0.011033551732674406,0.08486802436702758,0.060099931352336204,0.050000000000000044,0.050000000000000044,"{'I': 1, 'W': 0, 'R': 1, 'C': 'free'}",False,True,True,1.0,3
5545,3,0.0028268003269534274,0.32436876906203366,0.024126610581641277,2.3354119025049527,1.0003895534920144,1.2426858258453883,0.004662826740811088,0.9999999999582888,0.05,0.050000000000000044,0.050000000000000044,0.00460606913845514,0.07574279295643849,0.05326740820185924,0.050000000000000044,0.050000000000000044,"{'I': 1, 'W': 0, 'R': 1, 'C': 'free'}",False,True,True,1.0,3
5545,4,0.012407983113605548,0.5389464444819565,0.10351958216044767,2.2933549458187152,1.0023113905380816,1.3911590454659657,0.027324425651415685,1.0,0.1,0.050000000000000044,0.050000000000000044,0.003589830675718463,0.11884325453026785,0.6202441360821619,0.050000000000000044,0.050000000000000044,"{'I': 1, 'W': 0, 'R': 1, 'C': 'free'}",False,True,True,0.0,3
5545,5,0.3424261254759064,0.45408731946193803,1.085120662588925,2.5238926548553,1.2808567234415917,1.3865259524483706,0.7735372972463403,1.0,,0.35,0.8,0.5619737555477459,0.7547313583886421,0.8172903373513579,0.65,0.75,"{'I': 1, 'W': 0, 'R': 1, 'C': 'free'}",False,True,True,0.0,3
5545,6,0.07188224120373385,0.4844304408956324,0.4774359344360002,2.0251177114798864,1.0216287745880905,1.37628833914411,0.15733478265002143,1.0,0.2,0.050000000000000044,0.15000000000000002,0.16433838183075622,0.5603023365270162,0.2683162977607814,0.050000000000000044,0.050000000000000044,"{'I': 1, 'W': 0, 'R': 1, 'C': 'free'}",False,True,True,0.6666666666666666,3
5545,7,0.08909945751452063,0.5460640485060306,0.6838093424303452,2.275099370695974,1.038073356341187,1.45471144460573,0.25838988453220657,1.0,0.2,0.050000000000000044,0.15000000000000002,0.2224058090022205,0.4063605965190433,0.2014218386506074,0.15000000000000002,0.050000000000000044,"{'I': 1, 'W': 0, 'R': 1, 'C': 'free'}",False,True,True,0.0,3
5571,1,0.012690385057915726,0.20738974827459722,0.048670978798427904,1.7827314551291176,1.0017770612801027,1.2137911226871534,0.010596363810296161,0.9999246737905173,0.0,0.0,0.050000000000000044,0.0044190503900169075,0.009701246068126819,0.01985847529209229,0.0,0.0,"{'I': 1, 'W': 0, 'R': 1, 'C': 'free'}",False,True,True,1.0,3
5571,2,0.14724187095588426,0.5116931795763091,0.6887077347252809,2.5329556919106886,1.1020253102204995,1.435866073558315,0.38476341247912416,1.0,0.05,0.0,0.15000000000000002,0.005216789499669871,0.13282335813648483,0.11910297547038932,0.050000000000000044,0.15000000000000002,"{'I': 1, 'W': 0, 'R': 1, 'C': 'free'}",False,True,True,0.3333333333333333,3
5571,3,0.002798691150246873,0.5039494284276771,0.014637051181765311,2.0546772566197697,1.0003488017740512,1.403960385052809,0.002438209424917681,1.0,0.2,0.050000000000000044,0.050000000000000044,0.14789869267477324,0.3477315239352204,0.1476092304265137,0.050000000000000044,0.050000000000000044,"{'I': 1, 'W': 0, 'R': 1, 'C': 'free'}",False,True,True,1.0,3
5571,4,0.00686257196797097,0.4621980146999239,0.017638347284156995,2.3431298645672833,1.0008566619359536,1.3797277984198322,0.004272323600776118,1.0,0.05,0.0,0.050000000000000044,0.3773099160732346,0.14800480330264365,0.3485578424013412,0.0,0.050000000000000044,"{'I': 0, 'W': 1, 'R': 0, 'C': 'costly'}",False,True,True,1.0,3
5573,1,0.033174132010957695,0.4486410325466415,0.3575205188470218,2.208442950123013,1.007862288993167,1.3393706053112737,0.12465415414780312,0.9999999999706751,0.05,0.050000000000000044,0.050000000000000044,0.18240913797935768,0.16294661391798884,0.15927520273943507,0.050000000000000044,0.050000000000000044,"{'I': 1, 'W': 0, 'R': 1, 'C': 'free'}",False,True,True,1.0,3
5573,2,0.04792000161109038,0.3939281658443328,0.32066547287600033,1.71526923363138,1.0097259492184871,1.2864503777333773,0.0834242920864261,0.9999999997637278,0.15,0.050000000000000044,0.050000000000000044,0.006691973925124033,0.07586476229381976,0.22269769167858494,0.050000000000000044,0.050000000000000044,"{'I': 1, 'W': 0, 'R': 1, 'C': 'free'}",False,True,True,1.0,3
5573,3,0.09119741293968622,0.5322031949158496,0.6993030317289085,2.3678668899643083,1.0298172564179935,1.4125170872178279,0.35642742922516024,1.0,0.2,0.050000000000000044,0.050000000000000044,0.2942008081413942,0.6749124850531238,0.815099365137042,0.15000000000000002,0.75,"{'I': 1, 'W': 0, 'R': 1, 'C': 'free'}",False,True,True,0.6666666666666666,3
5573,4,0.006820408384455259,0.4384949237111182,0.03608978758787739,2.001715044336459,1.0008941221773584,1.274803298728642,0.008011241773175026,0.9999999999967886,0.15,0.050000000000000044,0.050000000000000044,0.34746483737973394,0.6777011037208779,0.4999450263873149,0.050000000000000044,0.15000000000000002,"{'I': 1, 'W': 0, 'R': 1, 'C': 'free'}",False,True,True,1.0,3
5573,5,0.24805278238557027,0.5983233314204716,1.4710076553546843,2.552171642478444,1.2453695648539662,1.5504153651308172,0.984535592363436,1.0,0.2,0.15000000000000002,0.6,0.37696229458941183,0.6219029995812821,0.729402580785619,0.15000000000000002,0.75,"{'I': 1, 'W': 0, 'R': 1, 'C': 'free'}",False,True,True,0.0,3
5573,6,0.006553668342319194,0.5194814772598715,0.04614735888304963,2.145982257042687,1.0009872523369938,1.424343306332992,0.00981912769118698,1.0,0.15,0.25,0.9,0.37680150827359865,0.6776999889823815,0.7007122712563317,0.35,0.75,"{'I': 1, 'W': 0, 'R': 1, 'C': 'free'}",False,True,True,1.0,3
5573,7,0.11023889360978474,0.4880600658141368,0.7436717328674707,1.9069996993867764,1.087315204952637,1.4084265193514875,0.7151159848461515,1.0,0.2,0.050000000000000044,0.15000000000000002,0.4371953462071988,0.5297158208549245,0.7523373636298912,0.15000000000000002,0.75,"{'I': 1, 'W': 0, 'R': 1, 'C': 'free'}",False,True,True,0.0,3
5615,1,0.07438467723962285,0.2747756151800831,0.4285097837305184,1.3973697572234172,1.0255439344731927,1.1913050097234579,0.16185316853489484,0.9999215198684032,0.0,0.0,0.050000000000000044,0.022979336549623853,0.017986202034148694,0.5103728795774649,0.0,0.0,"{'I': 1, 'W': 0, 'R': 1, 'C': 'free'}",False,True,True,1.0,3
5615,2,0.017971581100713528,0.2869064426289042,0.07442755203467005,2.0373157181884967,1.0032212076203284,1.1796768153132224,0.02226070549423176,0.99999999526318,0.05,0.050000000000000044,0.050000000000000044,0.01794917218856572,0.0755079890580421,0.033029841819951486,0.050000000000000044,0.0,"{'I': 1, 'W': 0, 'R': 1, 'C': 'free'}",False,True,True,1.0,3
5615,3,0.004545790032048047,0.399357716922039,0.01357093788102888,2.0562622951490797,1.0005328713379482,1.309053238435595,0.0037221614065902076,0.9999999999999536,0.05,0.0,0.050000000000000044,0.06754948785970372,0.11905402768074472,0.13249973983911037,0.050000000000000044,0.050000000000000044,"{'I': 1, 'W': 0, 'R': 1, 'C': 'free'}",False,True,True,1.0,3
5615,4,0.016192257959672027,0.34854800408132536,0.1101788887991191,2.2168702704041743,1.0033762796723869,1.2898444534016655,0.023317984132827152,1.0,0.0,0.0,0.0,0.006704264870599234,0.037251059658871516,0.033033793159084626,0.0,0.0,"{'I': 0, 'W': 1, 'R': 0, 'C': 'costly'}",False,True,True,1.0,3
562,1,0.03354058478837223,0.39854517300447967,0.2786036887205129,2.204552389217054,1.0092584097361614,1.315385798489944,0.07959576574199811,0.999999999700947,0.05,0.0,0.050000000000000044,0.008578321799527635,0.05984217204629564,0.08930539939465425,0.0,0.0,"{'I': 1, 'W': 0, 'R': 1, 'C': 'free'}",False,True,True,1.0,3
562,2,0.0017378182507302123,0.21971397976938523,0.00696411041390281,1.2490036853244069,1.0001776294884357,1.216698370508872,0.0008876743547423516,0.999988534572091,0.0,0.0,0.0,0.0051451120494297245,0.020168958692707607,0.012432136266680497,0.0,0.0,"{'I': 0, 'W': 1, 'R': 0, 'C': 'costly'}",False,True,True,1.0,3
5630,1,0.03636213250995315,0.36059146691035604,0.20689249733506032,2.614837957822879,1.0073197335283643,1.2196579790269535,0.08379660453526705,0.9999999151837682,0.05,0.050000000000000044,0.050000000000000044,0.07223456683592956,0.06755957473718488,0.2226755478555109,0.050000000000000044,0.050000000000000044,"{'I': 1, 'W': 0, 'R': 1, 'C': 'free'}",False,True,True,1.0,3
5630,2,0.006134365442350203,0.35859718383440004,0.057175439573673825,2.0287189999064257,1.000929955627966,1.3398028638223403,0.012011089346938841,0.9999999999984682,0.05,0.050000000000000044,0.050000000000000044,0.24506891635886172,0.24505174892997775,0.14704860990941837,0.050000000000000044,0.050000000000000044,"{'I': 1, 'W': 0, 'R': 1, 'C': 'free'}",False,True,True,1.0,3
5630,3,0.09054890892213709,0.3908322829047199,0.7232981462683545,1.8693520534253967,1.0296351126043812,1.2931929623425222,0.3159048332088553,0.9999999999998136,0.1,0.8,0.050000000000000044,0.9664575342529038,0.8660018048942285,0.07586455748806903,0.8,0.050000000000000044,"{'I': 1, 'W': 0, 'R': 1, 'C': 'free'}",False,True,True,0.0,3
5630,4,0.04852556506433552,0.4974501953200693,0.12259002186684427,2.444350979484518,1.0084548734344507,1.360633827413355,0.07297429141086631,1.0,0.1,0.9,0.35,0.293766271169043,0.3767963696445328,0.8169347636146245,0.6699999999999999,0.65,"{'I': 1, 'W': 0, 'R': 1, 'C': 'free'}",False,True,True,1.0,3
5630,5,0.0031603911688346713,0.3981349525358256,0.019094349279024387,1.793788150109601,1.0003955820756398,1.240802195131707,0.003947227672689513,0.9999999999742005,0.15,0.050000000000000044,0.050000000000000044,0.042092948940006696,0.09517243246197787,0.1199593603303354,0.050000000000000044,0.050000000000000044,"{'I': 1, 'W': 0, 'R': 1, 'C': 'free'}",False,True,True,1.0,3
5630,6,0.006902272578911321,0.23672698842852588,0.064948584014347,2.0499942074441004,1.0009983325697152,1.1465728653275487,0.017800684428320057,0.9999998713506824,0.1,0.050000000000000044,0.050000000000000044,0.18195580449715054,0.11907055034612049,0.2659756960753683,0.050000000000000044,0.050000000000000044,"{'I': 1, 'W': 0, 'R': 1, 'C': 'free'}",False,True,True,1.0,3
5630,7,0.007852263053550525,0.2543604531737585,0.037260823460961115,2.120040794373127,1.0011314868314445,1.1465995487796419,0.012362270488676996,0.9999993375146471,0.1,0.050000000000000044,0.050000000000000044,0.047381666003236976,0.06003836030134193,0.20100849608308105,0.050000000000000044,0.050000000000000044,"{'I': 1, 'W': 0, 'R': 1, 'C': 'free'}",False,True,True,1.0,3
564,1,0.002545275212117194,0.21191071459137986,0.01323762565271643,1.1597130504904556,1.0003139114883002,1.1276709449914166,0.002194623882604163,0.9942962931370354,0.0,0.0,0.0,0.0007011340694971031,0.005199474748473479,0.06605531212696143,0.0,0.0,"{'I': 1, 'W': 0, 'R': 1, 'C': 'free'}",False,True,True,1.0,3
564,2,0.0038363121927610048,0.3859885947691459,0.030690751174444978,1.9106859952401807,1.0005113133281556,1.2273549017795113,0.004590077117172187,0.9999999063824551,0.15,0.050000000000000044,0.050000000000000044,0.37749241515970566,0.37602250466032816,0.22442751556798443,0.050000000000000044,0.15000000000000002,"{'I': 1, 'W': 0, 'R': 1, 'C': 'free'}",False,True,True,1.0,3
564,3,0.3169236176272564,0.5439995797996361,2.098300019176838,2.1174430922315906,1.2252840045553286,1.4785237822301487,0.89299708836741,1.0,0.2,0.35,0.050000000000000044,0.7048224070936847,0.7040536011149054,0.43618144764859335,0.5,0.75,"{'I': 1, 'W': 0, 'R': 1, 'C': 'free'}",False,True,True,0.3333333333333333,3
564,4,0.09207302042544944,0.5004581164100905,0.7684686658074965,2.649381372432681,1.0579109371447066,1.40719131946459,0.39749863345891456,1.0,0.3,0.050000000000000044,0.15000000000000002,0.753919501613274,0.6494383978486065,0.22228146290816617,0.6699999999999999,0.15000000000000002,"{'I': 1, 'W': 0, 'R': 1, 'C': 'free'}",False,True,True,0.3333333333333333,3
564,5,0.011675977186945833,0.5404091430424992,0.09778907215741241,2.2184412576078407,1.0020363167139306,1.4093112488420045,0.024115417089268565,1.0,0.15,0.15000000000000002,0.050000000000000044,0.164137912140251,0.22208072409943744,0.13295789893102664,0.15000000000000002,0.050000000000000044,"{'I': 1, 'W': 0, 'R': 1, 'C': 'free'}",False,True,True,1.0,3
564,6,0.005719891571770757,0.40390604264201324,0.023055654116481663,1.8559942842109696,1.0007260683282622,1.316890855085095,0.006510955088535497,0.9999999999999765,0.2,0.050000000000000044,0.050000000000000044,0.047430012431746625,0.29354500102988285,0.4664841532960095,0.050000000000000044,0.050000000000000044,"{'I': 1, 'W': 0, 'R': 1, 'C': 'free'}",False,True,True,0.6666666666666666,3
564,7,0.49599644946602217,0.41291334176261296,1.6441203146062742,2.1443854322733826,1.7657725302479228,1.2995364982647606,0.989419116088512,1.0,0.2,0.050000000000000044,0.7,0.8510229487546905,0.7045470758670487,0.7734894900426208,0.8,0.75,"{'I': 1, 'W': 0, 'R': 1, 'C': 'free'}",False,True,True,0.3333333333333333,3
565,1,0.0012742943492424497,0.33177430590860935,0.004401925807482734,1.872300270566492,1.0001388923104952,1.2569718782854427,0.0009717062483867167,0.9999998885164744,0.05,0.0,0.050000000000000044,0.007577622103961674,0.01402694670417554,0.04703307322669249,0.0,0.0,"{'I': 1, 'W': 0, 'R': 1, 'C': 'free'}",False,True,True,1.0,3
565,2,0.006579936765236172,0.3597750955715074,0.04121087218955868,2.142741294954506,1.001049460019958,1.2816212655218862,0.007315478718777801,0.999999996931096,0.05,0.0,0.050000000000000044,0.0021723578084435115,0.022895985514473322,0.005217233321711829,0.0,0.0,"{'I': 1, 'W': 0, 'R': 1, 'C': 'free'}",False,True,True,1.0,3
565,3,0.010414271920520824,0.3609017765767406,0.05743957408697295,1.8666730713337705,1.0017577033660938,1.289723217730434,0.010481643160356269,0.9999999999119322,0.0,0.0,0.0,0.0962179791784375,0.08510023513957747,0.042081438600842895,0.0,0.0,"{'I': 0, 'W': 1, 'R': 0, 'C': 'costly'}",False,True,True,0.6666666666666666,3
5660,1,0.00661278242650543,0.27399784551080913,0.025502773328904715,1.664297831241825,1.0008597227261053,1.1266175747729519,0.0051428502861293746,0.9915093853779259,0.05,0.0,0.050000000000000044,0.042090121480685506,0.04175542826935139,0.2042727431145811,0.0,0.0,"{'I': 1, 'W': 0, 'R': 1, 'C': 'free'}",False,True,True,1.0,3
5660,2,0.019932635342297396,0.5701930377769078,0.09200877754223771,1.8640969198039339,1.003853790864101,1.4667692723636347,0.019048166664090704,0.9999999951926046,0.05,0.0,0.050000000000000044,0.03733008459431461,0.08509897232992193,0.04725029805857271,0.0,0.0,"{'I': 1, 'W': 0, 'R': 1, 'C': 'free'}",False,True,True,1.0,3
5660,3,0.0006580951698111801,0.2926285926655226,0.0009261503250614124,1.969478726332897,1.000057679856015,1.1865311801362888,0.00040366585318063475,0.9999999626677235,0.05,0.0,0.050000000000000044,0.010985252776390113,0.04720137570562621,0.08475199172840597,0.0,0.0,"{'I': 1, 'W': 0, 'R': 1, 'C': 'free'}",False,True,True,1.0,3
5660,4,0.0018737623942986714,0.4031800651673979,0.005220136076332785,2.0645679755933637,1.000192783461265,1.3117462100245698,0.001155920693927892,1.0,0.05,0.0,0.050000000000000044,0.16538230222555766,0.20123645350270236,0.34773940362510597,0.0,0.15000000000000002,"{'I': 0, 'W': 1, 'R': 0, 'C': 'costly'}",False,True,True,0.6666666666666666,3
5671,1,0.04295918505649939,0.47077321139944966,0.31880935091125334,2.7449982595871227,1.0111613068602074,1.3364866660877148,0.10505658933910877,0.9999999999999922,0.05,0.050000000000000044,0.09999999999999998,0.09535752564693681,0.06755252802351404,0.23896471525369206,0.050000000000000044,0.050000000000000044,"{'I': 1, 'W': 0, 'R': 1, 'C': 'free'}",False,True,True,1.0,3
5671,2,0.012857475824609667,0.46662970581898955,0.07851517119551871,1.9236443800599843,1.0020438357765082,1.299433447114126,0.016201323470471207,0.9999999999999363,0.1,0.050000000000000044,0.050000000000000044,0.014064786337935996,0.08509700576387423,0.4072987262845072,0.050000000000000044,0.050000000000000044,"{'I': 1, 'W': 0, 'R': 1, 'C': 'free'}",False,True,True,1.0,3
5671,3,0.052095673370610086,0.5168632566055399,0.381594720189245,2.3861034351016945,1.0151413756329752,1.3942652073545156,0.13953203409049975,1.0,0.2,0.35,0.7,0.5614759165011711,0.730407102341248,0.7047863349477812,0.5,0.75,"{'I': 1, 'W': 0, 'R': 1, 'C': 'free'}",False,True,True,0.3333333333333333,3
5671,4,0.09031669704195887,0.51848252202363,0.6273242425129767,2.8432115217175133,1.026406129457467,1.4563611065598514,0.18820549931712005,1.0,,0.050000000000000044,0.4,0.1191846059189789,0.4375171244472024,0.6790786859185488,0.050000000000000044,0.15000000000000002,"{'I': 1, 'W': 0, 'R': 1, 'C': 'free'}",False,True,True,0.3333333333333333,3
5671,5,0.001974522494039242,0.5157752863164354,0.008019498479946359,2.2289574663462868,1.0002186576394108,1.364716629033872,0.002183949078433889,0.9999999995190847,0.1,0.050000000000000044,0.050000000000000044,0.018075629679055107,0.05328625148961196,0.08486551071489047,0.050000000000000044,0.050000000000000044,"{'I': 1, 'W': 0, 'R': 1, 'C': 'free'}",False,True,True,1.0,3
5671,6,0.0020133517735416062,0.30220863255597835,0.0114961803791869,1.9395789565767738,1.0002482104362944,1.2165645427057823,0.001735749302001044,0.9999998119285878,0.0,0.0,0.0,0.022835333360498547,0.025926988744571618,0.037229633851267756,0.0,0.0,"{'I': 0, 'W': 1, 'R': 0, 'C': 'costly'}",False,True,True,1.0,3
5679,1,0.01926229846591016,0.38205889101149654,0.1096637976923475,1.6630085659279785,1.0036087206921456,1.3335529227825131,0.021381454540825295,0.9999999925125594,0.0,0.0,0.050000000000000044,0.003535592386218309,0.0058823851678105905,0.02931114201944187,0.0,0.0,"{'I': 1, 'W': 0, 'R': 1, 'C': 'free'}",False,True,True,1.0,3
5679,2,0.0013139894013064568,0.19721381644585856,0.003420088942767773,1.2963145847466213,1.0001251024356268,1.1149906229078785,0.0007502860603669781,0.9993194992680166,0.0,0.0,0.0,0.012554822729152147,0.020329334463370024,0.05421365516601571,0.0,0.15000000000000002,"{'I': 0, 'W': 1, 'R': 0, 'C': 'costly'}",False,True,True,1.0,3
5686,1,0.005164005021177265,0.5524449672274225,0.02297403713423383,2.129214877150957,1.0006736188689576,1.4267625741420031,0.004702652368554827,1.0,0.05,0.050000000000000044,0.050000000000000044,0.0021409003773630014,0.02029362626409586,0.028759441529129903,0.0,0.0,"{'I': 1, 'W': 0, 'R': 1, 'C': 'free'}",False,True,True,1.0,3
5686,2,0.15487753739888993,0.5186700881672917,0.7348105073335561,2.003364112262674,1.0863445734048176,1.4136481114398698,0.3390600494712913,1.0,0.1,0.050000000000000044,0.15000000000000002,0.1480394541010393,0.24433707688663056,0.07568094763843121,0.050000000000000044,0.050000000000000044,"{'I': 1, 'W': 0, 'R': 1, 'C': 'free'}",False,True,True,1.0,3
5686,3,0.10282651207814097,0.5516147466550975,0.37616194692659566,2.085432512221958,1.0292901375074641,1.4147379949021461,0.206224832393459,1.0,0.2,0.35,0.7,0.5910641130252555,0.7291315007240944,0.49836308095192244,0.5,0.75,"{'I': 1, 'W': 0, 'R': 1, 'C': 'free'}",False,True,True,0.3333333333333333,3
5686,4,0.20840281115149487,0.5129682855573027,1.159996080945708,2.446186350516789,1.0924426762726647,1.4563272249766883,0.4116875285952011,1.0,0.3,0.7,0.4,0.5616097709074422,0.7306266289675446,0.7547734434976628,0.65,0.65,"{'I': 1, 'W': 0, 'R': 1, 'C': 'free'}",False,True,True,1.0,3
5686,5,0.0017711221992870924,0.5678337763763079,0.00641653024004553,2.1423244464838187,1.000187532240621,1.4267789871133878,0.0014989926556985278,1.0,0.05,0.050000000000000044,0.050000000000000044,0.03338879145776981,0.2222693152764866,0.14765609626053045,0.050000000000000044,0.050000000000000044,"{'I': 1, 'W': 0, 'R': 1, 'C': 'free'}",False,True,True,1.0,3
5686,6,0.095185283422104,0.4474477748472037,0.9337361236269408,1.9603792567633511,1.037541295575368,1.3898922042312816,0.5715738202639016,0.9999999999929616,0.0,0.0,0.0,0.0474257808434291,0.16413204360177092,0.05340990619818906,0.0,0.050000000000000044,"{'I': 0, 'W': 1, 'R': 0, 'C': 'costly'}",False,True,True,1.0,3
5699,1,0.035366086967808824,0.2394488037008377,0.3070084466305995,1.4236873290086904,1.00966325344136,1.177485507945659,0.08291192589457397,0.9999922160702154,0.0,0.0,0.050000000000000044,0.001906831282162163,0.006691960024782513,0.09219481971247245,0.0,0.0,"{'I': 1, 'W': 0, 'R': 1, 'C': 'free'}",False,True,True,1.0,3
5699,2,0.16125535732578936,0.4583577988912282,0.9655518522080679,2.2616417731269176,1.0857335157196,1.3444216924430024,0.43773986892114536,1.0,0.1,0.050000000000000044,0.15000000000000002,0.14796021120095149,0.22239398048999015,0.3764770270902196,0.050000000000000044,0.15000000000000002,"{'I': 1, 'W': 0, 'R': 1, 'C': 'free'}",False,True,True,1.0,3
5699,3,0.10267633142119847,0.5232806437344159,0.4655280618268968,2.026352063979612,1.0367506551862544,1.4468123758509193,0.19470669399159835,1.0,0.05,0.050000000000000044,0.050000000000000044,0.10656400356725801,0.2447203695172251,0.11907546737807724,0.050000000000000044,0.050000000000000044,"{'I': 1, 'W': 0, 'R': 1, 'C': 'free'}",False,False,True,0.0,3
5699,4,0.4504623838869765,0.45568091925526505,2.403670578269032,2.403670578269032,1.3659883785829612,1.370936224757672,1.0,1.0,,,0.050000000000000044,,,0.22226414629359886,,0.15000000000000002,,False,True,False,,
5699,5,0.13085561078332436,0.5185288752187337,0.4836966741600999,2.399988497781155,1.0407960773875575,1.490444907956528,0.24414154982989544,1.0,0.1,0.050000000000000044,0.050000000000000044,0.20160189641398968,0.2687306117092409,0.43667690913632967,0.050000000000000044,0.050000000000000044,"{'I': 1, 'W': 0, 'R': 1, 'C': 'free'}",False,True,True,1.0,3
5699,6,0.0021169010906039094,0.43345871810542863,0.010761390751568978,2.4428872835285196,1.0002342593062297,1.3865791431693821,0.0016382796550095113,1.0,0.2,0.050000000000000044,0.050000000000000044,0.14797724803394907,0.24497273860947721,0.24477180744413252,0.050000000000000044,0.050000000000000044,"{'I': 1, 'W': 0, 'R': 1, 'C': 'free'}",False,True,True,0.6666666666666666,3
5699,7,0.003348725242175949,0.5108178531945513,0.021992413698511702,2.243852225473171,1.0004584486144483,1.443071001431995,0.0036600341588092222,1.0,0.2,0.8,0.7,0.8349044316473732,0.8347283736384555,0.729400243278089,0.75,0.75,"{'I': 1, 'W': 0, 'R': 1, 'C': 'free'}",False,True,True,0.0,3
5704,1,0.06996460091648071,0.4201772783768583,0.2791906954247657,1.9951855575935609,1.016004927465832,1.3634036607655289,0.10519314913546718,0.9999999999999999,0.05,0.050000000000000044,0.050000000000000044,0.06720240357812543,0.07554298129821274,0.06554648195998347,0.050000000000000044,0.050000000000000044,"{'I': 1, 'W': 0, 'R': 1, 'C': 'free'}",False,True,True,1.0,3
5704,2,0.004693163141546165,0.45570223756398187,0.02684704365528575,1.7765793218150443,1.000633473218466,1.3721316453021692,0.005053369819850384,0.9999999999638656,0.05,0.050000000000000044,0.050000000000000044,0.0035927492690269276,0.03717031521511339,0.01578213767850308,0.050000000000000044,0.0,"{'I': 1, 'W': 0, 'R': 1, 'C': 'free'}",False,True,True,1.0,3
5704,3,0.07494484796852466,0.38798407888983066,0.29030133290426585,2.5507622041366798,1.0171657393265237,1.2907083939966644,0.1272975183365168,1.0,0.05,0.9,0.7,0.7970893600968052,0.8515727471218584,0.5616816026823439,0.15000000000000002,0.75,"{'I': 1, 'W': 0, 'R': 1, 'C': 'free'}",True,False,True,0.0,3
5704,4,0.10971159827845534,0.39094613573028575,0.6201334103034142,2.6263590289919128,1.05110442969885,1.2997109592087412,0.32882917619052976,1.0,0.2,0.050000000000000044,0.4,0.13288404304427517,0.2688668694237052,0.6510457161499617,0.050000000000000044,0.15000000000000002,"{'I': 1, 'W': 0, 'R': 1, 'C': 'free'}",False,True,True,1.0,3
5704,5,0.0021931568936195325,0.5311325248909419,0.009152119940148447,2.1260851775077376,1.0002575304728873,1.4085908856665015,0.0018008577295565154,0.9999999999458195,0.05,0.0,0.050000000000000044,0.01597178006031569,0.10669538261960783,0.08465843584053526,0.050000000000000044,0.050000000000000044,"{'I': 1, 'W': 0, 'R': 1, 'C': 'free'}",False,True,True,1.0,3
5704,6,0.001329471266765601,0.2934289207111399,0.007594540600147421,2.0848656444996405,1.0001440634777028,1.2333358748603236,0.0010078634749864923,0.9999999999728004,0.0,0.0,0.0,0.005218859099811818,0.029276113394485853,0.02590161375412802,0.0,0.0,"{'I': 0, 'W': 1, 'R': 0, 'C': 'costly'}",False,True,True,1.0,3
5711,1,0.0010622891517052778,0.21856173188162725,0.004419267381778043,1.0256051866967446,1.0001134572949573,1.1289833895957504,0.001020536630413904,0.9981792627426511,0.0,0.0,0.050000000000000044,0.005576157069010883,0.017918348313476128,0.16873932860653457,0.0,0.0,"{'I': 1, 'W': 0, 'R': 1, 'C': 'free'}",False,True,True,1.0,3
5711,2,0.039204120279745,0.3695338706021087,0.26959723768389166,2.11364096461847,1.011419813934163,1.3149724306972357,0.07640877324426865,1.0,0.05,0.050000000000000044,0.050000000000000044,0.008579279362905657,0.060087666584274016,0.04195656273176146,0.050000000000000044,0.050000000000000044,"{'I': 1, 'W': 0, 'R': 1, 'C': 'free'}",False,True,True,1.0,3
5711,3,0.12409242519389137,0.370968290067359,0.7123629140956326,1.9397037528709067,1.0839187622179896,1.2730100941167457,0.43111712136527336,1.0,0.1,0.050000000000000044,0.050000000000000044,0.01585690802506587,0.095199847141959,0.11921717590854994,0.050000000000000044,0.050000000000000044,"{'I': 1, 'W': 0, 'R': 1, 'C': 'free'}",False,True,True,1.0,3
5711,4,0.14534650867378934,0.46565846678659617,0.8932341625485841,2.2153567808637367,1.1702754774562338,1.3213609506938235,0.8226501406877813,0.9999999999999997,0.05,0.050000000000000044,0.050000000000000044,0.6778475970777732,0.72910925673445,0.43778371208582,0.6699999999999999,0.15000000000000002,"{'I': 1, 'W': 0, 'R': 1, 'C': 'free'}",False,True,True,0.6666666666666666,3
5711,5,0.13449356405657314,0.43637101034842884,0.4517644191323256,1.9235383888671056,1.0436428694164164,1.3294500762309571,0.28946623853633835,0.9999999999999415,0.15,0.050000000000000044,0.050000000000000044,0.22268527253554182,0.43695300773001144,0.5906720877487978,0.050000000000000044,0.050000000000000044,"{'I': 1, 'W': 0, 'R': 1, 'C': 'free'}",False,True,True,0.6666666666666666,3
5711,6,0.4386285510567413,0.4403472533824795,2.5824122994645156,2.5824122994645156,1.359929828901175,1.361570215696407,1.0,1.0,,,0.7,,,0.8669491379348365,,0.8,,False,True,False,,
5711,7,0.21000884408512174,0.6419258404748536,1.2982679529095418,2.2472823797902928,1.1905253024261695,1.50653741310537,0.7918615431888014,1.0,0.2,0.050000000000000044,0.15000000000000002,0.5595068851883451,0.7291161318084827,0.7289885618653513,0.15000000000000002,0.75,"{'I': 1, 'W': 0, 'R': 1, 'C': 'free'}",False,True,True,0.0,3
5717,1,0.04834418927108042,0.30049463378544106,0.3092036341662175,1.6323991143823677,1.0129580185098106,1.2437046765683277,0.09787145084866422,0.9999999991925004,0.05,0.050000000000000044,0.050000000000000044,0.08511741131699131,0.06755638990970782,0.21365408748063144,0.050000000000000044,0.0,"{'I': 1, 'W': 0, 'R': 1, 'C': 'free'}",False,True,True,1.0,3
5717,2,0.06380408867821406,0.4953458955334661,0.5032002880312587,2.17946342873427,1.0286862113066968,1.4331055501233683,0.20248905520126137,0.9999999999999996,0.05,0.050000000000000044,0.050000000000000044,0.08509643093259316,0.11814291285285526,0.07450352004066925,0.0,0.0,"{'I': 1, 'W': 0, 'R': 1, 'C': 'free'}",False,True,True,1.0,3
5717,3,0.10351534292855329,0.2619017416035872,0.6962066860214253,2.2752825910152428,1.0966075314218813,1.168937868674394,0.6023621129573553,0.9999999813027736,0.0,0.0,0.0,0.03308470807023664,0.08485501517098291,0.03308622593026336,0.0,0.0,"{'I': 0, 'W': 1, 'R': 0, 'C': 'costly'}",False,True,True,1.0,3
5720,1,0.17944581024181336,0.4948131558577614,0.8153516189817066,2.285361176012611,1.115536144818202,1.446789735976932,0.5348270267071833,0.9999999999990676,0.05,0.050000000000000044,0.050000000000000044,0.24298853733343403,0.18182072998089696,0.17981084270336978,0.050000000000000044,0.050000000000000044,"{'I': 1, 'W': 0, 'R': 1, 'C': 'free'}",False,True,True,1.0,3
5720,2,0.10012763597638123,0.5694418041928964,0.748398747565219,2.26839083432394,1.1215376867621012,1.581322434280883,0.6005255322871922,1.0,0.15,0.050000000000000044,0.15000000000000002,0.20244066116843254,0.2689179925400227,0.2689287043368421,0.15000000000000002,0.15000000000000002,"{'I': 1, 'W': 0, 'R': 1, 'C': 'free'}",False,True,True,1.0,3
5720,3,0.41551739642666624,0.5448820333677963,1.3151060292992331,2.1507008985410407,1.2791202949895262,1.5113268859105806,0.8604567342292886,1.0,0.2,0.8,0.15000000000000002,0.7283767231315154,0.8650285389463073,0.620850688015116,0.7,0.75,"{'I': 1, 'W': 0, 'R': 1, 'C': 'free'}",False,True,True,0.3333333333333333,3
5720,4,0.2557228247443976,0.5186128647428251,1.0120397654500033,2.1516949662066622,1.1065369871497819,1.395025813390772,0.5550896406908804,0.9999999999999996,0.15,0.050000000000000044,0.15000000000000002,0.2941985809692393,0.4657780245112248,0.24507462799789434,0.050000000000000044,0.15000000000000002,"{'I': 1, 'W': 0, 'R': 1, 'C': 'free'}",False,True,True,1.0,3
5720,5,0.25056431675131513,0.5726345844468601,0.646480116255,2.4914440494149623,1.1066808717890413,1.5494055253799173,0.598395687026622,1.0,0.2,0.15000000000000002,0.050000000000000044,0.5613579702161836,0.7028972881372472,0.4060713652055498,0.65,0.050000000000000044,"{'I': 1, 'W': 0, 'R': 1, 'C': 'free'}",False,True,True,0.6666666666666666,3
5720,6,0.045205887014686134,0.5125900849464616,0.21375289053356764,2.2099806920953236,1.0109276034469128,1.4447565688765658,0.09318331220449727,1.0,0.2,0.35,0.35,0.46786994619972205,0.7760132280269538,0.5598051758745431,0.35,0.35,"{'I': 1, 'W': 0, 'R': 1, 'C': 'free'}",False,True,True,1.0,3
5720,7,0.597039980101962,0.612553741449431,1.80498101329683,2.165968803069285,1.663561025961241,1.4495208156334942,0.9897517109546995,1.0,0.5,0.050000000000000044,0.7,0.3483654268971592,0.7298990369623684,0.590838753681248,0.15000000000000002,0.75,"{'I': 1, 'W': 0, 'R': 1, 'C': 'free'}",False,True,True,1.0,3
5726,1,0.16796648935249467,0.23731400903051264,0.6473932206962477,1.4159123234933788,1.1582421746573734,1.164666551350542,0.7334334644083929,0.9999633146553178,0.0,0.0,0.050000000000000044,0.0038607389427494057,0.0035783088639103214,0.093072105494331,0.0,0.0,"{'I': 1, 'W': 0, 'R': 1, 'C': 'free'}",False,True,True,1.0,3
5726,2,0.004836694738440116,0.5316815438441973,0.01969090045972085,2.348901622560814,1.000612492666171,1.4064714284758315,0.0036670907541237474,0.9999999999998177,0.05,0.050000000000000044,0.050000000000000044,0.004100456730938033,0.0673048668326638,0.02033550226865248,0.050000000000000044,0.050000000000000044,"{'I': 1, 'W': 0, 'R': 1, 'C': 'free'}",False,True,True,1.0,3
5726,3,0.01216961028661298,0.2740911167683445,0.04697365039335158,1.2481060476309769,1.0018171930433533,1.248026151949256,0.010834146929632915,0.9999991332221864,0.05,0.0,0.0,0.005967419553838376,0.01590276989037685,0.0372315354061817,0.0,0.0,"{'I': 1, 'W': 0, 'R': 1, 'C': 'free'}",False,True,True,1.0,3
5726,4,0.002928588057290133,0.2949531146945625,0.036727749216946826,1.8044120944681419,1.0004378190412564,1.19262760451169,0.006979103769810924,0.9999873033504196,0.0,0.0,0.0,0.005908739771119503,0.008542269075349463,0.029313095451004145,0.0,0.0,"{'I': 0, 'W': 1, 'R': 0, 'C': 'costly'}",False,True,True,1.0,3
5735,1,0.058868289936736345,0.20578601077573858,0.37229613369589565,1.6373015750291573,1.0170493038368915,1.1145894189197683,0.14114086716678031,0.9994388605465316,0.05,0.0,0.050000000000000044,0.009502723102143116,0.01798717539807754,0.15285333427151276,0.0,0.0,"{'I': 1, 'W': 0, 'R': 1, 'C': 'free'}",False,True,True,1.0,3
5735,2,0.011853382283105014,0.4116375848829647,0.04618047601511306,1.6629205356229257,1.0018570907426714,1.3482492974808902,0.016559672230482714,0.9999999999999218,0.05,0.050000000000000044,0.050000000000000044,0.0027993429460991016,0.059673081000702635,0.015847146121925743,0.050000000000000044,0.0,"{'I': 1, 'W': 0, 'R': 1, 'C': 'free'}",False,True,True,1.0,3
5735,3,0.10396468488273286,0.2700504026889472,0.6664006445579063,1.7663421568403748,1.1094679305472936,1.1731691884561875,0.6810389053861436,0.9999636153245838,0.05,0.050000000000000044,0.050000000000000044,0.10669225044735642,0.16408771884815856,0.04209340294900827,0.050000000000000044,0.0,"{'I': 1, 'W': 0, 'R': 1, 'C': 'free'}",False,True,True,1.0,3
5735,4,0.031191139616337505,0.30252874931869905,0.1923746363501198,1.892372369811871,1.0058921087656079,1.216870614936661,0.0843510889614758,0.9999996677803575,0.05,0.050000000000000044,0.050000000000000044,0.268926496767583,0.26802829205180095,0.10622103761558906,0.050000000000000044,0.15000000000000002,"{'I': 1, 'W': 0, 'R': 1, 'C': 'free'}",False,True,True,1.0,3
5735,5,0.05930428431493551,0.5412813931282492,0.2860035746925904,2.6084625476549075,1.0114336746517874,1.4749602046842305,0.10746365366495858,1.0,0.4,0.4,0.5,0.6196275592265665,0.7971227953569667,0.7963992520668018,0.9,0.75,"{'I': 1, 'W': 0, 'R': 1, 'C': 'free'}",False,True,True,1.0,3
5735,6,0.02089073051862695,0.47804670337633476,0.14920973512705968,2.590209275024209,1.004139795046,1.4029399540178433,0.04047076663130311,1.0,0.2,0.9,0.7,0.5307857548364052,0.8351529977529244,0.7303191680439152,0.75,0.75,"{'I': 1, 'W': 0, 'R': 1, 'C': 'free'}",False,True,True,0.6666666666666666,3
5735,7,0.08983337828389153,0.47475506130057943,0.7601752732586522,2.3656707656584977,1.126237689342371,1.3894272575370308,0.6954213680582308,1.0,0.4,0.8,0.7,0.6494010730596383,0.833307941506073,0.902257127962716,0.75,0.75,"{'I': 1, 'W': 0, 'R': 1, 'C': 'free'}",False,True,True,0.0,3
5747,1,0.007817270316412505,0.20462062779631843,0.027308495854024086,1.4391569802977262,1.0010857108514335,1.1433478319341273,0.007567077666760902,0.9999504777430046,0.0,0.0,0.0,0.0031271898072473647,0.022867746112021234,0.033087333769803794,0.0,0.0,"{'I': 1, 'W': 0, 'R': 1, 'C': 'free'}",False,True,True,1.0,3
5747,2,0.6825383833105658,0.43978989634072924,2.077672413326651,2.0456982167328026,1.9270500057813416,1.3474439375939242,0.9623699255467761,0.9999999999999999,0.2,1.0,0.15000000000000002,0.8691322257085617,0.8946533489257883,0.7225746983451629,0.9,0.75,"{'I': 1, 'W': 0, 'R': 1, 'C': 'free'}",False,True,True,0.3333333333333333,3
5747,3,0.06049651891894099,0.6240383166211649,0.5226261845625241,2.368255491738947,1.0208654869562324,1.5808521737504775,0.18658011686353082,1.0,0.2,0.050000000000000044,0.050000000000000044,0.3775150560473412,0.5889435953398361,0.6178612943679639,0.5,0.75,"{'I': 1, 'W': 0, 'R': 1, 'C': 'free'}",False,True,True,1.0,3
5747,4,0.00324696075733657,0.432485713249166,0.03329390114421459,2.1788441373428147,1.0004994513839005,1.3381679451943527,0.005477536981959408,0.9999999999999997,0.1,0.050000000000000044,0.15000000000000002,0.0600458688092201,0.320796754482075,0.43775137514307644,0.050000000000000044,0.15000000000000002,"{'I': 1, 'W': 0, 'R': 1, 'C': 'free'}",False,True,True,1.0,3
5747,5,0.18800853159389236,0.34134781275961507,0.9303836358046569,1.8191514567892229,1.233607117478534,1.2044849408583547,0.8135402625013763,0.9999999916849944,0.05,0.050000000000000044,0.050000000000000044,0.020311949750471535,0.08509964000864154,0.16413480208075898,0.050000000000000044,0.050000000000000044,"{'I': 1, 'W': 0, 'R': 1, 'C': 'free'}",False,True,True,1.0,3
5747,6,0.0245548238359833,0.2339818145738821,0.19391234313960096,1.9034885286681595,1.005753834844546,1.17859534100145,0.04486134263833319,0.9999999999998018,0.0,0.0,0.0,0.04740122433503941,0.029297989409600045,0.012416099651085232,0.0,0.0,"{'I': 0, 'W': 1, 'R': 0, 'C': 'costly'}",False,True,True,1.0,3
5762,1,0.011819046937270776,0.32746611587718255,0.09498487670005147,1.7502214087572106,1.0021701426721543,1.2602227547784854,0.021444635874324436,0.9999996272894299,0.0,0.0,0.0,0.0020907628302734064,0.009687611972108226,0.09064684879401558,0.0,0.0,"{'I': 1, 'W': 0, 'R': 1, 'C': 'free'}",False,True,True,1.0,3
5762,2,0.001694285751335388,0.39671102583482787,0.0035981030932545613,1.7027455530719626,1.0001747488497985,1.3261618788604475,0.0012223873561511,0.9999999415473568,0.05,0.0,0.050000000000000044,0.0027683760066619717,0.015849181605291897,0.005208847625555607,0.0,0.0,"{'I': 1, 'W': 0, 'R': 1, 'C': 'free'}",False,True,True,1.0,3
5762,3,0.03749984647737438,0.2947710915066662,0.1764050158818248,1.8568149304270603,1.0077894953563746,1.2252692612603466,0.06018714216464138,0.9999993335120299,0.0,0.0,0.0,0.001500602124546318,0.0024668675208002117,0.005240696666753332,0.0,0.0,"{'I': 0, 'W': 1, 'R': 0, 'C': 'costly'}",False,True,True,1.0,3
5773,1,0.009811553788441896,0.2566328198482937,0.035896048634575996,1.3723169311753467,1.0014532007453492,1.2134185809495621,0.011549948232588814,0.999948065337841,0.0,0.0,0.050000000000000044,0.007472499419655858,0.01240521945787248,0.11103890623759442,0.0,0.0,"{'I': 1, 'W': 0, 'R': 1, 'C': 'free'}",False,True,True,1.0,3
5773,2,0.1466709240049759,0.45551225231034087,0.8135853752663246,2.239054065199331,1.053085579367738,1.4093379672250756,0.26680751365222066,1.0,0.1,0.050000000000000044,0.15000000000000002,0.29363065195950266,0.4057282786423671,0.5301776752789106,0.15000000000000002,0.15000000000000002,"{'I': 1, 'W': 0, 'R': 1, 'C': 'free'}",False,True,True,1.0,3
5773,3,0.003914670648966172,0.5828156231651158,0.014750260935522369,2.0582453131099268,1.0004723491219363,1.5389982342557926,0.003770773512639769,1.0,0.1,0.050000000000000044,0.050000000000000044,0.032976984106374015,0.163901840675776,0.5311011785273728,0.050000000000000044,0.050000000000000044,"{'I': 1, 'W': 0, 'R': 1, 'C': 'free'}",False,True,True,1.0,3
5773,4,0.3114096182390592,0.40699471708766294,0.9410732946319527,2.4815306872411798,1.3123481467359612,1.3048894959373833,0.9497124688222709,1.0,0.15,0.050000000000000044,0.35,0.5310493247958599,0.5310021496103939,0.46871220271231745,0.6699999999999999,0.15000000000000002,"{'I': 1, 'W': 0, 'R': 1, 'C': 'free'}",False,True,True,0.3333333333333333,3
5773,5,0.008107424981035543,0.4592755851811152,0.03946947593993399,2.4866222051882763,1.0011204042438175,1.4188816418239434,0.010027380725692536,1.0,0.2,0.050000000000000044,0.09999999999999998,0.2687192092520562,0.46822183224352165,0.4070086871204177,0.15000000000000002,0.15000000000000002,"{'I': 1, 'W': 0, 'R': 1, 'C': 'free'}",False,True,True,0.0,3
5773,6,0.12802256852434668,0.4736466810905035,0.7506922732486064,2.372736749206146,1.0448524686996647,1.404426537515116,0.32623997303789876,1.0,0.2,0.35,0.7,0.3773518242407114,0.5616672510693066,0.6210953294540335,0.35,0.35,"{'I': 1, 'W': 0, 'R': 1, 'C': 'free'}",False,True,True,0.3333333333333333,3
5773,7,0.04511480102047416,0.5407657521313693,0.3573106850697988,2.371053514677174,1.0108708738558985,1.4844764023069443,0.11213388377653855,1.0,0.2,0.050000000000000044,0.15000000000000002,0.29411722829545667,0.40718872823914665,0.34857140001285297,0.15000000000000002,0.25,"{'I': 1, 'W': 0, 'R': 1, 'C': 'free'}",False,True,True,0.3333333333333333,3
5780,1,0.018273770957993245,0.3252982693662421,0.15901218097574266,1.2530745966120556,1.0038009774524812,1.1741709770099154,0.03722709938772384,0.9957426986326796,0.0,0.0,0.050000000000000044,0.0021242690850400334,0.009685427377884415,0.11535504305051812,0.0,0.0,"{'I': 1, 'W': 0, 'R': 1, 'C': 'free'}",False,True,True,1.0,3
5780,2,0.3423984554733711,0.34373632271351684,2.2178419051543403,2.2178419051543403,1.236987745070129,1.238019275036052,1.0,1.0,,,0.95,,,0.879137183861506,,0.9,,False,True,False,,
5780,3,0.003894568587627441,0.6035551604426614,0.031896440060623914,2.564126812802797,1.000528019672049,1.5132647086859663,0.005264894789587471,1.0,0.2,0.050000000000000044,0.050000000000000044,0.07586738818040639,0.32079605443510323,0.3468032496461048,0.15000000000000002,0.15000000000000002,"{'I': 1, 'W': 0, 'R': 1, 'C': 'free'}",False,True,True,1.0,3
5780,4,0.20637726997927894,0.5024630833179535,0.9965205565678725,1.8852287298487795,1.1093626378820765,1.3230801488748787,0.4635135115290091,1.0,0.05,0.050000000000000044,0.050000000000000044,0.11946359785228008,0.16413468697637132,0.3486029915799682,0.050000000000000044,0.15000000000000002,"{'I': 1, 'W': 0, 'R': 1, 'C': 'free'}",False,True,True,0.6666666666666666,3
5780,5,0.001668225874188179,0.6024930160469467,0.008428905149258708,2.473719961901477,1.0001845206873126,1.459206089049044,0.002027482195737673,1.0,0.1,0.050000000000000044,0.050000000000000044,0.40730281326083495,0.5278164950843606,0.5591785508379824,0.050000000000000044,0.050000000000000044,"{'I': 1, 'W': 0, 'R': 1, 'C': 'free'}",False,True,True,1.0,3
5780,6,0.03431141685851112,0.5507781091565664,0.12258914891151948,2.438306077575423,1.0072693877050234,1.4397319316868846,0.0494377728781622,1.0,0.2,0.35,0.7,0.37712635886211077,0.6495847370167515,0.5609219932838608,0.35,0.35,"{'I': 1, 'W': 0, 'R': 1, 'C': 'free'}",False,True,True,1.0,3
5780,7,0.04544574598006965,0.3642490636860286,0.3148861183702529,2.280058367783235,1.0144628211480655,1.290411347665778,0.09562811415841987,0.9999999999976366,0.0,0.0,0.0,0.014061594631953927,0.037267473255503045,0.05988832627452493,0.0,0.050000000000000044,"{'I': 0, 'W': 1, 'R': 0, 'C': 'costly'}",False,True,True,1.0,3
5797,1,0.04061607590070899,0.22728665430166078,0.27437944794730235,1.3898245159665121,1.0106413235220388,1.1745269776804044,0.0908688612344033,0.9999452533925556,0.0,0.0,0.0,0.04743036841181477,0.03707055324246919,0.16770678175737772,0.0,0.0,"{'I': 1, 'W': 0, 'R': 1, 'C': 'free'}",False,True,True,1.0,3
5797,2,0.008521549539577332,0.33408647326807706,0.05219377500679186,1.6081378131334054,1.0011198919176154,1.2241848226490029,0.008914153681153003,0.9999998594163826,0.05,0.050000000000000044,0.050000000000000044,0.011075519244943332,0.06744898386691396,0.0601116591290864,0.0,0.050000000000000044,"{'I': 1, 'W': 0, 'R': 1, 'C': 'free'}",False,True,True,1.0,3
5797,3,0.03751541886959894,0.31893406681129055,0.39410213261266425,1.795425316802698,1.0099994925504396,1.2378343344364908,0.10367132877435115,0.9999999999017241,0.0,0.0,0.0,0.06754667321490279,0.20124520939278176,0.1637447429840019,0.0,0.0,"{'I': 0, 'W': 1, 'R': 0, 'C': 'costly'}",False,True,True,1.0,3
5801,1,0.008247729593514046,0.21909832852413025,0.0402420010783814,1.2206373636133117,1.0011604577231468,1.191883561966831,0.00923536888113885,0.9997808325012458,0.0,0.0,0.050000000000000044,0.0021510612985453847,0.014061570445448245,0.16296044907249788,0.0,0.0,"{'I': 1, 'W': 0, 'R': 1, 'C': 'free'}",False,True,True,1.0,3
5801,2,0.007347458528795081,0.3265540433513964,0.02735641424780212,2.1820862057938943,1.000956453592534,1.2844773668988725,0.006669633972307354,1.0,0.0,0.0,0.050000000000000044,0.2030834224932244,0.2932744161094491,0.34675611423882985,0.0,0.15000000000000002,"{'I': 0, 'W': 1, 'R': 0, 'C': 'costly'}",False,True,True,0.6666666666666666,3
5821,1,0.07339960674733638,0.35249979451743146,0.5601454796037533,1.5976036510078724,1.0362128659644998,1.2549165455597422,0.2476703859227838,0.999999967991026,0.05,0.050000000000000044,0.050000000000000044,0.08509600473381305,0.06722679932424316,0.20178058174499044,0.050000000000000044,0.050000000000000044,"{'I': 1, 'W': 0, 'R': 1, 'C': 'free'}",False,True,True,1.0,3
5821,2,0.10978685993144184,0.48125637692676376,0.36708570820392405,2.1687179228430864,1.031686374674132,1.41607934828173,0.17069586563990935,1.0,0.1,0.050000000000000044,0.15000000000000002,0.24507430560850954,0.6485579311821279,0.6206757360017324,0.15000000000000002,0.35,"{'I': 1, 'W': 0, 'R': 1, 'C': 'free'}",False,True,True,1.0,3
5821,3,0.042176719031501386,0.413891830098573,0.19729825457462452,2.049278613607702,1.0094949169409166,1.391744490604926,0.0640103541908017,1.0,0.15,0.050000000000000044,0.050000000000000044,0.37634721087112905,0.4057791659242831,0.26814308873851234,0.15000000000000002,0.15000000000000002,"{'I': 1, 'W': 0, 'R': 1, 'C': 'free'}",False,True,True,1.0,3
5821,4,0.030300801445762447,0.3907620769162385,0.1810062981157044,1.8059481345035429,1.0062922160139727,1.2411186465239197,0.05488864651981329,0.9999999999998869,0.2,0.35,0.15000000000000002,0.22246986217157058,0.34791561062425597,0.20110786187300647,0.25,0.15000000000000002,"{'I': 1, 'W': 0, 'R': 1, 'C': 'free'}",False,True,True,1.0,3
5821,5,0.006796255112313433,0.4862493197352082,0.029443504093031946,2.1132138707071233,1.0009834195060974,1.4145970033135842,0.007832653768998776,1.0,0.2,0.15000000000000002,0.050000000000000044,0.20136558056609216,0.3765981585746502,0.2220988527028976,0.15000000000000002,0.050000000000000044,"{'I': 1, 'W': 0, 'R': 1, 'C': 'free'}",False,True,True,0.0,3
5821,6,0.006980345604689658,0.501645972749773,0.04700639276873862,2.7005489912050065,1.0009297161203232,1.358214841699375,0.011089463923952048,1.0,0.5,0.35,0.15000000000000002,0.22251728016500516,0.6212038166608777,0.24508940391561954,0.35,0.35,"{'I': 1, 'W': 0, 'R': 1, 'C': 'free'}",False,True,True,1.0,3
5821,7,0.11406490769638487,0.5730115088424014,0.5755193007091906,2.4350489757299125,1.0422207276942337,1.53086641733968,0.28167273546443616,1.0,0.2,0.050000000000000044,0.5,0.7969956865369109,0.8666447725660632,0.7289090847473247,0.75,0.75,"{'I': 1, 'W': 0, 'R': 1, 'C': 'free'}",False,True,True,0.0,3
5838,1,0.01341456098266346,0.1046460269411911,0.12734658535826987,0.847069102372701,1.002486974926227,1.0417063965617124,0.024532928714805946,0.8409769394141331,0.0,0.0,0.0,0.003124454081925236,0.01793127840163773,0.08510011850315397,0.0,0.0,"{'I': 1, 'W': 0, 'R': 1, 'C': 'free'}",False,True,True,1.0,3
5838,2,0.03312725632895073,0.14044147055413062,0.2937630837598503,1.0113317248847808,1.0100053658737678,1.0666350863740215,0.08570389349847563,0.9650718972389499,0.05,0.0,0.0,0.0013223546798567102,0.022883943618549247,0.0024721194698731214,0.0,0.0,"{'I': 1, 'W': 0, 'R': 1, 'C': 'free'}",False,True,True,1.0,3
5838,3,0.001419319900004711,0.09009128520775535,0.008437497939086073,1.3248189667391372,1.0001567256927943,1.0648450402379397,0.001409426537617664,0.9962717133504182,0.0,0.0,0.0,0.005209538951942016,0.001925358542247651,0.029182889966355364,0.0,0.0,"{'I': 0, 'W': 1, 'R': 0, 'C': 'costly'}",False,True,True,1.0,3
5853,1,0.021546567076972965,0.27930070974920473,0.09151761176574078,1.3248366070559865,1.0040412095451048,1.2016477442861921,0.03174957952720203,0.9999999939333224,0.05,0.050000000000000044,0.050000000000000044,0.1083821142770487,0.07587261091784554,0.12659043599666833,0.0,0.050000000000000044,"{'I': 1, 'W': 0, 'R': 1, 'C': 'free'}",False,True,True,1.0,3
5853,2,0.00963650803803735,0.34166938219493415,0.08395658852341532,1.6056973328381399,1.0017559315215,1.2155079886402373,0.017390918290296264,0.9999985818877996,0.05,0.050000000000000044,0.050000000000000044,0.2220950819570007,0.16372093270619203,0.06009807295615473,0.050000000000000044,0.0,"{'I': 1, 'W': 0, 'R': 1, 'C': 'free'}",False,True,True,1.0,3
5853,3,0.05021247942037299,0.48970447649546334,0.30571481679704104,2.275660130124173,1.0134161615178536,1.4917274976089019,0.10112895183899395,1.0,0.05,0.050000000000000044,0.050000000000000044,0.0849901663911207,0.26813632727519304,0.2018142592921874,0.050000000000000044,0.050000000000000044,"{'I': 1, 'W': 0, 'R': 1, 'C': 'free'}",False,True,True,1.0,3
5853,4,0.015818769682871783,0.5115128990691973,0.11703165217958318,2.3145514549952733,1.002948595275585,1.3846408833606199,0.02901335723504228,1.0,0.1,0.050000000000000044,0.15000000000000002,0.13274365780473107,0.5906319778323904,0.4969617310050728,0.050000000000000044,0.15000000000000002,"{'I': 1, 'W': 0, 'R': 1, 'C': 'free'}",False,True,True,1.0,3
5853,5,0.11152534473512038,0.43837229239520653,0.6961222297811647,2.043651300467448,1.1304711106374057,1.380795802978363,0.7969388173159716,1.0,0.2,0.15000000000000002,0.09999999999999998,0.29390019892276986,0.4365654008784476,0.2684601926828879,0.15000000000000002,0.050000000000000044,"{'I': 1, 'W': 0, 'R': 1, 'C': 'free'}",False,True,True,1.0,3
5853,6,0.000304578535070666,0.2507729823740301,0.0008958155982121681,1.641881767374314,1.0000248398922211,1.1401397778362736,0.00019869692687934926,0.999988917302298,0.0,0.0,0.0,0.003178949171803777,0.01403695111180859,0.01403336231013419,0.0,0.0,"{'I': 0, 'W': 1, 'R': 0, 'C': 'costly'}",False,True,True,1.0,3
5866,1,0.0015092652488572014,0.3466709746957348,0.005931893694764562,1.5262532875995123,1.0001715664090043,1.311733108130387,0.0013714722165788507,0.9999999352222732,0.05,0.0,0.050000000000000044,0.002130002110528142,0.0058950456865779054,0.033944048855589756,0.0,0.0,"{'I': 1, 'W': 0, 'R': 1, 'C': 'free'}",False,True,True,1.0,3
5866,2,0.0005364264561712358,0.2619896369892754,0.0014207240184037748,1.6840170273319017,1.000049440431444,1.1632649776050838,0.0003954354692253803,0.9994799233563998,0.05,0.0,0.0,0.002461086668925525,0.025956772772455738,0.005217066574124965,0.0,0.0,"{'I': 1, 'W': 0, 'R': 1, 'C': 'free'}",False,True,True,1.0,3
5866,3,0.003072517709794675,0.32005229449772116,0.01762233652326183,2.105533206501856,1.0003799669873135,1.2074336761115285,0.0030345449777469113,0.9999999999997016,0.05,0.0,0.050000000000000044,0.03304990912102586,0.03308762803694913,0.1064666649178663,0.0,0.0,"{'I': 0, 'W': 1, 'R': 0, 'C': 'costly'}",False,True,True,0.6666666666666666,3
5887,1,0.028733095625796866,0.3345042969817626,0.1941406615211885,1.329204163034688,1.007129098995621,1.3412862753923525,0.04851052113491017,0.999999686379471,0.05,0.0,0.050000000000000044,0.0031722098021443952,0.005211542733146672,0.07450023094755706,0.0,0.0,"{'I': 1, 'W': 0, 'R': 1, 'C': 'free'}",False,True,True,1.0,3
5887,2,0.051519801286753,0.36775540444985483,0.24515260758101992,1.948597171590765,1.011312427943305,1.2970644086030665,0.08606092510856667,0.9999999999996249,0.05,0.050000000000000044,0.050000000000000044,0.07649796596538926,0.05987516915715449,0.18176383040322847,0.0,0.050000000000000044,"{'I': 1, 'W': 0, 'R': 1, 'C': 'free'}",False,True,True,1.0,3
5887,3,0.001856696291157887,0.20536613865123887,0.008017262782039281,1.9653122311359659,1.0002074721936536,1.167776144946793,0.0016582290106862407,0.99999999930961,0.0,0.0,0.0,0.0015004209499146727,0.0021807665354313193,0.03732738486002764,0.0,0.0,"{'I': 0, 'W': 1, 'R': 0, 'C': 'costly'}",False,True,True,1.0,3
5913,1,0.05084267189229493,0.3567103522585318,0.3357401732981549,1.4372402017495196,1.0128034831015964,1.295513388761138,0.08520518099995522,0.9999969072371292,0.05,0.0,0.050000000000000044,0.003525048419220946,0.0035661776207356467,0.11670336846795118,0.0,0.0,"{'I': 1, 'W': 0, 'R': 1, 'C': 'free'}",False,True,True,1.0,3
5913,2,0.0019502760948926323,0.38819572094135396,0.012587191003790452,1.8631647897668744,1.0002554775345915,1.341610856983887,0.0017865166163421042,0.9999999999995829,0.05,0.0,0.050000000000000044,0.003562554310118864,0.02287386132563032,0.008527589689282309,0.0,0.0,"{'I': 1, 'W': 0, 'R': 1, 'C': 'free'}",False,True,True,1.0,3
5913,3,0.0007996358692233162,0.2578846717394581,0.0034169473595388102,1.766690570426233,1.0000853665610883,1.165848806133985,0.0004267235154653548,0.9999999959906061,0.0,0.0,0.0,0.00857531166195947,0.008564890442757959,0.025879555750126574,0.0,0.0,"{'I': 0, 'W': 1, 'R': 0, 'C': 'costly'}",False,True,True,1.0,3
5925,1,0.0034088889497761385,0.2919917362393254,0.014295629936742642,1.5042527477549041,1.0004265979580154,1.2613131632603527,0.0034062414799372887,0.9999977410010696,0.05,0.0,0.050000000000000044,0.0022942304026835002,0.007477150804669366,0.08214299894190501,0.0,0.0,"{'I': 1, 'W': 0, 'R': 1, 'C': 'free'}",False,True,True,1.0,3
5925,2,0.06625618225516221,0.3960349909250928,0.22841827961345715,2.054368536517856,1.0158563538017074,1.2799303095577899,0.09007375357745351,0.9999999999998627,0.05,0.0,0.050000000000000044,0.010983746811359099,0.059520602486464666,0.0756189665478167,0.0,0.0,"{'I': 1, 'W': 0, 'R': 1, 'C': 'free'}",False,True,True,1.0,3
5925,3,0.0021875089224284903,0.2494876813520035,0.015317881876766271,1.6075338045083583,1.000266919708977,1.2012254253960215,0.003729405719367307,0.9999998294247013,0.0,0.0,0.0,0.0027880744484736863,0.004606200724322031,0.02297813931565456,0.0,0.0,"{'I': 0, 'W': 1, 'R': 0, 'C': 'costly'}",False,True,True,1.0,3
5931,1,0.014470675417868461,0.42927652507367803,0.10256038840054588,1.8653711038742986,1.0028097486336365,1.4050515463910784,0.022196421743957417,0.999999554104656,0.0,0.0,0.050000000000000044,0.0019067211028103164,0.0075466152936822465,0.11755351530110182,0.0,0.0,"{'I': 1, 'W': 0, 'R': 1, 'C': 'free'}",False,True,True,1.0,3
5931,2,0.0015558341217005408,0.18042036383926757,0.006673232314962013,1.5253735517412697,1.0001684243214817,1.08424594377039,0.0010099504945437765,0.9994135353512071,0.0,0.0,0.0,0.05874063014636703,0.060080507963080274,0.01798515476322613,0.0,0.0,"{'I': 0, 'W': 1, 'R': 0, 'C': 'costly'}",False,True,True,1.0,3
5939,1,0.044309018685307316,0.23816691264654596,0.26012680641247377,1.2181652239447944,1.0094688128414773,1.2095114685550126,0.0813208817393326,0.9999970816953708,0.05,0.0,0.050000000000000044,0.002398175639346457,0.0058842474868154495,0.23402644417921767,0.0,0.0,"{'I': 1, 'W': 0, 'R': 1, 'C': 'free'}",False,True,True,1.0,3
5939,2,0.02599001247056384,0.3036082945096343,0.10059669647243243,2.2771217790356313,1.0049117757995512,1.2603065883395053,0.028970581760489722,1.0,0.05,0.050000000000000044,0.050000000000000044,0.13296442252179186,0.16435410650162022,0.20181272176260578,0.050000000000000044,0.050000000000000044,"{'I': 1, 'W': 0, 'R': 1, 'C': 'free'}",False,True,True,1.0,3
5939,3,0.002628314944445509,0.2274283248975268,0.011734934877146873,2.0295508773709856,1.00031905098575,1.1781348354991947,0.0019121700677640074,0.9999999999959375,0.0,0.0,0.0,0.006687121333678835,0.009699330255585151,0.03724777738390949,0.0,0.0,"{'I': 0, 'W': 1, 'R': 0, 'C': 'costly'}",False,True,True,1.0,3
5962,1,0.32224608977966623,0.4912310083089609,1.6047254961935808,2.2054440066113314,1.3315580572252792,1.397468145625405,0.8652653644193962,0.9999999999999989,0.1,0.050000000000000044,0.050000000000000044,0.022980270119698026,0.1329507245016523,0.12896179304112057,0.0,0.050000000000000044,"{'I': 1, 'W': 0, 'R': 1, 'C': 'free'}",False,True,True,1.0,3
5962,2,0.5416014360720228,0.5447920586878828,2.6766765326256214,2.6766765326256214,1.4671929624806388,1.4705226267183937,1.0,1.0,,,0.5,,,0.8515248229082459,,0.75,,False,True,False,,
5962,3,0.28601502162965564,0.5237163377279083,1.4123448026196852,2.662086062948829,1.2995167505411598,1.4259045668448533,0.9053843312517221,1.0,0.2,0.8,0.7,0.7769681971076582,0.9322864659347687,0.8930437751828146,0.65,0.75,"{'I': 1, 'W': 0, 'R': 1, 'C': 'free'}",False,True,True,1.0,3
5962,4,0.5023896635129876,0.5043563449862323,2.5686949985805336,2.5686949985805336,1.4158057775393478,1.4177371174831266,1.0,1.0,,,0.9,,,0.9045571947999599,,0.85,,True,True,False,,
5962,5,0.004366502043329516,0.474085431628663,0.024437937068344056,2.531598309255167,1.0005744950436912,1.3980180758770213,0.004584101462719148,1.0,0.5,0.35,0.8,0.8514799444811801,0.9578087093809026,0.9398785355755128,0.85,0.75,"{'I': 1, 'W': 0, 'R': 1, 'C': 'free'}",False,True,True,0.0,3
5962,6,0.568510572425059,0.570736118837407,2.9536771078655666,2.9536771078655666,1.5168067127067935,1.519286245030018,1.0,1.0,,,0.9,,,0.9706670974414681,,0.85,,True,True,False,,
5962,7,0.5022697936845029,0.5042267736236035,2.753576442806197,2.753576442806197,1.4248517900876327,1.4268294944541533,1.0,1.0,,,0.9,,,0.9740146297055456,,0.9,,True,False,False,,
5965,1,0.0010216365865342845,0.19631326237833915,0.00356870338924414,1.135931935954572,1.0001076624709602,1.1101285983978966,0.0009684408401412492,0.9986148950563819,0.0,0.0,0.0,0.004485873202147791,0.009644771568928382,0.05654471074770373,0.0,0.0,"{'I': 1, 'W': 0, 'R': 1, 'C': 'free'}",False,True,True,1.0,3
5965,2,0.00567398559829378,0.30293037476786955,0.025638405661419745,1.6686797829842985,1.000756393169294,1.2169927397049538,0.00603060047465509,0.9999992767891857,0.05,0.0,0.0,0.008577370126235823,0.03700199845540995,0.004068725218450543,0.0,0.0,"{'I': 1, 'W': 0, 'R': 1, 'C': 'free'}",False,True,True,1.0,3
5965,3,0.03843109216141529,0.29654829053287424,0.22770541176544654,1.6456768964724486,1.010432188706747,1.344873567459878,0.06036980774484624,0.999999999776699,0.0,0.0,0.0,0.004608726016798415,0.002795558683271292,0.002446994016343545,0.0,0.0,"{'I': 0, 'W': 1, 'R': 0, 'C': 'costly'}",False,True,True,1.0,3
5980,1,0.0015193297824156254,0.19951039551865576,0.009066155391106837,1.3095262806745251,1.0001756165824436,1.1614483110565923,0.0015791622819179008,0.9989766947363491,0.0,0.0,0.050000000000000044,0.001846086546632037,0.00587451980858635,0.17188281562087265,0.0,0.0,"{'I': 1, 'W': 0, 'R': 1, 'C': 'free'}",False,True,True,1.0,3
5980,2,0.16403773303783717,0.5191704662140849,1.0271634535931276,2.5065245288839892,1.1377421972095387,1.4171746638960516,0.9020035334371278,1.0,0.2,0.4,0.15000000000000002,0.6770600944772697,0.753504270869769,0.5584095066854158,0.5,0.15000000000000002,"{'I': 1, 'W': 0, 'R': 1, 'C': 'free'}",False,True,True,0.6666666666666666,3
5980,3,0.08061775155529445,0.5728437902696818,0.6802343927325666,2.205965402395059,1.049665018933873,1.5014895992843564,0.4410263832581064,1.0,0.2,0.35,0.7,0.4064552205237721,0.7536870266477124,0.5913685214986034,0.5,0.75,"{'I': 1, 'W': 0, 'R': 1, 'C': 'free'}",False,True,True,0.6666666666666666,3
5980,4,0.06557660753932151,0.5830909570173526,0.6169896273063491,2.139331057487472,1.0361011675142906,1.4993766276125369,0.29857963794219755,1.0,0.2,0.7,0.15000000000000002,0.4067279962271024,0.7292021404598583,0.6488763473751042,0.7,0.15000000000000002,"{'I': 1, 'W': 0, 'R': 1, 'C': 'free'}",False,True,True,0.6666666666666666,3
5980,5,0.4322900250191384,0.4917651377572874,1.9828663173954242,2.7732292785174253,1.3870653095126813,1.3902318419538613,1.0,1.0,0.5,0.9,0.55,0.9465413479222671,0.9045445678313887,0.705616138433874,0.9,0.75,"{'I': 1, 'W': 0, 'R': 1, 'C': 'free'}",True,False,True,0.0,3
5980,6,0.1386617982586036,0.5279878427902872,0.7823035391268985,2.0644391018426664,1.0642668416357972,1.4424598975160416,0.5264197062945948,1.0,0.5,0.35,0.7,0.560554815416902,0.753129293085296,0.7748658934193949,0.75,0.75,"{'I': 1, 'W': 0, 'R': 1, 'C': 'free'}",False,True,True,0.3333333333333333,3
5980,7,0.4367470362761353,0.5242633646205244,2.2815638150425452,2.418055574129895,1.2891757906017596,1.4412102058739766,1.0,1.0,,0.8,0.7,0.8516484868915487,0.8668098839883257,0.730525898875123,0.75,0.55,"{'I': 1, 'W': 0, 'R': 1, 'C': 'free'}",False,True,True,0.0,3
6,1,0.11196359433955218,0.4565839033340896,0.698955744533718,2.036315270622213,1.1048348083256831,1.3668282679009431,0.5495763220182456,0.9999999998761542,0.1,0.050000000000000044,0.09999999999999998,0.46867466007511754,0.29326255482426244,0.2941298686522247,0.050000000000000044,0.050000000000000044,"{'I': 1, 'W': 0, 'R': 1, 'C': 'free'}",False,True,True,1.0,3
6,2,0.012870795744527217,0.4981876686553957,0.06155879449158077,2.192273861736443,1.0021228270659863,1.4527605580525613,0.014734409733010656,1.0,0.2,0.4,0.15000000000000002,0.24610720287457202,0.6204264944172614,0.2667094321362795,0.5,0.15000000000000002,"{'I': 1, 'W': 0, 'R': 1, 'C': 'free'}",False,True,True,1.0,3
6,3,0.18485028771995857,0.4805842509333829,0.7488563274569993,1.8364012605617777,1.3957841863203433,1.3423905697620828,0.964369881753242,1.0,0.5,0.8,0.7,0.8330627531720248,0.8920979676252382,0.6491509760262876,0.8,0.75,"{'I': 1, 'W': 0, 'R': 1, 'C': 'free'}",False,True,True,0.3333333333333333,3
6,4,0.3157201890923386,0.6000654832208022,1.1721033230451312,2.152785628678853,1.1812707412854628,1.5231089767017858,0.6319529701933373,1.0,0.5,0.7,0.5,0.320798613158973,0.6485949315071795,0.5290653219342704,0.65,0.65,"{'I': 1, 'W': 0, 'R': 1, 'C': 'free'}",False,True,True,0.6666666666666666,3
6,5,0.5440497871349392,0.5731077510505427,2.1634778195737354,2.6276158741651954,1.5065985367221544,1.4983844522867222,1.0,1.0,1.0,0.85,0.5,0.9924167406249891,0.9668463687009244,0.9045550576773536,0.9,0.75,"{'I': 1, 'W': 0, 'R': 1, 'C': 'free'}",False,True,True,0.3333333333333333,3
6,6,0.28825598059379737,0.5997624134160191,0.9497067955447811,2.5231672485588614,1.09600595463452,1.4827779535406502,0.47360760749429276,1.0,0.5,0.85,0.7,0.7761222603262381,0.9036049666551276,0.8648078320540806,0.75,0.75,"{'I': 1, 'W': 0, 'R': 1, 'C': 'free'}",False,True,True,1.0,3
6,7,0.1014688135082296,0.5366885395624328,0.5591075411700215,2.513863636327941,1.0430448233461929,1.4157218652425096,0.31565790978557795,1.0,0.5,0.8,0.7,0.7762990023436366,0.8341513050947621,0.6492296523784082,0.75,0.75,"{'I': 1, 'W': 0, 'R': 1, 'C': 'free'}",False,True,True,0.6666666666666666,3
60,1,0.0663954700401255,0.38225684125576403,0.21086145444498974,1.7821508168106708,1.0145172150476875,1.3174596861239967,0.10890371474973803,0.9999999999999968,0.2,0.050000000000000044,0.09999999999999998,0.16313617588615065,0.20109487130382306,0.3758260015049566,0.050000000000000044,0.050000000000000044,"{'I': 1, 'W': 0, 'R': 1, 'C': 'free'}",False,True,True,1.0,3
60,2,0.0037525605152013194,0.25622035539581123,0.021737695274228946,1.5242862332663483,1.0005024020724431,1.1987975012904653,0.004010145093446105,0.9999999962485748,0.15,0.050000000000000044,0.050000000000000044,0.02033475773535253,0.09505396443333591,0.06756247285383266,0.050000000000000044,0.050000000000000044,"{'I': 1, 'W': 0, 'R': 1, 'C': 'free'}",False,True,True,1.0,3
60,3,0.1868526653702235,0.32710387961313614,1.3438502115757291,1.9927313394202275,1.2170360335189445,1.2770784166525087,0.947465034980399,1.0,0.0,0.0,0.0,0.00521918791634056,0.0259332672376465,0.025919476522525943,0.0,0.0,"{'I': 0, 'W': 1, 'R': 0, 'C': 'costly'}",False,True,True,1.0,3
6014,1,0.0861644271248201,0.4387055166146926,0.4807874412476967,2.3949287830630803,1.0254174310386506,1.3488056458894098,0.24126110625608543,0.9999999999997518,0.05,0.050000000000000044,0.09999999999999998,0.2689026451996989,0.29141371480732847,0.2892128637649474,0.050000000000000044,0.050000000000000044,"{'I': 1, 'W': 0, 'R': 1, 'C': 'free'}",False,True,True,1.0,3
6014,2,0.13586735971496375,0.48412670517028056,0.6793707112293778,2.249446925951756,1.0668750690717994,1.410821816171127,0.3218611888937384,1.0,0.3,0.09999999999999998,0.15000000000000002,0.20131433061236922,0.4047478725770306,0.4667517003282103,0.15000000000000002,0.25,"{'I': 1, 'W': 0, 'R': 1, 'C': 'free'}",False,True,True,1.0,3
6014,3,0.20572270035333518,0.5744578012506365,1.4221161070508415,2.656813290572548,1.179994106220947,1.4758134040565827,0.7745337939630612,1.0,0.2,0.050000000000000044,0.050000000000000044,0.24403113188745984,0.4649728071070386,0.6167081520108978,0.15000000000000002,0.75,"{'I': 1, 'W': 0, 'R': 1, 'C': 'free'}",False,True,True,0.6666666666666666,3
6014,4,0.03539436578586752,0.5169937886280324,0.242407445243982,1.9717803034176675,1.0092708958695729,1.460122727201854,0.06255509816074456,1.0,0.2,0.050000000000000044,0.050000000000000044,0.09515002227858181,0.3757762828175001,0.59256131027701,0.050000000000000044,0.15000000000000002,"{'I': 1, 'W': 0, 'R': 1, 'C': 'free'}",False,True,True,1.0,3
6014,5,0.03335894892980909,0.35382760874993463,0.16840788378469715,2.5749064262735297,1.0065961640083736,1.2202213490731078,0.057453986926979894,1.0,0.2,0.15000000000000002,0.050000000000000044,0.37701071198246583,0.4675061019808298,0.7508324132598243,0.15000000000000002,0.050000000000000044,"{'I': 1, 'W': 0, 'R': 1, 'C': 'free'}",False,True,True,1.0,3
6014,6,0.0032262420235698646,0.3185521758839359,0.008036053310175291,2.0623959694176195,1.0003631627813172,1.2352034292905405,0.0029005600529783404,1.0,0.2,0.15000000000000002,0.050000000000000044,0.09535086256229391,0.22199600139383574,0.14750172202228046,0.050000000000000044,0.050000000000000044,"{'I': 1, 'W': 0, 'R': 1, 'C': 'free'}",False,True,True,1.0,3
6014,7,0.020502663863360936,0.4219320514863269,0.12878644366904937,2.2547152619928394,1.003829945919595,1.3128759877124467,0.02640357810813221,1.0,0.2,0.050000000000000044,0.15000000000000002,0.10653173805353913,0.32028608390089897,0.6762032042768479,0.15000000000000002,0.25,"{'I': 1, 'W': 0, 'R': 1, 'C': 'free'}",False,True,True,0.3333333333333333,3
6028,1,0.3169906789074421,0.5065050773733728,1.350981514086652,2.2572806036060022,1.1488342508836462,1.3883774746235837,0.6213845123989299,1.0,0.05,0.050000000000000044,0.050000000000000044,0.22183809924471048,0.14784033641680977,0.21609271296006125,0.050000000000000044,0.050000000000000044,"{'I': 1, 'W': 0, 'R': 1, 'C': 'free'}",False,True,True,1.0,3
6028,2,0.0234672989285342,0.4799598046390886,0.10008275417525005,2.1759503091553256,1.0038314161981272,1.393156905555472,0.026413560024653338,1.0,0.0,0.050000000000000044,0.050000000000000044,0.14774148120864752,0.2684625434389865,0.4985334822069442,0.050000000000000044,0.15000000000000002,"{'I': 0, 'W': 1, 'R': 0, 'C': 'costly'}",False,True,True,0.3333333333333333,3
6030,1,0.013928838831680928,0.31255626242852685,0.10757116450242706,1.9430351471999754,1.0027404566958655,1.2276516191686278,0.02165574110501922,0.9999845138882744,0.0,0.0,0.050000000000000044,0.0030781714422157993,0.005178556847524004,0.07127695708914662,0.0,0.0,"{'I': 1, 'W': 0, 'R': 1, 'C': 'free'}",False,True,True,1.0,3
6030,2,0.00676182982941405,0.4871479938085879,0.024377112156239836,2.2008796660946546,1.0009072591959023,1.3414370680701184,0.008128415281463353,1.0,0.2,0.050000000000000044,0.050000000000000044,0.6166986181246666,0.5300372638084424,0.2931389388627661,0.15000000000000002,0.15000000000000002,"{'I': 1, 'W': 0, 'R': 1, 'C': 'free'}",False,True,True,1.0,3
6030,3,0.0014166720738318752,0.5170416717136123,0.005969199680175309,2.4845990637788593,1.000149726660355,1.4024314896728323,0.0016455146305779378,1.0,0.15,0.050000000000000044,0.050000000000000044,0.13272571487111026,0.24400546855890304,0.18191612039327051,0.050000000000000044,0.15000000000000002,"{'I': 1, 'W': 0, 'R': 1, 'C': 'free'}",False,True,True,1.0,3
6030,4,0.05039408281458208,0.43403419382160824,0.2591523221000041,2.07532701475095,1.0102657896396539,1.320912171450485,0.12433782359529288,1.0,0.15,0.050000000000000044,0.15000000000000002,0.37750421842437804,0.4673094585714345,0.34701472052621263,0.050000000000000044,0.15000000000000002,"{'I': 1, 'W': 0, 'R': 1, 'C': 'free'}",False,True,True,1.0,3
6030,5,0.003169840350964732,0.4183293502249152,0.01619200413596274,2.0066687366499787,1.0003950232153302,1.3842205467148132,0.005513974924801324,1.0,0.15,0.050000000000000044,0.09999999999999998,0.2941970642791032,0.4377823250871444,0.13244732841799617,0.050000000000000044,0.050000000000000044,"{'I': 1, 'W': 0, 'R': 1, 'C': 'free'}",False,True,True,0.6666666666666666,3
6030,6,0.0012514323248771012,0.3967194570859709,0.009359597363488889,2.2677897101417788,1.0001384058552751,1.312360651702722,0.0015212008580089975,1.0,0.2,0.25,0.050000000000000044,0.10663817240723718,0.20167243986928823,0.7542046334018381,0.25,0.15000000000000002,"{'I': 1, 'W': 0, 'R': 1, 'C': 'free'}",False,True,True,0.3333333333333333,3
6030,7,0.033797248951383044,0.41242654667973194,0.23584779371751116,1.9189866408978775,1.0065984504110923,1.3635851208803818,0.05747325496943956,0.9999999999999998,0.15,0.050000000000000044,0.15000000000000002,0.22269028094464152,0.18220967902212384,0.29568764315382906,0.15000000000000002,0.25,"{'I': 1, 'W': 0, 'R': 1, 'C': 'free'}",False,True,True,0.6666666666666666,3
6055,1,0.0018607137809513155,0.23709339779376964,0.007747091039541236,1.53372203336716,1.0002007555607395,1.1343484085898266,0.00140416112621633,0.9985770692560543,0.0,0.0,0.050000000000000044,0.0035929927300180535,0.010985959491554169,0.17572426489420134,0.0,0.0,"{'I': 1, 'W': 0, 'R': 1, 'C': 'free'}",False,True,True,1.0,3
6055,2,0.014066002919791213,0.33237031054855054,0.12157437016047441,1.5971192741675406,1.002995791232081,1.25189373606786,0.02656265337310637,0.9999972542915878,0.0,0.0,0.0,0.002491383427156914,0.029273251234809665,0.0076312923384125675,0.0,0.0,"{'I': 1, 'W': 0, 'R': 1, 'C': 'free'}",False,True,True,1.0,3
6055,3,0.0006926792561980367,0.31258092920642666,0.00130112585099116,1.9669031400390713,1.000063571694314,1.2793690112681593,0.0004448887236870869,0.9999999999998553,0.0,0.0,0.0,0.004060826345581541,0.004064183618258826,0.02924305271862948,0.0,0.0,"{'I': 0, 'W': 1, 'R': 0, 'C': 'costly'}",False,True,True,0.6666666666666666,3
6063,1,0.012946823706633756,0.21216861281172936,0.10101130310564886,1.2528077546041831,1.002494154872174,1.144757612644709,0.022169998517526213,0.9993247434191075,0.05,0.0,0.050000000000000044,0.003983391825640477,0.004591710424118999,0.1429053647129976,0.0,0.0,"{'I': 1, 'W': 0, 'R': 1, 'C': 'free'}",False,True,True,1.0,3
6063,2,0.0022721669980093804,0.3669904730257991,0.006676213164703899,2.0576001169097298,1.0002478155605157,1.2681800542373431,0.0014856045512892102,0.9999999999999882,0.05,0.050000000000000044,0.050000000000000044,0.06754792850834525,0.10599176994584612,0.08496428436644606,0.050000000000000044,0.050000000000000044,"{'I': 1, 'W': 0, 'R': 1, 'C': 'free'}",False,True,True,1.0,3
6063,3,0.0009107753008912976,0.35116024185311195,0.0030476074674875967,1.842628497118387,1.000092482692524,1.2700554612592698,0.0006471394287419496,0.9999996344107229,0.05,0.0,0.050000000000000044,0.029309923468940968,0.07557963582175323,0.07562004538605535,0.050000000000000044,0.0,"{'I': 1, 'W': 0, 'R': 1, 'C': 'free'}",False,True,True,1.0,3
6063,4,0.0018087173766168187,0.23207710007355223,0.006690692247790983,1.6867175551236748,1.0001923889512063,1.197683296887924,0.001153556822161561,1.0,0.0,0.0,0.0,0.07585865948136977,0.18201211331276843,0.20136840293612981,0.0,0.0,"{'I': 0, 'W': 1, 'R': 0, 'C': 'costly'}",False,True,True,0.6666666666666666,3
6090,1,0.007749560017888933,0.25688230016207214,0.026536495368655242,1.3894610315788123,1.0010844155590761,1.2303304505297867,0.007558088943886099,0.9994255976917481,0.0,0.0,0.050000000000000044,0.012260651213035146,0.01098652827379858,0.22265283216836984,0.0,0.0,"{'I': 1, 'W': 0, 'R': 1, 'C': 'free'}",False,True,True,1.0,1
6090,2,0.001694656496473437,0.4914439048102893,0.005969292661936016,2.310083167191717,1.0001927050273192,1.3598731954744852,0.0011554507247062418,0.9999999995480285,0.05,0.0,0.050000000000000044,0.004570465438034093,0.04729117992476306,0.037330024557077776,0.0,0.0,"{'I': 1, 'W': 0, 'R': 1, 'C': 'free'}",False,True,True,1.0,1
6090,3,0.016659001537705696,0.33149302514937123,0.07629525810297985,1.8842963367306662,1.0030284297275738,1.207646275216487,0.015005544104073065,0.9999999384394721,0.0,0.0,0.0,0.00406943840537684,0.004607856587545461,0.012405055747225727,0.0,0.0,"{'I': 0, 'W': 1, 'R': 0, 'C': 'costly'}",False,True,True,1.0,1
6092,1,0.005186940467155037,0.37754785524782786,0.019562608408318995,1.6434707488502305,1.0006567639650676,1.32912524378843,0.0039315415140920296,0.9999999999899392,0.05,0.0,0.050000000000000044,0.005154009087572222,0.01590608472276338,0.12775810882413238,0.0,0.0,"{'I': 1, 'W': 0, 'R': 1, 'C': 'free'}",False,True,True,1.0,3
6092,2,0.002460604230355029,0.48317354054094314,0.014072577444500325,1.7722539314570027,1.0003183569434948,1.3790622378615371,0.00222566348062192,0.9999999957833456,0.05,0.0,0.050000000000000044,0.0027826515037333672,0.0329411480948592,0.008568294513942263,0.0,0.0,"{'I': 1, 'W': 0, 'R': 1, 'C': 'free'}",False,True,True,1.0,3
6092,3,0.11527434531004853,0.33037616417072313,0.6832731002469674,1.9301841712681524,1.091427701508033,1.3315927081826078,0.40839727526492653,0.9999999999524475,0.0,0.0,0.0,0.005909887045295483,0.0021800238832942135,0.02971941181500494,0.0,0.0,"{'I': 0, 'W': 1, 'R': 0, 'C': 'costly'}",False,True,True,1.0,3
6100,1,0.018597634536224157,0.4326987856632493,0.13207876613120625,1.818643882246712,1.003702901909528,1.3559296643117908,0.029135633082758794,0.9999999999993173,0.05,0.0,0.050000000000000044,0.001898686450650712,0.008569295197622933,0.06554817771726505,0.0,0.0,"{'I': 1, 'W': 0, 'R': 1, 'C': 'free'}",False,True,True,1.0,3
6100,2,0.004138864802787478,0.2521470745880991,0.027336160127463996,1.45906582567298,1.0005379622056156,1.1560618371028806,0.004293297779841221,0.9999991008797645,0.0,0.0,0.0,0.00970744176212687,0.01098476693463529,0.09534320605916431,0.0,0.0,"{'I': 0, 'W': 1, 'R': 0, 'C': 'costly'}",False,True,True,1.0,3
6102,1,0.011658861627333143,0.14765869583240535,0.08634453674434094,1.0575702979238348,1.002068987841496,1.1148501316068606,0.022478854148621497,0.9974701598548514,0.0,0.0,0.050000000000000044,0.0018807695650865717,0.0027975160540053235,0.2101551799858605,0.0,0.0,"{'I': 1, 'W': 0, 'R': 1, 'C': 'free'}",False,True,True,1.0,3
6102,2,0.003989316250527634,0.2558697925846342,0.018055692809210544,1.3171923358462325,1.000532407858175,1.1481232400500543,0.00583782128499899,0.9995628368402811,0.05,0.0,0.050000000000000044,0.0027904423388846345,0.02293661989652356,0.022693689483246307,0.0,0.0,"{'I': 1, 'W': 0, 'R': 1, 'C': 'free'}",False,True,True,1.0,3
6102,3,0.476401355838466,0.47826732878020656,2.4035927604392566,2.4035927604392566,1.3763019894798012,1.3780266797518714,1.0,1.0,,,0.050000000000000044,,,0.3486018553015333,,0.15000000000000002,,False,True,False,,
6102,4,0.04007433065861189,0.3124592968404949,0.3656216838093184,1.8698061795878254,1.0117213310440003,1.1989059231022035,0.14057454513755185,0.9999999999906656,0.05,0.0,0.050000000000000044,0.6496389731558759,0.4067432998356051,0.18197436926952598,0.050000000000000044,0.15000000000000002,"{'I': 1, 'W': 0, 'R': 1, 'C': 'free'}",False,True,True,1.0,3
6102,5,0.15822048624897916,0.4757012814428272,0.5930727078615189,2.210161135419578,1.25908563629943,1.418827782665793,0.7490030853852687,1.0,0.1,0.050000000000000044,0.050000000000000044,0.02297218310779965,0.0850812857556704,0.16441004355485453,0.050000000000000044,0.050000000000000044,"{'I': 1, 'W': 0, 'R': 1, 'C': 'free'}",False,True,True,0.0,3
6102,6,0.01927711665507823,0.44203922546348157,0.08731455587380568,2.240725568275937,1.0031479860276078,1.3525099933752256,0.03701408930058914,1.0,0.2,0.25,0.9,0.46788387215819693,0.5614579897339809,0.3476229762036443,0.25,0.35,"{'I': 1, 'W': 0, 'R': 1, 'C': 'free'}",False,True,True,0.6666666666666666,3
6102,7,0.10664810849886541,0.49950587046558254,1.0261730975412413,2.628906450393868,1.0581314171120808,1.4174648661764502,0.6582193873986535,1.0,0.2,0.050000000000000044,0.15000000000000002,0.32072044261553895,0.40716894363112766,0.34859946497976896,0.15000000000000002,0.35,"{'I': 1, 'W': 0, 'R': 1, 'C': 'free'}",False,True,True,0.0,3
6108,1,0.007058801104319574,0.28037824583888005,0.03804505786786928,1.3731842214662389,1.000975161707967,1.221401308009973,0.005831052316547569,0.9998158848069062,0.0,0.0,0.0,0.0024526583656421627,0.005219524883442178,0.033083797444429415,0.0,0.0,"{'I': 1, 'W': 0, 'R': 1, 'C': 'free'}",False,True,True,1.0,3
6108,2,0.011014198730125888,0.3880900199562424,0.040431079536433115,1.939939477946859,1.001570585099579,1.306784285140002,0.009371925300926232,0.9999999999880647,0.05,0.0,0.050000000000000044,0.07586316973428328,0.22171878377641863,0.13296823496579543,0.0,0.0,"{'I': 1, 'W': 0, 'R': 1, 'C': 'free'}",False,True,True,1.0,3
6108,3,0.04626823486115723,0.3241552607824856,0.2712915523832951,1.9108319090552255,1.013390186549053,1.2339901954355896,0.07670638158389764,0.999999999606546,0.0,0.0,0.0,0.03743652884099506,0.04204114479875893,0.06023881226984757,0.0,0.0,"{'I': 0, 'W': 1, 'R': 0, 'C': 'costly'}",False,True,True,1.0,3
612,1,0.0020146664691645124,0.28456701856650984,0.008311631247847596,1.6174415012029675,1.000239583011778,1.213064694398996,0.001914599342683787,0.9998320338897849,0.05,0.0,0.050000000000000044,0.0024390805129888417,0.005876692457924839,0.14323914868600957,0.0,0.0,"{'I': 1, 'W': 0, 'R': 1, 'C': 'free'}",False,True,True,1.0,3
612,2,0.001629328677807301,0.2764847806344487,0.008198460975645108,1.5131844279921423,1.0001937430483898,1.1668813440342527,0.0011616704336714356,0.9995546872009842,0.05,0.0,0.0,0.0005509697131048907,0.009676066169899007,0.006692947852981507,0.0,0.0,"{'I': 1, 'W': 0, 'R': 1, 'C': 'free'}",False,True,True,1.0,3
612,3,0.1117543780968439,0.22082199287604898,0.5035056962316097,1.9001224522604814,1.0478897840261052,1.12797987810512,0.20855276169750314,0.9999971420367063,0.0,0.0,0.0,0.0035904415539894296,0.0010317541619976483,0.0024695243502068326,0.0,0.0,"{'I': 0, 'W': 1, 'R': 0, 'C': 'costly'}",False,True,True,1.0,3
6128,1,0.0045849159490692,0.2928116055603645,0.027278890898307755,1.6086302822190648,1.000594553773926,1.1848348588780824,0.005335111343286014,0.9999249826168259,0.05,0.0,0.050000000000000044,0.003342534887067792,0.005884115388911286,0.1260232776543344,0.0,0.0,"{'I': 1, 'W': 0, 'R': 1, 'C': 'free'}",False,True,True,1.0,3
6128,2,0.034268199456198044,0.2631405469444469,0.1598428800932047,1.6093578620026459,1.0070332492227714,1.227120992574168,0.0411798758258618,0.9999943030259357,0.0,0.0,0.0,0.004031708110045882,0.006680422975601339,0.012729344476533058,0.0,0.0,"{'I': 0, 'W': 1, 'R': 0, 'C': 'costly'}",False,True,True,1.0,3
6149,1,0.0020923665857816736,0.22244498086402437,0.007220370005458301,1.1852599337885616,1.0002124771747092,1.1475397644717158,0.0012739155076392228,0.9988213616633849,0.5,0.0,0.050000000000000044,0.005970314479186118,0.02029151829199462,0.17797583557719013,0.0,0.050000000000000044,"{'I': 1, 'W': 0, 'R': 1, 'C': 'free'}",False,True,True,1.0,3
6149,2,0.006183313199452458,0.5521005454750002,0.018266836931118698,1.9561784954540504,1.0007946826764338,1.4062335922652742,0.005545138231965452,1.0,0.1,0.050000000000000044,0.15000000000000002,0.20145998069881363,0.3764472083878043,0.2680559794389615,0.5,0.15000000000000002,"{'I': 1, 'W': 0, 'R': 1, 'C': 'free'}",False,True,True,1.0,3
6149,3,0.01854641336021815,0.5788552296097594,0.11432738957843576,2.6400776619867043,1.003422378591841,1.5218026422128186,0.023632033800330632,1.0,,0.050000000000000044,0.7,0.6222606921180692,0.7771616698509226,0.7308641577141821,0.5,0.75,"{'I': 1, 'W': 0, 'R': 1, 'C': 'free'}",False,True,True,1.0,3
6149,4,0.03116073128235133,0.6438050205193492,0.24873856526686114,2.188505912435815,1.0082949650441098,1.5809497366799403,0.0716502747215576,1.0,0.15,0.050000000000000044,0.15000000000000002,0.22236170935469562,0.4679807752373679,0.7039952503748523,0.050000000000000044,0.15000000000000002,"{'I': 1, 'W': 0, 'R': 1, 'C': 'free'}",False,True,True,1.0,3
6149,5,0.040433935326902516,0.47278360923267493,0.14835644290391817,1.8741748999661876,1.008087339425825,1.377983541362442,0.04717962126448272,0.999999999994737,0.05,0.15000000000000002,0.09999999999999998,0.8164403230649759,0.834522041728724,0.7011981446627615,0.9,0.050000000000000044,"{'I': 1, 'W': 0, 'R': 1, 'C': 'free'}",True,True,True,0.0,3
6149,6,0.25219140986044425,0.5733081991045648,0.7381174067394699,1.861058399837025,1.1901112787814363,1.3991126997281205,0.6480551831531531,0.9999999999999993,0.1,0.9,0.050000000000000044,0.9318817782762224,0.866146163404255,0.22268744203930257,0.9,0.050000000000000044,"{'I': 1, 'W': 0, 'R': 1, 'C': 'free'}",True,False,True,0.0,3
6149,7,0.27172462457904156,0.722975361957733,1.0709591680811241,2.175142889378141,1.1136536804223323,1.6459183395724137,0.659200904603882,1.0,0.2,0.050000000000000044,0.7,0.3770734454081546,0.5610033586217692,0.7762509637208368,0.15000000000000002,0.75,"{'I': 1, 'W': 0, 'R': 1, 'C': 'free'}",False,True,True,1.0,3
6151,1,0.12234316597946744,0.32419954615440044,0.6789350349976399,1.4814883476467005,1.0924484469508242,1.249319599902717,0.41170617432867873,0.9999969124965337,0.05,0.0,0.050000000000000044,0.007413685914330565,0.013892234012434133,0.09108166112074606,0.0,0.0,"{'I': 1, 'W': 0, 'R': 1, 'C': 'free'}",False,True,True,1.0,3
6151,2,0.04515554103501014,0.4290340397665042,0.3929472955494685,1.949007803314537,1.0161396067088448,1.3326434049985927,0.13419600612255256,0.9999999814759977,0.05,0.0,0.0,0.0035069829063467026,0.014063625185450667,0.0052215759466904795,0.0,0.0,"{'I': 1, 'W': 0, 'R': 1, 'C': 'free'}",False,True,True,1.0,3
6151,3,0.034871886420038634,0.46279336182791564,0.1945877881184563,2.445302218669543,1.0076922790811411,1.3430608328347546,0.059461555883113304,1.0,0.2,0.35,0.050000000000000044,0.6775400909974126,0.7530635263771742,0.6463772424175553,0.5,0.75,"{'I': 1, 'W': 0, 'R': 1, 'C': 'free'}",False,True,True,0.3333333333333333,3
6151,4,0.06391081328365843,0.38922577183020557,0.5058525987347177,2.5299381934558745,1.0286920421357333,1.3013971288474024,0.20252521807630353,1.0,0.2,0.050000000000000044,0.4,0.06006632650253076,0.2687186723459019,0.4997444128253325,0.050000000000000044,0.15000000000000002,"{'I': 1, 'W': 0, 'R': 1, 'C': 'free'}",False,True,True,0.6666666666666666,3
6151,5,0.41953506728856527,0.4211772796319043,2.7212111119534557,2.7212111119534557,1.3661245469661034,1.367796545855929,1.0,1.0,,,0.5,,,0.7055051889979643,,0.75,,False,True,False,,
6151,6,0.23315660687724243,0.424082173318657,0.751415661605661,2.7002481609720212,1.1649912785229588,1.363443653359275,0.705273893347425,1.0,,0.35,0.7,0.34854598029271316,0.562024288282391,0.705713207171438,0.35,0.7,"{'I': 1, 'W': 0, 'R': 1, 'C': 'free'}",False,True,True,0.3333333333333333,3
6151,7,0.014909505347375967,0.34175220095593895,0.06720063742203747,2.188075561699624,1.0022314499888916,1.257523549514626,0.015481655749335688,1.0,0.2,0.050000000000000044,0.15000000000000002,0.05335962259269668,0.2225266435603316,0.4064721008459869,0.050000000000000044,0.050000000000000044,"{'I': 1, 'W': 0, 'R': 1, 'C': 'free'}",False,True,True,0.3333333333333333,3
6158,1,0.0014012905295542654,0.21706469504057538,0.00556393287203457,1.2684321943766792,1.0001502974333698,1.1425278031709234,0.0009013104145929596,0.9951546081260766,0.05,0.0,0.050000000000000044,0.022977875945038743,0.05331227610016827,0.2507092384314224,0.0,0.0,"{'I': 1, 'W': 0, 'R': 1, 'C': 'free'}",False,True,True,1.0,3
6158,2,0.013543139455306344,0.2267467541894542,0.08238758560528917,1.1162436730757952,1.0023409970124384,1.1384836772209157,0.016234602996308745,0.9956920163361066,0.05,0.0,0.0,0.002782422731167763,0.0950918085720887,0.053673509821360856,0.0,0.0,"{'I': 1, 'W': 0, 'R': 1, 'C': 'free'}",False,True,True,1.0,3
6158,3,0.0012845773770724025,0.1270818853127438,0.0032821593537936786,1.8864194605807205,1.0001238318243573,1.092334290483271,0.0007426690317152707,0.9992841146273718,0.0,0.0,0.0,0.004672425605757239,0.0031677334607088142,0.007557725236226455,0.0,0.0,"{'I': 0, 'W': 1, 'R': 0, 'C': 'costly'}",False,True,True,1.0,3
6166,1,0.022001740840441302,0.4436472412826012,0.11324678779156225,2.1633155707281517,1.0036925711487998,1.3474555527974017,0.025470406301680737,1.0,0.0,0.0,0.050000000000000044,0.004530669726541929,0.01587456157555662,0.10535988119789066,0.0,0.050000000000000044,"{'I': 1, 'W': 0, 'R': 1, 'C': 'free'}",False,True,True,1.0,3
6166,2,0.007377585802512967,0.4507447266448372,0.038252236597204926,2.015699523918235,1.001031022403954,1.3027520771395833,0.01228975168695512,1.0,0.2,0.4,0.15000000000000002,0.7035132982434812,0.6206364302270837,0.4050320146382782,0.5,0.15000000000000002,"{'I': 1, 'W': 0, 'R': 1, 'C': 'free'}",False,True,True,0.6666666666666666,3
6166,3,0.02819214877334996,0.5065690581892331,0.14841096095115533,2.089311423146766,1.0057871545858539,1.4126877578711305,0.03958837784266567,1.0,0.15,0.050000000000000044,0.050000000000000044,0.10645655691211496,0.3191877928812832,0.2933688042556721,0.15000000000000002,0.25,"{'I': 1, 'W': 0, 'R': 1, 'C': 'free'}",False,True,True,1.0,3
6166,4,0.1136785374982386,0.34880310902591144,0.6746415882047927,2.4127971974618783,1.053235900831965,1.2890876469539527,0.2674351522467343,1.0,,0.050000000000000044,0.050000000000000044,0.3483623723732817,0.4375277043760478,0.24427487862255065,0.25,0.15000000000000002,"{'I': 1, 'W': 0, 'R': 1, 'C': 'free'}",False,True,True,1.0,3
6166,5,0.18122603876535806,0.37453917017327143,1.1935785321471828,2.138695417707691,1.075076717983602,1.27258907973326,0.5805052613853072,1.0,0.2,0.15000000000000002,0.050000000000000044,0.4993553333231083,0.49957895945144604,0.46765902809426974,0.5,0.050000000000000044,"{'I': 1, 'W': 0, 'R': 1, 'C': 'free'}",False,True,True,0.3333333333333333,3
6166,6,0.40718384717853945,0.40877946451861713,2.363917878227274,2.363917878227274,1.3271730511138788,1.3286469060698611,1.0,1.0,,,0.7,,,0.6223033032029684,,0.8,,False,True,False,,
6166,7,0.015132495448149172,0.43139004529380964,0.06755685257084822,2.551101471796025,1.0027219291862866,1.3714097485430106,0.02416726273596015,1.0,0.2,0.050000000000000044,0.25,0.24491901513764533,0.3772592170129246,0.2225246186585284,0.15000000000000002,0.25,"{'I': 1, 'W': 0, 'R': 1, 'C': 'free'}",False,True,True,0.3333333333333333,3
6174,1,0.02150787147598365,0.39817922834277486,0.16013835087349093,1.424298853807118,1.0041746395595719,1.2851408357213625,0.04080366797975643,0.9999999609742919,0.05,0.050000000000000044,0.050000000000000044,0.13636754563715392,0.1324546178065986,0.12828365963812247,0.050000000000000044,0.050000000000000044,"{'I': 1, 'W': 0, 'R': 1, 'C': 'free'}",False,True,True,1.0,3
6174,2,0.0336277537378361,0.38315398994348543,0.163757920226604,2.1663895158202346,1.0064821466538192,1.2619530311175615,0.08056503177627261,0.999999999999991,0.2,0.4,0.15000000000000002,0.46716379194454655,0.5281702684289865,0.24507723035651122,0.050000000000000044,0.15000000000000002,"{'I': 1, 'W': 0, 'R': 1, 'C': 'free'}",False,True,True,1.0,3
6174,3,0.04481746094680273,0.5339004724934782,0.30407572371640934,2.7561698977322893,1.0105312131969522,1.4499498179050738,0.10884562731208092,1.0,0.3,0.35,0.7,0.2685673915004054,0.6778715870007285,0.8348264897335066,0.5,0.75,"{'I': 1, 'W': 0, 'R': 1, 'C': 'free'}",False,True,True,0.6666666666666666,3
6174,4,0.01676834192492743,0.4083581353580781,0.08486518587461156,2.3589635079422964,1.0030119826070218,1.3178517085568504,0.02083213926653993,0.9999999999999876,0.2,0.050000000000000044,0.050000000000000044,0.029309674786044605,0.18241749228428025,0.9699635952240301,0.050000000000000044,0.15000000000000002,"{'I': 1, 'W': 0, 'R': 1, 'C': 'free'}",False,True,True,0.0,3
6174,5,0.004148961382457982,0.47096062049955795,0.01888523585955935,1.6841592058828767,1.000520461722381,1.3445806586052136,0.005189749765411977,0.9999999999964044,0.2,0.050000000000000044,0.050000000000000044,0.14783436090559118,0.3474718430639961,0.5293691688558876,0.050000000000000044,0.050000000000000044,"{'I': 1, 'W': 0, 'R': 1, 'C': 'free'}",False,True,True,0.0,3
6174,6,0.0452184704714785,0.5308516412446386,0.2641782803399399,2.426462649756894,1.0098014727430276,1.447925790254722,0.08404106768147734,1.0,0.2,0.050000000000000044,0.7,0.24494993187886474,0.406347829155383,0.7972147367711228,0.35,0.75,"{'I': 1, 'W': 0, 'R': 1, 'C': 'free'}",False,True,True,0.0,3
6174,7,0.06386082101005254,0.6325382201750399,0.2527481169254656,2.797615586374294,1.0154958561365506,1.4883008446459844,0.14253096738308402,1.0,0.3,0.050000000000000044,0.7,0.43680278538049966,0.7528304548061262,0.8335265973419074,0.15000000000000002,0.75,"{'I': 1, 'W': 0, 'R': 1, 'C': 'free'}",False,True,True,0.6666666666666666,3
6175,1,0.2636505193076732,0.286491061616265,1.2316920748500644,1.5073823103800177,1.2622166995086732,1.4051240155420157,0.9025771606503705,0.999999979162872,0.0,0.050000000000000044,0.050000000000000044,0.19039563092435197,0.16256453932951398,0.11486650690272507,0.050000000000000044,0.0,"{'I': 1, 'W': 0, 'R': 1, 'C': 'free'}",False,True,True,1.0,3
6175,2,0.01051803636844704,0.49313669176229513,0.07457734356738682,1.9753357362182122,1.0019102557981028,1.3262880179258,0.01515151171148077,0.9999999999121592,0.05,0.050000000000000044,0.050000000000000044,0.01398449625282991,0.13238868302754067,0.0953620026052224,0.050000000000000044,0.050000000000000044,"{'I': 1, 'W': 0, 'R': 1, 'C': 'free'}",False,True,True,1.0,3
6175,3,0.00898243587700058,0.3014911607739054,0.042979796513455314,1.810096707683724,1.0012667085755476,1.1971088551946245,0.007566669386674163,0.9999998092314971,0.05,0.0,0.050000000000000044,0.022879305770919074,0.08482433235634418,0.07567830517836681,0.0,0.0,"{'I': 1, 'W': 0, 'R': 1, 'C': 'free'}",False,True,True,1.0,3
6175,4,0.3769232988092968,0.3472846840272569,0.9517901858080291,2.038346700663345,1.1655617192723546,1.269265687241389,0.6011695140790597,1.0,0.1,0.9,0.050000000000000044,0.4375049959698991,0.22257606622443632,0.3481488576502276,0.050000000000000044,0.050000000000000044,"{'I': 1, 'W': 0, 'R': 1, 'C': 'free'}",False,True,True,0.0,3
6175,5,0.2071185899343691,0.4888749024429467,1.550996616299326,2.5091721590288807,1.2704516099418368,1.4064523652821435,0.8526551446825585,1.0,0.2,0.15000000000000002,0.050000000000000044,0.37696547960995247,0.5300745368293709,0.5908808967795267,0.15000000000000002,0.050000000000000044,"{'I': 1, 'W': 0, 'R': 1, 'C': 'free'}",False,True,True,0.0,3
6175,6,0.0009951325203526613,0.4626663375584791,0.004914083643422521,1.7149127062893514,1.0001033386471314,1.3360816470968804,0.0008263248699036385,0.999999993380044,0.1,0.050000000000000044,0.050000000000000044,0.2029726203360224,0.24245401241835282,0.11854723453222184,0.050000000000000044,0.050000000000000044,"{'I': 1, 'W': 0, 'R': 1, 'C': 'free'}",False,True,True,0.0,3
6175,7,0.5860225425322857,0.5883196176840272,2.7024226275061625,2.7024226275061625,1.5143630204884202,1.5168294206668134,1.0,1.0,,,0.15000000000000002,,,0.4376338433710838,,0.050000000000000044,,False,True,False,,
6180,1,0.010632613195726476,0.2517623130262744,0.0537363588922098,1.4677889502896142,1.00171879712876,1.1997263942140683,0.01025102649734122,0.999723751205485,0.0,0.0,0.050000000000000044,0.0027471107056672964,0.006678796206744012,0.08509094443354177,0.0,0.0,"{'I': 1, 'W': 0, 'R': 1, 'C': 'free'}",False,True,True,1.0,3
6180,2,0.05792912242183489,0.3202265354787393,0.33261755300285967,1.6099888317647917,1.016431665522087,1.2328355896227916,0.09315955495105266,0.9999989994029176,0.05,0.0,0.0,0.01586713594865871,0.009698421957985702,0.010969582437561054,0.0,0.0,"{'I': 1, 'W': 0, 'R': 1, 'C': 'free'}",False,True,True,0.3333333333333333,3
6180,3,0.051454311331822315,0.533279283697007,0.256792948633262,2.2550816221655343,1.013031143970269,1.506321872416442,0.08664329905463186,1.0,0.1,0.050000000000000044,0.050000000000000044,0.14797109552333587,0.437037733322164,0.4057251544120496,0.15000000000000002,0.050000000000000044,"{'I': 1, 'W': 0, 'R': 1, 'C': 'free'}",False,True,True,1.0,3
6180,4,0.008202026168364069,0.47176681078018495,0.028140588995909755,2.1574743362513824,1.0010834420848702,1.3970531631076417,0.00647607277472162,1.0,0.15,0.35,0.15000000000000002,0.2939963236760785,0.7047838748122665,0.5300918209301234,0.25,0.15000000000000002,"{'I': 1, 'W': 0, 'R': 1, 'C': 'free'}",False,True,True,0.0,3
6180,5,0.010526811176582114,0.29771782085297344,0.07619062560896844,1.8871248473918332,1.0017549930891758,1.2310792558136403,0.015657224982417395,1.0,0.05,0.0,0.050000000000000044,0.004068731815023794,0.033071185034419005,0.04206913833104788,0.050000000000000044,0.050000000000000044,"{'I': 1, 'W': 0, 'R': 1, 'C': 'free'}",False,True,True,1.0,3
6180,6,0.028864440221754432,0.21942831628780693,0.13371404918595073,1.7244545845880304,1.00622644156418,1.1330557056276238,0.030559023818725772,0.999990991911851,0.0,0.0,0.0,0.0011692714447391378,0.004609189934561038,0.004605786304590487,0.0,0.0,"{'I': 0, 'W': 1, 'R': 0, 'C': 'costly'}",False,True,True,1.0,3
6216,1,0.006293957505282027,0.3887986620582775,0.03821266100609476,2.091634027596249,1.0009391478295948,1.2986441111967841,0.007481529828625488,0.9999999999997473,0.05,0.0,0.050000000000000044,0.0031240696312275513,0.0201723749121411,0.05340852449597458,0.0,0.050000000000000044,"{'I': 1, 'W': 0, 'R': 1, 'C': 'free'}",False,True,True,1.0,3
6216,2,0.006768075709227134,0.49580329470917484,0.025683061633986516,2.1824724017141137,1.0009083791573252,1.4156748766731695,0.008138403884480838,1.0,0.2,0.4,0.15000000000000002,0.4669126771122718,0.5908462081817133,0.6214936616176198,0.5,0.15000000000000002,"{'I': 1, 'W': 0, 'R': 1, 'C': 'free'}",False,True,True,1.0,3
6216,3,0.0014636930238736095,0.5327087693534093,0.003908678867250748,2.193327384907834,1.0001523548540079,1.415053320157834,0.0010658343389610136,1.0,0.4,0.15000000000000002,0.050000000000000044,0.22199981937859442,0.43451383242475977,0.31920090279717644,0.5,0.75,"{'I': 1, 'W': 0, 'R': 1, 'C': 'free'}",False,True,True,1.0,3
6216,4,0.043127978484657034,0.5847926889178447,0.18296064161550826,2.2830170048497336,1.0079097849855145,1.4597054522182653,0.06108406791025056,1.0,0.05,0.7,0.15000000000000002,0.5303065490320342,0.90367917030703,0.8142912161285057,0.9,0.65,"{'I': 1, 'W': 0, 'R': 1, 'C': 'free'}",True,True,True,0.0,3
6216,5,0.17513464712011945,0.5485065152613094,0.716460806335261,2.395553538349389,1.0660339848433005,1.4886292837174282,0.437580267893695,1.0,0.2,0.15000000000000002,0.6,0.348252174591961,0.5918780012843216,0.7962157074144477,0.5,0.75,"{'I': 1, 'W': 0, 'R': 1, 'C': 'free'}",False,True,True,1.0,3
6216,6,0.022513570108573952,0.5726486232561803,0.08821758962946134,2.184813621514268,1.003901828885851,1.547278999105184,0.03444105571737155,1.0,0.3,0.35,0.4,0.4367226538636821,0.6482645509194326,0.40635786068225893,0.35,0.35,"{'I': 1, 'W': 0, 'R': 1, 'C': 'free'}",False,True,True,0.3333333333333333,3
6216,7,0.11801438529441913,0.5585476474850762,1.0850019898511423,2.609487913418865,1.0353886566539166,1.4352450824399345,0.2937377835551015,1.0,0.3,0.8,0.7,0.7041978873759747,0.8164573649100638,0.9128822595434957,0.75,0.75,"{'I': 1, 'W': 0, 'R': 1, 'C': 'free'}",False,True,True,0.3333333333333333,3
6237,1,0.028677962321269145,0.26425355034714987,0.2603022982968727,1.2807116291267584,1.0075347563273669,1.2291912389166952,0.07231692486733443,0.9999822102918268,0.0,0.0,0.050000000000000044,0.008499979536220436,0.010890462991636554,0.22669794742127258,0.0,0.0,"{'I': 1, 'W': 0, 'R': 1, 'C': 'free'}",False,True,True,1.0,3
6237,2,0.044783499368276906,0.25557995809058714,0.17729197243145384,1.2548033758226058,1.0101139817518312,1.186572123160739,0.05859238989597104,0.99999732120533,0.05,0.0,0.0,0.0019182027736775085,0.004614168921511237,0.0010285020332257853,0.0,0.0,"{'I': 1, 'W': 0, 'R': 1, 'C': 'free'}",False,True,True,1.0,3
6237,3,0.004657297082672966,0.20999657732153906,0.03589768660577007,1.3854938691219922,1.0007108634208755,1.1452168356087973,0.0056687586241677135,0.9999744872344699,0.0,0.0,0.0,0.002168542852687771,0.00406310065316756,0.015862977309056902,0.0,0.0,"{'I': 0, 'W': 1, 'R': 0, 'C': 'costly'}",False,True,True,1.0,3
6238,1,0.26589267012211965,0.2975122568279706,1.2540659056300485,1.396975401037124,1.140266991448298,1.2877178845700339,0.7308871256387157,0.9999998794147552,0.05,0.050000000000000044,0.050000000000000044,0.40723072663315607,0.18157722944344426,0.23280865842788054,0.050000000000000044,0.0,"{'I': 1, 'W': 0, 'R': 1, 'C': 'free'}",False,True,True,1.0,3
6238,2,0.004665607943546654,0.3702598884557612,0.020382596150338803,1.7664098204882712,1.0006196710004338,1.2594810037037656,0.004943572791384576,0.9999999999999251,0.05,0.050000000000000044,0.050000000000000044,0.23000591575530158,0.1824122996505995,0.13296526207797024,0.050000000000000044,0.050000000000000044,"{'I': 1, 'W': 0, 'R': 1, 'C': 'free'}",False,True,True,1.0,3
6238,3,0.03961628435459747,0.3738323010012861,0.1267436523147558,2.1412521058542167,1.0074819572834415,1.279907123710958,0.04373923620532105,0.9999999983730785,0.05,0.0,0.0,0.0013125515363891869,0.004603777472542681,0.0019128294728236652,0.0,0.0,"{'I': 1, 'W': 0, 'R': 1, 'C': 'free'}",False,True,True,1.0,3
6238,4,0.024019346438442037,0.25959178042174036,0.3920298839392081,2.049972647495378,1.0085304803333255,1.204475373506934,0.1344612413986095,0.999999982485441,0.0,0.0,0.0,0.0019263430978947284,0.008555737169483095,0.012398537091589645,0.0,0.0,"{'I': 0, 'W': 1, 'R': 0, 'C': 'costly'}",False,True,True,1.0,3
6249,1,0.06532895815683326,0.30175159793031586,0.6304125313394261,1.3733674784096397,1.037167629937189,1.1877429666393358,0.3306373019521658,0.9996923591281383,0.0,0.0,0.050000000000000044,0.015686294908008717,0.008524242622187659,0.25210444805689264,0.0,0.0,"{'I': 1, 'W': 0, 'R': 1, 'C': 'free'}",False,True,True,1.0,3
6249,2,0.11379441065435265,0.39578605481336804,0.6913996313085187,2.644836204211192,1.1014274236310917,1.3278906454694266,0.7414065004092498,1.0,0.2,0.050000000000000044,0.5,0.530391828870937,0.650506551792258,0.43726072785342374,0.35,0.35,"{'I': 1, 'W': 0, 'R': 1, 'C': 'free'}",False,True,True,0.6666666666666666,3
6249,3,0.09206533186407799,0.4136662202390894,0.44831182165972033,2.257137098848159,1.0291425106895644,1.3405478990934447,0.18215430027082824,1.0,0.1,0.35,0.050000000000000044,0.24508326693780266,0.43691727547627474,0.6478216505120188,0.5,0.75,"{'I': 1, 'W': 0, 'R': 1, 'C': 'free'}",False,True,True,1.0,3
6249,4,0.004455626176383977,0.3038990240667441,0.015906986598723503,1.8673883288327293,1.0005487632939813,1.1921543352764485,0.0038329249680075783,0.9999999976317394,0.2,0.050000000000000044,0.050000000000000044,0.10659382864703487,0.2680390717462873,0.14778171674481144,0.050000000000000044,0.15000000000000002,"{'I': 1, 'W': 0, 'R': 1, 'C': 'free'}",False,True,True,1.0,3
6249,5,0.04341047922990625,0.40478581145904874,0.2555779380663196,2.132309148996119,1.0108687956601123,1.3142881652091245,0.08284724428099621,1.0,0.2,0.15000000000000002,0.050000000000000044,0.2939708671185041,0.7764650542762552,0.6212253657697211,0.15000000000000002,0.050000000000000044,"{'I': 1, 'W': 0, 'R': 1, 'C': 'free'}",False,True,True,0.6666666666666666,3
6249,6,0.020309881588030196,0.3609349069067865,0.12462649804762381,2.3251698196903394,1.0039502492719894,1.2768065669432829,0.03486009387799427,1.0,0.2,0.050000000000000044,0.7,0.14799520103803454,0.2689081525514295,0.49988657980801404,0.050000000000000044,0.050000000000000044,"{'I': 1, 'W': 0, 'R': 1, 'C': 'free'}",False,True,True,1.0,3
6249,7,0.404849453660746,0.4064329031452305,2.7338216827968633,2.7338216827968633,1.3053924746126517,1.3067569374349104,1.0,1.0,,,0.7,,,0.7980027908355302,,0.8,,False,True,False,,
6268,1,0.0008382483511820873,0.11989572004738429,0.004260559611817267,1.0333298014782146,1.0000887241547238,1.0508621606546102,0.0007095099304592623,0.8815506816547967,0.05,0.0,0.050000000000000044,0.014063913877708986,0.00970259744307836,0.05269389148874446,0.0,0.0,"{'I': 1, 'W': 0, 'R': 1, 'C': 'free'}",False,True,True,1.0,3
6268,2,0.0005941845158835854,0.24274975416527575,0.002447764546904812,1.5187808051961245,1.0000567401610552,1.1241165243284352,0.00045380541030770605,0.9985725351840452,0.05,0.0,0.0,0.001321976003747098,0.01793546868140482,0.0031685419635401994,0.0,0.0,"{'I': 1, 'W': 0, 'R': 1, 'C': 'free'}",False,True,True,1.0,3
6268,3,0.0007648700970589283,0.18237995834229484,0.003610866213216285,1.5238438142512618,1.0000763904191645,1.127007857600388,0.000610913328936924,0.999989648259504,0.0,0.0,0.0,0.0019104491957059309,0.0019187161928882817,0.017962677069676924,0.0,0.0,"{'I': 0, 'W': 1, 'R': 0, 'C': 'costly'}",False,True,True,1.0,3
6276,1,0.001262946154348606,0.1574999791693487,0.0038728204853402523,0.9700500325048685,1.000130505134011,1.1037485410911307,0.0009130592402041282,0.9893346909912312,0.0,0.0,0.0,0.0016599225682774265,0.0031484255338335497,0.020192212496264628,0.0,0.0,"{'I': 1, 'W': 0, 'R': 1, 'C': 'free'}",False,True,True,1.0,3
6276,2,0.0009075386970233013,0.22265915904167882,0.005877607289199133,1.3817403640192745,1.0001009595560413,1.1930654548929234,0.0009081774966785972,0.9999748728203803,0.05,0.0,0.0,0.0007073282874109168,0.0019222765791587083,0.0011651278240254505,0.0,0.0,"{'I': 1, 'W': 0, 'R': 1, 'C': 'free'}",False,True,True,1.0,3
6276,3,0.051509321773401416,0.19161737496272083,0.21268298775505684,1.8096768151731597,1.012504257511882,1.1730272987057888,0.060242696385700345,0.9999979263558515,0.0,0.0,0.0,0.0031645495912178607,0.00033503741202212036,0.004076693311883707,0.0,0.0,"{'I': 0, 'W': 1, 'R': 0, 'C': 'costly'}",False,True,True,1.0,3
628,1,0.002158737791680341,0.3686427371398252,0.010806790355264656,2.202481335149554,1.0002556635225872,1.299267237231104,0.0017878158735209482,0.999999570577582,0.05,0.0,0.050000000000000044,0.006615951694072367,0.008514426054815333,0.10467187927916233,0.0,0.0,"{'I': 1, 'W': 0, 'R': 1, 'C': 'free'}",False,True,True,1.0,3
628,2,0.001553375932391766,0.3565140010800254,0.005643609540785333,1.9061335543563025,1.0001746634707822,1.3048533691743376,0.0015705992860231,0.999999999803747,0.15,0.050000000000000044,0.050000000000000044,0.0756487312879488,0.14771598004056002,0.06746818079275235,0.050000000000000044,0.050000000000000044,"{'I': 1, 'W': 0, 'R': 1, 'C': 'free'}",False,True,True,1.0,3
628,3,0.00025664374726819223,0.2683478059019019,0.0011733826040668425,1.8068474842734548,1.0000213826299906,1.2437350430405583,0.00017104458129135747,0.9999999999993973,0.0,0.0,0.0,0.005908467901395585,0.037230617171028386,0.07539396276089477,0.0,0.0,"{'I': 0, 'W': 1, 'R': 0, 'C': 'costly'}",False,True,True,1.0,3
6294,1,0.014688934554326844,0.3462606402091981,0.041519556529641344,1.501721355192563,1.0018999077357185,1.2335557093734661,0.013198857313963863,0.9999990372327003,0.05,0.0,0.050000000000000044,0.0021545703152203565,0.005188406373497396,0.09179674005355123,0.0,0.0,"{'I': 1, 'W': 0, 'R': 1, 'C': 'free'}",False,True,True,1.0,3
6294,2,0.18317315794474642,0.3254748371989808,0.7339353864699233,1.8475276887166885,1.0930862396276175,1.2819872369807335,0.5093581576919042,0.9999999241988665,0.05,0.050000000000000044,0.050000000000000044,0.18241503644694768,0.24414328917081782,0.032907611601460815,0.050000000000000044,0.0,"{'I': 1, 'W': 0, 'R': 1, 'C': 'free'}",False,True,True,1.0,3
6294,3,0.0011286077687123817,0.3558706483914713,0.0025373331967206325,1.8547720272558137,1.0001072571146916,1.235644599753663,0.0009647965517630697,0.9999911721824497,0.05,0.0,0.050000000000000044,0.0017002657033892703,0.01798218280971984,0.014024434911575871,0.0,0.0,"{'I': 1, 'W': 0, 'R': 1, 'C': 'free'}",False,True,True,1.0,3
6294,4,0.14399231354807937,0.5405709394413134,0.48464700546432377,1.8488199146642135,1.0287132178911171,1.3963382604662011,0.1562105726379832,0.9999999945608176,0.05,0.050000000000000044,0.050000000000000044,0.10660577709041408,0.1326859731215643,0.07573080594002674,0.050000000000000044,0.050000000000000044,"{'I': 1, 'W': 0, 'R': 1, 'C': 'free'}",False,True,True,0.6666666666666666,3
6294,5,0.06667814891992234,0.4397133633889064,0.4392555269710783,1.8172707799165937,1.0172531496155885,1.342280982668826,0.17152286876525102,0.9999999999999992,0.2,0.15000000000000002,0.050000000000000044,0.4675119312100479,0.49938337833178814,0.34746481250057304,0.15000000000000002,0.050000000000000044,"{'I': 1, 'W': 0, 'R': 1, 'C': 'free'}",False,True,True,0.6666666666666666,3
6294,6,0.28888718958215925,0.48091078776384444,1.276582272763073,2.1171004588399516,1.1975589753016875,1.3741764417181668,0.8623633828038536,1.0,0.3,0.15000000000000002,0.4,0.20154323973686006,0.37645455568151476,0.3479128733096401,0.35,0.35,"{'I': 1, 'W': 0, 'R': 1, 'C': 'free'}",False,True,True,0.3333333333333333,3
6294,7,0.09673442839070563,0.5613454082819844,0.34033183981485987,2.4246683648979563,1.024921345003131,1.4766203623202332,0.21820188023713494,1.0,0.3,0.55,0.7,0.619594641810081,0.7040525062139579,0.7280830302138324,0.75,0.75,"{'I': 1, 'W': 0, 'R': 1, 'C': 'free'}",False,True,True,0.6666666666666666,3
632,1,0.009518023262844965,0.46065649691912347,0.04487142933687597,2.0901141798085447,1.0014935300229526,1.3258863176375824,0.013341939016397797,0.9999999964757552,0.0,0.0,0.050000000000000044,0.0007024404674677877,0.005204197464869298,0.13193992969678195,0.0,0.0,"{'I': 1, 'W': 0, 'R': 1, 'C': 'free'}",False,True,True,1.0,3
632,2,0.039042970030469186,0.5648413120388943,0.06774600662669543,2.2471253175055708,1.006860408318065,1.4403963588027107,0.04019188697976017,1.0,0.2,0.4,0.15000000000000002,0.376790561641913,0.7734663268918395,0.528897695466769,0.5,0.75,"{'I': 1, 'W': 0, 'R': 1, 'C': 'free'}",False,True,True,1.0,3
632,3,0.052583436130645124,0.3769479074714765,0.22277357850851404,1.5247907588933194,1.0092816855917555,1.314089589202395,0.05392483044191487,0.9999999999636083,0.15,0.050000000000000044,0.050000000000000044,0.04742684438228134,0.24403375530005744,0.10616329690432139,0.050000000000000044,0.050000000000000044,"{'I': 1, 'W': 0, 'R': 1, 'C': 'free'}",False,True,True,0.0,3
632,4,0.1881384088217686,0.4761427175723145,0.6828294580536649,2.004309604752733,1.4303408885540043,1.3888997260578255,0.9183562163252695,0.9999999999999986,0.15,0.15000000000000002,0.15000000000000002,0.43652514754994975,0.724933492748823,0.7713644325048079,0.65,0.15000000000000002,"{'I': 1, 'W': 0, 'R': 1, 'C': 'free'}",False,True,True,0.0,3
632,5,0.30340916921490446,0.6224469681348764,0.8755644784244252,2.6805488700439186,1.1518260670737688,1.5184635016897878,0.6282151573548976,1.0,0.5,0.35,0.8,0.5614880928382423,0.8926994141122906,0.8157414604715453,0.85,0.75,"{'I': 1, 'W': 0, 'R': 1, 'C': 'free'}",False,True,True,0.3333333333333333,3
632,6,0.07310651544573225,0.5159184491141452,0.21698100347737279,2.403722012643269,1.0170866852297784,1.4090314075483743,0.09665803447368515,1.0,0.2,0.85,0.7,0.43726958393688775,0.8503527553179323,0.7503695710086733,0.75,0.75,"{'I': 1, 'W': 0, 'R': 1, 'C': 'free'}",False,True,True,1.0,3
632,7,0.02278260620319607,0.4657115876890026,0.13655395900326053,2.3513614089840176,1.0046302893724885,1.396465358425899,0.03628225266917895,1.0,0.05,0.050000000000000044,0.050000000000000044,0.1328956725237851,0.16442452181184178,0.2937776210481834,0.050000000000000044,0.050000000000000044,"{'I': 1, 'W': 0, 'R': 1, 'C': 'free'}",False,True,True,1.0,3
6324,1,0.004088410222869422,0.3278249989556327,0.017141696173081464,1.8583430851809304,1.0004667797884028,1.2578716746436949,0.0032613663175742325,0.9999999329831989,0.05,0.050000000000000044,0.050000000000000044,0.01823886868656777,0.08475895060689628,0.09744192237335993,0.0,0.0,"{'I': 1, 'W': 0, 'R': 1, 'C': 'free'}",False,True,True,1.0,3
6324,2,0.002921687349634654,0.39392933954658665,0.02797587054364813,1.9070383256242167,1.0004131999177972,1.2987658199716399,0.004945107387642533,0.9999999999955648,0.0,0.0,0.0,0.1645030125102356,0.24339778249282812,0.24800373174211277,0.0,0.15000000000000002,"{'I': 0, 'W': 1, 'R': 0, 'C': 'costly'}",False,True,True,0.6666666666666666,3
6325,1,0.0012379027379904668,0.17246676822366308,0.008182574931571266,0.9559582082664456,1.0001475840733105,1.123745937849666,0.0011798888539585883,0.9976812336559368,0.0,0.0,0.050000000000000044,0.004549004891162328,0.01585331055182796,0.07585551738163401,0.0,0.0,"{'I': 1, 'W': 0, 'R': 1, 'C': 'free'}",False,True,True,1.0,3
6325,2,0.000655455071686295,0.2766151648367208,0.003813889750422653,1.3072656755463992,1.0000690123401876,1.2121283329703663,0.0005519273036235228,0.9999962902826732,0.05,0.0,0.0,0.001488349550531681,0.022923669842024794,0.020288663641343095,0.0,0.0,"{'I': 1, 'W': 0, 'R': 1, 'C': 'free'}",False,True,True,1.0,3
6325,3,0.00035975473588023435,0.18978441895370007,0.0012569725229648393,1.5798113624999983,1.0000327070247883,1.1195936179692312,0.0002616176915239965,0.9998509651985477,0.0,0.0,0.0,0.004556226379057238,0.0009090868794982112,0.004121988016026281,0.0,0.0,"{'I': 0, 'W': 1, 'R': 0, 'C': 'costly'}",False,True,True,1.0,3
6333,1,0.0008105622595923682,0.20361216789119932,0.004191189974427031,1.1607939110203478,1.0000813968741238,1.1181695689512783,0.0007322738107750082,0.9966417819270047,0.0,0.0,0.050000000000000044,0.0016733396904318287,0.0075595532267567316,0.3597555982366835,0.0,0.0,"{'I': 1, 'W': 0, 'R': 1, 'C': 'free'}",False,True,True,1.0,3
6333,2,0.00538656819679337,0.5206624108126047,0.024439154603508245,2.119095834061317,1.000740996591346,1.4663652832837981,0.0044344716995801114,1.0,0.15,0.050000000000000044,0.15000000000000002,0.14765512418702453,0.2930237843283715,0.2670857905682504,0.050000000000000044,0.25,"{'I': 1, 'W': 0, 'R': 1, 'C': 'free'}",False,True,True,1.0,3
6333,3,0.006012857238668945,0.3862872956209343,0.01257896900021135,2.172879096252582,1.0007072008800995,1.305368951416776,0.004232722261238386,1.0,0.05,0.0,0.050000000000000044,0.06737954593293227,0.26803128869615844,0.32021641464307904,0.050000000000000044,0.050000000000000044,"{'I': 0, 'W': 1, 'R': 0, 'C': 'costly'}",False,True,True,0.3333333333333333,3
6378,1,0.10464207840085599,0.46232790164818577,0.5360132066854408,1.9357484724858633,1.0288085267898341,1.373825106399787,0.20324727096115836,1.0,0.05,0.050000000000000044,0.09999999999999998,0.2017923364776911,0.2222695715269836,0.3441845350635472,0.050000000000000044,0.050000000000000044,"{'I': 1, 'W': 0, 'R': 1, 'C': 'free'}",False,True,True,1.0,3
6378,2,0.016903763173745676,0.4782060791039213,0.07681349557376121,2.245831985748538,1.0025704327963196,1.385821603386225,0.01780944755145608,1.0,0.05,0.050000000000000044,0.050000000000000044,0.03755652707423494,0.13261632386296304,0.07573085338618024,0.050000000000000044,0.050000000000000044,"{'I': 1, 'W': 0, 'R': 1, 'C': 'free'}",False,True,True,1.0,3
6378,3,0.02153474709806092,0.43567777967725796,0.1535323406077026,2.1663357380365373,1.004106009402531,1.3512762896651391,0.036206698361153866,1.0,0.1,0.050000000000000044,0.050000000000000044,0.0420895752902393,0.1327888376546136,0.46610982123583156,0.050000000000000044,0.050000000000000044,"{'I': 1, 'W': 0, 'R': 1, 'C': 'free'}",False,True,True,1.0,3
6378,4,0.4093704388240902,0.41097289670020126,2.6211384486296714,2.6211384486296714,1.315708527950677,1.3171246216134715,1.0,1.0,,,0.9,,,0.8354353809255995,,0.85,,False,True,False,,
6378,5,0.011218213647768012,0.5276355919582066,0.09267792596196912,2.448846097870336,1.0018580819893386,1.3892986291422196,0.03286234597027671,1.0,0.1,0.050000000000000044,0.050000000000000044,0.14795855342366276,0.4986691955138532,0.40594213979719335,0.050000000000000044,0.050000000000000044,"{'I': 1, 'W': 0, 'R': 1, 'C': 'free'}",False,True,True,1.0,3
6378,6,0.0019267348958851359,0.4595746934345236,0.012094599093374974,2.214578131703916,1.0002321683463844,1.357778517089529,0.0037073730514410874,1.0,0.05,0.0,0.050000000000000044,0.06003204951254668,0.24433247574837796,0.3757885930759604,0.050000000000000044,0.050000000000000044,"{'I': 1, 'W': 0, 'R': 1, 'C': 'free'}",False,True,True,1.0,3
6378,7,0.01826838040082314,0.30099327230508394,0.15834570257535813,2.0479375521663594,1.0033449688187468,1.1708047947221563,0.036066774960719306,0.9999999355640393,0.0,0.0,0.0,0.005916289212633521,0.04206816968323943,0.02928330010810647,0.0,0.0,"{'I': 0, 'W': 1, 'R': 0, 'C': 'costly'}",False,True,True,1.0,3
6386,1,0.0016146910837960624,0.32287892028570486,0.0048870836730288345,1.6554152740385781,1.0001676792077259,1.219783210547013,0.001340422039887712,0.9999993867336918,0.0,0.0,0.0,0.000617253341963483,0.0021757439196809438,0.03276187943516238,0.0,0.0,"{'I': 1, 'W': 0, 'R': 1, 'C': 'free'}",False,True,True,1.0,3
6386,2,0.3816652319072202,0.4394912953934934,1.5097157241701296,1.9442025459889176,1.163691594410045,1.307175056329395,0.5973083577733755,0.9999999999993905,0.1,0.050000000000000044,0.050000000000000044,0.37750568941389373,0.529340473440797,0.16451926653355373,0.050000000000000044,0.050000000000000044,"{'I': 1, 'W': 0, 'R': 1, 'C': 'free'}",False,True,True,0.3333333333333333,3
6386,3,0.011849508701607557,0.6273688111368021,0.02653796203801428,2.3615468788289484,1.0016495062515882,1.5532440327180905,0.009840149624684158,1.0,0.2,0.050000000000000044,0.7,0.14795947823940306,0.5916518159358348,0.5617294096788609,0.15000000000000002,0.75,"{'I': 1, 'W': 0, 'R': 1, 'C': 'free'}",False,True,True,1.0,3
6386,4,0.05604468325058044,0.609679264589916,0.3197036302796872,2.371984013460369,1.0120547210960649,1.587749264537385,0.10223216046972827,1.0,0.2,0.7,0.15000000000000002,0.7526573438409034,0.8497649940672941,0.6775321874239374,0.6699999999999999,0.15000000000000002,"{'I': 1, 'W': 0, 'R': 1, 'C': 'free'}",False,True,True,0.3333333333333333,3
6386,5,0.006555579360864499,0.5421151432185527,0.04614609498048934,2.560555442068235,1.0009886977906486,1.4359818939822213,0.009833426067018314,1.0,0.3,0.35,0.5,0.7052887359169744,0.7764774437781503,0.7302142629017072,0.6699999999999999,0.75,"{'I': 1, 'W': 0, 'R': 1, 'C': 'free'}",False,True,True,1.0,3
6386,6,0.011088707981463728,0.5543913642515347,0.09280658851970051,2.1140219391696977,1.0020482351665019,1.4493928785623689,0.02025348988796205,1.0,0.2,0.15000000000000002,0.15000000000000002,0.22236708569606106,0.29363052599870004,0.43681070421380647,0.25,0.15000000000000002,"{'I': 1, 'W': 0, 'R': 1, 'C': 'free'}",False,True,True,1.0,3
6386,7,0.046705121689814943,0.6208075446043245,0.3196041443703904,2.3729056771492303,1.013210822732544,1.5310216440555422,0.11140959586637733,1.0,0.3,0.8,0.7,0.8930532763986968,0.9396398882679196,0.7968492573805113,0.75,0.75,"{'I': 1, 'W': 0, 'R': 1, 'C': 'free'}",False,True,True,0.0,3
6399,1,0.0014577800357503056,0.31930556677130434,0.0055978817959671905,1.5886715825731508,1.0001437494444625,1.2061172212120879,0.0010056677713855544,0.9999723186691425,0.05,0.0,0.050000000000000044,0.0074148817516067915,0.023120574947484224,0.17766204449064088,0.0,0.0,"{'I': 1, 'W': 0, 'R': 1, 'C': 'free'}",False,True,True,1.0,3
6399,2,0.001477868135616356,0.3645055948264654,0.005667568926744187,1.8188528003533848,1.0001589584457098,1.2772783475043268,0.0009532202755674346,0.9999999715733328,0.05,0.050000000000000044,0.050000000000000044,0.04188239906888498,0.10608451375231862,0.07577644577205404,0.050000000000000044,0.050000000000000044,"{'I': 1, 'W': 0, 'R': 1, 'C': 'free'}",False,True,True,1.0,3
6399,3,0.19618133265070276,0.5013570456713812,1.4329511603610177,2.5698413037194783,1.1234808137517982,1.4247688162445789,0.8770246358494167,1.0,0.2,0.050000000000000044,0.050000000000000044,0.5309253839282949,0.6221016600913603,0.6506579557436885,0.5,0.75,"{'I': 1, 'W': 0, 'R': 1, 'C': 'free'}",False,True,True,0.6666666666666666,3
6399,4,0.0005529248170871943,0.5463657573611659,0.0014766332251515593,2.245074219492304,1.0000485767888851,1.416471937083903,0.0002914111859363411,1.0,0.05,0.0,0.050000000000000044,0.015906121624669138,0.05336399680234982,0.32029157625143007,0.0,0.050000000000000044,"{'I': 0, 'W': 1, 'R': 0, 'C': 'costly'}",False,True,True,0.3333333333333333,3
6404,1,0.11282106562388475,0.20203887048045963,0.6909039579203207,1.3129908784781086,1.3337528821190754,1.1574451863351483,0.957910775871532,0.994824117500173,0.05,0.050000000000000044,0.050000000000000044,0.1316647527507784,0.08490401771758564,0.21715485060045295,0.0,0.0,"{'I': 1, 'W': 0, 'R': 1, 'C': 'free'}",False,True,True,1.0,3
6404,2,0.0018143831966917299,0.2630728092736515,0.014012653859039678,1.581892291430455,1.0002303644389812,1.143919355748149,0.0027602384273764935,0.9999787006026624,0.05,0.0,0.0,0.0009041499101118604,0.006676239073332183,0.002493635788414093,0.0,0.0,"{'I': 1, 'W': 0, 'R': 1, 'C': 'free'}",False,True,True,1.0,3
6404,3,0.02300818363771674,0.21719342242979867,0.24960300618509754,1.3118545077307575,1.0061628298392902,1.1136903548733856,0.07107475086875381,0.9997493101801962,0.0,0.0,0.0,0.0028001523315418545,0.005210758663447069,0.02297538331363136,0.0,0.0,"{'I': 0, 'W': 1, 'R': 0, 'C': 'costly'}",False,True,True,1.0,3
6406,1,0.0010396785416889156,0.39650366500864065,0.005269637504156787,2.3097460697491337,1.0001104438274482,1.271605421090125,0.0008831116589934629,0.9999999198250329,0.05,0.0,0.050000000000000044,0.0065890587230425755,0.009663965690766583,0.17498414794307043,0.0,0.0,"{'I': 1, 'W': 0, 'R': 1, 'C': 'free'}",False,True,True,1.0,3
6406,2,0.020257529988480665,0.48556740664009024,0.09444803740038563,2.0243381324594667,1.003421142622358,1.3685215126526682,0.036871406756696645,0.9999999999999981,0.2,0.050000000000000044,0.050000000000000044,0.29419143496178685,0.4057516592658108,0.34718964349775894,0.050000000000000044,0.15000000000000002,"{'I': 1, 'W': 0, 'R': 1, 'C': 'free'}",False,True,True,1.0,3
6406,3,0.005058701268834657,0.5303886445121133,0.03345357268800245,1.9016662880935684,1.0007052618683343,1.403579809839294,0.007025338994651853,0.9999999999999998,0.2,0.15000000000000002,0.050000000000000044,0.3207958193448725,0.31968310196501926,0.2435335717374163,0.15000000000000002,0.15000000000000002,"{'I': 1, 'W': 0, 'R': 1, 'C': 'free'}",False,True,True,1.0,3
6406,4,0.085249206768789,0.5380360189066776,0.4777610772679981,2.3359901577217785,1.0291837019111967,1.4189272379367133,0.27125078736223784,1.0,0.2,0.050000000000000044,0.15000000000000002,0.2445002215137927,0.34802160606781357,0.37702438202046323,0.15000000000000002,0.15000000000000002,"{'I': 1, 'W': 0, 'R': 1, 'C': 'free'}",False,True,True,1.0,3
6406,5,0.2149303815134976,0.4499817832056202,1.5532785165209713,1.926772661582586,1.0966293553671174,1.337071738633092,0.6374720788374061,1.0,0.15,0.15000000000000002,0.09999999999999998,0.4072957931473838,0.5295944246271699,0.43549305277309275,0.5,0.75,"{'I': 1, 'W': 0, 'R': 1, 'C': 'free'}",False,True,True,1.0,3
6406,6,0.0021132204507236926,0.522539859217075,0.016407093938485946,2.3986291504629462,1.0002698929874057,1.4120843735228885,0.002694927873022279,1.0,0.15,0.050000000000000044,0.050000000000000044,0.1477760317175374,0.34731849731921727,0.3457651665343074,0.050000000000000044,0.050000000000000044,"{'I': 1, 'W': 0, 'R': 1, 'C': 'free'}",False,True,True,1.0,3
6406,7,0.009941427415470504,0.5192554920692601,0.06855603524135723,2.2349935887700436,1.0016979561563897,1.4609213514759056,0.02181328433921692,1.0,0.4,0.050000000000000044,0.15000000000000002,0.20180882739573483,0.5298848662984554,0.24674304198257943,0.15000000000000002,0.25,"{'I': 1, 'W': 0, 'R': 1, 'C': 'free'}",False,True,True,1.0,3
6414,1,0.041683568367887634,0.26489765980032387,0.21906104951629596,1.1984567225493896,1.0083641731323696,1.1676984300179263,0.05663849254750963,0.998513685359864,0.0,0.0,0.050000000000000044,0.004049521615946648,0.006680561384003532,0.08285735553853878,0.0,0.0,"{'I': 1, 'W': 0, 'R': 1, 'C': 'free'}",False,True,True,1.0,3
6414,2,0.001871692924186668,0.3080925167053628,0.009952940889144108,1.6549303219430473,1.0002028849460582,1.2250376275863335,0.0020265873700641146,0.9999739246755953,0.05,0.0,0.0,0.002459318644032137,0.029569785636591253,0.0052206740483616175,0.0,0.0,"{'I': 1, 'W': 0, 'R': 1, 'C': 'free'}",False,True,True,1.0,3
6414,3,0.0034494046381178807,0.17883914569864431,0.012580547933823754,1.0674213085540107,1.0004254766184673,1.1125320707772108,0.0025490623826224246,0.9951652609152143,0.05,0.0,0.0,0.002164325484491988,0.029185380424969133,0.02033363321503268,0.0,0.0,"{'I': 1, 'W': 0, 'R': 1, 'C': 'free'}",False,True,True,1.0,3
6414,4,0.013820685139789679,0.4686646938715526,0.06594969771510492,2.4089032140491335,1.0021227410262712,1.4175966157415618,0.01264235263882929,1.0,0.05,0.0,0.050000000000000044,0.10658327488723565,0.07566771626261927,0.20111092437031627,0.0,0.0,"{'I': 0, 'W': 1, 'R': 0, 'C': 'costly'}",False,True,True,1.0,3
6432,1,0.12512348954476377,0.34184657812817265,1.054193088168023,1.5605391989376758,1.0637524060420636,1.2502718095748488,0.5236640769803029,0.9999999999999197,0.2,0.050000000000000044,0.050000000000000044,0.914473935883707,0.7297234383131723,0.22267170267512315,0.25,0.050000000000000044,"{'I': 1, 'W': 0, 'R': 1, 'C': 'free'}",False,True,True,1.0,3
6432,2,0.008000943425207789,0.4261504170092354,0.0502514370126859,2.1930552263415444,1.0011986085917386,1.4063759269272427,0.013090365212637067,0.9999999999921947,0.05,0.050000000000000044,0.050000000000000044,0.004608590988705767,0.025869790267877387,0.009709170815278771,0.0,0.0,"{'I': 1, 'W': 0, 'R': 1, 'C': 'free'}",False,True,True,1.0,3
6432,3,0.10294279288480601,0.2957779966321847,0.746399683925354,2.1085039126973433,1.1019420608703736,1.2512949701961553,0.5825820149792573,1.0,0.2,0.050000000000000044,0.050000000000000044,0.3204486050248733,0.5295780172790955,0.7973946415725827,0.15000000000000002,0.35,"{'I': 1, 'W': 0, 'R': 1, 'C': 'free'}",False,True,True,1.0,3
6432,4,0.031147232708868773,0.337335158915358,0.1609250765175921,2.0513575530105093,1.00661099668781,1.2621505794679975,0.045077104256266765,0.9999999999999998,0.1,0.050000000000000044,0.050000000000000044,0.20136873459067645,0.40572890007704737,0.5574024276022429,0.050000000000000044,0.15000000000000002,"{'I': 1, 'W': 0, 'R': 1, 'C': 'free'}",False,True,True,1.0,3
6432,5,0.0038248893902589134,0.2582689026363875,0.013314227114652818,1.9730230406000702,1.0004660014849571,1.1960659195606302,0.003720206341768617,1.0,0.05,0.0,0.050000000000000044,0.01589174321389517,0.06749254004786565,0.16436715230249369,0.050000000000000044,0.050000000000000044,"{'I': 0, 'W': 1, 'R': 0, 'C': 'costly'}",False,True,True,1.0,3
6434,1,0.01612670432834692,0.4296118966852642,0.09101861323689088,1.8317735465570295,1.0025054666806086,1.4101536466177653,0.014901851266886146,0.9999999994434796,0.05,0.0,0.0,0.0023561407815524305,0.004035800460684634,0.13288148400664673,0.0,0.0,"{'I': 1, 'W': 0, 'R': 1, 'C': 'free'}",False,True,True,1.0,3
6434,2,0.0013904936212748348,0.36739416085503734,0.006795326394664836,1.5845834170081528,1.0001486256372973,1.3189353936545973,0.0013366372460406062,0.9999998935769546,0.05,0.0,0.050000000000000044,0.0035852214435873175,0.015857321904343757,0.0036202140996296492,0.0,0.0,"{'I': 1, 'W': 0, 'R': 1, 'C': 'free'}",False,True,True,1.0,3
6434,3,0.00037131074484856,0.2992396811634744,0.0009048198282307389,1.678986511950382,1.0000301150050255,1.1835233209713751,0.00024088739459349195,0.9999983441110019,0.0,0.0,0.0,0.0016832935560541875,0.0024570047392738423,0.05299880543484265,0.0,0.0,"{'I': 0, 'W': 1, 'R': 0, 'C': 'costly'}",False,True,True,1.0,3
6453,1,0.0025676995688914826,0.4479300719018031,0.006070474846570309,2.140476940513011,1.0002792941933767,1.3453333286905065,0.0016741282693572002,0.9999999999887939,0.0,0.0,0.050000000000000044,0.0016734563087189088,0.010987996307215928,0.07905275423120563,0.0,0.0,"{'I': 1, 'W': 0, 'R': 1, 'C': 'free'}",False,True,True,1.0,3
6453,2,0.006841069071486621,0.47694867333984264,0.03715014013307514,2.207724489002091,1.0010622786062524,1.373219224040484,0.00635004145276874,1.0,0.0,0.0,0.0,0.029311961186331295,0.2443315302038653,0.04730979725131569,0.0,0.0,"{'I': 0, 'W': 1, 'R': 0, 'C': 'costly'}",False,True,True,1.0,3
6467,1,0.04737129456883252,0.23579033998414264,0.22891000906844472,1.5568632740515882,1.0111095996058845,1.2007763417898814,0.05374359596694378,0.9998936117005981,0.0,0.0,0.050000000000000044,0.011203491316394086,0.008553403250325185,0.059204812132158106,0.0,0.0,"{'I': 1, 'W': 0, 'R': 1, 'C': 'free'}",False,True,True,1.0,3
6467,2,0.021440062664292475,0.47100837338883444,0.1405203599078405,2.414334822436147,1.0043017429691625,1.3461550345945446,0.033757204619704106,0.9999999999999625,0.05,0.050000000000000044,0.050000000000000044,0.19831886183168507,0.22232036439189445,0.16413534293543544,0.050000000000000044,0.15000000000000002,"{'I': 1, 'W': 0, 'R': 1, 'C': 'free'}",False,True,True,1.0,3
6467,3,0.0006845540949860851,0.24482309256733573,0.002197385616143014,1.2588880006940222,1.000066416369181,1.118996104622073,0.000398405597674345,0.9928953495811892,0.05,0.0,0.0,0.017887968380103283,0.014036605217438923,0.007560966790045851,0.0,0.0,"{'I': 1, 'W': 0, 'R': 1, 'C': 'free'}",False,True,True,1.0,3
6467,4,0.017816506523644075,0.2376977134308551,0.060985196869365835,1.5001292763254412,1.0030223171280752,1.1806472164443715,0.014975530066003828,0.9999910548078839,0.0,0.0,0.0,0.010967779892094735,0.042049713110502755,0.06754545439244952,0.0,0.0,"{'I': 0, 'W': 1, 'R': 0, 'C': 'costly'}",False,True,True,1.0,3
648,1,0.3576710152647481,0.35665901916048426,0.9282711298107645,1.6683799867394753,1.1344686254926868,1.3026238135149917,0.716811832467859,0.9999997809732158,0.1,0.15000000000000002,0.050000000000000044,0.7019917767160923,0.6743912137566552,0.3171063666148297,0.25,0.0,"{'I': 1, 'W': 0, 'R': 1, 'C': 'free'}",False,True,True,1.0,3
648,2,0.2323877578902059,0.4331193445182844,1.0429130467980967,2.1156196968855254,1.0869745729776241,1.3239482590140987,0.44221824410981503,0.9999999999918766,0.05,0.050000000000000044,0.050000000000000044,0.005217968513970731,0.06745662062502808,0.24508910216193427,0.050000000000000044,0.050000000000000044,"{'I': 1, 'W': 0, 'R': 1, 'C': 'free'}",False,True,True,0.3333333333333333,3
648,3,0.23374851758527604,0.49915515935824856,1.2728071092130107,2.861672442797156,1.1973690620101913,1.450642474719597,0.9727454290515353,1.0,0.2,0.050000000000000044,0.7,0.26884000994314017,0.43765214510008454,0.6509872763592376,0.15000000000000002,0.75,"{'I': 1, 'W': 0, 'R': 1, 'C': 'free'}",False,True,True,1.0,3
648,4,0.0018363999818960842,0.5251217976383389,0.014792084647810533,2.0496969741896205,1.0002321156516174,1.4066785477025465,0.0023181959932229157,1.0,0.1,0.050000000000000044,0.050000000000000044,0.10669287670481756,0.2221753621807096,0.06745135508545218,0.050000000000000044,0.050000000000000044,"{'I': 1, 'W': 0, 'R': 1, 'C': 'free'}",False,True,True,1.0,3
648,5,0.378097114717745,0.594946426120116,1.1419619492272783,2.692393444527829,1.1708477015923264,1.548177420596313,0.8236012453302961,1.0,0.2,0.15000000000000002,0.5,0.4373282790586554,0.8167727427803617,0.6504311880299516,0.5,0.75,"{'I': 1, 'W': 0, 'R': 1, 'C': 'free'}",False,True,True,0.0,3
648,6,0.4612540079552631,0.4758652838407141,2.0905217601258586,2.1735191354251118,1.3625223537026503,1.3729471177782135,0.9999999999547582,1.0,0.2,0.35,0.9,0.6214692833246264,0.7529440585114163,0.46699089533083815,0.75,0.050000000000000044,"{'I': 1, 'W': 0, 'R': 1, 'C': 'free'}",False,True,True,0.3333333333333333,3
648,7,0.06995109201008586,0.5010701647992356,0.36274313374755934,2.65716813146345,1.0164241366083997,1.3758681601751401,0.13637486342594107,1.0,0.2,0.050000000000000044,0.8,0.622248520434748,0.893177144436415,0.9324082335715397,0.15000000000000002,0.9,"{'I': 1, 'W': 0, 'R': 1, 'C': 'free'}",False,True,True,0.3333333333333333,3
6490,1,0.20107926188438036,0.4692381667101923,0.9507975394818725,2.5792740404817107,1.0931789176318454,1.3745863455805318,0.831664757626035,1.0,0.05,0.050000000000000044,0.050000000000000044,0.06699051464849701,0.09455717090809528,0.1428377632790573,0.050000000000000044,0.050000000000000044,"{'I': 1, 'W': 0, 'R': 1, 'C': 'free'}",False,True,True,1.0,3
6490,2,0.07053844061804465,0.4619133518527796,0.7276421510200607,1.96090860743326,1.0819360868085124,1.283120083210257,0.6407646087487382,0.9999999999334921,0.2,0.050000000000000044,0.050000000000000044,0.09535532333068435,0.24320681145880035,0.18190921691900644,0.050000000000000044,0.050000000000000044,"{'I': 1, 'W': 0, 'R': 1, 'C': 'free'}",False,True,True,1.0,3
6490,3,0.13301576736974932,0.508615610232933,1.1070450411215293,2.1401813776376315,1.141586227743088,1.3595138312757051,0.843368931886862,1.0,0.2,0.050000000000000044,0.7,0.4358203522476002,0.6487173619857397,0.4671334075993565,0.5,0.75,"{'I': 1, 'W': 0, 'R': 1, 'C': 'free'}",False,True,True,1.0,3
6490,4,0.1489795526736052,0.5018418387678981,0.7894931449235559,1.9142494512213624,1.0708007611282955,1.3610278299864897,0.6874261878895473,0.9999999999999974,0.15,0.050000000000000044,0.050000000000000044,0.017924327644785902,0.08492394724894733,0.22223374764038153,0.050000000000000044,0.050000000000000044,"{'I': 1, 'W': 0, 'R': 1, 'C': 'free'}",False,True,True,1.0,3
6490,5,0.0870998499645571,0.5742891484933124,0.3968148017366198,2.539375931608599,1.026352113832323,1.4644534120675758,0.26811402199108525,1.0,0.2,0.15000000000000002,0.050000000000000044,0.08498631410118959,0.3197121721899936,0.1327078651988662,0.15000000000000002,0.050000000000000044,"{'I': 1, 'W': 0, 'R': 1, 'C': 'free'}",False,True,True,1.0,3
6490,6,0.2241829536513599,0.6384270682390457,1.008391457308371,2.404091573817058,1.1186915783951916,1.5312228239187877,0.7088036383174481,1.0,,0.9,0.7,0.9523251842919267,0.9039573163443362,0.43622820522575645,0.75,0.75,"{'I': 1, 'W': 0, 'R': 1, 'C': 'free'}",True,False,True,0.0,3
6490,7,0.5380264711626123,0.5409873100115972,2.4264100397596415,2.352690372093067,1.4680876627645616,1.4426774992807252,1.0,1.0,0.1,0.8,0.7,0.4684428691447477,0.8166774484852585,0.776887686455215,0.75,0.75,"{'I': 1, 'W': 0, 'R': 1, 'C': 'free'}",False,True,True,1.0,3
6494,1,0.000617062753716958,0.2287795288121934,0.004225588218200198,1.264005756008194,1.0000668252858844,1.1344223632299915,0.0006012266693404822,0.9995442376328049,0.0,0.0,0.0,0.0018072425548514384,0.00667470082062456,0.16976945806996846,0.0,0.0,"{'I': 1, 'W': 0, 'R': 1, 'C': 'free'}",False,True,True,1.0,3
6494,2,0.0332984387893183,0.5627798732435613,0.279865847354233,1.9774502338371043,1.0092186617975338,1.454977493493966,0.07926946438885507,0.9999999999622255,0.0,0.050000000000000044,0.050000000000000044,0.5271502836534724,0.8502346486921117,0.46870562479189953,1.0,0.15000000000000002,"{'I': 1, 'W': 0, 'R': 1, 'C': 'free'}",True,False,True,0.0,3
6494,3,0.01926422355250256,0.5608385476880487,0.13504174766364244,2.3024846243387036,1.0038160182519187,1.4291696090856147,0.03737134791022234,1.0,0.2,0.35,0.7,0.7535000605130852,0.8499232963262175,0.8507418558273133,0.5,0.75,"{'I': 1, 'W': 0, 'R': 1, 'C': 'free'}",False,True,True,1.0,3
6494,4,0.013640314752769122,0.6470848295445722,0.0982284025373789,2.174370414412171,1.0025475763349565,1.552896478279518,0.020148935734184747,1.0,0.2,0.050000000000000044,0.050000000000000044,0.09622082938876392,0.34712819943731116,0.2018023639567867,0.050000000000000044,0.15000000000000002,"{'I': 1, 'W': 0, 'R': 1, 'C': 'free'}",False,True,True,0.6666666666666666,3
6494,5,0.277015699151258,0.4573929516210455,1.0142903046930063,2.0603402245436655,1.2011117191242116,1.3997402504329857,0.8078017801994397,0.9999999999999988,0.15,0.050000000000000044,0.050000000000000044,0.346735987607862,0.24455704090961553,0.07559062870055212,0.050000000000000044,0.050000000000000044,"{'I': 1, 'W': 0, 'R': 1, 'C': 'free'}",False,True,True,1.0,3
6494,6,0.06199754548138831,0.3988902466503772,0.3350598168586509,2.0782742994124983,1.0120176732255342,1.3849238763550766,0.10193632836598798,0.9999999999981734,0.05,0.0,0.0,0.4653973971040093,0.2678099272621329,0.14755016610535665,0.050000000000000044,0.050000000000000044,"{'I': 1, 'W': 0, 'R': 1, 'C': 'free'}",False,True,True,0.0,3
6494,7,0.07090651853230914,0.552615165699595,0.538438506075651,2.2218656596419724,1.0198349580086974,1.41919595624867,0.1783231463538758,1.0,0.2,0.050000000000000044,0.15000000000000002,0.16427698389739168,0.4371289898484212,0.4992739933892975,0.15000000000000002,0.75,"{'I': 1, 'W': 0, 'R': 1, 'C': 'free'}",False,True,True,0.6666666666666666,3
6505,1,0.01863938606638222,0.309264131326003,0.11420152592930918,2.0378821612545246,1.0032378567865943,1.234982574722754,0.028674490771145922,0.9999999999996579,0.1,0.15000000000000002,0.050000000000000044,0.16450380023439728,0.11921050863083461,0.241828855431256,0.050000000000000044,0.050000000000000044,"{'I': 1, 'W': 0, 'R': 1, 'C': 'free'}",False,True,True,1.0,3
6505,2,0.04956145536652902,0.39772876596215173,0.2299825122321188,1.8115936843287523,1.0121356866056488,1.2965079967923563,0.09199111611088162,0.9999999999999987,0.1,0.050000000000000044,0.050000000000000044,0.14777786453443945,0.4064801539693701,0.22222994491118722,0.050000000000000044,0.050000000000000044,"{'I': 1, 'W': 0, 'R': 1, 'C': 'free'}",False,True,True,0.3333333333333333,3
6505,3,0.1566838583442981,0.6979025541588202,0.6442731815645558,2.381560814694226,1.0692707613488113,1.6949021973046612,0.45271848816666305,1.0,0.2,0.050000000000000044,0.050000000000000044,0.6498333611039071,0.8163053812096737,0.4657821190258824,0.15000000000000002,0.75,"{'I': 1, 'W': 0, 'R': 1, 'C': 'free'}",False,True,True,0.3333333333333333,3
6505,4,0.10082843991212255,0.5743454611880519,0.5354442006758862,2.3717361656828158,1.0345630707791145,1.4823153210721287,0.3118655380308394,1.0,0.2,0.050000000000000044,0.15000000000000002,0.16421851534399867,0.37649706294336466,0.22221982247440036,0.050000000000000044,0.15000000000000002,"{'I': 1, 'W': 0, 'R': 1, 'C': 'free'}",False,True,True,0.6666666666666666,3
6505,5,0.0022753819773818863,0.5066787980754595,0.010008834568657376,2.325360243102252,1.000262849867198,1.438081434742556,0.002100313873349635,1.0,0.1,0.0,0.050000000000000044,0.037303348823028055,0.1822733775332443,0.5568204433116727,0.050000000000000044,0.050000000000000044,"{'I': 1, 'W': 0, 'R': 1, 'C': 'free'}",False,True,True,1.0,3
6505,6,0.0007434461320206916,0.34263364455953077,0.003405909173786883,2.3615047931645905,1.0000712513546968,1.2520547862790181,0.0005698281177733966,1.0,0.0,0.0,0.0,0.00669181296431817,0.02296570973443525,0.05998203613654218,0.0,0.050000000000000044,"{'I': 0, 'W': 1, 'R': 0, 'C': 'costly'}",False,True,True,1.0,3
6518,1,0.0016811481018550658,0.37797252419048777,0.014168117289655996,2.1389990880070253,1.0002137420862056,1.269682672154713,0.0023481504841089684,0.9999999992504113,0.05,0.050000000000000044,0.050000000000000044,0.012261394553560604,0.025903469113170232,0.05340646238203875,0.0,0.0,"{'I': 1, 'W': 0, 'R': 1, 'C': 'free'}",False,True,True,1.0,3
6518,2,0.016691424992542628,0.48407775757197785,0.07146973349417238,1.9183991598431247,1.0027048231231828,1.435570216811443,0.0240174238638432,1.0,0.15,0.4,0.15000000000000002,0.16538781766569371,0.31884221233209004,0.18242944322170399,0.050000000000000044,0.15000000000000002,"{'I': 1, 'W': 0, 'R': 1, 'C': 'free'}",False,True,True,1.0,3
6518,3,0.10567374078572844,0.4026806103498105,0.6785336176859549,2.180080642827836,1.095980592801098,1.3255724274387166,0.6670602621678665,1.0,0.2,0.35,0.050000000000000044,0.7756725737636275,0.7533689883256421,0.49762512671302644,0.5,0.75,"{'I': 1, 'W': 0, 'R': 1, 'C': 'free'}",False,True,True,0.6666666666666666,3
6518,4,0.04688785992882599,0.5293796062086319,0.1467870797707861,2.3658464287984065,1.009560583878751,1.448908791035081,0.07329627035459874,1.0,0.15,0.050000000000000044,0.15000000000000002,0.0473829007272621,0.14770671466836902,0.4355236393043852,0.050000000000000044,0.15000000000000002,"{'I': 1, 'W': 0, 'R': 1, 'C': 'free'}",False,True,True,1.0,3
6518,5,0.0013002923868138455,0.3583002248007656,0.004743898903340484,1.9441396322743758,1.0001290597913284,1.2828911335177797,0.0010318789570252784,0.9999999999750311,0.0,0.0,0.0,0.0008026894287200256,0.004065632938736079,0.009706169181574478,0.0,0.0,"{'I': 0, 'W': 1, 'R': 0, 'C': 'costly'}",False,True,True,1.0,3
6519,1,0.05411571535313336,0.4199100560458302,0.24818946451287008,2.014920795444226,1.0137665208996909,1.2876321871729421,0.16284337615093114,1.0,0.2,0.15000000000000002,0.09999999999999998,0.7262032622959791,0.4365035294879363,0.6471539327595083,0.75,0.050000000000000044,"{'I': 1, 'W': 0, 'R': 1, 'C': 'free'}",False,True,True,1.0,3
6519,2,0.07484918495529012,0.5223912570881285,0.3530212932127165,2.2251254652755077,1.016110595973602,1.4165486180382973,0.1058443222274944,1.0,0.3,0.050000000000000044,0.15000000000000002,0.24507304560565232,0.5278450780415194,0.5288248153690926,0.35,0.15000000000000002,"{'I': 1, 'W': 0, 'R': 1, 'C': 'free'}",False,True,True,1.0,3
6519,3,0.06925265292211083,0.36090196593336327,0.3970402504409006,1.6733156478722915,1.0188099680197558,1.2211875237420389,0.15440709367754724,0.9999999985933067,0.2,0.35,0.7,0.4365658092298105,0.7274711051864062,0.6458061467030772,0.7,0.75,"{'I': 1, 'W': 0, 'R': 1, 'C': 'free'}",False,True,True,1.0,3
6519,4,0.03761659928945327,0.4715451688174861,0.25298444389977875,2.613675794648805,1.0084096321097082,1.3989291623669675,0.09560911571041097,1.0,0.3,0.7,0.5,0.5917004130160053,0.7526903003337864,0.5919904707025188,0.65,0.65,"{'I': 1, 'W': 0, 'R': 1, 'C': 'free'}",False,True,True,0.0,3
6519,5,0.14054033997609433,0.4937585131364175,0.687691034571997,2.4478672168057027,1.0789366651269825,1.3816526115876362,0.4952963639194755,1.0,0.15,0.050000000000000044,0.050000000000000044,0.022928708586178324,0.08495504874867785,0.24456047696658395,0.050000000000000044,0.050000000000000044,"{'I': 1, 'W': 0, 'R': 1, 'C': 'free'}",False,True,True,0.6666666666666666,3
6519,6,0.15210474608139338,0.47594702177363063,0.6484755706940294,2.2760261450380153,1.076708099235128,1.3165783675806007,0.4039068371431853,0.9999999999999973,0.15,0.050000000000000044,0.050000000000000044,0.047384390358302164,0.10669033921417838,0.29605729691295346,0.050000000000000044,0.050000000000000044,"{'I': 1, 'W': 0, 'R': 1, 'C': 'free'}",False,True,True,1.0,3
6519,7,0.2640370851372815,0.6579070032779661,1.086741042346793,2.426577422346156,1.11131627353125,1.5017074799380599,0.6132227384199782,0.999999999997785,0.2,0.050000000000000044,0.050000000000000044,0.5916578597761495,0.40637504787000706,0.4977060513496564,0.15000000000000002,0.050000000000000044,"{'I': 1, 'W': 0, 'R': 1, 'C': 'free'}",False,True,True,0.3333333333333333,3
6524,1,0.05173709076187716,0.3458873708689538,0.146392574287049,1.8685353442919101,1.0102202097505053,1.3163039996305914,0.06870422469736326,0.999999999354981,0.05,0.050000000000000044,0.050000000000000044,0.009796342790471944,0.05307583151751102,0.06876962260575366,0.0,0.0,"{'I': 1, 'W': 0, 'R': 1, 'C': 'free'}",False,True,True,1.0,3
6524,2,0.001065999604004866,0.46845845286497173,0.003934171004798811,1.441505175933746,1.000106748880807,1.4440909447202313,0.0009602273383528814,0.9999999049745287,0.05,0.050000000000000044,0.050000000000000044,0.0007043674381335648,0.005903155170398745,0.002193505220381322,0.0,0.0,"{'I': 1, 'W': 0, 'R': 1, 'C': 'free'}",False,True,True,1.0,3
6524,3,0.030696323531364447,0.24151352172989887,0.20914551019038927,1.4621583861051424,1.0079575414275794,1.2212314579433425,0.05397126027892851,0.9999977189693817,0.05,0.0,0.0,0.0016879649791529906,0.010946407020359693,0.0019195072762432403,0.0,0.0,"{'I': 1, 'W': 0, 'R': 1, 'C': 'free'}",False,True,True,1.0,3
6524,4,0.15454307859149286,0.35725887741072504,0.5610580823026516,2.2574643447256273,1.0627861204601055,1.2283715013097258,0.2624853872352787,0.9999999994874835,0.05,0.0,0.050000000000000044,0.005907104987511974,0.05327786392355092,0.09535633725947122,0.0,0.0,"{'I': 1, 'W': 0, 'R': 1, 'C': 'free'}",False,True,True,0.6666666666666666,3
6524,5,0.07996116525501275,0.5917454810453422,0.4726709215856809,2.2662286734847563,1.0311458657120263,1.514220372262778,0.16808420331282414,1.0,0.2,0.050000000000000044,0.050000000000000044,0.14795675414372292,0.32005367786575867,0.3478206056021651,0.050000000000000044,0.050000000000000044,"{'I': 1, 'W': 0, 'R': 1, 'C': 'free'}",False,True,True,1.0,3
6524,6,0.0022683059169711457,0.19519076869622787,0.013835687815687768,1.2895084794196163,1.000253599727099,1.1154518407605094,0.00202648451101628,0.9999820147057041,0.0,0.0,0.0,0.0019205274545478288,0.003590435638736353,0.014048884123950396,0.0,0.0,"{'I': 0, 'W': 1, 'R': 0, 'C': 'costly'}",False,True,True,1.0,3
6527,1,0.003435602999204977,0.302597785030743,0.014001624105505168,1.5004756339876557,1.0004448954199319,1.268518050828411,0.003552048363972493,0.9999889906741595,0.05,0.0,0.050000000000000044,0.006592553732349453,0.007564868112642452,0.08358802394598207,0.0,0.050000000000000044,"{'I': 1, 'W': 0, 'R': 1, 'C': 'free'}",False,True,True,1.0,3
6527,2,0.001808765515825576,0.2495185987921864,0.01557295750556183,1.2325520277016553,1.0002406274807547,1.1196753425467625,0.0024030932832010965,0.9977662949397655,0.05,0.0,0.0,0.0014903834650511674,0.005897417953646469,0.003171843522389115,0.0,0.0,"{'I': 1, 'W': 0, 'R': 1, 'C': 'free'}",False,True,True,1.0,3
6527,3,0.0097614590954637,0.4232867217883434,0.03993897662414509,2.559458610277587,1.0014324791293083,1.349387436417051,0.007131718286186084,1.0,0.05,0.0,0.050000000000000044,0.11906619820836062,0.08501295575617511,0.3768079099472223,0.050000000000000044,0.050000000000000044,"{'I': 0, 'W': 1, 'R': 0, 'C': 'costly'}",False,True,True,1.0,3
6528,1,0.012910312931187787,0.40831943573311463,0.06798404828982911,2.136568411501558,1.0020306391858722,1.2965625248783386,0.016097666864814286,1.0,0.05,0.050000000000000044,0.050000000000000044,0.1500494634421253,0.1474853355476577,0.2656025004768541,0.050000000000000044,0.050000000000000044,"{'I': 1, 'W': 0, 'R': 1, 'C': 'free'}",False,True,True,1.0,3
6528,2,0.023293956133604268,0.22443770583869474,0.1757724728132575,1.9035392054239215,1.0055483540700623,1.1824058554818078,0.043298787779493364,0.9999999900990445,0.0,0.0,0.0,0.00857597036171281,0.02030535464188542,0.10790203381543774,0.0,0.0,"{'I': 0, 'W': 1, 'R': 0, 'C': 'costly'}",False,True,True,1.0,3
6586,1,0.09235156958459446,0.3558606422873527,0.6663504237082093,1.8338546939502336,1.0361754512675578,1.2556322684199845,0.323553098207664,0.9999999999999996,0.2,0.15000000000000002,0.09999999999999998,0.5581943748688477,0.5297064489652064,0.6871700401493749,0.15000000000000002,0.050000000000000044,"{'I': 1, 'W': 0, 'R': 1, 'C': 'free'}",False,True,True,1.0,3
6586,2,0.08515987798115095,0.36861812819155365,0.701147969082273,1.7336172323246888,1.0491967463794176,1.2577466268863526,0.41037795410057964,0.999999999930578,0.15,0.050000000000000044,0.050000000000000044,0.18349294942527397,0.4055712589440144,0.2620379973077166,0.050000000000000044,0.15000000000000002,"{'I': 1, 'W': 0, 'R': 1, 'C': 'free'}",False,True,True,1.0,3
6586,3,0.01307707332100565,0.37943340706311574,0.11965803104167147,2.1658806186633894,1.00251087420615,1.2644041920055615,0.027208007803537604,1.0,0.05,0.0,0.050000000000000044,0.18217223144471414,0.16434630958246993,0.4374342865514314,0.050000000000000044,0.050000000000000044,"{'I': 0, 'W': 1, 'R': 0, 'C': 'costly'}",False,True,True,0.0,3
6592,1,0.005649499342463886,0.5442340592274043,0.04464318541696396,2.147126904330474,1.0008765126246912,1.425738228860465,0.008723018883433742,0.9999999999999998,0.05,0.0,0.050000000000000044,0.003980361786587826,0.025810935028641385,0.10669351613596598,0.0,0.050000000000000044,"{'I': 1, 'W': 0, 'R': 1, 'C': 'free'}",False,True,True,1.0,3
6592,2,0.025906725930429333,0.2584228770245241,0.17892391544617875,1.7013613366812372,1.006254821272568,1.2083439001964533,0.04270854906409627,0.9999945070639941,0.0,0.0,0.0,0.0024538972411695843,0.007547698850270479,0.001324438104914207,0.0,0.0,"{'I': 1, 'W': 0, 'R': 1, 'C': 'free'}",False,True,True,1.0,3
6592,3,0.00021929462243166687,0.21488129776328777,0.0006085401956536956,1.7288602470223764,1.0000176428241714,1.147446477687101,0.0001411313883368237,0.9999981563179197,0.0,0.0,0.0,0.0014987314043503688,0.0014998812696372598,0.032961578129340655,0.0,0.0,"{'I': 0, 'W': 1, 'R': 0, 'C': 'costly'}",False,True,True,1.0,3
6596,1,0.06985656492139172,0.4108104598100677,0.3938163923818899,2.0720761263226404,1.017788874579188,1.4307136166429608,0.13156282570246547,0.9999999999984934,0.0,0.050000000000000044,0.050000000000000044,0.142846194874076,0.1989817311245479,0.5169346646110551,0.0,0.050000000000000044,"{'I': 1, 'W': 0, 'R': 1, 'C': 'free'}",False,True,True,1.0,3
6596,2,0.020452401030486646,0.25823540125842864,0.09043107629562477,1.9995252896759095,1.0037786816142145,1.181052588530506,0.022375238465319858,0.99999999999677,0.05,0.050000000000000044,0.050000000000000044,0.033090259092996926,0.10632043800498303,0.1329883492962423,0.0,0.050000000000000044,"{'I': 1, 'W': 0, 'R': 1, 'C': 'free'}",False,True,True,1.0,3
6596,3,0.07979266564215357,0.34438474675341824,0.5476239284715996,1.9007324507717034,1.0309931415240963,1.2396171227321209,0.19237534905002784,0.9999995466376205,0.05,0.0,0.050000000000000044,0.22269191068230026,0.20116328240802406,0.04225056298387793,0.050000000000000044,0.0,"{'I': 1, 'W': 0, 'R': 1, 'C': 'free'}",False,False,True,1.0,3
6596,4,0.0740112535977612,0.5944161431750002,0.401351952911498,2.2485073439855934,1.021731967805139,1.5776660466143735,0.1759241931237987,1.0,0.2,0.050000000000000044,0.15000000000000002,0.2941966248419179,0.6205080014543752,0.6201877425566492,0.050000000000000044,0.15000000000000002,"{'I': 1, 'W': 0, 'R': 1, 'C': 'free'}",False,False,True,0.0,3
6596,5,0.011973931404076021,0.5306480068575112,0.045311126421927604,2.1178983086925225,1.0017896420297991,1.4898692274127674,0.02122795699589708,1.0,0.2,0.15000000000000002,0.050000000000000044,0.22222180025121246,0.4059044230346537,0.2933875037726992,0.15000000000000002,0.050000000000000044,"{'I': 1, 'W': 0, 'R': 1, 'C': 'free'}",False,True,True,0.6666666666666666,3
6596,6,0.025653843240240108,0.6585253952948718,0.08444817935817053,2.509140362804403,1.004449923655999,1.6051587096295659,0.034896969670897726,1.0,0.2,0.050000000000000044,0.9,0.5910635769609015,0.8508671720658393,0.7529206918159776,0.050000000000000044,0.75,"{'I': 1, 'W': 0, 'R': 1, 'C': 'free'}",False,True,True,0.0,3
6596,7,0.06811618612352086,0.7046541896818224,0.32001503881675486,2.5918171438334157,1.0178296450201063,1.663094435976263,0.1318410773976202,1.0,0.2,0.9,0.7,0.8666424488290321,0.9147417010344424,0.6777363632438426,0.75,0.75,"{'I': 1, 'W': 0, 'R': 1, 'C': 'free'}",False,True,True,0.0,3
6626,1,0.11180043497556787,0.3561222171326221,0.631025794529092,1.2903645415611682,1.0675848865944877,1.265796195362755,0.3245619881429176,0.9999845509400161,0.05,0.0,0.050000000000000044,0.0021243181032165395,0.004570104149789959,0.21853824221471777,0.0,0.0,"{'I': 1, 'W': 0, 'R': 1, 'C': 'free'}",False,True,True,1.0,3
6626,2,0.00404020348365272,0.5114817511929187,0.012527150385998902,1.9443328711817498,1.0004799408622551,1.371255710358202,0.0028748141498589064,1.0,0.1,0.050000000000000044,0.15000000000000002,0.16414541819185768,0.2679177223524215,0.18176781628664399,0.050000000000000044,0.15000000000000002,"{'I': 1, 'W': 0, 'R': 1, 'C': 'free'}",False,True,True,1.0,3
6626,3,0.001708035122082226,0.27173025936558937,0.007328833906800199,1.7765560634212625,1.0001929103485276,1.1570383483644107,0.0015419439307573501,0.9999976982934137,0.05,0.0,0.050000000000000044,0.08486796920545576,0.16389143611428875,0.08511646444207564,0.050000000000000044,0.0,"{'I': 1, 'W': 0, 'R': 1, 'C': 'free'}",False,True,True,1.0,3
6626,4,0.0007387691643707806,0.3018446559528514,0.001616896943234313,2.072382369998955,1.0000650872311985,1.2118429085273599,0.000390434439328069,0.9999996244801365,0.0,0.0,0.0,0.04806655693293922,0.18174201524501848,0.14806732842505932,0.0,0.0,"{'I': 0, 'W': 1, 'R': 0, 'C': 'costly'}",False,True,True,1.0,3
6665,1,0.02656167475822546,0.21184155004061173,0.32305816585737385,1.302552786533495,1.0067573247300476,1.1279806730800335,0.08382671135195952,0.9997538580904582,0.0,0.0,0.0,0.0074718443517186916,0.01582877711492084,0.12482979640453759,0.0,0.0,"{'I': 1, 'W': 0, 'R': 1, 'C': 'free'}",False,True,True,1.0,3
6665,2,0.04075895491598664,0.41548675693358933,0.31958875630248,2.03292060728295,1.0102051142338861,1.3144807480921201,0.1325067176516641,1.0,0.1,0.050000000000000044,0.15000000000000002,0.3480736486447073,0.4681596292837273,0.4366677650442724,0.5,0.35,"{'I': 1, 'W': 0, 'R': 1, 'C': 'free'}",False,True,True,0.6666666666666666,3
6665,3,0.003939900918847996,0.3410775393833156,0.03840552441716829,1.8414025104606189,1.0005438782304723,1.2651456686706473,0.009200827448820448,0.9999999999999584,0.1,0.050000000000000044,0.050000000000000044,0.2444947700618374,0.43725775037151793,0.5913618464864029,0.050000000000000044,0.050000000000000044,"{'I': 1, 'W': 0, 'R': 1, 'C': 'free'}",False,True,True,0.3333333333333333,3
6665,4,0.06698201820449602,0.3745899886807337,0.7254266117234305,2.2640100442890616,1.0414423393316041,1.3036143235640103,0.43362146763086307,1.0,,0.050000000000000044,0.35,0.2450236713529463,0.5925522672247568,0.6512436362945941,0.050000000000000044,0.15000000000000002,"{'I': 1, 'W': 0, 'R': 1, 'C': 'free'}",False,True,True,0.3333333333333333,3
6665,5,0.09726583667886528,0.38907675261704333,0.512624196152576,2.160554616931175,1.027547238446091,1.303784402191235,0.3347681199654099,1.0,0.2,0.15000000000000002,0.5,0.29404193031520426,0.5300767698517395,0.8159638346943942,0.5,0.75,"{'I': 1, 'W': 0, 'R': 1, 'C': 'free'}",False,True,True,0.0,3
6665,6,0.08226711110725468,0.4403036062149822,1.0169673740267071,2.400275084695561,1.0605610145365825,1.3871194328945866,0.5860335746728683,1.0,,0.9,0.7,0.531097168392881,0.7309281817203358,0.8175319942218492,0.75,0.75,"{'I': 1, 'W': 0, 'R': 1, 'C': 'free'}",False,True,True,0.0,3
6665,7,0.2415194069026906,0.5202102261479719,1.478652274503118,2.900808535514288,1.0980729322015967,1.3874932338326857,0.7301245414751845,1.0,,0.050000000000000044,0.7,0.406861303957545,0.5918625843973424,0.7768205507594684,0.15000000000000002,0.75,"{'I': 1, 'W': 0, 'R': 1, 'C': 'free'}",False,True,True,0.0,3
6669,1,0.1291662517155549,0.32372305135527935,0.8361031929536357,1.837877915086251,1.0560295579963048,1.1762809100357818,0.45101157946164405,0.9993285668171975,0.05,0.0,0.050000000000000044,0.010757058918340313,0.03684975310061883,0.268892332720004,0.0,0.0,"{'I': 1, 'W': 0, 'R': 1, 'C': 'free'}",False,True,True,1.0,3
6669,2,0.015611077165281621,0.2557717023518025,0.16206165616625373,2.0654114882634103,1.0035755560700563,1.2043084073512966,0.038500244868391986,0.9999992689730014,0.0,0.0,0.0,0.0017213329946823023,0.007532379044621341,0.0421008665571144,0.0,0.0,"{'I': 0, 'W': 1, 'R': 0, 'C': 'costly'}",False,True,True,1.0,3
6696,1,0.0010462242254288229,0.28694338147777415,0.004194338489317778,1.8244471528912438,1.0001062053961656,1.1590464513032788,0.0010614338478743823,0.9999992980289435,0.05,0.0,0.050000000000000044,0.00397248360815561,0.007576913112575536,0.1171590617240955,0.0,0.0,"{'I': 1, 'W': 0, 'R': 1, 'C': 'free'}",False,True,True,1.0,3
6696,2,0.0024206741040114586,0.3661866369388121,0.014106660796569031,1.9753194226194588,1.0003056664971592,1.3976804107505547,0.002441971849210023,1.0,0.05,0.050000000000000044,0.050000000000000044,0.007528395334838686,0.04182751775587808,0.053693557308706306,0.050000000000000044,0.050000000000000044,"{'I': 1, 'W': 0, 'R': 1, 'C': 'free'}",False,True,True,1.0,3
6696,3,0.0005192108303493069,0.22657381411791136,0.001789643020143913,1.5648492404142298,1.0000480875049849,1.1717094698752415,0.00048074789186058897,0.9999821587966373,0.05,0.0,0.050000000000000044,0.007647841325164543,0.015883268316647693,0.020298024367575905,0.0,0.0,"{'I': 1, 'W': 0, 'R': 1, 'C': 'free'}",False,True,True,1.0,3
6696,4,0.04181929084517419,0.27280077032503625,0.24782066923544396,1.8003426588005065,1.011778816739137,1.1425168844425988,0.06784849515192592,0.999922061240554,0.0,0.0,0.0,0.0019292733070661653,0.0013243271373962922,0.008604571698212177,0.0,0.0,"{'I': 0, 'W': 1, 'R': 0, 'C': 'costly'}",False,True,True,1.0,3
670,1,0.03181484242050198,0.40025251318604876,0.3941465148691867,1.5285108096008684,1.0100991936631747,1.3260571293106154,0.14851773006809899,0.9999999999617871,0.1,0.050000000000000044,0.050000000000000044,0.1961854929598072,0.29125527436364196,0.4283157036196432,0.050000000000000044,0.050000000000000044,"{'I': 1, 'W': 0, 'R': 1, 'C': 'free'}",False,True,True,1.0,3
670,2,0.018852279645595132,0.4853120243453707,0.2212116934037493,2.6924252112478726,1.0037055321009043,1.3708619871172005,0.0504637480535054,1.0,0.2,0.050000000000000044,0.5,0.18241717329999238,0.6206920673495531,0.9196612804109364,0.35,0.75,"{'I': 1, 'W': 0, 'R': 1, 'C': 'free'}",False,True,True,0.6666666666666666,3
670,3,0.022784031148805048,0.515860522548118,0.2609411557313619,2.566749084404246,1.0050419103741302,1.4008308637627753,0.07266336760601189,1.0,0.2,0.15000000000000002,0.7,0.16441289950489843,0.37667474454133776,0.7037838983649882,0.15000000000000002,0.75,"{'I': 1, 'W': 0, 'R': 1, 'C': 'free'}",False,True,True,0.6666666666666666,3
670,4,0.452693154267559,0.5046366068284989,2.7605514820751624,2.7387505507283305,1.3312364494124955,1.4479276075365957,0.9999999999999326,1.0,0.3,0.7,0.7,0.7055562619090617,0.7768091932260274,0.9045590546035941,0.65,0.85,"{'I': 1, 'W': 0, 'R': 1, 'C': 'free'}",False,True,True,0.3333333333333333,3
670,5,0.4230395258596669,0.41132493213683485,1.0499953879786463,2.432591380784632,1.248760490202776,1.293571902225807,0.9304575149920362,1.0,0.4,0.35,0.8,0.6788306297786724,0.8929279873840427,0.7980529875127795,0.9,0.75,"{'I': 1, 'W': 0, 'R': 1, 'C': 'free'}",False,True,True,0.0,3
670,6,0.013375783655375855,0.5629401914593885,0.06816213716460322,2.638589458543818,1.0022572952871651,1.4407858952052708,0.015659357038192323,1.0,0.2,0.050000000000000044,0.15000000000000002,0.07575561303167529,0.3760170117680532,0.40553017236046524,0.050000000000000044,0.35,"{'I': 1, 'W': 0, 'R': 1, 'C': 'free'}",False,True,True,1.0,3
670,7,0.07132390407988445,0.4711068254487708,0.5722063549906604,2.562574990951628,1.0203083354028228,1.382729476908204,0.2603462209361589,1.0,0.2,0.9,0.7,0.5924123468629136,0.7978536921457041,0.7305416429533494,0.15000000000000002,0.55,"{'I': 1, 'W': 0, 'R': 1, 'C': 'free'}",False,True,True,0.0,3
6700,1,0.0020773999214358787,0.234367371333833,0.012745173855556069,1.2844107837211982,1.0002426110971545,1.1480683017550344,0.0019387715245076098,0.9991257292204924,0.0,0.0,0.050000000000000044,0.0024357480660297847,0.002806087156891103,0.16449092277226568,0.0,0.0,"{'I': 1, 'W': 0, 'R': 1, 'C': 'free'}",False,True,True,1.0,3
6700,2,0.0011508259290819024,0.32311642745136,0.003428519892934901,1.898363205784692,1.0001156090169143,1.2186139797054023,0.001039879962077217,0.9999996368899218,0.05,0.0,0.050000000000000044,0.009665880302604393,0.03308440993107822,0.02590911865765863,0.0,0.0,"{'I': 1, 'W': 0, 'R': 1, 'C': 'free'}",False,True,True,1.0,3
6700,3,0.007260897932705508,0.2988003610494511,0.05632632613599324,1.8580080118565998,1.0012572516574652,1.1926169772953836,0.010001346373159636,0.9999996250986017,0.0,0.0,0.0,0.003592193959550855,0.0014997071688354112,0.00402211715452103,0.0,0.0,"{'I': 0, 'W': 1, 'R': 0, 'C': 'costly'}",False,True,True,1.0,3
6709,1,0.22010191156741463,0.5135234722861856,0.8942735815030224,2.391186854670345,1.156936434497236,1.3996306220006565,0.639559558737544,1.0,0.1,0.050000000000000044,0.09999999999999998,0.0851089224458272,0.1814556929137832,0.22171496477070946,0.050000000000000044,0.050000000000000044,"{'I': 1, 'W': 0, 'R': 1, 'C': 'free'}",False,True,True,1.0,3
6709,2,0.01209664002557225,0.524673105717716,0.04996129600558602,2.3343946710222534,1.0018160607261934,1.372177437880895,0.014410470220293847,1.0,0.05,0.050000000000000044,0.050000000000000044,0.01792515984917176,0.08510976492120927,0.24469752338170503,0.050000000000000044,0.050000000000000044,"{'I': 1, 'W': 0, 'R': 1, 'C': 'free'}",False,True,True,1.0,3
6709,3,0.07017821591814485,0.3270344330274705,0.5304277835753222,1.8280812303605896,1.0159737084735374,1.222856835245589,0.13292278137805347,0.9999999989992823,0.05,0.050000000000000044,0.050000000000000044,0.2685116510604716,0.2932709216248334,0.16414271504783615,0.15000000000000002,0.0,"{'I': 1, 'W': 0, 'R': 1, 'C': 'free'}",False,True,True,0.6666666666666666,3
6709,4,0.031247432613362835,0.4743979554797307,0.2116263706107394,2.0178568434613577,1.007112013025176,1.4219955348894497,0.06841553744578444,1.0,0.1,0.050000000000000044,0.050000000000000044,0.34633301821126977,0.49881105892423006,0.3486144010067696,0.050000000000000044,0.15000000000000002,"{'I': 1, 'W': 0, 'R': 1, 'C': 'free'}",False,True,True,0.0,3
6709,5,0.20123534090797712,0.540864306918709,0.9328871168471555,2.5280159077476347,1.0554123423824537,1.4138047377333625,0.3845390796196513,1.0,0.05,0.15000000000000002,0.09999999999999998,0.40679843942300276,0.5304171120026773,0.4067106968976471,0.15000000000000002,0.050000000000000044,"{'I': 1, 'W': 0, 'R': 1, 'C': 'free'}",False,True,True,0.6666666666666666,3
6709,6,0.5375321449211832,0.5706454924969766,2.262576378853005,2.460749296071211,1.4415209451151414,1.4831857900642753,0.999999999999803,1.0,0.2,0.9,0.15000000000000002,0.4676515137078342,0.678260305363167,0.6500348246814317,0.35,0.050000000000000044,"{'I': 1, 'W': 0, 'R': 1, 'C': 'free'}",False,True,True,0.6666666666666666,3
6709,7,0.0771769884638815,0.4946042908162005,0.733370664686764,2.254530589827896,1.0459651835474457,1.3900038004619244,0.3619896655765926,1.0,0.2,0.09999999999999998,0.15000000000000002,0.3763422918308103,0.5906507919733279,0.4666823264772677,0.15000000000000002,0.25,"{'I': 1, 'W': 0, 'R': 1, 'C': 'free'}",False,True,True,0.6666666666666666,3
6779,1,0.15592880594189393,0.39315923112947637,0.6057605970624433,2.444788573606753,1.048435657060515,1.2789650090958549,0.2470791856375042,0.9999999999999986,0.05,0.050000000000000044,0.050000000000000044,0.04138607639923794,0.10838334225373228,0.11557533170193758,0.050000000000000044,0.050000000000000044,"{'I': 1, 'W': 0, 'R': 1, 'C': 'free'}",False,True,True,1.0,3
6779,2,0.0033141385698373916,0.2985717787226333,0.021595334505401628,2.1508189999534775,1.0003972459172679,1.2484903593441017,0.0031722938969108716,0.9999999696642361,0.0,0.0,0.0,0.1344251854967315,0.1181455988552984,0.2941996860989316,0.0,0.050000000000000044,"{'I': 0, 'W': 1, 'R': 0, 'C': 'costly'}",False,True,True,1.0,3
6781,1,0.250608301451444,0.29812457733728753,1.45469241678167,1.5439549620156998,1.2408455606488211,1.22830673782203,0.7792117886935797,0.9999997995585951,0.05,0.050000000000000044,0.050000000000000044,0.09622374889437883,0.1182629451600431,0.14999656362235522,0.050000000000000044,0.050000000000000044,"{'I': 1, 'W': 0, 'R': 1, 'C': 'free'}",False,True,True,1.0,3
6781,2,0.020234772277009833,0.5249000735800147,0.12256931271694335,2.3178266427802905,1.0037445421781452,1.4526021576986523,0.05098026371100639,1.0,0.2,0.4,0.15000000000000002,0.7303408054306701,0.6489616391976316,0.77487600414719,0.8,0.35,"{'I': 1, 'W': 0, 'R': 1, 'C': 'free'}",False,True,True,0.6666666666666666,3
6781,3,0.2047904712774861,0.47749817677250633,0.692093659515894,2.061908858472748,1.0625138198220916,1.3986760732768069,0.4546766111354412,1.0,0.2,0.35,0.050000000000000044,0.6787955851810406,0.5906378694551284,0.22202356517544455,0.5,0.15000000000000002,"{'I': 1, 'W': 0, 'R': 1, 'C': 'free'}",False,True,True,1.0,3
6781,4,0.045080993018851476,0.4494080955765183,0.3744968187839092,2.571412069507375,1.0128427481028124,1.371475550428081,0.10849908403352415,0.9999999999999998,0.05,0.050000000000000044,0.050000000000000044,0.13288396065615155,0.20140878285125255,0.22227533179241293,0.050000000000000044,0.050000000000000044,"{'I': 1, 'W': 0, 'R': 1, 'C': 'free'}",False,True,True,1.0,3
6781,5,0.23524713320527207,0.5024339845557473,1.1549774111521092,2.788721098681763,1.1932402415310905,1.4627183460113997,0.829108254143109,1.0,,0.15000000000000002,0.050000000000000044,0.3205313765972138,0.4992900819923991,0.621389688862315,0.15000000000000002,0.75,"{'I': 1, 'W': 0, 'R': 1, 'C': 'free'}",False,True,True,1.0,3
6781,6,0.19689256086051854,0.3922537402214617,1.055524188605825,1.8367061321203455,1.209966244451136,1.2669692361674478,0.9306295620948609,0.9999999999999895,0.2,0.050000000000000044,0.050000000000000044,0.5305898536890384,0.561160062840803,0.3775108434290211,0.35,0.050000000000000044,"{'I': 1, 'W': 0, 'R': 1, 'C': 'free'}",False,True,True,0.3333333333333333,3
6781,7,0.07942639894231712,0.3800385704520386,0.37954632004303657,1.9084137485397992,1.0159440975255063,1.223569912985857,0.17289192248472174,0.9999999999888725,0.2,0.050000000000000044,0.050000000000000044,0.3205380156570963,0.4678855568950444,0.4354746496673442,0.15000000000000002,0.050000000000000044,"{'I': 1, 'W': 0, 'R': 1, 'C': 'free'}",False,True,True,0.3333333333333333,3
6798,1,0.16371903045922856,0.3844082022218808,0.6744809140627568,2.5602149453983225,1.0986409951368852,1.3058125918178973,0.4823819682666126,0.9999999999999974,0.05,0.050000000000000044,0.09999999999999998,0.1329652348442461,0.14700938900470595,0.20110193468839974,0.050000000000000044,0.050000000000000044,"{'I': 1, 'W': 0, 'R': 1, 'C': 'free'}",False,True,True,1.0,3
6798,2,0.032091453005828864,0.43351873945165736,0.23391842620374279,2.0072444438584465,1.0077074134250745,1.3069710403575918,0.05957455442927817,0.9999999985419021,0.05,0.050000000000000044,0.050000000000000044,0.022925256253738098,0.16450874914656083,0.060096309051402376,0.0,0.050000000000000044,"{'I': 1, 'W': 0, 'R': 1, 'C': 'free'}",False,True,True,1.0,3
6798,3,0.004709709641325178,0.5145586046472816,0.007645449503492465,2.398335895066127,1.0005032999379107,1.4462854239006069,0.002512704484849526,1.0,0.05,0.050000000000000044,0.050000000000000044,0.2223793555231326,0.34808987176636824,0.2009951377602678,0.15000000000000002,0.050000000000000044,"{'I': 1, 'W': 0, 'R': 1, 'C': 'free'}",False,True,True,0.6666666666666666,3
6798,4,0.11707528868793922,0.3743635462622714,0.6580903476459969,2.1314293816074663,1.1936076016846031,1.3109306363924764,0.654195576903065,1.0,0.0,0.0,0.0,0.02925877490079355,0.0532678398119743,0.06755856173408431,0.0,0.0,"{'I': 0, 'W': 1, 'R': 0, 'C': 'costly'}",False,True,True,0.3333333333333333,3
6800,1,0.024485032338303726,0.3778752127024099,0.11258957175802874,1.8565151251594465,1.0044784275274226,1.2481106219283362,0.03079487721839458,0.9999999999597591,0.05,0.0,0.050000000000000044,0.0027338093997790022,0.0052060746689680006,0.11586474652144436,0.0,0.050000000000000044,"{'I': 1, 'W': 0, 'R': 1, 'C': 'free'}",False,True,True,1.0,3
6800,2,0.0063905117204718425,0.5368342425524518,0.019966958164136347,1.9616300175737003,1.0008440834562533,1.440949720847317,0.005888685251454473,0.9999999999999999,0.1,0.050000000000000044,0.050000000000000044,0.04208812909430302,0.08489367623787954,0.04209647335910836,0.050000000000000044,0.0,"{'I': 1, 'W': 0, 'R': 1, 'C': 'free'}",False,True,True,1.0,3
6800,3,0.12826942910950645,0.4531312214628588,0.8120980121639281,2.122550128666327,1.045845485237105,1.3669294471003657,0.3319756911760384,1.0,0.05,0.050000000000000044,0.050000000000000044,0.4061127149841579,0.3476020683381192,0.5285604384726221,0.15000000000000002,0.050000000000000044,"{'I': 0, 'W': 1, 'R': 0, 'C': 'costly'}",False,True,True,0.3333333333333333,3
6819,1,0.0025354178264873923,0.32302316030654626,0.012577808978449569,1.6509193096223904,1.0003245968747136,1.278499999172407,0.002916636169122633,0.9999996037620436,0.0,0.0,0.050000000000000044,0.0027530758704242693,0.007576461501730528,0.02254778097842857,0.0,0.0,"{'I': 1, 'W': 0, 'R': 1, 'C': 'free'}",False,True,True,1.0,3
6819,2,0.007793695882756229,0.3351051544944819,0.06705256308333456,1.5251673020300038,1.0014241007606017,1.2586569854748495,0.012726118530434039,0.9999999987169539,0.05,0.050000000000000044,0.050000000000000044,0.006090129643232644,0.04743249532711962,0.025961999976162435,0.050000000000000044,0.050000000000000044,"{'I': 1, 'W': 0, 'R': 1, 'C': 'free'}",False,True,True,1.0,3
6819,3,0.10518450412156218,0.34845556162549013,0.6495760126745581,2.135800265825743,1.0653409984631756,1.2145224934538406,0.3579342330723192,0.9999999999995249,0.05,0.050000000000000044,0.050000000000000044,0.07586512931495018,0.0849878499799223,0.060097026843131375,0.050000000000000044,0.050000000000000044,"{'I': 1, 'W': 0, 'R': 1, 'C': 'free'}",False,True,True,1.0,3
6819,4,0.003809305462164938,0.37571975656641277,0.01622887820210374,2.0540061268649255,1.0004478205771672,1.2707193447866507,0.003575355823272064,1.0,0.05,0.0,0.050000000000000044,0.16408830651085943,0.16417865847887494,0.5299044631721224,0.050000000000000044,0.15000000000000002,"{'I': 0, 'W': 1, 'R': 0, 'C': 'costly'}",False,True,True,1.0,3
6837,1,0.2735102783218037,0.3450705667735788,1.1509369434244068,1.282614135028059,1.2898114103569593,1.2002708358686334,0.9391568571810986,0.999991564171159,0.0,0.0,0.0,0.16450622177723873,0.08509889627344706,0.05775965782956054,0.050000000000000044,0.0,"{'I': 1, 'W': 0, 'R': 1, 'C': 'free'}",False,True,True,1.0,3
6837,2,0.04616752351931577,0.34296183704777694,0.37067166467575147,2.0439554865191867,1.013217044693622,1.2130220725216734,0.15692217091990046,0.999998366724457,0.05,0.050000000000000044,0.15000000000000002,0.10804984889269811,0.2918316708038645,0.07586374668164231,0.050000000000000044,0.050000000000000044,"{'I': 1, 'W': 0, 'R': 1, 'C': 'free'}",False,True,True,0.3333333333333333,3
6837,3,0.09858552745176125,0.4754696229207378,0.594116924634141,2.453746714237494,1.0295818723142225,1.3896246637715397,0.27434492236990216,1.0,0.2,0.9,0.7,0.59255527016028,0.9045451121670006,0.8171329734476889,0.7,0.75,"{'I': 1, 'W': 0, 'R': 1, 'C': 'free'}",False,True,True,1.0,3
6837,4,0.06566678836089405,0.559986536309251,0.40575922791643954,2.26251110032267,1.0206915723463987,1.4412580285154564,0.15112495049771013,1.0,0.2,0.050000000000000044,0.050000000000000044,0.06743842450112304,0.2676507090301174,0.1824355880030743,0.050000000000000044,0.15000000000000002,"{'I': 1, 'W': 0, 'R': 1, 'C': 'free'}",False,True,True,1.0,3
6837,5,0.006481207085107092,0.3484835967013911,0.017841300442131572,2.1432137077930147,1.0008350034135887,1.2638917604648865,0.004995411178307263,0.9999999999999883,0.05,0.0,0.050000000000000044,0.0024721841778579967,0.03727478856603172,0.02592314987941305,0.050000000000000044,0.050000000000000044,"{'I': 1, 'W': 0, 'R': 1, 'C': 'free'}",False,True,True,1.0,3
6837,6,0.003438541213334985,0.18773233819891647,0.01935985948623119,1.4176066649700334,1.0004677242934643,1.152191240952736,0.0032679531908614834,0.9999999366676818,0.0,0.0,0.0,0.0016952660540213793,0.003170811458308593,0.005213669671501513,0.0,0.0,"{'I': 0, 'W': 1, 'R': 0, 'C': 'costly'}",False,True,True,1.0,3
6849,1,0.09042891699696086,0.5584486396661957,0.9079982404454567,2.7012631519874684,1.0431786872343995,1.5047115159740945,0.39786269699492205,1.0,0.3,0.7,0.6,0.7280064256832347,0.7970693654507224,0.6482887391867653,0.85,0.9,"{'I': 1, 'W': 0, 'R': 1, 'C': 'free'}",False,True,True,1.0,3
6849,2,0.10231265103688571,0.5212050755092547,0.7879484099011028,2.713031850872137,1.130291948658997,1.4715701100523937,0.7400420965796918,1.0,0.2,0.35,0.5,0.20160336399844575,0.5615240833921334,0.7977753229009766,0.5,0.75,"{'I': 1, 'W': 0, 'R': 1, 'C': 'free'}",False,True,True,1.0,3
6849,3,0.007687644040770135,0.5318800007382334,0.030096568338890028,2.477050952339157,1.0010467921748822,1.4547864998784719,0.009372008420451494,1.0,0.4,0.7,0.7,0.5293645719580733,0.8499821396660636,0.7749172516160887,0.65,0.75,"{'I': 1, 'W': 0, 'R': 1, 'C': 'free'}",False,True,True,0.6666666666666666,3
6849,4,0.3501877576641209,0.5617144388053602,1.1416445865163105,2.125777376888043,1.2576032205069532,1.4521706777842345,0.8989436538728167,1.0,0.4,0.7,0.4,0.6217905210292601,0.8796558966111833,0.7517330234801294,0.65,0.65,"{'I': 1, 'W': 0, 'R': 1, 'C': 'free'}",False,True,True,0.6666666666666666,3
6849,5,0.13339102472543335,0.5458685339782742,0.7125580925095366,2.7819553363379446,1.0558892409158407,1.493314193045726,0.31660554966857735,1.0,0.4,0.35,0.55,0.37645968556874826,0.8157348984690945,0.8504290363689301,0.85,0.75,"{'I': 1, 'W': 0, 'R': 1, 'C': 'free'}",False,True,True,1.0,3
6849,6,0.1397831901307499,0.5515992501129644,0.7081650419366403,2.7111803461559414,1.04678808759756,1.4504553197545567,0.3952811438931896,1.0,0.4,0.85,0.7,0.9240947192705987,0.8669055260604384,0.7055559222775196,0.75,0.75,"{'I': 1, 'W': 0, 'R': 1, 'C': 'free'}",False,True,True,0.0,3
6849,7,0.10269299240298997,0.5977218285822303,0.703630322305679,2.4273633050090684,1.0848501537729351,1.5475246477561424,0.5571032930721138,1.0,0.5,0.8,0.7,0.9237729901405557,0.9574011305337454,0.9136530033260165,0.85,0.75,"{'I': 1, 'W': 0, 'R': 1, 'C': 'free'}",False,True,True,0.6666666666666666,3
687,1,0.009010032409119385,0.29024430217519925,0.058362060832698584,1.4992928349634214,1.0014364133211549,1.175887141202685,0.01283535906068134,0.9999024654575192,0.05,0.0,0.050000000000000044,0.00398315481696853,0.007575491849151787,0.145582869801777,0.0,0.0,"{'I': 1, 'W': 0, 'R': 1, 'C': 'free'}",False,True,True,1.0,3
687,2,0.0003477044112397622,0.2316537136151788,0.0014182337800554543,1.2872384622403872,1.0000316372673734,1.1323120558944406,0.00031631763028250326,0.9998331328661674,0.05,0.050000000000000044,0.050000000000000044,0.0014812067147587805,0.005908962797171385,0.0019257633690855757,0.0,0.0,"{'I': 1, 'W': 0, 'R': 1, 'C': 'free'}",False,True,True,1.0,3
687,3,0.07612748972423054,0.2912480445532401,0.4228884127409308,1.5921395455405083,1.0200083131831439,1.1831439731151632,0.1120720393323894,0.9999995576875476,0.0,0.0,0.0,0.016368401142413596,0.014047436214450303,0.03288809078182485,0.0,0.0,"{'I': 0, 'W': 1, 'R': 0, 'C': 'costly'}",False,True,True,1.0,3
6875,1,0.028998628704764714,0.403972457611148,0.1565670730540464,1.6433889319221753,1.006243055825734,1.2813673330917092,0.036653281597134324,0.99999992174011,0.05,0.0,0.050000000000000044,0.005062717182892889,0.022899399736235858,0.18031583795332132,0.0,0.0,"{'I': 1, 'W': 0, 'R': 1, 'C': 'free'}",False,True,True,1.0,3
6875,2,0.4070038927822252,0.27853673237242443,0.7402786964430587,1.662710995189328,1.2488528025769792,1.1634735026666123,0.6708121965390603,0.999619230496531,0.0,0.0,0.0,0.03829790743635742,0.0059035063130784635,0.004656655818186618,0.0,0.0,"{'I': 0, 'W': 1, 'R': 0, 'C': 'costly'}",False,True,True,1.0,3
690,1,0.20884171053328215,0.4497509794232707,0.7935491586182534,2.1417763661714107,1.147460357009504,1.3722401435628309,0.779765472414449,1.0,0.2,0.35,0.09999999999999998,0.6500036303548544,0.5591604263668045,0.7746549003045047,0.25,0.050000000000000044,"{'I': 1, 'W': 0, 'R': 1, 'C': 'free'}",False,True,True,1.0,3
690,2,0.2431558918977373,0.5658145282741717,1.0849175562134432,2.1249270127781332,1.0693367148261874,1.4154638606966061,0.4530222053510853,1.0,0.15,0.050000000000000044,0.15000000000000002,0.3486015620554997,0.7011834624229032,0.4658960704564181,0.15000000000000002,0.25,"{'I': 1, 'W': 0, 'R': 1, 'C': 'free'}",False,True,True,0.3333333333333333,3
690,3,0.03161453418627204,0.51196719701583,0.29392994947165635,1.9670395536340097,1.0092086909478208,1.3524383865057639,0.08758969539193362,1.0,0.1,0.050000000000000044,0.050000000000000044,0.10669334546266333,0.22126415180977943,0.79416485291384,0.15000000000000002,0.15000000000000002,"{'I': 1, 'W': 0, 'R': 1, 'C': 'free'}",False,True,True,1.0,3
690,4,0.07554893739210793,0.47857744013347375,0.503907708699533,1.8523522198805435,1.0303410501489576,1.4274030975636132,0.1887905920070182,1.0,0.2,0.25,0.15000000000000002,0.2683144113991181,0.347923221018813,0.5591849434407618,0.25,0.15000000000000002,"{'I': 1, 'W': 0, 'R': 1, 'C': 'free'}",False,True,True,1.0,3
690,5,0.1723947403823673,0.37429384483942646,1.0579644993575414,2.014246558693169,1.0673827085052183,1.2706627947768248,0.4064754382341751,1.0,0.05,0.050000000000000044,0.050000000000000044,0.18242036165408712,0.31980862154826656,0.2931359020266415,0.050000000000000044,0.050000000000000044,"{'I': 1, 'W': 0, 'R': 1, 'C': 'free'}",False,True,True,0.3333333333333333,3
690,6,0.20205775961011072,0.44929890498952363,0.8474073663682036,1.8396114322918176,1.0951376168688658,1.3931023374617704,0.5166625731951958,1.0,0.05,0.050000000000000044,0.050000000000000044,0.09527253595078952,0.24424641770302466,0.22269254745977762,0.050000000000000044,0.050000000000000044,"{'I': 1, 'W': 0, 'R': 1, 'C': 'free'}",False,True,True,1.0,3
690,7,0.17873725094241008,0.38611447630953644,0.569966818532155,1.890251014870006,1.0632030530713883,1.2698774227459209,0.42395811274343087,1.0,0.05,0.050000000000000044,0.050000000000000044,0.2018048812698135,0.2936278354210601,0.1645168516430903,0.050000000000000044,0.050000000000000044,"{'I': 1, 'W': 0, 'R': 1, 'C': 'free'}",False,True,True,0.0,3
6906,1,0.04443923218104063,0.41455579949533994,0.5842098525192023,2.131285136095956,1.0199452981572195,1.4177484001347713,0.31286942231388115,1.0,0.05,0.0,0.050000000000000044,0.0027684735041459876,0.025931818537375806,0.14734200643798173,0.0,0.050000000000000044,"{'I': 1, 'W': 0, 'R': 1, 'C': 'free'}",False,True,True,1.0,3
6906,2,0.003972293288630669,0.2092487674979412,0.019320957465248596,1.2217639182351077,1.0004789180103233,1.1136879350583317,0.0028686975950099614,0.9999501394993096,0.05,0.0,0.0,0.00590733010304013,0.009700335246408322,0.006701682794880202,0.0,0.0,"{'I': 1, 'W': 0, 'R': 1, 'C': 'free'}",False,True,True,1.0,3
6906,3,0.0049545447352100985,0.44267167667347895,0.0339076111600191,1.80559475117809,1.0007166914161467,1.3031586297645505,0.009270413588949866,1.0,0.05,0.0,0.050000000000000044,0.20180492119228927,0.24473077911895297,0.2931625087160709,0.050000000000000044,0.050000000000000044,"{'I': 1, 'W': 0, 'R': 1, 'C': 'free'}",False,True,True,1.0,3
6906,4,0.0011729960542647756,0.23291864133376525,0.004638223658653974,1.6979673229194596,1.000125071911327,1.17139177615821,0.0007501030748519044,0.9999657737826406,0.0,0.0,0.0,0.0024718294426727674,0.002468255656728916,0.0035915853626411406,0.0,0.0,"{'I': 0, 'W': 1, 'R': 0, 'C': 'costly'}",False,True,True,1.0,3
6913,1,0.0016639990277824,0.18006067595424682,0.0059519662378964685,1.3261934907105737,1.000181058898042,1.098295780354938,0.0016280558566040826,0.997522784225084,0.05,0.0,0.0,0.0027338299784580053,0.0066658508375294565,0.020330740593864503,0.0,0.0,"{'I': 1, 'W': 0, 'R': 1, 'C': 'free'}",False,True,True,1.0,3
6913,2,0.004425305014729481,0.23419041650126035,0.02604200054199065,1.5395576486126727,1.0006233910073505,1.126547019058381,0.008068828961877439,0.9999356860980727,0.05,0.0,0.0,0.02297734853487576,0.025904653586026886,0.04196427965273419,0.0,0.0,"{'I': 1, 'W': 0, 'R': 1, 'C': 'free'}",False,True,True,1.0,3
6913,3,0.11862642993632184,0.36630153572786683,0.6992218548398872,2.131497392192716,1.0829610551202493,1.2873487521787699,0.7420225554721966,0.9999999999191,0.1,0.050000000000000044,0.050000000000000044,0.32055505729087597,0.37661304290821923,0.1474746907587513,0.15000000000000002,0.0,"{'I': 1, 'W': 0, 'R': 1, 'C': 'free'}",False,True,True,1.0,3
6913,4,0.0035937230272348854,0.4134794000240336,0.05155984950493641,2.241486396366907,1.000603393851904,1.3222406733119563,0.009007366663574157,1.0,0.2,0.050000000000000044,0.050000000000000044,0.047372919517811224,0.22227339975921565,0.2687089652505128,0.050000000000000044,0.15000000000000002,"{'I': 1, 'W': 0, 'R': 1, 'C': 'free'}",False,True,True,1.0,3
6913,5,0.29800605126154184,0.25199727150864304,0.8892700946642373,2.0415929168657185,1.1077714141362516,1.1897603672462334,0.4005551550812666,1.0,0.0,0.0,0.050000000000000044,0.09534753922306786,0.09526423738155387,0.2681581144722936,0.0,0.050000000000000044,"{'I': 0, 'W': 1, 'R': 0, 'C': 'costly'}",False,True,True,1.0,3
6916,1,0.015118153925458124,0.430708896265025,0.05649830754441172,1.8733306306218627,1.0024124389823919,1.380757114464048,0.014353198791862032,0.9999999999999999,0.05,0.050000000000000044,0.050000000000000044,0.017986081600478033,0.0373250262575866,0.16449260589107823,0.0,0.050000000000000044,"{'I': 1, 'W': 0, 'R': 1, 'C': 'free'}",False,True,True,1.0,3
6916,2,0.03213722821560214,0.5775019315561204,0.17684555624325052,2.4065452674301056,1.0071144267025764,1.5226706947322666,0.04841348350357666,1.0,0.2,0.4,0.15000000000000002,0.7526414546120342,0.729559256034137,0.7298855062321675,0.75,0.15000000000000002,"{'I': 1, 'W': 0, 'R': 1, 'C': 'free'}",False,True,True,1.0,3
6916,3,0.0034226921786835464,0.40198115138442975,0.012106426352399806,2.1259048821795448,1.0004312683465049,1.2208415779330455,0.002583708726460965,0.9999996833703105,0.05,0.050000000000000044,0.050000000000000044,0.004068564658982403,0.04742589881454887,0.006134601599513418,0.050000000000000044,0.050000000000000044,"{'I': 1, 'W': 0, 'R': 1, 'C': 'free'}",False,True,True,1.0,3
6916,4,0.05890667496788654,0.3233019777985712,0.289785242725153,2.166845568192286,1.0165681686637296,1.2008921221580366,0.07887733964140264,0.9999999766860213,0.0,0.0,0.0,0.023521693719582442,0.012430897060912547,0.03308606058388153,0.0,0.0,"{'I': 0, 'W': 1, 'R': 0, 'C': 'costly'}",False,True,True,1.0,3
6948,1,0.0022168371135035756,0.20336785316090267,0.008380792271255287,1.5090233834524645,1.000242623605497,1.1748251983273845,0.001696718183477386,0.9969733451805868,0.0,0.0,0.050000000000000044,0.001144422593523421,0.008578229682174275,0.2620248173889302,0.0,0.050000000000000044,"{'I': 1, 'W': 0, 'R': 1, 'C': 'free'}",False,True,True,1.0,3
6948,2,0.000981569777806056,0.3475123084210434,0.004778674586270162,1.3036010302485697,1.000103234306584,1.1900949667204082,0.0008254909210659855,0.9999414631473791,0.05,0.0,0.0,0.0005486160891023337,0.0046024831089886845,0.001317187156636493,0.0,0.0,"{'I': 1, 'W': 0, 'R': 1, 'C': 'free'}",False,True,True,1.0,3
6948,3,0.058462105261631994,0.40323388128101917,0.22763879586085187,1.9639521153616029,1.0145597489220128,1.2732347710104595,0.06972391144140322,0.999999926510946,0.0,0.0,0.0,0.005211651300375645,0.005900536537345086,0.008563155682584056,0.0,0.0,"{'I': 0, 'W': 1, 'R': 0, 'C': 'costly'}",False,True,True,1.0,3
6951,1,0.0027978696956099127,0.3780595716658065,0.011469131263319441,1.600735557263333,1.000327829163712,1.3109830324870615,0.0022917978881896728,0.9999999867871576,0.05,0.0,0.050000000000000044,0.010888807081765692,0.02579928691069096,0.11493683547736246,0.0,0.0,"{'I': 1, 'W': 0, 'R': 1, 'C': 'free'}",False,True,True,1.0,3
6951,2,0.0029359078038488783,0.3648172655269104,0.011775368247865414,1.6477767036923197,1.000336998722436,1.2566800632492547,0.002355814361330699,0.9999999817832276,0.0,0.0,0.0,0.020330848806636066,0.02930957388561781,0.0474281809415679,0.0,0.0,"{'I': 0, 'W': 1, 'R': 0, 'C': 'costly'}",False,True,True,1.0,3
6952,1,0.41971171521415773,0.4236858811149707,1.1377640045418547,2.3801030764103013,1.239799811644029,1.3365740191974362,0.8834574974333407,1.0,0.1,0.050000000000000044,0.050000000000000044,0.4368198287469946,0.2682956643870851,0.5290925863504671,0.050000000000000044,0.050000000000000044,"{'I': 1, 'W': 0, 'R': 1, 'C': 'free'}",False,True,True,1.0,3
6952,2,0.2246465633848352,0.3032141229031333,0.6964140366510355,2.0232553966419915,1.292111093355831,1.1712389166693917,0.7851175884297297,0.9999705288297588,0.1,0.050000000000000044,0.050000000000000044,0.053408950868012464,0.11919324474208408,0.07586266582764703,0.0,0.0,"{'I': 1, 'W': 0, 'R': 1, 'C': 'free'}",False,True,True,1.0,3
6952,3,0.09799530537942784,0.294094934691741,0.7941614972953182,2.0218761449332963,1.0513840395685998,1.1927646244743149,0.3629880489055677,0.9999996289768673,0.0,0.0,0.0,0.004592503895456026,0.009700615470636253,0.020293725773819056,0.0,0.0,"{'I': 0, 'W': 1, 'R': 0, 'C': 'costly'}",False,True,True,1.0,3
6982,1,0.0017892897182224976,0.2809564311987558,0.012992992172497957,2.281815189372667,1.0002254047895704,1.1931559237848754,0.0027008986690362224,0.999999569342264,0.05,0.0,0.050000000000000044,0.0016643262752146634,0.006654662394955808,0.16449849186275314,0.0,0.0,"{'I': 1, 'W': 0, 'R': 1, 'C': 'free'}",False,True,True,1.0,3
6982,2,0.006484647158225179,0.4503645063107565,0.029006806556117364,2.2604491994687788,1.0007965030762784,1.3311576485591539,0.007930248701716103,0.9999999915844399,0.05,0.0,0.050000000000000044,0.3589633042421661,0.320778661112822,0.5508094648598892,0.0,0.25,"{'I': 1, 'W': 0, 'R': 1, 'C': 'free'}",False,True,True,1.0,3
6982,3,0.10499443291697491,0.4745697966100782,0.675202862688994,2.134289108258047,1.0585193277762899,1.3732794302977265,0.5225634097714899,1.0,0.2,0.050000000000000044,0.050000000000000044,0.5299102365085224,0.5301584835446567,0.4060683609052379,0.15000000000000002,0.15000000000000002,"{'I': 1, 'W': 0, 'R': 1, 'C': 'free'}",False,True,True,1.0,3
6982,4,0.21564509126640213,0.5236743319300986,0.9384970436799766,2.2415936381349777,1.1275808638776603,1.4153141849269124,0.733083553478441,1.0,0.15,0.050000000000000044,0.15000000000000002,0.2937027565542682,0.4980884574219209,0.37646846157680747,0.25,0.15000000000000002,"{'I': 1, 'W': 0, 'R': 1, 'C': 'free'}",False,True,True,0.3333333333333333,3
6982,5,0.0413855560971046,0.49929171517938226,0.36904103970651286,2.288314640019375,1.0116037866139018,1.4328396977115216,0.14914853383848325,1.0,0.2,0.15000000000000002,0.050000000000000044,0.34791307957388967,0.49853209584031133,0.6779034755921381,0.15000000000000002,0.75,"{'I': 1, 'W': 0, 'R': 1, 'C': 'free'}",False,True,True,0.0,3
6982,6,0.14379583992816777,0.5690927162347588,0.6979190974648974,2.224566657818222,1.0958200424737303,1.4008217384748511,0.7465388452307886,1.0,0.2,0.050000000000000044,0.050000000000000044,0.2684503374041813,0.46749854076345837,0.5291244494264691,0.25,0.050000000000000044,"{'I': 1, 'W': 0, 'R': 1, 'C': 'free'}",False,True,True,1.0,3
6982,7,0.4501793548883909,0.532890404611145,2.1573057579172157,2.3832821721157296,1.3099431747579176,1.4589725321165503,0.9999999999999999,1.0,0.2,0.050000000000000044,0.25,0.3773965075117058,0.5308661574983052,0.7307953903442796,0.15000000000000002,0.8,"{'I': 1, 'W': 0, 'R': 1, 'C': 'free'}",False,True,True,0.0,3
6986,1,0.20142549876443472,0.28293482351665805,0.9065426090706754,1.6461651439040428,1.0665246899411394,1.171949283034836,0.32052338064867447,0.999999463836073,0.0,0.0,0.050000000000000044,0.18240842182020828,0.09496169035547036,0.11032749791124545,0.0,0.0,"{'I': 1, 'W': 0, 'R': 1, 'C': 'free'}",False,True,True,1.0,3
6986,2,0.006742391771374642,0.47179848481506387,0.03072840168618858,2.6168746201340807,1.0009517629544764,1.4784751277508894,0.008525245068556675,0.9999999999938016,0.05,0.050000000000000044,0.050000000000000044,0.004574763254770016,0.041912308616723376,0.02595623662601508,0.050000000000000044,0.050000000000000044,"{'I': 1, 'W': 0, 'R': 1, 'C': 'free'}",False,True,True,1.0,3
6986,3,0.0010712484520681673,0.44256093536458285,0.0022602841704130127,1.9632404356335758,1.000103032701414,1.3360813047550304,0.0006179733392324138,1.0,0.0,0.0,0.050000000000000044,0.18213084809889857,0.29325310335210064,0.4359443042110192,0.050000000000000044,0.0,"{'I': 0, 'W': 1, 'R': 0, 'C': 'costly'}",False,True,True,0.6666666666666666,3
6996,1,0.19142529202684466,0.34297204883137833,1.3277320083433215,2.634750795972235,1.1046932824588713,1.2494608102095124,0.5491144729707622,0.9999999996679669,0.0,0.0,0.050000000000000044,0.007685063311985652,0.07547032829554112,0.20052561210781028,0.0,0.050000000000000044,"{'I': 1, 'W': 0, 'R': 1, 'C': 'free'}",False,True,True,1.0,3
6996,2,0.0012340437570916615,0.34646590406259437,0.005354964541321684,1.6346697515661572,1.0001312273938816,1.2044181153249376,0.0009181097693243823,0.9998898680499174,0.0,0.0,0.0,0.0015052611633131676,0.03295776324950369,0.13298512182647565,0.0,0.0,"{'I': 1, 'W': 0, 'R': 1, 'C': 'free'}",False,True,True,1.0,3
6996,3,0.0016975912201160365,0.45751778003622345,0.005991628297296305,1.9113609408329306,1.0001759462754112,1.3632596144236557,0.001055027858438251,0.9999958613640082,0.0,0.0,0.0,0.017982850776388927,0.025909748934815867,0.037331862066025644,0.0,0.0,"{'I': 0, 'W': 1, 'R': 0, 'C': 'costly'}",False,True,True,1.0,3
7026,1,0.0049313941916148745,0.4477630709465708,0.017557463231246538,2.102409594204889,1.0006159134272072,1.3302972914797655,0.004300791804771054,0.999999999999999,0.05,0.15000000000000002,0.050000000000000044,0.22267677061636595,0.1329635276931859,0.24018495110380156,0.25,0.050000000000000044,"{'I': 1, 'W': 0, 'R': 1, 'C': 'free'}",False,True,True,1.0,3
7026,2,0.028296961849456865,0.48727939609624227,0.1970832872922161,2.2136199093967313,1.0070883230375347,1.3955581563824244,0.0482408146450275,1.0,0.1,0.050000000000000044,0.15000000000000002,0.1329690306222226,0.34749434235685467,0.5288930478153664,0.050000000000000044,0.15000000000000002,"{'I': 1, 'W': 0, 'R': 1, 'C': 'free'}",False,True,True,1.0,3
7026,3,0.16202881845088324,0.3286852718383053,0.6592536135111712,1.637474168851503,1.0810952671401721,1.2332006344528732,0.46409442951824365,0.9999999999999855,0.2,0.0,0.050000000000000044,0.005905186242736964,0.1327460572107499,0.24506306098341457,0.050000000000000044,0.050000000000000044,"{'I': 1, 'W': 0, 'R': 1, 'C': 'free'}",False,True,True,1.0,3
7026,4,0.05302276758292395,0.22311346140910898,0.4200537235030663,1.4042587746191184,1.0202900800552268,1.1707438166302593,0.14844895421574533,0.9999999999999618,0.0,0.0,0.0,0.00048772068611808436,0.0013234172467064926,0.037262254055362265,0.0,0.0,"{'I': 0, 'W': 1, 'R': 0, 'C': 'costly'}",False,True,True,1.0,3
7039,1,0.003973361458433671,0.19898525669505618,0.019334170635966392,1.20162259352634,1.000529537453453,1.1358629694711146,0.004753243096497828,0.9989710383871351,0.05,0.0,0.050000000000000044,0.003533495533756751,0.010871391458709186,0.14194398717858628,0.0,0.0,"{'I': 1, 'W': 0, 'R': 1, 'C': 'free'}",False,True,True,1.0,3
7039,2,0.0019988195799412055,0.37159162371948784,0.014012974663886717,1.8212089581068238,1.0002614647347123,1.3272159643024606,0.0020892589240538717,0.9999999999994921,0.05,0.0,0.050000000000000044,0.0027583912030386274,0.017961559875861528,0.08432117538437614,0.0,0.0,"{'I': 1, 'W': 0, 'R': 1, 'C': 'free'}",False,True,True,1.0,3
7039,3,0.032050957095542516,0.24782062748707256,0.14695103722263586,2.304573511197323,1.007071248513965,1.1810366380348627,0.034618406737828566,1.0,0.0,0.0,0.0,0.003589197125230871,0.0031705714343490538,0.037299813026581884,0.0,0.0,"{'I': 0, 'W': 1, 'R': 0, 'C': 'costly'}",False,True,True,1.0,3
7042,1,0.002493597269983466,0.2874644670785993,0.007419052649083632,1.9053791447660582,1.0002802916609428,1.2101161905653064,0.0022395076450406615,0.99981259473839,0.0,0.0,0.0,0.0030654287271114555,0.010943209516779323,0.2017767600702415,0.0,0.0,"{'I': 1, 'W': 0, 'R': 1, 'C': 'free'}",False,True,True,1.0,3
7042,2,0.0007304470029488055,0.2022486007779666,0.002696942273285887,1.7812881569646146,1.0000712654792485,1.1198677598713294,0.0004987161796181638,0.9956348779369699,0.05,0.0,0.0,0.002795165093393463,0.012412842305694486,0.003590508744075858,0.0,0.0,"{'I': 1, 'W': 0, 'R': 1, 'C': 'free'}",False,True,True,1.0,3
7042,3,0.0008604169080207003,0.2265426472919923,0.005211877749957992,1.8195360555239826,1.0000898939933727,1.1746549941934297,0.0008086824183295427,0.9999994002356112,0.05,0.0,0.050000000000000044,0.0535643870708627,0.06754594751507176,0.025903770583828454,0.0,0.0,"{'I': 1, 'W': 0, 'R': 1, 'C': 'free'}",False,True,True,1.0,3
7042,4,0.040018875586720126,0.1599371071714063,0.1501158641443576,1.7551830291363995,1.008415724742119,1.0737950397073568,0.041036772844688985,0.9996031314170835,0.0,0.0,0.0,0.008576240296438095,0.003168597814256893,0.01588415503654171,0.0,0.0,"{'I': 0, 'W': 1, 'R': 0, 'C': 'costly'}",False,True,True,1.0,3
7050,1,0.2057254664430135,0.33149708885406953,0.772185772301654,1.9498846335039253,1.1431628947593888,1.308966587747498,0.82437172069334,0.9999999970878413,0.05,0.050000000000000044,0.050000000000000044,0.09534393185851475,0.06755876736449787,0.13825956937585848,0.050000000000000044,0.050000000000000044,"{'I': 1, 'W': 0, 'R': 1, 'C': 'free'}",False,True,True,1.0,3
7050,2,0.22465958109924716,0.39556944756672185,1.0679113055239908,1.709970636772752,1.189436036143227,1.3546670722024459,0.8516635139424797,0.9999999999999998,0.1,0.050000000000000044,0.050000000000000044,0.22269541989078045,0.18091638198470075,0.09534825474829028,0.050000000000000044,0.050000000000000044,"{'I': 1, 'W': 0, 'R': 1, 'C': 'free'}",False,True,True,1.0,3
7050,3,0.2653708680070089,0.40926685024284487,1.2410983238304367,1.8101235769229698,1.380972519700202,1.2985568848181097,0.9921073207852277,0.9999999999979416,0.15,0.050000000000000044,0.050000000000000044,0.1824192475191944,0.26728811581822304,0.32079976279118955,0.050000000000000044,0.050000000000000044,"{'I': 1, 'W': 0, 'R': 1, 'C': 'free'}",False,True,True,1.0,3
7050,4,0.21452555709377855,0.4356783976273753,1.0248788096197923,2.0038332625361104,1.3656393576594332,1.3317635612446284,0.9394692885686571,0.9999999999984884,0.05,0.0,0.050000000000000044,0.02297804877701061,0.09514586321295991,0.13240551694305808,0.050000000000000044,0.050000000000000044,"{'I': 1, 'W': 0, 'R': 1, 'C': 'free'}",False,True,True,1.0,3
7050,5,0.0008623886064149653,0.27817276709969796,0.0033066635342867967,1.772234292054898,1.0000861962945589,1.258151868635229,0.000689302960459437,0.9999999999973025,0.0,0.0,0.0,0.017938008536830648,0.07566847143087192,0.1187949333562067,0.0,0.050000000000000044,"{'I': 0, 'W': 1, 'R': 0, 'C': 'costly'}",False,True,True,1.0,3
7067,1,0.35475052589436756,0.27516810737990716,0.9168683183208417,1.262078982086234,1.4917885283393129,1.1490845675322534,0.9391796159905891,0.9998187923638082,0.05,0.050000000000000044,0.0,0.003111717339093104,0.02574743572388078,0.12537035354929998,0.0,0.0,"{'I': 1, 'W': 0, 'R': 1, 'C': 'free'}",False,True,True,1.0,3
7067,2,0.21462533209212112,0.27017908762985227,1.0602261819946925,2.038323022051994,1.140640090507273,1.1782172643696962,0.601929882322193,0.9999996700180196,0.05,0.050000000000000044,0.050000000000000044,0.067551747233864,0.05967708006282537,0.033018976374692866,0.0,0.0,"{'I': 1, 'W': 0, 'R': 1, 'C': 'free'}",False,True,True,1.0,3
7067,3,0.008596072647580446,0.30602513591879593,0.04546388168866549,2.005518565957641,1.0013799604529112,1.2140083874629828,0.008239919313304589,0.9999999993395559,0.0,0.0,0.0,0.0011689217529803316,0.0075597833248085755,0.008543268646265234,0.0,0.0,"{'I': 0, 'W': 1, 'R': 0, 'C': 'costly'}",False,True,True,1.0,3
7081,1,0.07829517966608934,0.43381856596603896,0.3844517996390892,2.403805080682769,1.0208446895088104,1.4181479601492273,0.16945544587676076,1.0,0.1,0.15000000000000002,0.050000000000000044,0.20180476534877068,0.3459028890729767,0.23860898374201478,0.050000000000000044,0.050000000000000044,"{'I': 1, 'W': 0, 'R': 1, 'C': 'free'}",False,True,True,0.6666666666666666,3
7081,2,0.0076584937284816445,0.46018154734690975,0.04229611164736706,2.0466118439972165,1.0011627095454962,1.3440457361441311,0.008101245454207984,0.9999999999984657,0.05,0.050000000000000044,0.050000000000000044,0.006691552870483854,0.05304423190420066,0.008674796592832565,0.050000000000000044,0.050000000000000044,"{'I': 1, 'W': 0, 'R': 1, 'C': 'free'}",False,True,True,1.0,3
7081,3,0.018222874482420333,0.28841508789065307,0.11558687934046612,1.474133990092985,1.0034414615482152,1.2440308096991777,0.02376200298672393,0.9999998805112399,0.05,0.0,0.0,0.001932004398698379,0.01590274115376959,0.009706009677212031,0.0,0.0,"{'I': 1, 'W': 0, 'R': 1, 'C': 'free'}",False,True,True,1.0,3
7081,4,0.01944715623491886,0.3054656694733177,0.1326012892212259,1.9664238159899419,1.0043061746987034,1.190085489830758,0.029630650826274696,0.9999997341111818,0.0,0.0,0.0,0.004654548792553202,0.011065203556151643,0.008563424640975887,0.0,0.0,"{'I': 0, 'W': 1, 'R': 0, 'C': 'costly'}",False,True,True,1.0,3
7082,1,0.001643736236986734,0.235497713682621,0.00634797569710136,1.5014250842828534,1.000172080552064,1.1570448900650123,0.0013755790059041262,0.9998418797546602,0.05,0.0,0.0,0.0024200032092571424,0.005884484631438795,0.3207580034315648,0.0,0.0,"{'I': 1, 'W': 0, 'R': 1, 'C': 'free'}",False,True,True,1.0,3
7082,2,0.0009328378985717047,0.3453475252513244,0.005492720605156565,1.3914501627673916,1.000096714222345,1.2393608720168336,0.0008700072364896672,0.9999986555650163,0.05,0.0,0.050000000000000044,0.0011536482227887908,0.004616456543554433,0.0019257079602039815,0.0,0.0,"{'I': 1, 'W': 0, 'R': 1, 'C': 'free'}",False,True,True,1.0,3
7082,3,0.0012221306998568273,0.29046395102355993,0.003279090907018184,1.9665465098883201,1.0001192972535242,1.1911640836111599,0.0005962728495103597,0.9999997072861548,0.0,0.0,0.0,0.029311401687947096,0.02030523091318063,0.09534685602011794,0.0,0.050000000000000044,"{'I': 0, 'W': 1, 'R': 0, 'C': 'costly'}",False,True,True,0.3333333333333333,3
7085,1,0.03774300990954328,0.4001661171957806,0.12670127200903672,1.9231371050050867,1.0074239602616175,1.283822199435385,0.05045823950479167,0.9999999997796741,0.0,0.050000000000000044,0.050000000000000044,0.013847644937213252,0.04717106118509928,0.1155443311336045,0.0,0.0,"{'I': 1, 'W': 0, 'R': 1, 'C': 'free'}",False,True,True,1.0,3
7085,2,0.02642176604681363,0.5211307314802096,0.10257842987465275,1.9621850152973954,1.0048120454020761,1.4047122447552942,0.03767595138229196,0.9999999999999982,0.1,0.050000000000000044,0.050000000000000044,0.645684442608952,0.5606937558967039,0.201413448041703,0.050000000000000044,0.050000000000000044,"{'I': 1, 'W': 0, 'R': 1, 'C': 'free'}",False,True,True,1.0,3
7085,3,0.0139455343378721,0.46749883021300986,0.061279216342788365,2.2679168235678286,1.0022582161662448,1.3537910677365619,0.02009635350495076,0.9999999979222587,0.05,0.0,0.050000000000000044,0.006692563064940314,0.059640361433296124,0.033088345204753254,0.050000000000000044,0.0,"{'I': 1, 'W': 0, 'R': 1, 'C': 'free'}",False,True,True,1.0,3
7085,4,0.013317500734437637,0.2985849181691679,0.12181654311720135,1.7236264565100938,1.0027647727629052,1.1889584790397878,0.027231917352795287,0.9999998282099348,0.05,0.0,0.050000000000000044,0.012404994035349991,0.08459398156016401,0.08510369398337007,0.0,0.0,"{'I': 1, 'W': 0, 'R': 1, 'C': 'free'}",False,True,True,1.0,3
7085,5,0.0386645263299208,0.22820047449750855,0.17073782276448396,1.660735733897959,1.0081330872869798,1.1587001421056313,0.04743901885877322,0.9999840716612641,0.0,0.0,0.0,0.033715067562737844,0.05315163304712691,0.03732632973217238,0.0,0.0,"{'I': 0, 'W': 1, 'R': 0, 'C': 'costly'}",False,True,True,1.0,3
7094,1,0.05531095181549491,0.18377481922989516,0.5068795061468777,1.3502442526124399,1.023534340568223,1.1687038429353747,0.20754279643820284,0.9999998017298829,0.05,0.0,0.050000000000000044,0.003973167365542439,0.004595150798532167,0.058604116740150404,0.0,0.0,"{'I': 1, 'W': 0, 'R': 1, 'C': 'free'}",False,True,True,1.0,3
7094,2,0.001709281781526158,0.1961825873767299,0.0042667886438209944,1.4149378841594098,1.0001810818922214,1.125452556329949,0.0012666556058523737,0.9999729678918657,0.05,0.0,0.0,0.005909149276780082,0.006672532258301518,0.006674361528803582,0.0,0.0,"{'I': 1, 'W': 0, 'R': 1, 'C': 'free'}",False,True,True,1.0,3
7094,3,0.04966481143260153,0.3472254291974223,0.40714335541226526,1.5686730391845813,1.0136788233691207,1.245682262493171,0.12703614530856833,0.9999999999998942,0.05,0.0,0.050000000000000044,0.22236667398014626,0.2934879382617096,0.26778174305441915,0.050000000000000044,0.050000000000000044,"{'I': 1, 'W': 0, 'R': 1, 'C': 'free'}",False,True,True,1.0,3
7094,4,0.08009395527192434,0.3685583888987114,1.0240508504307055,2.203609240631505,1.039923256850515,1.299143226196964,0.4441205273888055,0.9999998484422998,0.05,0.050000000000000044,0.050000000000000044,0.1821694401111354,0.3479183186627609,0.3763323717449996,0.050000000000000044,0.15000000000000002,"{'I': 1, 'W': 0, 'R': 1, 'C': 'free'}",False,True,True,1.0,3
7094,5,0.10174712876104258,0.43125651427697737,0.684668898074214,2.2402209341984984,1.0275027017339218,1.373603282428609,0.36949364590560474,1.0,0.2,0.050000000000000044,0.050000000000000044,0.320443822322198,0.376771283332597,0.20147059349467678,0.15000000000000002,0.050000000000000044,"{'I': 1, 'W': 0, 'R': 1, 'C': 'free'}",False,True,True,1.0,3
7094,6,0.014195489106071161,0.4182383827032729,0.14960181736073114,1.6939314376364334,1.0028376418589617,1.3123421261120223,0.044325565538050116,1.0,0.2,0.050000000000000044,0.050000000000000044,0.085051963053914,0.2935726795384319,0.29348441926668883,0.050000000000000044,0.050000000000000044,"{'I': 1, 'W': 0, 'R': 1, 'C': 'free'}",False,True,True,1.0,3
7094,7,0.12401158782724112,0.40848405413787203,1.2822651459683314,2.248523663502158,1.0605683190132473,1.3094587275044014,0.6097152317671777,1.0,0.2,0.050000000000000044,0.15000000000000002,0.37718316405689745,0.468408209455964,0.5300815493995996,0.15000000000000002,0.25,"{'I': 1, 'W': 0, 'R': 1, 'C': 'free'}",False,True,True,1.0,3
7096,1,0.0006150030166730098,0.2765440713812731,0.0017542302659169903,1.5987124188413775,1.0000576783840753,1.1683799429800947,0.00040365555435617484,0.9998358311372225,0.0,0.0,0.050000000000000044,0.0013735039868256267,0.0066437013142472716,0.10281785740051035,0.0,0.0,"{'I': 1, 'W': 0, 'R': 1, 'C': 'free'}",False,True,True,1.0,3
7096,2,0.01271958243478335,0.20061843653836461,0.08480830028041664,1.6242132753685155,1.0024029985320668,1.1160927143040336,0.01666046507853325,0.9992891434435678,0.05,0.0,0.0,0.033373718687500435,0.053403829714832825,0.0051650639915692045,0.0,0.0,"{'I': 1, 'W': 0, 'R': 1, 'C': 'free'}",False,True,True,1.0,3
7096,3,0.13753899009443482,0.4844367320070036,0.6653916225828524,2.5099497207454173,1.215755070666637,1.4275327960073823,0.6234960368614997,0.9999999999999998,0.0,1.0,0.050000000000000044,0.6211869860721808,0.5605112977879156,0.40511553736871253,0.5,0.75,"{'I': 0, 'W': 1, 'R': 0, 'C': 'costly'}",False,True,True,1.0,3
7100,1,0.0008900028008164896,0.35563524210068287,0.002754664800144484,1.5314450697835948,1.0000912902378134,1.3698569752226961,0.0006387983791754648,0.9999981818047017,0.0,0.0,0.0,0.0018938179661389032,0.010962788256283364,0.015690052524293552,0.0,0.0,"{'I': 1, 'W': 0, 'R': 1, 'C': 'free'}",False,True,True,1.0,3
7100,2,0.0024857776900402083,0.2732276039663067,0.014075205170271835,1.738697190622527,1.0003004787642422,1.1336236394577957,0.002100825577203147,0.9948440764935315,0.0,0.0,0.0,0.0021662895623162193,0.02028812149965781,0.0028115655465567016,0.0,0.0,"{'I': 1, 'W': 0, 'R': 1, 'C': 'free'}",False,True,True,1.0,3
7100,3,0.09958873333999589,0.23806457855195928,0.5877048580486114,1.8908810665701392,1.034720707049503,1.1864016549337575,0.18518098040096886,0.9999999809498393,0.0,0.0,0.0,0.04800115020974389,0.029280582595012285,0.0474274765818808,0.0,0.0,"{'I': 0, 'W': 1, 'R': 0, 'C': 'costly'}",False,True,True,0.3333333333333333,3
7111,1,0.0014951901657016477,0.3757793461489147,0.00660511157799437,1.513461642401846,1.0001628810511474,1.2699096843534905,0.0016273522986250955,0.9999999975630047,0.0,0.0,0.050000000000000044,0.0008762500676261936,0.0031665708457868894,0.017739740186759032,0.0,0.0,"{'I': 1, 'W': 0, 'R': 1, 'C': 'free'}",False,True,True,1.0,3
7111,2,0.0005302674201633887,0.5109064020032924,0.0006774119048084531,2.300496464516013,1.0000455616816772,1.3769575444666593,0.00022777727369382994,1.0,0.0,0.050000000000000044,0.15000000000000002,0.2052646742724743,0.18200829146852962,0.4976806914699565,0.050000000000000044,0.15000000000000002,"{'I': 0, 'W': 1, 'R': 0, 'C': 'costly'}",False,True,True,1.0,3
7136,1,0.023400161501609493,0.275837492160138,0.12244538835018719,1.6433788386919137,1.0038917644368732,1.1929551599835369,0.023035796365863392,0.9997900855961247,0.05,0.0,0.050000000000000044,0.0021410046278606846,0.006691995966653269,0.1971136622050437,0.0,0.0,"{'I': 1, 'W': 0, 'R': 1, 'C': 'free'}",False,True,True,1.0,3
7136,2,0.0006598330549837433,0.45469314239507835,0.0018799908244507767,1.5944704241871481,1.0000596695173356,1.3937125794487721,0.0005368654707600395,0.9999999681585701,0.05,0.0,0.050000000000000044,0.0021710278359082197,0.02615877414294792,0.0052187197474663875,0.0,0.0,"{'I': 1, 'W': 0, 'R': 1, 'C': 'free'}",False,True,True,1.0,3
7136,3,0.45530470939428114,0.469329575456058,0.9943429434504892,2.286266775529602,1.4809418967682761,1.358710128947025,0.8596184926954357,1.0,0.05,0.8,0.050000000000000044,0.6213752256902451,0.591079853163719,0.4368022114674801,0.15000000000000002,0.75,"{'I': 1, 'W': 0, 'R': 1, 'C': 'free'}",False,True,True,1.0,3
7136,4,0.23134071966384603,0.6408581006145246,0.49748546168473096,2.565351079298516,1.0714227470460898,1.5596282265873536,0.2917351525430866,1.0,0.05,0.050000000000000044,0.15000000000000002,0.20179588067702986,0.43596975860912707,0.37501110633687834,0.050000000000000044,0.15000000000000002,"{'I': 1, 'W': 0, 'R': 1, 'C': 'free'}",False,True,True,0.3333333333333333,3
7136,5,0.34487331392944787,0.5487300703287868,1.61186033861077,2.1262794183397737,1.308570294375739,1.4569272581360533,0.8477979158584513,1.0,0.15,0.15000000000000002,0.09999999999999998,0.7283475193263449,0.7029124252458441,0.40472301692901264,0.9,0.75,"{'I': 1, 'W': 0, 'R': 1, 'C': 'free'}",False,True,True,1.0,3
7136,6,0.10276688212094401,0.4670681949651321,0.2716182838802399,2.3324447547070912,1.0248053486570707,1.3707673836395118,0.1576155989873228,1.0,0.2,0.9,0.9,0.8510041431486753,0.8799940061153387,0.6501127428255854,0.75,0.050000000000000044,"{'I': 1, 'W': 0, 'R': 1, 'C': 'free'}",False,True,True,0.0,3
7136,7,0.014660146280197519,0.5584915828542044,0.043488054670523184,2.531405090123134,1.0021268133643115,1.5347216740861955,0.012666426318155732,1.0,0.05,0.050000000000000044,0.050000000000000044,0.13295711888521514,0.08498637555457945,0.6501232725379438,0.050000000000000044,0.050000000000000044,"{'I': 0, 'W': 1, 'R': 0, 'C': 'costly'}",False,True,True,0.6666666666666666,3
7149,1,0.07522367658425128,0.3145632521119213,0.5650627994644305,1.568490474320752,1.0364727792988373,1.2099894020752577,0.2491783383976932,0.9999995775071332,0.05,0.0,0.050000000000000044,0.07342572317607564,0.07545562183542501,0.15882392064484963,0.0,0.0,"{'I': 1, 'W': 0, 'R': 1, 'C': 'free'}",False,True,True,1.0,3
7149,2,0.06671605767562262,0.3702836222646081,0.5932350725944817,1.8926621924759317,1.0356622631422572,1.2636824166349971,0.27048095813566864,0.9999999850762343,0.05,0.050000000000000044,0.050000000000000044,0.01418884512353145,0.04742915786286822,0.411986569311402,0.0,0.0,"{'I': 1, 'W': 0, 'R': 1, 'C': 'free'}",False,True,True,1.0,3
7149,3,0.012552911870972258,0.36510411546558524,0.10483888608300206,1.7554262325627408,1.0022175371772917,1.2688795553957155,0.026230819905856517,0.9999999999996937,0.0,0.0,0.0,0.009965019244508754,0.07558564345074174,0.07555744373248373,0.0,0.0,"{'I': 0, 'W': 1, 'R': 0, 'C': 'costly'}",False,True,True,1.0,3
716,1,0.0007430473290025083,0.2799918977023952,0.0026513143615463797,1.3833815208629194,1.0000745608488795,1.224206880426138,0.0005962867052397014,0.9998331819999422,0.0,0.0,0.050000000000000044,0.0031053909583117333,0.005849722598230795,0.17073718727422368,0.0,0.0,"{'I': 1, 'W': 0, 'R': 1, 'C': 'free'}",False,True,True,1.0,3
716,2,0.14113389711896226,0.6137433881056444,0.3716189440263772,2.412968013008662,1.0333273485448469,1.5594639383440794,0.15119020792763327,1.0,0.1,0.4,0.15000000000000002,0.43734293387146767,0.620896279444514,0.4062418215055751,0.75,0.25,"{'I': 1, 'W': 0, 'R': 1, 'C': 'free'}",False,True,True,0.3333333333333333,3
716,3,0.020472321901169748,0.5794277116024544,0.09254498209449456,2.1120687368416307,1.003495663436995,1.467334806391321,0.03429384466671426,1.0,0.2,0.35,0.050000000000000044,0.49811637486526367,0.6202278054632132,0.49868026298315843,0.15000000000000002,0.75,"{'I': 1, 'W': 0, 'R': 1, 'C': 'free'}",False,True,True,1.0,3
716,4,0.3111823434403071,0.5344997740586943,1.0480463451323807,2.4950075470310087,1.3029022694843722,1.4848379795747675,0.7955773769677696,1.0,0.2,0.35,0.15000000000000002,0.09519077856738105,0.3481927322991601,0.32079966404973265,0.15000000000000002,0.15000000000000002,"{'I': 1, 'W': 0, 'R': 1, 'C': 'free'}",False,True,True,1.0,3
716,5,0.09798806599582831,0.40576903948644993,0.9396712911144481,2.3038639103991283,1.1030660510236103,1.2571506189521013,0.6918360888641426,0.9999999999999519,0.15,0.050000000000000044,0.050000000000000044,0.18222688365458956,0.24457775640763474,0.3195443556839709,0.050000000000000044,0.15000000000000002,"{'I': 1, 'W': 0, 'R': 1, 'C': 'free'}",False,True,True,1.0,3
716,6,0.14428526717935744,0.44322457652322156,0.5404154883688068,2.241753596097212,1.0391461449940385,1.3711980722205324,0.23570048442807556,1.0,0.2,0.050000000000000044,0.35,0.16440373447709275,0.34825570216526897,0.4683063725635973,0.15000000000000002,0.35,"{'I': 1, 'W': 0, 'R': 1, 'C': 'free'}",False,True,True,0.3333333333333333,3
716,7,0.031777762771830254,0.4391241245407678,0.09800123240189161,2.1081254020785076,1.0054382815742273,1.3491603320371919,0.05279096395541516,1.0,0.2,0.050000000000000044,0.25,0.37713872005981725,0.4680955706341093,0.5607439652547711,0.15000000000000002,0.35,"{'I': 1, 'W': 0, 'R': 1, 'C': 'free'}",False,True,True,1.0,3
7174,1,0.03976548108197174,0.3571447001302524,0.3502107101856523,1.5392614065830748,1.0120817769439556,1.2860282025805805,0.11316270691182184,0.9999995392435541,0.05,0.050000000000000044,0.050000000000000044,0.05981643124427151,0.13245695163197152,0.1951317145712763,0.0,0.050000000000000044,"{'I': 1, 'W': 0, 'R': 1, 'C': 'free'}",False,True,True,1.0,3
7174,2,0.031045222975851012,0.3726931755926295,0.24315248698936237,1.571607415973332,1.0064980001229262,1.2657380076690485,0.06271679074437664,0.9999999789033547,0.1,0.050000000000000044,0.050000000000000044,0.5288834690346044,0.8655742379930881,0.4967577894526087,1.0,0.050000000000000044,"{'I': 1, 'W': 0, 'R': 1, 'C': 'free'}",True,False,True,0.0,3
7174,3,0.1193299895223644,0.5441474258790572,0.8075765982981346,2.1801822759243255,1.0480740846961214,1.4758417040700447,0.43075895127930175,0.9999999999999907,0.1,0.050000000000000044,0.050000000000000044,0.16668673296094916,0.32077573312648805,0.5897934246224228,0.050000000000000044,0.050000000000000044,"{'I': 1, 'W': 0, 'R': 1, 'C': 'free'}",False,True,True,1.0,3
7174,4,0.08234731024607489,0.5349800108332984,0.23004598741788676,2.2129002004398766,1.0173481814470078,1.526339758517018,0.12854875401512644,1.0,0.3,0.35,0.15000000000000002,0.37750468219714384,0.6195959823710949,0.6202263439361044,0.65,0.65,"{'I': 1, 'W': 0, 'R': 1, 'C': 'free'}",False,True,True,1.0,3
7174,5,0.14436651539525117,0.6008004385311478,0.73352712584756,2.3343731683284306,1.099703958136291,1.5259619420344466,0.6484668143872394,1.0,0.2,0.35,0.5,0.7305839720075319,0.8514109057235988,0.6768453474016214,0.9,0.75,"{'I': 1, 'W': 0, 'R': 1, 'C': 'free'}",False,True,True,0.0,3
7174,6,0.17585085740797213,0.5253409668075786,0.7554109176449314,2.268044031203523,1.1015264655503538,1.4354999577411847,0.6197662706053704,1.0,0.2,0.050000000000000044,0.4,0.047328188769659184,0.34714089753148114,0.40620997256449204,0.050000000000000044,0.35,"{'I': 1, 'W': 0, 'R': 1, 'C': 'free'}",False,True,True,1.0,3
7174,7,0.17624393960562992,0.4638072670793159,0.6871704946930315,2.4476787619274205,1.0684377041378015,1.3597258147993518,0.32779031204238074,1.0,,0.050000000000000044,0.7,0.18232333441736165,0.5918476162566236,0.7767846946853969,0.15000000000000002,0.75,"{'I': 1, 'W': 0, 'R': 1, 'C': 'free'}",False,True,True,1.0,3
7203,1,0.13829969416596702,0.5489195173849373,0.5338024007896065,2.761077622584862,1.0577806973446022,1.4514461687897366,0.36197910951305157,1.0,0.15,0.15000000000000002,0.050000000000000044,0.37695898459451066,0.5912487591590467,0.5912347642033646,0.15000000000000002,0.15000000000000002,"{'I': 1, 'W': 0, 'R': 1, 'C': 'free'}",False,True,True,1.0,3
7203,2,0.05467445410777097,0.3708275243466938,0.5047691403417345,2.134869286067745,1.0216934366733064,1.275608701991137,0.2270475856605344,0.9999999999731928,0.15,0.050000000000000044,0.050000000000000044,0.041968817206647836,0.08483036650497006,0.14804672965784382,0.050000000000000044,0.050000000000000044,"{'I': 1, 'W': 0, 'R': 1, 'C': 'free'}",False,True,True,1.0,3
7203,3,0.08782451327427492,0.4298994378036157,0.5368018207926357,2.3503699671783753,1.0237688657832509,1.3598426239308072,0.2093562890389059,0.9999999999999979,0.1,0.050000000000000044,0.050000000000000044,0.5299019208926546,0.43485733950186456,0.14762207477575817,0.15000000000000002,0.050000000000000044,"{'I': 1, 'W': 0, 'R': 1, 'C': 'free'}",False,True,True,0.0,3
7203,4,0.07134363653859303,0.5647664573369023,0.6052453340664197,1.6692286476719667,1.0238089290502912,1.385975496683699,0.2459970494524748,0.9999999993892139,0.15,0.0,0.050000000000000044,0.7291065116318226,0.6489277959463726,0.5910519195761874,0.050000000000000044,0.050000000000000044,"{'I': 1, 'W': 0, 'R': 1, 'C': 'free'}",False,True,True,1.0,3
7203,5,0.1010450901291381,0.5531338535458564,0.8877810152950355,2.25293942870024,1.0720479909355718,1.443998442451965,0.5012789178464307,1.0,0.2,0.15000000000000002,0.09999999999999998,0.26867608998809955,0.43680770460259255,0.4370580289226173,0.15000000000000002,0.15000000000000002,"{'I': 1, 'W': 0, 'R': 1, 'C': 'free'}",False,True,True,1.0,3
7203,6,0.14945882633898416,0.3481213154502918,1.273627905674132,2.44179748863428,1.0700341434679332,1.2917689997198984,0.6123559698230954,0.9999999999999954,0.2,0.050000000000000044,0.050000000000000044,0.5307045935744455,0.5304089990783397,0.3201314881138069,0.25,0.050000000000000044,"{'I': 1, 'W': 0, 'R': 1, 'C': 'free'}",False,True,True,0.3333333333333333,3
7203,7,0.1406983653666839,0.24490331697317658,0.8001736296376121,2.304550408621749,1.1034009489709342,1.2246722106233114,0.6612080242737837,0.9999999999776336,0.2,0.050000000000000044,0.050000000000000044,0.2936281418158523,0.3480903251364614,0.26839393723992405,0.15000000000000002,0.050000000000000044,"{'I': 1, 'W': 0, 'R': 1, 'C': 'free'}",False,True,True,1.0,3
7247,1,0.00400782721558452,0.5377222899897465,0.016489880180241074,1.679874460637323,1.0005024387926644,1.3501166490073095,0.0035100137369470374,0.9999999966436599,0.05,0.0,0.050000000000000044,0.005841011952564351,0.00968744560247511,0.0328610248904262,0.0,0.0,"{'I': 1, 'W': 0, 'R': 1, 'C': 'free'}",False,True,True,1.0,3
7247,2,0.04574393082624331,0.5600121664564531,0.24906078992774752,2.4264982850312737,1.0108607894662152,1.4816918478469945,0.102392462434298,1.0,0.3,1.0,0.5,0.8339996556071634,0.9137928880832555,0.7291417139582079,0.8,0.75,"{'I': 1, 'W': 0, 'R': 1, 'C': 'free'}",False,True,True,1.0,3
7247,3,0.1859875434824326,0.5051783085636989,0.9891995344917145,2.459775290243954,1.0838867091914155,1.396069630545935,0.47503678521284654,0.9999999999999999,0.15,0.15000000000000002,0.050000000000000044,0.22378531025348694,0.4060718592366817,0.22269122318959536,0.15000000000000002,0.75,"{'I': 1, 'W': 0, 'R': 1, 'C': 'free'}",False,True,True,1.0,3
7247,4,0.05651580744617231,0.5437827658024297,0.36163519073996897,2.1647256069163467,1.0147234058311014,1.4492291446231305,0.13598114531788896,1.0,0.2,0.7,0.4,0.9035723005871339,0.8156963001579604,0.40537521114084707,0.9,0.15000000000000002,"{'I': 1, 'W': 0, 'R': 1, 'C': 'free'}",False,True,True,0.0,3
7247,5,0.12683372631102854,0.6726679392608705,0.4782651229418755,2.5272175430573727,1.0416930108543176,1.6124466252660263,0.24868553939229343,1.0,0.2,0.35,0.5,0.6212408129336505,0.7047169702551378,0.5908666755692689,0.85,0.75,"{'I': 1, 'W': 0, 'R': 1, 'C': 'free'}",False,True,True,0.3333333333333333,3
7247,6,0.5603088383021665,0.5624977819058521,2.740173031898315,2.740173031898315,1.4653872817289828,1.4675835535357595,1.0,1.0,,,0.7,,,0.5617370997258404,,0.75,,False,True,False,,
7247,7,0.007201832213880516,0.5356658007728992,0.03789440747557461,2.0516158346300792,1.0010684030180397,1.402305467773993,0.006386515054921493,1.0,0.15,0.050000000000000044,0.15000000000000002,0.07579051983657872,0.2016889859552078,0.34793968497726224,0.15000000000000002,0.25,"{'I': 1, 'W': 0, 'R': 1, 'C': 'free'}",False,True,True,1.0,3
7256,1,0.06039307521360424,0.23233868152785725,0.6923397174432246,1.463652624558363,1.0242360268135353,1.1460616544082762,0.2497613626368157,0.9999759132939845,0.05,0.050000000000000044,0.050000000000000044,0.02595855783832354,0.022871048339946517,0.08001436577452814,0.0,0.0,"{'I': 1, 'W': 0, 'R': 1, 'C': 'free'}",False,True,True,1.0,3
7256,2,0.0014241501658354189,0.3913660097496219,0.010134269685859905,2.0305113248351185,1.000172586791362,1.2721820435616233,0.0017242308029107312,0.9999998399343982,0.1,0.050000000000000044,0.050000000000000044,0.017986687649910644,0.07550908666769972,0.03723206930368987,0.050000000000000044,0.050000000000000044,"{'I': 1, 'W': 0, 'R': 1, 'C': 'free'}",False,True,True,1.0,3
7256,3,0.3235119662578269,0.5083761907152499,1.3853623245632651,2.1371627195126823,1.1637517393539458,1.460499490263158,0.8607434794211041,1.0,0.2,0.050000000000000044,0.09999999999999998,0.2446847626214988,0.34771456822656716,0.49832958442429276,0.15000000000000002,0.35,"{'I': 1, 'W': 0, 'R': 1, 'C': 'free'}",False,True,True,0.6666666666666666,3
7256,4,0.06926270688517232,0.42383297664947167,0.5381198529203645,2.202723126302034,1.024310290866261,1.3252590471552481,0.2682039973958098,1.0,,0.050000000000000044,0.35,0.20166552897092363,0.4992934207761604,0.8518035822799115,0.050000000000000044,0.65,"{'I': 1, 'W': 0, 'R': 1, 'C': 'free'}",False,True,True,0.3333333333333333,3
7256,5,0.10115134094746975,0.4152848037314201,1.0243071552839944,2.4618809001292448,1.043538137432769,1.3147181529444025,0.37423910597187093,1.0,0.2,0.15000000000000002,0.09999999999999998,0.3477136009427839,0.4365287362980153,0.4367056239350705,0.15000000000000002,0.050000000000000044,"{'I': 1, 'W': 0, 'R': 1, 'C': 'free'}",False,True,True,0.3333333333333333,3
7256,6,0.21266950814848712,0.47888189558672056,1.5796181994136238,2.2443519314396574,1.1376590578653458,1.3527779195132996,0.7579714597198246,1.0,0.2,0.050000000000000044,0.15000000000000002,0.037329184328018856,0.20131334511196228,0.49729545664933034,0.050000000000000044,0.050000000000000044,"{'I': 1, 'W': 0, 'R': 1, 'C': 'free'}",False,True,True,1.0,3
7256,7,0.3637591405247942,0.41451505727701854,1.0350146795283943,1.9306299748308045,1.0947849763600834,1.3025789124458904,0.4191994405247387,1.0,0.2,0.050000000000000044,0.050000000000000044,0.29346839859381363,0.40621241052523854,0.16404155591882513,0.15000000000000002,0.050000000000000044,"{'I': 1, 'W': 0, 'R': 1, 'C': 'free'}",False,True,True,0.6666666666666666,3
7260,1,0.24730833034064473,0.2855644177257477,1.0211714390062865,1.5226138090485468,1.1556429186026635,1.2441460290569684,0.9011853353335628,0.9999999601861574,0.1,0.050000000000000044,0.050000000000000044,0.49501512860368635,0.267663750243768,0.26547429178896376,0.050000000000000044,0.0,"{'I': 1, 'W': 0, 'R': 1, 'C': 'free'}",False,True,True,1.0,3
7260,2,0.11197048149509586,0.5118047397879768,1.2426080417290268,2.3290332528219646,1.042116980158699,1.4077393565681886,0.5795115398913242,1.0,0.2,0.050000000000000044,0.15000000000000002,0.4062589185684532,0.4983526482905074,0.5291458568172558,0.8,0.15000000000000002,"{'I': 1, 'W': 0, 'R': 1, 'C': 'free'}",False,True,True,0.6666666666666666,3
7260,3,0.04334152616651446,0.4908813443750715,0.3924517583997754,2.263817795364731,1.0103205949701426,1.416922326465,0.14274128265457342,1.0,0.2,0.15000000000000002,0.050000000000000044,0.16428507771121095,0.4987087484114634,0.22208858476007792,0.15000000000000002,0.15000000000000002,"{'I': 1, 'W': 0, 'R': 1, 'C': 'free'}",False,True,True,0.6666666666666666,3
7260,4,0.060802924835870166,0.6172126541264653,0.2866587865484703,2.1556541283089907,1.0130088709985083,1.5255004035787973,0.1436702787277786,0.9999999999999999,0.1,0.050000000000000044,0.050000000000000044,0.023056492889109256,0.0952243293804309,0.059994163793477794,0.050000000000000044,0.050000000000000044,"{'I': 1, 'W': 0, 'R': 1, 'C': 'free'}",False,True,True,1.0,3
7260,5,0.21762061653405573,0.5210106887630216,0.7417074296662866,2.5405250775406634,1.2622241680861495,1.4432852320950769,0.90258292500403,1.0,0.2,0.15000000000000002,0.050000000000000044,0.4376155299329651,0.4997436422800894,0.43720153885629964,0.85,0.050000000000000044,"{'I': 1, 'W': 0, 'R': 1, 'C': 'free'}",False,True,True,0.6666666666666666,3
7260,6,0.06812310076832051,0.47974069111449613,0.49049507848557067,2.624040935324447,1.0207275312451742,1.3438330604909825,0.2648895982184044,1.0,0.2,0.35,0.7,0.46846760783430136,0.7041892222034656,0.6775257962355288,0.35,0.75,"{'I': 1, 'W': 0, 'R': 1, 'C': 'free'}",False,True,True,0.3333333333333333,3
7260,7,0.3115202259475478,0.5639592179509413,0.7772187925264201,2.1069438911828837,1.1685681756230353,1.4533495832748535,0.5410876699772902,1.0,0.1,0.050000000000000044,0.050000000000000044,0.08498783452958342,0.20150289644856978,0.1189569677448089,0.050000000000000044,0.050000000000000044,"{'I': 1, 'W': 0, 'R': 1, 'C': 'free'}",False,True,True,0.0,3
7271,1,0.14816348085186504,0.40913886567629554,0.5630906990512613,2.4946228555359813,1.0613746048512689,1.3353577886780144,0.30049979389509596,0.9999999999988299,0.05,0.050000000000000044,0.09999999999999998,0.18242155645729605,0.18174688147111953,0.13094551881600328,0.050000000000000044,0.050000000000000044,"{'I': 1, 'W': 0, 'R': 1, 'C': 'free'}",False,True,True,1.0,3
7271,2,0.053877419548863596,0.5489229668060516,0.17760226607481852,2.8526984923425083,1.0102718915572129,1.4687093540241314,0.11541257600065058,1.0,0.2,0.35,0.15000000000000002,0.7763519113450534,0.7295030054784784,0.676482441108579,0.5,0.25,"{'I': 1, 'W': 0, 'R': 1, 'C': 'free'}",False,True,True,0.3333333333333333,3
7271,3,0.00860960981978037,0.6030083050619571,0.040445986113607314,2.0694278580371637,1.0013188909863917,1.3870067826846098,0.011792119619373431,0.9999999999410693,0.05,0.050000000000000044,0.050000000000000044,0.01798793629190383,0.06811708119578026,0.0534063362887242,0.050000000000000044,0.050000000000000044,"{'I': 1, 'W': 0, 'R': 1, 'C': 'free'}",False,True,True,1.0,3
7271,4,0.0017727089709241952,0.3520126598576052,0.012935349082088097,1.8215160637679613,1.0002306121257332,1.360402626065133,0.0018429839263690573,0.9999999999489959,0.05,0.0,0.050000000000000044,0.011106246732772813,0.06008684078136409,0.03294316292703688,0.0,0.0,"{'I': 1, 'W': 0, 'R': 1, 'C': 'free'}",False,True,True,1.0,3
7271,5,0.0007529193784704253,0.2789542366651343,0.0024937339691407353,1.602633819563972,1.0000697850962814,1.204259314702586,0.0004883593436422196,0.9999984577350844,0.0,0.0,0.0,0.0024875557843175777,0.002798699468812094,0.014063198365811063,0.0,0.0,"{'I': 0, 'W': 1, 'R': 0, 'C': 'costly'}",False,True,True,1.0,3
7275,1,0.0006361754651363461,0.3247767555113725,0.0030545360189333276,1.4430044007149914,1.0000608085053164,1.2292631940529113,0.00042555602121807645,0.9999388085541225,0.05,0.0,0.050000000000000044,0.002760432898363372,0.008554479111889227,0.12469551390520736,0.0,0.0,"{'I': 1, 'W': 0, 'R': 1, 'C': 'free'}",False,True,True,1.0,3
7275,2,0.0019633300155024605,0.4782865648447389,0.007934276180329224,2.0431860936063084,1.0002194751477393,1.4178590627390533,0.0015349781802015405,1.0,0.0,0.0,0.050000000000000044,0.13296355159648746,0.07586606785395876,0.4063204086426683,0.0,0.15000000000000002,"{'I': 0, 'W': 1, 'R': 0, 'C': 'costly'}",False,True,True,1.0,3
7278,1,0.0013361680853887017,0.15826591620052155,0.003802531816599024,1.0983527184895217,1.0001345258477587,1.1396829162246815,0.0009411744170402248,0.988268792985932,0.0,0.0,0.0,0.00586316436644747,0.02922142495961261,0.15095804672454577,0.0,0.0,"{'I': 1, 'W': 0, 'R': 1, 'C': 'free'}",False,True,True,1.0,3
7278,2,0.0011292731954702076,0.15347331380538695,0.006225223442697207,1.0264998560637066,1.0001165632534799,1.1143734096826188,0.0009320170861127908,0.993135863268276,0.05,0.0,0.0,0.0024685694893565794,0.014030947263587574,0.005213642650903146,0.0,0.0,"{'I': 1, 'W': 0, 'R': 1, 'C': 'free'}",False,True,True,1.0,3
7278,3,0.0006272356863859009,0.2953996635024568,0.00240165633964887,1.7571112509547475,1.0000580073045948,1.1961374985017663,0.000463937325670738,0.9999999966744806,0.05,0.0,0.050000000000000044,0.0017004054924632526,0.037273317824960135,0.022900706640256414,0.050000000000000044,0.0,"{'I': 1, 'W': 0, 'R': 1, 'C': 'free'}",False,True,True,1.0,3
7278,4,0.012557280211612431,0.12299823651614199,0.08206848107962546,1.6006523059144102,1.002275261829122,1.0812558244773045,0.018017133880669056,0.9995952806139378,0.0,0.0,0.0,0.007576119709029584,0.01241970459749942,0.017947258031696993,0.0,0.0,"{'I': 0, 'W': 1, 'R': 0, 'C': 'costly'}",False,True,True,0.6666666666666666,3
7318,1,0.07570795867946047,0.518583013156652,0.5271252382482786,1.9305470405186733,1.0304350129520796,1.506163401949597,0.2132529133122404,1.0,0.0,0.0,0.050000000000000044,0.0035450131029559585,0.06009023825094064,0.07585909186998419,0.0,0.0,"{'I': 1, 'W': 0, 'R': 1, 'C': 'free'}",False,True,True,1.0,3
7318,2,0.21281925768048854,0.5274015631470618,1.4414667664264806,2.1912436586866706,1.2202349459357857,1.4373590871323647,0.8332718720592333,1.0,0.2,0.4,0.15000000000000002,0.6784386090475378,0.7975444780248874,0.7767723356777136,0.5,0.35,"{'I': 1, 'W': 0, 'R': 1, 'C': 'free'}",False,True,True,1.0,3
7318,3,0.027467005878910225,0.522726429043376,0.1285053609677988,2.131764914941699,1.0053629698579076,1.449964584285953,0.05713771268250167,1.0,0.15,0.35,0.050000000000000044,0.6217040214880004,0.7047157846646281,0.5607378506012617,0.5,0.75,"{'I': 1, 'W': 0, 'R': 1, 'C': 'free'}",False,True,True,1.0,3
7318,4,0.501957997647073,0.5627272039373689,1.6776240598048433,2.4646507010610166,1.2671789616145641,1.4675214143304718,0.9539630440963038,1.0,0.2,0.050000000000000044,0.4,0.7054641796303045,0.6222556269854976,0.49981214780095423,0.6699999999999999,0.15000000000000002,"{'I': 1, 'W': 0, 'R': 1, 'C': 'free'}",False,True,True,0.0,3
7318,5,0.35784922805901526,0.4696216515699653,0.9041275348236137,2.419213467450623,1.1563657504501272,1.4329361473647404,0.7977201706989364,1.0,0.1,0.050000000000000044,0.09999999999999998,0.650303672397323,0.561368594237656,0.3767047594073699,0.7,0.75,"{'I': 1, 'W': 0, 'R': 1, 'C': 'free'}",False,True,True,1.0,3
7318,6,0.06345314590778087,0.5252613258295594,0.5362930242436675,2.197321359613252,1.0259891925967386,1.4532816118463725,0.2458992843622897,1.0,0.2,0.050000000000000044,0.9,0.2226910082166112,0.5301827132822078,0.5295368058785556,0.050000000000000044,0.75,"{'I': 1, 'W': 0, 'R': 1, 'C': 'free'}",False,True,True,0.3333333333333333,3
7318,7,0.22309926457519388,0.542634306728607,1.0109682364021864,2.196377147030318,1.074005805655725,1.5477482105459466,0.5440396471791011,1.0,0.2,0.050000000000000044,0.15000000000000002,0.5918751081418628,0.6776817973025144,0.43637551932174934,0.15000000000000002,0.75,"{'I': 1, 'W': 0, 'R': 1, 'C': 'free'}",False,True,True,0.0,3
734,1,0.09763794197028078,0.28891343465219577,0.6831178246937601,1.7730556153714514,1.0605265233213725,1.2197454111481536,0.4443713197638529,0.999967341068743,0.05,0.0,0.050000000000000044,0.022497211798247402,0.015849498656827457,0.22799672723148842,0.0,0.0,"{'I': 1, 'W': 0, 'R': 1, 'C': 'free'}",False,True,True,1.0,3
734,2,0.015808210571528782,0.37281787266723093,0.15000041670576653,1.8641832274874528,1.0032921493890918,1.2454843189176663,0.03867323861797767,0.9999999997074679,0.15,0.050000000000000044,0.050000000000000044,0.026244345456301815,0.06754472596507903,0.03301263943343351,0.050000000000000044,0.050000000000000044,"{'I': 1, 'W': 0, 'R': 1, 'C': 'free'}",False,True,True,1.0,3
734,3,0.011747736853025187,0.3145849791230928,0.0672347394845531,1.7336523135001207,1.0019988352286782,1.2454223558848057,0.015847802588810467,0.9999999959061289,0.15,0.0,0.0,0.0009056142169771191,0.005205880997200507,0.004059476636654659,0.0,0.0,"{'I': 1, 'W': 0, 'R': 1, 'C': 'free'}",False,True,True,1.0,3
734,4,0.021493406927277286,0.323611959500999,0.12301037381881182,1.5833611051376815,1.00452939613208,1.2605813893754918,0.026750703882283067,0.9999999856955721,0.0,0.0,0.0,0.002800173400380663,0.03703765338469152,0.02027282385606772,0.0,0.0,"{'I': 0, 'W': 1, 'R': 0, 'C': 'costly'}",False,True,True,1.0,3
7353,1,0.0033590404385127892,0.3356042357867485,0.021861560225353124,1.9513850125367398,1.0004204596606379,1.3402427715761103,0.003776193810307138,0.9999999977534101,0.05,0.0,0.0,0.0014647047431911283,0.004589787827123438,0.029312099810177395,0.0,0.0,"{'I': 1, 'W': 0, 'R': 1, 'C': 'free'}",False,True,True,1.0,3
7353,2,0.06505079059383281,0.3474575449577588,0.5904840710491156,2.3766525550030457,1.023360454669399,1.2184054716554453,0.24202229459652402,0.9999999999658497,0.1,0.050000000000000044,0.050000000000000044,0.04742781302137992,0.11898894010123036,0.11873008294891241,0.050000000000000044,0.15000000000000002,"{'I': 1, 'W': 0, 'R': 1, 'C': 'free'}",False,True,True,1.0,3
7353,3,0.44378728705992465,0.45832348980318127,0.9353158038532724,1.9576256731191464,1.2569446928692007,1.3558007572673156,0.6812727783834065,1.0,0.05,0.9,0.050000000000000044,0.730032375953658,0.6504189059370253,0.6478703246645718,0.5,0.15000000000000002,"{'I': 1, 'W': 0, 'R': 1, 'C': 'free'}",False,True,True,0.6666666666666666,3
7353,4,0.20622295972711707,0.4745207517720495,0.9518071128674389,2.3103073834278347,1.1539931180981888,1.3745051836114173,0.511365749201767,1.0,0.1,0.0,0.15000000000000002,0.29375823386862737,0.34807397676339413,0.6494207631453874,0.050000000000000044,0.15000000000000002,"{'I': 1, 'W': 0, 'R': 1, 'C': 'free'}",False,True,True,1.0,3
7353,5,0.002390520492390519,0.16182912095232183,0.009286559143574454,1.2837366611872167,1.0002857506062157,1.1194078659650226,0.0017127902214879587,0.9999999438016506,0.0,0.0,0.0,0.0010309621754285528,0.0031693959411662736,0.03302335434092111,0.0,0.0,"{'I': 0, 'W': 1, 'R': 0, 'C': 'costly'}",False,True,True,1.0,3
738,1,0.001359174360504648,0.44991382045966904,0.008798609212668885,2.3869633862210384,1.0001474180912844,1.355403607815909,0.0016201656017345023,0.9999999912135564,0.05,0.050000000000000044,0.050000000000000044,0.05405194426776471,0.07556862667133628,0.16191043537590052,0.050000000000000044,0.050000000000000044,"{'I': 1, 'W': 0, 'R': 1, 'C': 'free'}",False,True,True,1.0,3
738,2,0.0017541167842255742,0.35093509067562434,0.00460897255854723,1.8326769002729515,1.0001876557044347,1.2611906258439245,0.0014999787001730436,0.9999999999996815,0.1,0.050000000000000044,0.050000000000000044,0.13296585306519232,0.2010697275955821,0.18242722169349318,0.050000000000000044,0.15000000000000002,"{'I': 1, 'W': 0, 'R': 1, 'C': 'free'}",False,True,True,1.0,3
738,3,0.009098613779986487,0.3042303638716978,0.05108561263125508,1.8724148869933748,1.0014054178077827,1.2627396190680114,0.011172567125022903,1.0,0.05,0.0,0.050000000000000044,0.012499310096545266,0.08494892690825077,0.14765609998519608,0.0,0.0,"{'I': 0, 'W': 1, 'R': 0, 'C': 'costly'}",False,True,True,1.0,3
7390,1,0.08534551170633078,0.23695235018734687,0.7748956226782416,1.2379587633018727,1.0484845144969366,1.1865793662144706,0.37715526984154746,0.9999791405859545,0.05,0.0,0.050000000000000044,0.005119749268275682,0.017985454282901513,0.07463857790062217,0.0,0.0,"{'I': 1, 'W': 0, 'R': 1, 'C': 'free'}",False,True,True,1.0,3
7390,2,0.11043786486814204,0.6553068252023707,0.7565566253283549,2.3596230689965285,1.056440013780262,1.5622791476411124,0.355472781612698,1.0,0.2,0.050000000000000044,0.15000000000000002,0.10900798339983721,0.3473004208804506,0.08475518511404012,0.050000000000000044,0.15000000000000002,"{'I': 1, 'W': 0, 'R': 1, 'C': 'free'}",False,True,True,1.0,3
7390,3,0.05483186532971653,0.425367492328047,0.2757469794073108,2.4616884076712107,1.0111222881842836,1.338940299783689,0.0642110813898168,1.0,0.05,0.0,0.050000000000000044,0.08509781457868623,0.2935658335546289,0.3486012117248721,0.050000000000000044,0.050000000000000044,"{'I': 1, 'W': 0, 'R': 1, 'C': 'free'}",False,True,True,1.0,3
7390,4,0.0007733467020976844,0.23811995196309024,0.002114990126744005,2.082165472785341,1.000071063548935,1.1195081735930543,0.0004973034719010228,0.9990873393239845,0.0,0.0,0.0,0.004607188957988072,0.01242948836082227,0.020264225934620565,0.0,0.0,"{'I': 0, 'W': 1, 'R': 0, 'C': 'costly'}",False,True,True,1.0,3
753,1,0.0012602292208685395,0.2863761305588947,0.005286356465068916,1.6308482717675976,1.0001402987187313,1.207468445646007,0.0011216814668185693,0.9999852317725643,0.0,0.0,0.0,0.0014726250121629607,0.006654361094455019,0.05276859863578188,0.0,0.0,"{'I': 1, 'W': 0, 'R': 1, 'C': 'free'}",False,True,True,1.0,3
753,2,0.0039083907832336805,0.314211698999913,0.02025924981891632,1.864739949567552,1.0004756164137762,1.2161638365134277,0.0033229900159849057,0.9999993754348044,0.05,0.0,0.0,0.05315311344990558,0.059556470470454745,0.009709988033258067,0.0,0.0,"{'I': 1, 'W': 0, 'R': 1, 'C': 'free'}",False,True,True,1.0,3
753,3,0.005095972495627137,0.3063703016900621,0.0322172897650247,1.7053212326390024,1.0007019778989297,1.1718505826098464,0.006295683262807716,0.9999988060467115,0.0,0.0,0.0,0.004608564154176017,0.015873123019631674,0.05340724939469776,0.0,0.0,"{'I': 0, 'W': 1, 'R': 0, 'C': 'costly'}",False,True,True,1.0,3
797,1,0.0029665048029696417,0.3263723201836961,0.009018399412110786,1.5647233624325456,1.0003247540214122,1.2555912267629183,0.001946311276422863,0.9999999997419419,0.05,0.0,0.050000000000000044,0.014063894803483462,0.08465448470094047,0.13094321052504043,0.0,0.050000000000000044,"{'I': 1, 'W': 0, 'R': 1, 'C': 'free'}",False,True,True,1.0,3
797,2,0.0193770239067877,0.5121368664277235,0.07983498071026908,2.205264940029802,1.0031583838180367,1.4810984819292248,0.024911704706053084,0.9999999999999953,0.2,0.050000000000000044,0.050000000000000044,0.2689129044288772,0.3730225146425649,0.20089004549407133,0.050000000000000044,0.050000000000000044,"{'I': 1, 'W': 0, 'R': 1, 'C': 'free'}",False,True,True,1.0,3
797,3,0.10236809259140947,0.4467844887706687,0.7827973765352121,2.044873726479225,1.1121228785853166,1.2456004329800576,0.5726558149191345,0.9999999997101823,0.1,0.050000000000000044,0.050000000000000044,0.29380425425998574,0.43640237885691413,0.2450633604100476,0.15000000000000002,0.75,"{'I': 1, 'W': 0, 'R': 1, 'C': 'free'}",False,True,True,0.0,3
797,4,0.00603498069821271,0.5476859310231508,0.029908756839945594,2.5040716949910173,1.0007885869401167,1.554362783594952,0.006286366944288191,1.0,0.5,0.7,0.9,0.6507647919023335,0.8170005349324079,0.6215803638683689,0.65,0.85,"{'I': 1, 'W': 0, 'R': 1, 'C': 'free'}",False,True,True,0.3333333333333333,3
797,5,0.0956738158208997,0.5778299921681366,0.703615250300257,2.169286840684892,1.0712575736121726,1.38011938677466,0.497586909320449,1.0,0.4,0.5,0.5,0.5302849528848254,0.7538927353654069,0.7530775343716655,0.85,0.75,"{'I': 1, 'W': 0, 'R': 1, 'C': 'free'}",False,True,True,0.3333333333333333,3
797,6,0.49563564933450155,0.497557655700454,2.574653784476134,2.574653784476134,1.4245825673194663,1.4265568705659852,1.0,1.0,,,0.7,,,0.6788156943866333,,0.75,,False,True,False,,
797,7,0.18854119207279785,0.5089325523150185,1.0084048744397944,2.1763393189428015,1.0897304869971094,1.3964505549691208,0.40284731002566154,1.0,0.05,0.050000000000000044,0.15000000000000002,0.18220113949197111,0.4679014456303304,0.3478378933267495,0.050000000000000044,0.75,"{'I': 1, 'W': 0, 'R': 1, 'C': 'free'}",False,True,True,0.3333333333333333,3
802,1,0.007482366195130972,0.4262964769769588,0.027230955377716623,2.2453246335637638,1.0009899886022102,1.3248565585481193,0.006902559348384463,0.9999999999999949,0.05,0.050000000000000044,0.050000000000000044,0.011100569042064787,0.03733459570005349,0.19278340942996727,0.0,0.050000000000000044,"{'I': 1, 'W': 0, 'R': 1, 'C': 'free'}",False,True,True,1.0,3
802,2,0.050020070017477,0.3626725219926219,0.3412852100020138,2.329446044510924,1.0137415304500834,1.3144305627160116,0.1155875437184255,1.0,0.1,0.050000000000000044,0.15000000000000002,0.11921170405557806,0.11920150181135857,0.2217259134502471,0.050000000000000044,0.15000000000000002,"{'I': 1, 'W': 0, 'R': 1, 'C': 'free'}",False,True,True,1.0,3
802,3,0.010135057982405441,0.29801591639486036,0.07694403288108123,1.839678237508634,1.0018553118152753,1.2413416021450556,0.014719338438447527,0.9999999999840596,0.0,0.0,0.0,0.042086264719458547,0.11920004853562018,0.09535076006352602,0.0,0.0,"{'I': 0, 'W': 1, 'R': 0, 'C': 'costly'}",False,True,True,0.3333333333333333,3
807,1,0.0009130574210902062,0.31652710371440207,0.003472327865966663,1.471972530062892,1.0000940988582034,1.1957233419078146,0.0006584441487336168,0.9999947384717525,0.0,0.0,0.0,0.003920438558738963,0.007513590375351027,0.06429083281320878,0.0,0.0,"{'I': 1, 'W': 0, 'R': 1, 'C': 'free'}",False,True,True,1.0,3
807,2,0.00038500822126974276,0.25539155669710845,0.0007916966363095183,1.6287105476607646,1.0000323905347464,1.167569424320902,0.00022670436996996557,0.9991964827885779,0.0,0.0,0.0,0.0035922746919425565,0.0024585273154517965,0.11919112330014522,0.0,0.0,"{'I': 0, 'W': 1, 'R': 0, 'C': 'costly'}",False,True,True,1.0,3
816,1,0.3441507152930041,0.6049534833870657,2.042428800798771,2.736880269962465,1.3031046273165547,1.5348408326265615,0.9077032481687671,1.0,0.1,0.15000000000000002,0.4,0.29247803281719237,0.46613419042802273,0.7021933890072831,0.25,0.5,"{'I': 1, 'W': 0, 'R': 1, 'C': 'free'}",False,True,True,1.0,3
816,2,0.25050941352625455,0.5397655318777108,1.0699728802123014,2.4326223055354252,1.0946219950570748,1.4443779811881137,0.46893117687482344,1.0,0.15,0.050000000000000044,0.15000000000000002,0.14734440762749249,0.2689212910745028,0.34632540563908243,0.050000000000000044,0.15000000000000002,"{'I': 1, 'W': 0, 'R': 1, 'C': 'free'}",False,True,True,0.0,3
816,3,0.25096759060090906,0.6182205532050973,1.0099643903941973,2.3434267304580456,1.18721361917849,1.6023092895771571,0.7466219204999034,1.0,0.2,0.050000000000000044,0.7,0.40621464264109974,0.7745954776143912,0.6761754116828771,0.15000000000000002,0.75,"{'I': 1, 'W': 0, 'R': 1, 'C': 'free'}",False,True,True,1.0,3
816,4,0.040398984412702225,0.5550229704424489,0.365337656718682,2.1013236210426305,1.0106825904699068,1.3796745225084428,0.1008085850315994,0.9999999999874852,0.05,0.050000000000000044,0.050000000000000044,0.029314415966977998,0.11891871078387449,0.10636198469715669,0.050000000000000044,0.050000000000000044,"{'I': 1, 'W': 0, 'R': 1, 'C': 'free'}",False,True,True,1.0,3
816,5,0.30926576152394475,0.49931911094813497,1.6817022679622542,2.488659252345793,1.470774509680698,1.355467712864929,0.9012076233126307,0.999999999999997,0.15,0.15000000000000002,0.09999999999999998,0.18242128590878062,0.319368760365828,0.8161235024336708,0.15000000000000002,0.75,"{'I': 1, 'W': 0, 'R': 1, 'C': 'free'}",False,True,True,0.0,3
816,6,0.031289050424335794,0.5463508797153291,0.11195289705885561,2.0105336902575015,1.005705797694569,1.5262676227126168,0.03904439620864586,1.0,0.3,0.25,0.7,0.132970071549138,0.5893272693642699,0.8795104192419861,0.050000000000000044,0.75,"{'I': 1, 'W': 0, 'R': 1, 'C': 'free'}",False,True,True,0.0,3
816,7,0.03546158399304319,0.5882018270664099,0.2124341233017991,2.525882281439402,1.0082745758818177,1.5574766850947956,0.08665886095489395,1.0,0.2,0.050000000000000044,0.7,0.4366774518428952,0.816145723058807,0.8157520116476129,0.15000000000000002,0.75,"{'I': 1, 'W': 0, 'R': 1, 'C': 'free'}",False,True,True,1.0,3
84,1,0.032841882671946744,0.3094517214798179,0.46519918261200005,1.6045134366624294,1.0124206809451215,1.2479251593291034,0.16903088994913196,0.9999967095659795,0.05,0.0,0.050000000000000044,0.00857742605731176,0.010988561860153956,0.07749593231505351,0.0,0.0,"{'I': 1, 'W': 0, 'R': 1, 'C': 'free'}",False,True,True,1.0,3
84,2,0.010470110795594328,0.3697749612535316,0.06134548567289875,2.0270301683426926,1.0017779786286518,1.278717207928669,0.014110696724555893,0.999999999999906,0.05,0.050000000000000044,0.050000000000000044,0.04229167175596142,0.07586349568645258,0.047346643949335694,0.0,0.0,"{'I': 1, 'W': 0, 'R': 1, 'C': 'free'}",False,True,True,1.0,3
84,3,0.03164297638422058,0.27399405126512283,0.25065369848385916,1.7439151249732985,1.0088553287758668,1.1806885446259867,0.06810096560212042,0.9999998043803462,0.0,0.0,0.0,0.0035921846199772514,0.020299064408835794,0.012397191115238033,0.0,0.0,"{'I': 0, 'W': 1, 'R': 0, 'C': 'costly'}",False,True,True,1.0,3
851,1,0.007678688920599429,0.4715760218274243,0.03257639727517617,2.3287443656835536,1.0011012392196452,1.3484852518708745,0.007674830032774693,1.0,0.1,0.050000000000000044,0.09999999999999998,0.0953648963126311,0.498099836088886,0.40473773871631197,0.050000000000000044,0.050000000000000044,"{'I': 1, 'W': 0, 'R': 1, 'C': 'free'}",False,True,True,1.0,3
851,2,0.015607002251547068,0.4224895677987935,0.09136190740360897,1.730173391071141,1.0030841890860407,1.3307363720168475,0.01830700941627339,0.9999999997906747,0.05,0.0,0.050000000000000044,0.003156355857590021,0.07698117897694792,0.03703913574691264,0.0,0.0,"{'I': 1, 'W': 0, 'R': 1, 'C': 'free'}",False,True,True,1.0,3
851,3,0.09453897130008648,0.40528206855335885,0.6982006376467613,2.491413980548799,1.034679470507522,1.340513465207518,0.3795334834962476,1.0,,0.050000000000000044,0.7,0.2225002825221345,0.5304090025994097,0.7308440798483447,0.15000000000000002,0.75,"{'I': 1, 'W': 0, 'R': 1, 'C': 'free'}",False,True,True,0.6666666666666666,3
851,4,0.11941613903142446,0.38666647150626055,0.8861975556349009,2.353333011598484,1.0408406749335528,1.2866693641450877,0.35616706674239285,1.0,0.2,0.050000000000000044,0.15000000000000002,0.24506282807066368,0.43619753862813543,0.4344655630147963,0.050000000000000044,0.15000000000000002,"{'I': 1, 'W': 0, 'R': 1, 'C': 'free'}",False,True,True,0.6666666666666666,3
851,5,0.28675982928234395,0.39534941634495613,1.05247338184851,2.573271632346637,1.2433959516874098,1.311531850780627,0.9619058520249999,1.0,0.2,0.050000000000000044,0.050000000000000044,0.26874770436474305,0.46815476890357693,0.8172111310912872,0.15000000000000002,0.15000000000000002,"{'I': 1, 'W': 0, 'R': 1, 'C': 'free'}",False,True,True,0.0,3
851,6,0.08009861698113872,0.4394495413283219,0.6031914747154665,2.623536073886976,1.0200808608985867,1.3582184134629134,0.2277637049213419,1.0,0.2,0.9,0.7,0.22249715387495467,0.5306283071356439,0.5615294206690099,0.35,0.75,"{'I': 1, 'W': 0, 'R': 1, 'C': 'free'}",False,True,True,0.0,3
851,7,0.08622002220680088,0.4297188710487884,0.8808706508358672,2.6240917581868075,1.0303662658324195,1.3310318612844398,0.32218872147938893,1.0,,0.050000000000000044,0.7,0.40710758775261097,0.6788501095837416,0.8353467192872893,0.15000000000000002,0.75,"{'I': 1, 'W': 0, 'R': 1, 'C': 'free'}",False,True,True,0.0,3
88,1,0.2521177029092051,0.4745510169327933,1.1346461207087777,2.389401679049924,1.1717397593957506,1.357914661718295,0.8725925469804732,0.9999999999999994,0.15,0.15000000000000002,0.050000000000000044,0.8155104956416542,0.648666749762594,0.5310547966185293,0.9,0.050000000000000044,"{'I': 1, 'W': 0, 'R': 1, 'C': 'free'}",False,True,True,0.6666666666666666,3
88,2,0.20709008333665938,0.6473562946161505,0.7115696478613938,2.263064352795723,1.0811723160921765,1.5975592475491296,0.42092397847594953,1.0,0.05,0.4,0.15000000000000002,0.2675312165014567,0.5889518948073992,0.4053543043284244,0.15000000000000002,0.15000000000000002,"{'I': 1, 'W': 0, 'R': 1, 'C': 'free'}",False,True,True,1.0,3
88,3,0.09095323616212969,0.4553121107895726,0.4702455060259122,2.085188316669317,1.0266862522964306,1.374369611249094,0.21103038166796084,1.0,0.05,0.050000000000000044,0.050000000000000044,0.0158826557451644,0.182097219181381,0.49792983506547744,0.050000000000000044,0.15000000000000002,"{'I': 1, 'W': 0, 'R': 1, 'C': 'free'}",False,True,True,1.0,3
88,4,0.4778747849915501,0.48242964421752926,2.6060146126877957,2.6060146126877957,1.406324172724572,1.4109269548684484,1.0,1.0,,,0.35,,,0.6207077258103073,,0.15000000000000002,,False,True,False,,
88,5,0.17039334998942382,0.5612542495470835,0.8105461494555467,2.563919374126441,1.078587288154611,1.5020456946406613,0.678507728734264,1.0,0.2,0.15000000000000002,0.5,0.40719172565326284,0.7305184494938418,0.7544747567532887,0.7,0.75,"{'I': 1, 'W': 0, 'R': 1, 'C': 'free'}",False,True,True,1.0,3
88,6,0.040028979948982,0.5365891267208082,0.17241879536259103,2.7933763542209222,1.0080138262904503,1.4592239502459086,0.1057289891171681,1.0,0.2,0.9,0.7,0.2939431118920697,0.7051890915120066,0.797710207474548,0.75,0.75,"{'I': 1, 'W': 0, 'R': 1, 'C': 'free'}",False,True,True,0.0,3
88,7,0.02980572217572177,0.5413282213506692,0.151658261958894,2.258000502279224,1.0063939138810079,1.4365657462855674,0.06174695475005787,1.0,0.3,0.7,0.7,0.56174777794886,0.8349653416901982,0.6214828021142813,0.75,0.55,"{'I': 1, 'W': 0, 'R': 1, 'C': 'free'}",False,True,True,0.3333333333333333,3
891,1,0.0024479798861892265,0.08951502013411503,0.014259057380685343,0.8376698555673653,1.0002732235434886,1.0401091508809392,0.0019104762856192448,0.8361789129283551,0.0,0.0,0.0,0.002436812247052654,0.03726456813746741,0.07239237999047717,0.0,0.0,"{'I': 1, 'W': 0, 'R': 1, 'C': 'free'}",False,True,True,1.0,1
891,2,0.01835732632135418,0.12328198007644632,0.171395580636667,1.2162118925938308,1.0036011981667088,1.0971246226714784,0.03530886263538224,0.9938916756484261,0.05,0.0,0.0,0.0014955620226476207,0.010975244857307253,0.0021806298127447434,0.0,0.0,"{'I': 1, 'W': 0, 'R': 1, 'C': 'free'}",False,True,True,1.0,1
891,3,0.0064588914643962676,0.10732691838686187,0.041448301548014294,1.401213848985991,1.0008438332469995,1.0551516185939618,0.0058869455672004856,0.9960320294189887,0.0,0.0,0.0,0.015903989990256603,0.008564200333355988,0.007565307670486701,0.0,0.0,"{'I': 0, 'W': 1, 'R': 0, 'C': 'costly'}",False,True,True,1.0,1
899,1,0.002618603452866334,0.2378417716137458,0.01198218892784957,1.6724064592653152,1.0003165144391306,1.1313711171338916,0.002212798656426651,0.9849537931455652,0.05,0.0,0.050000000000000044,0.0027404764566369842,0.009685015403408187,0.1429088527269475,0.0,0.0,"{'I': 1, 'W': 0, 'R': 1, 'C': 'free'}",False,True,True,1.0,3
899,2,0.0017479946112460435,0.2793664465393931,0.007560725705957237,1.3519236439091828,1.0001873682784175,1.141616035745684,0.0016847357812740382,0.9992167205474028,0.05,0.0,0.0,0.0011678068812118127,0.009686990924005457,0.00857864950883049,0.0,0.0,"{'I': 1, 'W': 0, 'R': 1, 'C': 'free'}",False,True,True,1.0,3
899,3,0.013175203724228562,0.5073299589524588,0.056330646665383406,2.6185788648901953,1.0021819574412927,1.4210837657544577,0.010838735137645217,1.0,0.05,0.050000000000000044,0.050000000000000044,0.0850481239645177,0.11912884164267103,0.3483998088851557,0.050000000000000044,0.050000000000000044,"{'I': 0, 'W': 1, 'R': 0, 'C': 'costly'}",False,True,True,1.0,3
909,1,0.0008738119897793402,0.1647604037396041,0.0032486937498939893,1.0926873490334785,1.0000914987082592,1.1218350464649323,0.0007316883654834294,0.9887080520309965,0.0,0.0,0.050000000000000044,0.0012931976034688724,0.009690612322234312,0.07463138062145866,0.0,0.0,"{'I': 1, 'W': 0, 'R': 1, 'C': 'free'}",False,True,True,1.0,3
909,2,0.007500716904386952,0.20989627334144956,0.06930996739668271,1.2541757355031635,1.0012129228412636,1.119955091217,0.01204870444491779,0.9961169749668498,0.0,0.0,0.0,0.0005486676935181294,0.004605317327448534,0.0021695079264418366,0.0,0.0,"{'I': 1, 'W': 0, 'R': 1, 'C': 'free'}",False,True,True,1.0,3
909,3,0.07159710702681535,0.2827939397100992,0.3428456536772531,1.9016830712412973,1.0232482028614172,1.1971965502490771,0.1085539864844306,0.9999999985300472,0.0,0.0,0.0,0.0059011624444497215,0.001925161489409723,0.008577512898775556,0.0,0.0,"{'I': 0, 'W': 1, 'R': 0, 'C': 'costly'}",False,True,True,1.0,3
919,1,0.1185372989453915,0.3368791759277572,0.5951081765884016,2.1674380654831236,1.249428659258535,1.2632317946001013,0.7371359354855329,0.9999999996351817,0.05,0.050000000000000044,0.050000000000000044,0.04209093432542316,0.07562422807863624,0.11299446805853607,0.0,0.0,"{'I': 1, 'W': 0, 'R': 1, 'C': 'free'}",False,True,True,1.0,3
919,2,0.021035757788287108,0.3212825263948375,0.11910894272243895,1.45803710999758,1.004038139463574,1.2517811774665701,0.027815868177297864,0.9999999959021492,0.05,0.050000000000000044,0.050000000000000044,0.1480428030165124,0.16349558952248433,0.08511664691496988,0.050000000000000044,0.050000000000000044,"{'I': 1, 'W': 0, 'R': 1, 'C': 'free'}",False,True,True,1.0,3
919,3,0.004028628088243894,0.2891562753916685,0.03381129113968116,1.7478004408574133,1.00059451116404,1.2017072774809405,0.005925718385145884,0.9999999939642006,0.05,0.0,0.050000000000000044,0.059968920298955494,0.10651512456634395,0.20118070705690325,0.050000000000000044,0.050000000000000044,"{'I': 1, 'W': 0, 'R': 1, 'C': 'free'}",False,True,True,1.0,3
919,4,0.00487676807338374,0.25561713936014985,0.03659484567141943,2.0075541144867146,1.0007361008000943,1.1531818180738989,0.00660058986893608,0.9999982481138927,0.0,0.0,0.0,0.0035928232340829602,0.0035931276402461146,0.022905754404765305,0.0,0.0,"{'I': 0, 'W': 1, 'R': 0, 'C': 'costly'}",False,True,True,1.0,3
92,1,0.16032310219208284,0.3375982640437511,0.6728351066415047,1.701808089770067,1.0748719539544271,1.2577882471930215,0.4387631864987679,0.9999999965852434,0.0,0.050000000000000044,0.050000000000000044,0.08509431597492842,0.07585864195662743,0.16088397472437768,0.050000000000000044,0.0,"{'I': 1, 'W': 0, 'R': 1, 'C': 'free'}",False,True,True,1.0,3
92,2,0.16681402748477886,0.42567204504795847,0.9088190646509626,2.0189970385188194,1.045034251607398,1.365096105655137,0.29699923030453224,0.9999999999998029,0.1,0.4,0.15000000000000002,0.590647329695152,0.6208505717058018,0.22156834683750223,0.5,0.15000000000000002,"{'I': 1, 'W': 0, 'R': 1, 'C': 'free'}",False,True,True,0.6666666666666666,3
92,3,0.058067472073808434,0.4689102162698661,0.3578672232224712,2.341938789229726,1.016494910153104,1.3637163269973853,0.13691588249773634,1.0,0.2,0.35,0.7,0.24486808780473865,0.6216120664783157,0.8666430054893416,0.5,0.75,"{'I': 1, 'W': 0, 'R': 1, 'C': 'free'}",False,True,True,0.0,3
92,4,0.0951330291506249,0.5851759424094488,0.5734951235914321,2.694511849776217,1.0324126906795126,1.480447618154929,0.22522905607406796,1.0,0.2,0.7,0.15000000000000002,0.37713862859921565,0.6768078699090366,0.7286496980036823,0.65,0.15000000000000002,"{'I': 1, 'W': 0, 'R': 1, 'C': 'free'}",False,True,True,0.0,3
92,5,0.06567364084629981,0.4664260846222068,0.6930146527296414,2.8018326895271404,1.0411396690674874,1.3912918415720208,0.5160080857495215,1.0,0.2,0.15000000000000002,0.050000000000000044,0.37734126147649166,0.754208024762222,0.8514580536239272,0.5,0.35,"{'I': 1, 'W': 0, 'R': 1, 'C': 'free'}",False,True,True,0.6666666666666666,3
92,6,0.030762620386271283,0.542193934041273,0.16133069241657863,2.2559775400475885,1.0067140140754083,1.5429111460768503,0.05212496373221964,1.0,0.2,0.050000000000000044,0.7,0.4069020239026382,0.5890139974949978,0.6757948408836767,0.050000000000000044,0.75,"{'I': 1, 'W': 0, 'R': 1, 'C': 'free'}",False,True,True,1.0,3
92,7,0.03272477766396243,0.6352228417960296,0.21345786904779837,2.152010586529298,1.0078634989440904,1.5205494038952652,0.0607390554132754,1.0,0.1,0.050000000000000044,0.15000000000000002,0.70329788497187,0.8800911899955783,0.4336236047267934,0.75,0.75,"{'I': 1, 'W': 0, 'R': 1, 'C': 'free'}",True,True,True,0.0,3
923,1,0.007167960650270102,0.2465224034274394,0.032770677087384466,1.7049476981232363,1.0010551841163668,1.1307968882319233,0.006307788650372292,0.9906376468032041,0.05,0.0,0.050000000000000044,0.0051210801907318896,0.005910731877594304,0.39833249301526125,0.0,0.0,"{'I': 1, 'W': 0, 'R': 1, 'C': 'free'}",False,True,True,1.0,3
923,2,0.0023346006775082093,0.5696200309727844,0.012314655909278051,1.9969622745668576,1.0002801411797804,1.455489941841831,0.0022383068275362294,0.999999999999999,0.05,0.050000000000000044,0.050000000000000044,0.1491836527017096,0.31851465067118634,0.37752294522480645,0.050000000000000044,0.050000000000000044,"{'I': 1, 'W': 0, 'R': 1, 'C': 'free'}",False,True,True,1.0,3
923,3,0.0011614119950711982,0.3077679459853811,0.005282386686587272,1.5768037453331285,1.0001222908571328,1.1773910190172625,0.0010999450384281406,0.9998932323337046,0.05,0.0,0.0,0.20179369791370044,0.05320202893770242,0.014063732321217852,0.0,0.0,"{'I': 1, 'W': 0, 'R': 1, 'C': 'free'}",False,True,True,1.0,3
923,4,0.0009855811399085896,0.3167222387013117,0.0038093932534159617,1.8339756369571294,1.000100279113635,1.2421832414017622,0.0007016723149124715,0.9999997447278738,0.05,0.0,0.0,0.0019277973790035581,0.012411550346462723,0.01796253925842744,0.0,0.0,"{'I': 1, 'W': 0, 'R': 1, 'C': 'free'}",False,True,True,1.0,3
923,5,0.10915843087273189,0.25914046130937,0.5327915970901337,1.8923502257882583,1.0520565811533704,1.1757874017034136,0.2241022137135087,0.999999999768285,0.0,0.0,0.0,0.003172317076481039,0.005215063875093113,0.00757143411897556,0.0,0.0,"{'I': 0, 'W': 1, 'R': 0, 'C': 'costly'}",False,True,True,1.0,3
924,1,0.012337393053086308,0.3694538091702543,0.07420689250713997,2.0649722759464626,1.0021687139796922,1.2801538362867158,0.017181609062411063,0.9999999999999609,0.05,0.050000000000000044,0.09999999999999998,0.05968749092150392,0.11810237768763023,0.11825650288455508,0.050000000000000044,0.050000000000000044,"{'I': 1, 'W': 0, 'R': 1, 'C': 'free'}",False,True,True,1.0,3
924,2,0.0027692306177183293,0.4988205176482907,0.01849378192100084,2.456505107015662,1.0003498441963468,1.403774648034897,0.004884991640218717,0.9999999999999446,0.05,0.050000000000000044,0.050000000000000044,0.053409393742275275,0.1824022421630729,0.08513027588432213,0.050000000000000044,0.050000000000000044,"{'I': 1, 'W': 0, 'R': 1, 'C': 'free'}",False,True,True,1.0,3
924,3,0.09554447212272384,0.2139608141057933,1.1231425553064684,1.9354795431587188,1.0988063392962792,1.196847522944787,0.6771906359418146,0.9999898721984882,0.05,0.0,0.0,0.004068085625404894,0.01243075054303462,0.007653587036420171,0.0,0.0,"{'I': 1, 'W': 0, 'R': 1, 'C': 'free'}",False,True,True,1.0,3
924,4,0.07157290932338423,0.25763324598369264,0.54077191308239,1.604748435619285,1.0295084668151973,1.152690998316238,0.2523458068524316,0.9999884397329091,0.0,0.0,0.0,0.02931050171501113,0.02595791033402108,0.020332016558180652,0.0,0.0,"{'I': 0, 'W': 1, 'R': 0, 'C': 'costly'}",False,True,True,1.0,3
953,1,0.44746200106706413,0.5246007405409593,1.9523331688341168,2.2722504757417696,1.7635002264127073,1.48352837193429,0.9965624834134479,0.9999999998838979,0.1,0.15000000000000002,0.09999999999999998,0.7503322305411165,0.7516471428296941,0.6342833422718239,0.9,0.9,"{'I': 1, 'W': 0, 'R': 1, 'C': 'free'}",False,True,True,1.0,3
953,2,0.19645741093396735,0.5959290752722242,0.7946658394383086,2.387595534359476,1.1507717599531073,1.5221417552826373,0.8388833380047619,1.0,0.2,1.0,0.5,0.7512724520003824,0.8890610421846964,0.6186237499518197,0.8,0.75,"{'I': 1, 'W': 0, 'R': 1, 'C': 'free'}",False,True,True,0.3333333333333333,3
953,3,0.22783354367115294,0.5695168592045515,0.7188639962100171,2.4590365876671227,1.1803111935610284,1.4870392837935695,0.6866538814884553,1.0,0.1,0.050000000000000044,0.050000000000000044,0.029315857148473356,0.2218189838757437,0.5915252879872589,0.050000000000000044,0.75,"{'I': 1, 'W': 0, 'R': 1, 'C': 'free'}",False,True,True,1.0,3
953,4,0.18983479240741424,0.5262355886919746,0.7719099970368098,1.848387153165086,1.1320468512517308,1.4346995797829551,0.6724931482019274,1.0,0.5,0.7,0.4,0.4679121900801059,0.7491683998887325,0.4666663848970247,0.65,0.15000000000000002,"{'I': 1, 'W': 0, 'R': 1, 'C': 'free'}",False,True,True,0.0,3
953,5,0.1922488917695835,0.49853797383081705,0.7042154251082908,2.719009385351996,1.0820758250551745,1.4007989105825138,0.5083220299473791,1.0,0.3,0.35,0.6,0.7543632682117375,0.8354075266112023,0.7978121655438736,0.85,0.75,"{'I': 1, 'W': 0, 'R': 1, 'C': 'free'}",False,True,True,0.3333333333333333,3
953,6,0.2959458464485783,0.5525037682232078,1.0105586582751342,2.5572577757209793,1.1422233896864684,1.5171186810509993,0.7354611209882611,1.0,0.2,0.35,0.7,0.293898497662863,0.6478320354126132,0.6478713858442592,0.35,0.75,"{'I': 1, 'W': 0, 'R': 1, 'C': 'free'}",False,True,True,0.6666666666666666,3
953,7,0.08645432877835714,0.5689101026741796,0.25693438959011994,2.234081052321527,1.0207159091938345,1.4740315837374696,0.13370498980459455,1.0,0.2,0.050000000000000044,0.15000000000000002,0.8798368867656824,0.7966415242176479,0.1819683644312646,0.15000000000000002,0.050000000000000044,"{'I': 1, 'W': 0, 'R': 1, 'C': 'free'}",True,True,True,0.0,3
