dataset,assessor,target,pct,cut,bal_acc,realized_flag
alfworld,Llama-3.3-70B-Instruct,Llama-3.3-70B-Instruct,1,0.000000,0.5099,0.9899
alfworld,Llama-3.3-70B-Instruct,Llama-3.3-70B-Instruct,2,0.000000,0.5200,0.9801
alfworld,Llama-3.3-70B-Instruct,Llama-3.3-70B-Instruct,3,0.000000,0.5294,0.9700
alfworld,Llama-3.3-70B-Instruct,Llama-3.3-70B-Instruct,4,0.000000,0.5393,0.9599
alfworld,Llama-3.3-70B-Instruct,Llama-3.3-70B-Instruct,5,0.000000,0.5481,0.9501
alfworld,Llama-3.3-70B-Instruct,Llama-3.3-70B-Instruct,6,0.000000,0.5580,0.9400
alfworld,Llama-3.3-70B-Instruct,Llama-3.3-70B-Instruct,7,0.000000,0.5664,0.9301
alfworld,Llama-3.3-70B-Instruct,Llama-3.3-70B-Instruct,8,0.000000,0.5750,0.9200
alfworld,Llama-3.3-70B-Instruct,Llama-3.3-70B-Instruct,9,0.000000,0.5840,0.9100
alfworld,Llama-3.3-70B-Instruct,Llama-3.3-70B-Instruct,10,0.000000,0.5903,0.9001
alfworld,Llama-3.3-70B-Instruct,Llama-3.3-70B-Instruct,11,0.000000,0.5985,0.8900
alfworld,Llama-3.3-70B-Instruct,Llama-3.3-70B-Instruct,12,0.000000,0.6072,0.8800
alfworld,Llama-3.3-70B-Instruct,Llama-3.3-70B-Instruct,13,0.000000,0.6160,0.8701
alfworld,Llama-3.3-70B-Instruct,Llama-3.3-70B-Instruct,14,0.000000,0.6217,0.8600
alfworld,Llama-3.3-70B-Instruct,Llama-3.3-70B-Instruct,15,0.000000,0.6286,0.8499
alfworld,Llama-3.3-70B-Instruct,Llama-3.3-70B-Instruct,16,0.000000,0.6349,0.8401
alfworld,Llama-3.3-70B-Instruct,Llama-3.3-70B-Instruct,17,0.000000,0.6414,0.8300
alfworld,Llama-3.3-70B-Instruct,Llama-3.3-70B-Instruct,18,0.000000,0.6492,0.8199
alfworld,Llama-3.3-70B-Instruct,Llama-3.3-70B-Instruct,19,0.000000,0.6588,0.8101
alfworld,Llama-3.3-70B-Instruct,Llama-3.3-70B-Instruct,20,0.000001,0.6654,0.8000
alfworld,Llama-3.3-70B-Instruct,Llama-3.3-70B-Instruct,21,0.000001,0.6704,0.7901
alfworld,Llama-3.3-70B-Instruct,Llama-3.3-70B-Instruct,22,0.000001,0.6786,0.7801
alfworld,Llama-3.3-70B-Instruct,Llama-3.3-70B-Instruct,23,0.000001,0.6843,0.7700
alfworld,Llama-3.3-70B-Instruct,Llama-3.3-70B-Instruct,24,0.000002,0.6881,0.7601
alfworld,Llama-3.3-70B-Instruct,Llama-3.3-70B-Instruct,25,0.000002,0.6963,0.7501
alfworld,Llama-3.3-70B-Instruct,Llama-3.3-70B-Instruct,26,0.000003,0.7003,0.7400
alfworld,Llama-3.3-70B-Instruct,Llama-3.3-70B-Instruct,27,0.000004,0.7061,0.7301
alfworld,Llama-3.3-70B-Instruct,Llama-3.3-70B-Instruct,28,0.000006,0.7089,0.7200
alfworld,Llama-3.3-70B-Instruct,Llama-3.3-70B-Instruct,29,0.000008,0.7167,0.7100
alfworld,Llama-3.3-70B-Instruct,Llama-3.3-70B-Instruct,30,0.000010,0.7221,0.7001
alfworld,Llama-3.3-70B-Instruct,Llama-3.3-70B-Instruct,31,0.000017,0.7274,0.6900
alfworld,Llama-3.3-70B-Instruct,Llama-3.3-70B-Instruct,32,0.000021,0.7324,0.6802
alfworld,Llama-3.3-70B-Instruct,Llama-3.3-70B-Instruct,33,0.000035,0.7377,0.6701
alfworld,Llama-3.3-70B-Instruct,Llama-3.3-70B-Instruct,34,0.000045,0.7421,0.6600
alfworld,Llama-3.3-70B-Instruct,Llama-3.3-70B-Instruct,35,0.000058,0.7446,0.6502
alfworld,Llama-3.3-70B-Instruct,Llama-3.3-70B-Instruct,36,0.000096,0.7499,0.6401
alfworld,Llama-3.3-70B-Instruct,Llama-3.3-70B-Instruct,37,0.000158,0.7539,0.6300
alfworld,Llama-3.3-70B-Instruct,Llama-3.3-70B-Instruct,38,0.000203,0.7560,0.6201
alfworld,Llama-3.3-70B-Instruct,Llama-3.3-70B-Instruct,39,0.000335,0.7587,0.6101
alfworld,Llama-3.3-70B-Instruct,Llama-3.3-70B-Instruct,40,0.000710,0.7602,0.6000
alfworld,Llama-3.3-70B-Instruct,Llama-3.3-70B-Instruct,41,0.001170,0.7614,0.5901
alfworld,Llama-3.3-70B-Instruct,Llama-3.3-70B-Instruct,42,0.001501,0.7654,0.5801
alfworld,Llama-3.3-70B-Instruct,Llama-3.3-70B-Instruct,43,0.003173,0.7657,0.5700
alfworld,Llama-3.3-70B-Instruct,Llama-3.3-70B-Instruct,44,0.004070,0.7644,0.5601
alfworld,Llama-3.3-70B-Instruct,Llama-3.3-70B-Instruct,45,0.006693,0.7663,0.5501
alfworld,Llama-3.3-70B-Instruct,Llama-3.3-70B-Instruct,46,0.008577,0.7667,0.5402
alfworld,Llama-3.3-70B-Instruct,Llama-3.3-70B-Instruct,47,0.014064,0.7674,0.5301
alfworld,Llama-3.3-70B-Instruct,Llama-3.3-70B-Instruct,48,0.017986,0.7676,0.5200
alfworld,Llama-3.3-70B-Instruct,Llama-3.3-70B-Instruct,49,0.037327,0.7688,0.5102
alfworld,Llama-3.3-70B-Instruct,Llama-3.3-70B-Instruct,50,0.047426,0.7682,0.5001
alfworld,Llama-3.3-70B-Instruct,Llama-3.3-70B-Instruct,51,0.075858,0.7659,0.4900
alfworld,Llama-3.3-70B-Instruct,Llama-3.3-70B-Instruct,52,0.119203,0.7659,0.4802
alfworld,Llama-3.3-70B-Instruct,Llama-3.3-70B-Instruct,53,0.182426,0.7645,0.4701
alfworld,Llama-3.3-70B-Instruct,Llama-3.3-70B-Instruct,54,0.268941,0.7634,0.4600
alfworld,Llama-3.3-70B-Instruct,Llama-3.3-70B-Instruct,55,0.377541,0.7626,0.4502
alfworld,Llama-3.3-70B-Instruct,Llama-3.3-70B-Instruct,56,0.500000,0.7607,0.4401
alfworld,Llama-3.3-70B-Instruct,Llama-3.3-70B-Instruct,57,0.562176,0.7565,0.4302
alfworld,Llama-3.3-70B-Instruct,Llama-3.3-70B-Instruct,58,0.679179,0.7567,0.4201
alfworld,Llama-3.3-70B-Instruct,Llama-3.3-70B-Instruct,59,0.777300,0.7557,0.4101
alfworld,Llama-3.3-70B-Instruct,Llama-3.3-70B-Instruct,60,0.851953,0.7523,0.4002
alfworld,Llama-3.3-70B-Instruct,Llama-3.3-70B-Instruct,61,0.880797,0.7509,0.3901
alfworld,Llama-3.3-70B-Instruct,Llama-3.3-70B-Instruct,62,0.924142,0.7460,0.3801
alfworld,Llama-3.3-70B-Instruct,Llama-3.3-70B-Instruct,63,0.952574,0.7397,0.3702
alfworld,Llama-3.3-70B-Instruct,Llama-3.3-70B-Instruct,64,0.970688,0.7379,0.3601
alfworld,Llama-3.3-70B-Instruct,Llama-3.3-70B-Instruct,65,0.977023,0.7339,0.3501
alfworld,Llama-3.3-70B-Instruct,Llama-3.3-70B-Instruct,66,0.982014,0.7305,0.3402
alfworld,Llama-3.3-70B-Instruct,Llama-3.3-70B-Instruct,67,0.989013,0.7278,0.3301
alfworld,Llama-3.3-70B-Instruct,Llama-3.3-70B-Instruct,68,0.993307,0.7238,0.3200
alfworld,Llama-3.3-70B-Instruct,Llama-3.3-70B-Instruct,69,0.994780,0.7192,0.3102
alfworld,Llama-3.3-70B-Instruct,Llama-3.3-70B-Instruct,70,0.995930,0.7135,0.3001
alfworld,Llama-3.3-70B-Instruct,Llama-3.3-70B-Instruct,71,0.997527,0.7085,0.2902
alfworld,Llama-3.3-70B-Instruct,Llama-3.3-70B-Instruct,72,0.998499,0.7033,0.2802
alfworld,Llama-3.3-70B-Instruct,Llama-3.3-70B-Instruct,73,0.998830,0.6964,0.2701
alfworld,Llama-3.3-70B-Instruct,Llama-3.3-70B-Instruct,74,0.999290,0.6922,0.2602
alfworld,Llama-3.3-70B-Instruct,Llama-3.3-70B-Instruct,75,0.999447,0.6861,0.2502
alfworld,Llama-3.3-70B-Instruct,Llama-3.3-70B-Instruct,76,0.999569,0.6808,0.2401
alfworld,Llama-3.3-70B-Instruct,Llama-3.3-70B-Instruct,77,0.999739,0.6754,0.2302
alfworld,Llama-3.3-70B-Instruct,Llama-3.3-70B-Instruct,78,0.999842,0.6676,0.2201
alfworld,Llama-3.3-70B-Instruct,Llama-3.3-70B-Instruct,79,0.999877,0.6624,0.2101
alfworld,Llama-3.3-70B-Instruct,Llama-3.3-70B-Instruct,80,0.999904,0.6552,0.2002
alfworld,Llama-3.3-70B-Instruct,Llama-3.3-70B-Instruct,81,0.999942,0.6492,0.1901
alfworld,Llama-3.3-70B-Instruct,Llama-3.3-70B-Instruct,82,0.999955,0.6429,0.1803
alfworld,Llama-3.3-70B-Instruct,Llama-3.3-70B-Instruct,83,0.999972,0.6351,0.1702
alfworld,Llama-3.3-70B-Instruct,Llama-3.3-70B-Instruct,84,0.999983,0.6290,0.1601
alfworld,Llama-3.3-70B-Instruct,Llama-3.3-70B-Instruct,85,0.999987,0.6206,0.1503
alfworld,Llama-3.3-70B-Instruct,Llama-3.3-70B-Instruct,86,0.999992,0.6137,0.1402
alfworld,Llama-3.3-70B-Instruct,Llama-3.3-70B-Instruct,87,0.999995,0.6055,0.1301
alfworld,Llama-3.3-70B-Instruct,Llama-3.3-70B-Instruct,88,0.999996,0.5980,0.1203
alfworld,Llama-3.3-70B-Instruct,Llama-3.3-70B-Instruct,89,0.999998,0.5902,0.1102
alfworld,Llama-3.3-70B-Instruct,Llama-3.3-70B-Instruct,90,0.999999,0.5835,0.1003
alfworld,Llama-3.3-70B-Instruct,Llama-3.3-70B-Instruct,91,0.999999,0.5753,0.0902
alfworld,Llama-3.3-70B-Instruct,Llama-3.3-70B-Instruct,92,0.999999,0.5680,0.0806
alfworld,Llama-3.3-70B-Instruct,Llama-3.3-70B-Instruct,93,1.000000,0.5598,0.0701
alfworld,Llama-3.3-70B-Instruct,Llama-3.3-70B-Instruct,94,1.000000,0.5527,0.0602
alfworld,Llama-3.3-70B-Instruct,Llama-3.3-70B-Instruct,95,1.000000,0.5451,0.0508
alfworld,Llama-3.3-70B-Instruct,Llama-3.3-70B-Instruct,96,1.000000,0.5357,0.0403
alfworld,Llama-3.3-70B-Instruct,Llama-3.3-70B-Instruct,97,1.000000,0.5281,0.0313
alfworld,Llama-3.3-70B-Instruct,Llama-3.3-70B-Instruct,98,1.000000,0.5193,0.0210
alfworld,Llama-3.3-70B-Instruct,Llama-3.3-70B-Instruct,99,1.000000,0.5092,0.0103
alfworld,Llama-3.3-70B-Instruct,Mistral-7B-Instruct-v0.3,1,0.000000,0.5204,0.9900
alfworld,Llama-3.3-70B-Instruct,Mistral-7B-Instruct-v0.3,2,0.000000,0.5404,0.9799
alfworld,Llama-3.3-70B-Instruct,Mistral-7B-Instruct-v0.3,3,0.000000,0.5597,0.9701
alfworld,Llama-3.3-70B-Instruct,Mistral-7B-Instruct-v0.3,4,0.000001,0.5793,0.9600
alfworld,Llama-3.3-70B-Instruct,Mistral-7B-Instruct-v0.3,5,0.000007,0.5960,0.9500
alfworld,Llama-3.3-70B-Instruct,Mistral-7B-Instruct-v0.3,6,0.000035,0.6106,0.9400
alfworld,Llama-3.3-70B-Instruct,Mistral-7B-Instruct-v0.3,7,0.000123,0.6248,0.9300
alfworld,Llama-3.3-70B-Instruct,Mistral-7B-Instruct-v0.3,8,0.000261,0.6366,0.9201
alfworld,Llama-3.3-70B-Instruct,Mistral-7B-Instruct-v0.3,9,0.000710,0.6474,0.9101
alfworld,Llama-3.3-70B-Instruct,Mistral-7B-Instruct-v0.3,10,0.002473,0.6591,0.9000
alfworld,Llama-3.3-70B-Instruct,Mistral-7B-Instruct-v0.3,11,0.005220,0.6683,0.8900
alfworld,Llama-3.3-70B-Instruct,Mistral-7B-Instruct-v0.3,12,0.014064,0.6787,0.8800
alfworld,Llama-3.3-70B-Instruct,Mistral-7B-Instruct-v0.3,13,0.029312,0.6895,0.8699
alfworld,Llama-3.3-70B-Instruct,Mistral-7B-Instruct-v0.3,14,0.060087,0.6984,0.8601
alfworld,Llama-3.3-70B-Instruct,Mistral-7B-Instruct-v0.3,15,0.119203,0.7063,0.8500
alfworld,Llama-3.3-70B-Instruct,Mistral-7B-Instruct-v0.3,16,0.222700,0.7147,0.8400
alfworld,Llama-3.3-70B-Instruct,Mistral-7B-Instruct-v0.3,17,0.320821,0.7226,0.8300
alfworld,Llama-3.3-70B-Instruct,Mistral-7B-Instruct-v0.3,18,0.500000,0.7285,0.8200
alfworld,Llama-3.3-70B-Instruct,Mistral-7B-Instruct-v0.3,19,0.622459,0.7323,0.8101
alfworld,Llama-3.3-70B-Instruct,Mistral-7B-Instruct-v0.3,20,0.731059,0.7382,0.8001
alfworld,Llama-3.3-70B-Instruct,Mistral-7B-Instruct-v0.3,21,0.817574,0.7436,0.7900
alfworld,Llama-3.3-70B-Instruct,Mistral-7B-Instruct-v0.3,22,0.880797,0.7491,0.7800
alfworld,Llama-3.3-70B-Instruct,Mistral-7B-Instruct-v0.3,23,0.924142,0.7549,0.7700
alfworld,Llama-3.3-70B-Instruct,Mistral-7B-Instruct-v0.3,24,0.952574,0.7563,0.7601
alfworld,Llama-3.3-70B-Instruct,Mistral-7B-Instruct-v0.3,25,0.970688,0.7584,0.7501
alfworld,Llama-3.3-70B-Instruct,Mistral-7B-Instruct-v0.3,26,0.982014,0.7588,0.7400
alfworld,Llama-3.3-70B-Instruct,Mistral-7B-Instruct-v0.3,27,0.985936,0.7609,0.7300
alfworld,Llama-3.3-70B-Instruct,Mistral-7B-Instruct-v0.3,28,0.991423,0.7626,0.7200
alfworld,Llama-3.3-70B-Instruct,Mistral-7B-Instruct-v0.3,29,0.993307,0.7636,0.7101
alfworld,Llama-3.3-70B-Instruct,Mistral-7B-Instruct-v0.3,30,0.995930,0.7623,0.7001
alfworld,Llama-3.3-70B-Instruct,Mistral-7B-Instruct-v0.3,31,0.996827,0.7607,0.6901
alfworld,Llama-3.3-70B-Instruct,Mistral-7B-Instruct-v0.3,32,0.997527,0.7611,0.6800
alfworld,Llama-3.3-70B-Instruct,Mistral-7B-Instruct-v0.3,33,0.998073,0.7616,0.6700
alfworld,Llama-3.3-70B-Instruct,Mistral-7B-Instruct-v0.3,34,0.998499,0.7628,0.6600
alfworld,Llama-3.3-70B-Instruct,Mistral-7B-Instruct-v0.3,35,0.998830,0.7629,0.6501
alfworld,Llama-3.3-70B-Instruct,Mistral-7B-Instruct-v0.3,36,0.999089,0.7638,0.6401
alfworld,Llama-3.3-70B-Instruct,Mistral-7B-Instruct-v0.3,37,0.999447,0.7642,0.6301
alfworld,Llama-3.3-70B-Instruct,Mistral-7B-Instruct-v0.3,38,0.999569,0.7651,0.6200
alfworld,Llama-3.3-70B-Instruct,Mistral-7B-Instruct-v0.3,39,0.999569,0.7659,0.6100
alfworld,Llama-3.3-70B-Instruct,Mistral-7B-Instruct-v0.3,40,0.999739,0.7631,0.6001
alfworld,Llama-3.3-70B-Instruct,Mistral-7B-Instruct-v0.3,41,0.999797,0.7611,0.5901
alfworld,Llama-3.3-70B-Instruct,Mistral-7B-Instruct-v0.3,42,0.999842,0.7598,0.5801
alfworld,Llama-3.3-70B-Instruct,Mistral-7B-Instruct-v0.3,43,0.999842,0.7582,0.5700
alfworld,Llama-3.3-70B-Instruct,Mistral-7B-Instruct-v0.3,44,0.999877,0.7541,0.5600
alfworld,Llama-3.3-70B-Instruct,Mistral-7B-Instruct-v0.3,45,0.999904,0.7521,0.5501
alfworld,Llama-3.3-70B-Instruct,Mistral-7B-Instruct-v0.3,46,0.999925,0.7484,0.5401
alfworld,Llama-3.3-70B-Instruct,Mistral-7B-Instruct-v0.3,47,0.999942,0.7451,0.5301
alfworld,Llama-3.3-70B-Instruct,Mistral-7B-Instruct-v0.3,48,0.999955,0.7434,0.5201
alfworld,Llama-3.3-70B-Instruct,Mistral-7B-Instruct-v0.3,49,0.999965,0.7393,0.5100
alfworld,Llama-3.3-70B-Instruct,Mistral-7B-Instruct-v0.3,50,0.999972,0.7360,0.5002
alfworld,Llama-3.3-70B-Instruct,Mistral-7B-Instruct-v0.3,51,0.999979,0.7344,0.4901
alfworld,Llama-3.3-70B-Instruct,Mistral-7B-Instruct-v0.3,52,0.999983,0.7336,0.4801
alfworld,Llama-3.3-70B-Instruct,Mistral-7B-Instruct-v0.3,53,0.999983,0.7294,0.4701
alfworld,Llama-3.3-70B-Instruct,Mistral-7B-Instruct-v0.3,54,0.999987,0.7257,0.4600
alfworld,Llama-3.3-70B-Instruct,Mistral-7B-Instruct-v0.3,55,0.999990,0.7216,0.4500
alfworld,Llama-3.3-70B-Instruct,Mistral-7B-Instruct-v0.3,56,0.999992,0.7192,0.4401
alfworld,Llama-3.3-70B-Instruct,Mistral-7B-Instruct-v0.3,57,0.999994,0.7142,0.4301
alfworld,Llama-3.3-70B-Instruct,Mistral-7B-Instruct-v0.3,58,0.999994,0.7105,0.4201
alfworld,Llama-3.3-70B-Instruct,Mistral-7B-Instruct-v0.3,59,0.999995,0.7073,0.4102
alfworld,Llama-3.3-70B-Instruct,Mistral-7B-Instruct-v0.3,60,0.999996,0.7018,0.4000
alfworld,Llama-3.3-70B-Instruct,Mistral-7B-Instruct-v0.3,61,0.999997,0.6982,0.3903
alfworld,Llama-3.3-70B-Instruct,Mistral-7B-Instruct-v0.3,62,0.999997,0.6933,0.3803
alfworld,Llama-3.3-70B-Instruct,Mistral-7B-Instruct-v0.3,63,0.999998,0.6899,0.3709
alfworld,Llama-3.3-70B-Instruct,Mistral-7B-Instruct-v0.3,64,0.999998,0.6840,0.3601
alfworld,Llama-3.3-70B-Instruct,Mistral-7B-Instruct-v0.3,65,0.999998,0.6795,0.3500
alfworld,Llama-3.3-70B-Instruct,Mistral-7B-Instruct-v0.3,66,0.999999,0.6750,0.3402
alfworld,Llama-3.3-70B-Instruct,Mistral-7B-Instruct-v0.3,67,0.999999,0.6685,0.3303
alfworld,Llama-3.3-70B-Instruct,Mistral-7B-Instruct-v0.3,68,0.999999,0.6634,0.3201
alfworld,Llama-3.3-70B-Instruct,Mistral-7B-Instruct-v0.3,69,0.999999,0.6576,0.3101
alfworld,Llama-3.3-70B-Instruct,Mistral-7B-Instruct-v0.3,70,0.999999,0.6535,0.3002
alfworld,Llama-3.3-70B-Instruct,Mistral-7B-Instruct-v0.3,71,1.000000,0.6483,0.2905
alfworld,Llama-3.3-70B-Instruct,Mistral-7B-Instruct-v0.3,72,1.000000,0.6439,0.2806
alfworld,Llama-3.3-70B-Instruct,Mistral-7B-Instruct-v0.3,73,1.000000,0.6395,0.2703
alfworld,Llama-3.3-70B-Instruct,Mistral-7B-Instruct-v0.3,74,1.000000,0.6351,0.2604
alfworld,Llama-3.3-70B-Instruct,Mistral-7B-Instruct-v0.3,75,1.000000,0.6305,0.2504
alfworld,Llama-3.3-70B-Instruct,Mistral-7B-Instruct-v0.3,76,1.000000,0.6262,0.2400
alfworld,Llama-3.3-70B-Instruct,Mistral-7B-Instruct-v0.3,77,1.000000,0.6208,0.2306
alfworld,Llama-3.3-70B-Instruct,Mistral-7B-Instruct-v0.3,78,1.000000,0.6147,0.2203
alfworld,Llama-3.3-70B-Instruct,Mistral-7B-Instruct-v0.3,79,1.000000,0.6101,0.2107
alfworld,Llama-3.3-70B-Instruct,Mistral-7B-Instruct-v0.3,80,1.000000,0.6057,0.2010
alfworld,Llama-3.3-70B-Instruct,Mistral-7B-Instruct-v0.3,81,1.000000,0.6011,0.1908
alfworld,Llama-3.3-70B-Instruct,Mistral-7B-Instruct-v0.3,82,1.000000,0.5961,0.1802
alfworld,Llama-3.3-70B-Instruct,Mistral-7B-Instruct-v0.3,83,1.000000,0.5914,0.1706
alfworld,Llama-3.3-70B-Instruct,Mistral-7B-Instruct-v0.3,84,1.000000,0.5889,0.1631
alfworld,Llama-3.3-70B-Instruct,Mistral-7B-Instruct-v0.3,85,1.000000,0.5827,0.1518
alfworld,Llama-3.3-70B-Instruct,Mistral-7B-Instruct-v0.3,86,1.000000,0.5782,0.1432
alfworld,Llama-3.3-70B-Instruct,Mistral-7B-Instruct-v0.3,87,1.000000,0.5722,0.1328
alfworld,Llama-3.3-70B-Instruct,Mistral-7B-Instruct-v0.3,88,1.000000,0.5665,0.1205
alfworld,Llama-3.3-70B-Instruct,Mistral-7B-Instruct-v0.3,89,1.000000,0.5618,0.1103
alfworld,Llama-3.3-70B-Instruct,Mistral-7B-Instruct-v0.3,90,1.000000,0.5570,0.1010
alfworld,Llama-3.3-70B-Instruct,Mistral-7B-Instruct-v0.3,91,1.000000,0.5512,0.0904
alfworld,Llama-3.3-70B-Instruct,Mistral-7B-Instruct-v0.3,92,1.000000,0.5468,0.0801
alfworld,Llama-3.3-70B-Instruct,Mistral-7B-Instruct-v0.3,93,1.000000,0.5421,0.0724
alfworld,Llama-3.3-70B-Instruct,Mistral-7B-Instruct-v0.3,94,1.000000,0.5377,0.0633
alfworld,Llama-3.3-70B-Instruct,Mistral-7B-Instruct-v0.3,95,1.000000,0.5303,0.0514
alfworld,Llama-3.3-70B-Instruct,Mistral-7B-Instruct-v0.3,96,1.000000,0.5233,0.0403
alfworld,Llama-3.3-70B-Instruct,Mistral-7B-Instruct-v0.3,97,1.000000,0.5193,0.0329
alfworld,Llama-3.3-70B-Instruct,Mistral-7B-Instruct-v0.3,98,1.000000,0.5124,0.0213
alfworld,Llama-3.3-70B-Instruct,Mistral-7B-Instruct-v0.3,99,1.000000,0.5063,0.0108
alfworld,Llama-3.3-70B-Instruct,Phi-4-mini-instruct,1,0.000000,0.5229,0.9900
alfworld,Llama-3.3-70B-Instruct,Phi-4-mini-instruct,2,0.000000,0.5444,0.9800
alfworld,Llama-3.3-70B-Instruct,Phi-4-mini-instruct,3,0.000004,0.5660,0.9700
alfworld,Llama-3.3-70B-Instruct,Phi-4-mini-instruct,4,0.000028,0.5827,0.9600
alfworld,Llama-3.3-70B-Instruct,Phi-4-mini-instruct,5,0.000335,0.5993,0.9500
alfworld,Llama-3.3-70B-Instruct,Phi-4-mini-instruct,6,0.002473,0.6156,0.9400
alfworld,Llama-3.3-70B-Instruct,Phi-4-mini-instruct,7,0.014064,0.6314,0.9300
alfworld,Llama-3.3-70B-Instruct,Phi-4-mini-instruct,8,0.047426,0.6436,0.9200
alfworld,Llama-3.3-70B-Instruct,Phi-4-mini-instruct,9,0.148047,0.6541,0.9101
alfworld,Llama-3.3-70B-Instruct,Phi-4-mini-instruct,10,0.437823,0.6636,0.9001
alfworld,Llama-3.3-70B-Instruct,Phi-4-mini-instruct,11,0.679179,0.6719,0.8901
alfworld,Llama-3.3-70B-Instruct,Phi-4-mini-instruct,12,0.851953,0.6779,0.8801
alfworld,Llama-3.3-70B-Instruct,Phi-4-mini-instruct,13,0.924142,0.6875,0.8701
alfworld,Llama-3.3-70B-Instruct,Phi-4-mini-instruct,14,0.962673,0.6957,0.8601
alfworld,Llama-3.3-70B-Instruct,Phi-4-mini-instruct,15,0.977023,0.7022,0.8501
alfworld,Llama-3.3-70B-Instruct,Phi-4-mini-instruct,16,0.985936,0.7091,0.8401
alfworld,Llama-3.3-70B-Instruct,Phi-4-mini-instruct,17,0.991423,0.7137,0.8300
alfworld,Llama-3.3-70B-Instruct,Phi-4-mini-instruct,18,0.994780,0.7171,0.8200
alfworld,Llama-3.3-70B-Instruct,Phi-4-mini-instruct,19,0.996827,0.7205,0.8100
alfworld,Llama-3.3-70B-Instruct,Phi-4-mini-instruct,20,0.998073,0.7252,0.8000
alfworld,Llama-3.3-70B-Instruct,Phi-4-mini-instruct,21,0.998499,0.7294,0.7900
alfworld,Llama-3.3-70B-Instruct,Phi-4-mini-instruct,22,0.999089,0.7288,0.7800
alfworld,Llama-3.3-70B-Instruct,Phi-4-mini-instruct,23,0.999290,0.7330,0.7700
alfworld,Llama-3.3-70B-Instruct,Phi-4-mini-instruct,24,0.999569,0.7311,0.7600
alfworld,Llama-3.3-70B-Instruct,Phi-4-mini-instruct,25,0.999665,0.7322,0.7500
alfworld,Llama-3.3-70B-Instruct,Phi-4-mini-instruct,26,0.999739,0.7343,0.7400
alfworld,Llama-3.3-70B-Instruct,Phi-4-mini-instruct,27,0.999842,0.7350,0.7300
alfworld,Llama-3.3-70B-Instruct,Phi-4-mini-instruct,28,0.999877,0.7339,0.7200
alfworld,Llama-3.3-70B-Instruct,Phi-4-mini-instruct,29,0.999904,0.7350,0.7100
alfworld,Llama-3.3-70B-Instruct,Phi-4-mini-instruct,30,0.999925,0.7357,0.7000
alfworld,Llama-3.3-70B-Instruct,Phi-4-mini-instruct,31,0.999942,0.7342,0.6900
alfworld,Llama-3.3-70B-Instruct,Phi-4-mini-instruct,32,0.999965,0.7332,0.6800
alfworld,Llama-3.3-70B-Instruct,Phi-4-mini-instruct,33,0.999972,0.7348,0.6700
alfworld,Llama-3.3-70B-Instruct,Phi-4-mini-instruct,34,0.999979,0.7315,0.6601
alfworld,Llama-3.3-70B-Instruct,Phi-4-mini-instruct,35,0.999983,0.7317,0.6501
alfworld,Llama-3.3-70B-Instruct,Phi-4-mini-instruct,36,0.999987,0.7298,0.6401
alfworld,Llama-3.3-70B-Instruct,Phi-4-mini-instruct,37,0.999990,0.7283,0.6301
alfworld,Llama-3.3-70B-Instruct,Phi-4-mini-instruct,38,0.999991,0.7285,0.6201
alfworld,Llama-3.3-70B-Instruct,Phi-4-mini-instruct,39,0.999992,0.7293,0.6102
alfworld,Llama-3.3-70B-Instruct,Phi-4-mini-instruct,40,0.999994,0.7282,0.6001
alfworld,Llama-3.3-70B-Instruct,Phi-4-mini-instruct,41,0.999995,0.7253,0.5901
alfworld,Llama-3.3-70B-Instruct,Phi-4-mini-instruct,42,0.999996,0.7238,0.5801
alfworld,Llama-3.3-70B-Instruct,Phi-4-mini-instruct,43,0.999997,0.7218,0.5701
alfworld,Llama-3.3-70B-Instruct,Phi-4-mini-instruct,44,0.999997,0.7186,0.5601
alfworld,Llama-3.3-70B-Instruct,Phi-4-mini-instruct,45,0.999998,0.7171,0.5503
alfworld,Llama-3.3-70B-Instruct,Phi-4-mini-instruct,46,0.999998,0.7148,0.5404
alfworld,Llama-3.3-70B-Instruct,Phi-4-mini-instruct,47,0.999998,0.7118,0.5301
alfworld,Llama-3.3-70B-Instruct,Phi-4-mini-instruct,48,0.999999,0.7072,0.5201
alfworld,Llama-3.3-70B-Instruct,Phi-4-mini-instruct,49,0.999999,0.7042,0.5106
alfworld,Llama-3.3-70B-Instruct,Phi-4-mini-instruct,50,0.999999,0.7037,0.5002
alfworld,Llama-3.3-70B-Instruct,Phi-4-mini-instruct,51,0.999999,0.7008,0.4900
alfworld,Llama-3.3-70B-Instruct,Phi-4-mini-instruct,52,0.999999,0.6998,0.4802
alfworld,Llama-3.3-70B-Instruct,Phi-4-mini-instruct,53,0.999999,0.6978,0.4702
alfworld,Llama-3.3-70B-Instruct,Phi-4-mini-instruct,54,1.000000,0.6936,0.4600
alfworld,Llama-3.3-70B-Instruct,Phi-4-mini-instruct,55,1.000000,0.6913,0.4502
alfworld,Llama-3.3-70B-Instruct,Phi-4-mini-instruct,56,1.000000,0.6892,0.4400
alfworld,Llama-3.3-70B-Instruct,Phi-4-mini-instruct,57,1.000000,0.6882,0.4308
alfworld,Llama-3.3-70B-Instruct,Phi-4-mini-instruct,58,1.000000,0.6856,0.4205
alfworld,Llama-3.3-70B-Instruct,Phi-4-mini-instruct,59,1.000000,0.6813,0.4104
alfworld,Llama-3.3-70B-Instruct,Phi-4-mini-instruct,60,1.000000,0.6803,0.4019
alfworld,Llama-3.3-70B-Instruct,Phi-4-mini-instruct,61,1.000000,0.6760,0.3902
alfworld,Llama-3.3-70B-Instruct,Phi-4-mini-instruct,62,1.000000,0.6726,0.3822
alfworld,Llama-3.3-70B-Instruct,Phi-4-mini-instruct,63,1.000000,0.6685,0.3708
alfworld,Llama-3.3-70B-Instruct,Phi-4-mini-instruct,64,1.000000,0.6634,0.3601
alfworld,Llama-3.3-70B-Instruct,Phi-4-mini-instruct,65,1.000000,0.6612,0.3525
alfworld,Llama-3.3-70B-Instruct,Phi-4-mini-instruct,66,1.000000,0.6563,0.3401
alfworld,Llama-3.3-70B-Instruct,Phi-4-mini-instruct,67,1.000000,0.6544,0.3315
alfworld,Llama-3.3-70B-Instruct,Phi-4-mini-instruct,68,1.000000,0.6508,0.3218
alfworld,Llama-3.3-70B-Instruct,Phi-4-mini-instruct,69,1.000000,0.6457,0.3103
alfworld,Llama-3.3-70B-Instruct,Phi-4-mini-instruct,70,1.000000,0.6427,0.3001
alfworld,Llama-3.3-70B-Instruct,Phi-4-mini-instruct,71,1.000000,0.6383,0.2932
alfworld,Llama-3.3-70B-Instruct,Phi-4-mini-instruct,72,1.000000,0.6353,0.2857
alfworld,Llama-3.3-70B-Instruct,Phi-4-mini-instruct,73,1.000000,0.6281,0.2703
alfworld,Llama-3.3-70B-Instruct,Phi-4-mini-instruct,74,1.000000,0.6250,0.2627
alfworld,Llama-3.3-70B-Instruct,Phi-4-mini-instruct,75,1.000000,0.6191,0.2506
alfworld,Llama-3.3-70B-Instruct,Phi-4-mini-instruct,76,1.000000,0.6174,0.2467
alfworld,Llama-3.3-70B-Instruct,Phi-4-mini-instruct,77,1.000000,0.6112,0.2314
alfworld,Llama-3.3-70B-Instruct,Phi-4-mini-instruct,78,1.000000,0.6081,0.2224
alfworld,Llama-3.3-70B-Instruct,Phi-4-mini-instruct,79,1.000000,0.6038,0.2129
alfworld,Llama-3.3-70B-Instruct,Phi-4-mini-instruct,80,1.000000,0.5988,0.2037
alfworld,Llama-3.3-70B-Instruct,Phi-4-mini-instruct,81,1.000000,0.5941,0.1956
alfworld,Llama-3.3-70B-Instruct,Phi-4-mini-instruct,82,1.000000,0.5868,0.1808
alfworld,Llama-3.3-70B-Instruct,Phi-4-mini-instruct,83,1.000000,0.5827,0.1723
alfworld,Llama-3.3-70B-Instruct,Phi-4-mini-instruct,84,1.000000,0.5783,0.1647
alfworld,Llama-3.3-70B-Instruct,Phi-4-mini-instruct,85,1.000000,0.5716,0.1501
alfworld,Llama-3.3-70B-Instruct,Phi-4-mini-instruct,86,1.000000,0.5693,0.1437
alfworld,Llama-3.3-70B-Instruct,Phi-4-mini-instruct,87,1.000000,0.5645,0.1348
alfworld,Llama-3.3-70B-Instruct,Phi-4-mini-instruct,88,1.000000,0.5624,0.1287
alfworld,Llama-3.3-70B-Instruct,Phi-4-mini-instruct,89,1.000000,0.5586,0.1193
alfworld,Llama-3.3-70B-Instruct,Phi-4-mini-instruct,90,1.000000,0.5488,0.1005
alfworld,Llama-3.3-70B-Instruct,Phi-4-mini-instruct,91,1.000000,0.5453,0.0951
alfworld,Llama-3.3-70B-Instruct,Phi-4-mini-instruct,92,1.000000,0.5418,0.0875
alfworld,Llama-3.3-70B-Instruct,Phi-4-mini-instruct,93,1.000000,0.5335,0.0725
alfworld,Llama-3.3-70B-Instruct,Phi-4-mini-instruct,94,1.000000,0.5317,0.0669
alfworld,Llama-3.3-70B-Instruct,Phi-4-mini-instruct,95,1.000000,0.5260,0.0524
alfworld,Llama-3.3-70B-Instruct,Phi-4-mini-instruct,96,1.000000,0.5210,0.0418
alfworld,Llama-3.3-70B-Instruct,Phi-4-mini-instruct,97,1.000000,0.5157,0.0321
alfworld,Llama-3.3-70B-Instruct,Phi-4-mini-instruct,98,1.000000,0.5124,0.0236
alfworld,Llama-3.3-70B-Instruct,Phi-4-mini-instruct,99,1.000000,0.5059,0.0114
alfworld,Llama-3.3-70B-Instruct,Qwen3.6-35B-A3B,1,0.000000,0.5081,0.9900
alfworld,Llama-3.3-70B-Instruct,Qwen3.6-35B-A3B,2,0.000000,0.5162,0.9800
alfworld,Llama-3.3-70B-Instruct,Qwen3.6-35B-A3B,3,0.000000,0.5243,0.9700
alfworld,Llama-3.3-70B-Instruct,Qwen3.6-35B-A3B,4,0.000000,0.5324,0.9600
alfworld,Llama-3.3-70B-Instruct,Qwen3.6-35B-A3B,5,0.000000,0.5398,0.9500
alfworld,Llama-3.3-70B-Instruct,Qwen3.6-35B-A3B,6,0.000000,0.5473,0.9399
alfworld,Llama-3.3-70B-Instruct,Qwen3.6-35B-A3B,7,0.000000,0.5547,0.9299
alfworld,Llama-3.3-70B-Instruct,Qwen3.6-35B-A3B,8,0.000000,0.5628,0.9199
alfworld,Llama-3.3-70B-Instruct,Qwen3.6-35B-A3B,9,0.000000,0.5689,0.9099
alfworld,Llama-3.3-70B-Instruct,Qwen3.6-35B-A3B,10,0.000000,0.5737,0.8999
alfworld,Llama-3.3-70B-Instruct,Qwen3.6-35B-A3B,11,0.000000,0.5778,0.8899
alfworld,Llama-3.3-70B-Instruct,Qwen3.6-35B-A3B,12,0.000000,0.5833,0.8799
alfworld,Llama-3.3-70B-Instruct,Qwen3.6-35B-A3B,13,0.000000,0.5878,0.8702
alfworld,Llama-3.3-70B-Instruct,Qwen3.6-35B-A3B,14,0.000000,0.5912,0.8602
alfworld,Llama-3.3-70B-Instruct,Qwen3.6-35B-A3B,15,0.000000,0.5927,0.8502
alfworld,Llama-3.3-70B-Instruct,Qwen3.6-35B-A3B,16,0.000000,0.5995,0.8402
alfworld,Llama-3.3-70B-Instruct,Qwen3.6-35B-A3B,17,0.000000,0.6023,0.8302
alfworld,Llama-3.3-70B-Instruct,Qwen3.6-35B-A3B,18,0.000000,0.6071,0.8201
alfworld,Llama-3.3-70B-Instruct,Qwen3.6-35B-A3B,19,0.000000,0.6132,0.8101
alfworld,Llama-3.3-70B-Instruct,Qwen3.6-35B-A3B,20,0.000000,0.6153,0.8001
alfworld,Llama-3.3-70B-Instruct,Qwen3.6-35B-A3B,21,0.000000,0.6174,0.7901
alfworld,Llama-3.3-70B-Instruct,Qwen3.6-35B-A3B,22,0.000000,0.6202,0.7801
alfworld,Llama-3.3-70B-Instruct,Qwen3.6-35B-A3B,23,0.000000,0.6270,0.7701
alfworld,Llama-3.3-70B-Instruct,Qwen3.6-35B-A3B,24,0.000000,0.6311,0.7601
alfworld,Llama-3.3-70B-Instruct,Qwen3.6-35B-A3B,25,0.000000,0.6359,0.7501
alfworld,Llama-3.3-70B-Instruct,Qwen3.6-35B-A3B,26,0.000000,0.6367,0.7401
alfworld,Llama-3.3-70B-Instruct,Qwen3.6-35B-A3B,27,0.000000,0.6382,0.7301
alfworld,Llama-3.3-70B-Instruct,Qwen3.6-35B-A3B,28,0.000000,0.6410,0.7201
alfworld,Llama-3.3-70B-Instruct,Qwen3.6-35B-A3B,29,0.000000,0.6438,0.7100
alfworld,Llama-3.3-70B-Instruct,Qwen3.6-35B-A3B,30,0.000000,0.6446,0.7000
alfworld,Llama-3.3-70B-Instruct,Qwen3.6-35B-A3B,31,0.000000,0.6494,0.6900
alfworld,Llama-3.3-70B-Instruct,Qwen3.6-35B-A3B,32,0.000000,0.6502,0.6800
alfworld,Llama-3.3-70B-Instruct,Qwen3.6-35B-A3B,33,0.000000,0.6537,0.6700
alfworld,Llama-3.3-70B-Instruct,Qwen3.6-35B-A3B,34,0.000000,0.6565,0.6600
alfworld,Llama-3.3-70B-Instruct,Qwen3.6-35B-A3B,35,0.000000,0.6612,0.6500
alfworld,Llama-3.3-70B-Instruct,Qwen3.6-35B-A3B,36,0.000000,0.6621,0.6400
alfworld,Llama-3.3-70B-Instruct,Qwen3.6-35B-A3B,37,0.000000,0.6648,0.6300
alfworld,Llama-3.3-70B-Instruct,Qwen3.6-35B-A3B,38,0.000000,0.6681,0.6203
alfworld,Llama-3.3-70B-Instruct,Qwen3.6-35B-A3B,39,0.000001,0.6669,0.6103
alfworld,Llama-3.3-70B-Instruct,Qwen3.6-35B-A3B,40,0.000001,0.6683,0.6003
alfworld,Llama-3.3-70B-Instruct,Qwen3.6-35B-A3B,41,0.000001,0.6711,0.5902
alfworld,Llama-3.3-70B-Instruct,Qwen3.6-35B-A3B,42,0.000001,0.6733,0.5802
alfworld,Llama-3.3-70B-Instruct,Qwen3.6-35B-A3B,43,0.000001,0.6754,0.5702
alfworld,Llama-3.3-70B-Instruct,Qwen3.6-35B-A3B,44,0.000001,0.6782,0.5602
alfworld,Llama-3.3-70B-Instruct,Qwen3.6-35B-A3B,45,0.000002,0.6777,0.5502
alfworld,Llama-3.3-70B-Instruct,Qwen3.6-35B-A3B,46,0.000002,0.6785,0.5402
alfworld,Llama-3.3-70B-Instruct,Qwen3.6-35B-A3B,47,0.000002,0.6793,0.5302
alfworld,Llama-3.3-70B-Instruct,Qwen3.6-35B-A3B,48,0.000003,0.6848,0.5202
alfworld,Llama-3.3-70B-Instruct,Qwen3.6-35B-A3B,49,0.000004,0.6869,0.5102
alfworld,Llama-3.3-70B-Instruct,Qwen3.6-35B-A3B,50,0.000005,0.6851,0.5002
alfworld,Llama-3.3-70B-Instruct,Qwen3.6-35B-A3B,51,0.000006,0.6859,0.4901
alfworld,Llama-3.3-70B-Instruct,Qwen3.6-35B-A3B,52,0.000006,0.6887,0.4801
alfworld,Llama-3.3-70B-Instruct,Qwen3.6-35B-A3B,53,0.000008,0.6934,0.4701
alfworld,Llama-3.3-70B-Instruct,Qwen3.6-35B-A3B,54,0.000010,0.6949,0.4601
alfworld,Llama-3.3-70B-Instruct,Qwen3.6-35B-A3B,55,0.000013,0.6951,0.4501
alfworld,Llama-3.3-70B-Instruct,Qwen3.6-35B-A3B,56,0.000017,0.6972,0.4401
alfworld,Llama-3.3-70B-Instruct,Qwen3.6-35B-A3B,57,0.000028,0.6987,0.4301
alfworld,Llama-3.3-70B-Instruct,Qwen3.6-35B-A3B,58,0.000035,0.6948,0.4201
alfworld,Llama-3.3-70B-Instruct,Qwen3.6-35B-A3B,59,0.000058,0.6970,0.4101
alfworld,Llama-3.3-70B-Instruct,Qwen3.6-35B-A3B,60,0.000075,0.6945,0.4001
alfworld,Llama-3.3-70B-Instruct,Qwen3.6-35B-A3B,61,0.000096,0.6926,0.3901
alfworld,Llama-3.3-70B-Instruct,Qwen3.6-35B-A3B,62,0.000158,0.6915,0.3800
alfworld,Llama-3.3-70B-Instruct,Qwen3.6-35B-A3B,63,0.000203,0.6880,0.3703
alfworld,Llama-3.3-70B-Instruct,Qwen3.6-35B-A3B,64,0.000335,0.6882,0.3603
alfworld,Llama-3.3-70B-Instruct,Qwen3.6-35B-A3B,65,0.000431,0.6863,0.3503
alfworld,Llama-3.3-70B-Instruct,Qwen3.6-35B-A3B,66,0.000710,0.6871,0.3403
alfworld,Llama-3.3-70B-Instruct,Qwen3.6-35B-A3B,67,0.001170,0.6866,0.3303
alfworld,Llama-3.3-70B-Instruct,Qwen3.6-35B-A3B,68,0.001927,0.6841,0.3203
alfworld,Llama-3.3-70B-Instruct,Qwen3.6-35B-A3B,69,0.002473,0.6843,0.3103
alfworld,Llama-3.3-70B-Instruct,Qwen3.6-35B-A3B,70,0.004070,0.6838,0.3003
alfworld,Llama-3.3-70B-Instruct,Qwen3.6-35B-A3B,71,0.008577,0.6806,0.2903
alfworld,Llama-3.3-70B-Instruct,Qwen3.6-35B-A3B,72,0.010987,0.6768,0.2803
alfworld,Llama-3.3-70B-Instruct,Qwen3.6-35B-A3B,73,0.017986,0.6743,0.2703
alfworld,Llama-3.3-70B-Instruct,Qwen3.6-35B-A3B,74,0.029312,0.6744,0.2602
alfworld,Llama-3.3-70B-Instruct,Qwen3.6-35B-A3B,75,0.047426,0.6719,0.2502
alfworld,Llama-3.3-70B-Instruct,Qwen3.6-35B-A3B,76,0.075858,0.6654,0.2402
alfworld,Llama-3.3-70B-Instruct,Qwen3.6-35B-A3B,77,0.119203,0.6609,0.2302
alfworld,Llama-3.3-70B-Instruct,Qwen3.6-35B-A3B,78,0.222700,0.6551,0.2202
alfworld,Llama-3.3-70B-Instruct,Qwen3.6-35B-A3B,79,0.320821,0.6539,0.2102
alfworld,Llama-3.3-70B-Instruct,Qwen3.6-35B-A3B,80,0.437823,0.6494,0.2002
alfworld,Llama-3.3-70B-Instruct,Qwen3.6-35B-A3B,81,0.622459,0.6443,0.1902
alfworld,Llama-3.3-70B-Instruct,Qwen3.6-35B-A3B,82,0.731059,0.6391,0.1802
alfworld,Llama-3.3-70B-Instruct,Qwen3.6-35B-A3B,83,0.817574,0.6360,0.1702
alfworld,Llama-3.3-70B-Instruct,Qwen3.6-35B-A3B,84,0.904651,0.6295,0.1602
alfworld,Llama-3.3-70B-Instruct,Qwen3.6-35B-A3B,85,0.939913,0.6217,0.1501
alfworld,Llama-3.3-70B-Instruct,Qwen3.6-35B-A3B,86,0.962673,0.6159,0.1401
alfworld,Llama-3.3-70B-Instruct,Qwen3.6-35B-A3B,87,0.982014,0.6120,0.1301
alfworld,Llama-3.3-70B-Instruct,Qwen3.6-35B-A3B,88,0.989013,0.6060,0.1204
alfworld,Llama-3.3-70B-Instruct,Qwen3.6-35B-A3B,89,0.993307,0.5995,0.1104
alfworld,Llama-3.3-70B-Instruct,Qwen3.6-35B-A3B,90,0.996827,0.5890,0.1004
alfworld,Llama-3.3-70B-Instruct,Qwen3.6-35B-A3B,91,0.998499,0.5826,0.0904
alfworld,Llama-3.3-70B-Instruct,Qwen3.6-35B-A3B,92,0.999089,0.5741,0.0804
alfworld,Llama-3.3-70B-Instruct,Qwen3.6-35B-A3B,93,0.999665,0.5663,0.0704
alfworld,Llama-3.3-70B-Instruct,Qwen3.6-35B-A3B,94,0.999842,0.5572,0.0604
alfworld,Llama-3.3-70B-Instruct,Qwen3.6-35B-A3B,95,0.999942,0.5494,0.0504
alfworld,Llama-3.3-70B-Instruct,Qwen3.6-35B-A3B,96,0.999972,0.5396,0.0404
alfworld,Llama-3.3-70B-Instruct,Qwen3.6-35B-A3B,97,0.999992,0.5285,0.0303
alfworld,Llama-3.3-70B-Instruct,Qwen3.6-35B-A3B,98,0.999997,0.5173,0.0203
alfworld,Llama-3.3-70B-Instruct,Qwen3.6-35B-A3B,99,0.999999,0.5082,0.0103
alfworld,Llama-3.3-70B-Instruct,deepseek-v4-flash,1,0.000000,0.5075,0.9900
alfworld,Llama-3.3-70B-Instruct,deepseek-v4-flash,2,0.000000,0.5149,0.9800
alfworld,Llama-3.3-70B-Instruct,deepseek-v4-flash,3,0.000000,0.5224,0.9700
alfworld,Llama-3.3-70B-Instruct,deepseek-v4-flash,4,0.000000,0.5299,0.9600
alfworld,Llama-3.3-70B-Instruct,deepseek-v4-flash,5,0.000000,0.5366,0.9501
alfworld,Llama-3.3-70B-Instruct,deepseek-v4-flash,6,0.000000,0.5434,0.9401
alfworld,Llama-3.3-70B-Instruct,deepseek-v4-flash,7,0.000000,0.5495,0.9301
alfworld,Llama-3.3-70B-Instruct,deepseek-v4-flash,8,0.000000,0.5570,0.9201
alfworld,Llama-3.3-70B-Instruct,deepseek-v4-flash,9,0.000000,0.5631,0.9101
alfworld,Llama-3.3-70B-Instruct,deepseek-v4-flash,10,0.000000,0.5698,0.9001
alfworld,Llama-3.3-70B-Instruct,deepseek-v4-flash,11,0.000000,0.5759,0.8901
alfworld,Llama-3.3-70B-Instruct,deepseek-v4-flash,12,0.000000,0.5820,0.8801
alfworld,Llama-3.3-70B-Instruct,deepseek-v4-flash,13,0.000000,0.5888,0.8702
alfworld,Llama-3.3-70B-Instruct,deepseek-v4-flash,14,0.000000,0.5956,0.8602
alfworld,Llama-3.3-70B-Instruct,deepseek-v4-flash,15,0.000000,0.6017,0.8502
alfworld,Llama-3.3-70B-Instruct,deepseek-v4-flash,16,0.000000,0.6064,0.8402
alfworld,Llama-3.3-70B-Instruct,deepseek-v4-flash,17,0.000000,0.6141,0.8299
alfworld,Llama-3.3-70B-Instruct,deepseek-v4-flash,18,0.000000,0.6216,0.8199
alfworld,Llama-3.3-70B-Instruct,deepseek-v4-flash,19,0.000000,0.6256,0.8099
alfworld,Llama-3.3-70B-Instruct,deepseek-v4-flash,20,0.000000,0.6317,0.7999
alfworld,Llama-3.3-70B-Instruct,deepseek-v4-flash,21,0.000000,0.6358,0.7900
alfworld,Llama-3.3-70B-Instruct,deepseek-v4-flash,22,0.000000,0.6398,0.7800
alfworld,Llama-3.3-70B-Instruct,deepseek-v4-flash,23,0.000000,0.6459,0.7700
alfworld,Llama-3.3-70B-Instruct,deepseek-v4-flash,24,0.000000,0.6520,0.7600
alfworld,Llama-3.3-70B-Instruct,deepseek-v4-flash,25,0.000000,0.6560,0.7500
alfworld,Llama-3.3-70B-Instruct,deepseek-v4-flash,26,0.000000,0.6614,0.7400
alfworld,Llama-3.3-70B-Instruct,deepseek-v4-flash,27,0.000000,0.6669,0.7300
alfworld,Llama-3.3-70B-Instruct,deepseek-v4-flash,28,0.000000,0.6716,0.7200
alfworld,Llama-3.3-70B-Instruct,deepseek-v4-flash,29,0.000000,0.6763,0.7100
alfworld,Llama-3.3-70B-Instruct,deepseek-v4-flash,30,0.000001,0.6810,0.7001
alfworld,Llama-3.3-70B-Instruct,deepseek-v4-flash,31,0.000001,0.6871,0.6901
alfworld,Llama-3.3-70B-Instruct,deepseek-v4-flash,32,0.000001,0.6905,0.6801
alfworld,Llama-3.3-70B-Instruct,deepseek-v4-flash,33,0.000001,0.6966,0.6701
alfworld,Llama-3.3-70B-Instruct,deepseek-v4-flash,34,0.000001,0.6986,0.6601
alfworld,Llama-3.3-70B-Instruct,deepseek-v4-flash,35,0.000002,0.7019,0.6501
alfworld,Llama-3.3-70B-Instruct,deepseek-v4-flash,36,0.000002,0.7053,0.6401
alfworld,Llama-3.3-70B-Instruct,deepseek-v4-flash,37,0.000003,0.7107,0.6301
alfworld,Llama-3.3-70B-Instruct,deepseek-v4-flash,38,0.000004,0.7113,0.6202
alfworld,Llama-3.3-70B-Instruct,deepseek-v4-flash,39,0.000005,0.7133,0.6102
alfworld,Llama-3.3-70B-Instruct,deepseek-v4-flash,40,0.000006,0.7167,0.6002
alfworld,Llama-3.3-70B-Instruct,deepseek-v4-flash,41,0.000008,0.7173,0.5902
alfworld,Llama-3.3-70B-Instruct,deepseek-v4-flash,42,0.000008,0.7207,0.5802
alfworld,Llama-3.3-70B-Instruct,deepseek-v4-flash,43,0.000010,0.7241,0.5702
alfworld,Llama-3.3-70B-Instruct,deepseek-v4-flash,44,0.000017,0.7281,0.5602
alfworld,Llama-3.3-70B-Instruct,deepseek-v4-flash,45,0.000021,0.7301,0.5502
alfworld,Llama-3.3-70B-Instruct,deepseek-v4-flash,46,0.000021,0.7328,0.5403
alfworld,Llama-3.3-70B-Instruct,deepseek-v4-flash,47,0.000035,0.7375,0.5303
alfworld,Llama-3.3-70B-Instruct,deepseek-v4-flash,48,0.000045,0.7374,0.5203
alfworld,Llama-3.3-70B-Instruct,deepseek-v4-flash,49,0.000058,0.7387,0.5103
alfworld,Llama-3.3-70B-Instruct,deepseek-v4-flash,50,0.000075,0.7376,0.5000
alfworld,Llama-3.3-70B-Instruct,deepseek-v4-flash,51,0.000123,0.7375,0.4900
alfworld,Llama-3.3-70B-Instruct,deepseek-v4-flash,52,0.000158,0.7402,0.4800
alfworld,Llama-3.3-70B-Instruct,deepseek-v4-flash,53,0.000203,0.7408,0.4700
alfworld,Llama-3.3-70B-Instruct,deepseek-v4-flash,54,0.000261,0.7435,0.4600
alfworld,Llama-3.3-70B-Instruct,deepseek-v4-flash,55,0.000431,0.7448,0.4501
alfworld,Llama-3.3-70B-Instruct,deepseek-v4-flash,56,0.000710,0.7461,0.4401
alfworld,Llama-3.3-70B-Instruct,deepseek-v4-flash,57,0.000911,0.7474,0.4301
alfworld,Llama-3.3-70B-Instruct,deepseek-v4-flash,58,0.001170,0.7480,0.4201
alfworld,Llama-3.3-70B-Instruct,deepseek-v4-flash,59,0.001927,0.7405,0.4101
alfworld,Llama-3.3-70B-Instruct,deepseek-v4-flash,60,0.002473,0.7431,0.4001
alfworld,Llama-3.3-70B-Instruct,deepseek-v4-flash,61,0.004070,0.7410,0.3901
alfworld,Llama-3.3-70B-Instruct,deepseek-v4-flash,62,0.005220,0.7396,0.3801
alfworld,Llama-3.3-70B-Instruct,deepseek-v4-flash,63,0.006693,0.7402,0.3702
alfworld,Llama-3.3-70B-Instruct,deepseek-v4-flash,64,0.010987,0.7388,0.3602
alfworld,Llama-3.3-70B-Instruct,deepseek-v4-flash,65,0.014064,0.7340,0.3502
alfworld,Llama-3.3-70B-Instruct,deepseek-v4-flash,66,0.022977,0.7325,0.3402
alfworld,Llama-3.3-70B-Instruct,deepseek-v4-flash,67,0.037327,0.7304,0.3302
alfworld,Llama-3.3-70B-Instruct,deepseek-v4-flash,68,0.060087,0.7304,0.3202
alfworld,Llama-3.3-70B-Instruct,deepseek-v4-flash,69,0.095349,0.7242,0.3102
alfworld,Llama-3.3-70B-Instruct,deepseek-v4-flash,70,0.119203,0.7207,0.3002
alfworld,Llama-3.3-70B-Instruct,deepseek-v4-flash,71,0.182426,0.7172,0.2903
alfworld,Llama-3.3-70B-Instruct,deepseek-v4-flash,72,0.222700,0.7144,0.2803
alfworld,Llama-3.3-70B-Instruct,deepseek-v4-flash,73,0.320821,0.7130,0.2703
alfworld,Llama-3.3-70B-Instruct,deepseek-v4-flash,74,0.437823,0.7143,0.2603
alfworld,Llama-3.3-70B-Instruct,deepseek-v4-flash,75,0.562176,0.7129,0.2503
alfworld,Llama-3.3-70B-Instruct,deepseek-v4-flash,76,0.622459,0.7087,0.2403
alfworld,Llama-3.3-70B-Instruct,deepseek-v4-flash,77,0.731059,0.7046,0.2303
alfworld,Llama-3.3-70B-Instruct,deepseek-v4-flash,78,0.817574,0.7004,0.2203
alfworld,Llama-3.3-70B-Instruct,deepseek-v4-flash,79,0.880797,0.6976,0.2104
alfworld,Llama-3.3-70B-Instruct,deepseek-v4-flash,80,0.924142,0.6921,0.2004
alfworld,Llama-3.3-70B-Instruct,deepseek-v4-flash,81,0.939913,0.6893,0.1904
alfworld,Llama-3.3-70B-Instruct,deepseek-v4-flash,82,0.970688,0.6810,0.1804
alfworld,Llama-3.3-70B-Instruct,deepseek-v4-flash,83,0.977023,0.6762,0.1704
alfworld,Llama-3.3-70B-Instruct,deepseek-v4-flash,84,0.985936,0.6668,0.1601
alfworld,Llama-3.3-70B-Instruct,deepseek-v4-flash,85,0.991423,0.6585,0.1501
alfworld,Llama-3.3-70B-Instruct,deepseek-v4-flash,86,0.994780,0.6489,0.1401
alfworld,Llama-3.3-70B-Instruct,deepseek-v4-flash,87,0.996827,0.6393,0.1301
alfworld,Llama-3.3-70B-Instruct,deepseek-v4-flash,88,0.998073,0.6269,0.1202
alfworld,Llama-3.3-70B-Instruct,deepseek-v4-flash,89,0.998830,0.6221,0.1102
alfworld,Llama-3.3-70B-Instruct,deepseek-v4-flash,90,0.999290,0.6138,0.1002
alfworld,Llama-3.3-70B-Instruct,deepseek-v4-flash,91,0.999665,0.6056,0.0902
alfworld,Llama-3.3-70B-Instruct,deepseek-v4-flash,92,0.999739,0.5966,0.0802
alfworld,Llama-3.3-70B-Instruct,deepseek-v4-flash,93,0.999877,0.5884,0.0702
alfworld,Llama-3.3-70B-Instruct,deepseek-v4-flash,94,0.999942,0.5794,0.0602
alfworld,Llama-3.3-70B-Instruct,deepseek-v4-flash,95,0.999965,0.5671,0.0502
alfworld,Llama-3.3-70B-Instruct,deepseek-v4-flash,96,0.999987,0.5547,0.0403
alfworld,Llama-3.3-70B-Instruct,deepseek-v4-flash,97,0.999995,0.5416,0.0303
alfworld,Llama-3.3-70B-Instruct,deepseek-v4-flash,98,0.999998,0.5272,0.0203
alfworld,Llama-3.3-70B-Instruct,deepseek-v4-flash,99,1.000000,0.5153,0.0106
alfworld,Llama-3.3-70B-Instruct,gemma-3-4b-it,1,0.000000,0.5426,0.9900
alfworld,Llama-3.3-70B-Instruct,gemma-3-4b-it,2,0.000004,0.5830,0.9800
alfworld,Llama-3.3-70B-Instruct,gemma-3-4b-it,3,0.000158,0.6182,0.9700
alfworld,Llama-3.3-70B-Instruct,gemma-3-4b-it,4,0.006693,0.6440,0.9599
alfworld,Llama-3.3-70B-Instruct,gemma-3-4b-it,5,0.047426,0.6721,0.9501
alfworld,Llama-3.3-70B-Instruct,gemma-3-4b-it,6,0.268941,0.6956,0.9401
alfworld,Llama-3.3-70B-Instruct,gemma-3-4b-it,7,0.679179,0.7156,0.9300
alfworld,Llama-3.3-70B-Instruct,gemma-3-4b-it,8,0.904651,0.7296,0.9200
alfworld,Llama-3.3-70B-Instruct,gemma-3-4b-it,9,0.962673,0.7445,0.9100
alfworld,Llama-3.3-70B-Instruct,gemma-3-4b-it,10,0.982014,0.7578,0.9000
alfworld,Llama-3.3-70B-Instruct,gemma-3-4b-it,11,0.993307,0.7668,0.8900
alfworld,Llama-3.3-70B-Instruct,gemma-3-4b-it,12,0.995930,0.7714,0.8800
alfworld,Llama-3.3-70B-Instruct,gemma-3-4b-it,13,0.998073,0.7825,0.8700
alfworld,Llama-3.3-70B-Instruct,gemma-3-4b-it,14,0.998830,0.7879,0.8601
alfworld,Llama-3.3-70B-Instruct,gemma-3-4b-it,15,0.999447,0.7888,0.8501
alfworld,Llama-3.3-70B-Instruct,gemma-3-4b-it,16,0.999665,0.7912,0.8401
alfworld,Llama-3.3-70B-Instruct,gemma-3-4b-it,17,0.999739,0.7943,0.8300
alfworld,Llama-3.3-70B-Instruct,gemma-3-4b-it,18,0.999842,0.7975,0.8200
alfworld,Llama-3.3-70B-Instruct,gemma-3-4b-it,19,0.999877,0.7962,0.8100
alfworld,Llama-3.3-70B-Instruct,gemma-3-4b-it,20,0.999904,0.7949,0.8000
alfworld,Llama-3.3-70B-Instruct,gemma-3-4b-it,21,0.999925,0.7922,0.7900
alfworld,Llama-3.3-70B-Instruct,gemma-3-4b-it,22,0.999942,0.7902,0.7800
alfworld,Llama-3.3-70B-Instruct,gemma-3-4b-it,23,0.999955,0.7912,0.7701
alfworld,Llama-3.3-70B-Instruct,gemma-3-4b-it,24,0.999965,0.7907,0.7601
alfworld,Llama-3.3-70B-Instruct,gemma-3-4b-it,25,0.999979,0.7923,0.7501
alfworld,Llama-3.3-70B-Instruct,gemma-3-4b-it,26,0.999983,0.7911,0.7401
alfworld,Llama-3.3-70B-Instruct,gemma-3-4b-it,27,0.999985,0.7905,0.7300
alfworld,Llama-3.3-70B-Instruct,gemma-3-4b-it,28,0.999990,0.7915,0.7200
alfworld,Llama-3.3-70B-Instruct,gemma-3-4b-it,29,0.999990,0.7909,0.7100
alfworld,Llama-3.3-70B-Instruct,gemma-3-4b-it,30,0.999992,0.7911,0.7000
alfworld,Llama-3.3-70B-Instruct,gemma-3-4b-it,31,0.999995,0.7891,0.6900
alfworld,Llama-3.3-70B-Instruct,gemma-3-4b-it,32,0.999995,0.7880,0.6801
alfworld,Llama-3.3-70B-Instruct,gemma-3-4b-it,33,0.999996,0.7874,0.6701
alfworld,Llama-3.3-70B-Instruct,gemma-3-4b-it,34,0.999997,0.7862,0.6601
alfworld,Llama-3.3-70B-Instruct,gemma-3-4b-it,35,0.999998,0.7820,0.6501
alfworld,Llama-3.3-70B-Instruct,gemma-3-4b-it,36,0.999998,0.7825,0.6406
alfworld,Llama-3.3-70B-Instruct,gemma-3-4b-it,37,0.999999,0.7784,0.6308
alfworld,Llama-3.3-70B-Instruct,gemma-3-4b-it,38,0.999999,0.7738,0.6200
alfworld,Llama-3.3-70B-Instruct,gemma-3-4b-it,39,0.999999,0.7704,0.6102
alfworld,Llama-3.3-70B-Instruct,gemma-3-4b-it,40,0.999999,0.7677,0.6001
alfworld,Llama-3.3-70B-Instruct,gemma-3-4b-it,41,0.999999,0.7657,0.5901
alfworld,Llama-3.3-70B-Instruct,gemma-3-4b-it,42,0.999999,0.7637,0.5801
alfworld,Llama-3.3-70B-Instruct,gemma-3-4b-it,43,1.000000,0.7628,0.5707
alfworld,Llama-3.3-70B-Instruct,gemma-3-4b-it,44,1.000000,0.7612,0.5601
alfworld,Llama-3.3-70B-Instruct,gemma-3-4b-it,45,1.000000,0.7570,0.5501
alfworld,Llama-3.3-70B-Instruct,gemma-3-4b-it,46,1.000000,0.7530,0.5417
alfworld,Llama-3.3-70B-Instruct,gemma-3-4b-it,47,1.000000,0.7485,0.5312
alfworld,Llama-3.3-70B-Instruct,gemma-3-4b-it,48,1.000000,0.7422,0.5200
alfworld,Llama-3.3-70B-Instruct,gemma-3-4b-it,49,1.000000,0.7394,0.5112
alfworld,Llama-3.3-70B-Instruct,gemma-3-4b-it,50,1.000000,0.7347,0.5001
alfworld,Llama-3.3-70B-Instruct,gemma-3-4b-it,51,1.000000,0.7334,0.4901
alfworld,Llama-3.3-70B-Instruct,gemma-3-4b-it,52,1.000000,0.7279,0.4804
alfworld,Llama-3.3-70B-Instruct,gemma-3-4b-it,53,1.000000,0.7221,0.4701
alfworld,Llama-3.3-70B-Instruct,gemma-3-4b-it,54,1.000000,0.7179,0.4614
alfworld,Llama-3.3-70B-Instruct,gemma-3-4b-it,55,1.000000,0.7130,0.4501
alfworld,Llama-3.3-70B-Instruct,gemma-3-4b-it,56,1.000000,0.7087,0.4412
alfworld,Llama-3.3-70B-Instruct,gemma-3-4b-it,57,1.000000,0.7058,0.4334
alfworld,Llama-3.3-70B-Instruct,gemma-3-4b-it,58,1.000000,0.7013,0.4255
alfworld,Llama-3.3-70B-Instruct,gemma-3-4b-it,59,1.000000,0.6958,0.4119
alfworld,Llama-3.3-70B-Instruct,gemma-3-4b-it,60,1.000000,0.6944,0.4068
alfworld,Llama-3.3-70B-Instruct,gemma-3-4b-it,61,1.000000,0.6859,0.3904
alfworld,Llama-3.3-70B-Instruct,gemma-3-4b-it,62,1.000000,0.6824,0.3803
alfworld,Llama-3.3-70B-Instruct,gemma-3-4b-it,63,1.000000,0.6775,0.3704
alfworld,Llama-3.3-70B-Instruct,gemma-3-4b-it,64,1.000000,0.6755,0.3629
alfworld,Llama-3.3-70B-Instruct,gemma-3-4b-it,65,1.000000,0.6705,0.3541
alfworld,Llama-3.3-70B-Instruct,gemma-3-4b-it,66,1.000000,0.6664,0.3455
alfworld,Llama-3.3-70B-Instruct,gemma-3-4b-it,67,1.000000,0.6592,0.3300
alfworld,Llama-3.3-70B-Instruct,gemma-3-4b-it,68,1.000000,0.6574,0.3256
alfworld,Llama-3.3-70B-Instruct,gemma-3-4b-it,69,1.000000,0.6536,0.3163
alfworld,Llama-3.3-70B-Instruct,gemma-3-4b-it,70,1.000000,0.6493,0.3074
alfworld,Llama-3.3-70B-Instruct,gemma-3-4b-it,71,1.000000,0.6415,0.2910
alfworld,Llama-3.3-70B-Instruct,gemma-3-4b-it,72,1.000000,0.6373,0.2823
alfworld,Llama-3.3-70B-Instruct,gemma-3-4b-it,73,1.000000,0.6335,0.2716
alfworld,Llama-3.3-70B-Instruct,gemma-3-4b-it,74,1.000000,0.6304,0.2635
alfworld,Llama-3.3-70B-Instruct,gemma-3-4b-it,75,1.000000,0.6260,0.2558
alfworld,Llama-3.3-70B-Instruct,gemma-3-4b-it,76,1.000000,0.6229,0.2451
alfworld,Llama-3.3-70B-Instruct,gemma-3-4b-it,77,1.000000,0.6190,0.2355
alfworld,Llama-3.3-70B-Instruct,gemma-3-4b-it,78,1.000000,0.6148,0.2255
alfworld,Llama-3.3-70B-Instruct,gemma-3-4b-it,79,1.000000,0.6096,0.2163
alfworld,Llama-3.3-70B-Instruct,gemma-3-4b-it,80,1.000000,0.6055,0.2077
alfworld,Llama-3.3-70B-Instruct,gemma-3-4b-it,81,1.000000,0.6022,0.1979
alfworld,Llama-3.3-70B-Instruct,gemma-3-4b-it,82,1.000000,0.5963,0.1875
alfworld,Llama-3.3-70B-Instruct,gemma-3-4b-it,83,1.000000,0.5925,0.1769
alfworld,Llama-3.3-70B-Instruct,gemma-3-4b-it,84,1.000000,0.5874,0.1666
alfworld,Llama-3.3-70B-Instruct,gemma-3-4b-it,85,1.000000,0.5852,0.1574
alfworld,Llama-3.3-70B-Instruct,gemma-3-4b-it,86,1.000000,0.5803,0.1476
alfworld,Llama-3.3-70B-Instruct,gemma-3-4b-it,87,1.000000,0.5758,0.1370
alfworld,Llama-3.3-70B-Instruct,gemma-3-4b-it,88,1.000000,0.5668,0.1211
alfworld,Llama-3.3-70B-Instruct,gemma-3-4b-it,89,1.000000,0.5626,0.1122
alfworld,Llama-3.3-70B-Instruct,gemma-3-4b-it,90,1.000000,0.5581,0.1043
alfworld,Llama-3.3-70B-Instruct,gemma-3-4b-it,91,1.000000,0.5535,0.0962
alfworld,Llama-3.3-70B-Instruct,gemma-3-4b-it,92,1.000000,0.5476,0.0857
alfworld,Llama-3.3-70B-Instruct,gemma-3-4b-it,93,1.000000,0.5395,0.0701
alfworld,Llama-3.3-70B-Instruct,gemma-3-4b-it,94,1.000000,0.5360,0.0638
alfworld,Llama-3.3-70B-Instruct,gemma-3-4b-it,95,1.000000,0.5291,0.0515
alfworld,Llama-3.3-70B-Instruct,gemma-3-4b-it,96,1.000000,0.5227,0.0402
alfworld,Llama-3.3-70B-Instruct,gemma-3-4b-it,97,1.000000,0.5185,0.0328
alfworld,Llama-3.3-70B-Instruct,gemma-3-4b-it,98,1.000000,0.5134,0.0237
alfworld,Llama-3.3-70B-Instruct,gemma-3-4b-it,99,1.000000,0.5062,0.0110
alfworld,Qwen3.6-35B-A3B,Llama-3.3-70B-Instruct,1,0.003172,0.5103,0.9899
alfworld,Qwen3.6-35B-A3B,Llama-3.3-70B-Instruct,2,0.008632,0.5191,0.9801
alfworld,Qwen3.6-35B-A3B,Llama-3.3-70B-Instruct,3,0.029293,0.5273,0.9700
alfworld,Qwen3.6-35B-A3B,Llama-3.3-70B-Instruct,4,0.042275,0.5351,0.9599
alfworld,Qwen3.6-35B-A3B,Llama-3.3-70B-Instruct,5,0.060090,0.5435,0.9501
alfworld,Qwen3.6-35B-A3B,Llama-3.3-70B-Instruct,6,0.075862,0.5521,0.9400
alfworld,Qwen3.6-35B-A3B,Llama-3.3-70B-Instruct,7,0.094872,0.5580,0.9301
alfworld,Qwen3.6-35B-A3B,Llama-3.3-70B-Instruct,8,0.106461,0.5666,0.9200
alfworld,Qwen3.6-35B-A3B,Llama-3.3-70B-Instruct,9,0.119613,0.5756,0.9100
alfworld,Qwen3.6-35B-A3B,Llama-3.3-70B-Instruct,10,0.133692,0.5849,0.9001
alfworld,Qwen3.6-35B-A3B,Llama-3.3-70B-Instruct,11,0.148053,0.5952,0.8900
alfworld,Qwen3.6-35B-A3B,Llama-3.3-70B-Instruct,12,0.164516,0.6038,0.8800
alfworld,Qwen3.6-35B-A3B,Llama-3.3-70B-Instruct,13,0.182102,0.6114,0.8701
alfworld,Qwen3.6-35B-A3B,Llama-3.3-70B-Instruct,14,0.201248,0.6208,0.8600
alfworld,Qwen3.6-35B-A3B,Llama-3.3-70B-Instruct,15,0.203257,0.6294,0.8499
alfworld,Qwen3.6-35B-A3B,Llama-3.3-70B-Instruct,16,0.222688,0.6370,0.8401
alfworld,Qwen3.6-35B-A3B,Llama-3.3-70B-Instruct,17,0.243404,0.6452,0.8300
alfworld,Qwen3.6-35B-A3B,Llama-3.3-70B-Instruct,18,0.246108,0.6534,0.8199
alfworld,Qwen3.6-35B-A3B,Llama-3.3-70B-Instruct,19,0.268921,0.6622,0.8101
alfworld,Qwen3.6-35B-A3B,Llama-3.3-70B-Instruct,20,0.294166,0.6717,0.8000
alfworld,Qwen3.6-35B-A3B,Llama-3.3-70B-Instruct,21,0.296813,0.6784,0.7901
alfworld,Qwen3.6-35B-A3B,Llama-3.3-70B-Instruct,22,0.320791,0.6862,0.7801
alfworld,Qwen3.6-35B-A3B,Llama-3.3-70B-Instruct,23,0.348588,0.6944,0.7700
alfworld,Qwen3.6-35B-A3B,Llama-3.3-70B-Instruct,24,0.375408,0.7011,0.7601
alfworld,Qwen3.6-35B-A3B,Llama-3.3-70B-Instruct,25,0.377511,0.7097,0.7501
alfworld,Qwen3.6-35B-A3B,Llama-3.3-70B-Instruct,26,0.407257,0.7166,0.7400
alfworld,Qwen3.6-35B-A3B,Llama-3.3-70B-Instruct,27,0.411082,0.7234,0.7301
alfworld,Qwen3.6-35B-A3B,Llama-3.3-70B-Instruct,28,0.437763,0.7303,0.7200
alfworld,Qwen3.6-35B-A3B,Llama-3.3-70B-Instruct,29,0.466215,0.7377,0.7100
alfworld,Qwen3.6-35B-A3B,Llama-3.3-70B-Instruct,30,0.473069,0.7444,0.7001
alfworld,Qwen3.6-35B-A3B,Llama-3.3-70B-Instruct,31,0.499877,0.7492,0.6900
alfworld,Qwen3.6-35B-A3B,Llama-3.3-70B-Instruct,32,0.527627,0.7555,0.6802
alfworld,Qwen3.6-35B-A3B,Llama-3.3-70B-Instruct,33,0.531145,0.7612,0.6701
alfworld,Qwen3.6-35B-A3B,Llama-3.3-70B-Instruct,34,0.562041,0.7664,0.6600
alfworld,Qwen3.6-35B-A3B,Llama-3.3-70B-Instruct,35,0.587892,0.7719,0.6502
alfworld,Qwen3.6-35B-A3B,Llama-3.3-70B-Instruct,36,0.592563,0.7767,0.6401
alfworld,Qwen3.6-35B-A3B,Llama-3.3-70B-Instruct,37,0.620668,0.7803,0.6300
alfworld,Qwen3.6-35B-A3B,Llama-3.3-70B-Instruct,38,0.643182,0.7870,0.6201
alfworld,Qwen3.6-35B-A3B,Llama-3.3-70B-Instruct,39,0.650863,0.7906,0.6101
alfworld,Qwen3.6-35B-A3B,Llama-3.3-70B-Instruct,40,0.675939,0.7938,0.6000
alfworld,Qwen3.6-35B-A3B,Llama-3.3-70B-Instruct,41,0.679084,0.7950,0.5901
alfworld,Qwen3.6-35B-A3B,Llama-3.3-70B-Instruct,42,0.703041,0.8003,0.5801
alfworld,Qwen3.6-35B-A3B,Llama-3.3-70B-Instruct,43,0.718807,0.8026,0.5700
alfworld,Qwen3.6-35B-A3B,Llama-3.3-70B-Instruct,44,0.728727,0.8051,0.5601
alfworld,Qwen3.6-35B-A3B,Llama-3.3-70B-Instruct,45,0.750797,0.8079,0.5501
alfworld,Qwen3.6-35B-A3B,Llama-3.3-70B-Instruct,46,0.754756,0.8091,0.5402
alfworld,Qwen3.6-35B-A3B,Llama-3.3-70B-Instruct,47,0.774440,0.8131,0.5301
alfworld,Qwen3.6-35B-A3B,Llama-3.3-70B-Instruct,48,0.782405,0.8129,0.5200
alfworld,Qwen3.6-35B-A3B,Llama-3.3-70B-Instruct,49,0.795315,0.8159,0.5102
alfworld,Qwen3.6-35B-A3B,Llama-3.3-70B-Instruct,50,0.798025,0.8174,0.5001
alfworld,Qwen3.6-35B-A3B,Llama-3.3-70B-Instruct,51,0.814497,0.8176,0.4900
alfworld,Qwen3.6-35B-A3B,Llama-3.3-70B-Instruct,52,0.819743,0.8176,0.4802
alfworld,Qwen3.6-35B-A3B,Llama-3.3-70B-Instruct,53,0.833570,0.8182,0.4701
alfworld,Qwen3.6-35B-A3B,Llama-3.3-70B-Instruct,54,0.845986,0.8147,0.4600
alfworld,Qwen3.6-35B-A3B,Llama-3.3-70B-Instruct,55,0.850165,0.8121,0.4502
alfworld,Qwen3.6-35B-A3B,Llama-3.3-70B-Instruct,56,0.860226,0.8103,0.4401
alfworld,Qwen3.6-35B-A3B,Llama-3.3-70B-Instruct,57,0.865404,0.8061,0.4302
alfworld,Qwen3.6-35B-A3B,Llama-3.3-70B-Instruct,58,0.877840,0.8021,0.4201
alfworld,Qwen3.6-35B-A3B,Llama-3.3-70B-Instruct,59,0.886889,0.7977,0.4101
alfworld,Qwen3.6-35B-A3B,Llama-3.3-70B-Instruct,60,0.891958,0.7943,0.4002
alfworld,Qwen3.6-35B-A3B,Llama-3.3-70B-Instruct,61,0.900560,0.7903,0.3901
alfworld,Qwen3.6-35B-A3B,Llama-3.3-70B-Instruct,62,0.903560,0.7855,0.3801
alfworld,Qwen3.6-35B-A3B,Llama-3.3-70B-Instruct,63,0.913280,0.7809,0.3702
alfworld,Qwen3.6-35B-A3B,Llama-3.3-70B-Instruct,64,0.921665,0.7757,0.3601
alfworld,Qwen3.6-35B-A3B,Llama-3.3-70B-Instruct,65,0.923201,0.7696,0.3501
alfworld,Qwen3.6-35B-A3B,Llama-3.3-70B-Instruct,66,0.930970,0.7637,0.3402
alfworld,Qwen3.6-35B-A3B,Llama-3.3-70B-Instruct,67,0.935557,0.7568,0.3301
alfworld,Qwen3.6-35B-A3B,Llama-3.3-70B-Instruct,68,0.938922,0.7507,0.3200
alfworld,Qwen3.6-35B-A3B,Llama-3.3-70B-Instruct,69,0.944178,0.7461,0.3102
alfworld,Qwen3.6-35B-A3B,Llama-3.3-70B-Instruct,70,0.946145,0.7404,0.3001
alfworld,Qwen3.6-35B-A3B,Llama-3.3-70B-Instruct,71,0.951315,0.7329,0.2902
alfworld,Qwen3.6-35B-A3B,Llama-3.3-70B-Instruct,72,0.954507,0.7255,0.2802
alfworld,Qwen3.6-35B-A3B,Llama-3.3-70B-Instruct,73,0.957412,0.7190,0.2701
alfworld,Qwen3.6-35B-A3B,Llama-3.3-70B-Instruct,74,0.961543,0.7127,0.2602
alfworld,Qwen3.6-35B-A3B,Llama-3.3-70B-Instruct,75,0.962308,0.7067,0.2502
alfworld,Qwen3.6-35B-A3B,Llama-3.3-70B-Instruct,76,0.966106,0.6989,0.2401
alfworld,Qwen3.6-35B-A3B,Llama-3.3-70B-Instruct,77,0.966836,0.6918,0.2302
alfworld,Qwen3.6-35B-A3B,Llama-3.3-70B-Instruct,78,0.970185,0.6853,0.2201
alfworld,Qwen3.6-35B-A3B,Llama-3.3-70B-Instruct,79,0.973330,0.6762,0.2101
alfworld,Qwen3.6-35B-A3B,Llama-3.3-70B-Instruct,80,0.974845,0.6687,0.2002
alfworld,Qwen3.6-35B-A3B,Llama-3.3-70B-Instruct,81,0.976699,0.6605,0.1901
alfworld,Qwen3.6-35B-A3B,Llama-3.3-70B-Instruct,82,0.979394,0.6529,0.1803
alfworld,Qwen3.6-35B-A3B,Llama-3.3-70B-Instruct,83,0.981662,0.6464,0.1702
alfworld,Qwen3.6-35B-A3B,Llama-3.3-70B-Instruct,84,0.983782,0.6378,0.1601
alfworld,Qwen3.6-35B-A3B,Llama-3.3-70B-Instruct,85,0.985654,0.6294,0.1503
alfworld,Qwen3.6-35B-A3B,Llama-3.3-70B-Instruct,86,0.987374,0.6204,0.1402
alfworld,Qwen3.6-35B-A3B,Llama-3.3-70B-Instruct,87,0.988877,0.6118,0.1301
alfworld,Qwen3.6-35B-A3B,Llama-3.3-70B-Instruct,88,0.990541,0.6034,0.1203
alfworld,Qwen3.6-35B-A3B,Llama-3.3-70B-Instruct,89,0.992121,0.5957,0.1102
alfworld,Qwen3.6-35B-A3B,Llama-3.3-70B-Instruct,90,0.993171,0.5866,0.1001
alfworld,Qwen3.6-35B-A3B,Llama-3.3-70B-Instruct,91,0.994048,0.5778,0.0902
alfworld,Qwen3.6-35B-A3B,Llama-3.3-70B-Instruct,92,0.995289,0.5688,0.0802
alfworld,Qwen3.6-35B-A3B,Llama-3.3-70B-Instruct,93,0.996370,0.5602,0.0701
alfworld,Qwen3.6-35B-A3B,Llama-3.3-70B-Instruct,94,0.997408,0.5522,0.0602
alfworld,Qwen3.6-35B-A3B,Llama-3.3-70B-Instruct,95,0.998039,0.5453,0.0502
alfworld,Qwen3.6-35B-A3B,Llama-3.3-70B-Instruct,96,0.998655,0.5357,0.0403
alfworld,Qwen3.6-35B-A3B,Llama-3.3-70B-Instruct,97,0.999160,0.5266,0.0302
alfworld,Qwen3.6-35B-A3B,Llama-3.3-70B-Instruct,98,0.999501,0.5176,0.0201
alfworld,Qwen3.6-35B-A3B,Llama-3.3-70B-Instruct,99,0.999763,0.5088,0.0103
alfworld,Qwen3.6-35B-A3B,Mistral-7B-Instruct-v0.3,1,0.060088,0.5188,0.9900
alfworld,Qwen3.6-35B-A3B,Mistral-7B-Instruct-v0.3,2,0.096443,0.5354,0.9799
alfworld,Qwen3.6-35B-A3B,Mistral-7B-Instruct-v0.3,3,0.148045,0.5547,0.9701
alfworld,Qwen3.6-35B-A3B,Mistral-7B-Instruct-v0.3,4,0.197960,0.5718,0.9600
alfworld,Qwen3.6-35B-A3B,Mistral-7B-Instruct-v0.3,5,0.225714,0.5897,0.9500
alfworld,Qwen3.6-35B-A3B,Mistral-7B-Instruct-v0.3,6,0.268911,0.6052,0.9400
alfworld,Qwen3.6-35B-A3B,Mistral-7B-Instruct-v0.3,7,0.307704,0.6214,0.9300
alfworld,Qwen3.6-35B-A3B,Mistral-7B-Instruct-v0.3,8,0.347610,0.6361,0.9201
alfworld,Qwen3.6-35B-A3B,Mistral-7B-Instruct-v0.3,9,0.377484,0.6495,0.9101
alfworld,Qwen3.6-35B-A3B,Mistral-7B-Instruct-v0.3,10,0.432419,0.6649,0.9000
alfworld,Qwen3.6-35B-A3B,Mistral-7B-Instruct-v0.3,11,0.459107,0.6758,0.8900
alfworld,Qwen3.6-35B-A3B,Mistral-7B-Instruct-v0.3,12,0.493243,0.6870,0.8800
alfworld,Qwen3.6-35B-A3B,Mistral-7B-Instruct-v0.3,13,0.527605,0.6970,0.8699
alfworld,Qwen3.6-35B-A3B,Mistral-7B-Instruct-v0.3,14,0.558889,0.7047,0.8601
alfworld,Qwen3.6-35B-A3B,Mistral-7B-Instruct-v0.3,15,0.588312,0.7147,0.8500
alfworld,Qwen3.6-35B-A3B,Mistral-7B-Instruct-v0.3,16,0.615455,0.7251,0.8400
alfworld,Qwen3.6-35B-A3B,Mistral-7B-Instruct-v0.3,17,0.640790,0.7347,0.8300
alfworld,Qwen3.6-35B-A3B,Mistral-7B-Instruct-v0.3,18,0.651134,0.7422,0.8200
alfworld,Qwen3.6-35B-A3B,Mistral-7B-Instruct-v0.3,19,0.673714,0.7498,0.8101
alfworld,Qwen3.6-35B-A3B,Mistral-7B-Instruct-v0.3,20,0.693924,0.7524,0.8001
alfworld,Qwen3.6-35B-A3B,Mistral-7B-Instruct-v0.3,21,0.703232,0.7557,0.7900
alfworld,Qwen3.6-35B-A3B,Mistral-7B-Instruct-v0.3,22,0.725161,0.7607,0.7800
alfworld,Qwen3.6-35B-A3B,Mistral-7B-Instruct-v0.3,23,0.730867,0.7653,0.7700
alfworld,Qwen3.6-35B-A3B,Mistral-7B-Instruct-v0.3,24,0.748789,0.7709,0.7601
alfworld,Qwen3.6-35B-A3B,Mistral-7B-Instruct-v0.3,25,0.753116,0.7721,0.7501
alfworld,Qwen3.6-35B-A3B,Mistral-7B-Instruct-v0.3,26,0.771907,0.7759,0.7400
alfworld,Qwen3.6-35B-A3B,Mistral-7B-Instruct-v0.3,27,0.777090,0.7755,0.7300
alfworld,Qwen3.6-35B-A3B,Mistral-7B-Instruct-v0.3,28,0.793202,0.7755,0.7200
alfworld,Qwen3.6-35B-A3B,Mistral-7B-Instruct-v0.3,29,0.797981,0.7773,0.7101
alfworld,Qwen3.6-35B-A3B,Mistral-7B-Instruct-v0.3,30,0.812522,0.7790,0.7001
alfworld,Qwen3.6-35B-A3B,Mistral-7B-Instruct-v0.3,31,0.817320,0.7782,0.6901
alfworld,Qwen3.6-35B-A3B,Mistral-7B-Instruct-v0.3,32,0.831202,0.7819,0.6800
alfworld,Qwen3.6-35B-A3B,Mistral-7B-Instruct-v0.3,33,0.834271,0.7803,0.6700
alfworld,Qwen3.6-35B-A3B,Mistral-7B-Instruct-v0.3,34,0.847074,0.7799,0.6600
alfworld,Qwen3.6-35B-A3B,Mistral-7B-Instruct-v0.3,35,0.850562,0.7784,0.6501
alfworld,Qwen3.6-35B-A3B,Mistral-7B-Instruct-v0.3,36,0.861570,0.7780,0.6401
alfworld,Qwen3.6-35B-A3B,Mistral-7B-Instruct-v0.3,37,0.864467,0.7788,0.6301
alfworld,Qwen3.6-35B-A3B,Mistral-7B-Instruct-v0.3,38,0.872742,0.7780,0.6200
alfworld,Qwen3.6-35B-A3B,Mistral-7B-Instruct-v0.3,39,0.878304,0.7755,0.6100
alfworld,Qwen3.6-35B-A3B,Mistral-7B-Instruct-v0.3,40,0.881451,0.7731,0.6001
alfworld,Qwen3.6-35B-A3B,Mistral-7B-Instruct-v0.3,41,0.890626,0.7711,0.5901
alfworld,Qwen3.6-35B-A3B,Mistral-7B-Instruct-v0.3,42,0.898488,0.7686,0.5801
alfworld,Qwen3.6-35B-A3B,Mistral-7B-Instruct-v0.3,43,0.901953,0.7674,0.5700
alfworld,Qwen3.6-35B-A3B,Mistral-7B-Instruct-v0.3,44,0.903823,0.7636,0.5600
alfworld,Qwen3.6-35B-A3B,Mistral-7B-Instruct-v0.3,45,0.911948,0.7625,0.5501
alfworld,Qwen3.6-35B-A3B,Mistral-7B-Instruct-v0.3,46,0.913773,0.7592,0.5401
alfworld,Qwen3.6-35B-A3B,Mistral-7B-Instruct-v0.3,47,0.920798,0.7571,0.5301
alfworld,Qwen3.6-35B-A3B,Mistral-7B-Instruct-v0.3,48,0.922565,0.7530,0.5201
alfworld,Qwen3.6-35B-A3B,Mistral-7B-Instruct-v0.3,49,0.928407,0.7501,0.5100
alfworld,Qwen3.6-35B-A3B,Mistral-7B-Instruct-v0.3,50,0.930697,0.7494,0.5002
alfworld,Qwen3.6-35B-A3B,Mistral-7B-Instruct-v0.3,51,0.934735,0.7461,0.4901
alfworld,Qwen3.6-35B-A3B,Mistral-7B-Instruct-v0.3,52,0.938324,0.7432,0.4801
alfworld,Qwen3.6-35B-A3B,Mistral-7B-Instruct-v0.3,53,0.942182,0.7399,0.4701
alfworld,Qwen3.6-35B-A3B,Mistral-7B-Instruct-v0.3,54,0.945581,0.7370,0.4600
alfworld,Qwen3.6-35B-A3B,Mistral-7B-Instruct-v0.3,55,0.949481,0.7320,0.4500
alfworld,Qwen3.6-35B-A3B,Mistral-7B-Instruct-v0.3,56,0.951295,0.7288,0.4401
alfworld,Qwen3.6-35B-A3B,Mistral-7B-Instruct-v0.3,57,0.952531,0.7250,0.4301
alfworld,Qwen3.6-35B-A3B,Mistral-7B-Instruct-v0.3,58,0.956535,0.7213,0.4201
alfworld,Qwen3.6-35B-A3B,Mistral-7B-Instruct-v0.3,59,0.957335,0.7155,0.4101
alfworld,Qwen3.6-35B-A3B,Mistral-7B-Instruct-v0.3,60,0.961256,0.7122,0.4000
alfworld,Qwen3.6-35B-A3B,Mistral-7B-Instruct-v0.3,61,0.962143,0.7094,0.3902
alfworld,Qwen3.6-35B-A3B,Mistral-7B-Instruct-v0.3,62,0.965652,0.7073,0.3801
alfworld,Qwen3.6-35B-A3B,Mistral-7B-Instruct-v0.3,63,0.966455,0.7011,0.3701
alfworld,Qwen3.6-35B-A3B,Mistral-7B-Instruct-v0.3,64,0.969670,0.6974,0.3601
alfworld,Qwen3.6-35B-A3B,Mistral-7B-Instruct-v0.3,65,0.970248,0.6920,0.3500
alfworld,Qwen3.6-35B-A3B,Mistral-7B-Instruct-v0.3,66,0.973146,0.6875,0.3402
alfworld,Qwen3.6-35B-A3B,Mistral-7B-Instruct-v0.3,67,0.973774,0.6821,0.3301
alfworld,Qwen3.6-35B-A3B,Mistral-7B-Instruct-v0.3,68,0.976388,0.6784,0.3201
alfworld,Qwen3.6-35B-A3B,Mistral-7B-Instruct-v0.3,69,0.978109,0.6726,0.3101
alfworld,Qwen3.6-35B-A3B,Mistral-7B-Instruct-v0.3,70,0.979309,0.6672,0.3001
alfworld,Qwen3.6-35B-A3B,Mistral-7B-Instruct-v0.3,71,0.981384,0.6622,0.2900
alfworld,Qwen3.6-35B-A3B,Mistral-7B-Instruct-v0.3,72,0.981819,0.6569,0.2802
alfworld,Qwen3.6-35B-A3B,Mistral-7B-Instruct-v0.3,73,0.983774,0.6519,0.2701
alfworld,Qwen3.6-35B-A3B,Mistral-7B-Instruct-v0.3,74,0.985499,0.6478,0.2601
alfworld,Qwen3.6-35B-A3B,Mistral-7B-Instruct-v0.3,75,0.986806,0.6424,0.2501
alfworld,Qwen3.6-35B-A3B,Mistral-7B-Instruct-v0.3,76,0.987472,0.6357,0.2400
alfworld,Qwen3.6-35B-A3B,Mistral-7B-Instruct-v0.3,77,0.988817,0.6300,0.2302
alfworld,Qwen3.6-35B-A3B,Mistral-7B-Instruct-v0.3,78,0.990016,0.6246,0.2201
alfworld,Qwen3.6-35B-A3B,Mistral-7B-Instruct-v0.3,79,0.991037,0.6197,0.2101
alfworld,Qwen3.6-35B-A3B,Mistral-7B-Instruct-v0.3,80,0.991899,0.6134,0.2001
alfworld,Qwen3.6-35B-A3B,Mistral-7B-Instruct-v0.3,81,0.992315,0.6072,0.1901
alfworld,Qwen3.6-35B-A3B,Mistral-7B-Instruct-v0.3,82,0.993175,0.6015,0.1802
alfworld,Qwen3.6-35B-A3B,Mistral-7B-Instruct-v0.3,83,0.993977,0.5961,0.1702
alfworld,Qwen3.6-35B-A3B,Mistral-7B-Instruct-v0.3,84,0.994662,0.5903,0.1601
alfworld,Qwen3.6-35B-A3B,Mistral-7B-Instruct-v0.3,85,0.995271,0.5849,0.1501
alfworld,Qwen3.6-35B-A3B,Mistral-7B-Instruct-v0.3,86,0.995848,0.5787,0.1401
alfworld,Qwen3.6-35B-A3B,Mistral-7B-Instruct-v0.3,87,0.996367,0.5730,0.1302
alfworld,Qwen3.6-35B-A3B,Mistral-7B-Instruct-v0.3,88,0.996801,0.5676,0.1202
alfworld,Qwen3.6-35B-A3B,Mistral-7B-Instruct-v0.3,89,0.997354,0.5617,0.1102
alfworld,Qwen3.6-35B-A3B,Mistral-7B-Instruct-v0.3,90,0.997765,0.5568,0.1001
alfworld,Qwen3.6-35B-A3B,Mistral-7B-Instruct-v0.3,91,0.998219,0.5518,0.0901
alfworld,Qwen3.6-35B-A3B,Mistral-7B-Instruct-v0.3,92,0.998469,0.5476,0.0801
alfworld,Qwen3.6-35B-A3B,Mistral-7B-Instruct-v0.3,93,0.998764,0.5419,0.0702
alfworld,Qwen3.6-35B-A3B,Mistral-7B-Instruct-v0.3,94,0.998953,0.5357,0.0602
alfworld,Qwen3.6-35B-A3B,Mistral-7B-Instruct-v0.3,95,0.999173,0.5307,0.0501
alfworld,Qwen3.6-35B-A3B,Mistral-7B-Instruct-v0.3,96,0.999340,0.5249,0.0401
alfworld,Qwen3.6-35B-A3B,Mistral-7B-Instruct-v0.3,97,0.999555,0.5191,0.0301
alfworld,Qwen3.6-35B-A3B,Mistral-7B-Instruct-v0.3,98,0.999698,0.5130,0.0202
alfworld,Qwen3.6-35B-A3B,Mistral-7B-Instruct-v0.3,99,0.999834,0.5067,0.0102
alfworld,Qwen3.6-35B-A3B,Phi-4-mini-instruct,1,0.096445,0.5216,0.9900
alfworld,Qwen3.6-35B-A3B,Phi-4-mini-instruct,2,0.148941,0.5422,0.9800
alfworld,Qwen3.6-35B-A3B,Phi-4-mini-instruct,3,0.216094,0.5620,0.9700
alfworld,Qwen3.6-35B-A3B,Phi-4-mini-instruct,4,0.268908,0.5822,0.9600
alfworld,Qwen3.6-35B-A3B,Phi-4-mini-instruct,5,0.322539,0.6011,0.9500
alfworld,Qwen3.6-35B-A3B,Phi-4-mini-instruct,6,0.403058,0.6156,0.9400
alfworld,Qwen3.6-35B-A3B,Phi-4-mini-instruct,7,0.462728,0.6305,0.9300
alfworld,Qwen3.6-35B-A3B,Phi-4-mini-instruct,8,0.523103,0.6432,0.9200
alfworld,Qwen3.6-35B-A3B,Phi-4-mini-instruct,9,0.559482,0.6567,0.9101
alfworld,Qwen3.6-35B-A3B,Phi-4-mini-instruct,10,0.592515,0.6690,0.9001
alfworld,Qwen3.6-35B-A3B,Phi-4-mini-instruct,11,0.641829,0.6808,0.8901
alfworld,Qwen3.6-35B-A3B,Phi-4-mini-instruct,12,0.672026,0.6943,0.8801
alfworld,Qwen3.6-35B-A3B,Phi-4-mini-instruct,13,0.698926,0.7030,0.8701
alfworld,Qwen3.6-35B-A3B,Phi-4-mini-instruct,14,0.723300,0.7117,0.8601
alfworld,Qwen3.6-35B-A3B,Phi-4-mini-instruct,15,0.738260,0.7168,0.8501
alfworld,Qwen3.6-35B-A3B,Phi-4-mini-instruct,16,0.754722,0.7233,0.8401
alfworld,Qwen3.6-35B-A3B,Phi-4-mini-instruct,17,0.773364,0.7306,0.8300
alfworld,Qwen3.6-35B-A3B,Phi-4-mini-instruct,18,0.790632,0.7384,0.8200
alfworld,Qwen3.6-35B-A3B,Phi-4-mini-instruct,19,0.805109,0.7417,0.8100
alfworld,Qwen3.6-35B-A3B,Phi-4-mini-instruct,20,0.815510,0.7429,0.8000
alfworld,Qwen3.6-35B-A3B,Phi-4-mini-instruct,21,0.831160,0.7445,0.7900
alfworld,Qwen3.6-35B-A3B,Phi-4-mini-instruct,22,0.841405,0.7456,0.7800
alfworld,Qwen3.6-35B-A3B,Phi-4-mini-instruct,23,0.849558,0.7503,0.7700
alfworld,Qwen3.6-35B-A3B,Phi-4-mini-instruct,24,0.862567,0.7515,0.7600
alfworld,Qwen3.6-35B-A3B,Phi-4-mini-instruct,25,0.873429,0.7500,0.7500
alfworld,Qwen3.6-35B-A3B,Phi-4-mini-instruct,26,0.879160,0.7493,0.7400
alfworld,Qwen3.6-35B-A3B,Phi-4-mini-instruct,27,0.889635,0.7509,0.7300
alfworld,Qwen3.6-35B-A3B,Phi-4-mini-instruct,28,0.898768,0.7512,0.7200
alfworld,Qwen3.6-35B-A3B,Phi-4-mini-instruct,29,0.902710,0.7479,0.7100
alfworld,Qwen3.6-35B-A3B,Phi-4-mini-instruct,30,0.909915,0.7468,0.7000
alfworld,Qwen3.6-35B-A3B,Phi-4-mini-instruct,31,0.913143,0.7480,0.6900
alfworld,Qwen3.6-35B-A3B,Phi-4-mini-instruct,32,0.920518,0.7491,0.6800
alfworld,Qwen3.6-35B-A3B,Phi-4-mini-instruct,33,0.923051,0.7458,0.6700
alfworld,Qwen3.6-35B-A3B,Phi-4-mini-instruct,34,0.929970,0.7443,0.6601
alfworld,Qwen3.6-35B-A3B,Phi-4-mini-instruct,35,0.934713,0.7424,0.6501
alfworld,Qwen3.6-35B-A3B,Phi-4-mini-instruct,36,0.938449,0.7382,0.6401
alfworld,Qwen3.6-35B-A3B,Phi-4-mini-instruct,37,0.943788,0.7376,0.6301
alfworld,Qwen3.6-35B-A3B,Phi-4-mini-instruct,38,0.945590,0.7343,0.6201
alfworld,Qwen3.6-35B-A3B,Phi-4-mini-instruct,39,0.950569,0.7310,0.6101
alfworld,Qwen3.6-35B-A3B,Phi-4-mini-instruct,40,0.951781,0.7273,0.6001
alfworld,Qwen3.6-35B-A3B,Phi-4-mini-instruct,41,0.955970,0.7258,0.5901
alfworld,Qwen3.6-35B-A3B,Phi-4-mini-instruct,42,0.957274,0.7234,0.5801
alfworld,Qwen3.6-35B-A3B,Phi-4-mini-instruct,43,0.961310,0.7227,0.5701
alfworld,Qwen3.6-35B-A3B,Phi-4-mini-instruct,44,0.963043,0.7199,0.5601
alfworld,Qwen3.6-35B-A3B,Phi-4-mini-instruct,45,0.966107,0.7179,0.5501
alfworld,Qwen3.6-35B-A3B,Phi-4-mini-instruct,46,0.968966,0.7142,0.5401
alfworld,Qwen3.6-35B-A3B,Phi-4-mini-instruct,47,0.970128,0.7109,0.5301
alfworld,Qwen3.6-35B-A3B,Phi-4-mini-instruct,48,0.972764,0.7094,0.5201
alfworld,Qwen3.6-35B-A3B,Phi-4-mini-instruct,49,0.973650,0.7061,0.5101
alfworld,Qwen3.6-35B-A3B,Phi-4-mini-instruct,50,0.976378,0.7054,0.5000
alfworld,Qwen3.6-35B-A3B,Phi-4-mini-instruct,51,0.978567,0.7034,0.4900
alfworld,Qwen3.6-35B-A3B,Phi-4-mini-instruct,52,0.979944,0.7019,0.4800
alfworld,Qwen3.6-35B-A3B,Phi-4-mini-instruct,53,0.981518,0.6982,0.4700
alfworld,Qwen3.6-35B-A3B,Phi-4-mini-instruct,54,0.983170,0.6949,0.4600
alfworld,Qwen3.6-35B-A3B,Phi-4-mini-instruct,55,0.983962,0.6929,0.4500
alfworld,Qwen3.6-35B-A3B,Phi-4-mini-instruct,56,0.985575,0.6914,0.4400
alfworld,Qwen3.6-35B-A3B,Phi-4-mini-instruct,57,0.986886,0.6881,0.4300
alfworld,Qwen3.6-35B-A3B,Phi-4-mini-instruct,58,0.987982,0.6853,0.4200
alfworld,Qwen3.6-35B-A3B,Phi-4-mini-instruct,59,0.988828,0.6820,0.4101
alfworld,Qwen3.6-35B-A3B,Phi-4-mini-instruct,60,0.990015,0.6783,0.4001
alfworld,Qwen3.6-35B-A3B,Phi-4-mini-instruct,61,0.991119,0.6754,0.3901
alfworld,Qwen3.6-35B-A3B,Phi-4-mini-instruct,62,0.991913,0.6735,0.3801
alfworld,Qwen3.6-35B-A3B,Phi-4-mini-instruct,63,0.992297,0.6684,0.3701
alfworld,Qwen3.6-35B-A3B,Phi-4-mini-instruct,64,0.993095,0.6642,0.3601
alfworld,Qwen3.6-35B-A3B,Phi-4-mini-instruct,65,0.993855,0.6605,0.3501
alfworld,Qwen3.6-35B-A3B,Phi-4-mini-instruct,66,0.994424,0.6563,0.3401
alfworld,Qwen3.6-35B-A3B,Phi-4-mini-instruct,67,0.994727,0.6522,0.3301
alfworld,Qwen3.6-35B-A3B,Phi-4-mini-instruct,68,0.995222,0.6480,0.3201
alfworld,Qwen3.6-35B-A3B,Phi-4-mini-instruct,69,0.995698,0.6434,0.3101
alfworld,Qwen3.6-35B-A3B,Phi-4-mini-instruct,70,0.996131,0.6392,0.3001
alfworld,Qwen3.6-35B-A3B,Phi-4-mini-instruct,71,0.996356,0.6350,0.2901
alfworld,Qwen3.6-35B-A3B,Phi-4-mini-instruct,72,0.996725,0.6317,0.2801
alfworld,Qwen3.6-35B-A3B,Phi-4-mini-instruct,73,0.997049,0.6280,0.2701
alfworld,Qwen3.6-35B-A3B,Phi-4-mini-instruct,74,0.997314,0.6247,0.2601
alfworld,Qwen3.6-35B-A3B,Phi-4-mini-instruct,75,0.997505,0.6219,0.2502
alfworld,Qwen3.6-35B-A3B,Phi-4-mini-instruct,76,0.997772,0.6172,0.2402
alfworld,Qwen3.6-35B-A3B,Phi-4-mini-instruct,77,0.997970,0.6153,0.2302
alfworld,Qwen3.6-35B-A3B,Phi-4-mini-instruct,78,0.998144,0.6107,0.2202
alfworld,Qwen3.6-35B-A3B,Phi-4-mini-instruct,79,0.998283,0.6056,0.2102
alfworld,Qwen3.6-35B-A3B,Phi-4-mini-instruct,80,0.998473,0.6010,0.2002
alfworld,Qwen3.6-35B-A3B,Phi-4-mini-instruct,81,0.998638,0.5964,0.1902
alfworld,Qwen3.6-35B-A3B,Phi-4-mini-instruct,82,0.998801,0.5918,0.1802
alfworld,Qwen3.6-35B-A3B,Phi-4-mini-instruct,83,0.998931,0.5876,0.1702
alfworld,Qwen3.6-35B-A3B,Phi-4-mini-instruct,84,0.999068,0.5820,0.1601
alfworld,Qwen3.6-35B-A3B,Phi-4-mini-instruct,85,0.999173,0.5778,0.1501
alfworld,Qwen3.6-35B-A3B,Phi-4-mini-instruct,86,0.999265,0.5732,0.1401
alfworld,Qwen3.6-35B-A3B,Phi-4-mini-instruct,87,0.999352,0.5681,0.1301
alfworld,Qwen3.6-35B-A3B,Phi-4-mini-instruct,88,0.999432,0.5631,0.1201
alfworld,Qwen3.6-35B-A3B,Phi-4-mini-instruct,89,0.999502,0.5576,0.1101
alfworld,Qwen3.6-35B-A3B,Phi-4-mini-instruct,90,0.999563,0.5525,0.1001
alfworld,Qwen3.6-35B-A3B,Phi-4-mini-instruct,91,0.999636,0.5465,0.0901
alfworld,Qwen3.6-35B-A3B,Phi-4-mini-instruct,92,0.999688,0.5419,0.0801
alfworld,Qwen3.6-35B-A3B,Phi-4-mini-instruct,93,0.999738,0.5360,0.0701
alfworld,Qwen3.6-35B-A3B,Phi-4-mini-instruct,94,0.999787,0.5305,0.0601
alfworld,Qwen3.6-35B-A3B,Phi-4-mini-instruct,95,0.999833,0.5263,0.0501
alfworld,Qwen3.6-35B-A3B,Phi-4-mini-instruct,96,0.999868,0.5203,0.0401
alfworld,Qwen3.6-35B-A3B,Phi-4-mini-instruct,97,0.999896,0.5157,0.0301
alfworld,Qwen3.6-35B-A3B,Phi-4-mini-instruct,98,0.999923,0.5098,0.0201
alfworld,Qwen3.6-35B-A3B,Phi-4-mini-instruct,99,0.999951,0.5043,0.0101
alfworld,Qwen3.6-35B-A3B,Qwen3.6-35B-A3B,1,0.001170,0.5068,0.9900
alfworld,Qwen3.6-35B-A3B,Qwen3.6-35B-A3B,2,0.001930,0.5129,0.9800
alfworld,Qwen3.6-35B-A3B,Qwen3.6-35B-A3B,3,0.003603,0.5190,0.9700
alfworld,Qwen3.6-35B-A3B,Qwen3.6-35B-A3B,4,0.005910,0.5251,0.9600
alfworld,Qwen3.6-35B-A3B,Qwen3.6-35B-A3B,5,0.008724,0.5299,0.9500
alfworld,Qwen3.6-35B-A3B,Qwen3.6-35B-A3B,6,0.012467,0.5353,0.9399
alfworld,Qwen3.6-35B-A3B,Qwen3.6-35B-A3B,7,0.017950,0.5414,0.9299
alfworld,Qwen3.6-35B-A3B,Qwen3.6-35B-A3B,8,0.020674,0.5462,0.9199
alfworld,Qwen3.6-35B-A3B,Qwen3.6-35B-A3B,9,0.029292,0.5543,0.9099
alfworld,Qwen3.6-35B-A3B,Qwen3.6-35B-A3B,10,0.033095,0.5584,0.8999
alfworld,Qwen3.6-35B-A3B,Qwen3.6-35B-A3B,11,0.037587,0.5639,0.8899
alfworld,Qwen3.6-35B-A3B,Qwen3.6-35B-A3B,12,0.042318,0.5707,0.8799
alfworld,Qwen3.6-35B-A3B,Qwen3.6-35B-A3B,13,0.047723,0.5739,0.8702
alfworld,Qwen3.6-35B-A3B,Qwen3.6-35B-A3B,14,0.053412,0.5767,0.8602
alfworld,Qwen3.6-35B-A3B,Qwen3.6-35B-A3B,15,0.060089,0.5808,0.8502
alfworld,Qwen3.6-35B-A3B,Qwen3.6-35B-A3B,16,0.060262,0.5869,0.8402
alfworld,Qwen3.6-35B-A3B,Qwen3.6-35B-A3B,17,0.067549,0.5910,0.8302
alfworld,Qwen3.6-35B-A3B,Qwen3.6-35B-A3B,18,0.068398,0.5978,0.8201
alfworld,Qwen3.6-35B-A3B,Qwen3.6-35B-A3B,19,0.075864,0.6019,0.8101
alfworld,Qwen3.6-35B-A3B,Qwen3.6-35B-A3B,20,0.085096,0.6054,0.8001
alfworld,Qwen3.6-35B-A3B,Qwen3.6-35B-A3B,21,0.085287,0.6102,0.7901
alfworld,Qwen3.6-35B-A3B,Qwen3.6-35B-A3B,22,0.095250,0.6123,0.7801
alfworld,Qwen3.6-35B-A3B,Qwen3.6-35B-A3B,23,0.096039,0.6144,0.7701
alfworld,Qwen3.6-35B-A3B,Qwen3.6-35B-A3B,24,0.106583,0.6205,0.7601
alfworld,Qwen3.6-35B-A3B,Qwen3.6-35B-A3B,25,0.106698,0.6220,0.7501
alfworld,Qwen3.6-35B-A3B,Qwen3.6-35B-A3B,26,0.119087,0.6255,0.7401
alfworld,Qwen3.6-35B-A3B,Qwen3.6-35B-A3B,27,0.119454,0.6296,0.7301
alfworld,Qwen3.6-35B-A3B,Qwen3.6-35B-A3B,28,0.132959,0.6324,0.7201
alfworld,Qwen3.6-35B-A3B,Qwen3.6-35B-A3B,29,0.133612,0.6332,0.7100
alfworld,Qwen3.6-35B-A3B,Qwen3.6-35B-A3B,30,0.148035,0.6367,0.7000
alfworld,Qwen3.6-35B-A3B,Qwen3.6-35B-A3B,31,0.148071,0.6414,0.6900
alfworld,Qwen3.6-35B-A3B,Qwen3.6-35B-A3B,32,0.164356,0.6442,0.6800
alfworld,Qwen3.6-35B-A3B,Qwen3.6-35B-A3B,33,0.164515,0.6424,0.6700
alfworld,Qwen3.6-35B-A3B,Qwen3.6-35B-A3B,34,0.181973,0.6445,0.6600
alfworld,Qwen3.6-35B-A3B,Qwen3.6-35B-A3B,35,0.182418,0.6480,0.6500
alfworld,Qwen3.6-35B-A3B,Qwen3.6-35B-A3B,36,0.183819,0.6455,0.6400
alfworld,Qwen3.6-35B-A3B,Qwen3.6-35B-A3B,37,0.201797,0.6463,0.6300
alfworld,Qwen3.6-35B-A3B,Qwen3.6-35B-A3B,38,0.202947,0.6475,0.6203
alfworld,Qwen3.6-35B-A3B,Qwen3.6-35B-A3B,39,0.222474,0.6477,0.6103
alfworld,Qwen3.6-35B-A3B,Qwen3.6-35B-A3B,40,0.222693,0.6518,0.6003
alfworld,Qwen3.6-35B-A3B,Qwen3.6-35B-A3B,41,0.243756,0.6486,0.5902
alfworld,Qwen3.6-35B-A3B,Qwen3.6-35B-A3B,42,0.245066,0.6514,0.5802
alfworld,Qwen3.6-35B-A3B,Qwen3.6-35B-A3B,43,0.246395,0.6516,0.5702
alfworld,Qwen3.6-35B-A3B,Qwen3.6-35B-A3B,44,0.268737,0.6524,0.5602
alfworld,Qwen3.6-35B-A3B,Qwen3.6-35B-A3B,45,0.268925,0.6538,0.5502
alfworld,Qwen3.6-35B-A3B,Qwen3.6-35B-A3B,46,0.275880,0.6500,0.5402
alfworld,Qwen3.6-35B-A3B,Qwen3.6-35B-A3B,47,0.294181,0.6482,0.5302
alfworld,Qwen3.6-35B-A3B,Qwen3.6-35B-A3B,48,0.296539,0.6443,0.5202
alfworld,Qwen3.6-35B-A3B,Qwen3.6-35B-A3B,49,0.320558,0.6485,0.5102
alfworld,Qwen3.6-35B-A3B,Qwen3.6-35B-A3B,50,0.320799,0.6486,0.5002
alfworld,Qwen3.6-35B-A3B,Qwen3.6-35B-A3B,51,0.347623,0.6481,0.4901
alfworld,Qwen3.6-35B-A3B,Qwen3.6-35B-A3B,52,0.348610,0.6469,0.4801
alfworld,Qwen3.6-35B-A3B,Qwen3.6-35B-A3B,53,0.369246,0.6424,0.4701
alfworld,Qwen3.6-35B-A3B,Qwen3.6-35B-A3B,54,0.377484,0.6406,0.4601
alfworld,Qwen3.6-35B-A3B,Qwen3.6-35B-A3B,55,0.377518,0.6414,0.4501
alfworld,Qwen3.6-35B-A3B,Qwen3.6-35B-A3B,56,0.406096,0.6402,0.4401
alfworld,Qwen3.6-35B-A3B,Qwen3.6-35B-A3B,57,0.407036,0.6344,0.4301
alfworld,Qwen3.6-35B-A3B,Qwen3.6-35B-A3B,58,0.414364,0.6359,0.4201
alfworld,Qwen3.6-35B-A3B,Qwen3.6-35B-A3B,59,0.436694,0.6360,0.4101
alfworld,Qwen3.6-35B-A3B,Qwen3.6-35B-A3B,60,0.442065,0.6329,0.4001
alfworld,Qwen3.6-35B-A3B,Qwen3.6-35B-A3B,61,0.467747,0.6323,0.3901
alfworld,Qwen3.6-35B-A3B,Qwen3.6-35B-A3B,62,0.468740,0.6305,0.3800
alfworld,Qwen3.6-35B-A3B,Qwen3.6-35B-A3B,63,0.498552,0.6271,0.3703
alfworld,Qwen3.6-35B-A3B,Qwen3.6-35B-A3B,64,0.499931,0.6239,0.3603
alfworld,Qwen3.6-35B-A3B,Qwen3.6-35B-A3B,65,0.528154,0.6234,0.3503
alfworld,Qwen3.6-35B-A3B,Qwen3.6-35B-A3B,66,0.530594,0.6202,0.3403
alfworld,Qwen3.6-35B-A3B,Qwen3.6-35B-A3B,67,0.555460,0.6197,0.3303
alfworld,Qwen3.6-35B-A3B,Qwen3.6-35B-A3B,68,0.560346,0.6212,0.3203
alfworld,Qwen3.6-35B-A3B,Qwen3.6-35B-A3B,69,0.583204,0.6187,0.3103
alfworld,Qwen3.6-35B-A3B,Qwen3.6-35B-A3B,70,0.591361,0.6182,0.3003
alfworld,Qwen3.6-35B-A3B,Qwen3.6-35B-A3B,71,0.607068,0.6150,0.2903
alfworld,Qwen3.6-35B-A3B,Qwen3.6-35B-A3B,72,0.620456,0.6171,0.2803
alfworld,Qwen3.6-35B-A3B,Qwen3.6-35B-A3B,73,0.622373,0.6107,0.2703
alfworld,Qwen3.6-35B-A3B,Qwen3.6-35B-A3B,74,0.648877,0.6101,0.2602
alfworld,Qwen3.6-35B-A3B,Qwen3.6-35B-A3B,75,0.650934,0.6043,0.2502
alfworld,Qwen3.6-35B-A3B,Qwen3.6-35B-A3B,76,0.676297,0.6025,0.2402
alfworld,Qwen3.6-35B-A3B,Qwen3.6-35B-A3B,77,0.688024,0.5960,0.2302
alfworld,Qwen3.6-35B-A3B,Qwen3.6-35B-A3B,78,0.703587,0.5942,0.2202
alfworld,Qwen3.6-35B-A3B,Qwen3.6-35B-A3B,79,0.705674,0.5897,0.2102
alfworld,Qwen3.6-35B-A3B,Qwen3.6-35B-A3B,80,0.728343,0.5898,0.2002
alfworld,Qwen3.6-35B-A3B,Qwen3.6-35B-A3B,81,0.744122,0.5860,0.1902
alfworld,Qwen3.6-35B-A3B,Qwen3.6-35B-A3B,82,0.753116,0.5842,0.1802
alfworld,Qwen3.6-35B-A3B,Qwen3.6-35B-A3B,83,0.774233,0.5777,0.1702
alfworld,Qwen3.6-35B-A3B,Qwen3.6-35B-A3B,84,0.776938,0.5725,0.1602
alfworld,Qwen3.6-35B-A3B,Qwen3.6-35B-A3B,85,0.795361,0.5727,0.1501
alfworld,Qwen3.6-35B-A3B,Qwen3.6-35B-A3B,86,0.798045,0.5688,0.1401
alfworld,Qwen3.6-35B-A3B,Qwen3.6-35B-A3B,87,0.815219,0.5663,0.1301
alfworld,Qwen3.6-35B-A3B,Qwen3.6-35B-A3B,88,0.829508,0.5616,0.1204
alfworld,Qwen3.6-35B-A3B,Qwen3.6-35B-A3B,89,0.833314,0.5631,0.1104
alfworld,Qwen3.6-35B-A3B,Qwen3.6-35B-A3B,90,0.848112,0.5586,0.1004
alfworld,Qwen3.6-35B-A3B,Qwen3.6-35B-A3B,91,0.862495,0.5541,0.0904
alfworld,Qwen3.6-35B-A3B,Qwen3.6-35B-A3B,92,0.878125,0.5496,0.0804
alfworld,Qwen3.6-35B-A3B,Qwen3.6-35B-A3B,93,0.889983,0.5444,0.0704
alfworld,Qwen3.6-35B-A3B,Qwen3.6-35B-A3B,94,0.903116,0.5386,0.0604
alfworld,Qwen3.6-35B-A3B,Qwen3.6-35B-A3B,95,0.913905,0.5355,0.0504
alfworld,Qwen3.6-35B-A3B,Qwen3.6-35B-A3B,96,0.924047,0.5270,0.0404
alfworld,Qwen3.6-35B-A3B,Qwen3.6-35B-A3B,97,0.939821,0.5218,0.0303
alfworld,Qwen3.6-35B-A3B,Qwen3.6-35B-A3B,98,0.957801,0.5127,0.0203
alfworld,Qwen3.6-35B-A3B,Qwen3.6-35B-A3B,99,0.976852,0.5076,0.0103
alfworld,Qwen3.6-35B-A3B,deepseek-v4-flash,1,0.001170,0.5075,0.9900
alfworld,Qwen3.6-35B-A3B,deepseek-v4-flash,2,0.003599,0.5142,0.9800
alfworld,Qwen3.6-35B-A3B,deepseek-v4-flash,3,0.005910,0.5217,0.9700
alfworld,Qwen3.6-35B-A3B,deepseek-v4-flash,4,0.014043,0.5271,0.9600
alfworld,Qwen3.6-35B-A3B,deepseek-v4-flash,5,0.020328,0.5339,0.9501
alfworld,Qwen3.6-35B-A3B,deepseek-v4-flash,6,0.033069,0.5414,0.9401
alfworld,Qwen3.6-35B-A3B,deepseek-v4-flash,7,0.037334,0.5481,0.9301
alfworld,Qwen3.6-35B-A3B,deepseek-v4-flash,8,0.042862,0.5522,0.9201
alfworld,Qwen3.6-35B-A3B,deepseek-v4-flash,9,0.053346,0.5549,0.9101
alfworld,Qwen3.6-35B-A3B,deepseek-v4-flash,10,0.060061,0.5603,0.9001
alfworld,Qwen3.6-35B-A3B,deepseek-v4-flash,11,0.061327,0.5657,0.8901
alfworld,Qwen3.6-35B-A3B,deepseek-v4-flash,12,0.067570,0.5704,0.8801
alfworld,Qwen3.6-35B-A3B,deepseek-v4-flash,13,0.075859,0.5765,0.8702
alfworld,Qwen3.6-35B-A3B,deepseek-v4-flash,14,0.076217,0.5806,0.8602
alfworld,Qwen3.6-35B-A3B,deepseek-v4-flash,15,0.085099,0.5873,0.8502
alfworld,Qwen3.6-35B-A3B,deepseek-v4-flash,16,0.094665,0.5934,0.8402
alfworld,Qwen3.6-35B-A3B,deepseek-v4-flash,17,0.095354,0.6004,0.8299
alfworld,Qwen3.6-35B-A3B,deepseek-v4-flash,18,0.106567,0.6058,0.8199
alfworld,Qwen3.6-35B-A3B,deepseek-v4-flash,19,0.106698,0.6113,0.8099
alfworld,Qwen3.6-35B-A3B,deepseek-v4-flash,20,0.118741,0.6167,0.7999
alfworld,Qwen3.6-35B-A3B,deepseek-v4-flash,21,0.119206,0.6221,0.7900
alfworld,Qwen3.6-35B-A3B,deepseek-v4-flash,22,0.121061,0.6282,0.7800
alfworld,Qwen3.6-35B-A3B,deepseek-v4-flash,23,0.132959,0.6350,0.7700
alfworld,Qwen3.6-35B-A3B,deepseek-v4-flash,24,0.133290,0.6410,0.7600
alfworld,Qwen3.6-35B-A3B,deepseek-v4-flash,25,0.147004,0.6465,0.7500
alfworld,Qwen3.6-35B-A3B,deepseek-v4-flash,26,0.148045,0.6532,0.7400
alfworld,Qwen3.6-35B-A3B,deepseek-v4-flash,27,0.149822,0.6573,0.7300
alfworld,Qwen3.6-35B-A3B,deepseek-v4-flash,28,0.164501,0.6634,0.7200
alfworld,Qwen3.6-35B-A3B,deepseek-v4-flash,29,0.164524,0.6702,0.7100
alfworld,Qwen3.6-35B-A3B,deepseek-v4-flash,30,0.181236,0.6763,0.7001
alfworld,Qwen3.6-35B-A3B,deepseek-v4-flash,31,0.182419,0.6824,0.6901
alfworld,Qwen3.6-35B-A3B,deepseek-v4-flash,32,0.183759,0.6878,0.6801
alfworld,Qwen3.6-35B-A3B,deepseek-v4-flash,33,0.201782,0.6925,0.6701
alfworld,Qwen3.6-35B-A3B,deepseek-v4-flash,34,0.201813,0.6986,0.6601
alfworld,Qwen3.6-35B-A3B,deepseek-v4-flash,35,0.221133,0.7054,0.6501
alfworld,Qwen3.6-35B-A3B,deepseek-v4-flash,36,0.222687,0.7108,0.6401
alfworld,Qwen3.6-35B-A3B,deepseek-v4-flash,37,0.224235,0.7162,0.6301
alfworld,Qwen3.6-35B-A3B,deepseek-v4-flash,38,0.245064,0.7230,0.6202
alfworld,Qwen3.6-35B-A3B,deepseek-v4-flash,39,0.246243,0.7277,0.6102
alfworld,Qwen3.6-35B-A3B,deepseek-v4-flash,40,0.267691,0.7317,0.6002
alfworld,Qwen3.6-35B-A3B,deepseek-v4-flash,41,0.268922,0.7378,0.5902
alfworld,Qwen3.6-35B-A3B,deepseek-v4-flash,42,0.272027,0.7432,0.5802
alfworld,Qwen3.6-35B-A3B,deepseek-v4-flash,43,0.294190,0.7480,0.5702
alfworld,Qwen3.6-35B-A3B,deepseek-v4-flash,44,0.297466,0.7520,0.5602
alfworld,Qwen3.6-35B-A3B,deepseek-v4-flash,45,0.320782,0.7533,0.5502
alfworld,Qwen3.6-35B-A3B,deepseek-v4-flash,46,0.322168,0.7594,0.5403
alfworld,Qwen3.6-35B-A3B,deepseek-v4-flash,47,0.347458,0.7655,0.5303
alfworld,Qwen3.6-35B-A3B,deepseek-v4-flash,48,0.348614,0.7696,0.5203
alfworld,Qwen3.6-35B-A3B,deepseek-v4-flash,49,0.376152,0.7750,0.5103
alfworld,Qwen3.6-35B-A3B,deepseek-v4-flash,50,0.377507,0.7786,0.5000
alfworld,Qwen3.6-35B-A3B,deepseek-v4-flash,51,0.405566,0.7819,0.4900
alfworld,Qwen3.6-35B-A3B,deepseek-v4-flash,52,0.407297,0.7860,0.4800
alfworld,Qwen3.6-35B-A3B,deepseek-v4-flash,53,0.436018,0.7907,0.4700
alfworld,Qwen3.6-35B-A3B,deepseek-v4-flash,54,0.437776,0.7934,0.4600
alfworld,Qwen3.6-35B-A3B,deepseek-v4-flash,55,0.466744,0.7967,0.4501
alfworld,Qwen3.6-35B-A3B,deepseek-v4-flash,56,0.490302,0.7980,0.4401
alfworld,Qwen3.6-35B-A3B,deepseek-v4-flash,57,0.498829,0.7994,0.4301
alfworld,Qwen3.6-35B-A3B,deepseek-v4-flash,58,0.524509,0.8000,0.4201
alfworld,Qwen3.6-35B-A3B,deepseek-v4-flash,59,0.531093,0.7999,0.4101
alfworld,Qwen3.6-35B-A3B,deepseek-v4-flash,60,0.558154,0.8047,0.4001
alfworld,Qwen3.6-35B-A3B,deepseek-v4-flash,61,0.562067,0.8012,0.3901
alfworld,Qwen3.6-35B-A3B,deepseek-v4-flash,62,0.587950,0.7977,0.3801
alfworld,Qwen3.6-35B-A3B,deepseek-v4-flash,63,0.592512,0.7935,0.3702
alfworld,Qwen3.6-35B-A3B,deepseek-v4-flash,64,0.616706,0.7955,0.3602
alfworld,Qwen3.6-35B-A3B,deepseek-v4-flash,65,0.621220,0.7948,0.3502
alfworld,Qwen3.6-35B-A3B,deepseek-v4-flash,66,0.645726,0.7934,0.3402
alfworld,Qwen3.6-35B-A3B,deepseek-v4-flash,67,0.649651,0.7920,0.3302
alfworld,Qwen3.6-35B-A3B,deepseek-v4-flash,68,0.673199,0.7871,0.3202
alfworld,Qwen3.6-35B-A3B,deepseek-v4-flash,69,0.678021,0.7836,0.3102
alfworld,Qwen3.6-35B-A3B,deepseek-v4-flash,70,0.696980,0.7808,0.3002
alfworld,Qwen3.6-35B-A3B,deepseek-v4-flash,71,0.703750,0.7787,0.2903
alfworld,Qwen3.6-35B-A3B,deepseek-v4-flash,72,0.724556,0.7705,0.2803
alfworld,Qwen3.6-35B-A3B,deepseek-v4-flash,73,0.728435,0.7656,0.2703
alfworld,Qwen3.6-35B-A3B,deepseek-v4-flash,74,0.746947,0.7608,0.2603
alfworld,Qwen3.6-35B-A3B,deepseek-v4-flash,75,0.752683,0.7560,0.2503
alfworld,Qwen3.6-35B-A3B,deepseek-v4-flash,76,0.768538,0.7491,0.2403
alfworld,Qwen3.6-35B-A3B,deepseek-v4-flash,77,0.774694,0.7408,0.2303
alfworld,Qwen3.6-35B-A3B,deepseek-v4-flash,78,0.790645,0.7319,0.2203
alfworld,Qwen3.6-35B-A3B,deepseek-v4-flash,79,0.796187,0.7222,0.2104
alfworld,Qwen3.6-35B-A3B,deepseek-v4-flash,80,0.812945,0.7140,0.2004
alfworld,Qwen3.6-35B-A3B,deepseek-v4-flash,81,0.815749,0.7084,0.1904
alfworld,Qwen3.6-35B-A3B,deepseek-v4-flash,82,0.831964,0.6995,0.1804
alfworld,Qwen3.6-35B-A3B,deepseek-v4-flash,83,0.839522,0.6926,0.1704
alfworld,Qwen3.6-35B-A3B,deepseek-v4-flash,84,0.849611,0.6805,0.1601
alfworld,Qwen3.6-35B-A3B,deepseek-v4-flash,85,0.858952,0.6715,0.1501
alfworld,Qwen3.6-35B-A3B,deepseek-v4-flash,86,0.864736,0.6619,0.1401
alfworld,Qwen3.6-35B-A3B,deepseek-v4-flash,87,0.877505,0.6523,0.1301
alfworld,Qwen3.6-35B-A3B,deepseek-v4-flash,88,0.879916,0.6433,0.1202
alfworld,Qwen3.6-35B-A3B,deepseek-v4-flash,89,0.891413,0.6317,0.1102
alfworld,Qwen3.6-35B-A3B,deepseek-v4-flash,90,0.900813,0.6227,0.1002
alfworld,Qwen3.6-35B-A3B,deepseek-v4-flash,91,0.903602,0.6144,0.0902
alfworld,Qwen3.6-35B-A3B,deepseek-v4-flash,92,0.914146,0.6014,0.0802
alfworld,Qwen3.6-35B-A3B,deepseek-v4-flash,93,0.923161,0.5890,0.0702
alfworld,Qwen3.6-35B-A3B,deepseek-v4-flash,94,0.931666,0.5774,0.0602
alfworld,Qwen3.6-35B-A3B,deepseek-v4-flash,95,0.939284,0.5650,0.0502
alfworld,Qwen3.6-35B-A3B,deepseek-v4-flash,96,0.946329,0.5526,0.0403
alfworld,Qwen3.6-35B-A3B,deepseek-v4-flash,97,0.957595,0.5403,0.0303
alfworld,Qwen3.6-35B-A3B,deepseek-v4-flash,98,0.969790,0.5272,0.0203
alfworld,Qwen3.6-35B-A3B,deepseek-v4-flash,99,0.988702,0.5135,0.0103
alfworld,Qwen3.6-35B-A3B,gemma-3-4b-it,1,0.104196,0.5411,0.9900
alfworld,Qwen3.6-35B-A3B,gemma-3-4b-it,2,0.182410,0.5800,0.9800
alfworld,Qwen3.6-35B-A3B,gemma-3-4b-it,3,0.266438,0.6182,0.9700
alfworld,Qwen3.6-35B-A3B,gemma-3-4b-it,4,0.347619,0.6506,0.9599
alfworld,Qwen3.6-35B-A3B,gemma-3-4b-it,5,0.429867,0.6786,0.9501
alfworld,Qwen3.6-35B-A3B,gemma-3-4b-it,6,0.499905,0.7029,0.9401
alfworld,Qwen3.6-35B-A3B,gemma-3-4b-it,7,0.562000,0.7251,0.9300
alfworld,Qwen3.6-35B-A3B,gemma-3-4b-it,8,0.617310,0.7384,0.9200
alfworld,Qwen3.6-35B-A3B,gemma-3-4b-it,9,0.648583,0.7488,0.9100
alfworld,Qwen3.6-35B-A3B,gemma-3-4b-it,10,0.688670,0.7593,0.9000
alfworld,Qwen3.6-35B-A3B,gemma-3-4b-it,11,0.718664,0.7704,0.8900
alfworld,Qwen3.6-35B-A3B,gemma-3-4b-it,12,0.730885,0.7750,0.8800
alfworld,Qwen3.6-35B-A3B,gemma-3-4b-it,13,0.751519,0.7818,0.8700
alfworld,Qwen3.6-35B-A3B,gemma-3-4b-it,14,0.771046,0.7894,0.8601
alfworld,Qwen3.6-35B-A3B,gemma-3-4b-it,15,0.788932,0.7910,0.8501
alfworld,Qwen3.6-35B-A3B,gemma-3-4b-it,16,0.802891,0.7985,0.8401
alfworld,Qwen3.6-35B-A3B,gemma-3-4b-it,17,0.813873,0.8031,0.8300
alfworld,Qwen3.6-35B-A3B,gemma-3-4b-it,18,0.826727,0.8033,0.8200
alfworld,Qwen3.6-35B-A3B,gemma-3-4b-it,19,0.832755,0.8057,0.8100
alfworld,Qwen3.6-35B-A3B,gemma-3-4b-it,20,0.845864,0.8074,0.8000
alfworld,Qwen3.6-35B-A3B,gemma-3-4b-it,21,0.849827,0.8090,0.7900
alfworld,Qwen3.6-35B-A3B,gemma-3-4b-it,22,0.862465,0.8143,0.7800
alfworld,Qwen3.6-35B-A3B,gemma-3-4b-it,23,0.870488,0.8117,0.7701
alfworld,Qwen3.6-35B-A3B,gemma-3-4b-it,24,0.878664,0.8126,0.7601
alfworld,Qwen3.6-35B-A3B,gemma-3-4b-it,25,0.888763,0.8128,0.7501
alfworld,Qwen3.6-35B-A3B,gemma-3-4b-it,26,0.891525,0.8115,0.7401
alfworld,Qwen3.6-35B-A3B,gemma-3-4b-it,27,0.901234,0.8117,0.7300
alfworld,Qwen3.6-35B-A3B,gemma-3-4b-it,28,0.905349,0.8112,0.7200
alfworld,Qwen3.6-35B-A3B,gemma-3-4b-it,29,0.912423,0.8121,0.7100
alfworld,Qwen3.6-35B-A3B,gemma-3-4b-it,30,0.919813,0.8123,0.7000
alfworld,Qwen3.6-35B-A3B,gemma-3-4b-it,31,0.922547,0.8103,0.6900
alfworld,Qwen3.6-35B-A3B,gemma-3-4b-it,32,0.929327,0.8099,0.6801
alfworld,Qwen3.6-35B-A3B,gemma-3-4b-it,33,0.930880,0.8050,0.6701
alfworld,Qwen3.6-35B-A3B,gemma-3-4b-it,34,0.936551,0.8059,0.6601
alfworld,Qwen3.6-35B-A3B,gemma-3-4b-it,35,0.938322,0.8024,0.6501
alfworld,Qwen3.6-35B-A3B,gemma-3-4b-it,36,0.943794,0.8019,0.6401
alfworld,Qwen3.6-35B-A3B,gemma-3-4b-it,37,0.945702,0.7977,0.6300
alfworld,Qwen3.6-35B-A3B,gemma-3-4b-it,38,0.950980,0.7964,0.6200
alfworld,Qwen3.6-35B-A3B,gemma-3-4b-it,39,0.954503,0.7930,0.6100
alfworld,Qwen3.6-35B-A3B,gemma-3-4b-it,40,0.956662,0.7924,0.6000
alfworld,Qwen3.6-35B-A3B,gemma-3-4b-it,41,0.959936,0.7920,0.5901
alfworld,Qwen3.6-35B-A3B,gemma-3-4b-it,42,0.961535,0.7885,0.5801
alfworld,Qwen3.6-35B-A3B,gemma-3-4b-it,43,0.964759,0.7865,0.5701
alfworld,Qwen3.6-35B-A3B,gemma-3-4b-it,44,0.966102,0.7816,0.5601
alfworld,Qwen3.6-35B-A3B,gemma-3-4b-it,45,0.969118,0.7789,0.5501
alfworld,Qwen3.6-35B-A3B,gemma-3-4b-it,46,0.970183,0.7740,0.5401
alfworld,Qwen3.6-35B-A3B,gemma-3-4b-it,47,0.973029,0.7698,0.5300
alfworld,Qwen3.6-35B-A3B,gemma-3-4b-it,48,0.973753,0.7656,0.5200
alfworld,Qwen3.6-35B-A3B,gemma-3-4b-it,49,0.976390,0.7629,0.5100
alfworld,Qwen3.6-35B-A3B,gemma-3-4b-it,50,0.978667,0.7580,0.5001
alfworld,Qwen3.6-35B-A3B,gemma-3-4b-it,51,0.979510,0.7553,0.4901
alfworld,Qwen3.6-35B-A3B,gemma-3-4b-it,52,0.981454,0.7519,0.4801
alfworld,Qwen3.6-35B-A3B,gemma-3-4b-it,53,0.983318,0.7469,0.4701
alfworld,Qwen3.6-35B-A3B,gemma-3-4b-it,54,0.983891,0.7435,0.4601
alfworld,Qwen3.6-35B-A3B,gemma-3-4b-it,55,0.985485,0.7386,0.4501
alfworld,Qwen3.6-35B-A3B,gemma-3-4b-it,56,0.986737,0.7344,0.4401
alfworld,Qwen3.6-35B-A3B,gemma-3-4b-it,57,0.987366,0.7295,0.4300
alfworld,Qwen3.6-35B-A3B,gemma-3-4b-it,58,0.988665,0.7253,0.4200
alfworld,Qwen3.6-35B-A3B,gemma-3-4b-it,59,0.989676,0.7203,0.4100
alfworld,Qwen3.6-35B-A3B,gemma-3-4b-it,60,0.990130,0.7148,0.4001
alfworld,Qwen3.6-35B-A3B,gemma-3-4b-it,61,0.991052,0.7113,0.3901
alfworld,Qwen3.6-35B-A3B,gemma-3-4b-it,62,0.991888,0.7071,0.3801
alfworld,Qwen3.6-35B-A3B,gemma-3-4b-it,63,0.992289,0.7015,0.3701
alfworld,Qwen3.6-35B-A3B,gemma-3-4b-it,64,0.993069,0.6973,0.3601
alfworld,Qwen3.6-35B-A3B,gemma-3-4b-it,65,0.993671,0.6916,0.3501
alfworld,Qwen3.6-35B-A3B,gemma-3-4b-it,66,0.993989,0.6860,0.3401
alfworld,Qwen3.6-35B-A3B,gemma-3-4b-it,67,0.994593,0.6803,0.3300
alfworld,Qwen3.6-35B-A3B,gemma-3-4b-it,68,0.994983,0.6747,0.3200
alfworld,Qwen3.6-35B-A3B,gemma-3-4b-it,69,0.995297,0.6691,0.3102
alfworld,Qwen3.6-35B-A3B,gemma-3-4b-it,70,0.995751,0.6635,0.3001
alfworld,Qwen3.6-35B-A3B,gemma-3-4b-it,71,0.996129,0.6578,0.2901
alfworld,Qwen3.6-35B-A3B,gemma-3-4b-it,72,0.996349,0.6522,0.2801
alfworld,Qwen3.6-35B-A3B,gemma-3-4b-it,73,0.996701,0.6465,0.2701
alfworld,Qwen3.6-35B-A3B,gemma-3-4b-it,74,0.997048,0.6409,0.2601
alfworld,Qwen3.6-35B-A3B,gemma-3-4b-it,75,0.997360,0.6352,0.2501
alfworld,Qwen3.6-35B-A3B,gemma-3-4b-it,76,0.997478,0.6296,0.2401
alfworld,Qwen3.6-35B-A3B,gemma-3-4b-it,77,0.997752,0.6247,0.2300
alfworld,Qwen3.6-35B-A3B,gemma-3-4b-it,78,0.997979,0.6191,0.2202
alfworld,Qwen3.6-35B-A3B,gemma-3-4b-it,79,0.998169,0.6134,0.2102
alfworld,Qwen3.6-35B-A3B,gemma-3-4b-it,80,0.998268,0.6093,0.2001
alfworld,Qwen3.6-35B-A3B,gemma-3-4b-it,81,0.998470,0.6036,0.1901
alfworld,Qwen3.6-35B-A3B,gemma-3-4b-it,82,0.998637,0.5980,0.1801
alfworld,Qwen3.6-35B-A3B,gemma-3-4b-it,83,0.998771,0.5930,0.1701
alfworld,Qwen3.6-35B-A3B,gemma-3-4b-it,84,0.998909,0.5874,0.1601
alfworld,Qwen3.6-35B-A3B,gemma-3-4b-it,85,0.998961,0.5832,0.1501
alfworld,Qwen3.6-35B-A3B,gemma-3-4b-it,86,0.999130,0.5776,0.1401
alfworld,Qwen3.6-35B-A3B,gemma-3-4b-it,87,0.999189,0.5720,0.1302
alfworld,Qwen3.6-35B-A3B,gemma-3-4b-it,88,0.999282,0.5663,0.1202
alfworld,Qwen3.6-35B-A3B,gemma-3-4b-it,89,0.999366,0.5607,0.1102
alfworld,Qwen3.6-35B-A3B,gemma-3-4b-it,90,0.999444,0.5550,0.1001
alfworld,Qwen3.6-35B-A3B,gemma-3-4b-it,91,0.999524,0.5494,0.0901
alfworld,Qwen3.6-35B-A3B,gemma-3-4b-it,92,0.999608,0.5437,0.0801
alfworld,Qwen3.6-35B-A3B,gemma-3-4b-it,93,0.999660,0.5388,0.0701
alfworld,Qwen3.6-35B-A3B,gemma-3-4b-it,94,0.999720,0.5332,0.0601
alfworld,Qwen3.6-35B-A3B,gemma-3-4b-it,95,0.999765,0.5275,0.0501
alfworld,Qwen3.6-35B-A3B,gemma-3-4b-it,96,0.999817,0.5227,0.0402
alfworld,Qwen3.6-35B-A3B,gemma-3-4b-it,97,0.999869,0.5170,0.0302
alfworld,Qwen3.6-35B-A3B,gemma-3-4b-it,98,0.999901,0.5114,0.0202
alfworld,Qwen3.6-35B-A3B,gemma-3-4b-it,99,0.999933,0.5057,0.0102
hotpotqa,Llama-3.3-70B-Instruct,Llama-3.3-70B-Instruct,1,0.000000,0.5062,0.9901
hotpotqa,Llama-3.3-70B-Instruct,Llama-3.3-70B-Instruct,2,0.000000,0.5127,0.9798
hotpotqa,Llama-3.3-70B-Instruct,Llama-3.3-70B-Instruct,3,0.000000,0.5190,0.9700
hotpotqa,Llama-3.3-70B-Instruct,Llama-3.3-70B-Instruct,4,0.000000,0.5252,0.9601
hotpotqa,Llama-3.3-70B-Instruct,Llama-3.3-70B-Instruct,5,0.000000,0.5315,0.9502
hotpotqa,Llama-3.3-70B-Instruct,Llama-3.3-70B-Instruct,6,0.000000,0.5380,0.9399
hotpotqa,Llama-3.3-70B-Instruct,Llama-3.3-70B-Instruct,7,0.000000,0.5442,0.9300
hotpotqa,Llama-3.3-70B-Instruct,Llama-3.3-70B-Instruct,8,0.000000,0.5505,0.9202
hotpotqa,Llama-3.3-70B-Instruct,Llama-3.3-70B-Instruct,9,0.000000,0.5558,0.9099
hotpotqa,Llama-3.3-70B-Instruct,Llama-3.3-70B-Instruct,10,0.000000,0.5620,0.9000
hotpotqa,Llama-3.3-70B-Instruct,Llama-3.3-70B-Instruct,11,0.000000,0.5683,0.8901
hotpotqa,Llama-3.3-70B-Instruct,Llama-3.3-70B-Instruct,12,0.000000,0.5745,0.8802
hotpotqa,Llama-3.3-70B-Instruct,Llama-3.3-70B-Instruct,13,0.000000,0.5810,0.8700
hotpotqa,Llama-3.3-70B-Instruct,Llama-3.3-70B-Instruct,14,0.000000,0.5873,0.8601
hotpotqa,Llama-3.3-70B-Instruct,Llama-3.3-70B-Instruct,15,0.000000,0.5935,0.8502
hotpotqa,Llama-3.3-70B-Instruct,Llama-3.3-70B-Instruct,16,0.000000,0.5988,0.8399
hotpotqa,Llama-3.3-70B-Instruct,Llama-3.3-70B-Instruct,17,0.000000,0.6051,0.8300
hotpotqa,Llama-3.3-70B-Instruct,Llama-3.3-70B-Instruct,18,0.000000,0.6113,0.8202
hotpotqa,Llama-3.3-70B-Instruct,Llama-3.3-70B-Instruct,19,0.000000,0.6178,0.8099
hotpotqa,Llama-3.3-70B-Instruct,Llama-3.3-70B-Instruct,20,0.000000,0.6240,0.8000
hotpotqa,Llama-3.3-70B-Instruct,Llama-3.3-70B-Instruct,21,0.000000,0.6279,0.7901
hotpotqa,Llama-3.3-70B-Instruct,Llama-3.3-70B-Instruct,22,0.000000,0.6342,0.7802
hotpotqa,Llama-3.3-70B-Instruct,Llama-3.3-70B-Instruct,23,0.000000,0.6406,0.7700
hotpotqa,Llama-3.3-70B-Instruct,Llama-3.3-70B-Instruct,24,0.000000,0.6469,0.7601
hotpotqa,Llama-3.3-70B-Instruct,Llama-3.3-70B-Instruct,25,0.000000,0.6531,0.7502
hotpotqa,Llama-3.3-70B-Instruct,Llama-3.3-70B-Instruct,26,0.000000,0.6596,0.7399
hotpotqa,Llama-3.3-70B-Instruct,Llama-3.3-70B-Instruct,27,0.000000,0.6647,0.7300
hotpotqa,Llama-3.3-70B-Instruct,Llama-3.3-70B-Instruct,28,0.000000,0.6709,0.7202
hotpotqa,Llama-3.3-70B-Instruct,Llama-3.3-70B-Instruct,29,0.000000,0.6748,0.7103
hotpotqa,Llama-3.3-70B-Instruct,Llama-3.3-70B-Instruct,30,0.000000,0.6801,0.7000
hotpotqa,Llama-3.3-70B-Instruct,Llama-3.3-70B-Instruct,31,0.000000,0.6863,0.6901
hotpotqa,Llama-3.3-70B-Instruct,Llama-3.3-70B-Instruct,32,0.000000,0.6914,0.6802
hotpotqa,Llama-3.3-70B-Instruct,Llama-3.3-70B-Instruct,33,0.000000,0.6979,0.6700
hotpotqa,Llama-3.3-70B-Instruct,Llama-3.3-70B-Instruct,34,0.000000,0.7006,0.6601
hotpotqa,Llama-3.3-70B-Instruct,Llama-3.3-70B-Instruct,35,0.000000,0.7044,0.6502
hotpotqa,Llama-3.3-70B-Instruct,Llama-3.3-70B-Instruct,36,0.000000,0.7059,0.6403
hotpotqa,Llama-3.3-70B-Instruct,Llama-3.3-70B-Instruct,37,0.000000,0.7112,0.6300
hotpotqa,Llama-3.3-70B-Instruct,Llama-3.3-70B-Instruct,38,0.000000,0.7162,0.6202
hotpotqa,Llama-3.3-70B-Instruct,Llama-3.3-70B-Instruct,39,0.000000,0.7213,0.6103
hotpotqa,Llama-3.3-70B-Instruct,Llama-3.3-70B-Instruct,40,0.000000,0.7242,0.6000
hotpotqa,Llama-3.3-70B-Instruct,Llama-3.3-70B-Instruct,41,0.000000,0.7292,0.5901
hotpotqa,Llama-3.3-70B-Instruct,Llama-3.3-70B-Instruct,42,0.000000,0.7331,0.5802
hotpotqa,Llama-3.3-70B-Instruct,Llama-3.3-70B-Instruct,43,0.000000,0.7393,0.5704
hotpotqa,Llama-3.3-70B-Instruct,Llama-3.3-70B-Instruct,44,0.000000,0.7435,0.5601
hotpotqa,Llama-3.3-70B-Instruct,Llama-3.3-70B-Instruct,45,0.000000,0.7461,0.5502
hotpotqa,Llama-3.3-70B-Instruct,Llama-3.3-70B-Instruct,46,0.000000,0.7512,0.5403
hotpotqa,Llama-3.3-70B-Instruct,Llama-3.3-70B-Instruct,47,0.000000,0.7541,0.5300
hotpotqa,Llama-3.3-70B-Instruct,Llama-3.3-70B-Instruct,48,0.000000,0.7555,0.5202
hotpotqa,Llama-3.3-70B-Instruct,Llama-3.3-70B-Instruct,49,0.000000,0.7558,0.5103
hotpotqa,Llama-3.3-70B-Instruct,Llama-3.3-70B-Instruct,50,0.000000,0.7573,0.5004
hotpotqa,Llama-3.3-70B-Instruct,Llama-3.3-70B-Instruct,51,0.000000,0.7602,0.4901
hotpotqa,Llama-3.3-70B-Instruct,Llama-3.3-70B-Instruct,52,0.000000,0.7641,0.4802
hotpotqa,Llama-3.3-70B-Instruct,Llama-3.3-70B-Instruct,53,0.000001,0.7667,0.4704
hotpotqa,Llama-3.3-70B-Instruct,Llama-3.3-70B-Instruct,54,0.000001,0.7648,0.4601
hotpotqa,Llama-3.3-70B-Instruct,Llama-3.3-70B-Instruct,55,0.000001,0.7687,0.4502
hotpotqa,Llama-3.3-70B-Instruct,Llama-3.3-70B-Instruct,56,0.000002,0.7678,0.4403
hotpotqa,Llama-3.3-70B-Instruct,Llama-3.3-70B-Instruct,57,0.000002,0.7671,0.4300
hotpotqa,Llama-3.3-70B-Instruct,Llama-3.3-70B-Instruct,58,0.000003,0.7626,0.4202
hotpotqa,Llama-3.3-70B-Instruct,Llama-3.3-70B-Instruct,59,0.000005,0.7605,0.4103
hotpotqa,Llama-3.3-70B-Instruct,Llama-3.3-70B-Instruct,60,0.000006,0.7631,0.4004
hotpotqa,Llama-3.3-70B-Instruct,Llama-3.3-70B-Instruct,61,0.000010,0.7649,0.3901
hotpotqa,Llama-3.3-70B-Instruct,Llama-3.3-70B-Instruct,62,0.000017,0.7615,0.3802
hotpotqa,Llama-3.3-70B-Instruct,Llama-3.3-70B-Instruct,63,0.000028,0.7606,0.3704
hotpotqa,Llama-3.3-70B-Instruct,Llama-3.3-70B-Instruct,64,0.000035,0.7576,0.3601
hotpotqa,Llama-3.3-70B-Instruct,Llama-3.3-70B-Instruct,65,0.000058,0.7566,0.3502
hotpotqa,Llama-3.3-70B-Instruct,Llama-3.3-70B-Instruct,66,0.000123,0.7557,0.3403
hotpotqa,Llama-3.3-70B-Instruct,Llama-3.3-70B-Instruct,67,0.000203,0.7548,0.3304
hotpotqa,Llama-3.3-70B-Instruct,Llama-3.3-70B-Instruct,68,0.000335,0.7505,0.3202
hotpotqa,Llama-3.3-70B-Instruct,Llama-3.3-70B-Instruct,69,0.000553,0.7472,0.3103
hotpotqa,Llama-3.3-70B-Instruct,Llama-3.3-70B-Instruct,70,0.000911,0.7463,0.3004
hotpotqa,Llama-3.3-70B-Instruct,Llama-3.3-70B-Instruct,71,0.001927,0.7444,0.2901
hotpotqa,Llama-3.3-70B-Instruct,Llama-3.3-70B-Instruct,72,0.003173,0.7375,0.2802
hotpotqa,Llama-3.3-70B-Instruct,Llama-3.3-70B-Instruct,73,0.004070,0.7366,0.2704
hotpotqa,Llama-3.3-70B-Instruct,Llama-3.3-70B-Instruct,74,0.006693,0.7333,0.2605
hotpotqa,Llama-3.3-70B-Instruct,Llama-3.3-70B-Instruct,75,0.010987,0.7338,0.2502
hotpotqa,Llama-3.3-70B-Instruct,Llama-3.3-70B-Instruct,76,0.017986,0.7341,0.2403
hotpotqa,Llama-3.3-70B-Instruct,Llama-3.3-70B-Instruct,77,0.029312,0.7272,0.2304
hotpotqa,Llama-3.3-70B-Instruct,Llama-3.3-70B-Instruct,78,0.047426,0.7205,0.2202
hotpotqa,Llama-3.3-70B-Instruct,Llama-3.3-70B-Instruct,79,0.075858,0.7172,0.2103
hotpotqa,Llama-3.3-70B-Instruct,Llama-3.3-70B-Instruct,80,0.148047,0.7091,0.2004
hotpotqa,Llama-3.3-70B-Instruct,Llama-3.3-70B-Instruct,81,0.182426,0.6998,0.1905
hotpotqa,Llama-3.3-70B-Instruct,Llama-3.3-70B-Instruct,82,0.320821,0.6944,0.1802
hotpotqa,Llama-3.3-70B-Instruct,Llama-3.3-70B-Instruct,83,0.562176,0.6899,0.1704
hotpotqa,Llama-3.3-70B-Instruct,Llama-3.3-70B-Instruct,84,0.679178,0.6818,0.1605
hotpotqa,Llama-3.3-70B-Instruct,Llama-3.3-70B-Instruct,85,0.777300,0.6715,0.1502
hotpotqa,Llama-3.3-70B-Instruct,Llama-3.3-70B-Instruct,86,0.817574,0.6658,0.1403
hotpotqa,Llama-3.3-70B-Instruct,Llama-3.3-70B-Instruct,87,0.904651,0.6566,0.1304
hotpotqa,Llama-3.3-70B-Instruct,Llama-3.3-70B-Instruct,88,0.952574,0.6427,0.1202
hotpotqa,Llama-3.3-70B-Instruct,Llama-3.3-70B-Instruct,89,0.970688,0.6370,0.1103
hotpotqa,Llama-3.3-70B-Instruct,Llama-3.3-70B-Instruct,90,0.989013,0.6313,0.1004
hotpotqa,Llama-3.3-70B-Instruct,Llama-3.3-70B-Instruct,91,0.993307,0.6196,0.0905
hotpotqa,Llama-3.3-70B-Instruct,Llama-3.3-70B-Instruct,92,0.995930,0.6094,0.0802
hotpotqa,Llama-3.3-70B-Instruct,Llama-3.3-70B-Instruct,93,0.998499,0.5965,0.0704
hotpotqa,Llama-3.3-70B-Instruct,Llama-3.3-70B-Instruct,94,0.999089,0.5789,0.0605
hotpotqa,Llama-3.3-70B-Instruct,Llama-3.3-70B-Instruct,95,0.999569,0.5687,0.0502
hotpotqa,Llama-3.3-70B-Instruct,Llama-3.3-70B-Instruct,96,0.999842,0.5558,0.0403
hotpotqa,Llama-3.3-70B-Instruct,Llama-3.3-70B-Instruct,97,0.999955,0.5429,0.0304
hotpotqa,Llama-3.3-70B-Instruct,Llama-3.3-70B-Instruct,98,0.999987,0.5264,0.0206
hotpotqa,Llama-3.3-70B-Instruct,Llama-3.3-70B-Instruct,99,0.999997,0.5162,0.0103
hotpotqa,Llama-3.3-70B-Instruct,Mistral-7B-Instruct-v0.3,1,0.000000,0.5108,0.9901
hotpotqa,Llama-3.3-70B-Instruct,Mistral-7B-Instruct-v0.3,2,0.000000,0.5217,0.9801
hotpotqa,Llama-3.3-70B-Instruct,Mistral-7B-Instruct-v0.3,3,0.000000,0.5328,0.9699
hotpotqa,Llama-3.3-70B-Instruct,Mistral-7B-Instruct-v0.3,4,0.000000,0.5436,0.9600
hotpotqa,Llama-3.3-70B-Instruct,Mistral-7B-Instruct-v0.3,5,0.000000,0.5545,0.9501
hotpotqa,Llama-3.3-70B-Instruct,Mistral-7B-Instruct-v0.3,6,0.000000,0.5653,0.9401
hotpotqa,Llama-3.3-70B-Instruct,Mistral-7B-Instruct-v0.3,7,0.000000,0.5758,0.9299
hotpotqa,Llama-3.3-70B-Instruct,Mistral-7B-Instruct-v0.3,8,0.000000,0.5854,0.9200
hotpotqa,Llama-3.3-70B-Instruct,Mistral-7B-Instruct-v0.3,9,0.000000,0.5962,0.9100
hotpotqa,Llama-3.3-70B-Instruct,Mistral-7B-Instruct-v0.3,10,0.000000,0.6064,0.9001
hotpotqa,Llama-3.3-70B-Instruct,Mistral-7B-Instruct-v0.3,11,0.000000,0.6176,0.8899
hotpotqa,Llama-3.3-70B-Instruct,Mistral-7B-Instruct-v0.3,12,0.000000,0.6278,0.8800
hotpotqa,Llama-3.3-70B-Instruct,Mistral-7B-Instruct-v0.3,13,0.000000,0.6374,0.8700
hotpotqa,Llama-3.3-70B-Instruct,Mistral-7B-Instruct-v0.3,14,0.000000,0.6476,0.8601
hotpotqa,Llama-3.3-70B-Instruct,Mistral-7B-Instruct-v0.3,15,0.000000,0.6584,0.8502
hotpotqa,Llama-3.3-70B-Instruct,Mistral-7B-Instruct-v0.3,16,0.000000,0.6671,0.8400
hotpotqa,Llama-3.3-70B-Instruct,Mistral-7B-Instruct-v0.3,17,0.000000,0.6754,0.8300
hotpotqa,Llama-3.3-70B-Instruct,Mistral-7B-Instruct-v0.3,18,0.000001,0.6856,0.8201
hotpotqa,Llama-3.3-70B-Instruct,Mistral-7B-Instruct-v0.3,19,0.000002,0.6920,0.8102
hotpotqa,Llama-3.3-70B-Instruct,Mistral-7B-Instruct-v0.3,20,0.000005,0.6988,0.7999
hotpotqa,Llama-3.3-70B-Instruct,Mistral-7B-Instruct-v0.3,21,0.000010,0.7065,0.7900
hotpotqa,Llama-3.3-70B-Instruct,Mistral-7B-Instruct-v0.3,22,0.000021,0.7117,0.7801
hotpotqa,Llama-3.3-70B-Instruct,Mistral-7B-Instruct-v0.3,23,0.000058,0.7163,0.7702
hotpotqa,Llama-3.3-70B-Instruct,Mistral-7B-Instruct-v0.3,24,0.000096,0.7231,0.7599
hotpotqa,Llama-3.3-70B-Instruct,Mistral-7B-Instruct-v0.3,25,0.000203,0.7289,0.7500
hotpotqa,Llama-3.3-70B-Instruct,Mistral-7B-Instruct-v0.3,26,0.000553,0.7354,0.7401
hotpotqa,Llama-3.3-70B-Instruct,Mistral-7B-Instruct-v0.3,27,0.001170,0.7400,0.7301
hotpotqa,Llama-3.3-70B-Instruct,Mistral-7B-Instruct-v0.3,28,0.002473,0.7396,0.7202
hotpotqa,Llama-3.3-70B-Instruct,Mistral-7B-Instruct-v0.3,29,0.003173,0.7463,0.7100
hotpotqa,Llama-3.3-70B-Instruct,Mistral-7B-Instruct-v0.3,30,0.006693,0.7484,0.7001
hotpotqa,Llama-3.3-70B-Instruct,Mistral-7B-Instruct-v0.3,31,0.014064,0.7524,0.6901
hotpotqa,Llama-3.3-70B-Instruct,Mistral-7B-Instruct-v0.3,32,0.022977,0.7570,0.6802
hotpotqa,Llama-3.3-70B-Instruct,Mistral-7B-Instruct-v0.3,33,0.047426,0.7600,0.6700
hotpotqa,Llama-3.3-70B-Instruct,Mistral-7B-Instruct-v0.3,34,0.095349,0.7633,0.6600
hotpotqa,Llama-3.3-70B-Instruct,Mistral-7B-Instruct-v0.3,35,0.148047,0.7679,0.6501
hotpotqa,Llama-3.3-70B-Instruct,Mistral-7B-Instruct-v0.3,36,0.222700,0.7662,0.6402
hotpotqa,Llama-3.3-70B-Instruct,Mistral-7B-Instruct-v0.3,37,0.377541,0.7680,0.6300
hotpotqa,Llama-3.3-70B-Instruct,Mistral-7B-Instruct-v0.3,38,0.500000,0.7689,0.6200
hotpotqa,Llama-3.3-70B-Instruct,Mistral-7B-Instruct-v0.3,39,0.622459,0.7716,0.6101
hotpotqa,Llama-3.3-70B-Instruct,Mistral-7B-Instruct-v0.3,40,0.731058,0.7736,0.6002
hotpotqa,Llama-3.3-70B-Instruct,Mistral-7B-Instruct-v0.3,41,0.817574,0.7739,0.5903
hotpotqa,Llama-3.3-70B-Instruct,Mistral-7B-Instruct-v0.3,42,0.880797,0.7725,0.5800
hotpotqa,Llama-3.3-70B-Instruct,Mistral-7B-Instruct-v0.3,43,0.924142,0.7734,0.5701
hotpotqa,Llama-3.3-70B-Instruct,Mistral-7B-Instruct-v0.3,44,0.939913,0.7717,0.5602
hotpotqa,Llama-3.3-70B-Instruct,Mistral-7B-Instruct-v0.3,45,0.962673,0.7700,0.5502
hotpotqa,Llama-3.3-70B-Instruct,Mistral-7B-Instruct-v0.3,46,0.970688,0.7674,0.5400
hotpotqa,Llama-3.3-70B-Instruct,Mistral-7B-Instruct-v0.3,47,0.982014,0.7670,0.5301
hotpotqa,Llama-3.3-70B-Instruct,Mistral-7B-Instruct-v0.3,48,0.985936,0.7691,0.5202
hotpotqa,Llama-3.3-70B-Instruct,Mistral-7B-Instruct-v0.3,49,0.991423,0.7687,0.5102
hotpotqa,Llama-3.3-70B-Instruct,Mistral-7B-Instruct-v0.3,50,0.993307,0.7692,0.5000
hotpotqa,Llama-3.3-70B-Instruct,Mistral-7B-Instruct-v0.3,51,0.994780,0.7713,0.4901
hotpotqa,Llama-3.3-70B-Instruct,Mistral-7B-Instruct-v0.3,52,0.995930,0.7690,0.4801
hotpotqa,Llama-3.3-70B-Instruct,Mistral-7B-Instruct-v0.3,53,0.996827,0.7686,0.4702
hotpotqa,Llama-3.3-70B-Instruct,Mistral-7B-Instruct-v0.3,54,0.997527,0.7676,0.4603
hotpotqa,Llama-3.3-70B-Instruct,Mistral-7B-Instruct-v0.3,55,0.998073,0.7662,0.4501
hotpotqa,Llama-3.3-70B-Instruct,Mistral-7B-Instruct-v0.3,56,0.998499,0.7646,0.4401
hotpotqa,Llama-3.3-70B-Instruct,Mistral-7B-Instruct-v0.3,57,0.998830,0.7610,0.4302
hotpotqa,Llama-3.3-70B-Instruct,Mistral-7B-Instruct-v0.3,58,0.999089,0.7581,0.4203
hotpotqa,Llama-3.3-70B-Instruct,Mistral-7B-Instruct-v0.3,59,0.999290,0.7543,0.4100
hotpotqa,Llama-3.3-70B-Instruct,Mistral-7B-Instruct-v0.3,60,0.999447,0.7545,0.4001
hotpotqa,Llama-3.3-70B-Instruct,Mistral-7B-Instruct-v0.3,61,0.999569,0.7528,0.3902
hotpotqa,Llama-3.3-70B-Instruct,Mistral-7B-Instruct-v0.3,62,0.999665,0.7474,0.3803
hotpotqa,Llama-3.3-70B-Instruct,Mistral-7B-Instruct-v0.3,63,0.999739,0.7439,0.3703
hotpotqa,Llama-3.3-70B-Instruct,Mistral-7B-Instruct-v0.3,64,0.999797,0.7406,0.3601
hotpotqa,Llama-3.3-70B-Instruct,Mistral-7B-Instruct-v0.3,65,0.999842,0.7371,0.3502
hotpotqa,Llama-3.3-70B-Instruct,Mistral-7B-Instruct-v0.3,66,0.999877,0.7348,0.3403
hotpotqa,Llama-3.3-70B-Instruct,Mistral-7B-Instruct-v0.3,67,0.999904,0.7325,0.3303
hotpotqa,Llama-3.3-70B-Instruct,Mistral-7B-Instruct-v0.3,68,0.999925,0.7274,0.3201
hotpotqa,Llama-3.3-70B-Instruct,Mistral-7B-Instruct-v0.3,69,0.999942,0.7239,0.3102
hotpotqa,Llama-3.3-70B-Instruct,Mistral-7B-Instruct-v0.3,70,0.999942,0.7185,0.3002
hotpotqa,Llama-3.3-70B-Instruct,Mistral-7B-Instruct-v0.3,71,0.999955,0.7124,0.2903
hotpotqa,Llama-3.3-70B-Instruct,Mistral-7B-Instruct-v0.3,72,0.999965,0.7061,0.2801
hotpotqa,Llama-3.3-70B-Instruct,Mistral-7B-Instruct-v0.3,73,0.999972,0.7007,0.2702
hotpotqa,Llama-3.3-70B-Instruct,Mistral-7B-Instruct-v0.3,74,0.999979,0.6947,0.2602
hotpotqa,Llama-3.3-70B-Instruct,Mistral-7B-Instruct-v0.3,75,0.999983,0.6880,0.2503
hotpotqa,Llama-3.3-70B-Instruct,Mistral-7B-Instruct-v0.3,76,0.999987,0.6826,0.2404
hotpotqa,Llama-3.3-70B-Instruct,Mistral-7B-Instruct-v0.3,77,0.999990,0.6763,0.2301
hotpotqa,Llama-3.3-70B-Instruct,Mistral-7B-Instruct-v0.3,78,0.999992,0.6708,0.2202
hotpotqa,Llama-3.3-70B-Instruct,Mistral-7B-Instruct-v0.3,79,0.999994,0.6623,0.2103
hotpotqa,Llama-3.3-70B-Instruct,Mistral-7B-Instruct-v0.3,80,0.999995,0.6544,0.2004
hotpotqa,Llama-3.3-70B-Instruct,Mistral-7B-Instruct-v0.3,81,0.999996,0.6462,0.1901
hotpotqa,Llama-3.3-70B-Instruct,Mistral-7B-Instruct-v0.3,82,0.999997,0.6408,0.1802
hotpotqa,Llama-3.3-70B-Instruct,Mistral-7B-Instruct-v0.3,83,0.999997,0.6341,0.1709
hotpotqa,Llama-3.3-70B-Instruct,Mistral-7B-Instruct-v0.3,84,0.999998,0.6268,0.1604
hotpotqa,Llama-3.3-70B-Instruct,Mistral-7B-Instruct-v0.3,85,0.999998,0.6186,0.1501
hotpotqa,Llama-3.3-70B-Instruct,Mistral-7B-Instruct-v0.3,86,0.999999,0.6107,0.1402
hotpotqa,Llama-3.3-70B-Instruct,Mistral-7B-Instruct-v0.3,87,0.999999,0.6053,0.1303
hotpotqa,Llama-3.3-70B-Instruct,Mistral-7B-Instruct-v0.3,88,0.999999,0.5974,0.1203
hotpotqa,Llama-3.3-70B-Instruct,Mistral-7B-Instruct-v0.3,89,0.999999,0.5888,0.1104
hotpotqa,Llama-3.3-70B-Instruct,Mistral-7B-Instruct-v0.3,90,1.000000,0.5800,0.1002
hotpotqa,Llama-3.3-70B-Instruct,Mistral-7B-Instruct-v0.3,91,1.000000,0.5715,0.0903
hotpotqa,Llama-3.3-70B-Instruct,Mistral-7B-Instruct-v0.3,92,1.000000,0.5648,0.0803
hotpotqa,Llama-3.3-70B-Instruct,Mistral-7B-Instruct-v0.3,93,1.000000,0.5569,0.0704
hotpotqa,Llama-3.3-70B-Instruct,Mistral-7B-Instruct-v0.3,94,1.000000,0.5496,0.0605
hotpotqa,Llama-3.3-70B-Instruct,Mistral-7B-Instruct-v0.3,95,1.000000,0.5413,0.0509
hotpotqa,Llama-3.3-70B-Instruct,Mistral-7B-Instruct-v0.3,96,1.000000,0.5331,0.0406
hotpotqa,Llama-3.3-70B-Instruct,Mistral-7B-Instruct-v0.3,97,1.000000,0.5261,0.0316
hotpotqa,Llama-3.3-70B-Instruct,Mistral-7B-Instruct-v0.3,98,1.000000,0.5155,0.0202
hotpotqa,Llama-3.3-70B-Instruct,Mistral-7B-Instruct-v0.3,99,1.000000,0.5095,0.0102
hotpotqa,Llama-3.3-70B-Instruct,Phi-4-mini-instruct,1,0.000000,0.5112,0.9901
hotpotqa,Llama-3.3-70B-Instruct,Phi-4-mini-instruct,2,0.000000,0.5224,0.9801
hotpotqa,Llama-3.3-70B-Instruct,Phi-4-mini-instruct,3,0.000000,0.5336,0.9702
hotpotqa,Llama-3.3-70B-Instruct,Phi-4-mini-instruct,4,0.000000,0.5453,0.9599
hotpotqa,Llama-3.3-70B-Instruct,Phi-4-mini-instruct,5,0.000000,0.5565,0.9499
hotpotqa,Llama-3.3-70B-Instruct,Phi-4-mini-instruct,6,0.000000,0.5677,0.9400
hotpotqa,Llama-3.3-70B-Instruct,Phi-4-mini-instruct,7,0.000000,0.5789,0.9300
hotpotqa,Llama-3.3-70B-Instruct,Phi-4-mini-instruct,8,0.000000,0.5901,0.9201
hotpotqa,Llama-3.3-70B-Instruct,Phi-4-mini-instruct,9,0.000000,0.6013,0.9102
hotpotqa,Llama-3.3-70B-Instruct,Phi-4-mini-instruct,10,0.000000,0.6122,0.8999
hotpotqa,Llama-3.3-70B-Instruct,Phi-4-mini-instruct,11,0.000000,0.6219,0.8899
hotpotqa,Llama-3.3-70B-Instruct,Phi-4-mini-instruct,12,0.000000,0.6309,0.8800
hotpotqa,Llama-3.3-70B-Instruct,Phi-4-mini-instruct,13,0.000000,0.6391,0.8700
hotpotqa,Llama-3.3-70B-Instruct,Phi-4-mini-instruct,14,0.000000,0.6496,0.8601
hotpotqa,Llama-3.3-70B-Instruct,Phi-4-mini-instruct,15,0.000000,0.6593,0.8501
hotpotqa,Llama-3.3-70B-Instruct,Phi-4-mini-instruct,16,0.000000,0.6683,0.8402
hotpotqa,Llama-3.3-70B-Instruct,Phi-4-mini-instruct,17,0.000000,0.6784,0.8299
hotpotqa,Llama-3.3-70B-Instruct,Phi-4-mini-instruct,18,0.000000,0.6896,0.8200
hotpotqa,Llama-3.3-70B-Instruct,Phi-4-mini-instruct,19,0.000000,0.7009,0.8100
hotpotqa,Llama-3.3-70B-Instruct,Phi-4-mini-instruct,20,0.000000,0.7098,0.8001
hotpotqa,Llama-3.3-70B-Instruct,Phi-4-mini-instruct,21,0.000000,0.7188,0.7901
hotpotqa,Llama-3.3-70B-Instruct,Phi-4-mini-instruct,22,0.000000,0.7270,0.7802
hotpotqa,Llama-3.3-70B-Instruct,Phi-4-mini-instruct,23,0.000000,0.7360,0.7703
hotpotqa,Llama-3.3-70B-Instruct,Phi-4-mini-instruct,24,0.000000,0.7424,0.7599
hotpotqa,Llama-3.3-70B-Instruct,Phi-4-mini-instruct,25,0.000001,0.7536,0.7500
hotpotqa,Llama-3.3-70B-Instruct,Phi-4-mini-instruct,26,0.000002,0.7611,0.7401
hotpotqa,Llama-3.3-70B-Instruct,Phi-4-mini-instruct,27,0.000003,0.7671,0.7301
hotpotqa,Llama-3.3-70B-Instruct,Phi-4-mini-instruct,28,0.000009,0.7761,0.7202
hotpotqa,Llama-3.3-70B-Instruct,Phi-4-mini-instruct,29,0.000015,0.7813,0.7102
hotpotqa,Llama-3.3-70B-Instruct,Phi-4-mini-instruct,30,0.000028,0.7873,0.7003
hotpotqa,Llama-3.3-70B-Instruct,Phi-4-mini-instruct,31,0.000058,0.7930,0.6900
hotpotqa,Llama-3.3-70B-Instruct,Phi-4-mini-instruct,32,0.000123,0.7967,0.6800
hotpotqa,Llama-3.3-70B-Instruct,Phi-4-mini-instruct,33,0.000335,0.8035,0.6701
hotpotqa,Llama-3.3-70B-Instruct,Phi-4-mini-instruct,34,0.000911,0.8042,0.6602
hotpotqa,Llama-3.3-70B-Instruct,Phi-4-mini-instruct,35,0.002473,0.8102,0.6502
hotpotqa,Llama-3.3-70B-Instruct,Phi-4-mini-instruct,36,0.005220,0.8147,0.6403
hotpotqa,Llama-3.3-70B-Instruct,Phi-4-mini-instruct,37,0.014064,0.8189,0.6300
hotpotqa,Llama-3.3-70B-Instruct,Phi-4-mini-instruct,38,0.029312,0.8219,0.6200
hotpotqa,Llama-3.3-70B-Instruct,Phi-4-mini-instruct,39,0.047426,0.8227,0.6101
hotpotqa,Llama-3.3-70B-Instruct,Phi-4-mini-instruct,40,0.095349,0.8257,0.6001
hotpotqa,Llama-3.3-70B-Instruct,Phi-4-mini-instruct,41,0.222700,0.8257,0.5902
hotpotqa,Llama-3.3-70B-Instruct,Phi-4-mini-instruct,42,0.377540,0.8250,0.5803
hotpotqa,Llama-3.3-70B-Instruct,Phi-4-mini-instruct,43,0.437823,0.8280,0.5703
hotpotqa,Llama-3.3-70B-Instruct,Phi-4-mini-instruct,44,0.622459,0.8299,0.5600
hotpotqa,Llama-3.3-70B-Instruct,Phi-4-mini-instruct,45,0.731059,0.8314,0.5501
hotpotqa,Llama-3.3-70B-Instruct,Phi-4-mini-instruct,46,0.817574,0.8307,0.5401
hotpotqa,Llama-3.3-70B-Instruct,Phi-4-mini-instruct,47,0.880797,0.8322,0.5302
hotpotqa,Llama-3.3-70B-Instruct,Phi-4-mini-instruct,48,0.939913,0.8300,0.5203
hotpotqa,Llama-3.3-70B-Instruct,Phi-4-mini-instruct,49,0.970688,0.8300,0.5103
hotpotqa,Llama-3.3-70B-Instruct,Phi-4-mini-instruct,50,0.982014,0.8320,0.5000
hotpotqa,Llama-3.3-70B-Instruct,Phi-4-mini-instruct,51,0.989013,0.8342,0.4901
hotpotqa,Llama-3.3-70B-Instruct,Phi-4-mini-instruct,52,0.993307,0.8298,0.4801
hotpotqa,Llama-3.3-70B-Instruct,Phi-4-mini-instruct,53,0.994780,0.8283,0.4702
hotpotqa,Llama-3.3-70B-Instruct,Phi-4-mini-instruct,54,0.996827,0.8261,0.4602
hotpotqa,Llama-3.3-70B-Instruct,Phi-4-mini-instruct,55,0.998073,0.8201,0.4503
hotpotqa,Llama-3.3-70B-Instruct,Phi-4-mini-instruct,56,0.998499,0.8164,0.4404
hotpotqa,Llama-3.3-70B-Instruct,Phi-4-mini-instruct,57,0.999089,0.8124,0.4300
hotpotqa,Llama-3.3-70B-Instruct,Phi-4-mini-instruct,58,0.999290,0.8057,0.4201
hotpotqa,Llama-3.3-70B-Instruct,Phi-4-mini-instruct,59,0.999447,0.8012,0.4102
hotpotqa,Llama-3.3-70B-Instruct,Phi-4-mini-instruct,60,0.999569,0.7961,0.4002
hotpotqa,Llama-3.3-70B-Instruct,Phi-4-mini-instruct,61,0.999665,0.7916,0.3903
hotpotqa,Llama-3.3-70B-Instruct,Phi-4-mini-instruct,62,0.999797,0.7857,0.3803
hotpotqa,Llama-3.3-70B-Instruct,Phi-4-mini-instruct,63,0.999842,0.7805,0.3704
hotpotqa,Llama-3.3-70B-Instruct,Phi-4-mini-instruct,64,0.999877,0.7757,0.3601
hotpotqa,Llama-3.3-70B-Instruct,Phi-4-mini-instruct,65,0.999925,0.7697,0.3501
hotpotqa,Llama-3.3-70B-Instruct,Phi-4-mini-instruct,66,0.999942,0.7645,0.3402
hotpotqa,Llama-3.3-70B-Instruct,Phi-4-mini-instruct,67,0.999955,0.7616,0.3303
hotpotqa,Llama-3.3-70B-Instruct,Phi-4-mini-instruct,68,0.999972,0.7564,0.3203
hotpotqa,Llama-3.3-70B-Instruct,Phi-4-mini-instruct,69,0.999979,0.7497,0.3104
hotpotqa,Llama-3.3-70B-Instruct,Phi-4-mini-instruct,70,0.999983,0.7445,0.3004
hotpotqa,Llama-3.3-70B-Instruct,Phi-4-mini-instruct,71,0.999987,0.7382,0.2901
hotpotqa,Llama-3.3-70B-Instruct,Phi-4-mini-instruct,72,0.999990,0.7338,0.2802
hotpotqa,Llama-3.3-70B-Instruct,Phi-4-mini-instruct,73,0.999992,0.7256,0.2703
hotpotqa,Llama-3.3-70B-Instruct,Phi-4-mini-instruct,74,0.999995,0.7189,0.2603
hotpotqa,Llama-3.3-70B-Instruct,Phi-4-mini-instruct,75,0.999996,0.7107,0.2504
hotpotqa,Llama-3.3-70B-Instruct,Phi-4-mini-instruct,76,0.999997,0.7033,0.2404
hotpotqa,Llama-3.3-70B-Instruct,Phi-4-mini-instruct,77,0.999998,0.6947,0.2301
hotpotqa,Llama-3.3-70B-Instruct,Phi-4-mini-instruct,78,0.999998,0.6869,0.2205
hotpotqa,Llama-3.3-70B-Instruct,Phi-4-mini-instruct,79,0.999999,0.6776,0.2102
hotpotqa,Llama-3.3-70B-Instruct,Phi-4-mini-instruct,80,0.999999,0.6720,0.2007
hotpotqa,Llama-3.3-70B-Instruct,Phi-4-mini-instruct,81,0.999999,0.6628,0.1904
hotpotqa,Llama-3.3-70B-Instruct,Phi-4-mini-instruct,82,0.999999,0.6542,0.1808
hotpotqa,Llama-3.3-70B-Instruct,Phi-4-mini-instruct,83,1.000000,0.6449,0.1705
hotpotqa,Llama-3.3-70B-Instruct,Phi-4-mini-instruct,84,1.000000,0.6371,0.1602
hotpotqa,Llama-3.3-70B-Instruct,Phi-4-mini-instruct,85,1.000000,0.6297,0.1502
hotpotqa,Llama-3.3-70B-Instruct,Phi-4-mini-instruct,86,1.000000,0.6208,0.1403
hotpotqa,Llama-3.3-70B-Instruct,Phi-4-mini-instruct,87,1.000000,0.6132,0.1311
hotpotqa,Llama-3.3-70B-Instruct,Phi-4-mini-instruct,88,1.000000,0.6040,0.1208
hotpotqa,Llama-3.3-70B-Instruct,Phi-4-mini-instruct,89,1.000000,0.5958,0.1108
hotpotqa,Llama-3.3-70B-Instruct,Phi-4-mini-instruct,90,1.000000,0.5875,0.1016
hotpotqa,Llama-3.3-70B-Instruct,Phi-4-mini-instruct,91,1.000000,0.5784,0.0906
hotpotqa,Llama-3.3-70B-Instruct,Phi-4-mini-instruct,92,1.000000,0.5699,0.0803
hotpotqa,Llama-3.3-70B-Instruct,Phi-4-mini-instruct,93,1.000000,0.5622,0.0718
hotpotqa,Llama-3.3-70B-Instruct,Phi-4-mini-instruct,94,1.000000,0.5523,0.0608
hotpotqa,Llama-3.3-70B-Instruct,Phi-4-mini-instruct,95,1.000000,0.5444,0.0519
hotpotqa,Llama-3.3-70B-Instruct,Phi-4-mini-instruct,96,1.000000,0.5370,0.0420
hotpotqa,Llama-3.3-70B-Instruct,Phi-4-mini-instruct,97,1.000000,0.5274,0.0313
hotpotqa,Llama-3.3-70B-Instruct,Phi-4-mini-instruct,98,1.000000,0.5182,0.0203
hotpotqa,Llama-3.3-70B-Instruct,Phi-4-mini-instruct,99,1.000000,0.5103,0.0114
hotpotqa,Llama-3.3-70B-Instruct,Qwen3.6-35B-A3B,1,0.000000,0.5059,0.9900
hotpotqa,Llama-3.3-70B-Instruct,Qwen3.6-35B-A3B,2,0.000000,0.5101,0.9799
hotpotqa,Llama-3.3-70B-Instruct,Qwen3.6-35B-A3B,3,0.000000,0.5160,0.9699
hotpotqa,Llama-3.3-70B-Instruct,Qwen3.6-35B-A3B,4,0.000000,0.5219,0.9599
hotpotqa,Llama-3.3-70B-Instruct,Qwen3.6-35B-A3B,5,0.000000,0.5279,0.9498
hotpotqa,Llama-3.3-70B-Instruct,Qwen3.6-35B-A3B,6,0.000000,0.5335,0.9402
hotpotqa,Llama-3.3-70B-Instruct,Qwen3.6-35B-A3B,7,0.000000,0.5395,0.9302
hotpotqa,Llama-3.3-70B-Instruct,Qwen3.6-35B-A3B,8,0.000000,0.5401,0.9202
hotpotqa,Llama-3.3-70B-Instruct,Qwen3.6-35B-A3B,9,0.000000,0.5443,0.9101
hotpotqa,Llama-3.3-70B-Instruct,Qwen3.6-35B-A3B,10,0.000000,0.5502,0.9001
hotpotqa,Llama-3.3-70B-Instruct,Qwen3.6-35B-A3B,11,0.000000,0.5544,0.8901
hotpotqa,Llama-3.3-70B-Instruct,Qwen3.6-35B-A3B,12,0.000000,0.5603,0.8800
hotpotqa,Llama-3.3-70B-Instruct,Qwen3.6-35B-A3B,13,0.000000,0.5662,0.8700
hotpotqa,Llama-3.3-70B-Instruct,Qwen3.6-35B-A3B,14,0.000000,0.5722,0.8599
hotpotqa,Llama-3.3-70B-Instruct,Qwen3.6-35B-A3B,15,0.000000,0.5781,0.8499
hotpotqa,Llama-3.3-70B-Instruct,Qwen3.6-35B-A3B,16,0.000000,0.5840,0.8399
hotpotqa,Llama-3.3-70B-Instruct,Qwen3.6-35B-A3B,17,0.000000,0.5897,0.8303
hotpotqa,Llama-3.3-70B-Instruct,Qwen3.6-35B-A3B,18,0.000000,0.5956,0.8203
hotpotqa,Llama-3.3-70B-Instruct,Qwen3.6-35B-A3B,19,0.000000,0.5998,0.8102
hotpotqa,Llama-3.3-70B-Instruct,Qwen3.6-35B-A3B,20,0.000000,0.6057,0.8002
hotpotqa,Llama-3.3-70B-Instruct,Qwen3.6-35B-A3B,21,0.000000,0.6116,0.7901
hotpotqa,Llama-3.3-70B-Instruct,Qwen3.6-35B-A3B,22,0.000000,0.6175,0.7801
hotpotqa,Llama-3.3-70B-Instruct,Qwen3.6-35B-A3B,23,0.000000,0.6235,0.7701
hotpotqa,Llama-3.3-70B-Instruct,Qwen3.6-35B-A3B,24,0.000000,0.6294,0.7600
hotpotqa,Llama-3.3-70B-Instruct,Qwen3.6-35B-A3B,25,0.000000,0.6353,0.7500
hotpotqa,Llama-3.3-70B-Instruct,Qwen3.6-35B-A3B,26,0.000000,0.6413,0.7400
hotpotqa,Llama-3.3-70B-Instruct,Qwen3.6-35B-A3B,27,0.000000,0.6472,0.7299
hotpotqa,Llama-3.3-70B-Instruct,Qwen3.6-35B-A3B,28,0.000000,0.6528,0.7203
hotpotqa,Llama-3.3-70B-Instruct,Qwen3.6-35B-A3B,29,0.000000,0.6588,0.7103
hotpotqa,Llama-3.3-70B-Instruct,Qwen3.6-35B-A3B,30,0.000000,0.6629,0.7003
hotpotqa,Llama-3.3-70B-Instruct,Qwen3.6-35B-A3B,31,0.000000,0.6671,0.6902
hotpotqa,Llama-3.3-70B-Instruct,Qwen3.6-35B-A3B,32,0.000000,0.6730,0.6802
hotpotqa,Llama-3.3-70B-Instruct,Qwen3.6-35B-A3B,33,0.000000,0.6790,0.6702
hotpotqa,Llama-3.3-70B-Instruct,Qwen3.6-35B-A3B,34,0.000000,0.6849,0.6601
hotpotqa,Llama-3.3-70B-Instruct,Qwen3.6-35B-A3B,35,0.000000,0.6873,0.6501
hotpotqa,Llama-3.3-70B-Instruct,Qwen3.6-35B-A3B,36,0.000000,0.6897,0.6401
hotpotqa,Llama-3.3-70B-Instruct,Qwen3.6-35B-A3B,37,0.000000,0.6939,0.6300
hotpotqa,Llama-3.3-70B-Instruct,Qwen3.6-35B-A3B,38,0.000000,0.6998,0.6200
hotpotqa,Llama-3.3-70B-Instruct,Qwen3.6-35B-A3B,39,0.000000,0.7037,0.6104
hotpotqa,Llama-3.3-70B-Instruct,Qwen3.6-35B-A3B,40,0.000000,0.7079,0.6004
hotpotqa,Llama-3.3-70B-Instruct,Qwen3.6-35B-A3B,41,0.000000,0.7120,0.5903
hotpotqa,Llama-3.3-70B-Instruct,Qwen3.6-35B-A3B,42,0.000000,0.7162,0.5803
hotpotqa,Llama-3.3-70B-Instruct,Qwen3.6-35B-A3B,43,0.000000,0.7204,0.5703
hotpotqa,Llama-3.3-70B-Instruct,Qwen3.6-35B-A3B,44,0.000000,0.7263,0.5602
hotpotqa,Llama-3.3-70B-Instruct,Qwen3.6-35B-A3B,45,0.000000,0.7322,0.5502
hotpotqa,Llama-3.3-70B-Instruct,Qwen3.6-35B-A3B,46,0.000000,0.7382,0.5401
hotpotqa,Llama-3.3-70B-Instruct,Qwen3.6-35B-A3B,47,0.000000,0.7423,0.5301
hotpotqa,Llama-3.3-70B-Instruct,Qwen3.6-35B-A3B,48,0.000000,0.7447,0.5201
hotpotqa,Llama-3.3-70B-Instruct,Qwen3.6-35B-A3B,49,0.000000,0.7489,0.5100
hotpotqa,Llama-3.3-70B-Instruct,Qwen3.6-35B-A3B,50,0.000000,0.7513,0.5000
hotpotqa,Llama-3.3-70B-Instruct,Qwen3.6-35B-A3B,51,0.000000,0.7499,0.4904
hotpotqa,Llama-3.3-70B-Instruct,Qwen3.6-35B-A3B,52,0.000000,0.7488,0.4804
hotpotqa,Llama-3.3-70B-Instruct,Qwen3.6-35B-A3B,53,0.000000,0.7513,0.4703
hotpotqa,Llama-3.3-70B-Instruct,Qwen3.6-35B-A3B,54,0.000000,0.7572,0.4603
hotpotqa,Llama-3.3-70B-Instruct,Qwen3.6-35B-A3B,55,0.000000,0.7614,0.4503
hotpotqa,Llama-3.3-70B-Instruct,Qwen3.6-35B-A3B,56,0.000000,0.7655,0.4402
hotpotqa,Llama-3.3-70B-Instruct,Qwen3.6-35B-A3B,57,0.000000,0.7644,0.4302
hotpotqa,Llama-3.3-70B-Instruct,Qwen3.6-35B-A3B,58,0.000000,0.7668,0.4202
hotpotqa,Llama-3.3-70B-Instruct,Qwen3.6-35B-A3B,59,0.000000,0.7657,0.4101
hotpotqa,Llama-3.3-70B-Instruct,Qwen3.6-35B-A3B,60,0.000000,0.7664,0.4001
hotpotqa,Llama-3.3-70B-Instruct,Qwen3.6-35B-A3B,61,0.000000,0.7670,0.3901
hotpotqa,Llama-3.3-70B-Instruct,Qwen3.6-35B-A3B,62,0.000000,0.7692,0.3805
hotpotqa,Llama-3.3-70B-Instruct,Qwen3.6-35B-A3B,63,0.000000,0.7698,0.3704
hotpotqa,Llama-3.3-70B-Instruct,Qwen3.6-35B-A3B,64,0.000000,0.7687,0.3604
hotpotqa,Llama-3.3-70B-Instruct,Qwen3.6-35B-A3B,65,0.000000,0.7711,0.3504
hotpotqa,Llama-3.3-70B-Instruct,Qwen3.6-35B-A3B,66,0.000000,0.7718,0.3403
hotpotqa,Llama-3.3-70B-Instruct,Qwen3.6-35B-A3B,67,0.000000,0.7724,0.3303
hotpotqa,Llama-3.3-70B-Instruct,Qwen3.6-35B-A3B,68,0.000000,0.7713,0.3203
hotpotqa,Llama-3.3-70B-Instruct,Qwen3.6-35B-A3B,69,0.000000,0.7685,0.3102
hotpotqa,Llama-3.3-70B-Instruct,Qwen3.6-35B-A3B,70,0.000001,0.7691,0.3002
hotpotqa,Llama-3.3-70B-Instruct,Qwen3.6-35B-A3B,71,0.000001,0.7698,0.2901
hotpotqa,Llama-3.3-70B-Instruct,Qwen3.6-35B-A3B,72,0.000001,0.7634,0.2801
hotpotqa,Llama-3.3-70B-Instruct,Qwen3.6-35B-A3B,73,0.000002,0.7638,0.2705
hotpotqa,Llama-3.3-70B-Instruct,Qwen3.6-35B-A3B,74,0.000002,0.7662,0.2605
hotpotqa,Llama-3.3-70B-Instruct,Qwen3.6-35B-A3B,75,0.000003,0.7563,0.2505
hotpotqa,Llama-3.3-70B-Instruct,Qwen3.6-35B-A3B,76,0.000006,0.7570,0.2404
hotpotqa,Llama-3.3-70B-Instruct,Qwen3.6-35B-A3B,77,0.000009,0.7506,0.2304
hotpotqa,Llama-3.3-70B-Instruct,Qwen3.6-35B-A3B,78,0.000015,0.7442,0.2203
hotpotqa,Llama-3.3-70B-Instruct,Qwen3.6-35B-A3B,79,0.000028,0.7343,0.2103
hotpotqa,Llama-3.3-70B-Instruct,Qwen3.6-35B-A3B,80,0.000045,0.7244,0.2003
hotpotqa,Llama-3.3-70B-Instruct,Qwen3.6-35B-A3B,81,0.000075,0.7181,0.1902
hotpotqa,Llama-3.3-70B-Instruct,Qwen3.6-35B-A3B,82,0.000123,0.7152,0.1802
hotpotqa,Llama-3.3-70B-Instruct,Qwen3.6-35B-A3B,83,0.000203,0.7088,0.1702
hotpotqa,Llama-3.3-70B-Instruct,Qwen3.6-35B-A3B,84,0.000335,0.6987,0.1606
hotpotqa,Llama-3.3-70B-Instruct,Qwen3.6-35B-A3B,85,0.000710,0.6923,0.1505
hotpotqa,Llama-3.3-70B-Instruct,Qwen3.6-35B-A3B,86,0.001501,0.6789,0.1405
hotpotqa,Llama-3.3-70B-Instruct,Qwen3.6-35B-A3B,87,0.003173,0.6725,0.1305
hotpotqa,Llama-3.3-70B-Instruct,Qwen3.6-35B-A3B,88,0.010987,0.6609,0.1204
hotpotqa,Llama-3.3-70B-Instruct,Qwen3.6-35B-A3B,89,0.029312,0.6545,0.1104
hotpotqa,Llama-3.3-70B-Instruct,Qwen3.6-35B-A3B,90,0.075858,0.6464,0.1004
hotpotqa,Llama-3.3-70B-Instruct,Qwen3.6-35B-A3B,91,0.182425,0.6330,0.0903
hotpotqa,Llama-3.3-70B-Instruct,Qwen3.6-35B-A3B,92,0.320821,0.6248,0.0803
hotpotqa,Llama-3.3-70B-Instruct,Qwen3.6-35B-A3B,93,0.562176,0.6132,0.0703
hotpotqa,Llama-3.3-70B-Instruct,Qwen3.6-35B-A3B,94,0.817574,0.6033,0.0602
hotpotqa,Llama-3.3-70B-Instruct,Qwen3.6-35B-A3B,95,0.904651,0.5843,0.0506
hotpotqa,Llama-3.3-70B-Instruct,Qwen3.6-35B-A3B,96,0.962673,0.5815,0.0406
hotpotqa,Llama-3.3-70B-Instruct,Qwen3.6-35B-A3B,97,0.993307,0.5663,0.0306
hotpotqa,Llama-3.3-70B-Instruct,Qwen3.6-35B-A3B,98,0.998830,0.5441,0.0205
hotpotqa,Llama-3.3-70B-Instruct,Qwen3.6-35B-A3B,99,0.999842,0.5237,0.0105
hotpotqa,Llama-3.3-70B-Instruct,gemma-3-4b-it,1,0.000000,0.5096,0.9899
hotpotqa,Llama-3.3-70B-Instruct,gemma-3-4b-it,2,0.000000,0.5188,0.9801
hotpotqa,Llama-3.3-70B-Instruct,gemma-3-4b-it,3,0.000000,0.5284,0.9700
hotpotqa,Llama-3.3-70B-Instruct,gemma-3-4b-it,4,0.000000,0.5380,0.9598
hotpotqa,Llama-3.3-70B-Instruct,gemma-3-4b-it,5,0.000000,0.5472,0.9501
hotpotqa,Llama-3.3-70B-Instruct,gemma-3-4b-it,6,0.000000,0.5568,0.9400
hotpotqa,Llama-3.3-70B-Instruct,gemma-3-4b-it,7,0.000000,0.5661,0.9302
hotpotqa,Llama-3.3-70B-Instruct,gemma-3-4b-it,8,0.000000,0.5756,0.9201
hotpotqa,Llama-3.3-70B-Instruct,gemma-3-4b-it,9,0.000000,0.5852,0.9099
hotpotqa,Llama-3.3-70B-Instruct,gemma-3-4b-it,10,0.000000,0.5945,0.9002
hotpotqa,Llama-3.3-70B-Instruct,gemma-3-4b-it,11,0.000000,0.6041,0.8901
hotpotqa,Llama-3.3-70B-Instruct,gemma-3-4b-it,12,0.000000,0.6121,0.8799
hotpotqa,Llama-3.3-70B-Instruct,gemma-3-4b-it,13,0.000000,0.6205,0.8702
hotpotqa,Llama-3.3-70B-Instruct,gemma-3-4b-it,14,0.000000,0.6293,0.8600
hotpotqa,Llama-3.3-70B-Instruct,gemma-3-4b-it,15,0.000000,0.6389,0.8499
hotpotqa,Llama-3.3-70B-Instruct,gemma-3-4b-it,16,0.000000,0.6474,0.8402
hotpotqa,Llama-3.3-70B-Instruct,gemma-3-4b-it,17,0.000000,0.6546,0.8300
hotpotqa,Llama-3.3-70B-Instruct,gemma-3-4b-it,18,0.000000,0.6634,0.8199
hotpotqa,Llama-3.3-70B-Instruct,gemma-3-4b-it,19,0.000000,0.6711,0.8101
hotpotqa,Llama-3.3-70B-Instruct,gemma-3-4b-it,20,0.000000,0.6799,0.8000
hotpotqa,Llama-3.3-70B-Instruct,gemma-3-4b-it,21,0.000000,0.6876,0.7903
hotpotqa,Llama-3.3-70B-Instruct,gemma-3-4b-it,22,0.000000,0.6964,0.7801
hotpotqa,Llama-3.3-70B-Instruct,gemma-3-4b-it,23,0.000000,0.7036,0.7700
hotpotqa,Llama-3.3-70B-Instruct,gemma-3-4b-it,24,0.000000,0.7113,0.7602
hotpotqa,Llama-3.3-70B-Instruct,gemma-3-4b-it,25,0.000000,0.7201,0.7501
hotpotqa,Llama-3.3-70B-Instruct,gemma-3-4b-it,26,0.000000,0.7297,0.7400
hotpotqa,Llama-3.3-70B-Instruct,gemma-3-4b-it,27,0.000000,0.7366,0.7302
hotpotqa,Llama-3.3-70B-Instruct,gemma-3-4b-it,28,0.000000,0.7438,0.7201
hotpotqa,Llama-3.3-70B-Instruct,gemma-3-4b-it,29,0.000000,0.7526,0.7099
hotpotqa,Llama-3.3-70B-Instruct,gemma-3-4b-it,30,0.000000,0.7603,0.7002
hotpotqa,Llama-3.3-70B-Instruct,gemma-3-4b-it,31,0.000000,0.7699,0.6901
hotpotqa,Llama-3.3-70B-Instruct,gemma-3-4b-it,32,0.000000,0.7768,0.6803
hotpotqa,Llama-3.3-70B-Instruct,gemma-3-4b-it,33,0.000001,0.7848,0.6702
hotpotqa,Llama-3.3-70B-Instruct,gemma-3-4b-it,34,0.000001,0.7905,0.6600
hotpotqa,Llama-3.3-70B-Instruct,gemma-3-4b-it,35,0.000002,0.7981,0.6503
hotpotqa,Llama-3.3-70B-Instruct,gemma-3-4b-it,36,0.000003,0.8038,0.6402
hotpotqa,Llama-3.3-70B-Instruct,gemma-3-4b-it,37,0.000007,0.8087,0.6300
hotpotqa,Llama-3.3-70B-Instruct,gemma-3-4b-it,38,0.000013,0.8140,0.6203
hotpotqa,Llama-3.3-70B-Instruct,gemma-3-4b-it,39,0.000028,0.8174,0.6101
hotpotqa,Llama-3.3-70B-Instruct,gemma-3-4b-it,40,0.000058,0.8207,0.6000
hotpotqa,Llama-3.3-70B-Instruct,gemma-3-4b-it,41,0.000158,0.8245,0.5903
hotpotqa,Llama-3.3-70B-Instruct,gemma-3-4b-it,42,0.000431,0.8239,0.5801
hotpotqa,Llama-3.3-70B-Instruct,gemma-3-4b-it,43,0.001501,0.8249,0.5700
hotpotqa,Llama-3.3-70B-Instruct,gemma-3-4b-it,44,0.003173,0.8255,0.5602
hotpotqa,Llama-3.3-70B-Instruct,gemma-3-4b-it,45,0.008577,0.8265,0.5501
hotpotqa,Llama-3.3-70B-Instruct,gemma-3-4b-it,46,0.022977,0.8302,0.5404
hotpotqa,Llama-3.3-70B-Instruct,gemma-3-4b-it,47,0.060087,0.8320,0.5302
hotpotqa,Llama-3.3-70B-Instruct,gemma-3-4b-it,48,0.095349,0.8346,0.5201
hotpotqa,Llama-3.3-70B-Instruct,gemma-3-4b-it,49,0.182426,0.8321,0.5103
hotpotqa,Llama-3.3-70B-Instruct,gemma-3-4b-it,50,0.320821,0.8338,0.5002
hotpotqa,Llama-3.3-70B-Instruct,gemma-3-4b-it,51,0.437823,0.8340,0.4901
hotpotqa,Llama-3.3-70B-Instruct,gemma-3-4b-it,52,0.622459,0.8315,0.4803
hotpotqa,Llama-3.3-70B-Instruct,gemma-3-4b-it,53,0.731059,0.8302,0.4702
hotpotqa,Llama-3.3-70B-Instruct,gemma-3-4b-it,54,0.880797,0.8296,0.4600
hotpotqa,Llama-3.3-70B-Instruct,gemma-3-4b-it,55,0.924142,0.8255,0.4503
hotpotqa,Llama-3.3-70B-Instruct,gemma-3-4b-it,56,0.952574,0.8273,0.4402
hotpotqa,Llama-3.3-70B-Instruct,gemma-3-4b-it,57,0.982014,0.8271,0.4304
hotpotqa,Llama-3.3-70B-Instruct,gemma-3-4b-it,58,0.993307,0.8250,0.4203
hotpotqa,Llama-3.3-70B-Instruct,gemma-3-4b-it,59,0.995930,0.8189,0.4101
hotpotqa,Llama-3.3-70B-Instruct,gemma-3-4b-it,60,0.997527,0.8172,0.4004
hotpotqa,Llama-3.3-70B-Instruct,gemma-3-4b-it,61,0.998830,0.8135,0.3903
hotpotqa,Llama-3.3-70B-Instruct,gemma-3-4b-it,62,0.999290,0.8082,0.3801
hotpotqa,Llama-3.3-70B-Instruct,gemma-3-4b-it,63,0.999447,0.8018,0.3704
hotpotqa,Llama-3.3-70B-Instruct,gemma-3-4b-it,64,0.999665,0.7981,0.3602
hotpotqa,Llama-3.3-70B-Instruct,gemma-3-4b-it,65,0.999797,0.7952,0.3501
hotpotqa,Llama-3.3-70B-Instruct,gemma-3-4b-it,66,0.999877,0.7896,0.3404
hotpotqa,Llama-3.3-70B-Instruct,gemma-3-4b-it,67,0.999904,0.7843,0.3302
hotpotqa,Llama-3.3-70B-Instruct,gemma-3-4b-it,68,0.999942,0.7782,0.3201
hotpotqa,Llama-3.3-70B-Instruct,gemma-3-4b-it,69,0.999955,0.7718,0.3103
hotpotqa,Llama-3.3-70B-Instruct,gemma-3-4b-it,70,0.999972,0.7650,0.3002
hotpotqa,Llama-3.3-70B-Instruct,gemma-3-4b-it,71,0.999979,0.7586,0.2904
hotpotqa,Llama-3.3-70B-Instruct,gemma-3-4b-it,72,0.999987,0.7525,0.2803
hotpotqa,Llama-3.3-70B-Instruct,gemma-3-4b-it,73,0.999990,0.7465,0.2702
hotpotqa,Llama-3.3-70B-Instruct,gemma-3-4b-it,74,0.999992,0.7385,0.2604
hotpotqa,Llama-3.3-70B-Instruct,gemma-3-4b-it,75,0.999994,0.7301,0.2503
hotpotqa,Llama-3.3-70B-Instruct,gemma-3-4b-it,76,0.999995,0.7256,0.2402
hotpotqa,Llama-3.3-70B-Instruct,gemma-3-4b-it,77,0.999997,0.7184,0.2304
hotpotqa,Llama-3.3-70B-Instruct,gemma-3-4b-it,78,0.999998,0.7104,0.2207
hotpotqa,Llama-3.3-70B-Instruct,gemma-3-4b-it,79,0.999999,0.7032,0.2101
hotpotqa,Llama-3.3-70B-Instruct,gemma-3-4b-it,80,0.999999,0.6944,0.2004
hotpotqa,Llama-3.3-70B-Instruct,gemma-3-4b-it,81,0.999999,0.6837,0.1903
hotpotqa,Llama-3.3-70B-Instruct,gemma-3-4b-it,82,0.999999,0.6741,0.1805
hotpotqa,Llama-3.3-70B-Instruct,gemma-3-4b-it,83,1.000000,0.6638,0.1708
hotpotqa,Llama-3.3-70B-Instruct,gemma-3-4b-it,84,1.000000,0.6573,0.1602
hotpotqa,Llama-3.3-70B-Instruct,gemma-3-4b-it,85,1.000000,0.6478,0.1505
hotpotqa,Llama-3.3-70B-Instruct,gemma-3-4b-it,86,1.000000,0.6378,0.1404
hotpotqa,Llama-3.3-70B-Instruct,gemma-3-4b-it,87,1.000000,0.6286,0.1302
hotpotqa,Llama-3.3-70B-Instruct,gemma-3-4b-it,88,1.000000,0.6199,0.1205
hotpotqa,Llama-3.3-70B-Instruct,gemma-3-4b-it,89,1.000000,0.6103,0.1107
hotpotqa,Llama-3.3-70B-Instruct,gemma-3-4b-it,90,1.000000,0.6032,0.1018
hotpotqa,Llama-3.3-70B-Instruct,gemma-3-4b-it,91,1.000000,0.5920,0.0912
hotpotqa,Llama-3.3-70B-Instruct,gemma-3-4b-it,92,1.000000,0.5837,0.0834
hotpotqa,Llama-3.3-70B-Instruct,gemma-3-4b-it,93,1.000000,0.5701,0.0706
hotpotqa,Llama-3.3-70B-Instruct,gemma-3-4b-it,94,1.000000,0.5614,0.0624
hotpotqa,Llama-3.3-70B-Instruct,gemma-3-4b-it,95,1.000000,0.5514,0.0515
hotpotqa,Llama-3.3-70B-Instruct,gemma-3-4b-it,96,1.000000,0.5439,0.0437
hotpotqa,Llama-3.3-70B-Instruct,gemma-3-4b-it,97,1.000000,0.5336,0.0331
hotpotqa,Llama-3.3-70B-Instruct,gemma-3-4b-it,98,1.000000,0.5216,0.0218
hotpotqa,Llama-3.3-70B-Instruct,gemma-3-4b-it,99,1.000000,0.5108,0.0109
hotpotqa,Qwen3.6-35B-A3B,Llama-3.3-70B-Instruct,1,0.002785,0.5062,0.9901
hotpotqa,Qwen3.6-35B-A3B,Llama-3.3-70B-Instruct,2,0.003588,0.5127,0.9798
hotpotqa,Qwen3.6-35B-A3B,Llama-3.3-70B-Instruct,3,0.005192,0.5190,0.9700
hotpotqa,Qwen3.6-35B-A3B,Llama-3.3-70B-Instruct,4,0.005898,0.5252,0.9601
hotpotqa,Qwen3.6-35B-A3B,Llama-3.3-70B-Instruct,5,0.007551,0.5315,0.9502
hotpotqa,Qwen3.6-35B-A3B,Llama-3.3-70B-Instruct,6,0.008558,0.5380,0.9399
hotpotqa,Qwen3.6-35B-A3B,Llama-3.3-70B-Instruct,7,0.009683,0.5442,0.9300
hotpotqa,Qwen3.6-35B-A3B,Llama-3.3-70B-Instruct,8,0.010955,0.5505,0.9202
hotpotqa,Qwen3.6-35B-A3B,Llama-3.3-70B-Instruct,9,0.012381,0.5570,0.9099
hotpotqa,Qwen3.6-35B-A3B,Llama-3.3-70B-Instruct,10,0.013994,0.5632,0.9000
hotpotqa,Qwen3.6-35B-A3B,Llama-3.3-70B-Instruct,11,0.015877,0.5695,0.8901
hotpotqa,Qwen3.6-35B-A3B,Llama-3.3-70B-Instruct,12,0.017984,0.5757,0.8802
hotpotqa,Qwen3.6-35B-A3B,Llama-3.3-70B-Instruct,13,0.020331,0.5822,0.8700
hotpotqa,Qwen3.6-35B-A3B,Llama-3.3-70B-Instruct,14,0.022976,0.5873,0.8601
hotpotqa,Qwen3.6-35B-A3B,Llama-3.3-70B-Instruct,15,0.025918,0.5935,0.8502
hotpotqa,Qwen3.6-35B-A3B,Llama-3.3-70B-Instruct,16,0.029224,0.6000,0.8399
hotpotqa,Qwen3.6-35B-A3B,Llama-3.3-70B-Instruct,17,0.032926,0.6063,0.8300
hotpotqa,Qwen3.6-35B-A3B,Llama-3.3-70B-Instruct,18,0.033090,0.6113,0.8202
hotpotqa,Qwen3.6-35B-A3B,Llama-3.3-70B-Instruct,19,0.037257,0.6178,0.8099
hotpotqa,Qwen3.6-35B-A3B,Llama-3.3-70B-Instruct,20,0.042010,0.6240,0.8000
hotpotqa,Qwen3.6-35B-A3B,Llama-3.3-70B-Instruct,21,0.047288,0.6303,0.7901
hotpotqa,Qwen3.6-35B-A3B,Llama-3.3-70B-Instruct,22,0.053252,0.6353,0.7802
hotpotqa,Qwen3.6-35B-A3B,Llama-3.3-70B-Instruct,23,0.059828,0.6418,0.7700
hotpotqa,Qwen3.6-35B-A3B,Llama-3.3-70B-Instruct,24,0.067043,0.6481,0.7601
hotpotqa,Qwen3.6-35B-A3B,Llama-3.3-70B-Instruct,25,0.067432,0.6543,0.7502
hotpotqa,Qwen3.6-35B-A3B,Llama-3.3-70B-Instruct,26,0.075610,0.6608,0.7399
hotpotqa,Qwen3.6-35B-A3B,Llama-3.3-70B-Instruct,27,0.075864,0.6671,0.7300
hotpotqa,Qwen3.6-35B-A3B,Llama-3.3-70B-Instruct,28,0.094720,0.6733,0.7202
hotpotqa,Qwen3.6-35B-A3B,Llama-3.3-70B-Instruct,29,0.095239,0.6796,0.7103
hotpotqa,Qwen3.6-35B-A3B,Llama-3.3-70B-Instruct,30,0.106466,0.6861,0.7000
hotpotqa,Qwen3.6-35B-A3B,Llama-3.3-70B-Instruct,31,0.118601,0.6899,0.6901
hotpotqa,Qwen3.6-35B-A3B,Llama-3.3-70B-Instruct,32,0.119206,0.6962,0.6802
hotpotqa,Qwen3.6-35B-A3B,Llama-3.3-70B-Instruct,33,0.132940,0.7003,0.6700
hotpotqa,Qwen3.6-35B-A3B,Llama-3.3-70B-Instruct,34,0.147710,0.7053,0.6601
hotpotqa,Qwen3.6-35B-A3B,Llama-3.3-70B-Instruct,35,0.164077,0.7116,0.6502
hotpotqa,Qwen3.6-35B-A3B,Llama-3.3-70B-Instruct,36,0.181552,0.7154,0.6403
hotpotqa,Qwen3.6-35B-A3B,Llama-3.3-70B-Instruct,37,0.182132,0.7219,0.6300
hotpotqa,Qwen3.6-35B-A3B,Llama-3.3-70B-Instruct,38,0.200793,0.7246,0.6202
hotpotqa,Qwen3.6-35B-A3B,Llama-3.3-70B-Instruct,39,0.201465,0.7296,0.6103
hotpotqa,Qwen3.6-35B-A3B,Llama-3.3-70B-Instruct,40,0.221908,0.7349,0.6000
hotpotqa,Qwen3.6-35B-A3B,Llama-3.3-70B-Instruct,41,0.222691,0.7376,0.5901
hotpotqa,Qwen3.6-35B-A3B,Llama-3.3-70B-Instruct,42,0.244426,0.7391,0.5802
hotpotqa,Qwen3.6-35B-A3B,Llama-3.3-70B-Instruct,43,0.267825,0.7429,0.5704
hotpotqa,Qwen3.6-35B-A3B,Llama-3.3-70B-Instruct,44,0.268926,0.7482,0.5601
hotpotqa,Qwen3.6-35B-A3B,Llama-3.3-70B-Instruct,45,0.293480,0.7497,0.5502
hotpotqa,Qwen3.6-35B-A3B,Llama-3.3-70B-Instruct,46,0.319411,0.7512,0.5403
hotpotqa,Qwen3.6-35B-A3B,Llama-3.3-70B-Instruct,47,0.320276,0.7553,0.5300
hotpotqa,Qwen3.6-35B-A3B,Llama-3.3-70B-Instruct,48,0.347485,0.7544,0.5202
hotpotqa,Qwen3.6-35B-A3B,Llama-3.3-70B-Instruct,49,0.374702,0.7558,0.5103
hotpotqa,Qwen3.6-35B-A3B,Llama-3.3-70B-Instruct,50,0.376157,0.7609,0.5004
hotpotqa,Qwen3.6-35B-A3B,Llama-3.3-70B-Instruct,51,0.377475,0.7578,0.4901
hotpotqa,Qwen3.6-35B-A3B,Llama-3.3-70B-Instruct,52,0.405912,0.7557,0.4802
hotpotqa,Qwen3.6-35B-A3B,Llama-3.3-70B-Instruct,53,0.433595,0.7572,0.4704
hotpotqa,Qwen3.6-35B-A3B,Llama-3.3-70B-Instruct,54,0.436212,0.7589,0.4601
hotpotqa,Qwen3.6-35B-A3B,Llama-3.3-70B-Instruct,55,0.464513,0.7591,0.4502
hotpotqa,Qwen3.6-35B-A3B,Llama-3.3-70B-Instruct,56,0.467147,0.7630,0.4403
hotpotqa,Qwen3.6-35B-A3B,Llama-3.3-70B-Instruct,57,0.468004,0.7611,0.4300
hotpotqa,Qwen3.6-35B-A3B,Llama-3.3-70B-Instruct,58,0.498098,0.7602,0.4202
hotpotqa,Qwen3.6-35B-A3B,Llama-3.3-70B-Instruct,59,0.526899,0.7593,0.4103
hotpotqa,Qwen3.6-35B-A3B,Llama-3.3-70B-Instruct,60,0.529309,0.7584,0.4004
hotpotqa,Qwen3.6-35B-A3B,Llama-3.3-70B-Instruct,61,0.557408,0.7553,0.3901
hotpotqa,Qwen3.6-35B-A3B,Llama-3.3-70B-Instruct,62,0.560904,0.7520,0.3802
hotpotqa,Qwen3.6-35B-A3B,Llama-3.3-70B-Instruct,63,0.589512,0.7499,0.3704
hotpotqa,Qwen3.6-35B-A3B,Llama-3.3-70B-Instruct,64,0.613562,0.7480,0.3601
hotpotqa,Qwen3.6-35B-A3B,Llama-3.3-70B-Instruct,65,0.619876,0.7483,0.3502
hotpotqa,Qwen3.6-35B-A3B,Llama-3.3-70B-Instruct,66,0.621513,0.7438,0.3403
hotpotqa,Qwen3.6-35B-A3B,Llama-3.3-70B-Instruct,67,0.648596,0.7416,0.3304
hotpotqa,Qwen3.6-35B-A3B,Llama-3.3-70B-Instruct,68,0.650523,0.7362,0.3202
hotpotqa,Qwen3.6-35B-A3B,Llama-3.3-70B-Instruct,69,0.676170,0.7377,0.3103
hotpotqa,Qwen3.6-35B-A3B,Llama-3.3-70B-Instruct,70,0.677533,0.7331,0.3004
hotpotqa,Qwen3.6-35B-A3B,Llama-3.3-70B-Instruct,71,0.702559,0.7313,0.2901
hotpotqa,Qwen3.6-35B-A3B,Llama-3.3-70B-Instruct,72,0.704416,0.7292,0.2802
hotpotqa,Qwen3.6-35B-A3B,Llama-3.3-70B-Instruct,73,0.727063,0.7282,0.2704
hotpotqa,Qwen3.6-35B-A3B,Llama-3.3-70B-Instruct,74,0.728966,0.7249,0.2605
hotpotqa,Qwen3.6-35B-A3B,Llama-3.3-70B-Instruct,75,0.749152,0.7195,0.2502
hotpotqa,Qwen3.6-35B-A3B,Llama-3.3-70B-Instruct,76,0.752357,0.7209,0.2403
hotpotqa,Qwen3.6-35B-A3B,Llama-3.3-70B-Instruct,77,0.753937,0.7140,0.2304
hotpotqa,Qwen3.6-35B-A3B,Llama-3.3-70B-Instruct,78,0.774891,0.7098,0.2202
hotpotqa,Qwen3.6-35B-A3B,Llama-3.3-70B-Instruct,79,0.775831,0.6993,0.2103
hotpotqa,Qwen3.6-35B-A3B,Llama-3.3-70B-Instruct,80,0.794636,0.6984,0.2004
hotpotqa,Qwen3.6-35B-A3B,Llama-3.3-70B-Instruct,81,0.796589,0.6927,0.1905
hotpotqa,Qwen3.6-35B-A3B,Llama-3.3-70B-Instruct,82,0.814186,0.6872,0.1802
hotpotqa,Qwen3.6-35B-A3B,Llama-3.3-70B-Instruct,83,0.815961,0.6779,0.1704
hotpotqa,Qwen3.6-35B-A3B,Llama-3.3-70B-Instruct,84,0.833321,0.6650,0.1605
hotpotqa,Qwen3.6-35B-A3B,Llama-3.3-70B-Instruct,85,0.847511,0.6560,0.1502
hotpotqa,Qwen3.6-35B-A3B,Llama-3.3-70B-Instruct,86,0.850224,0.6515,0.1403
hotpotqa,Qwen3.6-35B-A3B,Llama-3.3-70B-Instruct,87,0.864758,0.6458,0.1304
hotpotqa,Qwen3.6-35B-A3B,Llama-3.3-70B-Instruct,88,0.875031,0.6403,0.1202
hotpotqa,Qwen3.6-35B-A3B,Llama-3.3-70B-Instruct,89,0.879517,0.6311,0.1103
hotpotqa,Qwen3.6-35B-A3B,Llama-3.3-70B-Instruct,90,0.891445,0.6206,0.1004
hotpotqa,Qwen3.6-35B-A3B,Llama-3.3-70B-Instruct,91,0.902491,0.6173,0.0905
hotpotqa,Qwen3.6-35B-A3B,Llama-3.3-70B-Instruct,92,0.911801,0.6010,0.0802
hotpotqa,Qwen3.6-35B-A3B,Llama-3.3-70B-Instruct,93,0.921428,0.5918,0.0704
hotpotqa,Qwen3.6-35B-A3B,Llama-3.3-70B-Instruct,94,0.928595,0.5801,0.0605
hotpotqa,Qwen3.6-35B-A3B,Llama-3.3-70B-Instruct,95,0.938887,0.5722,0.0502
hotpotqa,Qwen3.6-35B-A3B,Llama-3.3-70B-Instruct,96,0.947210,0.5594,0.0403
hotpotqa,Qwen3.6-35B-A3B,Llama-3.3-70B-Instruct,97,0.957258,0.5477,0.0304
hotpotqa,Qwen3.6-35B-A3B,Llama-3.3-70B-Instruct,98,0.973720,0.5324,0.0206
hotpotqa,Qwen3.6-35B-A3B,Llama-3.3-70B-Instruct,99,0.988875,0.5174,0.0103
hotpotqa,Qwen3.6-35B-A3B,Mistral-7B-Instruct-v0.3,1,0.005894,0.5108,0.9901
hotpotqa,Qwen3.6-35B-A3B,Mistral-7B-Instruct-v0.3,2,0.008543,0.5217,0.9801
hotpotqa,Qwen3.6-35B-A3B,Mistral-7B-Instruct-v0.3,3,0.010967,0.5328,0.9699
hotpotqa,Qwen3.6-35B-A3B,Mistral-7B-Instruct-v0.3,4,0.014000,0.5436,0.9600
hotpotqa,Qwen3.6-35B-A3B,Mistral-7B-Instruct-v0.3,5,0.018096,0.5545,0.9501
hotpotqa,Qwen3.6-35B-A3B,Mistral-7B-Instruct-v0.3,6,0.029135,0.5653,0.9401
hotpotqa,Qwen3.6-35B-A3B,Mistral-7B-Instruct-v0.3,7,0.037329,0.5765,0.9299
hotpotqa,Qwen3.6-35B-A3B,Mistral-7B-Instruct-v0.3,8,0.053338,0.5873,0.9200
hotpotqa,Qwen3.6-35B-A3B,Mistral-7B-Instruct-v0.3,9,0.067331,0.5981,0.9100
hotpotqa,Qwen3.6-35B-A3B,Mistral-7B-Instruct-v0.3,10,0.084658,0.6089,0.9001
hotpotqa,Qwen3.6-35B-A3B,Mistral-7B-Instruct-v0.3,11,0.106329,0.6201,0.8899
hotpotqa,Qwen3.6-35B-A3B,Mistral-7B-Instruct-v0.3,12,0.132639,0.6309,0.8800
hotpotqa,Qwen3.6-35B-A3B,Mistral-7B-Instruct-v0.3,13,0.164085,0.6411,0.8700
hotpotqa,Qwen3.6-35B-A3B,Mistral-7B-Instruct-v0.3,14,0.200507,0.6513,0.8601
hotpotqa,Qwen3.6-35B-A3B,Mistral-7B-Instruct-v0.3,15,0.243329,0.6590,0.8502
hotpotqa,Qwen3.6-35B-A3B,Mistral-7B-Instruct-v0.3,16,0.268130,0.6683,0.8400
hotpotqa,Qwen3.6-35B-A3B,Mistral-7B-Instruct-v0.3,17,0.318481,0.6754,0.8300
hotpotqa,Qwen3.6-35B-A3B,Mistral-7B-Instruct-v0.3,18,0.346933,0.6850,0.8201
hotpotqa,Qwen3.6-35B-A3B,Mistral-7B-Instruct-v0.3,19,0.376339,0.6939,0.8102
hotpotqa,Qwen3.6-35B-A3B,Mistral-7B-Instruct-v0.3,20,0.407271,0.7007,0.7999
hotpotqa,Qwen3.6-35B-A3B,Mistral-7B-Instruct-v0.3,21,0.465191,0.7097,0.7900
hotpotqa,Qwen3.6-35B-A3B,Mistral-7B-Instruct-v0.3,22,0.496189,0.7161,0.7801
hotpotqa,Qwen3.6-35B-A3B,Mistral-7B-Instruct-v0.3,23,0.529077,0.7194,0.7702
hotpotqa,Qwen3.6-35B-A3B,Mistral-7B-Instruct-v0.3,24,0.559159,0.7250,0.7599
hotpotqa,Qwen3.6-35B-A3B,Mistral-7B-Instruct-v0.3,25,0.589681,0.7302,0.7500
hotpotqa,Qwen3.6-35B-A3B,Mistral-7B-Instruct-v0.3,26,0.614728,0.7341,0.7401
hotpotqa,Qwen3.6-35B-A3B,Mistral-7B-Instruct-v0.3,27,0.620682,0.7400,0.7301
hotpotqa,Qwen3.6-35B-A3B,Mistral-7B-Instruct-v0.3,28,0.648210,0.7433,0.7202
hotpotqa,Qwen3.6-35B-A3B,Mistral-7B-Instruct-v0.3,29,0.675361,0.7476,0.7100
hotpotqa,Qwen3.6-35B-A3B,Mistral-7B-Instruct-v0.3,30,0.692877,0.7553,0.7001
hotpotqa,Qwen3.6-35B-A3B,Mistral-7B-Instruct-v0.3,31,0.703251,0.7611,0.6901
hotpotqa,Qwen3.6-35B-A3B,Mistral-7B-Instruct-v0.3,32,0.726197,0.7626,0.6802
hotpotqa,Qwen3.6-35B-A3B,Mistral-7B-Instruct-v0.3,33,0.728680,0.7687,0.6700
hotpotqa,Qwen3.6-35B-A3B,Mistral-7B-Instruct-v0.3,34,0.749164,0.7690,0.6600
hotpotqa,Qwen3.6-35B-A3B,Mistral-7B-Instruct-v0.3,35,0.752004,0.7685,0.6501
hotpotqa,Qwen3.6-35B-A3B,Mistral-7B-Instruct-v0.3,36,0.753513,0.7700,0.6402
hotpotqa,Qwen3.6-35B-A3B,Mistral-7B-Instruct-v0.3,37,0.773703,0.7718,0.6300
hotpotqa,Qwen3.6-35B-A3B,Mistral-7B-Instruct-v0.3,38,0.775629,0.7732,0.6200
hotpotqa,Qwen3.6-35B-A3B,Mistral-7B-Instruct-v0.3,39,0.794182,0.7728,0.6101
hotpotqa,Qwen3.6-35B-A3B,Mistral-7B-Instruct-v0.3,40,0.796197,0.7712,0.6002
hotpotqa,Qwen3.6-35B-A3B,Mistral-7B-Instruct-v0.3,41,0.812968,0.7720,0.5903
hotpotqa,Qwen3.6-35B-A3B,Mistral-7B-Instruct-v0.3,42,0.815224,0.7713,0.5800
hotpotqa,Qwen3.6-35B-A3B,Mistral-7B-Instruct-v0.3,43,0.816993,0.7702,0.5701
hotpotqa,Qwen3.6-35B-A3B,Mistral-7B-Instruct-v0.3,44,0.833057,0.7704,0.5602
hotpotqa,Qwen3.6-35B-A3B,Mistral-7B-Instruct-v0.3,45,0.834435,0.7675,0.5502
hotpotqa,Qwen3.6-35B-A3B,Mistral-7B-Instruct-v0.3,46,0.849115,0.7662,0.5400
hotpotqa,Qwen3.6-35B-A3B,Mistral-7B-Instruct-v0.3,47,0.850434,0.7652,0.5301
hotpotqa,Qwen3.6-35B-A3B,Mistral-7B-Instruct-v0.3,48,0.864172,0.7647,0.5202
hotpotqa,Qwen3.6-35B-A3B,Mistral-7B-Instruct-v0.3,49,0.865205,0.7618,0.5102
hotpotqa,Qwen3.6-35B-A3B,Mistral-7B-Instruct-v0.3,50,0.866779,0.7580,0.5000
hotpotqa,Qwen3.6-35B-A3B,Mistral-7B-Instruct-v0.3,51,0.878481,0.7532,0.4901
hotpotqa,Qwen3.6-35B-A3B,Mistral-7B-Instruct-v0.3,52,0.880040,0.7515,0.4801
hotpotqa,Qwen3.6-35B-A3B,Mistral-7B-Instruct-v0.3,53,0.890610,0.7505,0.4702
hotpotqa,Qwen3.6-35B-A3B,Mistral-7B-Instruct-v0.3,54,0.891771,0.7457,0.4603
hotpotqa,Qwen3.6-35B-A3B,Mistral-7B-Instruct-v0.3,55,0.892953,0.7444,0.4501
hotpotqa,Qwen3.6-35B-A3B,Mistral-7B-Instruct-v0.3,56,0.902657,0.7414,0.4401
hotpotqa,Qwen3.6-35B-A3B,Mistral-7B-Instruct-v0.3,57,0.903818,0.7367,0.4302
hotpotqa,Qwen3.6-35B-A3B,Mistral-7B-Instruct-v0.3,58,0.912865,0.7344,0.4203
hotpotqa,Qwen3.6-35B-A3B,Mistral-7B-Instruct-v0.3,59,0.913953,0.7312,0.4100
hotpotqa,Qwen3.6-35B-A3B,Mistral-7B-Instruct-v0.3,60,0.921617,0.7270,0.4001
hotpotqa,Qwen3.6-35B-A3B,Mistral-7B-Instruct-v0.3,61,0.922752,0.7216,0.3902
hotpotqa,Qwen3.6-35B-A3B,Mistral-7B-Instruct-v0.3,62,0.923706,0.7180,0.3803
hotpotqa,Qwen3.6-35B-A3B,Mistral-7B-Instruct-v0.3,63,0.930888,0.7132,0.3703
hotpotqa,Qwen3.6-35B-A3B,Mistral-7B-Instruct-v0.3,64,0.931819,0.7075,0.3601
hotpotqa,Qwen3.6-35B-A3B,Mistral-7B-Instruct-v0.3,65,0.937668,0.7046,0.3502
hotpotqa,Qwen3.6-35B-A3B,Mistral-7B-Instruct-v0.3,66,0.939092,0.6998,0.3403
hotpotqa,Qwen3.6-35B-A3B,Mistral-7B-Instruct-v0.3,67,0.944072,0.6944,0.3303
hotpotqa,Qwen3.6-35B-A3B,Mistral-7B-Instruct-v0.3,68,0.945671,0.6912,0.3201
hotpotqa,Qwen3.6-35B-A3B,Mistral-7B-Instruct-v0.3,69,0.946266,0.6864,0.3102
hotpotqa,Qwen3.6-35B-A3B,Mistral-7B-Instruct-v0.3,70,0.951448,0.6804,0.3002
hotpotqa,Qwen3.6-35B-A3B,Mistral-7B-Instruct-v0.3,71,0.952258,0.6731,0.2903
hotpotqa,Qwen3.6-35B-A3B,Mistral-7B-Instruct-v0.3,72,0.956974,0.6705,0.2801
hotpotqa,Qwen3.6-35B-A3B,Mistral-7B-Instruct-v0.3,73,0.957536,0.6663,0.2702
hotpotqa,Qwen3.6-35B-A3B,Mistral-7B-Instruct-v0.3,74,0.961733,0.6634,0.2602
hotpotqa,Qwen3.6-35B-A3B,Mistral-7B-Instruct-v0.3,75,0.962548,0.6568,0.2503
hotpotqa,Qwen3.6-35B-A3B,Mistral-7B-Instruct-v0.3,76,0.966453,0.6513,0.2404
hotpotqa,Qwen3.6-35B-A3B,Mistral-7B-Instruct-v0.3,77,0.969682,0.6438,0.2301
hotpotqa,Qwen3.6-35B-A3B,Mistral-7B-Instruct-v0.3,78,0.971018,0.6384,0.2202
hotpotqa,Qwen3.6-35B-A3B,Mistral-7B-Instruct-v0.3,79,0.973812,0.6317,0.2103
hotpotqa,Qwen3.6-35B-A3B,Mistral-7B-Instruct-v0.3,80,0.976704,0.6275,0.2004
hotpotqa,Qwen3.6-35B-A3B,Mistral-7B-Instruct-v0.3,81,0.979225,0.6224,0.1901
hotpotqa,Qwen3.6-35B-A3B,Mistral-7B-Instruct-v0.3,82,0.981219,0.6177,0.1802
hotpotqa,Qwen3.6-35B-A3B,Mistral-7B-Instruct-v0.3,83,0.981921,0.6116,0.1703
hotpotqa,Qwen3.6-35B-A3B,Mistral-7B-Instruct-v0.3,84,0.983898,0.6037,0.1604
hotpotqa,Qwen3.6-35B-A3B,Mistral-7B-Instruct-v0.3,85,0.985815,0.5968,0.1501
hotpotqa,Qwen3.6-35B-A3B,Mistral-7B-Instruct-v0.3,86,0.987418,0.5895,0.1402
hotpotqa,Qwen3.6-35B-A3B,Mistral-7B-Instruct-v0.3,87,0.988872,0.5853,0.1303
hotpotqa,Qwen3.6-35B-A3B,Mistral-7B-Instruct-v0.3,88,0.990183,0.5768,0.1203
hotpotqa,Qwen3.6-35B-A3B,Mistral-7B-Instruct-v0.3,89,0.991355,0.5720,0.1104
hotpotqa,Qwen3.6-35B-A3B,Mistral-7B-Instruct-v0.3,90,0.993081,0.5644,0.1002
hotpotqa,Qwen3.6-35B-A3B,Mistral-7B-Instruct-v0.3,91,0.994010,0.5596,0.0903
hotpotqa,Qwen3.6-35B-A3B,Mistral-7B-Instruct-v0.3,92,0.995291,0.5523,0.0803
hotpotqa,Qwen3.6-35B-A3B,Mistral-7B-Instruct-v0.3,93,0.996235,0.5463,0.0704
hotpotqa,Qwen3.6-35B-A3B,Mistral-7B-Instruct-v0.3,94,0.996809,0.5412,0.0602
hotpotqa,Qwen3.6-35B-A3B,Mistral-7B-Instruct-v0.3,95,0.997509,0.5370,0.0502
hotpotqa,Qwen3.6-35B-A3B,Mistral-7B-Instruct-v0.3,96,0.998273,0.5291,0.0403
hotpotqa,Qwen3.6-35B-A3B,Mistral-7B-Instruct-v0.3,97,0.998815,0.5237,0.0304
hotpotqa,Qwen3.6-35B-A3B,Mistral-7B-Instruct-v0.3,98,0.999277,0.5161,0.0202
hotpotqa,Qwen3.6-35B-A3B,Mistral-7B-Instruct-v0.3,99,0.999687,0.5082,0.0102
hotpotqa,Qwen3.6-35B-A3B,Phi-4-mini-instruct,1,0.004597,0.5112,0.9901
hotpotqa,Qwen3.6-35B-A3B,Phi-4-mini-instruct,2,0.005911,0.5224,0.9801
hotpotqa,Qwen3.6-35B-A3B,Phi-4-mini-instruct,3,0.007570,0.5336,0.9702
hotpotqa,Qwen3.6-35B-A3B,Phi-4-mini-instruct,4,0.010956,0.5453,0.9599
hotpotqa,Qwen3.6-35B-A3B,Phi-4-mini-instruct,5,0.013918,0.5565,0.9499
hotpotqa,Qwen3.6-35B-A3B,Phi-4-mini-instruct,6,0.017985,0.5677,0.9400
hotpotqa,Qwen3.6-35B-A3B,Phi-4-mini-instruct,7,0.022951,0.5789,0.9300
hotpotqa,Qwen3.6-35B-A3B,Phi-4-mini-instruct,8,0.029252,0.5901,0.9201
hotpotqa,Qwen3.6-35B-A3B,Phi-4-mini-instruct,9,0.041752,0.6013,0.9102
hotpotqa,Qwen3.6-35B-A3B,Phi-4-mini-instruct,10,0.047339,0.6130,0.8999
hotpotqa,Qwen3.6-35B-A3B,Phi-4-mini-instruct,11,0.059842,0.6242,0.8899
hotpotqa,Qwen3.6-35B-A3B,Phi-4-mini-instruct,12,0.067235,0.6346,0.8800
hotpotqa,Qwen3.6-35B-A3B,Phi-4-mini-instruct,13,0.075665,0.6458,0.8700
hotpotqa,Qwen3.6-35B-A3B,Phi-4-mini-instruct,14,0.094667,0.6563,0.8601
hotpotqa,Qwen3.6-35B-A3B,Phi-4-mini-instruct,15,0.106496,0.6668,0.8501
hotpotqa,Qwen3.6-35B-A3B,Phi-4-mini-instruct,16,0.131153,0.6780,0.8402
hotpotqa,Qwen3.6-35B-A3B,Phi-4-mini-instruct,17,0.146448,0.6896,0.8299
hotpotqa,Qwen3.6-35B-A3B,Phi-4-mini-instruct,18,0.163224,0.6986,0.8200
hotpotqa,Qwen3.6-35B-A3B,Phi-4-mini-instruct,19,0.181896,0.7091,0.8100
hotpotqa,Qwen3.6-35B-A3B,Phi-4-mini-instruct,20,0.201788,0.7195,0.8001
hotpotqa,Qwen3.6-35B-A3B,Phi-4-mini-instruct,21,0.222683,0.7278,0.7901
hotpotqa,Qwen3.6-35B-A3B,Phi-4-mini-instruct,22,0.265095,0.7382,0.7802
hotpotqa,Qwen3.6-35B-A3B,Phi-4-mini-instruct,23,0.291244,0.7465,0.7703
hotpotqa,Qwen3.6-35B-A3B,Phi-4-mini-instruct,24,0.294203,0.7581,0.7599
hotpotqa,Qwen3.6-35B-A3B,Phi-4-mini-instruct,25,0.320780,0.7656,0.7500
hotpotqa,Qwen3.6-35B-A3B,Phi-4-mini-instruct,26,0.374357,0.7730,0.7401
hotpotqa,Qwen3.6-35B-A3B,Phi-4-mini-instruct,27,0.405025,0.7783,0.7301
hotpotqa,Qwen3.6-35B-A3B,Phi-4-mini-instruct,28,0.436166,0.7850,0.7202
hotpotqa,Qwen3.6-35B-A3B,Phi-4-mini-instruct,29,0.496371,0.7933,0.7102
hotpotqa,Qwen3.6-35B-A3B,Phi-4-mini-instruct,30,0.526886,0.8007,0.7003
hotpotqa,Qwen3.6-35B-A3B,Phi-4-mini-instruct,31,0.559521,0.8019,0.6900
hotpotqa,Qwen3.6-35B-A3B,Phi-4-mini-instruct,32,0.588485,0.8057,0.6800
hotpotqa,Qwen3.6-35B-A3B,Phi-4-mini-instruct,33,0.619270,0.8109,0.6701
hotpotqa,Qwen3.6-35B-A3B,Phi-4-mini-instruct,34,0.645094,0.8177,0.6602
hotpotqa,Qwen3.6-35B-A3B,Phi-4-mini-instruct,35,0.649641,0.8222,0.6502
hotpotqa,Qwen3.6-35B-A3B,Phi-4-mini-instruct,36,0.676827,0.8304,0.6403
hotpotqa,Qwen3.6-35B-A3B,Phi-4-mini-instruct,37,0.701744,0.8323,0.6300
hotpotqa,Qwen3.6-35B-A3B,Phi-4-mini-instruct,38,0.713395,0.8316,0.6200
hotpotqa,Qwen3.6-35B-A3B,Phi-4-mini-instruct,39,0.729468,0.8301,0.6101
hotpotqa,Qwen3.6-35B-A3B,Phi-4-mini-instruct,40,0.750351,0.8346,0.6001
hotpotqa,Qwen3.6-35B-A3B,Phi-4-mini-instruct,41,0.753289,0.8369,0.5902
hotpotqa,Qwen3.6-35B-A3B,Phi-4-mini-instruct,42,0.774588,0.8377,0.5803
hotpotqa,Qwen3.6-35B-A3B,Phi-4-mini-instruct,43,0.791920,0.8354,0.5703
hotpotqa,Qwen3.6-35B-A3B,Phi-4-mini-instruct,44,0.796223,0.8366,0.5600
hotpotqa,Qwen3.6-35B-A3B,Phi-4-mini-instruct,45,0.812906,0.8359,0.5501
hotpotqa,Qwen3.6-35B-A3B,Phi-4-mini-instruct,46,0.815456,0.8314,0.5401
hotpotqa,Qwen3.6-35B-A3B,Phi-4-mini-instruct,47,0.831642,0.8270,0.5302
hotpotqa,Qwen3.6-35B-A3B,Phi-4-mini-instruct,48,0.833779,0.8248,0.5203
hotpotqa,Qwen3.6-35B-A3B,Phi-4-mini-instruct,49,0.848436,0.8263,0.5103
hotpotqa,Qwen3.6-35B-A3B,Phi-4-mini-instruct,50,0.850218,0.8238,0.5000
hotpotqa,Qwen3.6-35B-A3B,Phi-4-mini-instruct,51,0.863413,0.8208,0.4901
hotpotqa,Qwen3.6-35B-A3B,Phi-4-mini-instruct,52,0.865172,0.8201,0.4801
hotpotqa,Qwen3.6-35B-A3B,Phi-4-mini-instruct,53,0.866257,0.8164,0.4702
hotpotqa,Qwen3.6-35B-A3B,Phi-4-mini-instruct,54,0.878684,0.8127,0.4602
hotpotqa,Qwen3.6-35B-A3B,Phi-4-mini-instruct,55,0.879858,0.8075,0.4503
hotpotqa,Qwen3.6-35B-A3B,Phi-4-mini-instruct,56,0.890905,0.8067,0.4404
hotpotqa,Qwen3.6-35B-A3B,Phi-4-mini-instruct,57,0.892000,0.7997,0.4300
hotpotqa,Qwen3.6-35B-A3B,Phi-4-mini-instruct,58,0.901618,0.7953,0.4201
hotpotqa,Qwen3.6-35B-A3B,Phi-4-mini-instruct,59,0.903411,0.7901,0.4102
hotpotqa,Qwen3.6-35B-A3B,Phi-4-mini-instruct,60,0.910633,0.7826,0.4002
hotpotqa,Qwen3.6-35B-A3B,Phi-4-mini-instruct,61,0.913282,0.7789,0.3903
hotpotqa,Qwen3.6-35B-A3B,Phi-4-mini-instruct,62,0.921369,0.7722,0.3803
hotpotqa,Qwen3.6-35B-A3B,Phi-4-mini-instruct,63,0.922904,0.7648,0.3704
hotpotqa,Qwen3.6-35B-A3B,Phi-4-mini-instruct,64,0.930011,0.7600,0.3601
hotpotqa,Qwen3.6-35B-A3B,Phi-4-mini-instruct,65,0.931587,0.7541,0.3501
hotpotqa,Qwen3.6-35B-A3B,Phi-4-mini-instruct,66,0.937664,0.7496,0.3402
hotpotqa,Qwen3.6-35B-A3B,Phi-4-mini-instruct,67,0.938912,0.7452,0.3303
hotpotqa,Qwen3.6-35B-A3B,Phi-4-mini-instruct,68,0.944321,0.7407,0.3203
hotpotqa,Qwen3.6-35B-A3B,Phi-4-mini-instruct,69,0.946041,0.7333,0.3104
hotpotqa,Qwen3.6-35B-A3B,Phi-4-mini-instruct,70,0.951154,0.7266,0.3004
hotpotqa,Qwen3.6-35B-A3B,Phi-4-mini-instruct,71,0.952167,0.7233,0.2901
hotpotqa,Qwen3.6-35B-A3B,Phi-4-mini-instruct,72,0.956771,0.7196,0.2802
hotpotqa,Qwen3.6-35B-A3B,Phi-4-mini-instruct,73,0.957550,0.7114,0.2703
hotpotqa,Qwen3.6-35B-A3B,Phi-4-mini-instruct,74,0.961598,0.7040,0.2603
hotpotqa,Qwen3.6-35B-A3B,Phi-4-mini-instruct,75,0.962546,0.6958,0.2504
hotpotqa,Qwen3.6-35B-A3B,Phi-4-mini-instruct,76,0.966440,0.6898,0.2404
hotpotqa,Qwen3.6-35B-A3B,Phi-4-mini-instruct,77,0.969767,0.6836,0.2301
hotpotqa,Qwen3.6-35B-A3B,Phi-4-mini-instruct,78,0.970526,0.6776,0.2202
hotpotqa,Qwen3.6-35B-A3B,Phi-4-mini-instruct,79,0.973721,0.6709,0.2102
hotpotqa,Qwen3.6-35B-A3B,Phi-4-mini-instruct,80,0.976435,0.6635,0.2003
hotpotqa,Qwen3.6-35B-A3B,Phi-4-mini-instruct,81,0.976917,0.6546,0.1904
hotpotqa,Qwen3.6-35B-A3B,Phi-4-mini-instruct,82,0.979593,0.6471,0.1804
hotpotqa,Qwen3.6-35B-A3B,Phi-4-mini-instruct,83,0.981789,0.6404,0.1705
hotpotqa,Qwen3.6-35B-A3B,Phi-4-mini-instruct,84,0.983912,0.6319,0.1602
hotpotqa,Qwen3.6-35B-A3B,Phi-4-mini-instruct,85,0.986341,0.6237,0.1502
hotpotqa,Qwen3.6-35B-A3B,Phi-4-mini-instruct,86,0.988447,0.6148,0.1403
hotpotqa,Qwen3.6-35B-A3B,Phi-4-mini-instruct,87,0.990116,0.6059,0.1303
hotpotqa,Qwen3.6-35B-A3B,Phi-4-mini-instruct,88,0.992007,0.5977,0.1204
hotpotqa,Qwen3.6-35B-A3B,Phi-4-mini-instruct,89,0.993824,0.5888,0.1105
hotpotqa,Qwen3.6-35B-A3B,Phi-4-mini-instruct,90,0.994738,0.5840,0.1001
hotpotqa,Qwen3.6-35B-A3B,Phi-4-mini-instruct,91,0.995852,0.5751,0.0902
hotpotqa,Qwen3.6-35B-A3B,Phi-4-mini-instruct,92,0.996755,0.5676,0.0803
hotpotqa,Qwen3.6-35B-A3B,Phi-4-mini-instruct,93,0.997736,0.5594,0.0703
hotpotqa,Qwen3.6-35B-A3B,Phi-4-mini-instruct,94,0.998253,0.5512,0.0604
hotpotqa,Qwen3.6-35B-A3B,Phi-4-mini-instruct,95,0.998717,0.5423,0.0504
hotpotqa,Qwen3.6-35B-A3B,Phi-4-mini-instruct,96,0.999165,0.5341,0.0405
hotpotqa,Qwen3.6-35B-A3B,Phi-4-mini-instruct,97,0.999500,0.5271,0.0302
hotpotqa,Qwen3.6-35B-A3B,Phi-4-mini-instruct,98,0.999743,0.5182,0.0203
hotpotqa,Qwen3.6-35B-A3B,Phi-4-mini-instruct,99,0.999886,0.5093,0.0103
hotpotqa,Qwen3.6-35B-A3B,Qwen3.6-35B-A3B,1,0.001500,0.5059,0.9900
hotpotqa,Qwen3.6-35B-A3B,Qwen3.6-35B-A3B,2,0.002172,0.5119,0.9799
hotpotqa,Qwen3.6-35B-A3B,Qwen3.6-35B-A3B,3,0.002467,0.5178,0.9699
hotpotqa,Qwen3.6-35B-A3B,Qwen3.6-35B-A3B,4,0.002798,0.5237,0.9599
hotpotqa,Qwen3.6-35B-A3B,Qwen3.6-35B-A3B,5,0.003171,0.5296,0.9498
hotpotqa,Qwen3.6-35B-A3B,Qwen3.6-35B-A3B,6,0.003593,0.5353,0.9402
hotpotqa,Qwen3.6-35B-A3B,Qwen3.6-35B-A3B,7,0.004549,0.5412,0.9302
hotpotqa,Qwen3.6-35B-A3B,Qwen3.6-35B-A3B,8,0.004605,0.5471,0.9202
hotpotqa,Qwen3.6-35B-A3B,Qwen3.6-35B-A3B,9,0.005204,0.5531,0.9101
hotpotqa,Qwen3.6-35B-A3B,Qwen3.6-35B-A3B,10,0.005850,0.5590,0.9001
hotpotqa,Qwen3.6-35B-A3B,Qwen3.6-35B-A3B,11,0.005905,0.5649,0.8901
hotpotqa,Qwen3.6-35B-A3B,Qwen3.6-35B-A3B,12,0.006672,0.5709,0.8800
hotpotqa,Qwen3.6-35B-A3B,Qwen3.6-35B-A3B,13,0.006692,0.5750,0.8700
hotpotqa,Qwen3.6-35B-A3B,Qwen3.6-35B-A3B,14,0.007564,0.5809,0.8599
hotpotqa,Qwen3.6-35B-A3B,Qwen3.6-35B-A3B,15,0.008556,0.5869,0.8499
hotpotqa,Qwen3.6-35B-A3B,Qwen3.6-35B-A3B,16,0.008578,0.5928,0.8399
hotpotqa,Qwen3.6-35B-A3B,Qwen3.6-35B-A3B,17,0.009687,0.5985,0.8303
hotpotqa,Qwen3.6-35B-A3B,Qwen3.6-35B-A3B,18,0.009709,0.6026,0.8203
hotpotqa,Qwen3.6-35B-A3B,Qwen3.6-35B-A3B,19,0.010975,0.6086,0.8102
hotpotqa,Qwen3.6-35B-A3B,Qwen3.6-35B-A3B,20,0.012407,0.6145,0.8002
hotpotqa,Qwen3.6-35B-A3B,Qwen3.6-35B-A3B,21,0.013987,0.6204,0.7901
hotpotqa,Qwen3.6-35B-A3B,Qwen3.6-35B-A3B,22,0.014064,0.6263,0.7801
hotpotqa,Qwen3.6-35B-A3B,Qwen3.6-35B-A3B,23,0.015880,0.6323,0.7701
hotpotqa,Qwen3.6-35B-A3B,Qwen3.6-35B-A3B,24,0.017935,0.6382,0.7600
hotpotqa,Qwen3.6-35B-A3B,Qwen3.6-35B-A3B,25,0.020172,0.6441,0.7500
hotpotqa,Qwen3.6-35B-A3B,Qwen3.6-35B-A3B,26,0.020299,0.6500,0.7400
hotpotqa,Qwen3.6-35B-A3B,Qwen3.6-35B-A3B,27,0.022921,0.6542,0.7299
hotpotqa,Qwen3.6-35B-A3B,Qwen3.6-35B-A3B,28,0.025865,0.6599,0.7203
hotpotqa,Qwen3.6-35B-A3B,Qwen3.6-35B-A3B,29,0.025958,0.6658,0.7103
hotpotqa,Qwen3.6-35B-A3B,Qwen3.6-35B-A3B,30,0.029265,0.6717,0.7003
hotpotqa,Qwen3.6-35B-A3B,Qwen3.6-35B-A3B,31,0.033008,0.6759,0.6902
hotpotqa,Qwen3.6-35B-A3B,Qwen3.6-35B-A3B,32,0.037181,0.6818,0.6802
hotpotqa,Qwen3.6-35B-A3B,Qwen3.6-35B-A3B,33,0.037279,0.6877,0.6702
hotpotqa,Qwen3.6-35B-A3B,Qwen3.6-35B-A3B,34,0.041994,0.6937,0.6601
hotpotqa,Qwen3.6-35B-A3B,Qwen3.6-35B-A3B,35,0.047302,0.6996,0.6501
hotpotqa,Qwen3.6-35B-A3B,Qwen3.6-35B-A3B,36,0.053076,0.7055,0.6401
hotpotqa,Qwen3.6-35B-A3B,Qwen3.6-35B-A3B,37,0.053394,0.7079,0.6300
hotpotqa,Qwen3.6-35B-A3B,Qwen3.6-35B-A3B,38,0.059969,0.7139,0.6200
hotpotqa,Qwen3.6-35B-A3B,Qwen3.6-35B-A3B,39,0.067358,0.7195,0.6104
hotpotqa,Qwen3.6-35B-A3B,Qwen3.6-35B-A3B,40,0.067560,0.7219,0.6004
hotpotqa,Qwen3.6-35B-A3B,Qwen3.6-35B-A3B,41,0.075677,0.7279,0.5903
hotpotqa,Qwen3.6-35B-A3B,Qwen3.6-35B-A3B,42,0.084368,0.7338,0.5803
hotpotqa,Qwen3.6-35B-A3B,Qwen3.6-35B-A3B,43,0.084904,0.7397,0.5703
hotpotqa,Qwen3.6-35B-A3B,Qwen3.6-35B-A3B,44,0.085106,0.7439,0.5602
hotpotqa,Qwen3.6-35B-A3B,Qwen3.6-35B-A3B,45,0.095189,0.7481,0.5502
hotpotqa,Qwen3.6-35B-A3B,Qwen3.6-35B-A3B,46,0.106398,0.7505,0.5401
hotpotqa,Qwen3.6-35B-A3B,Qwen3.6-35B-A3B,47,0.118143,0.7546,0.5301
hotpotqa,Qwen3.6-35B-A3B,Qwen3.6-35B-A3B,48,0.119077,0.7588,0.5201
hotpotqa,Qwen3.6-35B-A3B,Qwen3.6-35B-A3B,49,0.132499,0.7612,0.5100
hotpotqa,Qwen3.6-35B-A3B,Qwen3.6-35B-A3B,50,0.132946,0.7636,0.5000
hotpotqa,Qwen3.6-35B-A3B,Qwen3.6-35B-A3B,51,0.147840,0.7675,0.4904
hotpotqa,Qwen3.6-35B-A3B,Qwen3.6-35B-A3B,52,0.163973,0.7717,0.4804
hotpotqa,Qwen3.6-35B-A3B,Qwen3.6-35B-A3B,53,0.164501,0.7759,0.4703
hotpotqa,Qwen3.6-35B-A3B,Qwen3.6-35B-A3B,54,0.182012,0.7800,0.4603
hotpotqa,Qwen3.6-35B-A3B,Qwen3.6-35B-A3B,55,0.199892,0.7824,0.4503
hotpotqa,Qwen3.6-35B-A3B,Qwen3.6-35B-A3B,56,0.201245,0.7884,0.4402
hotpotqa,Qwen3.6-35B-A3B,Qwen3.6-35B-A3B,57,0.201788,0.7873,0.4302
hotpotqa,Qwen3.6-35B-A3B,Qwen3.6-35B-A3B,58,0.222081,0.7932,0.4202
hotpotqa,Qwen3.6-35B-A3B,Qwen3.6-35B-A3B,59,0.222527,0.7974,0.4101
hotpotqa,Qwen3.6-35B-A3B,Qwen3.6-35B-A3B,60,0.244332,0.7945,0.4001
hotpotqa,Qwen3.6-35B-A3B,Qwen3.6-35B-A3B,61,0.244843,0.7969,0.3901
hotpotqa,Qwen3.6-35B-A3B,Qwen3.6-35B-A3B,62,0.267939,0.7955,0.3805
hotpotqa,Qwen3.6-35B-A3B,Qwen3.6-35B-A3B,63,0.268719,0.7944,0.3704
hotpotqa,Qwen3.6-35B-A3B,Qwen3.6-35B-A3B,64,0.293373,0.7933,0.3604
hotpotqa,Qwen3.6-35B-A3B,Qwen3.6-35B-A3B,65,0.318787,0.7940,0.3504
hotpotqa,Qwen3.6-35B-A3B,Qwen3.6-35B-A3B,66,0.320336,0.7911,0.3403
hotpotqa,Qwen3.6-35B-A3B,Qwen3.6-35B-A3B,67,0.347351,0.7918,0.3303
hotpotqa,Qwen3.6-35B-A3B,Qwen3.6-35B-A3B,68,0.348090,0.7889,0.3203
hotpotqa,Qwen3.6-35B-A3B,Qwen3.6-35B-A3B,69,0.376013,0.7896,0.3102
hotpotqa,Qwen3.6-35B-A3B,Qwen3.6-35B-A3B,70,0.376869,0.7902,0.3002
hotpotqa,Qwen3.6-35B-A3B,Qwen3.6-35B-A3B,71,0.405327,0.7891,0.2901
hotpotqa,Qwen3.6-35B-A3B,Qwen3.6-35B-A3B,72,0.406480,0.7863,0.2801
hotpotqa,Qwen3.6-35B-A3B,Qwen3.6-35B-A3B,73,0.435471,0.7761,0.2705
hotpotqa,Qwen3.6-35B-A3B,Qwen3.6-35B-A3B,74,0.436918,0.7715,0.2605
hotpotqa,Qwen3.6-35B-A3B,Qwen3.6-35B-A3B,75,0.464973,0.7669,0.2505
hotpotqa,Qwen3.6-35B-A3B,Qwen3.6-35B-A3B,76,0.467886,0.7658,0.2404
hotpotqa,Qwen3.6-35B-A3B,Qwen3.6-35B-A3B,77,0.498129,0.7559,0.2304
hotpotqa,Qwen3.6-35B-A3B,Qwen3.6-35B-A3B,78,0.527816,0.7513,0.2203
hotpotqa,Qwen3.6-35B-A3B,Qwen3.6-35B-A3B,79,0.530038,0.7431,0.2103
hotpotqa,Qwen3.6-35B-A3B,Qwen3.6-35B-A3B,80,0.559160,0.7297,0.2003
hotpotqa,Qwen3.6-35B-A3B,Qwen3.6-35B-A3B,81,0.561295,0.7181,0.1902
hotpotqa,Qwen3.6-35B-A3B,Qwen3.6-35B-A3B,82,0.590319,0.7117,0.1802
hotpotqa,Qwen3.6-35B-A3B,Qwen3.6-35B-A3B,83,0.592253,0.7088,0.1702
hotpotqa,Qwen3.6-35B-A3B,Qwen3.6-35B-A3B,84,0.620851,0.7039,0.1606
hotpotqa,Qwen3.6-35B-A3B,Qwen3.6-35B-A3B,85,0.648595,0.6958,0.1505
hotpotqa,Qwen3.6-35B-A3B,Qwen3.6-35B-A3B,86,0.650963,0.6912,0.1405
hotpotqa,Qwen3.6-35B-A3B,Qwen3.6-35B-A3B,87,0.678016,0.6866,0.1305
hotpotqa,Qwen3.6-35B-A3B,Qwen3.6-35B-A3B,88,0.703213,0.6767,0.1204
hotpotqa,Qwen3.6-35B-A3B,Qwen3.6-35B-A3B,89,0.705291,0.6633,0.1104
hotpotqa,Qwen3.6-35B-A3B,Qwen3.6-35B-A3B,90,0.729503,0.6569,0.1004
hotpotqa,Qwen3.6-35B-A3B,Qwen3.6-35B-A3B,91,0.730928,0.6523,0.0903
hotpotqa,Qwen3.6-35B-A3B,Qwen3.6-35B-A3B,92,0.753988,0.6354,0.0803
hotpotqa,Qwen3.6-35B-A3B,Qwen3.6-35B-A3B,93,0.776143,0.6255,0.0703
hotpotqa,Qwen3.6-35B-A3B,Qwen3.6-35B-A3B,94,0.797292,0.6173,0.0602
hotpotqa,Qwen3.6-35B-A3B,Qwen3.6-35B-A3B,95,0.816421,0.6019,0.0506
hotpotqa,Qwen3.6-35B-A3B,Qwen3.6-35B-A3B,96,0.834522,0.5850,0.0406
hotpotqa,Qwen3.6-35B-A3B,Qwen3.6-35B-A3B,97,0.850967,0.5681,0.0306
hotpotqa,Qwen3.6-35B-A3B,Qwen3.6-35B-A3B,98,0.879994,0.5476,0.0205
hotpotqa,Qwen3.6-35B-A3B,Qwen3.6-35B-A3B,99,0.904545,0.5219,0.0105
hotpotqa,Qwen3.6-35B-A3B,gemma-3-4b-it,1,0.003163,0.5096,0.9899
hotpotqa,Qwen3.6-35B-A3B,gemma-3-4b-it,2,0.004057,0.5188,0.9801
hotpotqa,Qwen3.6-35B-A3B,gemma-3-4b-it,3,0.005170,0.5284,0.9700
hotpotqa,Qwen3.6-35B-A3B,gemma-3-4b-it,4,0.005922,0.5380,0.9598
hotpotqa,Qwen3.6-35B-A3B,gemma-3-4b-it,5,0.007567,0.5472,0.9501
hotpotqa,Qwen3.6-35B-A3B,gemma-3-4b-it,6,0.009645,0.5568,0.9400
hotpotqa,Qwen3.6-35B-A3B,gemma-3-4b-it,7,0.010943,0.5661,0.9302
hotpotqa,Qwen3.6-35B-A3B,gemma-3-4b-it,8,0.013987,0.5756,0.9201
hotpotqa,Qwen3.6-35B-A3B,gemma-3-4b-it,9,0.017919,0.5852,0.9099
hotpotqa,Qwen3.6-35B-A3B,gemma-3-4b-it,10,0.020329,0.5945,0.9002
hotpotqa,Qwen3.6-35B-A3B,gemma-3-4b-it,11,0.025897,0.6033,0.8901
hotpotqa,Qwen3.6-35B-A3B,gemma-3-4b-it,12,0.032924,0.6129,0.8799
hotpotqa,Qwen3.6-35B-A3B,gemma-3-4b-it,13,0.037200,0.6221,0.8702
hotpotqa,Qwen3.6-35B-A3B,gemma-3-4b-it,14,0.041992,0.6317,0.8600
hotpotqa,Qwen3.6-35B-A3B,gemma-3-4b-it,15,0.047292,0.6413,0.8499
hotpotqa,Qwen3.6-35B-A3B,gemma-3-4b-it,16,0.053236,0.6505,0.8402
hotpotqa,Qwen3.6-35B-A3B,gemma-3-4b-it,17,0.059773,0.6601,0.8300
hotpotqa,Qwen3.6-35B-A3B,gemma-3-4b-it,18,0.067159,0.6697,0.8199
hotpotqa,Qwen3.6-35B-A3B,gemma-3-4b-it,19,0.075589,0.6789,0.8101
hotpotqa,Qwen3.6-35B-A3B,gemma-3-4b-it,20,0.084914,0.6877,0.8000
hotpotqa,Qwen3.6-35B-A3B,gemma-3-4b-it,21,0.095210,0.6954,0.7903
hotpotqa,Qwen3.6-35B-A3B,gemma-3-4b-it,22,0.118360,0.7034,0.7801
hotpotqa,Qwen3.6-35B-A3B,gemma-3-4b-it,23,0.132297,0.7107,0.7700
hotpotqa,Qwen3.6-35B-A3B,gemma-3-4b-it,24,0.146998,0.7199,0.7602
hotpotqa,Qwen3.6-35B-A3B,gemma-3-4b-it,25,0.163406,0.7295,0.7501
hotpotqa,Qwen3.6-35B-A3B,gemma-3-4b-it,26,0.181357,0.7383,0.7400
hotpotqa,Qwen3.6-35B-A3B,gemma-3-4b-it,27,0.200997,0.7475,0.7302
hotpotqa,Qwen3.6-35B-A3B,gemma-3-4b-it,28,0.220925,0.7563,0.7201
hotpotqa,Qwen3.6-35B-A3B,gemma-3-4b-it,29,0.222322,0.7644,0.7099
hotpotqa,Qwen3.6-35B-A3B,gemma-3-4b-it,30,0.244238,0.7712,0.7002
hotpotqa,Qwen3.6-35B-A3B,gemma-3-4b-it,31,0.268932,0.7777,0.6901
hotpotqa,Qwen3.6-35B-A3B,gemma-3-4b-it,32,0.318486,0.7862,0.6803
hotpotqa,Qwen3.6-35B-A3B,gemma-3-4b-it,33,0.345189,0.7934,0.6702
hotpotqa,Qwen3.6-35B-A3B,gemma-3-4b-it,34,0.375549,0.7991,0.6600
hotpotqa,Qwen3.6-35B-A3B,gemma-3-4b-it,35,0.405030,0.8060,0.6503
hotpotqa,Qwen3.6-35B-A3B,gemma-3-4b-it,36,0.406954,0.8101,0.6402
hotpotqa,Qwen3.6-35B-A3B,gemma-3-4b-it,37,0.436721,0.8165,0.6300
hotpotqa,Qwen3.6-35B-A3B,gemma-3-4b-it,38,0.495156,0.8180,0.6203
hotpotqa,Qwen3.6-35B-A3B,gemma-3-4b-it,39,0.499100,0.8244,0.6101
hotpotqa,Qwen3.6-35B-A3B,gemma-3-4b-it,40,0.529161,0.8270,0.6000
hotpotqa,Qwen3.6-35B-A3B,gemma-3-4b-it,41,0.559767,0.8315,0.5903
hotpotqa,Qwen3.6-35B-A3B,gemma-3-4b-it,42,0.589998,0.8356,0.5801
hotpotqa,Qwen3.6-35B-A3B,gemma-3-4b-it,43,0.618364,0.8382,0.5700
hotpotqa,Qwen3.6-35B-A3B,gemma-3-4b-it,44,0.621089,0.8396,0.5602
hotpotqa,Qwen3.6-35B-A3B,gemma-3-4b-it,45,0.649213,0.8398,0.5501
hotpotqa,Qwen3.6-35B-A3B,gemma-3-4b-it,46,0.676867,0.8420,0.5404
hotpotqa,Qwen3.6-35B-A3B,gemma-3-4b-it,47,0.700689,0.8453,0.5302
hotpotqa,Qwen3.6-35B-A3B,gemma-3-4b-it,48,0.704807,0.8455,0.5201
hotpotqa,Qwen3.6-35B-A3B,gemma-3-4b-it,49,0.728269,0.8454,0.5103
hotpotqa,Qwen3.6-35B-A3B,gemma-3-4b-it,50,0.742133,0.8416,0.5002
hotpotqa,Qwen3.6-35B-A3B,gemma-3-4b-it,51,0.752400,0.8434,0.4901
hotpotqa,Qwen3.6-35B-A3B,gemma-3-4b-it,52,0.768260,0.8433,0.4803
hotpotqa,Qwen3.6-35B-A3B,gemma-3-4b-it,53,0.775097,0.8442,0.4702
hotpotqa,Qwen3.6-35B-A3B,gemma-3-4b-it,54,0.788381,0.8445,0.4600
hotpotqa,Qwen3.6-35B-A3B,gemma-3-4b-it,55,0.796195,0.8380,0.4503
hotpotqa,Qwen3.6-35B-A3B,gemma-3-4b-it,56,0.814232,0.8359,0.4402
hotpotqa,Qwen3.6-35B-A3B,gemma-3-4b-it,57,0.816576,0.8310,0.4304
hotpotqa,Qwen3.6-35B-A3B,gemma-3-4b-it,58,0.832730,0.8273,0.4203
hotpotqa,Qwen3.6-35B-A3B,gemma-3-4b-it,59,0.834907,0.8213,0.4101
hotpotqa,Qwen3.6-35B-A3B,gemma-3-4b-it,60,0.850399,0.8172,0.4004
hotpotqa,Qwen3.6-35B-A3B,gemma-3-4b-it,61,0.863373,0.8143,0.3903
hotpotqa,Qwen3.6-35B-A3B,gemma-3-4b-it,62,0.873668,0.8082,0.3801
hotpotqa,Qwen3.6-35B-A3B,gemma-3-4b-it,63,0.879100,0.8042,0.3704
hotpotqa,Qwen3.6-35B-A3B,gemma-3-4b-it,64,0.890931,0.7966,0.3602
hotpotqa,Qwen3.6-35B-A3B,gemma-3-4b-it,65,0.892485,0.7921,0.3501
hotpotqa,Qwen3.6-35B-A3B,gemma-3-4b-it,66,0.903140,0.7896,0.3404
hotpotqa,Qwen3.6-35B-A3B,gemma-3-4b-it,67,0.911831,0.7819,0.3302
hotpotqa,Qwen3.6-35B-A3B,gemma-3-4b-it,68,0.914126,0.7735,0.3201
hotpotqa,Qwen3.6-35B-A3B,gemma-3-4b-it,69,0.922737,0.7679,0.3103
hotpotqa,Qwen3.6-35B-A3B,gemma-3-4b-it,70,0.923805,0.7611,0.3002
hotpotqa,Qwen3.6-35B-A3B,gemma-3-4b-it,71,0.931225,0.7570,0.2904
hotpotqa,Qwen3.6-35B-A3B,gemma-3-4b-it,72,0.937403,0.7517,0.2803
hotpotqa,Qwen3.6-35B-A3B,gemma-3-4b-it,73,0.939454,0.7496,0.2702
hotpotqa,Qwen3.6-35B-A3B,gemma-3-4b-it,74,0.945866,0.7440,0.2604
hotpotqa,Qwen3.6-35B-A3B,gemma-3-4b-it,75,0.951501,0.7348,0.2503
hotpotqa,Qwen3.6-35B-A3B,gemma-3-4b-it,76,0.957084,0.7264,0.2402
hotpotqa,Qwen3.6-35B-A3B,gemma-3-4b-it,77,0.961413,0.7176,0.2304
hotpotqa,Qwen3.6-35B-A3B,gemma-3-4b-it,78,0.962532,0.7124,0.2203
hotpotqa,Qwen3.6-35B-A3B,gemma-3-4b-it,79,0.968938,0.7024,0.2101
hotpotqa,Qwen3.6-35B-A3B,gemma-3-4b-it,80,0.972059,0.6936,0.2004
hotpotqa,Qwen3.6-35B-A3B,gemma-3-4b-it,81,0.974829,0.6844,0.1903
hotpotqa,Qwen3.6-35B-A3B,gemma-3-4b-it,82,0.976874,0.6749,0.1805
hotpotqa,Qwen3.6-35B-A3B,gemma-3-4b-it,83,0.981226,0.6673,0.1704
hotpotqa,Qwen3.6-35B-A3B,gemma-3-4b-it,84,0.983573,0.6573,0.1602
hotpotqa,Qwen3.6-35B-A3B,gemma-3-4b-it,85,0.984874,0.6486,0.1505
hotpotqa,Qwen3.6-35B-A3B,gemma-3-4b-it,86,0.987011,0.6386,0.1404
hotpotqa,Qwen3.6-35B-A3B,gemma-3-4b-it,87,0.988974,0.6278,0.1302
hotpotqa,Qwen3.6-35B-A3B,gemma-3-4b-it,88,0.991170,0.6191,0.1205
hotpotqa,Qwen3.6-35B-A3B,gemma-3-4b-it,89,0.992746,0.6099,0.1103
hotpotqa,Qwen3.6-35B-A3B,gemma-3-4b-it,90,0.993913,0.5999,0.1002
hotpotqa,Qwen3.6-35B-A3B,gemma-3-4b-it,91,0.994715,0.5904,0.0904
hotpotqa,Qwen3.6-35B-A3B,gemma-3-4b-it,92,0.995853,0.5796,0.0803
hotpotqa,Qwen3.6-35B-A3B,gemma-3-4b-it,93,0.996792,0.5705,0.0702
hotpotqa,Qwen3.6-35B-A3B,gemma-3-4b-it,94,0.997497,0.5617,0.0604
hotpotqa,Qwen3.6-35B-A3B,gemma-3-4b-it,95,0.998381,0.5510,0.0503
hotpotqa,Qwen3.6-35B-A3B,gemma-3-4b-it,96,0.998797,0.5414,0.0405
hotpotqa,Qwen3.6-35B-A3B,gemma-3-4b-it,97,0.999252,0.5314,0.0304
hotpotqa,Qwen3.6-35B-A3B,gemma-3-4b-it,98,0.999533,0.5207,0.0203
hotpotqa,Qwen3.6-35B-A3B,gemma-3-4b-it,99,0.999733,0.5112,0.0105
