dataset,target,task_id,step_idx,trust,decision
alfworld,Llama-3.3-70B-Instruct,look_at_obj_in_light-Bowl-None-DeskLamp-301/trial_T20190909_150719_492274,2,1,1
alfworld,Llama-3.3-70B-Instruct,look_at_obj_in_light-Bowl-None-DeskLamp-301/trial_T20190909_150719_492274,10,1,0
alfworld,Llama-3.3-70B-Instruct,look_at_obj_in_light-Bowl-None-DeskLamp-301/trial_T20190909_150719_492274,15,1,0
alfworld,Llama-3.3-70B-Instruct,look_at_obj_in_light-Bowl-None-DeskLamp-301/trial_T20190909_150719_492274,19,0,1
alfworld,Llama-3.3-70B-Instruct,look_at_obj_in_light-Bowl-None-DeskLamp-301/trial_T20190909_150719_492274,38,1,1
alfworld,Llama-3.3-70B-Instruct,look_at_obj_in_light-Bowl-None-DeskLamp-301/trial_T20190909_150719_492274,41,1,0
alfworld,Llama-3.3-70B-Instruct,look_at_obj_in_light-Bowl-None-DeskLamp-301/trial_T20190909_150719_492274,48,1,0
alfworld,Llama-3.3-70B-Instruct,look_at_obj_in_light-Box-None-DeskLamp-205/trial_T20190907_074425_330493,2,1,0
alfworld,Llama-3.3-70B-Instruct,look_at_obj_in_light-Box-None-DeskLamp-205/trial_T20190907_074425_330493,13,0,1
alfworld,Llama-3.3-70B-Instruct,look_at_obj_in_light-Box-None-DeskLamp-205/trial_T20190907_074425_330493,19,0,1
alfworld,Llama-3.3-70B-Instruct,look_at_obj_in_light-Box-None-DeskLamp-205/trial_T20190907_074425_330493,31,0,1
alfworld,Llama-3.3-70B-Instruct,look_at_obj_in_light-Box-None-DeskLamp-205/trial_T20190907_074425_330493,48,1,0
alfworld,Llama-3.3-70B-Instruct,look_at_obj_in_light-CD-None-DeskLamp-302/trial_T20190907_154618_526741,12,1,0
alfworld,Llama-3.3-70B-Instruct,look_at_obj_in_light-CD-None-DeskLamp-302/trial_T20190907_154618_526741,17,1,0
alfworld,Llama-3.3-70B-Instruct,look_at_obj_in_light-CD-None-DeskLamp-302/trial_T20190907_154618_526741,24,0,1
alfworld,Llama-3.3-70B-Instruct,look_at_obj_in_light-CD-None-DeskLamp-302/trial_T20190907_154618_526741,26,1,0
alfworld,Llama-3.3-70B-Instruct,look_at_obj_in_light-CD-None-DeskLamp-302/trial_T20190907_154618_526741,27,1,0
alfworld,Llama-3.3-70B-Instruct,look_at_obj_in_light-CD-None-DeskLamp-302/trial_T20190907_154618_526741,41,1,0
alfworld,Llama-3.3-70B-Instruct,look_at_obj_in_light-CD-None-DeskLamp-302/trial_T20190907_154618_526741,46,0,1
alfworld,Llama-3.3-70B-Instruct,look_at_obj_in_light-CD-None-DeskLamp-302/trial_T20190907_154618_526741,47,0,1
alfworld,Llama-3.3-70B-Instruct,look_at_obj_in_light-CD-None-DeskLamp-314/trial_T20190907_114323_767231,3,1,1
alfworld,Llama-3.3-70B-Instruct,look_at_obj_in_light-CD-None-DeskLamp-314/trial_T20190907_114323_767231,4,1,0
alfworld,Llama-3.3-70B-Instruct,look_at_obj_in_light-CD-None-DeskLamp-314/trial_T20190907_114323_767231,12,1,0
alfworld,Llama-3.3-70B-Instruct,look_at_obj_in_light-CD-None-DeskLamp-314/trial_T20190907_114323_767231,15,1,0
alfworld,Llama-3.3-70B-Instruct,look_at_obj_in_light-CD-None-DeskLamp-314/trial_T20190907_114323_767231,19,0,1
alfworld,Llama-3.3-70B-Instruct,look_at_obj_in_light-CD-None-DeskLamp-314/trial_T20190907_114323_767231,26,1,0
alfworld,Llama-3.3-70B-Instruct,look_at_obj_in_light-CD-None-DeskLamp-314/trial_T20190907_114323_767231,27,1,0
alfworld,Llama-3.3-70B-Instruct,look_at_obj_in_light-CD-None-DeskLamp-314/trial_T20190907_114323_767231,30,1,0
alfworld,Llama-3.3-70B-Instruct,look_at_obj_in_light-CD-None-DeskLamp-314/trial_T20190907_114323_767231,33,1,0
alfworld,Llama-3.3-70B-Instruct,look_at_obj_in_light-CD-None-DeskLamp-314/trial_T20190907_114323_767231,34,1,0
alfworld,Llama-3.3-70B-Instruct,look_at_obj_in_light-CD-None-DeskLamp-314/trial_T20190907_114323_767231,48,1,0
alfworld,Llama-3.3-70B-Instruct,look_at_obj_in_light-CD-None-DeskLamp-314/trial_T20190907_114323_767231,49,1,0
alfworld,Llama-3.3-70B-Instruct,look_at_obj_in_light-CD-None-DeskLamp-320/trial_T20190907_224451_655673,4,0,1
alfworld,Llama-3.3-70B-Instruct,look_at_obj_in_light-CD-None-DeskLamp-320/trial_T20190907_224451_655673,7,1,0
alfworld,Llama-3.3-70B-Instruct,look_at_obj_in_light-CD-None-DeskLamp-320/trial_T20190907_224451_655673,12,1,0
alfworld,Llama-3.3-70B-Instruct,look_at_obj_in_light-CD-None-DeskLamp-320/trial_T20190907_224451_655673,20,1,0
alfworld,Llama-3.3-70B-Instruct,look_at_obj_in_light-CD-None-DeskLamp-320/trial_T20190907_224451_655673,26,1,0
alfworld,Llama-3.3-70B-Instruct,look_at_obj_in_light-CD-None-DeskLamp-320/trial_T20190907_224451_655673,32,1,0
alfworld,Llama-3.3-70B-Instruct,look_at_obj_in_light-CD-None-DeskLamp-320/trial_T20190907_224451_655673,36,0,1
alfworld,Llama-3.3-70B-Instruct,look_at_obj_in_light-CD-None-DeskLamp-320/trial_T20190907_224451_655673,39,1,0
alfworld,Llama-3.3-70B-Instruct,look_at_obj_in_light-CD-None-DeskLamp-320/trial_T20190907_224451_655673,46,1,0
alfworld,Llama-3.3-70B-Instruct,look_at_obj_in_light-CD-None-DeskLamp-320/trial_T20190907_224451_655673,49,1,0
alfworld,Llama-3.3-70B-Instruct,look_at_obj_in_light-KeyChain-None-DeskLamp-327/trial_T20190906_202601_548273,4,1,0
alfworld,Llama-3.3-70B-Instruct,look_at_obj_in_light-KeyChain-None-DeskLamp-327/trial_T20190906_202601_548273,8,1,0
alfworld,Llama-3.3-70B-Instruct,look_at_obj_in_light-KeyChain-None-DeskLamp-327/trial_T20190906_202601_548273,14,1,0
alfworld,Llama-3.3-70B-Instruct,look_at_obj_in_light-KeyChain-None-DeskLamp-327/trial_T20190906_202601_548273,25,0,1
alfworld,Llama-3.3-70B-Instruct,look_at_obj_in_light-KeyChain-None-DeskLamp-327/trial_T20190906_202601_548273,44,1,0
alfworld,Llama-3.3-70B-Instruct,look_at_obj_in_light-KeyChain-None-DeskLamp-327/trial_T20190906_202601_548273,47,1,0
alfworld,Llama-3.3-70B-Instruct,look_at_obj_in_light-KeyChain-None-DeskLamp-327/trial_T20190906_202601_548273,48,1,1
alfworld,Llama-3.3-70B-Instruct,look_at_obj_in_light-Laptop-None-DeskLamp-328/trial_T20190908_201550_622420,6,1,0
alfworld,Llama-3.3-70B-Instruct,look_at_obj_in_light-Laptop-None-DeskLamp-328/trial_T20190908_201550_622420,8,0,1
alfworld,Llama-3.3-70B-Instruct,look_at_obj_in_light-Pillow-None-DeskLamp-302/trial_T20190909_150916_682139,8,1,0
alfworld,Llama-3.3-70B-Instruct,look_at_obj_in_light-Pillow-None-DeskLamp-302/trial_T20190909_150916_682139,19,0,1
alfworld,Llama-3.3-70B-Instruct,look_at_obj_in_light-Pillow-None-DeskLamp-302/trial_T20190909_150916_682139,24,1,0
alfworld,Llama-3.3-70B-Instruct,look_at_obj_in_light-Pillow-None-DeskLamp-302/trial_T20190909_150916_682139,38,1,0
alfworld,Llama-3.3-70B-Instruct,look_at_obj_in_light-Pillow-None-DeskLamp-302/trial_T20190909_150916_682139,41,1,0
alfworld,Llama-3.3-70B-Instruct,look_at_obj_in_light-Pillow-None-DeskLamp-323/trial_T20190908_053153_077977,3,1,0
alfworld,Llama-3.3-70B-Instruct,look_at_obj_in_light-Pillow-None-DeskLamp-323/trial_T20190908_053153_077977,7,0,1
alfworld,Llama-3.3-70B-Instruct,look_at_obj_in_light-Pillow-None-DeskLamp-323/trial_T20190908_053153_077977,19,1,0
alfworld,Llama-3.3-70B-Instruct,look_at_obj_in_light-Pillow-None-DeskLamp-323/trial_T20190908_053153_077977,25,1,0
alfworld,Llama-3.3-70B-Instruct,look_at_obj_in_light-Pillow-None-DeskLamp-323/trial_T20190908_053153_077977,34,1,0
alfworld,Llama-3.3-70B-Instruct,look_at_obj_in_light-Pillow-None-DeskLamp-323/trial_T20190908_053153_077977,35,1,0
alfworld,Llama-3.3-70B-Instruct,look_at_obj_in_light-Pillow-None-DeskLamp-323/trial_T20190908_053153_077977,49,1,0
alfworld,Llama-3.3-70B-Instruct,look_at_obj_in_light-Statue-None-DeskLamp-216/trial_T20190909_193045_208933,3,1,0
alfworld,Llama-3.3-70B-Instruct,look_at_obj_in_light-Vase-None-DeskLamp-303/trial_T20190907_150418_457594,4,1,1
alfworld,Llama-3.3-70B-Instruct,look_at_obj_in_light-Vase-None-DeskLamp-303/trial_T20190907_150418_457594,10,1,0
alfworld,Llama-3.3-70B-Instruct,look_at_obj_in_light-Vase-None-DeskLamp-303/trial_T20190907_150418_457594,24,1,0
alfworld,Llama-3.3-70B-Instruct,look_at_obj_in_light-Vase-None-DeskLamp-303/trial_T20190907_150418_457594,27,1,0
alfworld,Llama-3.3-70B-Instruct,pick_and_place_simple-Book-None-SideTable-329/trial_T20190908_050633_745514,9,0,1
alfworld,Llama-3.3-70B-Instruct,pick_and_place_simple-Book-None-SideTable-329/trial_T20190908_050633_745514,11,0,1
alfworld,Llama-3.3-70B-Instruct,pick_and_place_simple-Book-None-SideTable-329/trial_T20190908_050633_745514,12,1,0
alfworld,Llama-3.3-70B-Instruct,pick_and_place_simple-Book-None-SideTable-329/trial_T20190908_050633_745514,14,1,0
alfworld,Llama-3.3-70B-Instruct,pick_and_place_simple-Book-None-SideTable-329/trial_T20190908_050633_745514,21,0,1
alfworld,Llama-3.3-70B-Instruct,pick_and_place_simple-Book-None-SideTable-329/trial_T20190908_050633_745514,22,1,0
alfworld,Llama-3.3-70B-Instruct,pick_and_place_simple-Book-None-SideTable-329/trial_T20190908_050633_745514,27,1,0
alfworld,Llama-3.3-70B-Instruct,pick_and_place_simple-Book-None-SideTable-329/trial_T20190908_050633_745514,30,0,1
alfworld,Llama-3.3-70B-Instruct,pick_and_place_simple-Book-None-SideTable-329/trial_T20190908_050633_745514,33,0,1
alfworld,Llama-3.3-70B-Instruct,pick_and_place_simple-Book-None-Sofa-229/trial_T20190907_042856_259139,1,1,0
alfworld,Llama-3.3-70B-Instruct,pick_and_place_simple-Book-None-Sofa-229/trial_T20190907_042856_259139,14,1,0
alfworld,Llama-3.3-70B-Instruct,pick_and_place_simple-Book-None-Sofa-229/trial_T20190907_042856_259139,17,1,1
alfworld,Llama-3.3-70B-Instruct,pick_and_place_simple-Book-None-Sofa-229/trial_T20190907_042856_259139,24,1,0
alfworld,Llama-3.3-70B-Instruct,pick_and_place_simple-Box-None-Dresser-224/trial_T20190907_164104_229696,2,1,0
alfworld,Llama-3.3-70B-Instruct,pick_and_place_simple-Box-None-Dresser-224/trial_T20190907_164104_229696,3,1,0
alfworld,Llama-3.3-70B-Instruct,pick_and_place_simple-Box-None-Dresser-224/trial_T20190907_164104_229696,8,0,1
alfworld,Llama-3.3-70B-Instruct,pick_and_place_simple-Box-None-Dresser-224/trial_T20190907_164104_229696,18,1,0
alfworld,Llama-3.3-70B-Instruct,pick_and_place_simple-Box-None-Dresser-224/trial_T20190907_164104_229696,19,0,1
alfworld,Llama-3.3-70B-Instruct,pick_and_place_simple-Box-None-Dresser-224/trial_T20190907_164104_229696,34,0,1
alfworld,Llama-3.3-70B-Instruct,pick_and_place_simple-Box-None-Dresser-224/trial_T20190907_164104_229696,36,1,0
alfworld,Llama-3.3-70B-Instruct,pick_and_place_simple-Candle-None-Cart-401/trial_T20190909_081908_677973,18,1,0
alfworld,Llama-3.3-70B-Instruct,pick_and_place_simple-Candle-None-Toilet-407/trial_T20190909_055248_059513,2,1,0
alfworld,Llama-3.3-70B-Instruct,pick_and_place_simple-Candle-None-Toilet-407/trial_T20190909_055248_059513,4,0,1
alfworld,Llama-3.3-70B-Instruct,pick_and_place_simple-Candle-None-Toilet-407/trial_T20190909_055248_059513,7,1,0
alfworld,Llama-3.3-70B-Instruct,pick_and_place_simple-Candle-None-Toilet-407/trial_T20190909_055248_059513,14,1,0
alfworld,Llama-3.3-70B-Instruct,pick_and_place_simple-Candle-None-Toilet-407/trial_T20190909_055248_059513,19,1,0
alfworld,Llama-3.3-70B-Instruct,pick_and_place_simple-Candle-None-Toilet-407/trial_T20190909_055248_059513,20,1,0
alfworld,Llama-3.3-70B-Instruct,pick_and_place_simple-Candle-None-Toilet-429/trial_T20190908_052232_887934,2,1,0
alfworld,Llama-3.3-70B-Instruct,pick_and_place_simple-CellPhone-None-ArmChair-318/trial_T20190909_120047_968274,3,0,1
alfworld,Llama-3.3-70B-Instruct,pick_and_place_simple-CellPhone-None-ArmChair-318/trial_T20190909_120047_968274,6,1,0
alfworld,Llama-3.3-70B-Instruct,pick_and_place_simple-CellPhone-None-ArmChair-318/trial_T20190909_120047_968274,12,1,0
alfworld,Llama-3.3-70B-Instruct,pick_and_place_simple-CellPhone-None-ArmChair-318/trial_T20190909_120047_968274,25,1,0
alfworld,Llama-3.3-70B-Instruct,pick_and_place_simple-CellPhone-None-ArmChair-318/trial_T20190909_120047_968274,29,1,0
alfworld,Llama-3.3-70B-Instruct,pick_and_place_simple-CellPhone-None-ArmChair-318/trial_T20190909_120047_968274,31,1,0
alfworld,Llama-3.3-70B-Instruct,pick_and_place_simple-CellPhone-None-ArmChair-318/trial_T20190909_120047_968274,36,0,1
alfworld,Llama-3.3-70B-Instruct,pick_and_place_simple-CellPhone-None-ArmChair-318/trial_T20190909_120047_968274,37,1,0
alfworld,Llama-3.3-70B-Instruct,pick_and_place_simple-CellPhone-None-Bed-324/trial_T20190907_233817_198528,12,1,0
alfworld,Llama-3.3-70B-Instruct,pick_and_place_simple-CellPhone-None-Bed-324/trial_T20190907_233817_198528,14,1,0
alfworld,Llama-3.3-70B-Instruct,pick_and_place_simple-CellPhone-None-Bed-324/trial_T20190907_233817_198528,19,0,1
alfworld,Llama-3.3-70B-Instruct,pick_and_place_simple-CreditCard-None-Drawer-227/trial_T20190909_010644_297017,1,1,0
alfworld,Llama-3.3-70B-Instruct,pick_and_place_simple-CreditCard-None-Drawer-227/trial_T20190909_010644_297017,2,1,0
alfworld,Llama-3.3-70B-Instruct,pick_and_place_simple-CreditCard-None-Drawer-227/trial_T20190909_010644_297017,3,1,0
alfworld,Llama-3.3-70B-Instruct,pick_and_place_simple-CreditCard-None-Drawer-227/trial_T20190909_010644_297017,5,1,0
alfworld,Llama-3.3-70B-Instruct,pick_and_place_simple-CreditCard-None-Drawer-227/trial_T20190909_010644_297017,9,0,1
alfworld,Llama-3.3-70B-Instruct,pick_and_place_simple-CreditCard-None-Drawer-227/trial_T20190909_010644_297017,15,0,1
alfworld,Llama-3.3-70B-Instruct,pick_and_place_simple-CreditCard-None-Drawer-227/trial_T20190909_010644_297017,16,1,0
alfworld,Llama-3.3-70B-Instruct,pick_and_place_simple-CreditCard-None-Drawer-227/trial_T20190909_010644_297017,17,1,0
alfworld,Llama-3.3-70B-Instruct,pick_and_place_simple-Egg-None-Microwave-4/trial_T20190906_234406_356490,10,0,1
alfworld,Llama-3.3-70B-Instruct,pick_and_place_simple-Egg-None-Microwave-4/trial_T20190906_234406_356490,14,1,0
alfworld,Llama-3.3-70B-Instruct,pick_and_place_simple-Egg-None-Microwave-4/trial_T20190906_234406_356490,23,1,0
alfworld,Llama-3.3-70B-Instruct,pick_and_place_simple-Egg-None-Microwave-4/trial_T20190906_234406_356490,25,1,0
alfworld,Llama-3.3-70B-Instruct,pick_and_place_simple-Egg-None-Microwave-4/trial_T20190906_234406_356490,26,1,0
alfworld,Llama-3.3-70B-Instruct,pick_and_place_simple-Egg-None-Microwave-4/trial_T20190906_234406_356490,29,1,0
alfworld,Llama-3.3-70B-Instruct,pick_and_place_simple-Egg-None-Microwave-4/trial_T20190906_234406_356490,38,1,0
alfworld,Llama-3.3-70B-Instruct,pick_and_place_simple-Egg-None-Microwave-4/trial_T20190906_234406_356490,44,1,0
alfworld,Llama-3.3-70B-Instruct,pick_and_place_simple-Knife-None-SideTable-3/trial_T20190918_184236_557252,7,1,0
alfworld,Llama-3.3-70B-Instruct,pick_and_place_simple-Knife-None-SideTable-3/trial_T20190918_184236_557252,8,0,1
alfworld,Llama-3.3-70B-Instruct,pick_and_place_simple-Knife-None-SideTable-3/trial_T20190918_184236_557252,15,1,0
alfworld,Llama-3.3-70B-Instruct,pick_and_place_simple-Knife-None-SideTable-3/trial_T20190918_184236_557252,16,0,1
alfworld,Llama-3.3-70B-Instruct,pick_and_place_simple-Knife-None-SideTable-3/trial_T20190918_184236_557252,19,1,0
alfworld,Llama-3.3-70B-Instruct,pick_and_place_simple-Mug-None-Dresser-311/trial_T20190909_152837_739016,3,1,0
alfworld,Llama-3.3-70B-Instruct,pick_and_place_simple-Mug-None-SideTable-329/trial_T20190909_032318_169393,4,1,0
alfworld,Llama-3.3-70B-Instruct,pick_and_place_simple-Mug-None-SideTable-329/trial_T20190909_032340_274147,1,1,0
alfworld,Llama-3.3-70B-Instruct,pick_and_place_simple-Mug-None-SideTable-329/trial_T20190909_032340_274147,3,1,0
alfworld,Llama-3.3-70B-Instruct,pick_and_place_simple-Newspaper-None-Sofa-224/trial_T20190909_111324_949106,13,1,0
alfworld,Llama-3.3-70B-Instruct,pick_and_place_simple-Newspaper-None-Sofa-224/trial_T20190909_111324_949106,17,1,0
alfworld,Llama-3.3-70B-Instruct,pick_and_place_simple-Pencil-None-Desk-310/trial_T20190909_113054_894334,1,1,0
alfworld,Llama-3.3-70B-Instruct,pick_and_place_simple-Pencil-None-Desk-310/trial_T20190909_113054_894334,8,1,1
alfworld,Llama-3.3-70B-Instruct,pick_and_place_simple-Pencil-None-Dresser-330/trial_T20190909_071128_012892,1,1,0
alfworld,Llama-3.3-70B-Instruct,pick_and_place_simple-Pencil-None-Dresser-330/trial_T20190909_071128_012892,2,1,1
alfworld,Llama-3.3-70B-Instruct,pick_and_place_simple-Pencil-None-Dresser-330/trial_T20190909_071128_012892,19,1,0
alfworld,Llama-3.3-70B-Instruct,pick_and_place_simple-Pencil-None-Dresser-330/trial_T20190909_071128_012892,23,1,0
alfworld,Llama-3.3-70B-Instruct,pick_and_place_simple-RemoteControl-None-Sofa-207/trial_T20190909_153609_373481,2,0,1
alfworld,Llama-3.3-70B-Instruct,pick_and_place_simple-RemoteControl-None-Sofa-207/trial_T20190909_153609_373481,4,1,0
alfworld,Llama-3.3-70B-Instruct,pick_and_place_simple-SoapBar-None-Cart-401/trial_T20190907_054906_608944,2,1,0
alfworld,Llama-3.3-70B-Instruct,pick_and_place_simple-SoapBar-None-Cart-401/trial_T20190907_054906_608944,4,1,0
alfworld,Llama-3.3-70B-Instruct,pick_and_place_simple-SoapBar-None-Cart-401/trial_T20190907_054906_608944,6,1,0
alfworld,Llama-3.3-70B-Instruct,pick_and_place_simple-SoapBar-None-Cart-401/trial_T20190907_054906_608944,8,1,0
alfworld,Llama-3.3-70B-Instruct,pick_and_place_simple-SoapBottle-None-CounterTop-417/trial_T20190910_112922_368384,5,1,0
alfworld,Llama-3.3-70B-Instruct,pick_and_place_simple-SoapBottle-None-CounterTop-417/trial_T20190910_112922_368384,6,0,1
alfworld,Llama-3.3-70B-Instruct,pick_and_place_simple-SoapBottle-None-CounterTop-417/trial_T20190910_112922_368384,12,0,1
alfworld,Llama-3.3-70B-Instruct,pick_and_place_simple-SprayBottle-None-Cabinet-413/trial_T20190907_114931_692464,4,0,1
alfworld,Llama-3.3-70B-Instruct,pick_and_place_simple-SprayBottle-None-Cabinet-413/trial_T20190907_114931_692464,18,0,1
alfworld,Llama-3.3-70B-Instruct,pick_and_place_simple-SprayBottle-None-Cabinet-413/trial_T20190907_114931_692464,24,1,0
alfworld,Llama-3.3-70B-Instruct,pick_and_place_simple-SprayBottle-None-Cabinet-413/trial_T20190907_114931_692464,33,1,0
alfworld,Llama-3.3-70B-Instruct,pick_and_place_simple-SprayBottle-None-Cabinet-413/trial_T20190907_114931_692464,47,1,0
alfworld,Llama-3.3-70B-Instruct,pick_and_place_simple-SprayBottle-None-Toilet-415/trial_T20190909_075955_678702,2,1,0
alfworld,Llama-3.3-70B-Instruct,pick_and_place_simple-SprayBottle-None-Toilet-415/trial_T20190909_075955_678702,4,1,0
alfworld,Llama-3.3-70B-Instruct,pick_and_place_simple-TissueBox-None-Toilet-426/trial_T20190910_155319_795672,1,1,0
alfworld,Llama-3.3-70B-Instruct,pick_and_place_simple-ToiletPaper-None-ToiletPaperHanger-406/trial_T20190908_122858_883968,3,0,1
alfworld,Llama-3.3-70B-Instruct,pick_and_place_simple-ToiletPaper-None-ToiletPaperHanger-406/trial_T20190908_122858_883968,4,1,0
alfworld,Llama-3.3-70B-Instruct,pick_and_place_simple-Vase-None-CoffeeTable-207/trial_T20190909_091246_807206,1,1,0
alfworld,Llama-3.3-70B-Instruct,pick_and_place_simple-Vase-None-CoffeeTable-207/trial_T20190909_091246_807206,3,1,0
alfworld,Llama-3.3-70B-Instruct,pick_and_place_simple-Watch-None-SideTable-222/trial_T20190909_051813_197569,2,1,0
alfworld,Llama-3.3-70B-Instruct,pick_and_place_simple-Watch-None-SideTable-222/trial_T20190909_051813_197569,14,1,0
alfworld,Llama-3.3-70B-Instruct,pick_and_place_simple-Watch-None-SideTable-222/trial_T20190909_051813_197569,17,1,0
alfworld,Llama-3.3-70B-Instruct,pick_and_place_simple-Watch-None-SideTable-222/trial_T20190909_051813_197569,24,0,1
alfworld,Llama-3.3-70B-Instruct,pick_and_place_simple-Watch-None-SideTable-222/trial_T20190909_051813_197569,40,1,0
alfworld,Llama-3.3-70B-Instruct,pick_and_place_simple-Watch-None-SideTable-222/trial_T20190909_051813_197569,41,0,1
alfworld,Llama-3.3-70B-Instruct,pick_and_place_simple-Watch-None-SideTable-222/trial_T20190909_051813_197569,44,1,0
alfworld,Llama-3.3-70B-Instruct,pick_and_place_simple-WineBottle-None-Shelf-7/trial_T20190907_200154_378982,10,1,0
alfworld,Llama-3.3-70B-Instruct,pick_and_place_simple-WineBottle-None-Shelf-7/trial_T20190907_200154_378982,11,1,0
alfworld,Llama-3.3-70B-Instruct,pick_and_place_simple-WineBottle-None-Shelf-7/trial_T20190907_200154_378982,23,1,0
alfworld,Llama-3.3-70B-Instruct,pick_and_place_simple-WineBottle-None-Shelf-7/trial_T20190907_200154_378982,32,1,0
alfworld,Llama-3.3-70B-Instruct,pick_and_place_simple-WineBottle-None-Shelf-7/trial_T20190907_200154_378982,33,1,0
alfworld,Llama-3.3-70B-Instruct,pick_and_place_simple-WineBottle-None-Shelf-7/trial_T20190907_200154_378982,34,1,0
alfworld,Llama-3.3-70B-Instruct,pick_and_place_simple-WineBottle-None-Shelf-7/trial_T20190907_200154_378982,35,0,1
alfworld,Llama-3.3-70B-Instruct,pick_and_place_simple-WineBottle-None-Shelf-7/trial_T20190907_200154_378982,37,1,0
alfworld,Llama-3.3-70B-Instruct,pick_and_place_simple-WineBottle-None-Shelf-7/trial_T20190907_200154_378982,41,1,1
alfworld,Llama-3.3-70B-Instruct,pick_and_place_simple-WineBottle-None-Shelf-7/trial_T20190907_200154_378982,42,1,0
alfworld,Llama-3.3-70B-Instruct,pick_and_place_simple-WineBottle-None-Shelf-7/trial_T20190907_200154_378982,43,1,0
alfworld,Llama-3.3-70B-Instruct,pick_clean_then_place_in_recep-ButterKnife-None-CounterTop-8/trial_T20190909_105559_983897,6,1,0
alfworld,Llama-3.3-70B-Instruct,pick_clean_then_place_in_recep-ButterKnife-None-CounterTop-8/trial_T20190909_105559_983897,11,0,1
alfworld,Llama-3.3-70B-Instruct,pick_clean_then_place_in_recep-ButterKnife-None-CounterTop-8/trial_T20190909_105559_983897,36,1,0
alfworld,Llama-3.3-70B-Instruct,pick_clean_then_place_in_recep-ButterKnife-None-CounterTop-8/trial_T20190909_105559_983897,38,1,0
alfworld,Llama-3.3-70B-Instruct,pick_clean_then_place_in_recep-ButterKnife-None-CounterTop-8/trial_T20190909_105559_983897,43,0,1
alfworld,Llama-3.3-70B-Instruct,pick_clean_then_place_in_recep-ButterKnife-None-DiningTable-16/trial_T20190909_114508_617301,4,1,0
alfworld,Llama-3.3-70B-Instruct,pick_clean_then_place_in_recep-ButterKnife-None-DiningTable-16/trial_T20190909_114508_617301,18,1,0
alfworld,Llama-3.3-70B-Instruct,pick_clean_then_place_in_recep-ButterKnife-None-DiningTable-16/trial_T20190909_114508_617301,25,1,0
alfworld,Llama-3.3-70B-Instruct,pick_clean_then_place_in_recep-ButterKnife-None-DiningTable-16/trial_T20190909_114508_617301,27,1,0
alfworld,Llama-3.3-70B-Instruct,pick_clean_then_place_in_recep-ButterKnife-None-DiningTable-16/trial_T20190909_114508_617301,33,1,0
alfworld,Llama-3.3-70B-Instruct,pick_clean_then_place_in_recep-ButterKnife-None-DiningTable-16/trial_T20190909_114508_617301,42,1,0
alfworld,Llama-3.3-70B-Instruct,pick_clean_then_place_in_recep-ButterKnife-None-DiningTable-16/trial_T20190909_114508_617301,47,1,0
alfworld,Llama-3.3-70B-Instruct,pick_clean_then_place_in_recep-ButterKnife-None-Drawer-2/trial_T20190908_121728_511866,9,1,0
alfworld,Llama-3.3-70B-Instruct,pick_clean_then_place_in_recep-ButterKnife-None-Drawer-2/trial_T20190908_121728_511866,12,0,1
alfworld,Llama-3.3-70B-Instruct,pick_clean_then_place_in_recep-ButterKnife-None-Drawer-2/trial_T20190908_121728_511866,13,1,0
alfworld,Llama-3.3-70B-Instruct,pick_clean_then_place_in_recep-ButterKnife-None-Drawer-2/trial_T20190908_121728_511866,15,0,1
alfworld,Llama-3.3-70B-Instruct,pick_clean_then_place_in_recep-ButterKnife-None-Drawer-2/trial_T20190908_121728_511866,20,0,1
alfworld,Llama-3.3-70B-Instruct,pick_clean_then_place_in_recep-ButterKnife-None-Drawer-30/trial_T20190908_052007_212776,10,1,0
alfworld,Llama-3.3-70B-Instruct,pick_clean_then_place_in_recep-ButterKnife-None-Drawer-30/trial_T20190908_052007_212776,11,1,1
alfworld,Llama-3.3-70B-Instruct,pick_clean_then_place_in_recep-ButterKnife-None-Drawer-30/trial_T20190908_052007_212776,26,1,0
alfworld,Llama-3.3-70B-Instruct,pick_clean_then_place_in_recep-ButterKnife-None-Drawer-30/trial_T20190908_052007_212776,29,1,0
alfworld,Llama-3.3-70B-Instruct,pick_clean_then_place_in_recep-ButterKnife-None-Drawer-30/trial_T20190908_052007_212776,36,0,1
alfworld,Llama-3.3-70B-Instruct,pick_clean_then_place_in_recep-ButterKnife-None-Drawer-30/trial_T20190908_052007_212776,38,1,0
alfworld,Llama-3.3-70B-Instruct,pick_clean_then_place_in_recep-ButterKnife-None-Drawer-30/trial_T20190908_052007_212776,43,0,1
alfworld,Llama-3.3-70B-Instruct,pick_clean_then_place_in_recep-ButterKnife-None-Drawer-8/trial_T20190909_124425_112757,8,0,1
alfworld,Llama-3.3-70B-Instruct,pick_clean_then_place_in_recep-ButterKnife-None-Drawer-8/trial_T20190909_124425_112757,13,0,1
alfworld,Llama-3.3-70B-Instruct,pick_clean_then_place_in_recep-Cloth-None-Cabinet-405/trial_T20190907_080903_889497,8,1,0
alfworld,Llama-3.3-70B-Instruct,pick_clean_then_place_in_recep-Cloth-None-Cabinet-405/trial_T20190907_080903_889497,10,1,1
alfworld,Llama-3.3-70B-Instruct,pick_clean_then_place_in_recep-Cloth-None-Cabinet-405/trial_T20190907_080903_889497,17,1,0
alfworld,Llama-3.3-70B-Instruct,pick_clean_then_place_in_recep-Cloth-None-Cabinet-405/trial_T20190907_080903_889497,23,1,0
alfworld,Llama-3.3-70B-Instruct,pick_clean_then_place_in_recep-Cloth-None-Cabinet-405/trial_T20190907_080903_889497,24,1,0
alfworld,Llama-3.3-70B-Instruct,pick_clean_then_place_in_recep-Cloth-None-Cabinet-405/trial_T20190907_080903_889497,33,1,0
alfworld,Llama-3.3-70B-Instruct,pick_clean_then_place_in_recep-Cloth-None-Cabinet-405/trial_T20190907_080903_889497,36,0,1
alfworld,Llama-3.3-70B-Instruct,pick_clean_then_place_in_recep-Cloth-None-Cabinet-405/trial_T20190907_080903_889497,38,1,0
alfworld,Llama-3.3-70B-Instruct,pick_clean_then_place_in_recep-Cloth-None-Cabinet-405/trial_T20190907_080903_889497,39,1,0
alfworld,Llama-3.3-70B-Instruct,pick_clean_then_place_in_recep-Cloth-None-Cabinet-405/trial_T20190907_080903_889497,42,1,0
alfworld,Llama-3.3-70B-Instruct,pick_clean_then_place_in_recep-Cloth-None-Cabinet-405/trial_T20190907_080903_889497,43,1,0
alfworld,Llama-3.3-70B-Instruct,pick_clean_then_place_in_recep-Cloth-None-Drawer-423/trial_T20190908_140701_251653,1,1,0
alfworld,Llama-3.3-70B-Instruct,pick_clean_then_place_in_recep-Cloth-None-Drawer-423/trial_T20190908_140701_251653,6,1,0
alfworld,Llama-3.3-70B-Instruct,pick_clean_then_place_in_recep-Cloth-None-Drawer-423/trial_T20190908_140701_251653,27,1,0
alfworld,Llama-3.3-70B-Instruct,pick_clean_then_place_in_recep-Cloth-None-Drawer-423/trial_T20190908_140701_251653,32,1,0
alfworld,Llama-3.3-70B-Instruct,pick_clean_then_place_in_recep-Cloth-None-Drawer-423/trial_T20190908_140701_251653,35,0,1
alfworld,Llama-3.3-70B-Instruct,pick_clean_then_place_in_recep-Cloth-None-Drawer-423/trial_T20190908_140701_251653,39,0,1
alfworld,Llama-3.3-70B-Instruct,pick_clean_then_place_in_recep-DishSponge-None-Cart-401/trial_T20190907_024634_972453,4,0,1
alfworld,Llama-3.3-70B-Instruct,pick_clean_then_place_in_recep-DishSponge-None-Cart-401/trial_T20190907_024634_972453,17,1,0
alfworld,Llama-3.3-70B-Instruct,pick_clean_then_place_in_recep-DishSponge-None-Cart-401/trial_T20190907_024634_972453,23,0,1
alfworld,Llama-3.3-70B-Instruct,pick_clean_then_place_in_recep-DishSponge-None-Cart-401/trial_T20190907_024634_972453,25,1,0
alfworld,Llama-3.3-70B-Instruct,pick_clean_then_place_in_recep-DishSponge-None-Cart-401/trial_T20190907_024634_972453,28,1,0
alfworld,Llama-3.3-70B-Instruct,pick_clean_then_place_in_recep-DishSponge-None-Cart-401/trial_T20190907_024634_972453,32,1,0
alfworld,Llama-3.3-70B-Instruct,pick_clean_then_place_in_recep-DishSponge-None-Cart-401/trial_T20190907_024634_972453,46,1,0
alfworld,Llama-3.3-70B-Instruct,pick_clean_then_place_in_recep-DishSponge-None-CounterTop-403/trial_T20190908_144357_621068,10,1,0
alfworld,Llama-3.3-70B-Instruct,pick_clean_then_place_in_recep-DishSponge-None-CounterTop-403/trial_T20190908_144357_621068,11,0,1
alfworld,Llama-3.3-70B-Instruct,pick_clean_then_place_in_recep-DishSponge-None-CounterTop-403/trial_T20190908_144357_621068,20,1,0
alfworld,Llama-3.3-70B-Instruct,pick_clean_then_place_in_recep-DishSponge-None-CounterTop-403/trial_T20190908_144357_621068,22,1,0
alfworld,Llama-3.3-70B-Instruct,pick_clean_then_place_in_recep-DishSponge-None-CounterTop-403/trial_T20190908_144357_621068,27,1,0
alfworld,Llama-3.3-70B-Instruct,pick_clean_then_place_in_recep-DishSponge-None-CounterTop-403/trial_T20190908_144357_621068,31,1,0
alfworld,Llama-3.3-70B-Instruct,pick_clean_then_place_in_recep-DishSponge-None-CounterTop-403/trial_T20190908_144357_621068,40,0,1
alfworld,Llama-3.3-70B-Instruct,pick_clean_then_place_in_recep-DishSponge-None-CounterTop-403/trial_T20190908_144357_621068,42,1,0
alfworld,Llama-3.3-70B-Instruct,pick_clean_then_place_in_recep-DishSponge-None-CounterTop-403/trial_T20190908_144357_621068,44,1,0
alfworld,Llama-3.3-70B-Instruct,pick_clean_then_place_in_recep-DishSponge-None-CounterTop-403/trial_T20190908_144357_621068,45,0,1
alfworld,Llama-3.3-70B-Instruct,pick_clean_then_place_in_recep-DishSponge-None-CounterTop-403/trial_T20190908_144357_621068,46,1,0
alfworld,Llama-3.3-70B-Instruct,pick_clean_then_place_in_recep-DishSponge-None-CounterTop-403/trial_T20190908_144357_621068,47,1,1
alfworld,Llama-3.3-70B-Instruct,pick_clean_then_place_in_recep-Fork-None-CounterTop-23/trial_T20190908_233922_171295,22,1,0
alfworld,Llama-3.3-70B-Instruct,pick_clean_then_place_in_recep-Fork-None-CounterTop-23/trial_T20190908_233922_171295,26,1,0
alfworld,Llama-3.3-70B-Instruct,pick_clean_then_place_in_recep-Fork-None-CounterTop-23/trial_T20190908_233922_171295,32,1,0
alfworld,Llama-3.3-70B-Instruct,pick_clean_then_place_in_recep-Fork-None-CounterTop-23/trial_T20190908_233922_171295,33,1,0
alfworld,Llama-3.3-70B-Instruct,pick_clean_then_place_in_recep-Fork-None-Drawer-8/trial_T20190908_132152_999725,16,0,1
alfworld,Llama-3.3-70B-Instruct,pick_clean_then_place_in_recep-Ladle-None-CounterTop-14/trial_T20190909_113844_191747,1,1,0
alfworld,Llama-3.3-70B-Instruct,pick_clean_then_place_in_recep-Ladle-None-CounterTop-14/trial_T20190909_113844_191747,6,0,1
alfworld,Llama-3.3-70B-Instruct,pick_clean_then_place_in_recep-Ladle-None-CounterTop-14/trial_T20190909_113844_191747,13,1,0
alfworld,Llama-3.3-70B-Instruct,pick_clean_then_place_in_recep-Ladle-None-CounterTop-8/trial_T20190909_121908_219603,5,1,0
alfworld,Llama-3.3-70B-Instruct,pick_clean_then_place_in_recep-Ladle-None-CounterTop-8/trial_T20190909_121908_219603,7,0,1
alfworld,Llama-3.3-70B-Instruct,pick_clean_then_place_in_recep-Ladle-None-CounterTop-8/trial_T20190909_121908_219603,19,1,0
alfworld,Llama-3.3-70B-Instruct,pick_clean_then_place_in_recep-Ladle-None-CounterTop-8/trial_T20190909_121908_219603,23,1,0
alfworld,Llama-3.3-70B-Instruct,pick_clean_then_place_in_recep-Ladle-None-CounterTop-8/trial_T20190909_121908_219603,24,1,0
alfworld,Llama-3.3-70B-Instruct,pick_clean_then_place_in_recep-Ladle-None-DiningTable-16/trial_T20190909_183724_205399,13,1,0
alfworld,Llama-3.3-70B-Instruct,pick_clean_then_place_in_recep-Ladle-None-DiningTable-16/trial_T20190909_183724_205399,15,1,0
alfworld,Llama-3.3-70B-Instruct,pick_clean_then_place_in_recep-Ladle-None-DiningTable-16/trial_T20190909_183724_205399,16,0,1
alfworld,Llama-3.3-70B-Instruct,pick_clean_then_place_in_recep-Ladle-None-DiningTable-16/trial_T20190909_183724_205399,19,1,0
alfworld,Llama-3.3-70B-Instruct,pick_clean_then_place_in_recep-Ladle-None-DiningTable-16/trial_T20190909_183724_205399,32,1,0
alfworld,Llama-3.3-70B-Instruct,pick_clean_then_place_in_recep-Ladle-None-DiningTable-16/trial_T20190909_183724_205399,40,1,0
alfworld,Llama-3.3-70B-Instruct,pick_clean_then_place_in_recep-Ladle-None-DiningTable-16/trial_T20190909_183724_205399,41,1,0
alfworld,Llama-3.3-70B-Instruct,pick_clean_then_place_in_recep-Ladle-None-DiningTable-16/trial_T20190909_183724_205399,45,0,1
alfworld,Llama-3.3-70B-Instruct,pick_clean_then_place_in_recep-Ladle-None-DiningTable-27/trial_T20190911_131350_027076,2,1,1
alfworld,Llama-3.3-70B-Instruct,pick_clean_then_place_in_recep-Ladle-None-DiningTable-27/trial_T20190911_131350_027076,14,1,0
alfworld,Llama-3.3-70B-Instruct,pick_clean_then_place_in_recep-Ladle-None-DiningTable-27/trial_T20190911_131350_027076,26,1,0
alfworld,Llama-3.3-70B-Instruct,pick_clean_then_place_in_recep-Ladle-None-DiningTable-27/trial_T20190911_131350_027076,29,0,1
alfworld,Llama-3.3-70B-Instruct,pick_clean_then_place_in_recep-Ladle-None-DiningTable-27/trial_T20190911_131350_027076,31,1,0
alfworld,Llama-3.3-70B-Instruct,pick_clean_then_place_in_recep-Ladle-None-DiningTable-27/trial_T20190911_131350_027076,34,1,0
alfworld,Llama-3.3-70B-Instruct,pick_clean_then_place_in_recep-Ladle-None-DiningTable-4/trial_T20190909_164840_568811,4,1,0
alfworld,Llama-3.3-70B-Instruct,pick_clean_then_place_in_recep-Ladle-None-DiningTable-4/trial_T20190909_164840_568811,9,1,0
alfworld,Llama-3.3-70B-Instruct,pick_clean_then_place_in_recep-Ladle-None-DiningTable-4/trial_T20190909_164840_568811,11,1,0
alfworld,Llama-3.3-70B-Instruct,pick_clean_then_place_in_recep-Ladle-None-DiningTable-4/trial_T20190909_164840_568811,19,0,1
alfworld,Llama-3.3-70B-Instruct,pick_clean_then_place_in_recep-Lettuce-None-CounterTop-16/trial_T20190909_051630_092360,8,1,0
alfworld,Llama-3.3-70B-Instruct,pick_clean_then_place_in_recep-Lettuce-None-CounterTop-16/trial_T20190909_051630_092360,9,1,0
alfworld,Llama-3.3-70B-Instruct,pick_clean_then_place_in_recep-Lettuce-None-CounterTop-16/trial_T20190909_051630_092360,15,0,1
alfworld,Llama-3.3-70B-Instruct,pick_clean_then_place_in_recep-Lettuce-None-CounterTop-16/trial_T20190909_051630_092360,18,0,1
alfworld,Llama-3.3-70B-Instruct,pick_clean_then_place_in_recep-Lettuce-None-CounterTop-16/trial_T20190909_051630_092360,23,0,1
alfworld,Llama-3.3-70B-Instruct,pick_clean_then_place_in_recep-Lettuce-None-CounterTop-16/trial_T20190909_051630_092360,26,0,1
alfworld,Llama-3.3-70B-Instruct,pick_clean_then_place_in_recep-Lettuce-None-CounterTop-16/trial_T20190909_051630_092360,30,1,0
alfworld,Llama-3.3-70B-Instruct,pick_clean_then_place_in_recep-Lettuce-None-CounterTop-16/trial_T20190909_051630_092360,36,0,1
alfworld,Llama-3.3-70B-Instruct,pick_clean_then_place_in_recep-Lettuce-None-CounterTop-16/trial_T20190909_051630_092360,37,1,0
alfworld,Llama-3.3-70B-Instruct,pick_clean_then_place_in_recep-Lettuce-None-CounterTop-16/trial_T20190909_051630_092360,39,1,0
alfworld,Llama-3.3-70B-Instruct,pick_clean_then_place_in_recep-Lettuce-None-CounterTop-16/trial_T20190909_051630_092360,43,0,1
alfworld,Llama-3.3-70B-Instruct,pick_clean_then_place_in_recep-Lettuce-None-Fridge-19/trial_T20190908_100138_446072,2,1,0
alfworld,Llama-3.3-70B-Instruct,pick_clean_then_place_in_recep-Lettuce-None-Fridge-19/trial_T20190908_100138_446072,13,0,1
alfworld,Llama-3.3-70B-Instruct,pick_clean_then_place_in_recep-Mug-None-CoffeeMachine-26/trial_T20190907_233056_022802,2,1,0
alfworld,Llama-3.3-70B-Instruct,pick_clean_then_place_in_recep-Plate-None-CounterTop-19/trial_T20190908_212725_836398,2,0,1
alfworld,Llama-3.3-70B-Instruct,pick_clean_then_place_in_recep-Plate-None-CounterTop-19/trial_T20190908_212725_836398,5,1,0
alfworld,Llama-3.3-70B-Instruct,pick_clean_then_place_in_recep-Plate-None-CounterTop-19/trial_T20190908_212725_836398,9,1,0
alfworld,Llama-3.3-70B-Instruct,pick_clean_then_place_in_recep-Plate-None-CounterTop-19/trial_T20190908_212725_836398,13,1,0
alfworld,Llama-3.3-70B-Instruct,pick_clean_then_place_in_recep-Plate-None-CounterTop-19/trial_T20190908_212725_836398,14,1,0
alfworld,Llama-3.3-70B-Instruct,pick_clean_then_place_in_recep-Plate-None-CounterTop-19/trial_T20190908_212725_836398,22,1,0
alfworld,Llama-3.3-70B-Instruct,pick_clean_then_place_in_recep-Plate-None-CounterTop-19/trial_T20190908_212725_836398,26,0,1
alfworld,Llama-3.3-70B-Instruct,pick_clean_then_place_in_recep-Plate-None-CounterTop-19/trial_T20190908_212725_836398,29,0,1
alfworld,Llama-3.3-70B-Instruct,pick_clean_then_place_in_recep-Plate-None-CounterTop-19/trial_T20190908_212725_836398,31,1,0
alfworld,Llama-3.3-70B-Instruct,pick_clean_then_place_in_recep-Plate-None-CounterTop-19/trial_T20190908_212725_836398,32,0,1
alfworld,Llama-3.3-70B-Instruct,pick_clean_then_place_in_recep-Plate-None-CounterTop-19/trial_T20190908_212725_836398,37,1,0
alfworld,Llama-3.3-70B-Instruct,pick_clean_then_place_in_recep-Plate-None-CounterTop-19/trial_T20190908_212725_836398,39,1,1
alfworld,Llama-3.3-70B-Instruct,pick_clean_then_place_in_recep-Plate-None-Fridge-5/trial_T20190909_112854_740612,4,1,0
alfworld,Llama-3.3-70B-Instruct,pick_clean_then_place_in_recep-Plate-None-Fridge-5/trial_T20190909_112854_740612,5,1,1
alfworld,Llama-3.3-70B-Instruct,pick_clean_then_place_in_recep-Plate-None-Fridge-5/trial_T20190909_112854_740612,7,0,1
alfworld,Llama-3.3-70B-Instruct,pick_clean_then_place_in_recep-Plate-None-Fridge-5/trial_T20190909_112854_740612,8,0,1
alfworld,Llama-3.3-70B-Instruct,pick_clean_then_place_in_recep-Plate-None-Fridge-5/trial_T20190909_112854_740612,19,1,0
alfworld,Llama-3.3-70B-Instruct,pick_clean_then_place_in_recep-SoapBar-None-Cabinet-402/trial_T20190908_055221_984342,2,1,0
alfworld,Llama-3.3-70B-Instruct,pick_clean_then_place_in_recep-SoapBar-None-Cabinet-402/trial_T20190908_055221_984342,6,1,1
alfworld,Llama-3.3-70B-Instruct,pick_clean_then_place_in_recep-SoapBar-None-Cabinet-402/trial_T20190908_055221_984342,14,1,0
alfworld,Llama-3.3-70B-Instruct,pick_clean_then_place_in_recep-SoapBar-None-Cabinet-402/trial_T20190908_055221_984342,26,0,1
alfworld,Llama-3.3-70B-Instruct,pick_clean_then_place_in_recep-SoapBar-None-Cabinet-402/trial_T20190908_055221_984342,28,1,0
alfworld,Llama-3.3-70B-Instruct,pick_clean_then_place_in_recep-SoapBar-None-Cabinet-402/trial_T20190908_055221_984342,31,1,0
alfworld,Llama-3.3-70B-Instruct,pick_clean_then_place_in_recep-SoapBar-None-Cabinet-402/trial_T20190908_055221_984342,32,1,0
alfworld,Llama-3.3-70B-Instruct,pick_clean_then_place_in_recep-SoapBar-None-Cabinet-402/trial_T20190908_055221_984342,37,1,0
alfworld,Llama-3.3-70B-Instruct,pick_clean_then_place_in_recep-SoapBar-None-Cabinet-402/trial_T20190908_055221_984342,39,0,1
alfworld,Llama-3.3-70B-Instruct,pick_clean_then_place_in_recep-SoapBar-None-Drawer-423/trial_T20190906_202340_749336,2,1,0
alfworld,Llama-3.3-70B-Instruct,pick_clean_then_place_in_recep-SoapBar-None-Drawer-423/trial_T20190906_202340_749336,4,1,0
alfworld,Llama-3.3-70B-Instruct,pick_clean_then_place_in_recep-SoapBar-None-Drawer-423/trial_T20190906_202340_749336,19,1,0
alfworld,Llama-3.3-70B-Instruct,pick_clean_then_place_in_recep-SoapBar-None-Drawer-423/trial_T20190906_202340_749336,39,1,1
alfworld,Llama-3.3-70B-Instruct,pick_clean_then_place_in_recep-SoapBar-None-Drawer-423/trial_T20190906_202340_749336,45,1,0
alfworld,Llama-3.3-70B-Instruct,pick_clean_then_place_in_recep-SoapBar-None-Drawer-423/trial_T20190906_202340_749336,48,0,1
alfworld,Llama-3.3-70B-Instruct,pick_clean_then_place_in_recep-SoapBar-None-Toilet-410/trial_T20190906_201106_979461,13,1,0
alfworld,Llama-3.3-70B-Instruct,pick_clean_then_place_in_recep-SoapBar-None-Toilet-410/trial_T20190906_201106_979461,14,1,0
alfworld,Llama-3.3-70B-Instruct,pick_clean_then_place_in_recep-SoapBar-None-Toilet-410/trial_T20190906_201106_979461,34,1,0
alfworld,Llama-3.3-70B-Instruct,pick_clean_then_place_in_recep-SoapBar-None-Toilet-410/trial_T20190906_201106_979461,39,1,0
alfworld,Llama-3.3-70B-Instruct,pick_clean_then_place_in_recep-SoapBar-None-Toilet-410/trial_T20190906_201106_979461,47,1,0
alfworld,Llama-3.3-70B-Instruct,pick_clean_then_place_in_recep-SoapBar-None-Toilet-428/trial_T20190907_041436_588106,1,1,0
alfworld,Llama-3.3-70B-Instruct,pick_clean_then_place_in_recep-SoapBar-None-Toilet-428/trial_T20190907_041436_588106,20,1,0
alfworld,Llama-3.3-70B-Instruct,pick_clean_then_place_in_recep-SoapBar-None-Toilet-428/trial_T20190907_041436_588106,22,1,0
alfworld,Llama-3.3-70B-Instruct,pick_clean_then_place_in_recep-SoapBar-None-Toilet-428/trial_T20190907_041436_588106,27,0,1
alfworld,Llama-3.3-70B-Instruct,pick_clean_then_place_in_recep-SoapBar-None-Toilet-428/trial_T20190907_041436_588106,35,1,1
alfworld,Llama-3.3-70B-Instruct,pick_clean_then_place_in_recep-SoapBar-None-Toilet-428/trial_T20190907_041436_588106,36,1,0
alfworld,Llama-3.3-70B-Instruct,pick_clean_then_place_in_recep-SoapBar-None-Toilet-428/trial_T20190907_041436_588106,43,1,1
alfworld,Llama-3.3-70B-Instruct,pick_clean_then_place_in_recep-SoapBar-None-Toilet-428/trial_T20190907_041436_588106,46,1,0
alfworld,Llama-3.3-70B-Instruct,pick_clean_then_place_in_recep-SoapBar-None-Toilet-428/trial_T20190907_041436_588106,47,1,0
alfworld,Llama-3.3-70B-Instruct,pick_clean_then_place_in_recep-Spatula-None-DiningTable-4/trial_T20190909_002804_564168,4,1,0
alfworld,Llama-3.3-70B-Instruct,pick_clean_then_place_in_recep-Spatula-None-DiningTable-4/trial_T20190909_002804_564168,13,1,0
alfworld,Llama-3.3-70B-Instruct,pick_clean_then_place_in_recep-Spatula-None-DiningTable-4/trial_T20190909_002804_564168,14,1,1
alfworld,Llama-3.3-70B-Instruct,pick_cool_then_place_in_recep-Apple-None-CounterTop-14/trial_T20190909_044933_815840,3,1,1
alfworld,Llama-3.3-70B-Instruct,pick_cool_then_place_in_recep-Apple-None-CounterTop-14/trial_T20190909_044933_815840,5,1,0
alfworld,Llama-3.3-70B-Instruct,pick_cool_then_place_in_recep-Apple-None-CounterTop-14/trial_T20190909_044933_815840,8,0,1
alfworld,Llama-3.3-70B-Instruct,pick_cool_then_place_in_recep-Apple-None-CounterTop-14/trial_T20190909_044933_815840,11,1,0
alfworld,Llama-3.3-70B-Instruct,pick_cool_then_place_in_recep-Apple-None-CounterTop-14/trial_T20190909_044933_815840,13,1,0
alfworld,Llama-3.3-70B-Instruct,pick_cool_then_place_in_recep-Apple-None-CounterTop-14/trial_T20190909_044933_815840,18,1,0
alfworld,Llama-3.3-70B-Instruct,pick_cool_then_place_in_recep-Apple-None-CounterTop-14/trial_T20190909_044933_815840,22,0,1
alfworld,Llama-3.3-70B-Instruct,pick_cool_then_place_in_recep-Apple-None-CounterTop-14/trial_T20190909_044933_815840,26,1,0
alfworld,Llama-3.3-70B-Instruct,pick_cool_then_place_in_recep-Apple-None-CounterTop-14/trial_T20190909_044933_815840,31,0,1
alfworld,Llama-3.3-70B-Instruct,pick_cool_then_place_in_recep-Apple-None-CounterTop-14/trial_T20190909_044933_815840,48,1,0
alfworld,Llama-3.3-70B-Instruct,pick_cool_then_place_in_recep-Apple-None-GarbageCan-2/trial_T20190906_195943_081289,2,1,0
alfworld,Llama-3.3-70B-Instruct,pick_cool_then_place_in_recep-Apple-None-GarbageCan-2/trial_T20190906_195943_081289,7,1,0
alfworld,Llama-3.3-70B-Instruct,pick_cool_then_place_in_recep-Apple-None-GarbageCan-2/trial_T20190906_195943_081289,12,0,1
alfworld,Llama-3.3-70B-Instruct,pick_cool_then_place_in_recep-Apple-None-GarbageCan-2/trial_T20190906_195943_081289,15,1,0
alfworld,Llama-3.3-70B-Instruct,pick_cool_then_place_in_recep-Apple-None-GarbageCan-2/trial_T20190906_195943_081289,20,0,1
alfworld,Llama-3.3-70B-Instruct,pick_cool_then_place_in_recep-Apple-None-GarbageCan-2/trial_T20190906_195943_081289,24,1,0
alfworld,Llama-3.3-70B-Instruct,pick_cool_then_place_in_recep-Apple-None-GarbageCan-2/trial_T20190906_195943_081289,30,1,0
alfworld,Llama-3.3-70B-Instruct,pick_cool_then_place_in_recep-Apple-None-GarbageCan-2/trial_T20190906_195943_081289,33,0,1
alfworld,Llama-3.3-70B-Instruct,pick_cool_then_place_in_recep-Apple-None-GarbageCan-2/trial_T20190906_195943_081289,38,0,1
alfworld,Llama-3.3-70B-Instruct,pick_cool_then_place_in_recep-Apple-None-GarbageCan-2/trial_T20190906_195943_081289,40,1,0
alfworld,Llama-3.3-70B-Instruct,pick_cool_then_place_in_recep-Apple-None-GarbageCan-2/trial_T20190906_195943_081289,46,1,0
alfworld,Llama-3.3-70B-Instruct,pick_cool_then_place_in_recep-Apple-None-GarbageCan-2/trial_T20190906_195943_081289,49,1,0
alfworld,Llama-3.3-70B-Instruct,pick_cool_then_place_in_recep-Apple-None-Microwave-19/trial_T20190906_210937_878489,5,1,0
alfworld,Llama-3.3-70B-Instruct,pick_cool_then_place_in_recep-Apple-None-Microwave-19/trial_T20190906_210937_878489,13,1,0
alfworld,Llama-3.3-70B-Instruct,pick_cool_then_place_in_recep-Apple-None-Microwave-19/trial_T20190906_210937_878489,18,1,0
alfworld,Llama-3.3-70B-Instruct,pick_cool_then_place_in_recep-Apple-None-Microwave-19/trial_T20190906_210937_878489,31,1,0
alfworld,Llama-3.3-70B-Instruct,pick_cool_then_place_in_recep-Apple-None-Microwave-19/trial_T20190906_210937_878489,36,1,0
alfworld,Llama-3.3-70B-Instruct,pick_cool_then_place_in_recep-Apple-None-Microwave-19/trial_T20190906_210937_878489,42,0,1
alfworld,Llama-3.3-70B-Instruct,pick_cool_then_place_in_recep-Apple-None-Microwave-19/trial_T20190906_210937_878489,43,1,0
alfworld,Llama-3.3-70B-Instruct,pick_cool_then_place_in_recep-Apple-None-Microwave-19/trial_T20190906_210937_878489,46,1,0
alfworld,Llama-3.3-70B-Instruct,pick_cool_then_place_in_recep-Apple-None-Microwave-19/trial_T20190906_210937_878489,48,1,0
alfworld,Llama-3.3-70B-Instruct,pick_cool_then_place_in_recep-Apple-None-Microwave-5/trial_T20190908_150807_823817,2,1,0
alfworld,Llama-3.3-70B-Instruct,pick_cool_then_place_in_recep-Apple-None-Microwave-5/trial_T20190908_150807_823817,4,0,1
alfworld,Llama-3.3-70B-Instruct,pick_cool_then_place_in_recep-Apple-None-Microwave-5/trial_T20190908_150807_823817,8,1,0
alfworld,Llama-3.3-70B-Instruct,pick_cool_then_place_in_recep-Apple-None-Microwave-5/trial_T20190908_150807_823817,16,0,1
alfworld,Llama-3.3-70B-Instruct,pick_cool_then_place_in_recep-Apple-None-Microwave-5/trial_T20190908_150807_823817,23,1,0
alfworld,Llama-3.3-70B-Instruct,pick_cool_then_place_in_recep-Apple-None-Microwave-5/trial_T20190908_150807_823817,32,1,0
alfworld,Llama-3.3-70B-Instruct,pick_cool_then_place_in_recep-Apple-None-Microwave-5/trial_T20190908_150807_823817,37,0,1
alfworld,Llama-3.3-70B-Instruct,pick_cool_then_place_in_recep-Bowl-None-Cabinet-20/trial_T20190909_112912_154874,1,1,0
alfworld,Llama-3.3-70B-Instruct,pick_cool_then_place_in_recep-Bowl-None-Cabinet-20/trial_T20190909_112912_154874,9,0,1
alfworld,Llama-3.3-70B-Instruct,pick_cool_then_place_in_recep-Bowl-None-Cabinet-20/trial_T20190909_112912_154874,29,0,1
alfworld,Llama-3.3-70B-Instruct,pick_cool_then_place_in_recep-Bread-None-CounterTop-7/trial_T20190909_045605_307949,22,1,0
alfworld,Llama-3.3-70B-Instruct,pick_cool_then_place_in_recep-Bread-None-CounterTop-7/trial_T20190909_045605_307949,24,1,0
alfworld,Llama-3.3-70B-Instruct,pick_cool_then_place_in_recep-Bread-None-CounterTop-7/trial_T20190909_045605_307949,33,0,1
alfworld,Llama-3.3-70B-Instruct,pick_cool_then_place_in_recep-Bread-None-CounterTop-7/trial_T20190909_045605_307949,35,0,1
alfworld,Llama-3.3-70B-Instruct,pick_cool_then_place_in_recep-Bread-None-CounterTop-7/trial_T20190909_045605_307949,40,1,0
alfworld,Llama-3.3-70B-Instruct,pick_cool_then_place_in_recep-Cup-None-Microwave-17/trial_T20190906_192817_654400,8,0,1
alfworld,Llama-3.3-70B-Instruct,pick_cool_then_place_in_recep-Cup-None-Microwave-17/trial_T20190906_192817_654400,9,1,0
alfworld,Llama-3.3-70B-Instruct,pick_cool_then_place_in_recep-Cup-None-Microwave-17/trial_T20190906_192817_654400,11,1,0
alfworld,Llama-3.3-70B-Instruct,pick_cool_then_place_in_recep-Cup-None-Microwave-17/trial_T20190906_192817_654400,23,1,0
alfworld,Llama-3.3-70B-Instruct,pick_cool_then_place_in_recep-Cup-None-Microwave-17/trial_T20190906_192817_654400,37,1,0
alfworld,Llama-3.3-70B-Instruct,pick_cool_then_place_in_recep-Cup-None-Microwave-17/trial_T20190906_192817_654400,38,1,0
alfworld,Llama-3.3-70B-Instruct,pick_cool_then_place_in_recep-Cup-None-SideTable-21/trial_T20190906_192823_237997,15,1,0
alfworld,Llama-3.3-70B-Instruct,pick_cool_then_place_in_recep-Cup-None-SideTable-21/trial_T20190906_192823_237997,19,1,0
alfworld,Llama-3.3-70B-Instruct,pick_cool_then_place_in_recep-Cup-None-SideTable-21/trial_T20190906_192823_237997,26,1,0
alfworld,Llama-3.3-70B-Instruct,pick_cool_then_place_in_recep-Cup-None-SideTable-21/trial_T20190906_192823_237997,27,1,0
alfworld,Llama-3.3-70B-Instruct,pick_cool_then_place_in_recep-Cup-None-SideTable-21/trial_T20190906_192823_237997,28,1,0
alfworld,Llama-3.3-70B-Instruct,pick_cool_then_place_in_recep-Egg-None-Microwave-24/trial_T20190908_234112_645480,6,1,0
alfworld,Llama-3.3-70B-Instruct,pick_cool_then_place_in_recep-Egg-None-Microwave-24/trial_T20190908_234112_645480,15,1,0
alfworld,Llama-3.3-70B-Instruct,pick_cool_then_place_in_recep-Egg-None-Microwave-24/trial_T20190908_234112_645480,22,0,1
alfworld,Llama-3.3-70B-Instruct,pick_cool_then_place_in_recep-Egg-None-Microwave-24/trial_T20190908_234112_645480,23,0,1
alfworld,Llama-3.3-70B-Instruct,pick_cool_then_place_in_recep-Egg-None-Microwave-24/trial_T20190908_234112_645480,25,0,1
alfworld,Llama-3.3-70B-Instruct,pick_cool_then_place_in_recep-Egg-None-Microwave-24/trial_T20190908_234112_645480,27,1,0
alfworld,Llama-3.3-70B-Instruct,pick_cool_then_place_in_recep-Egg-None-Microwave-24/trial_T20190908_234112_645480,34,1,0
alfworld,Llama-3.3-70B-Instruct,pick_cool_then_place_in_recep-Egg-None-Microwave-24/trial_T20190908_234112_645480,37,1,1
alfworld,Llama-3.3-70B-Instruct,pick_cool_then_place_in_recep-Egg-None-Microwave-24/trial_T20190908_234112_645480,39,1,0
alfworld,Llama-3.3-70B-Instruct,pick_cool_then_place_in_recep-Egg-None-Microwave-24/trial_T20190908_234112_645480,40,1,0
alfworld,Llama-3.3-70B-Instruct,pick_cool_then_place_in_recep-Egg-None-Microwave-24/trial_T20190908_234112_645480,44,1,0
alfworld,Llama-3.3-70B-Instruct,pick_cool_then_place_in_recep-Egg-None-Microwave-24/trial_T20190908_234112_645480,45,1,0
alfworld,Llama-3.3-70B-Instruct,pick_cool_then_place_in_recep-Egg-None-Microwave-24/trial_T20190908_234112_645480,46,1,0
alfworld,Llama-3.3-70B-Instruct,pick_cool_then_place_in_recep-Lettuce-None-CounterTop-1/trial_T20190908_042713_075616,3,1,0
alfworld,Llama-3.3-70B-Instruct,pick_cool_then_place_in_recep-Lettuce-None-CounterTop-1/trial_T20190908_042713_075616,8,1,0
alfworld,Llama-3.3-70B-Instruct,pick_cool_then_place_in_recep-Lettuce-None-CounterTop-11/trial_T20190908_222555_651605,3,0,1
alfworld,Llama-3.3-70B-Instruct,pick_cool_then_place_in_recep-Lettuce-None-CounterTop-11/trial_T20190908_222555_651605,4,0,1
alfworld,Llama-3.3-70B-Instruct,pick_cool_then_place_in_recep-Lettuce-None-CounterTop-11/trial_T20190908_222555_651605,13,1,0
alfworld,Llama-3.3-70B-Instruct,pick_cool_then_place_in_recep-Lettuce-None-CounterTop-11/trial_T20190908_222555_651605,14,1,0
alfworld,Llama-3.3-70B-Instruct,pick_cool_then_place_in_recep-Lettuce-None-CounterTop-11/trial_T20190908_222555_651605,20,1,0
alfworld,Llama-3.3-70B-Instruct,pick_cool_then_place_in_recep-Lettuce-None-CounterTop-11/trial_T20190908_222555_651605,22,1,0
alfworld,Llama-3.3-70B-Instruct,pick_cool_then_place_in_recep-Lettuce-None-CounterTop-11/trial_T20190908_222555_651605,23,0,1
alfworld,Llama-3.3-70B-Instruct,pick_cool_then_place_in_recep-Lettuce-None-CounterTop-11/trial_T20190908_222555_651605,27,0,1
alfworld,Llama-3.3-70B-Instruct,pick_cool_then_place_in_recep-Lettuce-None-CounterTop-11/trial_T20190908_222555_651605,41,0,1
alfworld,Llama-3.3-70B-Instruct,pick_cool_then_place_in_recep-Lettuce-None-CounterTop-11/trial_T20190908_222555_651605,45,0,1
alfworld,Llama-3.3-70B-Instruct,pick_cool_then_place_in_recep-Mug-None-CoffeeMachine-16/trial_T20190908_184242_348366,1,1,0
alfworld,Llama-3.3-70B-Instruct,pick_cool_then_place_in_recep-Mug-None-CoffeeMachine-16/trial_T20190908_184242_348366,2,1,0
alfworld,Llama-3.3-70B-Instruct,pick_cool_then_place_in_recep-Mug-None-CoffeeMachine-16/trial_T20190908_184242_348366,5,1,0
alfworld,Llama-3.3-70B-Instruct,pick_cool_then_place_in_recep-Mug-None-CoffeeMachine-16/trial_T20190908_184242_348366,45,0,1
alfworld,Llama-3.3-70B-Instruct,pick_cool_then_place_in_recep-Pan-None-DiningTable-7/trial_T20190908_232648_241836,21,1,0
alfworld,Llama-3.3-70B-Instruct,pick_cool_then_place_in_recep-Pan-None-DiningTable-7/trial_T20190908_232648_241836,24,1,0
alfworld,Llama-3.3-70B-Instruct,pick_cool_then_place_in_recep-Pan-None-DiningTable-7/trial_T20190908_232648_241836,29,0,1
alfworld,Llama-3.3-70B-Instruct,pick_cool_then_place_in_recep-Pan-None-DiningTable-7/trial_T20190908_232648_241836,30,1,0
alfworld,Llama-3.3-70B-Instruct,pick_cool_then_place_in_recep-Pan-None-DiningTable-7/trial_T20190908_232648_241836,33,0,1
alfworld,Llama-3.3-70B-Instruct,pick_cool_then_place_in_recep-Pan-None-DiningTable-7/trial_T20190908_232648_241836,36,1,0
alfworld,Llama-3.3-70B-Instruct,pick_cool_then_place_in_recep-Pan-None-DiningTable-7/trial_T20190908_232648_241836,41,0,1
alfworld,Llama-3.3-70B-Instruct,pick_cool_then_place_in_recep-Pan-None-DiningTable-7/trial_T20190908_232648_241836,44,1,0
alfworld,Llama-3.3-70B-Instruct,pick_cool_then_place_in_recep-Pan-None-DiningTable-7/trial_T20190908_232648_241836,47,0,1
alfworld,Llama-3.3-70B-Instruct,pick_cool_then_place_in_recep-Pan-None-DiningTable-7/trial_T20190908_232648_241836,49,1,0
alfworld,Llama-3.3-70B-Instruct,pick_cool_then_place_in_recep-Pan-None-StoveBurner-18/trial_T20190906_181023_216915,3,1,0
alfworld,Llama-3.3-70B-Instruct,pick_cool_then_place_in_recep-Pan-None-StoveBurner-18/trial_T20190906_181023_216915,11,1,0
alfworld,Llama-3.3-70B-Instruct,pick_cool_then_place_in_recep-Pan-None-StoveBurner-18/trial_T20190906_181023_216915,15,1,0
alfworld,Llama-3.3-70B-Instruct,pick_cool_then_place_in_recep-Pan-None-StoveBurner-18/trial_T20190906_181023_216915,16,1,0
alfworld,Llama-3.3-70B-Instruct,pick_cool_then_place_in_recep-Pan-None-StoveBurner-18/trial_T20190906_181023_216915,19,1,0
alfworld,Llama-3.3-70B-Instruct,pick_cool_then_place_in_recep-Pan-None-StoveBurner-18/trial_T20190906_181023_216915,24,1,0
alfworld,Llama-3.3-70B-Instruct,pick_cool_then_place_in_recep-Pan-None-StoveBurner-18/trial_T20190906_181023_216915,34,1,0
alfworld,Llama-3.3-70B-Instruct,pick_cool_then_place_in_recep-Pan-None-StoveBurner-18/trial_T20190906_181023_216915,47,1,0
alfworld,Llama-3.3-70B-Instruct,pick_cool_then_place_in_recep-Pan-None-StoveBurner-23/trial_T20190906_215856_374127,5,1,0
alfworld,Llama-3.3-70B-Instruct,pick_cool_then_place_in_recep-Pan-None-StoveBurner-23/trial_T20190906_215856_374127,7,1,0
alfworld,Llama-3.3-70B-Instruct,pick_cool_then_place_in_recep-Pan-None-StoveBurner-23/trial_T20190906_215856_374127,13,1,0
alfworld,Llama-3.3-70B-Instruct,pick_cool_then_place_in_recep-Pan-None-StoveBurner-23/trial_T20190906_215856_374127,20,1,0
alfworld,Llama-3.3-70B-Instruct,pick_cool_then_place_in_recep-Pan-None-StoveBurner-23/trial_T20190906_215856_374127,24,1,0
alfworld,Llama-3.3-70B-Instruct,pick_cool_then_place_in_recep-Pan-None-StoveBurner-23/trial_T20190906_215856_374127,39,1,0
alfworld,Llama-3.3-70B-Instruct,pick_cool_then_place_in_recep-Pan-None-StoveBurner-23/trial_T20190906_215856_374127,41,1,0
alfworld,Llama-3.3-70B-Instruct,pick_cool_then_place_in_recep-Plate-None-Cabinet-27/trial_T20190906_173120_350651,3,1,0
alfworld,Llama-3.3-70B-Instruct,pick_cool_then_place_in_recep-Plate-None-Cabinet-27/trial_T20190906_173120_350651,10,0,1
alfworld,Llama-3.3-70B-Instruct,pick_cool_then_place_in_recep-Plate-None-Cabinet-27/trial_T20190906_173120_350651,35,1,0
alfworld,Llama-3.3-70B-Instruct,pick_cool_then_place_in_recep-Plate-None-Cabinet-27/trial_T20190906_173120_350651,39,1,0
alfworld,Llama-3.3-70B-Instruct,pick_cool_then_place_in_recep-Plate-None-Cabinet-27/trial_T20190906_173120_350651,41,1,0
alfworld,Llama-3.3-70B-Instruct,pick_cool_then_place_in_recep-Plate-None-Cabinet-27/trial_T20190906_173120_350651,46,1,0
alfworld,Llama-3.3-70B-Instruct,pick_cool_then_place_in_recep-Plate-None-Cabinet-7/trial_T20190907_231206_512424,7,1,0
alfworld,Llama-3.3-70B-Instruct,pick_cool_then_place_in_recep-Plate-None-Cabinet-7/trial_T20190907_231206_512424,9,1,0
alfworld,Llama-3.3-70B-Instruct,pick_cool_then_place_in_recep-Plate-None-Cabinet-7/trial_T20190907_231206_512424,12,1,1
alfworld,Llama-3.3-70B-Instruct,pick_cool_then_place_in_recep-Plate-None-CounterTop-1/trial_T20190906_205324_559361,1,1,0
alfworld,Llama-3.3-70B-Instruct,pick_cool_then_place_in_recep-Plate-None-CounterTop-1/trial_T20190906_205324_559361,41,1,0
alfworld,Llama-3.3-70B-Instruct,pick_cool_then_place_in_recep-Pot-None-DiningTable-21/trial_T20190909_004531_429065,12,1,0
alfworld,Llama-3.3-70B-Instruct,pick_cool_then_place_in_recep-Pot-None-DiningTable-21/trial_T20190909_004531_429065,15,1,0
alfworld,Llama-3.3-70B-Instruct,pick_cool_then_place_in_recep-Pot-None-DiningTable-21/trial_T20190909_004531_429065,22,0,1
alfworld,Llama-3.3-70B-Instruct,pick_cool_then_place_in_recep-Pot-None-DiningTable-21/trial_T20190909_004531_429065,34,0,1
alfworld,Llama-3.3-70B-Instruct,pick_cool_then_place_in_recep-Pot-None-DiningTable-21/trial_T20190909_004531_429065,48,1,0
alfworld,Llama-3.3-70B-Instruct,pick_cool_then_place_in_recep-Tomato-None-CounterTop-12/trial_T20190909_063754_216554,3,1,1
alfworld,Llama-3.3-70B-Instruct,pick_cool_then_place_in_recep-Tomato-None-CounterTop-12/trial_T20190909_063754_216554,21,1,0
alfworld,Llama-3.3-70B-Instruct,pick_cool_then_place_in_recep-Tomato-None-CounterTop-12/trial_T20190909_063754_216554,22,1,0
alfworld,Llama-3.3-70B-Instruct,pick_cool_then_place_in_recep-Tomato-None-CounterTop-12/trial_T20190909_063754_216554,26,0,1
alfworld,Llama-3.3-70B-Instruct,pick_cool_then_place_in_recep-Tomato-None-CounterTop-12/trial_T20190909_063754_216554,27,1,0
alfworld,Llama-3.3-70B-Instruct,pick_cool_then_place_in_recep-Tomato-None-CounterTop-12/trial_T20190909_063754_216554,29,0,1
alfworld,Llama-3.3-70B-Instruct,pick_cool_then_place_in_recep-Tomato-None-CounterTop-12/trial_T20190909_063754_216554,35,1,0
alfworld,Llama-3.3-70B-Instruct,pick_cool_then_place_in_recep-Tomato-None-CounterTop-12/trial_T20190909_063754_216554,36,1,0
alfworld,Llama-3.3-70B-Instruct,pick_cool_then_place_in_recep-Tomato-None-CounterTop-12/trial_T20190909_063754_216554,45,0,1
alfworld,Llama-3.3-70B-Instruct,pick_cool_then_place_in_recep-Tomato-None-CounterTop-12/trial_T20190909_063754_216554,46,0,1
alfworld,Llama-3.3-70B-Instruct,pick_cool_then_place_in_recep-Tomato-None-CounterTop-12/trial_T20190909_063844_274181,12,1,0
alfworld,Llama-3.3-70B-Instruct,pick_cool_then_place_in_recep-Tomato-None-CounterTop-12/trial_T20190909_063844_274181,17,0,1
alfworld,Llama-3.3-70B-Instruct,pick_cool_then_place_in_recep-Tomato-None-CounterTop-12/trial_T20190909_063844_274181,22,1,0
alfworld,Llama-3.3-70B-Instruct,pick_cool_then_place_in_recep-Tomato-None-CounterTop-12/trial_T20190909_063844_274181,24,1,1
alfworld,Llama-3.3-70B-Instruct,pick_cool_then_place_in_recep-Tomato-None-CounterTop-12/trial_T20190909_063844_274181,30,1,0
alfworld,Llama-3.3-70B-Instruct,pick_cool_then_place_in_recep-Tomato-None-CounterTop-12/trial_T20190909_063844_274181,31,1,0
alfworld,Llama-3.3-70B-Instruct,pick_cool_then_place_in_recep-Tomato-None-CounterTop-12/trial_T20190909_063844_274181,36,1,0
alfworld,Llama-3.3-70B-Instruct,pick_cool_then_place_in_recep-Tomato-None-CounterTop-12/trial_T20190909_063844_274181,39,0,1
alfworld,Llama-3.3-70B-Instruct,pick_cool_then_place_in_recep-Tomato-None-CounterTop-12/trial_T20190909_063844_274181,49,1,0
alfworld,Llama-3.3-70B-Instruct,pick_cool_then_place_in_recep-Tomato-None-GarbageCan-6/trial_T20190909_082934_483899,9,0,1
alfworld,Llama-3.3-70B-Instruct,pick_cool_then_place_in_recep-Tomato-None-GarbageCan-6/trial_T20190909_082934_483899,10,0,1
alfworld,Llama-3.3-70B-Instruct,pick_cool_then_place_in_recep-Tomato-None-GarbageCan-6/trial_T20190909_082934_483899,18,1,1
alfworld,Llama-3.3-70B-Instruct,pick_cool_then_place_in_recep-Tomato-None-GarbageCan-6/trial_T20190909_082934_483899,22,1,0
alfworld,Llama-3.3-70B-Instruct,pick_cool_then_place_in_recep-Tomato-None-GarbageCan-6/trial_T20190909_082934_483899,24,1,0
alfworld,Llama-3.3-70B-Instruct,pick_cool_then_place_in_recep-Tomato-None-GarbageCan-6/trial_T20190909_082934_483899,26,0,1
alfworld,Llama-3.3-70B-Instruct,pick_cool_then_place_in_recep-Tomato-None-GarbageCan-6/trial_T20190909_082934_483899,28,1,0
alfworld,Llama-3.3-70B-Instruct,pick_cool_then_place_in_recep-Tomato-None-GarbageCan-6/trial_T20190909_082934_483899,34,1,0
alfworld,Llama-3.3-70B-Instruct,pick_cool_then_place_in_recep-Tomato-None-Microwave-13/trial_T20190910_173916_331859,15,1,0
alfworld,Llama-3.3-70B-Instruct,pick_cool_then_place_in_recep-Tomato-None-Microwave-13/trial_T20190910_173916_331859,18,1,1
alfworld,Llama-3.3-70B-Instruct,pick_cool_then_place_in_recep-Tomato-None-Microwave-18/trial_T20190909_012524_159092,10,1,0
alfworld,Llama-3.3-70B-Instruct,pick_cool_then_place_in_recep-Tomato-None-Microwave-18/trial_T20190909_012524_159092,16,0,1
alfworld,Llama-3.3-70B-Instruct,pick_cool_then_place_in_recep-Tomato-None-Microwave-18/trial_T20190909_012524_159092,27,1,0
alfworld,Llama-3.3-70B-Instruct,pick_cool_then_place_in_recep-Tomato-None-Microwave-18/trial_T20190909_012524_159092,35,0,1
alfworld,Llama-3.3-70B-Instruct,pick_cool_then_place_in_recep-Tomato-None-Microwave-18/trial_T20190909_012524_159092,37,1,0
alfworld,Llama-3.3-70B-Instruct,pick_cool_then_place_in_recep-Tomato-None-Microwave-18/trial_T20190909_012524_159092,45,0,1
alfworld,Llama-3.3-70B-Instruct,pick_cool_then_place_in_recep-WineBottle-None-DiningTable-17/trial_T20190908_024426_412044,3,1,0
alfworld,Llama-3.3-70B-Instruct,pick_cool_then_place_in_recep-WineBottle-None-DiningTable-17/trial_T20190908_024426_412044,7,1,0
alfworld,Llama-3.3-70B-Instruct,pick_cool_then_place_in_recep-WineBottle-None-DiningTable-17/trial_T20190908_024426_412044,19,0,1
alfworld,Llama-3.3-70B-Instruct,pick_cool_then_place_in_recep-WineBottle-None-DiningTable-17/trial_T20190908_024426_412044,23,1,0
alfworld,Llama-3.3-70B-Instruct,pick_cool_then_place_in_recep-WineBottle-None-DiningTable-17/trial_T20190908_024426_412044,33,1,0
alfworld,Llama-3.3-70B-Instruct,pick_cool_then_place_in_recep-WineBottle-None-DiningTable-17/trial_T20190908_024426_412044,43,0,1
alfworld,Llama-3.3-70B-Instruct,pick_heat_then_place_in_recep-Apple-None-DiningTable-26/trial_T20190907_060234_011675,16,1,0
alfworld,Llama-3.3-70B-Instruct,pick_heat_then_place_in_recep-Apple-None-DiningTable-26/trial_T20190907_060234_011675,25,1,1
alfworld,Llama-3.3-70B-Instruct,pick_heat_then_place_in_recep-Apple-None-DiningTable-26/trial_T20190907_060234_011675,31,1,0
alfworld,Llama-3.3-70B-Instruct,pick_heat_then_place_in_recep-Apple-None-DiningTable-26/trial_T20190907_060234_011675,41,1,0
alfworld,Llama-3.3-70B-Instruct,pick_heat_then_place_in_recep-Apple-None-DiningTable-26/trial_T20190907_060234_011675,42,1,0
alfworld,Llama-3.3-70B-Instruct,pick_heat_then_place_in_recep-Cup-None-Cabinet-22/trial_T20190907_173251_960848,4,1,0
alfworld,Llama-3.3-70B-Instruct,pick_heat_then_place_in_recep-Cup-None-Cabinet-22/trial_T20190907_173251_960848,7,1,0
alfworld,Llama-3.3-70B-Instruct,pick_heat_then_place_in_recep-Cup-None-Cabinet-22/trial_T20190907_173251_960848,8,1,0
alfworld,Llama-3.3-70B-Instruct,pick_heat_then_place_in_recep-Cup-None-Cabinet-22/trial_T20190907_173251_960848,11,1,0
alfworld,Llama-3.3-70B-Instruct,pick_heat_then_place_in_recep-Cup-None-Cabinet-22/trial_T20190907_173251_960848,19,1,0
alfworld,Llama-3.3-70B-Instruct,pick_heat_then_place_in_recep-Cup-None-Cabinet-22/trial_T20190907_173251_960848,25,1,0
alfworld,Llama-3.3-70B-Instruct,pick_heat_then_place_in_recep-Cup-None-Cabinet-22/trial_T20190907_173251_960848,29,1,0
alfworld,Llama-3.3-70B-Instruct,pick_heat_then_place_in_recep-Cup-None-Cabinet-22/trial_T20190907_173251_960848,30,1,0
alfworld,Llama-3.3-70B-Instruct,pick_heat_then_place_in_recep-Cup-None-Cabinet-22/trial_T20190907_173251_960848,33,1,0
alfworld,Llama-3.3-70B-Instruct,pick_heat_then_place_in_recep-Cup-None-Cabinet-22/trial_T20190907_173251_960848,49,1,1
alfworld,Llama-3.3-70B-Instruct,pick_heat_then_place_in_recep-Egg-None-CounterTop-2/trial_T20190908_122951_021026,5,1,0
alfworld,Llama-3.3-70B-Instruct,pick_heat_then_place_in_recep-Egg-None-CounterTop-2/trial_T20190908_122951_021026,16,1,0
alfworld,Llama-3.3-70B-Instruct,pick_heat_then_place_in_recep-Egg-None-CounterTop-2/trial_T20190908_122951_021026,17,1,0
alfworld,Llama-3.3-70B-Instruct,pick_heat_then_place_in_recep-Egg-None-CounterTop-2/trial_T20190908_122951_021026,23,1,0
alfworld,Llama-3.3-70B-Instruct,pick_heat_then_place_in_recep-Egg-None-CounterTop-2/trial_T20190908_122951_021026,26,0,1
alfworld,Llama-3.3-70B-Instruct,pick_heat_then_place_in_recep-Egg-None-CounterTop-2/trial_T20190908_122951_021026,30,1,0
alfworld,Llama-3.3-70B-Instruct,pick_heat_then_place_in_recep-Egg-None-CounterTop-2/trial_T20190908_122951_021026,33,1,0
alfworld,Llama-3.3-70B-Instruct,pick_heat_then_place_in_recep-Egg-None-CounterTop-2/trial_T20190908_122951_021026,39,0,1
alfworld,Llama-3.3-70B-Instruct,pick_heat_then_place_in_recep-Egg-None-CounterTop-2/trial_T20190908_122951_021026,43,1,0
alfworld,Llama-3.3-70B-Instruct,pick_heat_then_place_in_recep-Egg-None-CounterTop-2/trial_T20190908_122951_021026,46,1,0
alfworld,Llama-3.3-70B-Instruct,pick_heat_then_place_in_recep-Egg-None-CounterTop-2/trial_T20190908_122951_021026,49,1,0
alfworld,Llama-3.3-70B-Instruct,pick_heat_then_place_in_recep-Egg-None-Fridge-14/trial_T20190909_091314_636733,1,0,1
alfworld,Llama-3.3-70B-Instruct,pick_heat_then_place_in_recep-Egg-None-Fridge-14/trial_T20190909_091314_636733,5,1,0
alfworld,Llama-3.3-70B-Instruct,pick_heat_then_place_in_recep-Egg-None-Fridge-14/trial_T20190909_091314_636733,9,1,0
alfworld,Llama-3.3-70B-Instruct,pick_heat_then_place_in_recep-Egg-None-Fridge-14/trial_T20190909_091314_636733,19,1,0
alfworld,Llama-3.3-70B-Instruct,pick_heat_then_place_in_recep-Egg-None-Fridge-14/trial_T20190909_091314_636733,25,1,0
alfworld,Llama-3.3-70B-Instruct,pick_heat_then_place_in_recep-Egg-None-Fridge-14/trial_T20190909_091314_636733,32,1,0
alfworld,Llama-3.3-70B-Instruct,pick_heat_then_place_in_recep-Egg-None-Fridge-14/trial_T20190909_091314_636733,36,1,0
alfworld,Llama-3.3-70B-Instruct,pick_heat_then_place_in_recep-Egg-None-Fridge-14/trial_T20190909_091314_636733,41,0,1
alfworld,Llama-3.3-70B-Instruct,pick_heat_then_place_in_recep-Egg-None-Fridge-14/trial_T20190909_091314_636733,42,1,0
alfworld,Llama-3.3-70B-Instruct,pick_heat_then_place_in_recep-Egg-None-Fridge-14/trial_T20190909_091314_636733,45,1,0
alfworld,Llama-3.3-70B-Instruct,pick_heat_then_place_in_recep-Mug-None-Cabinet-26/trial_T20190909_062333_424779,1,1,0
alfworld,Llama-3.3-70B-Instruct,pick_heat_then_place_in_recep-Mug-None-Cabinet-3/trial_T20190909_014639_335717,2,1,0
alfworld,Llama-3.3-70B-Instruct,pick_heat_then_place_in_recep-Mug-None-Cabinet-3/trial_T20190909_014639_335717,8,1,1
alfworld,Llama-3.3-70B-Instruct,pick_heat_then_place_in_recep-Mug-None-Cabinet-3/trial_T20190909_014639_335717,9,1,0
alfworld,Llama-3.3-70B-Instruct,pick_heat_then_place_in_recep-Mug-None-Cabinet-3/trial_T20190909_014639_335717,10,1,0
alfworld,Llama-3.3-70B-Instruct,pick_heat_then_place_in_recep-Mug-None-Cabinet-3/trial_T20190909_014639_335717,11,1,0
alfworld,Llama-3.3-70B-Instruct,pick_heat_then_place_in_recep-Mug-None-Cabinet-3/trial_T20190909_014639_335717,12,0,1
alfworld,Llama-3.3-70B-Instruct,pick_heat_then_place_in_recep-Mug-None-Cabinet-3/trial_T20190909_014639_335717,13,0,1
alfworld,Llama-3.3-70B-Instruct,pick_heat_then_place_in_recep-Mug-None-Cabinet-3/trial_T20190909_014639_335717,20,1,0
alfworld,Llama-3.3-70B-Instruct,pick_heat_then_place_in_recep-Mug-None-Cabinet-3/trial_T20190909_014639_335717,23,1,0
alfworld,Llama-3.3-70B-Instruct,pick_heat_then_place_in_recep-Mug-None-Cabinet-3/trial_T20190909_014639_335717,31,1,0
alfworld,Llama-3.3-70B-Instruct,pick_heat_then_place_in_recep-Mug-None-Cabinet-3/trial_T20190909_014639_335717,44,0,1
alfworld,Llama-3.3-70B-Instruct,pick_heat_then_place_in_recep-Mug-None-CoffeeMachine-1/trial_T20190907_222640_487432,9,1,0
alfworld,Llama-3.3-70B-Instruct,pick_heat_then_place_in_recep-Mug-None-CoffeeMachine-1/trial_T20190907_222640_487432,26,1,0
alfworld,Llama-3.3-70B-Instruct,pick_heat_then_place_in_recep-Mug-None-CoffeeMachine-1/trial_T20190907_222640_487432,28,1,0
alfworld,Llama-3.3-70B-Instruct,pick_heat_then_place_in_recep-Mug-None-CoffeeMachine-1/trial_T20190907_222640_487432,31,0,1
alfworld,Llama-3.3-70B-Instruct,pick_heat_then_place_in_recep-Mug-None-CoffeeMachine-1/trial_T20190907_222640_487432,48,0,1
alfworld,Llama-3.3-70B-Instruct,pick_heat_then_place_in_recep-Mug-None-SideTable-21/trial_T20190909_090729_088825,9,1,0
alfworld,Llama-3.3-70B-Instruct,pick_heat_then_place_in_recep-Mug-None-SideTable-21/trial_T20190909_090729_088825,14,1,0
alfworld,Llama-3.3-70B-Instruct,pick_heat_then_place_in_recep-Mug-None-SideTable-21/trial_T20190909_090729_088825,17,0,1
alfworld,Llama-3.3-70B-Instruct,pick_heat_then_place_in_recep-Mug-None-SideTable-21/trial_T20190909_090729_088825,27,1,0
alfworld,Llama-3.3-70B-Instruct,pick_heat_then_place_in_recep-Mug-None-SideTable-21/trial_T20190909_090729_088825,34,1,0
alfworld,Llama-3.3-70B-Instruct,pick_heat_then_place_in_recep-Mug-None-SideTable-21/trial_T20190909_090729_088825,35,1,0
alfworld,Llama-3.3-70B-Instruct,pick_heat_then_place_in_recep-Mug-None-SideTable-21/trial_T20190909_090729_088825,36,0,1
alfworld,Llama-3.3-70B-Instruct,pick_heat_then_place_in_recep-Mug-None-SideTable-21/trial_T20190909_090729_088825,43,0,1
alfworld,Llama-3.3-70B-Instruct,pick_heat_then_place_in_recep-Mug-None-SideTable-21/trial_T20190909_090729_088825,48,1,0
alfworld,Llama-3.3-70B-Instruct,pick_heat_then_place_in_recep-Mug-None-SideTable-21/trial_T20190909_090729_088825,49,1,0
alfworld,Llama-3.3-70B-Instruct,pick_heat_then_place_in_recep-Plate-None-Cabinet-1/trial_T20190908_070946_578973,2,1,1
alfworld,Llama-3.3-70B-Instruct,pick_heat_then_place_in_recep-Plate-None-Cabinet-1/trial_T20190908_070946_578973,4,1,0
alfworld,Llama-3.3-70B-Instruct,pick_heat_then_place_in_recep-Plate-None-Cabinet-1/trial_T20190908_070946_578973,6,0,1
alfworld,Llama-3.3-70B-Instruct,pick_heat_then_place_in_recep-Plate-None-Cabinet-1/trial_T20190908_070946_578973,19,1,0
alfworld,Llama-3.3-70B-Instruct,pick_heat_then_place_in_recep-Plate-None-Cabinet-1/trial_T20190908_070946_578973,21,1,0
alfworld,Llama-3.3-70B-Instruct,pick_heat_then_place_in_recep-Plate-None-Cabinet-1/trial_T20190908_070946_578973,23,0,1
alfworld,Llama-3.3-70B-Instruct,pick_heat_then_place_in_recep-Plate-None-Cabinet-1/trial_T20190908_070946_578973,28,0,1
alfworld,Llama-3.3-70B-Instruct,pick_heat_then_place_in_recep-Plate-None-Cabinet-1/trial_T20190908_070946_578973,39,0,1
alfworld,Llama-3.3-70B-Instruct,pick_heat_then_place_in_recep-Plate-None-DiningTable-28/trial_T20190908_001247_096796,20,1,0
alfworld,Llama-3.3-70B-Instruct,pick_heat_then_place_in_recep-Plate-None-DiningTable-28/trial_T20190908_001247_096796,21,0,1
alfworld,Llama-3.3-70B-Instruct,pick_heat_then_place_in_recep-Plate-None-DiningTable-28/trial_T20190908_001247_096796,23,0,1
alfworld,Llama-3.3-70B-Instruct,pick_heat_then_place_in_recep-Plate-None-DiningTable-28/trial_T20190908_001247_096796,26,0,1
alfworld,Llama-3.3-70B-Instruct,pick_heat_then_place_in_recep-Plate-None-DiningTable-28/trial_T20190908_001247_096796,29,1,0
alfworld,Llama-3.3-70B-Instruct,pick_heat_then_place_in_recep-Plate-None-DiningTable-28/trial_T20190908_001247_096796,32,1,0
alfworld,Llama-3.3-70B-Instruct,pick_heat_then_place_in_recep-Plate-None-DiningTable-28/trial_T20190908_001247_096796,35,1,0
alfworld,Llama-3.3-70B-Instruct,pick_heat_then_place_in_recep-Plate-None-DiningTable-28/trial_T20190908_001247_096796,39,1,0
alfworld,Llama-3.3-70B-Instruct,pick_heat_then_place_in_recep-Plate-None-DiningTable-28/trial_T20190908_001247_096796,48,0,1
alfworld,Llama-3.3-70B-Instruct,pick_heat_then_place_in_recep-Plate-None-DiningTable-28/trial_T20190908_001247_096796,49,0,1
alfworld,Llama-3.3-70B-Instruct,pick_heat_then_place_in_recep-Potato-None-Fridge-11/trial_T20190909_011341_436523,5,1,0
alfworld,Llama-3.3-70B-Instruct,pick_heat_then_place_in_recep-Potato-None-Fridge-11/trial_T20190909_011341_436523,10,0,1
alfworld,Llama-3.3-70B-Instruct,pick_heat_then_place_in_recep-Potato-None-Fridge-11/trial_T20190909_011341_436523,24,0,1
alfworld,Llama-3.3-70B-Instruct,pick_heat_then_place_in_recep-Potato-None-Fridge-11/trial_T20190909_011341_436523,26,1,0
alfworld,Llama-3.3-70B-Instruct,pick_heat_then_place_in_recep-Potato-None-Fridge-11/trial_T20190909_011341_436523,34,1,0
alfworld,Llama-3.3-70B-Instruct,pick_heat_then_place_in_recep-Potato-None-Fridge-11/trial_T20190909_011341_436523,40,1,0
alfworld,Llama-3.3-70B-Instruct,pick_heat_then_place_in_recep-Potato-None-Fridge-11/trial_T20190909_011341_436523,42,1,0
alfworld,Llama-3.3-70B-Instruct,pick_heat_then_place_in_recep-Potato-None-Fridge-11/trial_T20190909_011341_436523,48,1,0
alfworld,Llama-3.3-70B-Instruct,pick_heat_then_place_in_recep-Potato-None-Fridge-11/trial_T20190909_011341_436523,49,1,0
alfworld,Llama-3.3-70B-Instruct,pick_heat_then_place_in_recep-Potato-None-Fridge-12/trial_T20190908_014451_271080,10,1,0
alfworld,Llama-3.3-70B-Instruct,pick_heat_then_place_in_recep-Potato-None-Fridge-12/trial_T20190908_014451_271080,11,0,1
alfworld,Llama-3.3-70B-Instruct,pick_heat_then_place_in_recep-Potato-None-Fridge-12/trial_T20190908_014451_271080,30,0,1
alfworld,Llama-3.3-70B-Instruct,pick_heat_then_place_in_recep-Potato-None-Fridge-12/trial_T20190908_014451_271080,35,0,1
alfworld,Llama-3.3-70B-Instruct,pick_heat_then_place_in_recep-Potato-None-Fridge-12/trial_T20190908_014451_271080,39,0,1
alfworld,Llama-3.3-70B-Instruct,pick_heat_then_place_in_recep-Potato-None-Fridge-12/trial_T20190908_014451_271080,46,1,0
alfworld,Llama-3.3-70B-Instruct,pick_heat_then_place_in_recep-Potato-None-Fridge-12/trial_T20190908_014451_271080,49,0,1
alfworld,Llama-3.3-70B-Instruct,pick_heat_then_place_in_recep-Tomato-None-DiningTable-16/trial_T20190907_201243_698086,2,1,0
alfworld,Llama-3.3-70B-Instruct,pick_heat_then_place_in_recep-Tomato-None-DiningTable-16/trial_T20190907_201243_698086,7,1,0
alfworld,Llama-3.3-70B-Instruct,pick_heat_then_place_in_recep-Tomato-None-Fridge-15/trial_T20190909_020200_054379,3,1,0
alfworld,Llama-3.3-70B-Instruct,pick_heat_then_place_in_recep-Tomato-None-Fridge-15/trial_T20190909_020200_054379,10,1,0
alfworld,Llama-3.3-70B-Instruct,pick_heat_then_place_in_recep-Tomato-None-Fridge-15/trial_T20190909_020200_054379,15,0,1
alfworld,Llama-3.3-70B-Instruct,pick_heat_then_place_in_recep-Tomato-None-Fridge-15/trial_T20190909_020200_054379,31,0,1
alfworld,Llama-3.3-70B-Instruct,pick_heat_then_place_in_recep-Tomato-None-Fridge-15/trial_T20190909_020200_054379,32,1,0
alfworld,Llama-3.3-70B-Instruct,pick_heat_then_place_in_recep-Tomato-None-Fridge-15/trial_T20190909_020200_054379,38,1,0
alfworld,Llama-3.3-70B-Instruct,pick_heat_then_place_in_recep-Tomato-None-Fridge-24/trial_T20190908_033721_967359,24,1,0
alfworld,Llama-3.3-70B-Instruct,pick_heat_then_place_in_recep-Tomato-None-Fridge-24/trial_T20190908_033721_967359,25,0,1
alfworld,Llama-3.3-70B-Instruct,pick_heat_then_place_in_recep-Tomato-None-Fridge-24/trial_T20190908_033721_967359,26,0,1
alfworld,Llama-3.3-70B-Instruct,pick_heat_then_place_in_recep-Tomato-None-Fridge-24/trial_T20190908_033721_967359,34,0,1
alfworld,Llama-3.3-70B-Instruct,pick_heat_then_place_in_recep-Tomato-None-Fridge-24/trial_T20190908_033721_967359,35,1,0
alfworld,Llama-3.3-70B-Instruct,pick_two_obj_and_place-AlarmClock-None-Dresser-305/trial_T20190907_165826_194855,2,1,0
alfworld,Llama-3.3-70B-Instruct,pick_two_obj_and_place-AlarmClock-None-Dresser-305/trial_T20190907_165826_194855,15,1,0
alfworld,Llama-3.3-70B-Instruct,pick_two_obj_and_place-AlarmClock-None-Dresser-305/trial_T20190907_165826_194855,21,0,1
alfworld,Llama-3.3-70B-Instruct,pick_two_obj_and_place-Book-None-Desk-302/trial_T20190906_181233_363875,14,0,1
alfworld,Llama-3.3-70B-Instruct,pick_two_obj_and_place-Book-None-Desk-302/trial_T20190906_181233_363875,17,0,1
alfworld,Llama-3.3-70B-Instruct,pick_two_obj_and_place-Book-None-Desk-313/trial_T20190908_125930_920681,2,1,0
alfworld,Llama-3.3-70B-Instruct,pick_two_obj_and_place-Book-None-Desk-313/trial_T20190908_125930_920681,14,1,0
alfworld,Llama-3.3-70B-Instruct,pick_two_obj_and_place-Book-None-Desk-313/trial_T20190908_125930_920681,20,1,0
alfworld,Llama-3.3-70B-Instruct,pick_two_obj_and_place-Book-None-Desk-313/trial_T20190908_125930_920681,30,0,1
alfworld,Llama-3.3-70B-Instruct,pick_two_obj_and_place-Book-None-Desk-313/trial_T20190908_125930_920681,31,1,0
alfworld,Llama-3.3-70B-Instruct,pick_two_obj_and_place-Book-None-Desk-313/trial_T20190908_125930_920681,32,1,0
alfworld,Llama-3.3-70B-Instruct,pick_two_obj_and_place-Book-None-Desk-313/trial_T20190908_125930_920681,33,0,1
alfworld,Llama-3.3-70B-Instruct,pick_two_obj_and_place-Book-None-Desk-313/trial_T20190908_125930_920681,36,1,0
alfworld,Llama-3.3-70B-Instruct,pick_two_obj_and_place-Book-None-Desk-313/trial_T20190908_125930_920681,42,0,1
alfworld,Llama-3.3-70B-Instruct,pick_two_obj_and_place-Book-None-Desk-313/trial_T20190908_125930_920681,44,1,0
alfworld,Llama-3.3-70B-Instruct,pick_two_obj_and_place-Box-None-CoffeeTable-213/trial_T20190906_200927_069627,6,1,0
alfworld,Llama-3.3-70B-Instruct,pick_two_obj_and_place-Box-None-CoffeeTable-213/trial_T20190906_200927_069627,7,1,0
alfworld,Llama-3.3-70B-Instruct,pick_two_obj_and_place-Box-None-CoffeeTable-213/trial_T20190906_200927_069627,39,1,0
alfworld,Llama-3.3-70B-Instruct,pick_two_obj_and_place-Box-None-CoffeeTable-213/trial_T20190906_200927_069627,43,1,0
alfworld,Llama-3.3-70B-Instruct,pick_two_obj_and_place-CreditCard-None-Dresser-311/trial_T20190907_201917_045715,3,1,0
alfworld,Llama-3.3-70B-Instruct,pick_two_obj_and_place-CreditCard-None-Dresser-311/trial_T20190907_201917_045715,7,1,0
alfworld,Llama-3.3-70B-Instruct,pick_two_obj_and_place-CreditCard-None-Dresser-311/trial_T20190907_201917_045715,11,1,0
alfworld,Llama-3.3-70B-Instruct,pick_two_obj_and_place-CreditCard-None-Dresser-311/trial_T20190907_201917_045715,18,1,0
alfworld,Llama-3.3-70B-Instruct,pick_two_obj_and_place-CreditCard-None-Dresser-311/trial_T20190907_201917_045715,27,0,1
alfworld,Llama-3.3-70B-Instruct,pick_two_obj_and_place-CreditCard-None-Dresser-311/trial_T20190907_201917_045715,30,1,0
alfworld,Llama-3.3-70B-Instruct,pick_two_obj_and_place-CreditCard-None-Dresser-311/trial_T20190907_201917_045715,41,1,0
alfworld,Llama-3.3-70B-Instruct,pick_two_obj_and_place-CreditCard-None-Dresser-311/trial_T20190907_201917_045715,45,1,0
alfworld,Llama-3.3-70B-Instruct,pick_two_obj_and_place-CreditCard-None-Dresser-311/trial_T20190907_201917_045715,46,1,0
alfworld,Llama-3.3-70B-Instruct,pick_two_obj_and_place-CreditCard-None-Dresser-311/trial_T20190907_201917_045715,49,1,0
alfworld,Llama-3.3-70B-Instruct,pick_two_obj_and_place-CreditCard-None-Safe-323/trial_T20190907_001129_214240,3,1,0
alfworld,Llama-3.3-70B-Instruct,pick_two_obj_and_place-CreditCard-None-Safe-323/trial_T20190907_001129_214240,6,1,0
alfworld,Llama-3.3-70B-Instruct,pick_two_obj_and_place-CreditCard-None-Safe-323/trial_T20190907_001129_214240,12,1,0
alfworld,Llama-3.3-70B-Instruct,pick_two_obj_and_place-Glassbottle-None-Shelf-1/trial_T20190907_122204_941737,4,1,0
alfworld,Llama-3.3-70B-Instruct,pick_two_obj_and_place-Glassbottle-None-Shelf-1/trial_T20190907_122204_941737,5,0,1
alfworld,Llama-3.3-70B-Instruct,pick_two_obj_and_place-Glassbottle-None-Shelf-1/trial_T20190907_122204_941737,17,1,0
alfworld,Llama-3.3-70B-Instruct,pick_two_obj_and_place-Glassbottle-None-Shelf-1/trial_T20190907_122204_941737,21,0,1
alfworld,Llama-3.3-70B-Instruct,pick_two_obj_and_place-Glassbottle-None-Shelf-1/trial_T20190907_122204_941737,26,1,1
alfworld,Llama-3.3-70B-Instruct,pick_two_obj_and_place-Glassbottle-None-Shelf-1/trial_T20190907_122204_941737,36,1,0
alfworld,Llama-3.3-70B-Instruct,pick_two_obj_and_place-Glassbottle-None-Shelf-1/trial_T20190907_122204_941737,39,1,0
alfworld,Llama-3.3-70B-Instruct,pick_two_obj_and_place-Glassbottle-None-Shelf-1/trial_T20190907_122204_941737,45,1,0
alfworld,Llama-3.3-70B-Instruct,pick_two_obj_and_place-Knife-None-Drawer-18/trial_T20190907_065232_689984,2,0,1
alfworld,Llama-3.3-70B-Instruct,pick_two_obj_and_place-Knife-None-Drawer-18/trial_T20190907_065232_689984,3,1,0
alfworld,Llama-3.3-70B-Instruct,pick_two_obj_and_place-Knife-None-Drawer-18/trial_T20190907_065232_689984,8,1,1
alfworld,Llama-3.3-70B-Instruct,pick_two_obj_and_place-Knife-None-Drawer-18/trial_T20190907_065232_689984,23,1,0
alfworld,Llama-3.3-70B-Instruct,pick_two_obj_and_place-Knife-None-Drawer-18/trial_T20190907_065232_689984,46,1,0
alfworld,Llama-3.3-70B-Instruct,pick_two_obj_and_place-Knife-None-Drawer-18/trial_T20190907_065232_689984,48,1,0
alfworld,Llama-3.3-70B-Instruct,pick_two_obj_and_place-Newspaper-None-Drawer-224/trial_T20190911_101248_326533,10,1,0
alfworld,Llama-3.3-70B-Instruct,pick_two_obj_and_place-Newspaper-None-Drawer-224/trial_T20190911_101248_326533,13,0,1
alfworld,Llama-3.3-70B-Instruct,pick_two_obj_and_place-Pan-None-CounterTop-14/trial_T20190907_012519_974044,3,1,0
alfworld,Llama-3.3-70B-Instruct,pick_two_obj_and_place-Pan-None-CounterTop-14/trial_T20190907_012519_974044,6,1,0
alfworld,Llama-3.3-70B-Instruct,pick_two_obj_and_place-Pan-None-CounterTop-14/trial_T20190907_012519_974044,13,1,0
alfworld,Llama-3.3-70B-Instruct,pick_two_obj_and_place-Pan-None-CounterTop-14/trial_T20190907_012519_974044,18,0,1
alfworld,Llama-3.3-70B-Instruct,pick_two_obj_and_place-Pan-None-CounterTop-14/trial_T20190907_012519_974044,19,1,0
alfworld,Llama-3.3-70B-Instruct,pick_two_obj_and_place-Pan-None-CounterTop-14/trial_T20190907_012519_974044,23,0,1
alfworld,Llama-3.3-70B-Instruct,pick_two_obj_and_place-Pan-None-CounterTop-14/trial_T20190907_012519_974044,31,1,0
alfworld,Llama-3.3-70B-Instruct,pick_two_obj_and_place-Pan-None-CounterTop-14/trial_T20190907_012519_974044,33,0,1
alfworld,Llama-3.3-70B-Instruct,pick_two_obj_and_place-Pan-None-CounterTop-14/trial_T20190907_012519_974044,34,1,0
alfworld,Llama-3.3-70B-Instruct,pick_two_obj_and_place-RemoteControl-None-Ottoman-203/trial_T20190906_182952_858723,10,1,0
alfworld,Llama-3.3-70B-Instruct,pick_two_obj_and_place-RemoteControl-None-Ottoman-203/trial_T20190906_182952_858723,13,1,0
alfworld,Llama-3.3-70B-Instruct,pick_two_obj_and_place-RemoteControl-None-Ottoman-203/trial_T20190906_182952_858723,17,1,0
alfworld,Llama-3.3-70B-Instruct,pick_two_obj_and_place-RemoteControl-None-Ottoman-203/trial_T20190906_182952_858723,18,1,0
alfworld,Llama-3.3-70B-Instruct,pick_two_obj_and_place-SoapBar-None-GarbageCan-418/trial_T20190909_055538_380023,4,0,1
alfworld,Llama-3.3-70B-Instruct,pick_two_obj_and_place-SoapBar-None-GarbageCan-418/trial_T20190909_055538_380023,8,1,0
alfworld,Llama-3.3-70B-Instruct,pick_two_obj_and_place-SoapBar-None-GarbageCan-418/trial_T20190909_055649_717880,1,0,1
alfworld,Llama-3.3-70B-Instruct,pick_two_obj_and_place-SoapBar-None-GarbageCan-418/trial_T20190909_055649_717880,2,0,1
alfworld,Llama-3.3-70B-Instruct,pick_two_obj_and_place-SoapBar-None-GarbageCan-418/trial_T20190909_055649_717880,4,1,0
alfworld,Llama-3.3-70B-Instruct,pick_two_obj_and_place-Spatula-None-Drawer-13/trial_T20190908_183331_203888,8,1,0
alfworld,Llama-3.3-70B-Instruct,pick_two_obj_and_place-Spatula-None-Drawer-13/trial_T20190908_183331_203888,23,1,1
alfworld,Llama-3.3-70B-Instruct,pick_two_obj_and_place-Spatula-None-Drawer-13/trial_T20190908_183331_203888,24,1,0
alfworld,Llama-3.3-70B-Instruct,pick_two_obj_and_place-Spatula-None-Drawer-13/trial_T20190908_183331_203888,41,1,0
alfworld,Llama-3.3-70B-Instruct,pick_two_obj_and_place-SprayBottle-None-Cabinet-407/trial_T20190907_144556_144188,23,0,1
alfworld,Llama-3.3-70B-Instruct,pick_two_obj_and_place-SprayBottle-None-Cabinet-407/trial_T20190907_144556_144188,31,1,0
alfworld,Llama-3.3-70B-Instruct,pick_two_obj_and_place-SprayBottle-None-Cabinet-407/trial_T20190907_144556_144188,49,0,1
alfworld,Llama-3.3-70B-Instruct,pick_two_obj_and_place-SprayBottle-None-GarbageCan-419/trial_T20190908_164236_518264,8,1,0
alfworld,Llama-3.3-70B-Instruct,pick_two_obj_and_place-SprayBottle-None-GarbageCan-419/trial_T20190908_164236_518264,9,1,0
alfworld,Llama-3.3-70B-Instruct,pick_two_obj_and_place-SprayBottle-None-Toilet-402/trial_T20190910_222914_814642,8,1,0
alfworld,Llama-3.3-70B-Instruct,pick_two_obj_and_place-SprayBottle-None-Toilet-402/trial_T20190910_222914_814642,12,1,0
alfworld,Llama-3.3-70B-Instruct,pick_two_obj_and_place-SprayBottle-None-Toilet-402/trial_T20190910_222914_814642,16,1,0
alfworld,Llama-3.3-70B-Instruct,pick_two_obj_and_place-SprayBottle-None-Toilet-402/trial_T20190910_222914_814642,18,1,0
alfworld,Llama-3.3-70B-Instruct,pick_two_obj_and_place-SprayBottle-None-Toilet-402/trial_T20190910_222914_814642,25,1,0
alfworld,Llama-3.3-70B-Instruct,pick_two_obj_and_place-SprayBottle-None-Toilet-402/trial_T20190910_222914_814642,27,1,0
alfworld,Llama-3.3-70B-Instruct,pick_two_obj_and_place-SprayBottle-None-Toilet-429/trial_T20190907_033843_707544,5,1,0
alfworld,Llama-3.3-70B-Instruct,pick_two_obj_and_place-TissueBox-None-Toilet-426/trial_T20190909_044602_338962,1,1,0
alfworld,Llama-3.3-70B-Instruct,pick_two_obj_and_place-TissueBox-None-Toilet-426/trial_T20190909_044602_338962,6,1,0
alfworld,Llama-3.3-70B-Instruct,pick_two_obj_and_place-TissueBox-None-Toilet-426/trial_T20190909_044602_338962,7,0,1
alfworld,Llama-3.3-70B-Instruct,pick_two_obj_and_place-TissueBox-None-Toilet-426/trial_T20190909_044602_338962,19,1,0
alfworld,Llama-3.3-70B-Instruct,pick_two_obj_and_place-TissueBox-None-Toilet-426/trial_T20190909_044602_338962,21,1,0
alfworld,Llama-3.3-70B-Instruct,pick_two_obj_and_place-TissueBox-None-Toilet-426/trial_T20190909_044602_338962,22,1,1
alfworld,Llama-3.3-70B-Instruct,pick_two_obj_and_place-ToiletPaper-None-Drawer-423/trial_T20190907_111251_461099,8,0,1
alfworld,Llama-3.3-70B-Instruct,pick_two_obj_and_place-ToiletPaper-None-Drawer-423/trial_T20190907_111251_461099,16,0,1
alfworld,Llama-3.3-70B-Instruct,pick_two_obj_and_place-ToiletPaper-None-Drawer-423/trial_T20190907_111251_461099,17,1,0
alfworld,Llama-3.3-70B-Instruct,pick_two_obj_and_place-ToiletPaper-None-Drawer-423/trial_T20190907_111251_461099,18,1,0
alfworld,Llama-3.3-70B-Instruct,pick_two_obj_and_place-ToiletPaper-None-Drawer-423/trial_T20190907_111251_461099,32,1,0
alfworld,Llama-3.3-70B-Instruct,pick_two_obj_and_place-ToiletPaper-None-Drawer-423/trial_T20190907_111251_461099,40,1,0
alfworld,Llama-3.3-70B-Instruct,pick_two_obj_and_place-ToiletPaper-None-Toilet-408/trial_T20190909_080302_174780,2,0,1
alfworld,Llama-3.3-70B-Instruct,pick_two_obj_and_place-ToiletPaper-None-Toilet-408/trial_T20190909_080302_174780,7,0,1
alfworld,Llama-3.3-70B-Instruct,pick_two_obj_and_place-ToiletPaper-None-Toilet-408/trial_T20190909_080302_174780,9,0,1
alfworld,Llama-3.3-70B-Instruct,pick_two_obj_and_place-Vase-None-Desk-204/trial_T20190906_181531_703961,6,1,0
alfworld,Llama-3.3-70B-Instruct,pick_two_obj_and_place-Vase-None-Desk-204/trial_T20190906_181531_703961,17,1,0
alfworld,Llama-3.3-70B-Instruct,pick_two_obj_and_place-Vase-None-Desk-204/trial_T20190906_181531_703961,24,0,1
alfworld,Llama-3.3-70B-Instruct,pick_two_obj_and_place-Vase-None-Desk-204/trial_T20190906_181531_703961,25,1,0
alfworld,Llama-3.3-70B-Instruct,pick_two_obj_and_place-Vase-None-Desk-204/trial_T20190906_181531_703961,27,1,0
alfworld,Llama-3.3-70B-Instruct,pick_two_obj_and_place-Vase-None-Desk-204/trial_T20190906_181531_703961,30,0,1
alfworld,Llama-3.3-70B-Instruct,pick_two_obj_and_place-Vase-None-Desk-204/trial_T20190906_181531_703961,32,1,0
alfworld,Llama-3.3-70B-Instruct,pick_two_obj_and_place-Vase-None-Desk-204/trial_T20190906_181531_703961,49,1,0
alfworld,Llama-3.3-70B-Instruct,pick_two_obj_and_place-Watch-None-Dresser-205/trial_T20190907_182211_592010,14,1,0
alfworld,Llama-3.3-70B-Instruct,pick_two_obj_and_place-Watch-None-Dresser-205/trial_T20190907_182211_592010,23,0,1
alfworld,Llama-3.3-70B-Instruct,pick_two_obj_and_place-Watch-None-Dresser-205/trial_T20190907_182211_592010,30,1,0
alfworld,Llama-3.3-70B-Instruct,pick_two_obj_and_place-Watch-None-Dresser-205/trial_T20190907_182211_592010,35,0,1
alfworld,Mistral-7B-Instruct-v0.3,look_at_obj_in_light-AlarmClock-None-DeskLamp-323/trial_T20190909_044715_250790,6,1,0
alfworld,Mistral-7B-Instruct-v0.3,look_at_obj_in_light-AlarmClock-None-DeskLamp-323/trial_T20190909_044715_250790,7,1,0
alfworld,Mistral-7B-Instruct-v0.3,look_at_obj_in_light-AlarmClock-None-DeskLamp-323/trial_T20190909_044715_250790,9,1,0
alfworld,Mistral-7B-Instruct-v0.3,look_at_obj_in_light-AlarmClock-None-DeskLamp-323/trial_T20190909_044715_250790,14,1,0
alfworld,Mistral-7B-Instruct-v0.3,look_at_obj_in_light-AlarmClock-None-DeskLamp-323/trial_T20190909_044715_250790,21,1,1
alfworld,Mistral-7B-Instruct-v0.3,look_at_obj_in_light-AlarmClock-None-DeskLamp-323/trial_T20190909_044715_250790,42,0,1
alfworld,Mistral-7B-Instruct-v0.3,look_at_obj_in_light-AlarmClock-None-DeskLamp-323/trial_T20190909_044715_250790,48,1,0
alfworld,Mistral-7B-Instruct-v0.3,look_at_obj_in_light-Bowl-None-DeskLamp-301/trial_T20190909_150719_492274,6,0,1
alfworld,Mistral-7B-Instruct-v0.3,look_at_obj_in_light-Bowl-None-DeskLamp-301/trial_T20190909_150719_492274,7,1,0
alfworld,Mistral-7B-Instruct-v0.3,look_at_obj_in_light-Bowl-None-DeskLamp-301/trial_T20190909_150719_492274,18,1,0
alfworld,Mistral-7B-Instruct-v0.3,look_at_obj_in_light-Bowl-None-DeskLamp-301/trial_T20190909_150719_492274,39,0,1
alfworld,Mistral-7B-Instruct-v0.3,look_at_obj_in_light-Bowl-None-DeskLamp-301/trial_T20190909_150719_492274,43,1,0
alfworld,Mistral-7B-Instruct-v0.3,look_at_obj_in_light-Box-None-DeskLamp-205/trial_T20190907_074425_330493,13,1,1
alfworld,Mistral-7B-Instruct-v0.3,look_at_obj_in_light-Box-None-DeskLamp-205/trial_T20190907_074425_330493,26,1,0
alfworld,Mistral-7B-Instruct-v0.3,look_at_obj_in_light-Box-None-DeskLamp-205/trial_T20190907_074425_330493,42,0,1
alfworld,Mistral-7B-Instruct-v0.3,look_at_obj_in_light-Box-None-DeskLamp-205/trial_T20190907_074425_330493,44,0,1
alfworld,Mistral-7B-Instruct-v0.3,look_at_obj_in_light-CD-None-DeskLamp-302/trial_T20190907_154618_526741,29,0,1
alfworld,Mistral-7B-Instruct-v0.3,look_at_obj_in_light-CD-None-DeskLamp-302/trial_T20190907_154618_526741,41,1,0
alfworld,Mistral-7B-Instruct-v0.3,look_at_obj_in_light-CD-None-DeskLamp-314/trial_T20190907_114323_767231,17,0,1
alfworld,Mistral-7B-Instruct-v0.3,look_at_obj_in_light-CD-None-DeskLamp-314/trial_T20190907_114323_767231,19,0,1
alfworld,Mistral-7B-Instruct-v0.3,look_at_obj_in_light-CD-None-DeskLamp-314/trial_T20190907_114323_767231,23,1,1
alfworld,Mistral-7B-Instruct-v0.3,look_at_obj_in_light-CD-None-DeskLamp-314/trial_T20190907_114323_767231,25,1,0
alfworld,Mistral-7B-Instruct-v0.3,look_at_obj_in_light-CD-None-DeskLamp-314/trial_T20190907_114323_767231,28,0,1
alfworld,Mistral-7B-Instruct-v0.3,look_at_obj_in_light-CD-None-DeskLamp-320/trial_T20190907_224451_655673,12,0,1
alfworld,Mistral-7B-Instruct-v0.3,look_at_obj_in_light-CD-None-DeskLamp-320/trial_T20190907_224451_655673,17,1,0
alfworld,Mistral-7B-Instruct-v0.3,look_at_obj_in_light-CD-None-DeskLamp-320/trial_T20190907_224451_655673,33,0,1
alfworld,Mistral-7B-Instruct-v0.3,look_at_obj_in_light-CD-None-DeskLamp-320/trial_T20190907_224451_655673,47,1,0
alfworld,Mistral-7B-Instruct-v0.3,look_at_obj_in_light-KeyChain-None-DeskLamp-327/trial_T20190906_202601_548273,6,1,0
alfworld,Mistral-7B-Instruct-v0.3,look_at_obj_in_light-KeyChain-None-DeskLamp-327/trial_T20190906_202601_548273,45,1,0
alfworld,Mistral-7B-Instruct-v0.3,look_at_obj_in_light-Laptop-None-DeskLamp-328/trial_T20190908_201550_622420,2,0,1
alfworld,Mistral-7B-Instruct-v0.3,look_at_obj_in_light-Pillow-None-DeskLamp-302/trial_T20190909_150916_682139,6,1,0
alfworld,Mistral-7B-Instruct-v0.3,look_at_obj_in_light-Pillow-None-DeskLamp-302/trial_T20190909_150916_682139,17,0,1
alfworld,Mistral-7B-Instruct-v0.3,look_at_obj_in_light-Pillow-None-DeskLamp-302/trial_T20190909_150916_682139,19,1,0
alfworld,Mistral-7B-Instruct-v0.3,look_at_obj_in_light-Pillow-None-DeskLamp-302/trial_T20190909_150916_682139,42,1,0
alfworld,Mistral-7B-Instruct-v0.3,look_at_obj_in_light-Pillow-None-DeskLamp-302/trial_T20190909_150916_682139,44,0,1
alfworld,Mistral-7B-Instruct-v0.3,look_at_obj_in_light-Pillow-None-DeskLamp-302/trial_T20190909_150916_682139,45,0,1
alfworld,Mistral-7B-Instruct-v0.3,look_at_obj_in_light-Pillow-None-DeskLamp-302/trial_T20190909_150916_682139,46,1,1
alfworld,Mistral-7B-Instruct-v0.3,look_at_obj_in_light-Pillow-None-DeskLamp-302/trial_T20190909_150916_682139,48,1,0
alfworld,Mistral-7B-Instruct-v0.3,look_at_obj_in_light-Pillow-None-DeskLamp-323/trial_T20190908_053153_077977,5,1,0
alfworld,Mistral-7B-Instruct-v0.3,look_at_obj_in_light-Pillow-None-DeskLamp-323/trial_T20190908_053153_077977,23,0,1
alfworld,Mistral-7B-Instruct-v0.3,look_at_obj_in_light-Pillow-None-DeskLamp-323/trial_T20190908_053153_077977,34,0,1
alfworld,Mistral-7B-Instruct-v0.3,look_at_obj_in_light-Statue-None-DeskLamp-216/trial_T20190909_193045_208933,3,0,1
alfworld,Mistral-7B-Instruct-v0.3,look_at_obj_in_light-Statue-None-DeskLamp-216/trial_T20190909_193045_208933,12,1,0
alfworld,Mistral-7B-Instruct-v0.3,look_at_obj_in_light-Statue-None-DeskLamp-216/trial_T20190909_193045_208933,14,1,1
alfworld,Mistral-7B-Instruct-v0.3,look_at_obj_in_light-Statue-None-DeskLamp-216/trial_T20190909_193045_208933,18,1,0
alfworld,Mistral-7B-Instruct-v0.3,look_at_obj_in_light-Statue-None-DeskLamp-216/trial_T20190909_193045_208933,19,1,0
alfworld,Mistral-7B-Instruct-v0.3,look_at_obj_in_light-Statue-None-DeskLamp-216/trial_T20190909_193045_208933,33,1,0
alfworld,Mistral-7B-Instruct-v0.3,look_at_obj_in_light-Statue-None-DeskLamp-216/trial_T20190909_193045_208933,43,0,1
alfworld,Mistral-7B-Instruct-v0.3,look_at_obj_in_light-Statue-None-DeskLamp-216/trial_T20190909_193045_208933,46,1,0
alfworld,Mistral-7B-Instruct-v0.3,look_at_obj_in_light-Vase-None-DeskLamp-303/trial_T20190907_150418_457594,3,1,1
alfworld,Mistral-7B-Instruct-v0.3,look_at_obj_in_light-Vase-None-DeskLamp-303/trial_T20190907_150418_457594,9,1,0
alfworld,Mistral-7B-Instruct-v0.3,look_at_obj_in_light-Vase-None-DeskLamp-303/trial_T20190907_150418_457594,15,1,0
alfworld,Mistral-7B-Instruct-v0.3,pick_and_place_simple-Book-None-SideTable-329/trial_T20190908_050633_745514,5,1,0
alfworld,Mistral-7B-Instruct-v0.3,pick_and_place_simple-Book-None-SideTable-329/trial_T20190908_050633_745514,7,1,0
alfworld,Mistral-7B-Instruct-v0.3,pick_and_place_simple-Book-None-SideTable-329/trial_T20190908_050633_745514,21,1,0
alfworld,Mistral-7B-Instruct-v0.3,pick_and_place_simple-Book-None-Sofa-229/trial_T20190907_042856_259139,9,1,0
alfworld,Mistral-7B-Instruct-v0.3,pick_and_place_simple-Book-None-Sofa-229/trial_T20190907_042856_259139,14,1,1
alfworld,Mistral-7B-Instruct-v0.3,pick_and_place_simple-Book-None-Sofa-229/trial_T20190907_042856_259139,41,0,1
alfworld,Mistral-7B-Instruct-v0.3,pick_and_place_simple-Book-None-Sofa-229/trial_T20190907_042856_259139,42,0,1
alfworld,Mistral-7B-Instruct-v0.3,pick_and_place_simple-Bowl-None-CoffeeTable-201/trial_T20190907_171639_045329,5,1,0
alfworld,Mistral-7B-Instruct-v0.3,pick_and_place_simple-Bowl-None-CoffeeTable-201/trial_T20190907_171639_045329,14,1,0
alfworld,Mistral-7B-Instruct-v0.3,pick_and_place_simple-Bowl-None-CoffeeTable-201/trial_T20190907_171639_045329,16,1,0
alfworld,Mistral-7B-Instruct-v0.3,pick_and_place_simple-Bowl-None-CoffeeTable-201/trial_T20190907_171639_045329,24,1,0
alfworld,Mistral-7B-Instruct-v0.3,pick_and_place_simple-Bowl-None-CoffeeTable-201/trial_T20190907_171639_045329,25,0,1
alfworld,Mistral-7B-Instruct-v0.3,pick_and_place_simple-Bowl-None-CoffeeTable-201/trial_T20190907_171639_045329,33,1,0
alfworld,Mistral-7B-Instruct-v0.3,pick_and_place_simple-Box-None-Dresser-224/trial_T20190907_164104_229696,12,0,1
alfworld,Mistral-7B-Instruct-v0.3,pick_and_place_simple-Box-None-Dresser-224/trial_T20190907_164104_229696,13,1,0
alfworld,Mistral-7B-Instruct-v0.3,pick_and_place_simple-Box-None-Dresser-224/trial_T20190907_164104_229696,36,1,0
alfworld,Mistral-7B-Instruct-v0.3,pick_and_place_simple-Box-None-Dresser-224/trial_T20190907_164104_229696,44,1,0
alfworld,Mistral-7B-Instruct-v0.3,pick_and_place_simple-Box-None-Dresser-224/trial_T20190907_164104_229696,46,1,0
alfworld,Mistral-7B-Instruct-v0.3,pick_and_place_simple-Candle-None-Cart-401/trial_T20190909_081908_677973,4,1,0
alfworld,Mistral-7B-Instruct-v0.3,pick_and_place_simple-Candle-None-Cart-401/trial_T20190909_081908_677973,6,1,0
alfworld,Mistral-7B-Instruct-v0.3,pick_and_place_simple-Candle-None-Cart-401/trial_T20190909_081908_677973,31,1,0
alfworld,Mistral-7B-Instruct-v0.3,pick_and_place_simple-Candle-None-Cart-401/trial_T20190909_081908_677973,42,1,0
alfworld,Mistral-7B-Instruct-v0.3,pick_and_place_simple-Candle-None-Cart-401/trial_T20190909_081908_677973,44,0,1
alfworld,Mistral-7B-Instruct-v0.3,pick_and_place_simple-Candle-None-Toilet-407/trial_T20190909_055248_059513,5,1,0
alfworld,Mistral-7B-Instruct-v0.3,pick_and_place_simple-Candle-None-Toilet-407/trial_T20190909_055248_059513,8,1,0
alfworld,Mistral-7B-Instruct-v0.3,pick_and_place_simple-Candle-None-Toilet-407/trial_T20190909_055248_059513,11,1,0
alfworld,Mistral-7B-Instruct-v0.3,pick_and_place_simple-Candle-None-Toilet-407/trial_T20190909_055248_059513,24,1,0
alfworld,Mistral-7B-Instruct-v0.3,pick_and_place_simple-Candle-None-Toilet-407/trial_T20190909_055248_059513,29,0,1
alfworld,Mistral-7B-Instruct-v0.3,pick_and_place_simple-Candle-None-Toilet-407/trial_T20190909_055248_059513,35,1,0
alfworld,Mistral-7B-Instruct-v0.3,pick_and_place_simple-Candle-None-Toilet-429/trial_T20190908_052232_887934,2,1,0
alfworld,Mistral-7B-Instruct-v0.3,pick_and_place_simple-Candle-None-Toilet-429/trial_T20190908_052232_887934,4,1,0
alfworld,Mistral-7B-Instruct-v0.3,pick_and_place_simple-CellPhone-None-ArmChair-318/trial_T20190909_120047_968274,3,1,0
alfworld,Mistral-7B-Instruct-v0.3,pick_and_place_simple-CellPhone-None-ArmChair-318/trial_T20190909_120047_968274,6,1,0
alfworld,Mistral-7B-Instruct-v0.3,pick_and_place_simple-CellPhone-None-ArmChair-318/trial_T20190909_120047_968274,7,0,1
alfworld,Mistral-7B-Instruct-v0.3,pick_and_place_simple-CellPhone-None-ArmChair-318/trial_T20190909_120047_968274,8,1,0
alfworld,Mistral-7B-Instruct-v0.3,pick_and_place_simple-CellPhone-None-ArmChair-318/trial_T20190909_120047_968274,20,1,0
alfworld,Mistral-7B-Instruct-v0.3,pick_and_place_simple-CellPhone-None-ArmChair-318/trial_T20190909_120047_968274,21,1,0
alfworld,Mistral-7B-Instruct-v0.3,pick_and_place_simple-CellPhone-None-ArmChair-318/trial_T20190909_120047_968274,26,1,0
alfworld,Mistral-7B-Instruct-v0.3,pick_and_place_simple-CellPhone-None-ArmChair-318/trial_T20190909_120047_968274,41,1,0
alfworld,Mistral-7B-Instruct-v0.3,pick_and_place_simple-CellPhone-None-ArmChair-318/trial_T20190909_120047_968274,42,1,0
alfworld,Mistral-7B-Instruct-v0.3,pick_and_place_simple-CellPhone-None-Bed-324/trial_T20190907_233817_198528,3,0,1
alfworld,Mistral-7B-Instruct-v0.3,pick_and_place_simple-CellPhone-None-Bed-324/trial_T20190907_233817_198528,4,1,0
alfworld,Mistral-7B-Instruct-v0.3,pick_and_place_simple-CellPhone-None-Bed-324/trial_T20190907_233817_198528,10,1,0
alfworld,Mistral-7B-Instruct-v0.3,pick_and_place_simple-CellPhone-None-Bed-324/trial_T20190907_233817_198528,13,0,1
alfworld,Mistral-7B-Instruct-v0.3,pick_and_place_simple-CellPhone-None-Bed-324/trial_T20190907_233817_198528,22,0,1
alfworld,Mistral-7B-Instruct-v0.3,pick_and_place_simple-CellPhone-None-Bed-324/trial_T20190907_233817_198528,41,1,0
alfworld,Mistral-7B-Instruct-v0.3,pick_and_place_simple-CreditCard-None-ArmChair-201/trial_T20190908_124340_258012,14,0,1
alfworld,Mistral-7B-Instruct-v0.3,pick_and_place_simple-CreditCard-None-ArmChair-201/trial_T20190908_124340_258012,47,0,1
alfworld,Mistral-7B-Instruct-v0.3,pick_and_place_simple-CreditCard-None-Drawer-227/trial_T20190909_010644_297017,8,1,0
alfworld,Mistral-7B-Instruct-v0.3,pick_and_place_simple-CreditCard-None-Drawer-227/trial_T20190909_010644_297017,12,1,0
alfworld,Mistral-7B-Instruct-v0.3,pick_and_place_simple-CreditCard-None-Drawer-227/trial_T20190909_010644_297017,17,1,0
alfworld,Mistral-7B-Instruct-v0.3,pick_and_place_simple-CreditCard-None-Drawer-227/trial_T20190909_010644_297017,24,1,0
alfworld,Mistral-7B-Instruct-v0.3,pick_and_place_simple-CreditCard-None-Drawer-227/trial_T20190909_010644_297017,32,1,0
alfworld,Mistral-7B-Instruct-v0.3,pick_and_place_simple-CreditCard-None-Drawer-227/trial_T20190909_010644_297017,45,0,1
alfworld,Mistral-7B-Instruct-v0.3,pick_and_place_simple-Egg-None-Microwave-4/trial_T20190906_234406_356490,3,0,1
alfworld,Mistral-7B-Instruct-v0.3,pick_and_place_simple-Egg-None-Microwave-4/trial_T20190906_234406_356490,22,1,0
alfworld,Mistral-7B-Instruct-v0.3,pick_and_place_simple-Egg-None-Microwave-4/trial_T20190906_234406_356490,40,1,0
alfworld,Mistral-7B-Instruct-v0.3,pick_and_place_simple-Egg-None-Microwave-4/trial_T20190906_234406_356490,44,1,0
alfworld,Mistral-7B-Instruct-v0.3,pick_and_place_simple-Knife-None-SideTable-3/trial_T20190918_184236_557252,6,1,0
alfworld,Mistral-7B-Instruct-v0.3,pick_and_place_simple-Knife-None-SideTable-3/trial_T20190918_184236_557252,16,0,1
alfworld,Mistral-7B-Instruct-v0.3,pick_and_place_simple-Knife-None-SideTable-3/trial_T20190918_184236_557252,28,0,1
alfworld,Mistral-7B-Instruct-v0.3,pick_and_place_simple-Knife-None-SideTable-3/trial_T20190918_184236_557252,32,1,0
alfworld,Mistral-7B-Instruct-v0.3,pick_and_place_simple-Knife-None-SideTable-3/trial_T20190918_184236_557252,34,1,0
alfworld,Mistral-7B-Instruct-v0.3,pick_and_place_simple-Knife-None-SideTable-3/trial_T20190918_184236_557252,43,1,0
alfworld,Mistral-7B-Instruct-v0.3,pick_and_place_simple-Mug-None-Dresser-311/trial_T20190909_152837_739016,22,0,1
alfworld,Mistral-7B-Instruct-v0.3,pick_and_place_simple-Mug-None-Dresser-311/trial_T20190909_152837_739016,24,1,0
alfworld,Mistral-7B-Instruct-v0.3,pick_and_place_simple-Mug-None-Dresser-311/trial_T20190909_152837_739016,28,0,1
alfworld,Mistral-7B-Instruct-v0.3,pick_and_place_simple-Mug-None-Dresser-311/trial_T20190909_152837_739016,36,1,0
alfworld,Mistral-7B-Instruct-v0.3,pick_and_place_simple-Mug-None-Dresser-311/trial_T20190909_152837_739016,46,1,0
alfworld,Mistral-7B-Instruct-v0.3,pick_and_place_simple-Mug-None-SideTable-329/trial_T20190909_032318_169393,3,1,0
alfworld,Mistral-7B-Instruct-v0.3,pick_and_place_simple-Mug-None-SideTable-329/trial_T20190909_032318_169393,5,1,0
alfworld,Mistral-7B-Instruct-v0.3,pick_and_place_simple-Mug-None-SideTable-329/trial_T20190909_032318_169393,7,0,1
alfworld,Mistral-7B-Instruct-v0.3,pick_and_place_simple-Mug-None-SideTable-329/trial_T20190909_032318_169393,46,1,0
alfworld,Mistral-7B-Instruct-v0.3,pick_and_place_simple-Mug-None-SideTable-329/trial_T20190909_032340_274147,10,1,0
alfworld,Mistral-7B-Instruct-v0.3,pick_and_place_simple-Mug-None-SideTable-329/trial_T20190909_032340_274147,22,1,1
alfworld,Mistral-7B-Instruct-v0.3,pick_and_place_simple-Newspaper-None-Sofa-224/trial_T20190909_111324_949106,2,0,1
alfworld,Mistral-7B-Instruct-v0.3,pick_and_place_simple-Newspaper-None-Sofa-224/trial_T20190909_111324_949106,3,0,1
alfworld,Mistral-7B-Instruct-v0.3,pick_and_place_simple-Newspaper-None-Sofa-224/trial_T20190909_111324_949106,9,1,0
alfworld,Mistral-7B-Instruct-v0.3,pick_and_place_simple-Newspaper-None-Sofa-224/trial_T20190909_111324_949106,10,0,1
alfworld,Mistral-7B-Instruct-v0.3,pick_and_place_simple-Newspaper-None-Sofa-224/trial_T20190909_111324_949106,19,1,0
alfworld,Mistral-7B-Instruct-v0.3,pick_and_place_simple-Newspaper-None-Sofa-224/trial_T20190909_111324_949106,38,1,0
alfworld,Mistral-7B-Instruct-v0.3,pick_and_place_simple-Pencil-None-Desk-310/trial_T20190909_113054_894334,15,0,1
alfworld,Mistral-7B-Instruct-v0.3,pick_and_place_simple-Pencil-None-Desk-310/trial_T20190909_113054_894334,33,1,0
alfworld,Mistral-7B-Instruct-v0.3,pick_and_place_simple-Pencil-None-Desk-310/trial_T20190909_113054_894334,43,0,1
alfworld,Mistral-7B-Instruct-v0.3,pick_and_place_simple-Pencil-None-Desk-310/trial_T20190909_113054_894334,48,1,0
alfworld,Mistral-7B-Instruct-v0.3,pick_and_place_simple-RemoteControl-None-ArmChair-230/trial_T20190909_021000_274398,2,1,0
alfworld,Mistral-7B-Instruct-v0.3,pick_and_place_simple-RemoteControl-None-ArmChair-230/trial_T20190909_021000_274398,16,0,1
alfworld,Mistral-7B-Instruct-v0.3,pick_and_place_simple-RemoteControl-None-ArmChair-230/trial_T20190909_021000_274398,21,1,0
alfworld,Mistral-7B-Instruct-v0.3,pick_and_place_simple-RemoteControl-None-ArmChair-230/trial_T20190909_021000_274398,45,0,1
alfworld,Mistral-7B-Instruct-v0.3,pick_and_place_simple-RemoteControl-None-ArmChair-230/trial_T20190909_021000_274398,49,1,0
alfworld,Mistral-7B-Instruct-v0.3,pick_and_place_simple-SoapBar-None-Cart-401/trial_T20190907_054906_608944,4,1,1
alfworld,Mistral-7B-Instruct-v0.3,pick_and_place_simple-SoapBar-None-Cart-401/trial_T20190907_054906_608944,16,1,0
alfworld,Mistral-7B-Instruct-v0.3,pick_and_place_simple-SoapBar-None-Cart-401/trial_T20190907_054906_608944,20,1,0
alfworld,Mistral-7B-Instruct-v0.3,pick_and_place_simple-SoapBar-None-Cart-401/trial_T20190907_054906_608944,23,1,0
alfworld,Mistral-7B-Instruct-v0.3,pick_and_place_simple-SoapBar-None-Cart-401/trial_T20190907_054906_608944,32,1,0
alfworld,Mistral-7B-Instruct-v0.3,pick_and_place_simple-SoapBar-None-Cart-401/trial_T20190907_054906_608944,34,1,0
alfworld,Mistral-7B-Instruct-v0.3,pick_and_place_simple-SoapBar-None-Cart-401/trial_T20190907_054906_608944,38,1,0
alfworld,Mistral-7B-Instruct-v0.3,pick_and_place_simple-SoapBottle-None-Cabinet-414/trial_T20190908_110131_524518,1,1,0
alfworld,Mistral-7B-Instruct-v0.3,pick_and_place_simple-SoapBottle-None-Cabinet-414/trial_T20190908_110131_524518,2,0,1
alfworld,Mistral-7B-Instruct-v0.3,pick_and_place_simple-SoapBottle-None-Cabinet-414/trial_T20190908_110131_524518,4,1,0
alfworld,Mistral-7B-Instruct-v0.3,pick_and_place_simple-SoapBottle-None-Cabinet-414/trial_T20190908_110131_524518,27,1,0
alfworld,Mistral-7B-Instruct-v0.3,pick_and_place_simple-SoapBottle-None-Cabinet-414/trial_T20190908_110131_524518,30,1,0
alfworld,Mistral-7B-Instruct-v0.3,pick_and_place_simple-SoapBottle-None-Cabinet-414/trial_T20190908_110131_524518,33,1,0
alfworld,Mistral-7B-Instruct-v0.3,pick_and_place_simple-SoapBottle-None-Cabinet-414/trial_T20190908_110131_524518,35,1,0
alfworld,Mistral-7B-Instruct-v0.3,pick_and_place_simple-SoapBottle-None-CounterTop-417/trial_T20190910_112922_368384,2,0,1
alfworld,Mistral-7B-Instruct-v0.3,pick_and_place_simple-SoapBottle-None-CounterTop-417/trial_T20190910_112922_368384,5,1,0
alfworld,Mistral-7B-Instruct-v0.3,pick_and_place_simple-SoapBottle-None-CounterTop-417/trial_T20190910_112922_368384,6,1,1
alfworld,Mistral-7B-Instruct-v0.3,pick_and_place_simple-SoapBottle-None-CounterTop-417/trial_T20190910_112922_368384,11,0,1
alfworld,Mistral-7B-Instruct-v0.3,pick_and_place_simple-SoapBottle-None-CounterTop-417/trial_T20190910_112922_368384,31,1,0
alfworld,Mistral-7B-Instruct-v0.3,pick_and_place_simple-SoapBottle-None-CounterTop-417/trial_T20190910_112922_368384,36,1,0
alfworld,Mistral-7B-Instruct-v0.3,pick_and_place_simple-SprayBottle-None-Cabinet-413/trial_T20190907_114931_692464,2,1,0
alfworld,Mistral-7B-Instruct-v0.3,pick_and_place_simple-SprayBottle-None-Cabinet-413/trial_T20190907_114931_692464,6,1,0
alfworld,Mistral-7B-Instruct-v0.3,pick_and_place_simple-SprayBottle-None-Cabinet-413/trial_T20190907_114931_692464,8,1,0
alfworld,Mistral-7B-Instruct-v0.3,pick_and_place_simple-SprayBottle-None-Cabinet-413/trial_T20190907_114931_692464,19,1,0
alfworld,Mistral-7B-Instruct-v0.3,pick_and_place_simple-SprayBottle-None-Cabinet-413/trial_T20190907_114931_692464,22,1,0
alfworld,Mistral-7B-Instruct-v0.3,pick_and_place_simple-SprayBottle-None-Cabinet-413/trial_T20190907_114931_692464,25,1,1
alfworld,Mistral-7B-Instruct-v0.3,pick_and_place_simple-SprayBottle-None-Cabinet-413/trial_T20190907_114931_692464,34,1,1
alfworld,Mistral-7B-Instruct-v0.3,pick_and_place_simple-SprayBottle-None-Cabinet-413/trial_T20190907_114931_692464,39,0,1
alfworld,Mistral-7B-Instruct-v0.3,pick_and_place_simple-SprayBottle-None-GarbageCan-409/trial_T20190908_054742_818364,28,1,0
alfworld,Mistral-7B-Instruct-v0.3,pick_and_place_simple-SprayBottle-None-GarbageCan-409/trial_T20190908_054742_818364,30,0,1
alfworld,Mistral-7B-Instruct-v0.3,pick_and_place_simple-SprayBottle-None-GarbageCan-409/trial_T20190908_054742_818364,31,1,0
alfworld,Mistral-7B-Instruct-v0.3,pick_and_place_simple-SprayBottle-None-GarbageCan-409/trial_T20190908_054742_818364,33,1,0
alfworld,Mistral-7B-Instruct-v0.3,pick_and_place_simple-SprayBottle-None-GarbageCan-409/trial_T20190908_054742_818364,48,1,0
alfworld,Mistral-7B-Instruct-v0.3,pick_and_place_simple-SprayBottle-None-Toilet-415/trial_T20190909_075955_678702,1,1,0
alfworld,Mistral-7B-Instruct-v0.3,pick_and_place_simple-SprayBottle-None-Toilet-415/trial_T20190909_075955_678702,6,1,0
alfworld,Mistral-7B-Instruct-v0.3,pick_and_place_simple-SprayBottle-None-Toilet-415/trial_T20190909_075955_678702,12,1,0
alfworld,Mistral-7B-Instruct-v0.3,pick_and_place_simple-SprayBottle-None-Toilet-415/trial_T20190909_075955_678702,15,1,0
alfworld,Mistral-7B-Instruct-v0.3,pick_and_place_simple-SprayBottle-None-Toilet-418/trial_T20190906_190942_706186,10,1,0
alfworld,Mistral-7B-Instruct-v0.3,pick_and_place_simple-TissueBox-None-Toilet-426/trial_T20190910_155319_795672,2,0,1
alfworld,Mistral-7B-Instruct-v0.3,pick_and_place_simple-TissueBox-None-Toilet-426/trial_T20190910_155319_795672,6,1,0
alfworld,Mistral-7B-Instruct-v0.3,pick_and_place_simple-TissueBox-None-Toilet-426/trial_T20190910_155319_795672,7,1,1
alfworld,Mistral-7B-Instruct-v0.3,pick_and_place_simple-TissueBox-None-Toilet-426/trial_T20190910_155319_795672,10,0,1
alfworld,Mistral-7B-Instruct-v0.3,pick_and_place_simple-TissueBox-None-Toilet-426/trial_T20190910_155319_795672,12,1,0
alfworld,Mistral-7B-Instruct-v0.3,pick_and_place_simple-TissueBox-None-Toilet-426/trial_T20190910_155319_795672,17,1,0
alfworld,Mistral-7B-Instruct-v0.3,pick_and_place_simple-ToiletPaper-None-ToiletPaperHanger-406/trial_T20190908_122858_883968,4,0,1
alfworld,Mistral-7B-Instruct-v0.3,pick_and_place_simple-ToiletPaper-None-ToiletPaperHanger-406/trial_T20190908_122858_883968,13,0,1
alfworld,Mistral-7B-Instruct-v0.3,pick_and_place_simple-ToiletPaper-None-ToiletPaperHanger-415/trial_T20190908_050518_595510,5,1,0
alfworld,Mistral-7B-Instruct-v0.3,pick_and_place_simple-Tomato-None-Microwave-13/trial_T20190908_124829_632660,7,0,1
alfworld,Mistral-7B-Instruct-v0.3,pick_and_place_simple-Tomato-None-Microwave-13/trial_T20190908_124829_632660,16,0,1
alfworld,Mistral-7B-Instruct-v0.3,pick_and_place_simple-Tomato-None-Microwave-13/trial_T20190908_124829_632660,43,1,0
alfworld,Mistral-7B-Instruct-v0.3,pick_and_place_simple-Vase-None-CoffeeTable-207/trial_T20190909_091246_807206,1,1,0
alfworld,Mistral-7B-Instruct-v0.3,pick_and_place_simple-Watch-None-SideTable-222/trial_T20190909_051813_197569,13,1,0
alfworld,Mistral-7B-Instruct-v0.3,pick_and_place_simple-Watch-None-SideTable-222/trial_T20190909_051813_197569,23,1,0
alfworld,Mistral-7B-Instruct-v0.3,pick_and_place_simple-Watch-None-SideTable-222/trial_T20190909_051813_197569,39,1,0
alfworld,Mistral-7B-Instruct-v0.3,pick_and_place_simple-Watch-None-SideTable-222/trial_T20190909_051813_197569,49,1,1
alfworld,Mistral-7B-Instruct-v0.3,pick_and_place_simple-WineBottle-None-Shelf-7/trial_T20190907_200154_378982,1,1,0
alfworld,Mistral-7B-Instruct-v0.3,pick_and_place_simple-WineBottle-None-Shelf-7/trial_T20190907_200154_378982,2,1,0
alfworld,Mistral-7B-Instruct-v0.3,pick_and_place_simple-WineBottle-None-Shelf-7/trial_T20190907_200154_378982,6,1,0
alfworld,Mistral-7B-Instruct-v0.3,pick_and_place_simple-WineBottle-None-Shelf-7/trial_T20190907_200154_378982,17,1,0
alfworld,Mistral-7B-Instruct-v0.3,pick_clean_then_place_in_recep-ButterKnife-None-CounterTop-8/trial_T20190909_105559_983897,20,1,0
alfworld,Mistral-7B-Instruct-v0.3,pick_clean_then_place_in_recep-ButterKnife-None-CounterTop-8/trial_T20190909_105559_983897,42,1,0
alfworld,Mistral-7B-Instruct-v0.3,pick_clean_then_place_in_recep-ButterKnife-None-CounterTop-8/trial_T20190909_105559_983897,45,1,0
alfworld,Mistral-7B-Instruct-v0.3,pick_clean_then_place_in_recep-ButterKnife-None-DiningTable-16/trial_T20190909_114508_617301,8,1,1
alfworld,Mistral-7B-Instruct-v0.3,pick_clean_then_place_in_recep-ButterKnife-None-DiningTable-16/trial_T20190909_114508_617301,12,1,0
alfworld,Mistral-7B-Instruct-v0.3,pick_clean_then_place_in_recep-ButterKnife-None-DiningTable-16/trial_T20190909_114508_617301,44,1,0
alfworld,Mistral-7B-Instruct-v0.3,pick_clean_then_place_in_recep-ButterKnife-None-DiningTable-16/trial_T20190909_114508_617301,49,0,1
alfworld,Mistral-7B-Instruct-v0.3,pick_clean_then_place_in_recep-ButterKnife-None-Drawer-2/trial_T20190908_121728_511866,3,0,1
alfworld,Mistral-7B-Instruct-v0.3,pick_clean_then_place_in_recep-ButterKnife-None-Drawer-2/trial_T20190908_121728_511866,10,1,1
alfworld,Mistral-7B-Instruct-v0.3,pick_clean_then_place_in_recep-ButterKnife-None-Drawer-2/trial_T20190908_121728_511866,30,1,0
alfworld,Mistral-7B-Instruct-v0.3,pick_clean_then_place_in_recep-ButterKnife-None-Drawer-2/trial_T20190908_121728_511866,40,1,1
alfworld,Mistral-7B-Instruct-v0.3,pick_clean_then_place_in_recep-ButterKnife-None-Drawer-2/trial_T20190908_121728_511866,41,1,0
alfworld,Mistral-7B-Instruct-v0.3,pick_clean_then_place_in_recep-ButterKnife-None-Drawer-2/trial_T20190908_121728_511866,49,1,0
alfworld,Mistral-7B-Instruct-v0.3,pick_clean_then_place_in_recep-ButterKnife-None-Drawer-30/trial_T20190908_052007_212776,9,0,1
alfworld,Mistral-7B-Instruct-v0.3,pick_clean_then_place_in_recep-ButterKnife-None-Drawer-30/trial_T20190908_052007_212776,20,1,0
alfworld,Mistral-7B-Instruct-v0.3,pick_clean_then_place_in_recep-ButterKnife-None-Drawer-30/trial_T20190908_052007_212776,21,1,0
alfworld,Mistral-7B-Instruct-v0.3,pick_clean_then_place_in_recep-ButterKnife-None-Drawer-30/trial_T20190908_052007_212776,32,0,1
alfworld,Mistral-7B-Instruct-v0.3,pick_clean_then_place_in_recep-ButterKnife-None-Drawer-30/trial_T20190908_052007_212776,37,0,1
alfworld,Mistral-7B-Instruct-v0.3,pick_clean_then_place_in_recep-ButterKnife-None-Drawer-8/trial_T20190909_124425_112757,13,1,0
alfworld,Mistral-7B-Instruct-v0.3,pick_clean_then_place_in_recep-ButterKnife-None-Drawer-8/trial_T20190909_124425_112757,22,1,0
alfworld,Mistral-7B-Instruct-v0.3,pick_clean_then_place_in_recep-ButterKnife-None-Drawer-8/trial_T20190909_124425_112757,26,0,1
alfworld,Mistral-7B-Instruct-v0.3,pick_clean_then_place_in_recep-ButterKnife-None-Drawer-8/trial_T20190909_124425_112757,30,1,0
alfworld,Mistral-7B-Instruct-v0.3,pick_clean_then_place_in_recep-ButterKnife-None-Drawer-8/trial_T20190909_124425_112757,34,1,0
alfworld,Mistral-7B-Instruct-v0.3,pick_clean_then_place_in_recep-Cloth-None-Cabinet-405/trial_T20190907_080903_889497,14,1,0
alfworld,Mistral-7B-Instruct-v0.3,pick_clean_then_place_in_recep-Cloth-None-Cabinet-405/trial_T20190907_080903_889497,42,1,0
alfworld,Mistral-7B-Instruct-v0.3,pick_clean_then_place_in_recep-Cloth-None-Drawer-423/trial_T20190908_140701_251653,5,1,0
alfworld,Mistral-7B-Instruct-v0.3,pick_clean_then_place_in_recep-Cloth-None-Drawer-423/trial_T20190908_140701_251653,9,1,0
alfworld,Mistral-7B-Instruct-v0.3,pick_clean_then_place_in_recep-Cloth-None-Drawer-423/trial_T20190908_140701_251653,12,1,0
alfworld,Mistral-7B-Instruct-v0.3,pick_clean_then_place_in_recep-Cloth-None-Drawer-423/trial_T20190908_140701_251653,18,1,0
alfworld,Mistral-7B-Instruct-v0.3,pick_clean_then_place_in_recep-Cloth-None-Drawer-423/trial_T20190908_140701_251653,20,1,0
alfworld,Mistral-7B-Instruct-v0.3,pick_clean_then_place_in_recep-Cloth-None-Drawer-423/trial_T20190908_140701_251653,21,1,0
alfworld,Mistral-7B-Instruct-v0.3,pick_clean_then_place_in_recep-Cloth-None-Drawer-423/trial_T20190908_140701_251653,23,1,0
alfworld,Mistral-7B-Instruct-v0.3,pick_clean_then_place_in_recep-DishSponge-None-Cart-401/trial_T20190907_024634_972453,3,1,0
alfworld,Mistral-7B-Instruct-v0.3,pick_clean_then_place_in_recep-DishSponge-None-Cart-401/trial_T20190907_024634_972453,7,0,1
alfworld,Mistral-7B-Instruct-v0.3,pick_clean_then_place_in_recep-DishSponge-None-Cart-401/trial_T20190907_024634_972453,9,0,1
alfworld,Mistral-7B-Instruct-v0.3,pick_clean_then_place_in_recep-DishSponge-None-Cart-401/trial_T20190907_024634_972453,26,0,1
alfworld,Mistral-7B-Instruct-v0.3,pick_clean_then_place_in_recep-DishSponge-None-Cart-401/trial_T20190907_024634_972453,30,1,0
alfworld,Mistral-7B-Instruct-v0.3,pick_clean_then_place_in_recep-DishSponge-None-Cart-401/trial_T20190907_024634_972453,31,1,0
alfworld,Mistral-7B-Instruct-v0.3,pick_clean_then_place_in_recep-DishSponge-None-Cart-401/trial_T20190907_024634_972453,36,1,0
alfworld,Mistral-7B-Instruct-v0.3,pick_clean_then_place_in_recep-DishSponge-None-Cart-401/trial_T20190907_024634_972453,38,1,0
alfworld,Mistral-7B-Instruct-v0.3,pick_clean_then_place_in_recep-DishSponge-None-CounterTop-403/trial_T20190908_144357_621068,7,1,0
alfworld,Mistral-7B-Instruct-v0.3,pick_clean_then_place_in_recep-DishSponge-None-CounterTop-403/trial_T20190908_144357_621068,11,1,0
alfworld,Mistral-7B-Instruct-v0.3,pick_clean_then_place_in_recep-DishSponge-None-CounterTop-403/trial_T20190908_144357_621068,13,1,0
alfworld,Mistral-7B-Instruct-v0.3,pick_clean_then_place_in_recep-DishSponge-None-CounterTop-403/trial_T20190908_144357_621068,15,1,0
alfworld,Mistral-7B-Instruct-v0.3,pick_clean_then_place_in_recep-DishSponge-None-CounterTop-403/trial_T20190908_144357_621068,18,1,0
alfworld,Mistral-7B-Instruct-v0.3,pick_clean_then_place_in_recep-DishSponge-None-CounterTop-403/trial_T20190908_144357_621068,21,1,0
alfworld,Mistral-7B-Instruct-v0.3,pick_clean_then_place_in_recep-DishSponge-None-CounterTop-403/trial_T20190908_144357_621068,28,0,1
alfworld,Mistral-7B-Instruct-v0.3,pick_clean_then_place_in_recep-DishSponge-None-CounterTop-403/trial_T20190908_144357_621068,33,0,1
alfworld,Mistral-7B-Instruct-v0.3,pick_clean_then_place_in_recep-DishSponge-None-CounterTop-403/trial_T20190908_144357_621068,41,1,0
alfworld,Mistral-7B-Instruct-v0.3,pick_clean_then_place_in_recep-Fork-None-CounterTop-23/trial_T20190908_233922_171295,2,0,1
alfworld,Mistral-7B-Instruct-v0.3,pick_clean_then_place_in_recep-Fork-None-CounterTop-23/trial_T20190908_233922_171295,6,1,0
alfworld,Mistral-7B-Instruct-v0.3,pick_clean_then_place_in_recep-Fork-None-CounterTop-23/trial_T20190908_233922_171295,14,1,0
alfworld,Mistral-7B-Instruct-v0.3,pick_clean_then_place_in_recep-Fork-None-CounterTop-23/trial_T20190908_233922_171295,15,1,0
alfworld,Mistral-7B-Instruct-v0.3,pick_clean_then_place_in_recep-Fork-None-CounterTop-23/trial_T20190908_233922_171295,39,1,0
alfworld,Mistral-7B-Instruct-v0.3,pick_clean_then_place_in_recep-Fork-None-Drawer-8/trial_T20190908_132152_999725,1,0,1
alfworld,Mistral-7B-Instruct-v0.3,pick_clean_then_place_in_recep-Fork-None-Drawer-8/trial_T20190908_132152_999725,6,1,1
alfworld,Mistral-7B-Instruct-v0.3,pick_clean_then_place_in_recep-Fork-None-Drawer-8/trial_T20190908_132152_999725,15,1,0
alfworld,Mistral-7B-Instruct-v0.3,pick_clean_then_place_in_recep-Fork-None-Drawer-8/trial_T20190908_132152_999725,20,1,0
alfworld,Mistral-7B-Instruct-v0.3,pick_clean_then_place_in_recep-Fork-None-Drawer-8/trial_T20190908_132152_999725,48,0,1
alfworld,Mistral-7B-Instruct-v0.3,pick_clean_then_place_in_recep-Ladle-None-CounterTop-14/trial_T20190909_113844_191747,8,1,0
alfworld,Mistral-7B-Instruct-v0.3,pick_clean_then_place_in_recep-Ladle-None-CounterTop-14/trial_T20190909_113844_191747,13,1,0
alfworld,Mistral-7B-Instruct-v0.3,pick_clean_then_place_in_recep-Ladle-None-CounterTop-14/trial_T20190909_113844_191747,21,1,0
alfworld,Mistral-7B-Instruct-v0.3,pick_clean_then_place_in_recep-Ladle-None-CounterTop-14/trial_T20190909_113844_191747,33,1,0
alfworld,Mistral-7B-Instruct-v0.3,pick_clean_then_place_in_recep-Ladle-None-CounterTop-8/trial_T20190909_121908_219603,1,1,0
alfworld,Mistral-7B-Instruct-v0.3,pick_clean_then_place_in_recep-Ladle-None-CounterTop-8/trial_T20190909_121908_219603,4,1,0
alfworld,Mistral-7B-Instruct-v0.3,pick_clean_then_place_in_recep-Ladle-None-CounterTop-8/trial_T20190909_121908_219603,12,1,0
alfworld,Mistral-7B-Instruct-v0.3,pick_clean_then_place_in_recep-Ladle-None-CounterTop-8/trial_T20190909_121908_219603,15,1,0
alfworld,Mistral-7B-Instruct-v0.3,pick_clean_then_place_in_recep-Ladle-None-CounterTop-8/trial_T20190909_121908_219603,19,0,1
alfworld,Mistral-7B-Instruct-v0.3,pick_clean_then_place_in_recep-Ladle-None-CounterTop-8/trial_T20190909_121908_219603,29,1,0
alfworld,Mistral-7B-Instruct-v0.3,pick_clean_then_place_in_recep-Ladle-None-DiningTable-16/trial_T20190909_183724_205399,3,1,0
alfworld,Mistral-7B-Instruct-v0.3,pick_clean_then_place_in_recep-Ladle-None-DiningTable-16/trial_T20190909_183724_205399,5,0,1
alfworld,Mistral-7B-Instruct-v0.3,pick_clean_then_place_in_recep-Ladle-None-DiningTable-16/trial_T20190909_183724_205399,16,0,1
alfworld,Mistral-7B-Instruct-v0.3,pick_clean_then_place_in_recep-Ladle-None-DiningTable-16/trial_T20190909_183724_205399,25,0,1
alfworld,Mistral-7B-Instruct-v0.3,pick_clean_then_place_in_recep-Ladle-None-DiningTable-16/trial_T20190909_183724_205399,41,0,1
alfworld,Mistral-7B-Instruct-v0.3,pick_clean_then_place_in_recep-Ladle-None-DiningTable-16/trial_T20190909_183724_205399,42,0,1
alfworld,Mistral-7B-Instruct-v0.3,pick_clean_then_place_in_recep-Ladle-None-DiningTable-16/trial_T20190909_183724_205399,44,1,0
alfworld,Mistral-7B-Instruct-v0.3,pick_clean_then_place_in_recep-Ladle-None-DiningTable-27/trial_T20190911_131350_027076,3,1,0
alfworld,Mistral-7B-Instruct-v0.3,pick_clean_then_place_in_recep-Ladle-None-DiningTable-27/trial_T20190911_131350_027076,4,0,1
alfworld,Mistral-7B-Instruct-v0.3,pick_clean_then_place_in_recep-Ladle-None-DiningTable-27/trial_T20190911_131350_027076,7,0,1
alfworld,Mistral-7B-Instruct-v0.3,pick_clean_then_place_in_recep-Ladle-None-DiningTable-27/trial_T20190911_131350_027076,12,1,1
alfworld,Mistral-7B-Instruct-v0.3,pick_clean_then_place_in_recep-Ladle-None-DiningTable-27/trial_T20190911_131350_027076,29,1,0
alfworld,Mistral-7B-Instruct-v0.3,pick_clean_then_place_in_recep-Ladle-None-DiningTable-27/trial_T20190911_131350_027076,33,1,0
alfworld,Mistral-7B-Instruct-v0.3,pick_clean_then_place_in_recep-Ladle-None-DiningTable-27/trial_T20190911_131350_027076,42,1,0
alfworld,Mistral-7B-Instruct-v0.3,pick_clean_then_place_in_recep-Ladle-None-DiningTable-4/trial_T20190909_164840_568811,18,1,0
alfworld,Mistral-7B-Instruct-v0.3,pick_clean_then_place_in_recep-Lettuce-None-CounterTop-16/trial_T20190909_051630_092360,2,1,0
alfworld,Mistral-7B-Instruct-v0.3,pick_clean_then_place_in_recep-Lettuce-None-CounterTop-16/trial_T20190909_051630_092360,10,0,1
alfworld,Mistral-7B-Instruct-v0.3,pick_clean_then_place_in_recep-Lettuce-None-CounterTop-16/trial_T20190909_051630_092360,12,0,1
alfworld,Mistral-7B-Instruct-v0.3,pick_clean_then_place_in_recep-Lettuce-None-CounterTop-16/trial_T20190909_051630_092360,23,0,1
alfworld,Mistral-7B-Instruct-v0.3,pick_clean_then_place_in_recep-Lettuce-None-CounterTop-16/trial_T20190909_051630_092360,30,1,0
alfworld,Mistral-7B-Instruct-v0.3,pick_clean_then_place_in_recep-Lettuce-None-CounterTop-16/trial_T20190909_051630_092360,31,1,0
alfworld,Mistral-7B-Instruct-v0.3,pick_clean_then_place_in_recep-Lettuce-None-Fridge-19/trial_T20190908_100138_446072,2,1,0
alfworld,Mistral-7B-Instruct-v0.3,pick_clean_then_place_in_recep-Lettuce-None-Fridge-19/trial_T20190908_100138_446072,3,0,1
alfworld,Mistral-7B-Instruct-v0.3,pick_clean_then_place_in_recep-Lettuce-None-Fridge-19/trial_T20190908_100138_446072,18,1,0
alfworld,Mistral-7B-Instruct-v0.3,pick_clean_then_place_in_recep-Lettuce-None-Fridge-19/trial_T20190908_100138_446072,20,1,0
alfworld,Mistral-7B-Instruct-v0.3,pick_clean_then_place_in_recep-Lettuce-None-Fridge-19/trial_T20190908_100138_446072,30,1,0
alfworld,Mistral-7B-Instruct-v0.3,pick_clean_then_place_in_recep-Mug-None-CoffeeMachine-26/trial_T20190907_233056_022802,15,1,0
alfworld,Mistral-7B-Instruct-v0.3,pick_clean_then_place_in_recep-Mug-None-CoffeeMachine-26/trial_T20190907_233056_022802,18,0,1
alfworld,Mistral-7B-Instruct-v0.3,pick_clean_then_place_in_recep-Mug-None-CoffeeMachine-26/trial_T20190907_233056_022802,29,1,0
alfworld,Mistral-7B-Instruct-v0.3,pick_clean_then_place_in_recep-Mug-None-CoffeeMachine-26/trial_T20190907_233056_022802,32,0,1
alfworld,Mistral-7B-Instruct-v0.3,pick_clean_then_place_in_recep-Mug-None-CoffeeMachine-26/trial_T20190907_233056_022802,33,0,1
alfworld,Mistral-7B-Instruct-v0.3,pick_clean_then_place_in_recep-Mug-None-CoffeeMachine-26/trial_T20190907_233056_022802,36,0,1
alfworld,Mistral-7B-Instruct-v0.3,pick_clean_then_place_in_recep-Mug-None-CoffeeMachine-26/trial_T20190907_233056_022802,49,0,1
alfworld,Mistral-7B-Instruct-v0.3,pick_clean_then_place_in_recep-Plate-None-CounterTop-19/trial_T20190908_212725_836398,4,1,0
alfworld,Mistral-7B-Instruct-v0.3,pick_clean_then_place_in_recep-Plate-None-CounterTop-19/trial_T20190908_212725_836398,5,1,0
alfworld,Mistral-7B-Instruct-v0.3,pick_clean_then_place_in_recep-Plate-None-CounterTop-19/trial_T20190908_212725_836398,16,1,0
alfworld,Mistral-7B-Instruct-v0.3,pick_clean_then_place_in_recep-Plate-None-CounterTop-19/trial_T20190908_212725_836398,25,1,0
alfworld,Mistral-7B-Instruct-v0.3,pick_clean_then_place_in_recep-Plate-None-CounterTop-19/trial_T20190908_212725_836398,30,1,0
alfworld,Mistral-7B-Instruct-v0.3,pick_clean_then_place_in_recep-Plate-None-CounterTop-19/trial_T20190908_212725_836398,41,1,0
alfworld,Mistral-7B-Instruct-v0.3,pick_clean_then_place_in_recep-Plate-None-Fridge-5/trial_T20190909_112854_740612,5,1,0
alfworld,Mistral-7B-Instruct-v0.3,pick_clean_then_place_in_recep-Plate-None-Fridge-5/trial_T20190909_112854_740612,10,1,0
alfworld,Mistral-7B-Instruct-v0.3,pick_clean_then_place_in_recep-Plate-None-Fridge-5/trial_T20190909_112854_740612,14,1,0
alfworld,Mistral-7B-Instruct-v0.3,pick_clean_then_place_in_recep-Plate-None-Fridge-5/trial_T20190909_112854_740612,39,1,0
alfworld,Mistral-7B-Instruct-v0.3,pick_clean_then_place_in_recep-SoapBar-None-Cabinet-402/trial_T20190908_055221_984342,11,1,0
alfworld,Mistral-7B-Instruct-v0.3,pick_clean_then_place_in_recep-SoapBar-None-Cabinet-402/trial_T20190908_055221_984342,16,1,1
alfworld,Mistral-7B-Instruct-v0.3,pick_clean_then_place_in_recep-SoapBar-None-Cabinet-402/trial_T20190908_055221_984342,19,1,0
alfworld,Mistral-7B-Instruct-v0.3,pick_clean_then_place_in_recep-SoapBar-None-Cabinet-402/trial_T20190908_055221_984342,34,1,0
alfworld,Mistral-7B-Instruct-v0.3,pick_clean_then_place_in_recep-SoapBar-None-Cabinet-402/trial_T20190908_055221_984342,36,0,1
alfworld,Mistral-7B-Instruct-v0.3,pick_clean_then_place_in_recep-SoapBar-None-Drawer-423/trial_T20190906_202340_749336,5,1,0
alfworld,Mistral-7B-Instruct-v0.3,pick_clean_then_place_in_recep-SoapBar-None-Drawer-423/trial_T20190906_202340_749336,10,1,0
alfworld,Mistral-7B-Instruct-v0.3,pick_clean_then_place_in_recep-SoapBar-None-Drawer-423/trial_T20190906_202340_749336,11,1,0
alfworld,Mistral-7B-Instruct-v0.3,pick_clean_then_place_in_recep-SoapBar-None-Drawer-423/trial_T20190906_202340_749336,26,1,0
alfworld,Mistral-7B-Instruct-v0.3,pick_clean_then_place_in_recep-SoapBar-None-Drawer-423/trial_T20190906_202340_749336,39,1,0
alfworld,Mistral-7B-Instruct-v0.3,pick_clean_then_place_in_recep-SoapBar-None-Drawer-423/trial_T20190906_202340_749336,40,1,0
alfworld,Mistral-7B-Instruct-v0.3,pick_clean_then_place_in_recep-SoapBar-None-Toilet-410/trial_T20190906_201106_979461,21,0,1
alfworld,Mistral-7B-Instruct-v0.3,pick_clean_then_place_in_recep-SoapBar-None-Toilet-410/trial_T20190906_201106_979461,49,1,0
alfworld,Mistral-7B-Instruct-v0.3,pick_clean_then_place_in_recep-SoapBar-None-Toilet-428/trial_T20190907_041436_588106,3,1,0
alfworld,Mistral-7B-Instruct-v0.3,pick_clean_then_place_in_recep-SoapBar-None-Toilet-428/trial_T20190907_041436_588106,11,0,1
alfworld,Mistral-7B-Instruct-v0.3,pick_clean_then_place_in_recep-SoapBar-None-Toilet-428/trial_T20190907_041436_588106,26,1,0
alfworld,Mistral-7B-Instruct-v0.3,pick_clean_then_place_in_recep-SoapBar-None-Toilet-428/trial_T20190907_041436_588106,44,0,1
alfworld,Mistral-7B-Instruct-v0.3,pick_clean_then_place_in_recep-Spatula-None-DiningTable-4/trial_T20190909_002804_564168,4,1,0
alfworld,Mistral-7B-Instruct-v0.3,pick_clean_then_place_in_recep-Spatula-None-DiningTable-4/trial_T20190909_002804_564168,10,1,0
alfworld,Mistral-7B-Instruct-v0.3,pick_clean_then_place_in_recep-Tomato-None-CounterTop-25/trial_T20190909_012550_586494,3,0,1
alfworld,Mistral-7B-Instruct-v0.3,pick_clean_then_place_in_recep-Tomato-None-CounterTop-25/trial_T20190909_012550_586494,18,0,1
alfworld,Mistral-7B-Instruct-v0.3,pick_clean_then_place_in_recep-Tomato-None-CounterTop-25/trial_T20190909_012550_586494,23,1,0
alfworld,Mistral-7B-Instruct-v0.3,pick_clean_then_place_in_recep-Tomato-None-CounterTop-25/trial_T20190909_012550_586494,29,1,0
alfworld,Mistral-7B-Instruct-v0.3,pick_clean_then_place_in_recep-Tomato-None-CounterTop-25/trial_T20190909_012550_586494,40,1,0
alfworld,Mistral-7B-Instruct-v0.3,pick_clean_then_place_in_recep-Tomato-None-CounterTop-25/trial_T20190909_012550_586494,41,1,0
alfworld,Mistral-7B-Instruct-v0.3,pick_clean_then_place_in_recep-Tomato-None-CounterTop-25/trial_T20190909_012550_586494,46,1,0
alfworld,Mistral-7B-Instruct-v0.3,pick_cool_then_place_in_recep-Apple-None-CounterTop-14/trial_T20190909_044933_815840,6,1,0
alfworld,Mistral-7B-Instruct-v0.3,pick_cool_then_place_in_recep-Apple-None-CounterTop-14/trial_T20190909_044933_815840,20,1,0
alfworld,Mistral-7B-Instruct-v0.3,pick_cool_then_place_in_recep-Apple-None-CounterTop-14/trial_T20190909_044933_815840,37,1,0
alfworld,Mistral-7B-Instruct-v0.3,pick_cool_then_place_in_recep-Apple-None-CounterTop-14/trial_T20190909_044933_815840,38,0,1
alfworld,Mistral-7B-Instruct-v0.3,pick_cool_then_place_in_recep-Apple-None-CounterTop-14/trial_T20190909_044933_815840,42,1,0
alfworld,Mistral-7B-Instruct-v0.3,pick_cool_then_place_in_recep-Apple-None-CounterTop-14/trial_T20190909_044933_815840,45,1,1
alfworld,Mistral-7B-Instruct-v0.3,pick_cool_then_place_in_recep-Apple-None-GarbageCan-2/trial_T20190906_195943_081289,2,1,0
alfworld,Mistral-7B-Instruct-v0.3,pick_cool_then_place_in_recep-Apple-None-GarbageCan-2/trial_T20190906_195943_081289,5,1,0
alfworld,Mistral-7B-Instruct-v0.3,pick_cool_then_place_in_recep-Apple-None-GarbageCan-2/trial_T20190906_195943_081289,6,1,0
alfworld,Mistral-7B-Instruct-v0.3,pick_cool_then_place_in_recep-Apple-None-GarbageCan-2/trial_T20190906_195943_081289,8,1,0
alfworld,Mistral-7B-Instruct-v0.3,pick_cool_then_place_in_recep-Apple-None-GarbageCan-2/trial_T20190906_195943_081289,13,1,0
alfworld,Mistral-7B-Instruct-v0.3,pick_cool_then_place_in_recep-Apple-None-GarbageCan-2/trial_T20190906_195943_081289,15,1,0
alfworld,Mistral-7B-Instruct-v0.3,pick_cool_then_place_in_recep-Apple-None-GarbageCan-2/trial_T20190906_195943_081289,17,1,0
alfworld,Mistral-7B-Instruct-v0.3,pick_cool_then_place_in_recep-Apple-None-GarbageCan-2/trial_T20190906_195943_081289,27,0,1
alfworld,Mistral-7B-Instruct-v0.3,pick_cool_then_place_in_recep-Apple-None-GarbageCan-2/trial_T20190906_195943_081289,31,1,0
alfworld,Mistral-7B-Instruct-v0.3,pick_cool_then_place_in_recep-Apple-None-GarbageCan-2/trial_T20190906_195943_081289,32,0,1
alfworld,Mistral-7B-Instruct-v0.3,pick_cool_then_place_in_recep-Apple-None-GarbageCan-2/trial_T20190906_195943_081289,36,1,0
alfworld,Mistral-7B-Instruct-v0.3,pick_cool_then_place_in_recep-Apple-None-GarbageCan-2/trial_T20190906_195943_081289,44,1,0
alfworld,Mistral-7B-Instruct-v0.3,pick_cool_then_place_in_recep-Apple-None-Microwave-19/trial_T20190906_210937_878489,1,1,0
alfworld,Mistral-7B-Instruct-v0.3,pick_cool_then_place_in_recep-Apple-None-Microwave-19/trial_T20190906_210937_878489,6,1,1
alfworld,Mistral-7B-Instruct-v0.3,pick_cool_then_place_in_recep-Apple-None-Microwave-19/trial_T20190906_210937_878489,35,1,0
alfworld,Mistral-7B-Instruct-v0.3,pick_cool_then_place_in_recep-Apple-None-Microwave-5/trial_T20190908_150807_823817,1,1,0
alfworld,Mistral-7B-Instruct-v0.3,pick_cool_then_place_in_recep-Apple-None-Microwave-5/trial_T20190908_150807_823817,2,1,0
alfworld,Mistral-7B-Instruct-v0.3,pick_cool_then_place_in_recep-Apple-None-Microwave-5/trial_T20190908_150807_823817,3,1,1
alfworld,Mistral-7B-Instruct-v0.3,pick_cool_then_place_in_recep-Apple-None-Microwave-5/trial_T20190908_150807_823817,9,1,0
alfworld,Mistral-7B-Instruct-v0.3,pick_cool_then_place_in_recep-Apple-None-Microwave-5/trial_T20190908_150807_823817,25,0,1
alfworld,Mistral-7B-Instruct-v0.3,pick_cool_then_place_in_recep-Apple-None-Microwave-5/trial_T20190908_150807_823817,27,0,1
alfworld,Mistral-7B-Instruct-v0.3,pick_cool_then_place_in_recep-Apple-None-Microwave-5/trial_T20190908_150807_823817,48,0,1
alfworld,Mistral-7B-Instruct-v0.3,pick_cool_then_place_in_recep-Bowl-None-Cabinet-20/trial_T20190909_112912_154874,2,1,0
alfworld,Mistral-7B-Instruct-v0.3,pick_cool_then_place_in_recep-Bowl-None-Cabinet-20/trial_T20190909_112912_154874,4,1,0
alfworld,Mistral-7B-Instruct-v0.3,pick_cool_then_place_in_recep-Bowl-None-Cabinet-20/trial_T20190909_112912_154874,14,1,0
alfworld,Mistral-7B-Instruct-v0.3,pick_cool_then_place_in_recep-Bowl-None-Cabinet-20/trial_T20190909_112912_154874,24,1,0
alfworld,Mistral-7B-Instruct-v0.3,pick_cool_then_place_in_recep-Bowl-None-Cabinet-20/trial_T20190909_112912_154874,41,1,0
alfworld,Mistral-7B-Instruct-v0.3,pick_cool_then_place_in_recep-Bread-None-CounterTop-7/trial_T20190909_045605_307949,2,0,1
alfworld,Mistral-7B-Instruct-v0.3,pick_cool_then_place_in_recep-Bread-None-CounterTop-7/trial_T20190909_045605_307949,3,0,1
alfworld,Mistral-7B-Instruct-v0.3,pick_cool_then_place_in_recep-Bread-None-CounterTop-7/trial_T20190909_045605_307949,8,0,1
alfworld,Mistral-7B-Instruct-v0.3,pick_cool_then_place_in_recep-Bread-None-CounterTop-7/trial_T20190909_045605_307949,12,1,0
alfworld,Mistral-7B-Instruct-v0.3,pick_cool_then_place_in_recep-Bread-None-CounterTop-7/trial_T20190909_045605_307949,26,0,1
alfworld,Mistral-7B-Instruct-v0.3,pick_cool_then_place_in_recep-Bread-None-CounterTop-7/trial_T20190909_045605_307949,29,1,0
alfworld,Mistral-7B-Instruct-v0.3,pick_cool_then_place_in_recep-Bread-None-CounterTop-7/trial_T20190909_045605_307949,32,0,1
alfworld,Mistral-7B-Instruct-v0.3,pick_cool_then_place_in_recep-Bread-None-CounterTop-7/trial_T20190909_045605_307949,36,1,0
alfworld,Mistral-7B-Instruct-v0.3,pick_cool_then_place_in_recep-Cup-None-Microwave-17/trial_T20190906_192817_654400,4,1,0
alfworld,Mistral-7B-Instruct-v0.3,pick_cool_then_place_in_recep-Cup-None-Microwave-17/trial_T20190906_192817_654400,5,1,0
alfworld,Mistral-7B-Instruct-v0.3,pick_cool_then_place_in_recep-Cup-None-Microwave-17/trial_T20190906_192817_654400,11,1,0
alfworld,Mistral-7B-Instruct-v0.3,pick_cool_then_place_in_recep-Cup-None-Microwave-17/trial_T20190906_192817_654400,12,1,0
alfworld,Mistral-7B-Instruct-v0.3,pick_cool_then_place_in_recep-Cup-None-Microwave-17/trial_T20190906_192817_654400,26,1,0
alfworld,Mistral-7B-Instruct-v0.3,pick_cool_then_place_in_recep-Cup-None-Microwave-17/trial_T20190906_192817_654400,37,1,0
alfworld,Mistral-7B-Instruct-v0.3,pick_cool_then_place_in_recep-Cup-None-Microwave-17/trial_T20190906_192817_654400,41,1,0
alfworld,Mistral-7B-Instruct-v0.3,pick_cool_then_place_in_recep-Cup-None-SideTable-21/trial_T20190906_192823_237997,19,1,1
alfworld,Mistral-7B-Instruct-v0.3,pick_cool_then_place_in_recep-Cup-None-SideTable-21/trial_T20190906_192823_237997,24,0,1
alfworld,Mistral-7B-Instruct-v0.3,pick_cool_then_place_in_recep-Cup-None-SideTable-21/trial_T20190906_192823_237997,46,1,0
alfworld,Mistral-7B-Instruct-v0.3,pick_cool_then_place_in_recep-Cup-None-SideTable-21/trial_T20190906_192823_237997,47,1,0
alfworld,Mistral-7B-Instruct-v0.3,pick_cool_then_place_in_recep-Egg-None-Microwave-24/trial_T20190908_234112_645480,1,0,1
alfworld,Mistral-7B-Instruct-v0.3,pick_cool_then_place_in_recep-Egg-None-Microwave-24/trial_T20190908_234112_645480,7,1,0
alfworld,Mistral-7B-Instruct-v0.3,pick_cool_then_place_in_recep-Egg-None-Microwave-24/trial_T20190908_234112_645480,10,0,1
alfworld,Mistral-7B-Instruct-v0.3,pick_cool_then_place_in_recep-Egg-None-Microwave-24/trial_T20190908_234112_645480,25,1,0
alfworld,Mistral-7B-Instruct-v0.3,pick_cool_then_place_in_recep-Egg-None-Microwave-24/trial_T20190908_234112_645480,44,0,1
alfworld,Mistral-7B-Instruct-v0.3,pick_cool_then_place_in_recep-Lettuce-None-CounterTop-1/trial_T20190908_042713_075616,37,1,0
alfworld,Mistral-7B-Instruct-v0.3,pick_cool_then_place_in_recep-Lettuce-None-CounterTop-1/trial_T20190908_042713_075616,42,1,0
alfworld,Mistral-7B-Instruct-v0.3,pick_cool_then_place_in_recep-Lettuce-None-CounterTop-11/trial_T20190908_222555_651605,8,1,0
alfworld,Mistral-7B-Instruct-v0.3,pick_cool_then_place_in_recep-Lettuce-None-CounterTop-11/trial_T20190908_222555_651605,21,1,0
alfworld,Mistral-7B-Instruct-v0.3,pick_cool_then_place_in_recep-Lettuce-None-CounterTop-11/trial_T20190908_222555_651605,28,1,0
alfworld,Mistral-7B-Instruct-v0.3,pick_cool_then_place_in_recep-Mug-None-CoffeeMachine-16/trial_T20190908_184242_348366,6,1,0
alfworld,Mistral-7B-Instruct-v0.3,pick_cool_then_place_in_recep-Mug-None-CoffeeMachine-16/trial_T20190908_184242_348366,19,1,0
alfworld,Mistral-7B-Instruct-v0.3,pick_cool_then_place_in_recep-Mug-None-CoffeeMachine-16/trial_T20190908_184242_348366,22,1,0
alfworld,Mistral-7B-Instruct-v0.3,pick_cool_then_place_in_recep-Mug-None-CoffeeMachine-16/trial_T20190908_184242_348366,23,0,1
alfworld,Mistral-7B-Instruct-v0.3,pick_cool_then_place_in_recep-Mug-None-CoffeeMachine-16/trial_T20190908_184242_348366,29,0,1
alfworld,Mistral-7B-Instruct-v0.3,pick_cool_then_place_in_recep-Mug-None-CoffeeMachine-16/trial_T20190908_184242_348366,45,1,0
alfworld,Mistral-7B-Instruct-v0.3,pick_cool_then_place_in_recep-Mug-None-CoffeeMachine-16/trial_T20190908_184242_348366,47,1,0
alfworld,Mistral-7B-Instruct-v0.3,pick_cool_then_place_in_recep-Pan-None-DiningTable-7/trial_T20190908_232648_241836,2,1,0
alfworld,Mistral-7B-Instruct-v0.3,pick_cool_then_place_in_recep-Pan-None-DiningTable-7/trial_T20190908_232648_241836,8,1,0
alfworld,Mistral-7B-Instruct-v0.3,pick_cool_then_place_in_recep-Pan-None-DiningTable-7/trial_T20190908_232648_241836,19,0,1
alfworld,Mistral-7B-Instruct-v0.3,pick_cool_then_place_in_recep-Pan-None-DiningTable-7/trial_T20190908_232648_241836,20,1,0
alfworld,Mistral-7B-Instruct-v0.3,pick_cool_then_place_in_recep-Pan-None-DiningTable-7/trial_T20190908_232648_241836,24,1,0
alfworld,Mistral-7B-Instruct-v0.3,pick_cool_then_place_in_recep-Pan-None-DiningTable-7/trial_T20190908_232648_241836,28,1,0
alfworld,Mistral-7B-Instruct-v0.3,pick_cool_then_place_in_recep-Pan-None-DiningTable-7/trial_T20190908_232648_241836,29,0,1
alfworld,Mistral-7B-Instruct-v0.3,pick_cool_then_place_in_recep-Pan-None-DiningTable-7/trial_T20190908_232648_241836,31,1,0
alfworld,Mistral-7B-Instruct-v0.3,pick_cool_then_place_in_recep-Pan-None-DiningTable-7/trial_T20190908_232648_241836,34,1,0
alfworld,Mistral-7B-Instruct-v0.3,pick_cool_then_place_in_recep-Pan-None-DiningTable-7/trial_T20190908_232648_241836,35,1,0
alfworld,Mistral-7B-Instruct-v0.3,pick_cool_then_place_in_recep-Pan-None-DiningTable-7/trial_T20190908_232648_241836,41,1,0
alfworld,Mistral-7B-Instruct-v0.3,pick_cool_then_place_in_recep-Pan-None-DiningTable-7/trial_T20190908_232648_241836,46,1,0
alfworld,Mistral-7B-Instruct-v0.3,pick_cool_then_place_in_recep-Pan-None-StoveBurner-18/trial_T20190906_181023_216915,9,0,1
alfworld,Mistral-7B-Instruct-v0.3,pick_cool_then_place_in_recep-Pan-None-StoveBurner-18/trial_T20190906_181023_216915,17,1,1
alfworld,Mistral-7B-Instruct-v0.3,pick_cool_then_place_in_recep-Pan-None-StoveBurner-18/trial_T20190906_181023_216915,18,1,0
alfworld,Mistral-7B-Instruct-v0.3,pick_cool_then_place_in_recep-Pan-None-StoveBurner-18/trial_T20190906_181023_216915,47,1,0
alfworld,Mistral-7B-Instruct-v0.3,pick_cool_then_place_in_recep-Pan-None-StoveBurner-23/trial_T20190906_215856_374127,1,1,0
alfworld,Mistral-7B-Instruct-v0.3,pick_cool_then_place_in_recep-Pan-None-StoveBurner-23/trial_T20190906_215856_374127,6,1,0
alfworld,Mistral-7B-Instruct-v0.3,pick_cool_then_place_in_recep-Pan-None-StoveBurner-23/trial_T20190906_215856_374127,14,1,0
alfworld,Mistral-7B-Instruct-v0.3,pick_cool_then_place_in_recep-Pan-None-StoveBurner-23/trial_T20190906_215856_374127,25,0,1
alfworld,Mistral-7B-Instruct-v0.3,pick_cool_then_place_in_recep-Pan-None-StoveBurner-23/trial_T20190906_215856_374127,34,0,1
alfworld,Mistral-7B-Instruct-v0.3,pick_cool_then_place_in_recep-Pan-None-StoveBurner-23/trial_T20190906_215856_374127,40,1,0
alfworld,Mistral-7B-Instruct-v0.3,pick_cool_then_place_in_recep-Plate-None-Cabinet-27/trial_T20190906_173120_350651,5,0,1
alfworld,Mistral-7B-Instruct-v0.3,pick_cool_then_place_in_recep-Plate-None-Cabinet-27/trial_T20190906_173120_350651,13,1,1
alfworld,Mistral-7B-Instruct-v0.3,pick_cool_then_place_in_recep-Plate-None-Cabinet-27/trial_T20190906_173120_350651,16,1,0
alfworld,Mistral-7B-Instruct-v0.3,pick_cool_then_place_in_recep-Plate-None-Cabinet-27/trial_T20190906_173120_350651,19,0,1
alfworld,Mistral-7B-Instruct-v0.3,pick_cool_then_place_in_recep-Plate-None-Cabinet-27/trial_T20190906_173120_350651,30,1,0
alfworld,Mistral-7B-Instruct-v0.3,pick_cool_then_place_in_recep-Plate-None-Cabinet-27/trial_T20190906_173120_350651,38,1,0
alfworld,Mistral-7B-Instruct-v0.3,pick_cool_then_place_in_recep-Plate-None-Cabinet-7/trial_T20190907_231206_512424,2,1,0
alfworld,Mistral-7B-Instruct-v0.3,pick_cool_then_place_in_recep-Plate-None-Cabinet-7/trial_T20190907_231206_512424,24,1,0
alfworld,Mistral-7B-Instruct-v0.3,pick_cool_then_place_in_recep-Plate-None-Cabinet-7/trial_T20190907_231206_512424,30,1,0
alfworld,Mistral-7B-Instruct-v0.3,pick_cool_then_place_in_recep-Plate-None-Cabinet-7/trial_T20190907_231206_512424,44,1,0
alfworld,Mistral-7B-Instruct-v0.3,pick_cool_then_place_in_recep-Plate-None-Cabinet-7/trial_T20190907_231206_512424,49,1,0
alfworld,Mistral-7B-Instruct-v0.3,pick_cool_then_place_in_recep-Plate-None-CounterTop-1/trial_T20190906_205324_559361,2,1,0
alfworld,Mistral-7B-Instruct-v0.3,pick_cool_then_place_in_recep-Plate-None-CounterTop-1/trial_T20190906_205324_559361,5,0,1
alfworld,Mistral-7B-Instruct-v0.3,pick_cool_then_place_in_recep-Plate-None-CounterTop-1/trial_T20190906_205324_559361,22,1,0
alfworld,Mistral-7B-Instruct-v0.3,pick_cool_then_place_in_recep-Plate-None-CounterTop-1/trial_T20190906_205324_559361,23,1,0
alfworld,Mistral-7B-Instruct-v0.3,pick_cool_then_place_in_recep-Plate-None-CounterTop-1/trial_T20190906_205324_559361,41,1,0
alfworld,Mistral-7B-Instruct-v0.3,pick_cool_then_place_in_recep-Plate-None-CounterTop-1/trial_T20190906_205324_559361,43,1,0
alfworld,Mistral-7B-Instruct-v0.3,pick_cool_then_place_in_recep-Pot-None-DiningTable-21/trial_T20190909_004531_429065,7,1,0
alfworld,Mistral-7B-Instruct-v0.3,pick_cool_then_place_in_recep-Pot-None-DiningTable-21/trial_T20190909_004531_429065,14,1,1
alfworld,Mistral-7B-Instruct-v0.3,pick_cool_then_place_in_recep-Pot-None-DiningTable-21/trial_T20190909_004531_429065,15,1,0
alfworld,Mistral-7B-Instruct-v0.3,pick_cool_then_place_in_recep-Pot-None-DiningTable-21/trial_T20190909_004531_429065,20,0,1
alfworld,Mistral-7B-Instruct-v0.3,pick_cool_then_place_in_recep-Pot-None-DiningTable-21/trial_T20190909_004531_429065,30,1,0
alfworld,Mistral-7B-Instruct-v0.3,pick_cool_then_place_in_recep-Pot-None-DiningTable-21/trial_T20190909_004531_429065,43,1,0
alfworld,Mistral-7B-Instruct-v0.3,pick_cool_then_place_in_recep-Tomato-None-CounterTop-12/trial_T20190909_063754_216554,2,0,1
alfworld,Mistral-7B-Instruct-v0.3,pick_cool_then_place_in_recep-Tomato-None-CounterTop-12/trial_T20190909_063754_216554,3,0,1
alfworld,Mistral-7B-Instruct-v0.3,pick_cool_then_place_in_recep-Tomato-None-CounterTop-12/trial_T20190909_063754_216554,7,1,0
alfworld,Mistral-7B-Instruct-v0.3,pick_cool_then_place_in_recep-Tomato-None-CounterTop-12/trial_T20190909_063754_216554,11,1,0
alfworld,Mistral-7B-Instruct-v0.3,pick_cool_then_place_in_recep-Tomato-None-CounterTop-12/trial_T20190909_063754_216554,17,1,1
alfworld,Mistral-7B-Instruct-v0.3,pick_cool_then_place_in_recep-Tomato-None-CounterTop-12/trial_T20190909_063754_216554,34,1,0
alfworld,Mistral-7B-Instruct-v0.3,pick_cool_then_place_in_recep-Tomato-None-CounterTop-12/trial_T20190909_063754_216554,35,1,0
alfworld,Mistral-7B-Instruct-v0.3,pick_cool_then_place_in_recep-Tomato-None-CounterTop-12/trial_T20190909_063844_274181,16,1,0
alfworld,Mistral-7B-Instruct-v0.3,pick_cool_then_place_in_recep-Tomato-None-CounterTop-12/trial_T20190909_063844_274181,17,1,0
alfworld,Mistral-7B-Instruct-v0.3,pick_cool_then_place_in_recep-Tomato-None-CounterTop-12/trial_T20190909_063844_274181,30,1,0
alfworld,Mistral-7B-Instruct-v0.3,pick_cool_then_place_in_recep-Tomato-None-CounterTop-12/trial_T20190909_063844_274181,31,0,1
alfworld,Mistral-7B-Instruct-v0.3,pick_cool_then_place_in_recep-Tomato-None-CounterTop-12/trial_T20190909_063844_274181,40,1,0
alfworld,Mistral-7B-Instruct-v0.3,pick_cool_then_place_in_recep-Tomato-None-CounterTop-12/trial_T20190909_063844_274181,42,1,0
alfworld,Mistral-7B-Instruct-v0.3,pick_cool_then_place_in_recep-Tomato-None-CounterTop-12/trial_T20190909_063844_274181,43,0,1
alfworld,Mistral-7B-Instruct-v0.3,pick_cool_then_place_in_recep-Tomato-None-CounterTop-12/trial_T20190909_063844_274181,44,0,1
alfworld,Mistral-7B-Instruct-v0.3,pick_cool_then_place_in_recep-Tomato-None-CounterTop-12/trial_T20190909_063844_274181,48,1,0
alfworld,Mistral-7B-Instruct-v0.3,pick_cool_then_place_in_recep-Tomato-None-GarbageCan-6/trial_T20190909_082934_483899,6,0,1
alfworld,Mistral-7B-Instruct-v0.3,pick_cool_then_place_in_recep-Tomato-None-GarbageCan-6/trial_T20190909_082934_483899,19,1,1
alfworld,Mistral-7B-Instruct-v0.3,pick_cool_then_place_in_recep-Tomato-None-GarbageCan-6/trial_T20190909_082934_483899,29,1,0
alfworld,Mistral-7B-Instruct-v0.3,pick_cool_then_place_in_recep-Tomato-None-GarbageCan-6/trial_T20190909_082934_483899,39,1,0
alfworld,Mistral-7B-Instruct-v0.3,pick_cool_then_place_in_recep-Tomato-None-Microwave-13/trial_T20190910_173916_331859,29,1,0
alfworld,Mistral-7B-Instruct-v0.3,pick_cool_then_place_in_recep-Tomato-None-Microwave-18/trial_T20190909_012524_159092,2,1,0
alfworld,Mistral-7B-Instruct-v0.3,pick_cool_then_place_in_recep-Tomato-None-Microwave-18/trial_T20190909_012524_159092,3,0,1
alfworld,Mistral-7B-Instruct-v0.3,pick_cool_then_place_in_recep-Tomato-None-Microwave-18/trial_T20190909_012524_159092,4,1,0
alfworld,Mistral-7B-Instruct-v0.3,pick_cool_then_place_in_recep-Tomato-None-Microwave-18/trial_T20190909_012524_159092,20,1,0
alfworld,Mistral-7B-Instruct-v0.3,pick_cool_then_place_in_recep-Tomato-None-Microwave-18/trial_T20190909_012524_159092,38,1,0
alfworld,Mistral-7B-Instruct-v0.3,pick_cool_then_place_in_recep-WineBottle-None-DiningTable-17/trial_T20190908_024426_412044,3,0,1
alfworld,Mistral-7B-Instruct-v0.3,pick_cool_then_place_in_recep-WineBottle-None-DiningTable-17/trial_T20190908_024426_412044,19,1,0
alfworld,Mistral-7B-Instruct-v0.3,pick_cool_then_place_in_recep-WineBottle-None-DiningTable-17/trial_T20190908_024426_412044,26,1,0
alfworld,Mistral-7B-Instruct-v0.3,pick_heat_then_place_in_recep-Apple-None-DiningTable-26/trial_T20190907_060234_011675,8,1,0
alfworld,Mistral-7B-Instruct-v0.3,pick_heat_then_place_in_recep-Apple-None-DiningTable-26/trial_T20190907_060234_011675,14,1,0
alfworld,Mistral-7B-Instruct-v0.3,pick_heat_then_place_in_recep-Apple-None-DiningTable-26/trial_T20190907_060234_011675,15,1,0
alfworld,Mistral-7B-Instruct-v0.3,pick_heat_then_place_in_recep-Apple-None-DiningTable-26/trial_T20190907_060234_011675,21,0,1
alfworld,Mistral-7B-Instruct-v0.3,pick_heat_then_place_in_recep-Apple-None-DiningTable-26/trial_T20190907_060234_011675,28,1,0
alfworld,Mistral-7B-Instruct-v0.3,pick_heat_then_place_in_recep-Apple-None-DiningTable-26/trial_T20190907_060234_011675,32,1,0
alfworld,Mistral-7B-Instruct-v0.3,pick_heat_then_place_in_recep-Cup-None-Cabinet-22/trial_T20190907_173251_960848,8,0,1
alfworld,Mistral-7B-Instruct-v0.3,pick_heat_then_place_in_recep-Cup-None-Cabinet-22/trial_T20190907_173251_960848,13,0,1
alfworld,Mistral-7B-Instruct-v0.3,pick_heat_then_place_in_recep-Egg-None-CounterTop-2/trial_T20190908_122951_021026,3,0,1
alfworld,Mistral-7B-Instruct-v0.3,pick_heat_then_place_in_recep-Egg-None-CounterTop-2/trial_T20190908_122951_021026,9,0,1
alfworld,Mistral-7B-Instruct-v0.3,pick_heat_then_place_in_recep-Egg-None-CounterTop-2/trial_T20190908_122951_021026,12,1,0
alfworld,Mistral-7B-Instruct-v0.3,pick_heat_then_place_in_recep-Egg-None-CounterTop-2/trial_T20190908_122951_021026,16,1,0
alfworld,Mistral-7B-Instruct-v0.3,pick_heat_then_place_in_recep-Egg-None-CounterTop-2/trial_T20190908_122951_021026,17,1,0
alfworld,Mistral-7B-Instruct-v0.3,pick_heat_then_place_in_recep-Egg-None-CounterTop-2/trial_T20190908_122951_021026,21,1,0
alfworld,Mistral-7B-Instruct-v0.3,pick_heat_then_place_in_recep-Egg-None-CounterTop-2/trial_T20190908_122951_021026,22,1,0
alfworld,Mistral-7B-Instruct-v0.3,pick_heat_then_place_in_recep-Egg-None-CounterTop-2/trial_T20190908_122951_021026,31,1,0
alfworld,Mistral-7B-Instruct-v0.3,pick_heat_then_place_in_recep-Egg-None-CounterTop-2/trial_T20190908_122951_021026,36,1,0
alfworld,Mistral-7B-Instruct-v0.3,pick_heat_then_place_in_recep-Egg-None-CounterTop-2/trial_T20190908_122951_021026,40,1,1
alfworld,Mistral-7B-Instruct-v0.3,pick_heat_then_place_in_recep-Egg-None-CounterTop-2/trial_T20190908_122951_021026,47,0,1
alfworld,Mistral-7B-Instruct-v0.3,pick_heat_then_place_in_recep-Egg-None-Fridge-14/trial_T20190909_091314_636733,36,0,1
alfworld,Mistral-7B-Instruct-v0.3,pick_heat_then_place_in_recep-Egg-None-Fridge-14/trial_T20190909_091314_636733,45,1,1
alfworld,Mistral-7B-Instruct-v0.3,pick_heat_then_place_in_recep-Mug-None-Cabinet-26/trial_T20190909_062333_424779,2,0,1
alfworld,Mistral-7B-Instruct-v0.3,pick_heat_then_place_in_recep-Mug-None-Cabinet-26/trial_T20190909_062333_424779,3,1,0
alfworld,Mistral-7B-Instruct-v0.3,pick_heat_then_place_in_recep-Mug-None-Cabinet-26/trial_T20190909_062333_424779,19,1,0
alfworld,Mistral-7B-Instruct-v0.3,pick_heat_then_place_in_recep-Mug-None-Cabinet-26/trial_T20190909_062333_424779,20,1,0
alfworld,Mistral-7B-Instruct-v0.3,pick_heat_then_place_in_recep-Mug-None-Cabinet-26/trial_T20190909_062333_424779,41,1,1
alfworld,Mistral-7B-Instruct-v0.3,pick_heat_then_place_in_recep-Mug-None-Cabinet-3/trial_T20190909_014639_335717,3,1,0
alfworld,Mistral-7B-Instruct-v0.3,pick_heat_then_place_in_recep-Mug-None-Cabinet-3/trial_T20190909_014639_335717,9,1,0
alfworld,Mistral-7B-Instruct-v0.3,pick_heat_then_place_in_recep-Mug-None-Cabinet-3/trial_T20190909_014639_335717,41,0,1
alfworld,Mistral-7B-Instruct-v0.3,pick_heat_then_place_in_recep-Mug-None-Cabinet-3/trial_T20190909_014639_335717,44,1,0
alfworld,Mistral-7B-Instruct-v0.3,pick_heat_then_place_in_recep-Mug-None-CoffeeMachine-1/trial_T20190907_222640_487432,2,0,1
alfworld,Mistral-7B-Instruct-v0.3,pick_heat_then_place_in_recep-Mug-None-CoffeeMachine-1/trial_T20190907_222640_487432,28,1,0
alfworld,Mistral-7B-Instruct-v0.3,pick_heat_then_place_in_recep-Mug-None-CoffeeMachine-1/trial_T20190907_222640_487432,29,0,1
alfworld,Mistral-7B-Instruct-v0.3,pick_heat_then_place_in_recep-Mug-None-CoffeeMachine-1/trial_T20190907_222640_487432,34,1,1
alfworld,Mistral-7B-Instruct-v0.3,pick_heat_then_place_in_recep-Mug-None-CoffeeMachine-1/trial_T20190907_222640_487432,47,1,0
alfworld,Mistral-7B-Instruct-v0.3,pick_heat_then_place_in_recep-Mug-None-SideTable-21/trial_T20190909_090729_088825,13,1,0
alfworld,Mistral-7B-Instruct-v0.3,pick_heat_then_place_in_recep-Mug-None-SideTable-21/trial_T20190909_090729_088825,17,1,0
alfworld,Mistral-7B-Instruct-v0.3,pick_heat_then_place_in_recep-Mug-None-SideTable-21/trial_T20190909_090729_088825,21,1,0
alfworld,Mistral-7B-Instruct-v0.3,pick_heat_then_place_in_recep-Mug-None-SideTable-21/trial_T20190909_090729_088825,30,1,0
alfworld,Mistral-7B-Instruct-v0.3,pick_heat_then_place_in_recep-Mug-None-SideTable-21/trial_T20190909_090729_088825,37,0,1
alfworld,Mistral-7B-Instruct-v0.3,pick_heat_then_place_in_recep-Mug-None-SideTable-21/trial_T20190909_090729_088825,38,0,1
alfworld,Mistral-7B-Instruct-v0.3,pick_heat_then_place_in_recep-Plate-None-Cabinet-1/trial_T20190908_070946_578973,1,1,0
alfworld,Mistral-7B-Instruct-v0.3,pick_heat_then_place_in_recep-Plate-None-Cabinet-1/trial_T20190908_070946_578973,4,1,0
alfworld,Mistral-7B-Instruct-v0.3,pick_heat_then_place_in_recep-Plate-None-Cabinet-1/trial_T20190908_070946_578973,13,1,0
alfworld,Mistral-7B-Instruct-v0.3,pick_heat_then_place_in_recep-Plate-None-Cabinet-1/trial_T20190908_070946_578973,22,1,0
alfworld,Mistral-7B-Instruct-v0.3,pick_heat_then_place_in_recep-Plate-None-Cabinet-1/trial_T20190908_070946_578973,30,1,0
alfworld,Mistral-7B-Instruct-v0.3,pick_heat_then_place_in_recep-Plate-None-Cabinet-1/trial_T20190908_070946_578973,48,1,0
alfworld,Mistral-7B-Instruct-v0.3,pick_heat_then_place_in_recep-Plate-None-DiningTable-28/trial_T20190908_001247_096796,2,1,0
alfworld,Mistral-7B-Instruct-v0.3,pick_heat_then_place_in_recep-Plate-None-DiningTable-28/trial_T20190908_001247_096796,22,1,0
alfworld,Mistral-7B-Instruct-v0.3,pick_heat_then_place_in_recep-Plate-None-DiningTable-28/trial_T20190908_001247_096796,23,0,1
alfworld,Mistral-7B-Instruct-v0.3,pick_heat_then_place_in_recep-Plate-None-DiningTable-28/trial_T20190908_001247_096796,48,1,0
alfworld,Mistral-7B-Instruct-v0.3,pick_heat_then_place_in_recep-Potato-None-Fridge-11/trial_T20190909_011341_436523,12,1,1
alfworld,Mistral-7B-Instruct-v0.3,pick_heat_then_place_in_recep-Potato-None-Fridge-12/trial_T20190908_014451_271080,4,1,0
alfworld,Mistral-7B-Instruct-v0.3,pick_heat_then_place_in_recep-Potato-None-Fridge-12/trial_T20190908_014451_271080,5,1,0
alfworld,Mistral-7B-Instruct-v0.3,pick_heat_then_place_in_recep-Potato-None-Fridge-12/trial_T20190908_014451_271080,16,1,0
alfworld,Mistral-7B-Instruct-v0.3,pick_heat_then_place_in_recep-Potato-None-Fridge-12/trial_T20190908_014451_271080,23,0,1
alfworld,Mistral-7B-Instruct-v0.3,pick_heat_then_place_in_recep-Potato-None-Fridge-12/trial_T20190908_014451_271080,25,1,0
alfworld,Mistral-7B-Instruct-v0.3,pick_heat_then_place_in_recep-Potato-None-Fridge-12/trial_T20190908_014451_271080,28,1,0
alfworld,Mistral-7B-Instruct-v0.3,pick_heat_then_place_in_recep-Potato-None-Fridge-12/trial_T20190908_014451_271080,32,0,1
alfworld,Mistral-7B-Instruct-v0.3,pick_heat_then_place_in_recep-Tomato-None-DiningTable-16/trial_T20190907_201243_698086,10,0,1
alfworld,Mistral-7B-Instruct-v0.3,pick_heat_then_place_in_recep-Tomato-None-DiningTable-16/trial_T20190907_201243_698086,12,1,0
alfworld,Mistral-7B-Instruct-v0.3,pick_heat_then_place_in_recep-Tomato-None-DiningTable-16/trial_T20190907_201243_698086,39,0,1
alfworld,Mistral-7B-Instruct-v0.3,pick_heat_then_place_in_recep-Tomato-None-Fridge-15/trial_T20190909_020200_054379,4,0,1
alfworld,Mistral-7B-Instruct-v0.3,pick_heat_then_place_in_recep-Tomato-None-Fridge-15/trial_T20190909_020200_054379,6,1,1
alfworld,Mistral-7B-Instruct-v0.3,pick_heat_then_place_in_recep-Tomato-None-Fridge-15/trial_T20190909_020200_054379,27,0,1
alfworld,Mistral-7B-Instruct-v0.3,pick_heat_then_place_in_recep-Tomato-None-Fridge-15/trial_T20190909_020200_054379,30,1,0
alfworld,Mistral-7B-Instruct-v0.3,pick_heat_then_place_in_recep-Tomato-None-Fridge-15/trial_T20190909_020200_054379,47,1,0
alfworld,Mistral-7B-Instruct-v0.3,pick_heat_then_place_in_recep-Tomato-None-Fridge-23/trial_T20190909_082320_103350,3,1,0
alfworld,Mistral-7B-Instruct-v0.3,pick_heat_then_place_in_recep-Tomato-None-Fridge-23/trial_T20190909_082320_103350,7,1,0
alfworld,Mistral-7B-Instruct-v0.3,pick_heat_then_place_in_recep-Tomato-None-Fridge-23/trial_T20190909_082320_103350,34,0,1
alfworld,Mistral-7B-Instruct-v0.3,pick_heat_then_place_in_recep-Tomato-None-Fridge-23/trial_T20190909_082320_103350,38,0,1
alfworld,Mistral-7B-Instruct-v0.3,pick_heat_then_place_in_recep-Tomato-None-Fridge-23/trial_T20190909_082320_103350,43,0,1
alfworld,Mistral-7B-Instruct-v0.3,pick_heat_then_place_in_recep-Tomato-None-Fridge-24/trial_T20190908_033721_967359,1,1,0
alfworld,Mistral-7B-Instruct-v0.3,pick_heat_then_place_in_recep-Tomato-None-Fridge-24/trial_T20190908_033721_967359,4,1,0
alfworld,Mistral-7B-Instruct-v0.3,pick_heat_then_place_in_recep-Tomato-None-Fridge-24/trial_T20190908_033721_967359,11,1,0
alfworld,Mistral-7B-Instruct-v0.3,pick_heat_then_place_in_recep-Tomato-None-Fridge-24/trial_T20190908_033721_967359,29,1,0
alfworld,Mistral-7B-Instruct-v0.3,pick_heat_then_place_in_recep-Tomato-None-Fridge-24/trial_T20190908_033721_967359,32,0,1
alfworld,Mistral-7B-Instruct-v0.3,pick_heat_then_place_in_recep-Tomato-None-Fridge-24/trial_T20190908_033721_967359,33,1,0
alfworld,Mistral-7B-Instruct-v0.3,pick_heat_then_place_in_recep-Tomato-None-Fridge-24/trial_T20190908_033721_967359,36,1,0
alfworld,Mistral-7B-Instruct-v0.3,pick_two_obj_and_place-AlarmClock-None-Dresser-305/trial_T20190907_165826_194855,12,1,0
alfworld,Mistral-7B-Instruct-v0.3,pick_two_obj_and_place-AlarmClock-None-Dresser-305/trial_T20190907_165826_194855,17,1,0
alfworld,Mistral-7B-Instruct-v0.3,pick_two_obj_and_place-AlarmClock-None-Dresser-305/trial_T20190907_165826_194855,20,1,0
alfworld,Mistral-7B-Instruct-v0.3,pick_two_obj_and_place-AlarmClock-None-Dresser-305/trial_T20190907_165826_194855,33,0,1
alfworld,Mistral-7B-Instruct-v0.3,pick_two_obj_and_place-AlarmClock-None-Dresser-305/trial_T20190907_165826_194855,39,1,0
alfworld,Mistral-7B-Instruct-v0.3,pick_two_obj_and_place-Book-None-Desk-302/trial_T20190906_181233_363875,4,0,1
alfworld,Mistral-7B-Instruct-v0.3,pick_two_obj_and_place-Book-None-Desk-302/trial_T20190906_181233_363875,5,1,0
alfworld,Mistral-7B-Instruct-v0.3,pick_two_obj_and_place-Book-None-Desk-302/trial_T20190906_181233_363875,13,0,1
alfworld,Mistral-7B-Instruct-v0.3,pick_two_obj_and_place-Book-None-Desk-302/trial_T20190906_181233_363875,14,1,0
alfworld,Mistral-7B-Instruct-v0.3,pick_two_obj_and_place-Book-None-Desk-302/trial_T20190906_181233_363875,15,0,1
alfworld,Mistral-7B-Instruct-v0.3,pick_two_obj_and_place-Book-None-Desk-302/trial_T20190906_181233_363875,34,1,1
alfworld,Mistral-7B-Instruct-v0.3,pick_two_obj_and_place-Book-None-Desk-302/trial_T20190906_181233_363875,48,1,0
alfworld,Mistral-7B-Instruct-v0.3,pick_two_obj_and_place-Book-None-Desk-313/trial_T20190908_125930_920681,19,1,1
alfworld,Mistral-7B-Instruct-v0.3,pick_two_obj_and_place-Book-None-Desk-313/trial_T20190908_125930_920681,34,1,0
alfworld,Mistral-7B-Instruct-v0.3,pick_two_obj_and_place-Book-None-Desk-313/trial_T20190908_125930_920681,48,1,0
alfworld,Mistral-7B-Instruct-v0.3,pick_two_obj_and_place-Box-None-CoffeeTable-213/trial_T20190906_200927_069627,3,1,0
alfworld,Mistral-7B-Instruct-v0.3,pick_two_obj_and_place-Box-None-CoffeeTable-213/trial_T20190906_200927_069627,5,1,0
alfworld,Mistral-7B-Instruct-v0.3,pick_two_obj_and_place-Box-None-CoffeeTable-213/trial_T20190906_200927_069627,16,1,0
alfworld,Mistral-7B-Instruct-v0.3,pick_two_obj_and_place-Box-None-CoffeeTable-213/trial_T20190906_200927_069627,25,0,1
alfworld,Mistral-7B-Instruct-v0.3,pick_two_obj_and_place-Box-None-CoffeeTable-213/trial_T20190906_200927_069627,30,1,0
alfworld,Mistral-7B-Instruct-v0.3,pick_two_obj_and_place-CD-None-Drawer-304/trial_T20190907_230232_832893,8,1,0
alfworld,Mistral-7B-Instruct-v0.3,pick_two_obj_and_place-CD-None-Drawer-304/trial_T20190907_230232_832893,18,1,0
alfworld,Mistral-7B-Instruct-v0.3,pick_two_obj_and_place-CreditCard-None-Dresser-311/trial_T20190907_201917_045715,4,1,0
alfworld,Mistral-7B-Instruct-v0.3,pick_two_obj_and_place-CreditCard-None-Dresser-311/trial_T20190907_201917_045715,9,1,1
alfworld,Mistral-7B-Instruct-v0.3,pick_two_obj_and_place-CreditCard-None-Dresser-311/trial_T20190907_201917_045715,10,1,0
alfworld,Mistral-7B-Instruct-v0.3,pick_two_obj_and_place-CreditCard-None-Dresser-311/trial_T20190907_201917_045715,23,1,0
alfworld,Mistral-7B-Instruct-v0.3,pick_two_obj_and_place-CreditCard-None-Dresser-311/trial_T20190907_201917_045715,30,1,0
alfworld,Mistral-7B-Instruct-v0.3,pick_two_obj_and_place-CreditCard-None-Dresser-311/trial_T20190907_201917_045715,34,1,0
alfworld,Mistral-7B-Instruct-v0.3,pick_two_obj_and_place-CreditCard-None-Dresser-311/trial_T20190907_201917_045715,35,0,1
alfworld,Mistral-7B-Instruct-v0.3,pick_two_obj_and_place-CreditCard-None-Dresser-311/trial_T20190907_201917_045715,36,1,0
alfworld,Mistral-7B-Instruct-v0.3,pick_two_obj_and_place-CreditCard-None-Dresser-311/trial_T20190907_201917_045715,42,0,1
alfworld,Mistral-7B-Instruct-v0.3,pick_two_obj_and_place-CreditCard-None-Dresser-311/trial_T20190907_201917_045715,46,1,0
alfworld,Mistral-7B-Instruct-v0.3,pick_two_obj_and_place-CreditCard-None-Safe-323/trial_T20190907_001129_214240,9,1,0
alfworld,Mistral-7B-Instruct-v0.3,pick_two_obj_and_place-CreditCard-None-Safe-323/trial_T20190907_001129_214240,26,1,0
alfworld,Mistral-7B-Instruct-v0.3,pick_two_obj_and_place-CreditCard-None-Safe-323/trial_T20190907_001129_214240,46,1,0
alfworld,Mistral-7B-Instruct-v0.3,pick_two_obj_and_place-Glassbottle-None-Shelf-1/trial_T20190907_122204_941737,11,1,0
alfworld,Mistral-7B-Instruct-v0.3,pick_two_obj_and_place-Glassbottle-None-Shelf-1/trial_T20190907_122204_941737,13,1,0
alfworld,Mistral-7B-Instruct-v0.3,pick_two_obj_and_place-Glassbottle-None-Shelf-1/trial_T20190907_122204_941737,25,1,0
alfworld,Mistral-7B-Instruct-v0.3,pick_two_obj_and_place-Knife-None-Drawer-18/trial_T20190907_065232_689984,6,0,1
alfworld,Mistral-7B-Instruct-v0.3,pick_two_obj_and_place-Knife-None-Drawer-18/trial_T20190907_065232_689984,10,1,0
alfworld,Mistral-7B-Instruct-v0.3,pick_two_obj_and_place-Knife-None-Drawer-18/trial_T20190907_065232_689984,11,1,0
alfworld,Mistral-7B-Instruct-v0.3,pick_two_obj_and_place-Knife-None-Drawer-18/trial_T20190907_065232_689984,17,0,1
alfworld,Mistral-7B-Instruct-v0.3,pick_two_obj_and_place-Knife-None-Drawer-18/trial_T20190907_065232_689984,28,1,0
alfworld,Mistral-7B-Instruct-v0.3,pick_two_obj_and_place-Knife-None-Drawer-18/trial_T20190907_065232_689984,37,0,1
alfworld,Mistral-7B-Instruct-v0.3,pick_two_obj_and_place-Knife-None-Drawer-18/trial_T20190907_065232_689984,39,0,1
alfworld,Mistral-7B-Instruct-v0.3,pick_two_obj_and_place-Newspaper-None-Drawer-224/trial_T20190911_101248_326533,2,1,0
alfworld,Mistral-7B-Instruct-v0.3,pick_two_obj_and_place-Newspaper-None-Drawer-224/trial_T20190911_101248_326533,10,1,1
alfworld,Mistral-7B-Instruct-v0.3,pick_two_obj_and_place-Newspaper-None-Drawer-224/trial_T20190911_101248_326533,15,1,0
alfworld,Mistral-7B-Instruct-v0.3,pick_two_obj_and_place-Newspaper-None-Drawer-224/trial_T20190911_101248_326533,31,1,1
alfworld,Mistral-7B-Instruct-v0.3,pick_two_obj_and_place-Newspaper-None-Drawer-224/trial_T20190911_101248_326533,44,0,1
alfworld,Mistral-7B-Instruct-v0.3,pick_two_obj_and_place-Pan-None-CounterTop-14/trial_T20190907_012519_974044,3,1,0
alfworld,Mistral-7B-Instruct-v0.3,pick_two_obj_and_place-Pan-None-CounterTop-14/trial_T20190907_012519_974044,6,1,0
alfworld,Mistral-7B-Instruct-v0.3,pick_two_obj_and_place-Pan-None-CounterTop-14/trial_T20190907_012519_974044,8,1,0
alfworld,Mistral-7B-Instruct-v0.3,pick_two_obj_and_place-Pan-None-CounterTop-14/trial_T20190907_012519_974044,14,1,0
alfworld,Mistral-7B-Instruct-v0.3,pick_two_obj_and_place-Pan-None-CounterTop-14/trial_T20190907_012519_974044,15,1,0
alfworld,Mistral-7B-Instruct-v0.3,pick_two_obj_and_place-Pan-None-CounterTop-14/trial_T20190907_012519_974044,22,1,0
alfworld,Mistral-7B-Instruct-v0.3,pick_two_obj_and_place-Pan-None-CounterTop-14/trial_T20190907_012519_974044,28,1,1
alfworld,Mistral-7B-Instruct-v0.3,pick_two_obj_and_place-Pan-None-CounterTop-14/trial_T20190907_012519_974044,29,1,0
alfworld,Mistral-7B-Instruct-v0.3,pick_two_obj_and_place-Pan-None-CounterTop-14/trial_T20190907_012519_974044,38,1,0
alfworld,Mistral-7B-Instruct-v0.3,pick_two_obj_and_place-RemoteControl-None-Ottoman-203/trial_T20190906_182952_858723,7,0,1
alfworld,Mistral-7B-Instruct-v0.3,pick_two_obj_and_place-RemoteControl-None-Ottoman-203/trial_T20190906_182952_858723,8,1,0
alfworld,Mistral-7B-Instruct-v0.3,pick_two_obj_and_place-RemoteControl-None-Ottoman-203/trial_T20190906_182952_858723,11,0,1
alfworld,Mistral-7B-Instruct-v0.3,pick_two_obj_and_place-RemoteControl-None-Ottoman-203/trial_T20190906_182952_858723,20,1,0
alfworld,Mistral-7B-Instruct-v0.3,pick_two_obj_and_place-RemoteControl-None-Ottoman-203/trial_T20190906_182952_858723,24,0,1
alfworld,Mistral-7B-Instruct-v0.3,pick_two_obj_and_place-RemoteControl-None-Ottoman-203/trial_T20190906_182952_858723,29,0,1
alfworld,Mistral-7B-Instruct-v0.3,pick_two_obj_and_place-RemoteControl-None-Ottoman-203/trial_T20190906_182952_858723,45,1,0
alfworld,Mistral-7B-Instruct-v0.3,pick_two_obj_and_place-SoapBar-None-GarbageCan-418/trial_T20190909_055538_380023,3,1,0
alfworld,Mistral-7B-Instruct-v0.3,pick_two_obj_and_place-SoapBar-None-GarbageCan-418/trial_T20190909_055538_380023,7,1,0
alfworld,Mistral-7B-Instruct-v0.3,pick_two_obj_and_place-SoapBar-None-GarbageCan-418/trial_T20190909_055538_380023,21,1,0
alfworld,Mistral-7B-Instruct-v0.3,pick_two_obj_and_place-SoapBar-None-GarbageCan-418/trial_T20190909_055538_380023,40,0,1
alfworld,Mistral-7B-Instruct-v0.3,pick_two_obj_and_place-SoapBar-None-GarbageCan-418/trial_T20190909_055538_380023,42,1,0
alfworld,Mistral-7B-Instruct-v0.3,pick_two_obj_and_place-SoapBar-None-GarbageCan-418/trial_T20190909_055649_717880,6,1,0
alfworld,Mistral-7B-Instruct-v0.3,pick_two_obj_and_place-SoapBar-None-GarbageCan-418/trial_T20190909_055649_717880,7,1,0
alfworld,Mistral-7B-Instruct-v0.3,pick_two_obj_and_place-SoapBar-None-GarbageCan-418/trial_T20190909_055649_717880,9,1,0
alfworld,Mistral-7B-Instruct-v0.3,pick_two_obj_and_place-SoapBar-None-GarbageCan-418/trial_T20190909_055649_717880,20,1,0
alfworld,Mistral-7B-Instruct-v0.3,pick_two_obj_and_place-SoapBar-None-GarbageCan-418/trial_T20190909_055649_717880,33,0,1
alfworld,Mistral-7B-Instruct-v0.3,pick_two_obj_and_place-SoapBar-None-GarbageCan-418/trial_T20190909_055649_717880,42,1,0
alfworld,Mistral-7B-Instruct-v0.3,pick_two_obj_and_place-SoapBar-None-GarbageCan-418/trial_T20190909_055649_717880,48,0,1
alfworld,Mistral-7B-Instruct-v0.3,pick_two_obj_and_place-Spatula-None-Drawer-13/trial_T20190908_183331_203888,22,1,0
alfworld,Mistral-7B-Instruct-v0.3,pick_two_obj_and_place-Spatula-None-Drawer-13/trial_T20190908_183331_203888,24,1,0
alfworld,Mistral-7B-Instruct-v0.3,pick_two_obj_and_place-Spatula-None-Drawer-13/trial_T20190908_183331_203888,26,1,0
alfworld,Mistral-7B-Instruct-v0.3,pick_two_obj_and_place-Spatula-None-Drawer-13/trial_T20190908_183331_203888,30,1,0
alfworld,Mistral-7B-Instruct-v0.3,pick_two_obj_and_place-SprayBottle-None-Cabinet-407/trial_T20190907_144556_144188,5,1,1
alfworld,Mistral-7B-Instruct-v0.3,pick_two_obj_and_place-SprayBottle-None-Cabinet-407/trial_T20190907_144556_144188,6,1,0
alfworld,Mistral-7B-Instruct-v0.3,pick_two_obj_and_place-SprayBottle-None-Cabinet-407/trial_T20190907_144556_144188,8,1,0
alfworld,Mistral-7B-Instruct-v0.3,pick_two_obj_and_place-SprayBottle-None-Cabinet-407/trial_T20190907_144556_144188,30,1,0
alfworld,Mistral-7B-Instruct-v0.3,pick_two_obj_and_place-SprayBottle-None-Cabinet-407/trial_T20190907_144556_144188,44,1,0
alfworld,Mistral-7B-Instruct-v0.3,pick_two_obj_and_place-SprayBottle-None-GarbageCan-419/trial_T20190908_164236_518264,10,1,0
alfworld,Mistral-7B-Instruct-v0.3,pick_two_obj_and_place-SprayBottle-None-GarbageCan-419/trial_T20190908_164236_518264,14,0,1
alfworld,Mistral-7B-Instruct-v0.3,pick_two_obj_and_place-SprayBottle-None-GarbageCan-419/trial_T20190908_164236_518264,32,1,0
alfworld,Mistral-7B-Instruct-v0.3,pick_two_obj_and_place-SprayBottle-None-GarbageCan-419/trial_T20190908_164236_518264,44,0,1
alfworld,Mistral-7B-Instruct-v0.3,pick_two_obj_and_place-SprayBottle-None-Toilet-402/trial_T20190910_222914_814642,1,1,0
alfworld,Mistral-7B-Instruct-v0.3,pick_two_obj_and_place-SprayBottle-None-Toilet-402/trial_T20190910_222914_814642,2,1,0
alfworld,Mistral-7B-Instruct-v0.3,pick_two_obj_and_place-SprayBottle-None-Toilet-402/trial_T20190910_222914_814642,7,1,0
alfworld,Mistral-7B-Instruct-v0.3,pick_two_obj_and_place-SprayBottle-None-Toilet-402/trial_T20190910_222914_814642,16,1,0
alfworld,Mistral-7B-Instruct-v0.3,pick_two_obj_and_place-SprayBottle-None-Toilet-402/trial_T20190910_222914_814642,17,0,1
alfworld,Mistral-7B-Instruct-v0.3,pick_two_obj_and_place-SprayBottle-None-Toilet-402/trial_T20190910_222914_814642,32,1,0
alfworld,Mistral-7B-Instruct-v0.3,pick_two_obj_and_place-SprayBottle-None-Toilet-402/trial_T20190910_222914_814642,42,1,0
alfworld,Mistral-7B-Instruct-v0.3,pick_two_obj_and_place-SprayBottle-None-Toilet-402/trial_T20190910_222914_814642,44,1,0
alfworld,Mistral-7B-Instruct-v0.3,pick_two_obj_and_place-SprayBottle-None-Toilet-429/trial_T20190907_033843_707544,28,1,0
alfworld,Mistral-7B-Instruct-v0.3,pick_two_obj_and_place-TissueBox-None-Toilet-426/trial_T20190909_044602_338962,6,1,0
alfworld,Mistral-7B-Instruct-v0.3,pick_two_obj_and_place-TissueBox-None-Toilet-426/trial_T20190909_044602_338962,7,1,0
alfworld,Mistral-7B-Instruct-v0.3,pick_two_obj_and_place-TissueBox-None-Toilet-426/trial_T20190909_044602_338962,9,1,1
alfworld,Mistral-7B-Instruct-v0.3,pick_two_obj_and_place-TissueBox-None-Toilet-426/trial_T20190909_044602_338962,21,1,0
alfworld,Mistral-7B-Instruct-v0.3,pick_two_obj_and_place-TissueBox-None-Toilet-426/trial_T20190909_044602_338962,22,1,1
alfworld,Mistral-7B-Instruct-v0.3,pick_two_obj_and_place-TissueBox-None-Toilet-426/trial_T20190909_044602_338962,26,1,0
alfworld,Mistral-7B-Instruct-v0.3,pick_two_obj_and_place-TissueBox-None-Toilet-426/trial_T20190909_044602_338962,39,1,0
alfworld,Mistral-7B-Instruct-v0.3,pick_two_obj_and_place-TissueBox-None-Toilet-426/trial_T20190909_044602_338962,43,1,0
alfworld,Mistral-7B-Instruct-v0.3,pick_two_obj_and_place-ToiletPaper-None-Drawer-423/trial_T20190907_111251_461099,13,1,0
alfworld,Mistral-7B-Instruct-v0.3,pick_two_obj_and_place-ToiletPaper-None-Drawer-423/trial_T20190907_111251_461099,17,1,0
alfworld,Mistral-7B-Instruct-v0.3,pick_two_obj_and_place-ToiletPaper-None-Drawer-423/trial_T20190907_111251_461099,21,1,0
alfworld,Mistral-7B-Instruct-v0.3,pick_two_obj_and_place-ToiletPaper-None-Drawer-423/trial_T20190907_111251_461099,26,1,0
alfworld,Mistral-7B-Instruct-v0.3,pick_two_obj_and_place-ToiletPaper-None-Drawer-423/trial_T20190907_111251_461099,30,1,0
alfworld,Mistral-7B-Instruct-v0.3,pick_two_obj_and_place-ToiletPaper-None-Drawer-423/trial_T20190907_111251_461099,41,1,0
alfworld,Mistral-7B-Instruct-v0.3,pick_two_obj_and_place-ToiletPaper-None-Drawer-423/trial_T20190907_111251_461099,44,0,1
alfworld,Mistral-7B-Instruct-v0.3,pick_two_obj_and_place-ToiletPaper-None-Drawer-423/trial_T20190907_111251_461099,45,0,1
alfworld,Mistral-7B-Instruct-v0.3,pick_two_obj_and_place-ToiletPaper-None-Toilet-408/trial_T20190909_080302_174780,1,1,1
alfworld,Mistral-7B-Instruct-v0.3,pick_two_obj_and_place-ToiletPaper-None-Toilet-408/trial_T20190909_080302_174780,5,1,0
alfworld,Mistral-7B-Instruct-v0.3,pick_two_obj_and_place-ToiletPaper-None-Toilet-408/trial_T20190909_080302_174780,24,1,0
alfworld,Mistral-7B-Instruct-v0.3,pick_two_obj_and_place-ToiletPaper-None-Toilet-408/trial_T20190909_080302_174780,26,1,0
alfworld,Mistral-7B-Instruct-v0.3,pick_two_obj_and_place-ToiletPaper-None-Toilet-408/trial_T20190909_080302_174780,31,1,0
alfworld,Mistral-7B-Instruct-v0.3,pick_two_obj_and_place-Vase-None-Desk-204/trial_T20190906_181531_703961,4,1,0
alfworld,Mistral-7B-Instruct-v0.3,pick_two_obj_and_place-Vase-None-Desk-204/trial_T20190906_181531_703961,26,1,0
alfworld,Mistral-7B-Instruct-v0.3,pick_two_obj_and_place-Vase-None-Desk-204/trial_T20190906_181531_703961,45,0,1
alfworld,Mistral-7B-Instruct-v0.3,pick_two_obj_and_place-Vase-None-Desk-204/trial_T20190906_181531_703961,49,1,0
alfworld,Mistral-7B-Instruct-v0.3,pick_two_obj_and_place-Watch-None-Dresser-205/trial_T20190907_182211_592010,2,1,1
alfworld,Mistral-7B-Instruct-v0.3,pick_two_obj_and_place-Watch-None-Dresser-205/trial_T20190907_182211_592010,4,1,0
alfworld,Mistral-7B-Instruct-v0.3,pick_two_obj_and_place-Watch-None-Dresser-205/trial_T20190907_182211_592010,16,1,0
alfworld,Mistral-7B-Instruct-v0.3,pick_two_obj_and_place-Watch-None-Dresser-205/trial_T20190907_182211_592010,20,1,1
alfworld,Mistral-7B-Instruct-v0.3,pick_two_obj_and_place-Watch-None-Dresser-205/trial_T20190907_182211_592010,28,0,1
alfworld,Mistral-7B-Instruct-v0.3,pick_two_obj_and_place-Watch-None-Dresser-205/trial_T20190907_182211_592010,30,1,0
alfworld,Mistral-7B-Instruct-v0.3,pick_two_obj_and_place-Watch-None-Dresser-205/trial_T20190907_182211_592010,37,1,0
alfworld,Mistral-7B-Instruct-v0.3,pick_two_obj_and_place-Watch-None-Dresser-205/trial_T20190907_182211_592010,47,0,1
alfworld,Mistral-7B-Instruct-v0.3,pick_two_obj_and_place-Watch-None-Dresser-205/trial_T20190907_182211_592010,49,1,0
alfworld,Phi-4-mini-instruct,look_at_obj_in_light-AlarmClock-None-DeskLamp-323/trial_T20190909_044715_250790,9,1,0
alfworld,Phi-4-mini-instruct,look_at_obj_in_light-AlarmClock-None-DeskLamp-323/trial_T20190909_044715_250790,18,1,0
alfworld,Phi-4-mini-instruct,look_at_obj_in_light-AlarmClock-None-DeskLamp-323/trial_T20190909_044715_250790,21,0,1
alfworld,Phi-4-mini-instruct,look_at_obj_in_light-AlarmClock-None-DeskLamp-323/trial_T20190909_044715_250790,28,0,1
alfworld,Phi-4-mini-instruct,look_at_obj_in_light-Bowl-None-DeskLamp-301/trial_T20190909_150719_492274,6,1,0
alfworld,Phi-4-mini-instruct,look_at_obj_in_light-Bowl-None-DeskLamp-301/trial_T20190909_150719_492274,15,1,1
alfworld,Phi-4-mini-instruct,look_at_obj_in_light-Bowl-None-DeskLamp-301/trial_T20190909_150719_492274,17,0,1
alfworld,Phi-4-mini-instruct,look_at_obj_in_light-Bowl-None-DeskLamp-301/trial_T20190909_150719_492274,31,1,0
alfworld,Phi-4-mini-instruct,look_at_obj_in_light-Bowl-None-DeskLamp-301/trial_T20190909_150719_492274,45,1,1
alfworld,Phi-4-mini-instruct,look_at_obj_in_light-Bowl-None-DeskLamp-316/trial_T20190908_230702_962704,26,1,0
alfworld,Phi-4-mini-instruct,look_at_obj_in_light-Bowl-None-DeskLamp-316/trial_T20190908_230702_962704,36,0,1
alfworld,Phi-4-mini-instruct,look_at_obj_in_light-Bowl-None-DeskLamp-316/trial_T20190908_230702_962704,39,0,1
alfworld,Phi-4-mini-instruct,look_at_obj_in_light-Box-None-DeskLamp-205/trial_T20190907_074425_330493,4,0,1
alfworld,Phi-4-mini-instruct,look_at_obj_in_light-Box-None-DeskLamp-205/trial_T20190907_074425_330493,7,1,0
alfworld,Phi-4-mini-instruct,look_at_obj_in_light-Box-None-DeskLamp-205/trial_T20190907_074425_330493,9,1,0
alfworld,Phi-4-mini-instruct,look_at_obj_in_light-Box-None-DeskLamp-205/trial_T20190907_074425_330493,11,1,0
alfworld,Phi-4-mini-instruct,look_at_obj_in_light-Box-None-DeskLamp-205/trial_T20190907_074425_330493,13,1,0
alfworld,Phi-4-mini-instruct,look_at_obj_in_light-Box-None-DeskLamp-205/trial_T20190907_074425_330493,15,1,1
alfworld,Phi-4-mini-instruct,look_at_obj_in_light-Box-None-DeskLamp-205/trial_T20190907_074425_330493,21,1,0
alfworld,Phi-4-mini-instruct,look_at_obj_in_light-Box-None-DeskLamp-205/trial_T20190907_074425_330493,41,1,0
alfworld,Phi-4-mini-instruct,look_at_obj_in_light-CD-None-DeskLamp-302/trial_T20190907_154618_526741,11,1,0
alfworld,Phi-4-mini-instruct,look_at_obj_in_light-CD-None-DeskLamp-302/trial_T20190907_154618_526741,24,1,0
alfworld,Phi-4-mini-instruct,look_at_obj_in_light-CD-None-DeskLamp-314/trial_T20190907_114323_767231,7,1,0
alfworld,Phi-4-mini-instruct,look_at_obj_in_light-CD-None-DeskLamp-314/trial_T20190907_114323_767231,11,1,0
alfworld,Phi-4-mini-instruct,look_at_obj_in_light-CD-None-DeskLamp-314/trial_T20190907_114323_767231,17,1,0
alfworld,Phi-4-mini-instruct,look_at_obj_in_light-CD-None-DeskLamp-314/trial_T20190907_114323_767231,32,1,0
alfworld,Phi-4-mini-instruct,look_at_obj_in_light-CD-None-DeskLamp-320/trial_T20190907_224451_655673,3,1,0
alfworld,Phi-4-mini-instruct,look_at_obj_in_light-CD-None-DeskLamp-320/trial_T20190907_224451_655673,24,0,1
alfworld,Phi-4-mini-instruct,look_at_obj_in_light-CD-None-DeskLamp-320/trial_T20190907_224451_655673,30,1,0
alfworld,Phi-4-mini-instruct,look_at_obj_in_light-CD-None-DeskLamp-320/trial_T20190907_224451_655673,46,0,1
alfworld,Phi-4-mini-instruct,look_at_obj_in_light-KeyChain-None-DeskLamp-327/trial_T20190906_202601_548273,13,1,0
alfworld,Phi-4-mini-instruct,look_at_obj_in_light-KeyChain-None-DeskLamp-327/trial_T20190906_202601_548273,21,1,0
alfworld,Phi-4-mini-instruct,look_at_obj_in_light-KeyChain-None-DeskLamp-327/trial_T20190906_202601_548273,23,1,0
alfworld,Phi-4-mini-instruct,look_at_obj_in_light-KeyChain-None-DeskLamp-327/trial_T20190906_202601_548273,30,1,0
alfworld,Phi-4-mini-instruct,look_at_obj_in_light-Laptop-None-DeskLamp-328/trial_T20190908_201550_622420,11,1,0
alfworld,Phi-4-mini-instruct,look_at_obj_in_light-Laptop-None-DeskLamp-328/trial_T20190908_201550_622420,13,1,0
alfworld,Phi-4-mini-instruct,look_at_obj_in_light-Pillow-None-DeskLamp-302/trial_T20190909_150916_682139,1,0,1
alfworld,Phi-4-mini-instruct,look_at_obj_in_light-Pillow-None-DeskLamp-302/trial_T20190909_150916_682139,5,1,1
alfworld,Phi-4-mini-instruct,look_at_obj_in_light-Pillow-None-DeskLamp-302/trial_T20190909_150916_682139,6,1,0
alfworld,Phi-4-mini-instruct,look_at_obj_in_light-Pillow-None-DeskLamp-302/trial_T20190909_150916_682139,7,1,0
alfworld,Phi-4-mini-instruct,look_at_obj_in_light-Pillow-None-DeskLamp-302/trial_T20190909_150916_682139,26,1,0
alfworld,Phi-4-mini-instruct,look_at_obj_in_light-Pillow-None-DeskLamp-302/trial_T20190909_150916_682139,35,1,0
alfworld,Phi-4-mini-instruct,look_at_obj_in_light-Pillow-None-DeskLamp-302/trial_T20190909_150916_682139,39,1,0
alfworld,Phi-4-mini-instruct,look_at_obj_in_light-Pillow-None-DeskLamp-302/trial_T20190909_150916_682139,41,0,1
alfworld,Phi-4-mini-instruct,look_at_obj_in_light-Pillow-None-DeskLamp-323/trial_T20190908_053153_077977,27,1,0
alfworld,Phi-4-mini-instruct,look_at_obj_in_light-Pillow-None-DeskLamp-323/trial_T20190908_053153_077977,29,1,0
alfworld,Phi-4-mini-instruct,look_at_obj_in_light-Pillow-None-DeskLamp-323/trial_T20190908_053153_077977,42,0,1
alfworld,Phi-4-mini-instruct,look_at_obj_in_light-Statue-None-DeskLamp-216/trial_T20190909_193045_208933,6,1,0
alfworld,Phi-4-mini-instruct,look_at_obj_in_light-Statue-None-DeskLamp-216/trial_T20190909_193045_208933,7,1,0
alfworld,Phi-4-mini-instruct,look_at_obj_in_light-Statue-None-DeskLamp-216/trial_T20190909_193045_208933,8,1,0
alfworld,Phi-4-mini-instruct,look_at_obj_in_light-Statue-None-DeskLamp-216/trial_T20190909_193045_208933,14,0,1
alfworld,Phi-4-mini-instruct,look_at_obj_in_light-Statue-None-DeskLamp-216/trial_T20190909_193045_208933,15,1,0
alfworld,Phi-4-mini-instruct,look_at_obj_in_light-Statue-None-DeskLamp-216/trial_T20190909_193045_208933,27,1,0
alfworld,Phi-4-mini-instruct,look_at_obj_in_light-Statue-None-DeskLamp-216/trial_T20190909_193045_208933,32,1,0
alfworld,Phi-4-mini-instruct,look_at_obj_in_light-Statue-None-DeskLamp-216/trial_T20190909_193045_208933,41,1,0
alfworld,Phi-4-mini-instruct,look_at_obj_in_light-Statue-None-DeskLamp-216/trial_T20190909_193045_208933,47,1,0
alfworld,Phi-4-mini-instruct,look_at_obj_in_light-Vase-None-DeskLamp-303/trial_T20190907_150418_457594,9,0,1
alfworld,Phi-4-mini-instruct,look_at_obj_in_light-Vase-None-DeskLamp-303/trial_T20190907_150418_457594,20,1,0
alfworld,Phi-4-mini-instruct,look_at_obj_in_light-Vase-None-DeskLamp-303/trial_T20190907_150418_457594,33,0,1
alfworld,Phi-4-mini-instruct,look_at_obj_in_light-Vase-None-DeskLamp-303/trial_T20190907_150418_457594,38,0,1
alfworld,Phi-4-mini-instruct,pick_and_place_simple-Book-None-SideTable-329/trial_T20190908_050633_745514,5,1,0
alfworld,Phi-4-mini-instruct,pick_and_place_simple-Book-None-SideTable-329/trial_T20190908_050633_745514,23,1,1
alfworld,Phi-4-mini-instruct,pick_and_place_simple-Book-None-SideTable-329/trial_T20190908_050633_745514,27,0,1
alfworld,Phi-4-mini-instruct,pick_and_place_simple-Book-None-Sofa-229/trial_T20190907_042856_259139,2,0,1
alfworld,Phi-4-mini-instruct,pick_and_place_simple-Book-None-Sofa-229/trial_T20190907_042856_259139,8,1,0
alfworld,Phi-4-mini-instruct,pick_and_place_simple-Book-None-Sofa-229/trial_T20190907_042856_259139,15,1,1
alfworld,Phi-4-mini-instruct,pick_and_place_simple-Book-None-Sofa-229/trial_T20190907_042856_259139,44,1,0
alfworld,Phi-4-mini-instruct,pick_and_place_simple-Book-None-Sofa-229/trial_T20190907_042856_259139,46,1,0
alfworld,Phi-4-mini-instruct,pick_and_place_simple-Bowl-None-CoffeeTable-201/trial_T20190907_171639_045329,9,1,1
alfworld,Phi-4-mini-instruct,pick_and_place_simple-Bowl-None-CoffeeTable-201/trial_T20190907_171639_045329,10,1,0
alfworld,Phi-4-mini-instruct,pick_and_place_simple-Bowl-None-CoffeeTable-201/trial_T20190907_171639_045329,22,0,1
alfworld,Phi-4-mini-instruct,pick_and_place_simple-Bowl-None-CoffeeTable-201/trial_T20190907_171639_045329,28,1,0
alfworld,Phi-4-mini-instruct,pick_and_place_simple-Bowl-None-CoffeeTable-201/trial_T20190907_171639_045329,29,1,0
alfworld,Phi-4-mini-instruct,pick_and_place_simple-Bowl-None-CoffeeTable-201/trial_T20190907_171639_045329,31,1,0
alfworld,Phi-4-mini-instruct,pick_and_place_simple-Bowl-None-CoffeeTable-201/trial_T20190907_171639_045329,34,1,0
alfworld,Phi-4-mini-instruct,pick_and_place_simple-Bowl-None-CoffeeTable-201/trial_T20190907_171639_045329,38,0,1
alfworld,Phi-4-mini-instruct,pick_and_place_simple-Bowl-None-CoffeeTable-201/trial_T20190907_171639_045329,45,1,0
alfworld,Phi-4-mini-instruct,pick_and_place_simple-Box-None-Dresser-224/trial_T20190907_164104_229696,1,1,0
alfworld,Phi-4-mini-instruct,pick_and_place_simple-Box-None-Dresser-224/trial_T20190907_164104_229696,2,0,1
alfworld,Phi-4-mini-instruct,pick_and_place_simple-Box-None-Dresser-224/trial_T20190907_164104_229696,8,1,0
alfworld,Phi-4-mini-instruct,pick_and_place_simple-Box-None-Dresser-224/trial_T20190907_164104_229696,13,0,1
alfworld,Phi-4-mini-instruct,pick_and_place_simple-Box-None-Dresser-224/trial_T20190907_164104_229696,15,1,0
alfworld,Phi-4-mini-instruct,pick_and_place_simple-Box-None-Dresser-224/trial_T20190907_164104_229696,16,0,1
alfworld,Phi-4-mini-instruct,pick_and_place_simple-Box-None-Dresser-224/trial_T20190907_164104_229696,25,1,0
alfworld,Phi-4-mini-instruct,pick_and_place_simple-Box-None-Dresser-224/trial_T20190907_164104_229696,28,1,0
alfworld,Phi-4-mini-instruct,pick_and_place_simple-Box-None-Dresser-224/trial_T20190907_164104_229696,29,0,1
alfworld,Phi-4-mini-instruct,pick_and_place_simple-Box-None-Dresser-224/trial_T20190907_164104_229696,44,0,1
alfworld,Phi-4-mini-instruct,pick_and_place_simple-Candle-None-Cart-401/trial_T20190909_081908_677973,19,1,0
alfworld,Phi-4-mini-instruct,pick_and_place_simple-Candle-None-Cart-401/trial_T20190909_081908_677973,42,1,0
alfworld,Phi-4-mini-instruct,pick_and_place_simple-Candle-None-Toilet-429/trial_T20190908_052232_887934,5,1,0
alfworld,Phi-4-mini-instruct,pick_and_place_simple-Candle-None-Toilet-429/trial_T20190908_052232_887934,7,1,0
alfworld,Phi-4-mini-instruct,pick_and_place_simple-CellPhone-None-ArmChair-318/trial_T20190909_120047_968274,8,1,1
alfworld,Phi-4-mini-instruct,pick_and_place_simple-CellPhone-None-ArmChair-318/trial_T20190909_120047_968274,24,0,1
alfworld,Phi-4-mini-instruct,pick_and_place_simple-CellPhone-None-ArmChair-318/trial_T20190909_120047_968274,46,0,1
alfworld,Phi-4-mini-instruct,pick_and_place_simple-CellPhone-None-ArmChair-318/trial_T20190909_120047_968274,48,0,1
alfworld,Phi-4-mini-instruct,pick_and_place_simple-CellPhone-None-Bed-324/trial_T20190907_233817_198528,5,1,0
alfworld,Phi-4-mini-instruct,pick_and_place_simple-CellPhone-None-Bed-324/trial_T20190907_233817_198528,39,1,0
alfworld,Phi-4-mini-instruct,pick_and_place_simple-CellPhone-None-Bed-324/trial_T20190907_233817_198528,47,1,0
alfworld,Phi-4-mini-instruct,pick_and_place_simple-CreditCard-None-ArmChair-201/trial_T20190908_124340_258012,1,1,0
alfworld,Phi-4-mini-instruct,pick_and_place_simple-CreditCard-None-ArmChair-201/trial_T20190908_124340_258012,9,1,0
alfworld,Phi-4-mini-instruct,pick_and_place_simple-CreditCard-None-ArmChair-201/trial_T20190908_124340_258012,11,1,0
alfworld,Phi-4-mini-instruct,pick_and_place_simple-CreditCard-None-ArmChair-201/trial_T20190908_124340_258012,17,1,0
alfworld,Phi-4-mini-instruct,pick_and_place_simple-CreditCard-None-ArmChair-201/trial_T20190908_124340_258012,25,1,0
alfworld,Phi-4-mini-instruct,pick_and_place_simple-CreditCard-None-ArmChair-201/trial_T20190908_124340_258012,31,1,1
alfworld,Phi-4-mini-instruct,pick_and_place_simple-CreditCard-None-ArmChair-201/trial_T20190908_124340_258012,32,1,0
alfworld,Phi-4-mini-instruct,pick_and_place_simple-CreditCard-None-ArmChair-201/trial_T20190908_124340_258012,35,1,0
alfworld,Phi-4-mini-instruct,pick_and_place_simple-CreditCard-None-ArmChair-201/trial_T20190908_124340_258012,47,0,1
alfworld,Phi-4-mini-instruct,pick_and_place_simple-CreditCard-None-Drawer-227/trial_T20190909_010644_297017,2,0,1
alfworld,Phi-4-mini-instruct,pick_and_place_simple-CreditCard-None-Drawer-227/trial_T20190909_010644_297017,10,1,0
alfworld,Phi-4-mini-instruct,pick_and_place_simple-CreditCard-None-Drawer-227/trial_T20190909_010644_297017,41,1,1
alfworld,Phi-4-mini-instruct,pick_and_place_simple-CreditCard-None-Drawer-227/trial_T20190909_010644_297017,42,1,0
alfworld,Phi-4-mini-instruct,pick_and_place_simple-CreditCard-None-Drawer-227/trial_T20190909_010644_297017,43,1,0
alfworld,Phi-4-mini-instruct,pick_and_place_simple-CreditCard-None-Drawer-227/trial_T20190909_010644_297017,45,0,1
alfworld,Phi-4-mini-instruct,pick_and_place_simple-CreditCard-None-Drawer-227/trial_T20190909_010644_297017,48,1,0
alfworld,Phi-4-mini-instruct,pick_and_place_simple-Egg-None-Microwave-4/trial_T20190906_234406_356490,8,1,0
alfworld,Phi-4-mini-instruct,pick_and_place_simple-Knife-None-SideTable-3/trial_T20190918_184236_557252,2,1,0
alfworld,Phi-4-mini-instruct,pick_and_place_simple-Knife-None-SideTable-3/trial_T20190918_184236_557252,7,1,0
alfworld,Phi-4-mini-instruct,pick_and_place_simple-Knife-None-SideTable-3/trial_T20190918_184236_557252,10,0,1
alfworld,Phi-4-mini-instruct,pick_and_place_simple-Knife-None-SideTable-3/trial_T20190918_184236_557252,17,0,1
alfworld,Phi-4-mini-instruct,pick_and_place_simple-Knife-None-SideTable-3/trial_T20190918_184236_557252,38,1,0
alfworld,Phi-4-mini-instruct,pick_and_place_simple-Knife-None-SideTable-3/trial_T20190918_184236_557252,43,1,0
alfworld,Phi-4-mini-instruct,pick_and_place_simple-Mug-None-Dresser-311/trial_T20190909_152837_739016,13,1,0
alfworld,Phi-4-mini-instruct,pick_and_place_simple-Mug-None-Dresser-311/trial_T20190909_152837_739016,14,1,0
alfworld,Phi-4-mini-instruct,pick_and_place_simple-Mug-None-Dresser-311/trial_T20190909_152837_739016,16,0,1
alfworld,Phi-4-mini-instruct,pick_and_place_simple-Mug-None-Dresser-311/trial_T20190909_152837_739016,17,1,0
alfworld,Phi-4-mini-instruct,pick_and_place_simple-Mug-None-Dresser-311/trial_T20190909_152837_739016,31,1,0
alfworld,Phi-4-mini-instruct,pick_and_place_simple-Mug-None-Dresser-311/trial_T20190909_152837_739016,33,1,0
alfworld,Phi-4-mini-instruct,pick_and_place_simple-Mug-None-Dresser-311/trial_T20190909_152837_739016,37,1,0
alfworld,Phi-4-mini-instruct,pick_and_place_simple-Mug-None-SideTable-329/trial_T20190909_032340_274147,23,1,0
alfworld,Phi-4-mini-instruct,pick_and_place_simple-Mug-None-SideTable-329/trial_T20190909_032340_274147,28,1,0
alfworld,Phi-4-mini-instruct,pick_and_place_simple-Mug-None-SideTable-329/trial_T20190909_032340_274147,34,1,0
alfworld,Phi-4-mini-instruct,pick_and_place_simple-Mug-None-SideTable-329/trial_T20190909_032340_274147,48,1,1
alfworld,Phi-4-mini-instruct,pick_and_place_simple-Newspaper-None-Sofa-224/trial_T20190909_111324_949106,5,1,0
alfworld,Phi-4-mini-instruct,pick_and_place_simple-Newspaper-None-Sofa-224/trial_T20190909_111324_949106,33,1,1
alfworld,Phi-4-mini-instruct,pick_and_place_simple-Newspaper-None-Sofa-224/trial_T20190909_111324_949106,40,0,1
alfworld,Phi-4-mini-instruct,pick_and_place_simple-Newspaper-None-Sofa-224/trial_T20190909_111324_949106,43,1,0
alfworld,Phi-4-mini-instruct,pick_and_place_simple-Newspaper-None-Sofa-224/trial_T20190909_111324_949106,45,1,0
alfworld,Phi-4-mini-instruct,pick_and_place_simple-Pencil-None-Desk-310/trial_T20190909_113054_894334,9,1,0
alfworld,Phi-4-mini-instruct,pick_and_place_simple-Pencil-None-Dresser-330/trial_T20190909_071128_012892,3,1,0
alfworld,Phi-4-mini-instruct,pick_and_place_simple-Pencil-None-Dresser-330/trial_T20190909_071128_012892,9,1,0
alfworld,Phi-4-mini-instruct,pick_and_place_simple-Pencil-None-Dresser-330/trial_T20190909_071128_012892,24,0,1
alfworld,Phi-4-mini-instruct,pick_and_place_simple-Pencil-None-Dresser-330/trial_T20190909_071128_012892,42,1,0
alfworld,Phi-4-mini-instruct,pick_and_place_simple-RemoteControl-None-ArmChair-230/trial_T20190909_021000_274398,1,1,0
alfworld,Phi-4-mini-instruct,pick_and_place_simple-RemoteControl-None-ArmChair-230/trial_T20190909_021000_274398,6,1,0
alfworld,Phi-4-mini-instruct,pick_and_place_simple-RemoteControl-None-ArmChair-230/trial_T20190909_021000_274398,7,0,1
alfworld,Phi-4-mini-instruct,pick_and_place_simple-RemoteControl-None-ArmChair-230/trial_T20190909_021000_274398,8,1,0
alfworld,Phi-4-mini-instruct,pick_and_place_simple-RemoteControl-None-ArmChair-230/trial_T20190909_021000_274398,10,1,1
alfworld,Phi-4-mini-instruct,pick_and_place_simple-RemoteControl-None-Sofa-207/trial_T20190909_153609_373481,7,1,0
alfworld,Phi-4-mini-instruct,pick_and_place_simple-RemoteControl-None-Sofa-207/trial_T20190909_153609_373481,8,0,1
alfworld,Phi-4-mini-instruct,pick_and_place_simple-RemoteControl-None-Sofa-207/trial_T20190909_153609_373481,12,1,0
alfworld,Phi-4-mini-instruct,pick_and_place_simple-SoapBar-None-Cart-401/trial_T20190907_054906_608944,6,1,0
alfworld,Phi-4-mini-instruct,pick_and_place_simple-SoapBar-None-Cart-401/trial_T20190907_054906_608944,20,1,0
alfworld,Phi-4-mini-instruct,pick_and_place_simple-SoapBottle-None-Cabinet-414/trial_T20190908_110131_524518,6,1,0
alfworld,Phi-4-mini-instruct,pick_and_place_simple-SoapBottle-None-Cabinet-414/trial_T20190908_110131_524518,8,0,1
alfworld,Phi-4-mini-instruct,pick_and_place_simple-SoapBottle-None-Cabinet-414/trial_T20190908_110131_524518,12,0,1
alfworld,Phi-4-mini-instruct,pick_and_place_simple-SoapBottle-None-Cabinet-414/trial_T20190908_110131_524518,19,0,1
alfworld,Phi-4-mini-instruct,pick_and_place_simple-SoapBottle-None-Cabinet-414/trial_T20190908_110131_524518,33,0,1
alfworld,Phi-4-mini-instruct,pick_and_place_simple-SoapBottle-None-Cabinet-414/trial_T20190908_110131_524518,35,1,0
alfworld,Phi-4-mini-instruct,pick_and_place_simple-SoapBottle-None-Cabinet-414/trial_T20190908_110131_524518,37,0,1
alfworld,Phi-4-mini-instruct,pick_and_place_simple-SoapBottle-None-Cabinet-414/trial_T20190908_110131_524518,38,1,0
alfworld,Phi-4-mini-instruct,pick_and_place_simple-SoapBottle-None-Cabinet-414/trial_T20190908_110131_524518,39,1,0
alfworld,Phi-4-mini-instruct,pick_and_place_simple-SoapBottle-None-CounterTop-417/trial_T20190910_112922_368384,7,1,0
alfworld,Phi-4-mini-instruct,pick_and_place_simple-SoapBottle-None-CounterTop-417/trial_T20190910_112922_368384,8,1,1
alfworld,Phi-4-mini-instruct,pick_and_place_simple-SoapBottle-None-CounterTop-417/trial_T20190910_112922_368384,13,1,0
alfworld,Phi-4-mini-instruct,pick_and_place_simple-SoapBottle-None-CounterTop-417/trial_T20190910_112922_368384,14,1,0
alfworld,Phi-4-mini-instruct,pick_and_place_simple-SoapBottle-None-CounterTop-417/trial_T20190910_112922_368384,21,1,0
alfworld,Phi-4-mini-instruct,pick_and_place_simple-SoapBottle-None-CounterTop-417/trial_T20190910_112922_368384,28,0,1
alfworld,Phi-4-mini-instruct,pick_and_place_simple-SoapBottle-None-CounterTop-417/trial_T20190910_112922_368384,38,1,0
alfworld,Phi-4-mini-instruct,pick_and_place_simple-SoapBottle-None-CounterTop-417/trial_T20190910_112922_368384,48,0,1
alfworld,Phi-4-mini-instruct,pick_and_place_simple-SprayBottle-None-Cabinet-413/trial_T20190907_114931_692464,5,1,0
alfworld,Phi-4-mini-instruct,pick_and_place_simple-SprayBottle-None-Cabinet-413/trial_T20190907_114931_692464,7,1,0
alfworld,Phi-4-mini-instruct,pick_and_place_simple-SprayBottle-None-Cabinet-413/trial_T20190907_114931_692464,12,1,0
alfworld,Phi-4-mini-instruct,pick_and_place_simple-SprayBottle-None-Cabinet-413/trial_T20190907_114931_692464,16,1,0
alfworld,Phi-4-mini-instruct,pick_and_place_simple-SprayBottle-None-Cabinet-413/trial_T20190907_114931_692464,47,0,1
alfworld,Phi-4-mini-instruct,pick_and_place_simple-SprayBottle-None-GarbageCan-409/trial_T20190908_054742_818364,11,0,1
alfworld,Phi-4-mini-instruct,pick_and_place_simple-SprayBottle-None-GarbageCan-409/trial_T20190908_054742_818364,12,1,0
alfworld,Phi-4-mini-instruct,pick_and_place_simple-SprayBottle-None-GarbageCan-409/trial_T20190908_054742_818364,26,1,0
alfworld,Phi-4-mini-instruct,pick_and_place_simple-SprayBottle-None-GarbageCan-409/trial_T20190908_054742_818364,28,1,0
alfworld,Phi-4-mini-instruct,pick_and_place_simple-SprayBottle-None-GarbageCan-409/trial_T20190908_054742_818364,44,0,1
alfworld,Phi-4-mini-instruct,pick_and_place_simple-SprayBottle-None-GarbageCan-409/trial_T20190908_054742_818364,47,1,0
alfworld,Phi-4-mini-instruct,pick_and_place_simple-SprayBottle-None-Toilet-415/trial_T20190909_075955_678702,6,0,1
alfworld,Phi-4-mini-instruct,pick_and_place_simple-SprayBottle-None-Toilet-415/trial_T20190909_075955_678702,8,1,0
alfworld,Phi-4-mini-instruct,pick_and_place_simple-SprayBottle-None-Toilet-418/trial_T20190906_190942_706186,4,0,1
alfworld,Phi-4-mini-instruct,pick_and_place_simple-SprayBottle-None-Toilet-418/trial_T20190906_190942_706186,14,1,0
alfworld,Phi-4-mini-instruct,pick_and_place_simple-SprayBottle-None-Toilet-418/trial_T20190906_190942_706186,16,1,0
alfworld,Phi-4-mini-instruct,pick_and_place_simple-SprayBottle-None-Toilet-418/trial_T20190906_190942_706186,24,1,0
alfworld,Phi-4-mini-instruct,pick_and_place_simple-SprayBottle-None-Toilet-418/trial_T20190906_190942_706186,30,0,1
alfworld,Phi-4-mini-instruct,pick_and_place_simple-TissueBox-None-Toilet-426/trial_T20190910_155319_795672,1,1,0
alfworld,Phi-4-mini-instruct,pick_and_place_simple-TissueBox-None-Toilet-426/trial_T20190910_155319_795672,4,1,0
alfworld,Phi-4-mini-instruct,pick_and_place_simple-TissueBox-None-Toilet-426/trial_T20190910_155319_795672,13,0,1
alfworld,Phi-4-mini-instruct,pick_and_place_simple-TissueBox-None-Toilet-426/trial_T20190910_155319_795672,24,0,1
alfworld,Phi-4-mini-instruct,pick_and_place_simple-TissueBox-None-Toilet-426/trial_T20190910_155319_795672,32,1,0
alfworld,Phi-4-mini-instruct,pick_and_place_simple-TissueBox-None-Toilet-426/trial_T20190910_155319_795672,35,1,0
alfworld,Phi-4-mini-instruct,pick_and_place_simple-TissueBox-None-Toilet-426/trial_T20190910_155319_795672,37,0,1
alfworld,Phi-4-mini-instruct,pick_and_place_simple-TissueBox-None-Toilet-426/trial_T20190910_155319_795672,48,1,0
alfworld,Phi-4-mini-instruct,pick_and_place_simple-ToiletPaper-None-ToiletPaperHanger-406/trial_T20190908_122858_883968,3,1,0
alfworld,Phi-4-mini-instruct,pick_and_place_simple-ToiletPaper-None-ToiletPaperHanger-406/trial_T20190908_122858_883968,10,1,0
alfworld,Phi-4-mini-instruct,pick_and_place_simple-ToiletPaper-None-ToiletPaperHanger-406/trial_T20190908_122858_883968,21,0,1
alfworld,Phi-4-mini-instruct,pick_and_place_simple-ToiletPaper-None-ToiletPaperHanger-406/trial_T20190908_122858_883968,42,1,0
alfworld,Phi-4-mini-instruct,pick_and_place_simple-ToiletPaper-None-ToiletPaperHanger-415/trial_T20190908_050518_595510,1,1,0
alfworld,Phi-4-mini-instruct,pick_and_place_simple-ToiletPaper-None-ToiletPaperHanger-415/trial_T20190908_050518_595510,3,0,1
alfworld,Phi-4-mini-instruct,pick_and_place_simple-ToiletPaper-None-ToiletPaperHanger-415/trial_T20190908_050518_595510,4,1,0
alfworld,Phi-4-mini-instruct,pick_and_place_simple-ToiletPaper-None-ToiletPaperHanger-415/trial_T20190908_050518_595510,6,0,1
alfworld,Phi-4-mini-instruct,pick_and_place_simple-ToiletPaper-None-ToiletPaperHanger-415/trial_T20190908_050518_595510,46,1,0
alfworld,Phi-4-mini-instruct,pick_and_place_simple-Tomato-None-Microwave-13/trial_T20190908_124829_632660,8,0,1
alfworld,Phi-4-mini-instruct,pick_and_place_simple-Tomato-None-Microwave-13/trial_T20190908_124829_632660,22,1,0
alfworld,Phi-4-mini-instruct,pick_and_place_simple-Tomato-None-Microwave-13/trial_T20190908_124829_632660,24,0,1
alfworld,Phi-4-mini-instruct,pick_and_place_simple-Tomato-None-Microwave-13/trial_T20190908_124829_632660,28,1,0
alfworld,Phi-4-mini-instruct,pick_and_place_simple-Vase-None-CoffeeTable-207/trial_T20190909_091246_807206,3,0,1
alfworld,Phi-4-mini-instruct,pick_and_place_simple-Watch-None-SideTable-222/trial_T20190909_051813_197569,4,1,0
alfworld,Phi-4-mini-instruct,pick_and_place_simple-Watch-None-SideTable-222/trial_T20190909_051813_197569,7,1,0
alfworld,Phi-4-mini-instruct,pick_and_place_simple-Watch-None-SideTable-222/trial_T20190909_051813_197569,8,1,0
alfworld,Phi-4-mini-instruct,pick_and_place_simple-Watch-None-SideTable-222/trial_T20190909_051813_197569,10,1,0
alfworld,Phi-4-mini-instruct,pick_and_place_simple-Watch-None-SideTable-222/trial_T20190909_051813_197569,11,1,0
alfworld,Phi-4-mini-instruct,pick_and_place_simple-Watch-None-SideTable-222/trial_T20190909_051813_197569,27,1,0
alfworld,Phi-4-mini-instruct,pick_and_place_simple-Watch-None-SideTable-222/trial_T20190909_051813_197569,29,1,0
alfworld,Phi-4-mini-instruct,pick_and_place_simple-Watch-None-SideTable-222/trial_T20190909_051813_197569,34,1,0
alfworld,Phi-4-mini-instruct,pick_and_place_simple-Watch-None-SideTable-222/trial_T20190909_051813_197569,38,1,0
alfworld,Phi-4-mini-instruct,pick_and_place_simple-Watch-None-SideTable-222/trial_T20190909_051813_197569,44,1,0
alfworld,Phi-4-mini-instruct,pick_and_place_simple-WineBottle-None-Shelf-7/trial_T20190907_200154_378982,1,1,1
alfworld,Phi-4-mini-instruct,pick_and_place_simple-WineBottle-None-Shelf-7/trial_T20190907_200154_378982,10,1,1
alfworld,Phi-4-mini-instruct,pick_and_place_simple-WineBottle-None-Shelf-7/trial_T20190907_200154_378982,20,1,0
alfworld,Phi-4-mini-instruct,pick_and_place_simple-WineBottle-None-Shelf-7/trial_T20190907_200154_378982,26,1,0
alfworld,Phi-4-mini-instruct,pick_and_place_simple-WineBottle-None-Shelf-7/trial_T20190907_200154_378982,34,1,0
alfworld,Phi-4-mini-instruct,pick_and_place_simple-WineBottle-None-Shelf-7/trial_T20190907_200154_378982,43,0,1
alfworld,Phi-4-mini-instruct,pick_and_place_simple-WineBottle-None-Shelf-7/trial_T20190907_200154_378982,47,1,0
alfworld,Phi-4-mini-instruct,pick_clean_then_place_in_recep-ButterKnife-None-CounterTop-8/trial_T20190909_105559_983897,6,1,0
alfworld,Phi-4-mini-instruct,pick_clean_then_place_in_recep-ButterKnife-None-CounterTop-8/trial_T20190909_105559_983897,19,0,1
alfworld,Phi-4-mini-instruct,pick_clean_then_place_in_recep-ButterKnife-None-CounterTop-8/trial_T20190909_105559_983897,28,0,1
alfworld,Phi-4-mini-instruct,pick_clean_then_place_in_recep-ButterKnife-None-DiningTable-16/trial_T20190909_114508_617301,2,1,0
alfworld,Phi-4-mini-instruct,pick_clean_then_place_in_recep-ButterKnife-None-DiningTable-16/trial_T20190909_114508_617301,10,0,1
alfworld,Phi-4-mini-instruct,pick_clean_then_place_in_recep-ButterKnife-None-DiningTable-16/trial_T20190909_114508_617301,11,1,0
alfworld,Phi-4-mini-instruct,pick_clean_then_place_in_recep-ButterKnife-None-DiningTable-16/trial_T20190909_114508_617301,12,1,0
alfworld,Phi-4-mini-instruct,pick_clean_then_place_in_recep-ButterKnife-None-DiningTable-16/trial_T20190909_114508_617301,16,1,0
alfworld,Phi-4-mini-instruct,pick_clean_then_place_in_recep-ButterKnife-None-DiningTable-16/trial_T20190909_114508_617301,19,1,0
alfworld,Phi-4-mini-instruct,pick_clean_then_place_in_recep-ButterKnife-None-DiningTable-16/trial_T20190909_114508_617301,40,0,1
alfworld,Phi-4-mini-instruct,pick_clean_then_place_in_recep-ButterKnife-None-Drawer-2/trial_T20190908_121728_511866,2,1,0
alfworld,Phi-4-mini-instruct,pick_clean_then_place_in_recep-ButterKnife-None-Drawer-2/trial_T20190908_121728_511866,5,1,0
alfworld,Phi-4-mini-instruct,pick_clean_then_place_in_recep-ButterKnife-None-Drawer-2/trial_T20190908_121728_511866,7,1,0
alfworld,Phi-4-mini-instruct,pick_clean_then_place_in_recep-ButterKnife-None-Drawer-2/trial_T20190908_121728_511866,16,1,0
alfworld,Phi-4-mini-instruct,pick_clean_then_place_in_recep-ButterKnife-None-Drawer-2/trial_T20190908_121728_511866,35,0,1
alfworld,Phi-4-mini-instruct,pick_clean_then_place_in_recep-ButterKnife-None-Drawer-2/trial_T20190908_121728_511866,37,1,0
alfworld,Phi-4-mini-instruct,pick_clean_then_place_in_recep-ButterKnife-None-Drawer-30/trial_T20190908_052007_212776,3,1,0
alfworld,Phi-4-mini-instruct,pick_clean_then_place_in_recep-ButterKnife-None-Drawer-30/trial_T20190908_052007_212776,14,1,0
alfworld,Phi-4-mini-instruct,pick_clean_then_place_in_recep-ButterKnife-None-Drawer-30/trial_T20190908_052007_212776,16,1,0
alfworld,Phi-4-mini-instruct,pick_clean_then_place_in_recep-ButterKnife-None-Drawer-30/trial_T20190908_052007_212776,22,1,0
alfworld,Phi-4-mini-instruct,pick_clean_then_place_in_recep-ButterKnife-None-Drawer-30/trial_T20190908_052007_212776,35,1,0
alfworld,Phi-4-mini-instruct,pick_clean_then_place_in_recep-ButterKnife-None-Drawer-30/trial_T20190908_052007_212776,41,1,0
alfworld,Phi-4-mini-instruct,pick_clean_then_place_in_recep-ButterKnife-None-Drawer-30/trial_T20190908_052007_212776,45,1,0
alfworld,Phi-4-mini-instruct,pick_clean_then_place_in_recep-ButterKnife-None-Drawer-30/trial_T20190908_052007_212776,46,1,0
alfworld,Phi-4-mini-instruct,pick_clean_then_place_in_recep-ButterKnife-None-Drawer-8/trial_T20190909_124425_112757,4,1,0
alfworld,Phi-4-mini-instruct,pick_clean_then_place_in_recep-ButterKnife-None-Drawer-8/trial_T20190909_124425_112757,5,1,0
alfworld,Phi-4-mini-instruct,pick_clean_then_place_in_recep-ButterKnife-None-Drawer-8/trial_T20190909_124425_112757,26,0,1
alfworld,Phi-4-mini-instruct,pick_clean_then_place_in_recep-Cloth-None-Cabinet-405/trial_T20190907_080903_889497,4,1,0
alfworld,Phi-4-mini-instruct,pick_clean_then_place_in_recep-Cloth-None-Cabinet-405/trial_T20190907_080903_889497,10,0,1
alfworld,Phi-4-mini-instruct,pick_clean_then_place_in_recep-Cloth-None-Cabinet-405/trial_T20190907_080903_889497,19,1,0
alfworld,Phi-4-mini-instruct,pick_clean_then_place_in_recep-Cloth-None-Cabinet-405/trial_T20190907_080903_889497,25,1,0
alfworld,Phi-4-mini-instruct,pick_clean_then_place_in_recep-Cloth-None-Cabinet-405/trial_T20190907_080903_889497,39,0,1
alfworld,Phi-4-mini-instruct,pick_clean_then_place_in_recep-Cloth-None-Cabinet-405/trial_T20190907_080903_889497,47,0,1
alfworld,Phi-4-mini-instruct,pick_clean_then_place_in_recep-Cloth-None-Drawer-423/trial_T20190908_140701_251653,1,1,0
alfworld,Phi-4-mini-instruct,pick_clean_then_place_in_recep-Cloth-None-Drawer-423/trial_T20190908_140701_251653,5,0,1
alfworld,Phi-4-mini-instruct,pick_clean_then_place_in_recep-Cloth-None-Drawer-423/trial_T20190908_140701_251653,10,1,0
alfworld,Phi-4-mini-instruct,pick_clean_then_place_in_recep-Cloth-None-Drawer-423/trial_T20190908_140701_251653,19,1,0
alfworld,Phi-4-mini-instruct,pick_clean_then_place_in_recep-Cloth-None-Drawer-423/trial_T20190908_140701_251653,31,0,1
alfworld,Phi-4-mini-instruct,pick_clean_then_place_in_recep-Cloth-None-Drawer-423/trial_T20190908_140701_251653,36,0,1
alfworld,Phi-4-mini-instruct,pick_clean_then_place_in_recep-Cloth-None-Drawer-423/trial_T20190908_140701_251653,41,1,0
alfworld,Phi-4-mini-instruct,pick_clean_then_place_in_recep-Cloth-None-Drawer-423/trial_T20190908_140701_251653,46,1,0
alfworld,Phi-4-mini-instruct,pick_clean_then_place_in_recep-DishSponge-None-Cart-401/trial_T20190907_024634_972453,31,1,0
alfworld,Phi-4-mini-instruct,pick_clean_then_place_in_recep-DishSponge-None-Cart-401/trial_T20190907_024634_972453,40,1,0
alfworld,Phi-4-mini-instruct,pick_clean_then_place_in_recep-DishSponge-None-Cart-401/trial_T20190907_024634_972453,43,1,0
alfworld,Phi-4-mini-instruct,pick_clean_then_place_in_recep-DishSponge-None-CounterTop-403/trial_T20190908_144357_621068,6,1,0
alfworld,Phi-4-mini-instruct,pick_clean_then_place_in_recep-DishSponge-None-CounterTop-403/trial_T20190908_144357_621068,10,1,0
alfworld,Phi-4-mini-instruct,pick_clean_then_place_in_recep-DishSponge-None-CounterTop-403/trial_T20190908_144357_621068,13,1,0
alfworld,Phi-4-mini-instruct,pick_clean_then_place_in_recep-DishSponge-None-CounterTop-403/trial_T20190908_144357_621068,31,0,1
alfworld,Phi-4-mini-instruct,pick_clean_then_place_in_recep-DishSponge-None-CounterTop-403/trial_T20190908_144357_621068,47,1,0
alfworld,Phi-4-mini-instruct,pick_clean_then_place_in_recep-DishSponge-None-CounterTop-403/trial_T20190908_144357_621068,48,1,0
alfworld,Phi-4-mini-instruct,pick_clean_then_place_in_recep-Fork-None-CounterTop-23/trial_T20190908_233922_171295,4,1,0
alfworld,Phi-4-mini-instruct,pick_clean_then_place_in_recep-Fork-None-CounterTop-23/trial_T20190908_233922_171295,7,1,0
alfworld,Phi-4-mini-instruct,pick_clean_then_place_in_recep-Fork-None-CounterTop-23/trial_T20190908_233922_171295,45,0,1
alfworld,Phi-4-mini-instruct,pick_clean_then_place_in_recep-Fork-None-CounterTop-23/trial_T20190908_233922_171295,48,0,1
alfworld,Phi-4-mini-instruct,pick_clean_then_place_in_recep-Fork-None-Drawer-8/trial_T20190908_132152_999725,3,1,0
alfworld,Phi-4-mini-instruct,pick_clean_then_place_in_recep-Fork-None-Drawer-8/trial_T20190908_132152_999725,5,0,1
alfworld,Phi-4-mini-instruct,pick_clean_then_place_in_recep-Fork-None-Drawer-8/trial_T20190908_132152_999725,9,0,1
alfworld,Phi-4-mini-instruct,pick_clean_then_place_in_recep-Fork-None-Drawer-8/trial_T20190908_132152_999725,13,1,0
alfworld,Phi-4-mini-instruct,pick_clean_then_place_in_recep-Fork-None-Drawer-8/trial_T20190908_132152_999725,16,1,0
alfworld,Phi-4-mini-instruct,pick_clean_then_place_in_recep-Fork-None-Drawer-8/trial_T20190908_132152_999725,39,1,0
alfworld,Phi-4-mini-instruct,pick_clean_then_place_in_recep-Ladle-None-CounterTop-14/trial_T20190909_113844_191747,2,1,0
alfworld,Phi-4-mini-instruct,pick_clean_then_place_in_recep-Ladle-None-CounterTop-14/trial_T20190909_113844_191747,11,1,0
alfworld,Phi-4-mini-instruct,pick_clean_then_place_in_recep-Ladle-None-CounterTop-14/trial_T20190909_113844_191747,29,0,1
alfworld,Phi-4-mini-instruct,pick_clean_then_place_in_recep-Ladle-None-CounterTop-14/trial_T20190909_113844_191747,36,1,0
alfworld,Phi-4-mini-instruct,pick_clean_then_place_in_recep-Ladle-None-CounterTop-8/trial_T20190909_121908_219603,8,1,0
alfworld,Phi-4-mini-instruct,pick_clean_then_place_in_recep-Ladle-None-CounterTop-8/trial_T20190909_121908_219603,15,1,0
alfworld,Phi-4-mini-instruct,pick_clean_then_place_in_recep-Ladle-None-CounterTop-8/trial_T20190909_121908_219603,26,1,0
alfworld,Phi-4-mini-instruct,pick_clean_then_place_in_recep-Ladle-None-CounterTop-8/trial_T20190909_121908_219603,28,1,0
alfworld,Phi-4-mini-instruct,pick_clean_then_place_in_recep-Ladle-None-CounterTop-8/trial_T20190909_121908_219603,36,1,0
alfworld,Phi-4-mini-instruct,pick_clean_then_place_in_recep-Ladle-None-CounterTop-8/trial_T20190909_121908_219603,45,0,1
alfworld,Phi-4-mini-instruct,pick_clean_then_place_in_recep-Ladle-None-DiningTable-16/trial_T20190909_183724_205399,2,1,0
alfworld,Phi-4-mini-instruct,pick_clean_then_place_in_recep-Ladle-None-DiningTable-16/trial_T20190909_183724_205399,10,1,0
alfworld,Phi-4-mini-instruct,pick_clean_then_place_in_recep-Ladle-None-DiningTable-16/trial_T20190909_183724_205399,15,1,0
alfworld,Phi-4-mini-instruct,pick_clean_then_place_in_recep-Ladle-None-DiningTable-16/trial_T20190909_183724_205399,18,1,0
alfworld,Phi-4-mini-instruct,pick_clean_then_place_in_recep-Ladle-None-DiningTable-27/trial_T20190911_131350_027076,4,1,0
alfworld,Phi-4-mini-instruct,pick_clean_then_place_in_recep-Ladle-None-DiningTable-4/trial_T20190909_164840_568811,3,1,1
alfworld,Phi-4-mini-instruct,pick_clean_then_place_in_recep-Ladle-None-DiningTable-4/trial_T20190909_164840_568811,10,1,0
alfworld,Phi-4-mini-instruct,pick_clean_then_place_in_recep-Ladle-None-DiningTable-4/trial_T20190909_164840_568811,27,1,0
alfworld,Phi-4-mini-instruct,pick_clean_then_place_in_recep-Ladle-None-DiningTable-4/trial_T20190909_164840_568811,28,1,0
alfworld,Phi-4-mini-instruct,pick_clean_then_place_in_recep-Ladle-None-DiningTable-4/trial_T20190909_164840_568811,47,1,0
alfworld,Phi-4-mini-instruct,pick_clean_then_place_in_recep-Lettuce-None-CounterTop-16/trial_T20190909_051630_092360,5,0,1
alfworld,Phi-4-mini-instruct,pick_clean_then_place_in_recep-Lettuce-None-CounterTop-16/trial_T20190909_051630_092360,15,1,0
alfworld,Phi-4-mini-instruct,pick_clean_then_place_in_recep-Lettuce-None-CounterTop-16/trial_T20190909_051630_092360,16,1,0
alfworld,Phi-4-mini-instruct,pick_clean_then_place_in_recep-Lettuce-None-CounterTop-16/trial_T20190909_051630_092360,21,0,1
alfworld,Phi-4-mini-instruct,pick_clean_then_place_in_recep-Lettuce-None-CounterTop-16/trial_T20190909_051630_092360,28,1,0
alfworld,Phi-4-mini-instruct,pick_clean_then_place_in_recep-Lettuce-None-CounterTop-16/trial_T20190909_051630_092360,29,1,0
alfworld,Phi-4-mini-instruct,pick_clean_then_place_in_recep-Lettuce-None-CounterTop-16/trial_T20190909_051630_092360,32,1,0
alfworld,Phi-4-mini-instruct,pick_clean_then_place_in_recep-Lettuce-None-CounterTop-16/trial_T20190909_051630_092360,33,1,0
alfworld,Phi-4-mini-instruct,pick_clean_then_place_in_recep-Lettuce-None-CounterTop-16/trial_T20190909_051630_092360,36,0,1
alfworld,Phi-4-mini-instruct,pick_clean_then_place_in_recep-Lettuce-None-Fridge-19/trial_T20190908_100138_446072,11,1,0
alfworld,Phi-4-mini-instruct,pick_clean_then_place_in_recep-Mug-None-CoffeeMachine-26/trial_T20190907_233056_022802,6,1,0
alfworld,Phi-4-mini-instruct,pick_clean_then_place_in_recep-Mug-None-CoffeeMachine-26/trial_T20190907_233056_022802,23,0,1
alfworld,Phi-4-mini-instruct,pick_clean_then_place_in_recep-Mug-None-CoffeeMachine-26/trial_T20190907_233056_022802,24,1,0
alfworld,Phi-4-mini-instruct,pick_clean_then_place_in_recep-Mug-None-CoffeeMachine-26/trial_T20190907_233056_022802,27,1,0
alfworld,Phi-4-mini-instruct,pick_clean_then_place_in_recep-Mug-None-CoffeeMachine-26/trial_T20190907_233056_022802,30,1,0
alfworld,Phi-4-mini-instruct,pick_clean_then_place_in_recep-Mug-None-CoffeeMachine-26/trial_T20190907_233056_022802,36,1,0
alfworld,Phi-4-mini-instruct,pick_clean_then_place_in_recep-Mug-None-CoffeeMachine-26/trial_T20190907_233056_022802,39,1,0
alfworld,Phi-4-mini-instruct,pick_clean_then_place_in_recep-Mug-None-CoffeeMachine-26/trial_T20190907_233056_022802,46,0,1
alfworld,Phi-4-mini-instruct,pick_clean_then_place_in_recep-Plate-None-CounterTop-19/trial_T20190908_212725_836398,14,1,0
alfworld,Phi-4-mini-instruct,pick_clean_then_place_in_recep-Plate-None-CounterTop-19/trial_T20190908_212725_836398,26,1,0
alfworld,Phi-4-mini-instruct,pick_clean_then_place_in_recep-Plate-None-CounterTop-19/trial_T20190908_212725_836398,30,0,1
alfworld,Phi-4-mini-instruct,pick_clean_then_place_in_recep-Plate-None-CounterTop-19/trial_T20190908_212725_836398,38,1,0
alfworld,Phi-4-mini-instruct,pick_clean_then_place_in_recep-Plate-None-CounterTop-19/trial_T20190908_212725_836398,42,1,0
alfworld,Phi-4-mini-instruct,pick_clean_then_place_in_recep-Plate-None-Fridge-5/trial_T20190909_112854_740612,2,1,0
alfworld,Phi-4-mini-instruct,pick_clean_then_place_in_recep-Plate-None-Fridge-5/trial_T20190909_112854_740612,8,1,0
alfworld,Phi-4-mini-instruct,pick_clean_then_place_in_recep-Plate-None-Fridge-5/trial_T20190909_112854_740612,17,1,0
alfworld,Phi-4-mini-instruct,pick_clean_then_place_in_recep-Plate-None-Fridge-5/trial_T20190909_112854_740612,26,0,1
alfworld,Phi-4-mini-instruct,pick_clean_then_place_in_recep-Plate-None-Fridge-5/trial_T20190909_112854_740612,30,1,0
alfworld,Phi-4-mini-instruct,pick_clean_then_place_in_recep-Plate-None-Fridge-5/trial_T20190909_112854_740612,32,1,0
alfworld,Phi-4-mini-instruct,pick_clean_then_place_in_recep-Plate-None-Fridge-5/trial_T20190909_112854_740612,35,1,0
alfworld,Phi-4-mini-instruct,pick_clean_then_place_in_recep-Plate-None-Fridge-5/trial_T20190909_112854_740612,40,1,0
alfworld,Phi-4-mini-instruct,pick_clean_then_place_in_recep-SoapBar-None-Cabinet-402/trial_T20190908_055221_984342,6,1,0
alfworld,Phi-4-mini-instruct,pick_clean_then_place_in_recep-SoapBar-None-Cabinet-402/trial_T20190908_055221_984342,19,0,1
alfworld,Phi-4-mini-instruct,pick_clean_then_place_in_recep-SoapBar-None-Cabinet-402/trial_T20190908_055221_984342,20,1,0
alfworld,Phi-4-mini-instruct,pick_clean_then_place_in_recep-SoapBar-None-Cabinet-402/trial_T20190908_055221_984342,23,1,0
alfworld,Phi-4-mini-instruct,pick_clean_then_place_in_recep-SoapBar-None-Cabinet-402/trial_T20190908_055221_984342,24,1,0
alfworld,Phi-4-mini-instruct,pick_clean_then_place_in_recep-SoapBar-None-Cabinet-402/trial_T20190908_055221_984342,25,1,0
alfworld,Phi-4-mini-instruct,pick_clean_then_place_in_recep-SoapBar-None-Cabinet-402/trial_T20190908_055221_984342,41,1,0
alfworld,Phi-4-mini-instruct,pick_clean_then_place_in_recep-SoapBar-None-Cabinet-402/trial_T20190908_055221_984342,42,1,0
alfworld,Phi-4-mini-instruct,pick_clean_then_place_in_recep-SoapBar-None-Cabinet-402/trial_T20190908_055221_984342,43,1,0
alfworld,Phi-4-mini-instruct,pick_clean_then_place_in_recep-SoapBar-None-Drawer-423/trial_T20190906_202340_749336,1,1,0
alfworld,Phi-4-mini-instruct,pick_clean_then_place_in_recep-SoapBar-None-Drawer-423/trial_T20190906_202340_749336,7,1,0
alfworld,Phi-4-mini-instruct,pick_clean_then_place_in_recep-SoapBar-None-Drawer-423/trial_T20190906_202340_749336,20,1,0
alfworld,Phi-4-mini-instruct,pick_clean_then_place_in_recep-SoapBar-None-Drawer-423/trial_T20190906_202340_749336,33,1,0
alfworld,Phi-4-mini-instruct,pick_clean_then_place_in_recep-SoapBar-None-Toilet-410/trial_T20190906_201106_979461,13,0,1
alfworld,Phi-4-mini-instruct,pick_clean_then_place_in_recep-SoapBar-None-Toilet-428/trial_T20190907_041436_588106,11,0,1
alfworld,Phi-4-mini-instruct,pick_clean_then_place_in_recep-SoapBar-None-Toilet-428/trial_T20190907_041436_588106,12,1,0
alfworld,Phi-4-mini-instruct,pick_clean_then_place_in_recep-SoapBar-None-Toilet-428/trial_T20190907_041436_588106,18,0,1
alfworld,Phi-4-mini-instruct,pick_clean_then_place_in_recep-SoapBar-None-Toilet-428/trial_T20190907_041436_588106,33,1,0
alfworld,Phi-4-mini-instruct,pick_clean_then_place_in_recep-SoapBar-None-Toilet-428/trial_T20190907_041436_588106,45,1,0
alfworld,Phi-4-mini-instruct,pick_clean_then_place_in_recep-Spatula-None-DiningTable-4/trial_T20190909_002804_564168,5,1,1
alfworld,Phi-4-mini-instruct,pick_clean_then_place_in_recep-Spatula-None-DiningTable-4/trial_T20190909_002804_564168,7,1,0
alfworld,Phi-4-mini-instruct,pick_clean_then_place_in_recep-Spatula-None-DiningTable-4/trial_T20190909_002804_564168,14,1,0
alfworld,Phi-4-mini-instruct,pick_clean_then_place_in_recep-Spatula-None-DiningTable-4/trial_T20190909_002804_564168,15,1,0
alfworld,Phi-4-mini-instruct,pick_clean_then_place_in_recep-Spatula-None-DiningTable-4/trial_T20190909_002804_564168,34,1,0
alfworld,Phi-4-mini-instruct,pick_clean_then_place_in_recep-Tomato-None-CounterTop-25/trial_T20190909_012550_586494,3,1,0
alfworld,Phi-4-mini-instruct,pick_clean_then_place_in_recep-Tomato-None-CounterTop-25/trial_T20190909_012550_586494,7,1,0
alfworld,Phi-4-mini-instruct,pick_clean_then_place_in_recep-Tomato-None-CounterTop-25/trial_T20190909_012550_586494,31,1,0
alfworld,Phi-4-mini-instruct,pick_clean_then_place_in_recep-Tomato-None-CounterTop-25/trial_T20190909_012550_586494,40,1,0
alfworld,Phi-4-mini-instruct,pick_cool_then_place_in_recep-Apple-None-CounterTop-14/trial_T20190909_044933_815840,2,1,0
alfworld,Phi-4-mini-instruct,pick_cool_then_place_in_recep-Apple-None-CounterTop-14/trial_T20190909_044933_815840,7,0,1
alfworld,Phi-4-mini-instruct,pick_cool_then_place_in_recep-Apple-None-CounterTop-14/trial_T20190909_044933_815840,10,1,0
alfworld,Phi-4-mini-instruct,pick_cool_then_place_in_recep-Apple-None-CounterTop-14/trial_T20190909_044933_815840,15,0,1
alfworld,Phi-4-mini-instruct,pick_cool_then_place_in_recep-Apple-None-CounterTop-14/trial_T20190909_044933_815840,25,1,0
alfworld,Phi-4-mini-instruct,pick_cool_then_place_in_recep-Apple-None-CounterTop-14/trial_T20190909_044933_815840,26,1,1
alfworld,Phi-4-mini-instruct,pick_cool_then_place_in_recep-Apple-None-CounterTop-14/trial_T20190909_044933_815840,29,1,0
alfworld,Phi-4-mini-instruct,pick_cool_then_place_in_recep-Apple-None-CounterTop-14/trial_T20190909_044933_815840,47,1,0
alfworld,Phi-4-mini-instruct,pick_cool_then_place_in_recep-Apple-None-GarbageCan-2/trial_T20190906_195943_081289,14,1,0
alfworld,Phi-4-mini-instruct,pick_cool_then_place_in_recep-Apple-None-GarbageCan-2/trial_T20190906_195943_081289,16,1,0
alfworld,Phi-4-mini-instruct,pick_cool_then_place_in_recep-Apple-None-GarbageCan-2/trial_T20190906_195943_081289,31,0,1
alfworld,Phi-4-mini-instruct,pick_cool_then_place_in_recep-Apple-None-GarbageCan-2/trial_T20190906_195943_081289,42,0,1
alfworld,Phi-4-mini-instruct,pick_cool_then_place_in_recep-Apple-None-GarbageCan-2/trial_T20190906_195943_081289,45,1,0
alfworld,Phi-4-mini-instruct,pick_cool_then_place_in_recep-Apple-None-Microwave-19/trial_T20190906_210937_878489,5,1,0
alfworld,Phi-4-mini-instruct,pick_cool_then_place_in_recep-Apple-None-Microwave-19/trial_T20190906_210937_878489,8,1,0
alfworld,Phi-4-mini-instruct,pick_cool_then_place_in_recep-Apple-None-Microwave-19/trial_T20190906_210937_878489,18,1,0
alfworld,Phi-4-mini-instruct,pick_cool_then_place_in_recep-Apple-None-Microwave-19/trial_T20190906_210937_878489,19,0,1
alfworld,Phi-4-mini-instruct,pick_cool_then_place_in_recep-Apple-None-Microwave-5/trial_T20190908_150807_823817,2,1,0
alfworld,Phi-4-mini-instruct,pick_cool_then_place_in_recep-Apple-None-Microwave-5/trial_T20190908_150807_823817,14,0,1
alfworld,Phi-4-mini-instruct,pick_cool_then_place_in_recep-Apple-None-Microwave-5/trial_T20190908_150807_823817,38,1,0
alfworld,Phi-4-mini-instruct,pick_cool_then_place_in_recep-Apple-None-Microwave-5/trial_T20190908_150807_823817,46,1,0
alfworld,Phi-4-mini-instruct,pick_cool_then_place_in_recep-Bowl-None-Cabinet-20/trial_T20190909_112912_154874,1,0,1
alfworld,Phi-4-mini-instruct,pick_cool_then_place_in_recep-Bowl-None-Cabinet-20/trial_T20190909_112912_154874,14,1,0
alfworld,Phi-4-mini-instruct,pick_cool_then_place_in_recep-Bowl-None-Cabinet-20/trial_T20190909_112912_154874,19,1,0
alfworld,Phi-4-mini-instruct,pick_cool_then_place_in_recep-Bowl-None-Cabinet-20/trial_T20190909_112912_154874,25,1,0
alfworld,Phi-4-mini-instruct,pick_cool_then_place_in_recep-Bowl-None-Cabinet-20/trial_T20190909_112912_154874,27,1,0
alfworld,Phi-4-mini-instruct,pick_cool_then_place_in_recep-Bowl-None-Cabinet-20/trial_T20190909_112912_154874,29,1,0
alfworld,Phi-4-mini-instruct,pick_cool_then_place_in_recep-Bowl-None-Cabinet-20/trial_T20190909_112912_154874,35,1,0
alfworld,Phi-4-mini-instruct,pick_cool_then_place_in_recep-Bowl-None-Cabinet-20/trial_T20190909_112912_154874,44,1,0
alfworld,Phi-4-mini-instruct,pick_cool_then_place_in_recep-Bowl-None-Cabinet-20/trial_T20190909_112912_154874,47,1,0
alfworld,Phi-4-mini-instruct,pick_cool_then_place_in_recep-Bread-None-CounterTop-7/trial_T20190909_045605_307949,1,0,1
alfworld,Phi-4-mini-instruct,pick_cool_then_place_in_recep-Bread-None-CounterTop-7/trial_T20190909_045605_307949,8,0,1
alfworld,Phi-4-mini-instruct,pick_cool_then_place_in_recep-Bread-None-CounterTop-7/trial_T20190909_045605_307949,18,1,0
alfworld,Phi-4-mini-instruct,pick_cool_then_place_in_recep-Bread-None-CounterTop-7/trial_T20190909_045605_307949,20,0,1
alfworld,Phi-4-mini-instruct,pick_cool_then_place_in_recep-Bread-None-CounterTop-7/trial_T20190909_045605_307949,35,1,0
alfworld,Phi-4-mini-instruct,pick_cool_then_place_in_recep-Bread-None-CounterTop-7/trial_T20190909_045605_307949,42,0,1
alfworld,Phi-4-mini-instruct,pick_cool_then_place_in_recep-Cup-None-Microwave-17/trial_T20190906_192817_654400,7,1,0
alfworld,Phi-4-mini-instruct,pick_cool_then_place_in_recep-Cup-None-Microwave-17/trial_T20190906_192817_654400,10,1,0
alfworld,Phi-4-mini-instruct,pick_cool_then_place_in_recep-Cup-None-Microwave-17/trial_T20190906_192817_654400,17,1,0
alfworld,Phi-4-mini-instruct,pick_cool_then_place_in_recep-Cup-None-SideTable-21/trial_T20190906_192823_237997,5,1,0
alfworld,Phi-4-mini-instruct,pick_cool_then_place_in_recep-Cup-None-SideTable-21/trial_T20190906_192823_237997,11,1,0
alfworld,Phi-4-mini-instruct,pick_cool_then_place_in_recep-Cup-None-SideTable-21/trial_T20190906_192823_237997,18,1,0
alfworld,Phi-4-mini-instruct,pick_cool_then_place_in_recep-Cup-None-SideTable-21/trial_T20190906_192823_237997,38,1,0
alfworld,Phi-4-mini-instruct,pick_cool_then_place_in_recep-Cup-None-SideTable-21/trial_T20190906_192823_237997,46,1,0
alfworld,Phi-4-mini-instruct,pick_cool_then_place_in_recep-Egg-None-Microwave-24/trial_T20190908_234112_645480,9,1,0
alfworld,Phi-4-mini-instruct,pick_cool_then_place_in_recep-Egg-None-Microwave-24/trial_T20190908_234112_645480,13,0,1
alfworld,Phi-4-mini-instruct,pick_cool_then_place_in_recep-Egg-None-Microwave-24/trial_T20190908_234112_645480,17,0,1
alfworld,Phi-4-mini-instruct,pick_cool_then_place_in_recep-Egg-None-Microwave-24/trial_T20190908_234112_645480,31,1,0
alfworld,Phi-4-mini-instruct,pick_cool_then_place_in_recep-Egg-None-Microwave-24/trial_T20190908_234112_645480,45,0,1
alfworld,Phi-4-mini-instruct,pick_cool_then_place_in_recep-Egg-None-Microwave-24/trial_T20190908_234112_645480,47,0,1
alfworld,Phi-4-mini-instruct,pick_cool_then_place_in_recep-Lettuce-None-CounterTop-1/trial_T20190908_042713_075616,2,0,1
alfworld,Phi-4-mini-instruct,pick_cool_then_place_in_recep-Lettuce-None-CounterTop-1/trial_T20190908_042713_075616,10,1,0
alfworld,Phi-4-mini-instruct,pick_cool_then_place_in_recep-Lettuce-None-CounterTop-1/trial_T20190908_042713_075616,27,0,1
alfworld,Phi-4-mini-instruct,pick_cool_then_place_in_recep-Lettuce-None-CounterTop-11/trial_T20190908_222555_651605,5,0,1
alfworld,Phi-4-mini-instruct,pick_cool_then_place_in_recep-Lettuce-None-CounterTop-11/trial_T20190908_222555_651605,7,1,0
alfworld,Phi-4-mini-instruct,pick_cool_then_place_in_recep-Lettuce-None-CounterTop-11/trial_T20190908_222555_651605,8,1,0
alfworld,Phi-4-mini-instruct,pick_cool_then_place_in_recep-Lettuce-None-CounterTop-11/trial_T20190908_222555_651605,9,1,0
alfworld,Phi-4-mini-instruct,pick_cool_then_place_in_recep-Lettuce-None-CounterTop-11/trial_T20190908_222555_651605,24,1,0
alfworld,Phi-4-mini-instruct,pick_cool_then_place_in_recep-Lettuce-None-CounterTop-11/trial_T20190908_222555_651605,26,1,0
alfworld,Phi-4-mini-instruct,pick_cool_then_place_in_recep-Lettuce-None-CounterTop-11/trial_T20190908_222555_651605,36,1,0
alfworld,Phi-4-mini-instruct,pick_cool_then_place_in_recep-Lettuce-None-CounterTop-11/trial_T20190908_222555_651605,43,0,1
alfworld,Phi-4-mini-instruct,pick_cool_then_place_in_recep-Mug-None-CoffeeMachine-16/trial_T20190908_184242_348366,5,1,0
alfworld,Phi-4-mini-instruct,pick_cool_then_place_in_recep-Mug-None-CoffeeMachine-16/trial_T20190908_184242_348366,22,1,0
alfworld,Phi-4-mini-instruct,pick_cool_then_place_in_recep-Mug-None-CoffeeMachine-16/trial_T20190908_184242_348366,48,1,0
alfworld,Phi-4-mini-instruct,pick_cool_then_place_in_recep-Pan-None-DiningTable-7/trial_T20190908_232648_241836,6,1,0
alfworld,Phi-4-mini-instruct,pick_cool_then_place_in_recep-Pan-None-DiningTable-7/trial_T20190908_232648_241836,8,1,0
alfworld,Phi-4-mini-instruct,pick_cool_then_place_in_recep-Pan-None-DiningTable-7/trial_T20190908_232648_241836,18,0,1
alfworld,Phi-4-mini-instruct,pick_cool_then_place_in_recep-Pan-None-DiningTable-7/trial_T20190908_232648_241836,38,1,0
alfworld,Phi-4-mini-instruct,pick_cool_then_place_in_recep-Pan-None-DiningTable-7/trial_T20190908_232648_241836,47,1,0
alfworld,Phi-4-mini-instruct,pick_cool_then_place_in_recep-Pan-None-StoveBurner-18/trial_T20190906_181023_216915,41,1,1
alfworld,Phi-4-mini-instruct,pick_cool_then_place_in_recep-Pan-None-StoveBurner-18/trial_T20190906_181023_216915,44,1,0
alfworld,Phi-4-mini-instruct,pick_cool_then_place_in_recep-Pan-None-StoveBurner-18/trial_T20190906_181023_216915,47,1,0
alfworld,Phi-4-mini-instruct,pick_cool_then_place_in_recep-Pan-None-StoveBurner-23/trial_T20190906_215856_374127,2,1,1
alfworld,Phi-4-mini-instruct,pick_cool_then_place_in_recep-Pan-None-StoveBurner-23/trial_T20190906_215856_374127,4,1,0
alfworld,Phi-4-mini-instruct,pick_cool_then_place_in_recep-Pan-None-StoveBurner-23/trial_T20190906_215856_374127,18,0,1
alfworld,Phi-4-mini-instruct,pick_cool_then_place_in_recep-Plate-None-Cabinet-27/trial_T20190906_173120_350651,3,0,1
alfworld,Phi-4-mini-instruct,pick_cool_then_place_in_recep-Plate-None-Cabinet-27/trial_T20190906_173120_350651,11,0,1
alfworld,Phi-4-mini-instruct,pick_cool_then_place_in_recep-Plate-None-Cabinet-27/trial_T20190906_173120_350651,20,0,1
alfworld,Phi-4-mini-instruct,pick_cool_then_place_in_recep-Plate-None-Cabinet-27/trial_T20190906_173120_350651,36,1,0
alfworld,Phi-4-mini-instruct,pick_cool_then_place_in_recep-Plate-None-Cabinet-27/trial_T20190906_173120_350651,37,0,1
alfworld,Phi-4-mini-instruct,pick_cool_then_place_in_recep-Plate-None-Cabinet-7/trial_T20190907_231206_512424,3,0,1
alfworld,Phi-4-mini-instruct,pick_cool_then_place_in_recep-Plate-None-Cabinet-7/trial_T20190907_231206_512424,13,1,0
alfworld,Phi-4-mini-instruct,pick_cool_then_place_in_recep-Plate-None-Cabinet-7/trial_T20190907_231206_512424,17,0,1
alfworld,Phi-4-mini-instruct,pick_cool_then_place_in_recep-Plate-None-Cabinet-7/trial_T20190907_231206_512424,18,0,1
alfworld,Phi-4-mini-instruct,pick_cool_then_place_in_recep-Plate-None-Cabinet-7/trial_T20190907_231206_512424,42,0,1
alfworld,Phi-4-mini-instruct,pick_cool_then_place_in_recep-Plate-None-CounterTop-1/trial_T20190906_205324_559361,1,1,0
alfworld,Phi-4-mini-instruct,pick_cool_then_place_in_recep-Plate-None-CounterTop-1/trial_T20190906_205324_559361,6,0,1
alfworld,Phi-4-mini-instruct,pick_cool_then_place_in_recep-Plate-None-CounterTop-1/trial_T20190906_205324_559361,33,0,1
alfworld,Phi-4-mini-instruct,pick_cool_then_place_in_recep-Plate-None-CounterTop-1/trial_T20190906_205324_559361,43,0,1
alfworld,Phi-4-mini-instruct,pick_cool_then_place_in_recep-Pot-None-DiningTable-21/trial_T20190909_004531_429065,4,1,0
alfworld,Phi-4-mini-instruct,pick_cool_then_place_in_recep-Pot-None-DiningTable-21/trial_T20190909_004531_429065,9,0,1
alfworld,Phi-4-mini-instruct,pick_cool_then_place_in_recep-Pot-None-DiningTable-21/trial_T20190909_004531_429065,13,1,1
alfworld,Phi-4-mini-instruct,pick_cool_then_place_in_recep-Pot-None-DiningTable-21/trial_T20190909_004531_429065,15,1,0
alfworld,Phi-4-mini-instruct,pick_cool_then_place_in_recep-Pot-None-DiningTable-21/trial_T20190909_004531_429065,32,0,1
alfworld,Phi-4-mini-instruct,pick_cool_then_place_in_recep-Pot-None-DiningTable-21/trial_T20190909_004531_429065,36,1,0
alfworld,Phi-4-mini-instruct,pick_cool_then_place_in_recep-Pot-None-DiningTable-21/trial_T20190909_004531_429065,49,0,1
alfworld,Phi-4-mini-instruct,pick_cool_then_place_in_recep-Tomato-None-CounterTop-12/trial_T20190909_063754_216554,1,0,1
alfworld,Phi-4-mini-instruct,pick_cool_then_place_in_recep-Tomato-None-CounterTop-12/trial_T20190909_063754_216554,8,1,0
alfworld,Phi-4-mini-instruct,pick_cool_then_place_in_recep-Tomato-None-CounterTop-12/trial_T20190909_063754_216554,26,1,0
alfworld,Phi-4-mini-instruct,pick_cool_then_place_in_recep-Tomato-None-CounterTop-12/trial_T20190909_063754_216554,38,1,0
alfworld,Phi-4-mini-instruct,pick_cool_then_place_in_recep-Tomato-None-CounterTop-12/trial_T20190909_063754_216554,41,1,0
alfworld,Phi-4-mini-instruct,pick_cool_then_place_in_recep-Tomato-None-CounterTop-12/trial_T20190909_063844_274181,37,1,0
alfworld,Phi-4-mini-instruct,pick_cool_then_place_in_recep-Tomato-None-GarbageCan-6/trial_T20190909_082934_483899,2,0,1
alfworld,Phi-4-mini-instruct,pick_cool_then_place_in_recep-Tomato-None-GarbageCan-6/trial_T20190909_082934_483899,23,1,0
alfworld,Phi-4-mini-instruct,pick_cool_then_place_in_recep-Tomato-None-GarbageCan-6/trial_T20190909_082934_483899,33,1,0
alfworld,Phi-4-mini-instruct,pick_cool_then_place_in_recep-Tomato-None-GarbageCan-6/trial_T20190909_082934_483899,45,1,0
alfworld,Phi-4-mini-instruct,pick_cool_then_place_in_recep-Tomato-None-Microwave-13/trial_T20190910_173916_331859,12,1,0
alfworld,Phi-4-mini-instruct,pick_cool_then_place_in_recep-Tomato-None-Microwave-13/trial_T20190910_173916_331859,23,1,0
alfworld,Phi-4-mini-instruct,pick_cool_then_place_in_recep-Tomato-None-Microwave-13/trial_T20190910_173916_331859,30,1,0
alfworld,Phi-4-mini-instruct,pick_cool_then_place_in_recep-Tomato-None-Microwave-13/trial_T20190910_173916_331859,40,1,0
alfworld,Phi-4-mini-instruct,pick_cool_then_place_in_recep-Tomato-None-Microwave-13/trial_T20190910_173916_331859,45,0,1
alfworld,Phi-4-mini-instruct,pick_cool_then_place_in_recep-Tomato-None-Microwave-18/trial_T20190909_012524_159092,4,1,0
alfworld,Phi-4-mini-instruct,pick_cool_then_place_in_recep-Tomato-None-Microwave-18/trial_T20190909_012524_159092,15,0,1
alfworld,Phi-4-mini-instruct,pick_cool_then_place_in_recep-Tomato-None-Microwave-18/trial_T20190909_012524_159092,17,1,0
alfworld,Phi-4-mini-instruct,pick_cool_then_place_in_recep-Tomato-None-Microwave-18/trial_T20190909_012524_159092,18,0,1
alfworld,Phi-4-mini-instruct,pick_cool_then_place_in_recep-WineBottle-None-DiningTable-17/trial_T20190908_024426_412044,8,1,0
alfworld,Phi-4-mini-instruct,pick_cool_then_place_in_recep-WineBottle-None-DiningTable-17/trial_T20190908_024426_412044,19,1,0
alfworld,Phi-4-mini-instruct,pick_cool_then_place_in_recep-WineBottle-None-DiningTable-17/trial_T20190908_024426_412044,35,1,0
alfworld,Phi-4-mini-instruct,pick_cool_then_place_in_recep-WineBottle-None-DiningTable-17/trial_T20190908_024426_412044,37,1,0
alfworld,Phi-4-mini-instruct,pick_cool_then_place_in_recep-WineBottle-None-DiningTable-17/trial_T20190908_024426_412044,44,0,1
alfworld,Phi-4-mini-instruct,pick_cool_then_place_in_recep-WineBottle-None-DiningTable-17/trial_T20190908_024426_412044,47,1,0
alfworld,Phi-4-mini-instruct,pick_heat_then_place_in_recep-Apple-None-DiningTable-26/trial_T20190907_060234_011675,7,1,0
alfworld,Phi-4-mini-instruct,pick_heat_then_place_in_recep-Apple-None-DiningTable-26/trial_T20190907_060234_011675,12,1,0
alfworld,Phi-4-mini-instruct,pick_heat_then_place_in_recep-Apple-None-DiningTable-26/trial_T20190907_060234_011675,14,1,0
alfworld,Phi-4-mini-instruct,pick_heat_then_place_in_recep-Apple-None-DiningTable-26/trial_T20190907_060234_011675,48,1,0
alfworld,Phi-4-mini-instruct,pick_heat_then_place_in_recep-Cup-None-Cabinet-22/trial_T20190907_173251_960848,10,0,1
alfworld,Phi-4-mini-instruct,pick_heat_then_place_in_recep-Cup-None-Cabinet-22/trial_T20190907_173251_960848,17,1,0
alfworld,Phi-4-mini-instruct,pick_heat_then_place_in_recep-Cup-None-Cabinet-22/trial_T20190907_173251_960848,29,1,0
alfworld,Phi-4-mini-instruct,pick_heat_then_place_in_recep-Cup-None-Cabinet-22/trial_T20190907_173251_960848,39,1,0
alfworld,Phi-4-mini-instruct,pick_heat_then_place_in_recep-Cup-None-Cabinet-22/trial_T20190907_173251_960848,41,1,0
alfworld,Phi-4-mini-instruct,pick_heat_then_place_in_recep-Egg-None-CounterTop-2/trial_T20190908_122951_021026,3,0,1
alfworld,Phi-4-mini-instruct,pick_heat_then_place_in_recep-Egg-None-CounterTop-2/trial_T20190908_122951_021026,10,1,0
alfworld,Phi-4-mini-instruct,pick_heat_then_place_in_recep-Egg-None-CounterTop-2/trial_T20190908_122951_021026,21,1,0
alfworld,Phi-4-mini-instruct,pick_heat_then_place_in_recep-Egg-None-CounterTop-2/trial_T20190908_122951_021026,22,0,1
alfworld,Phi-4-mini-instruct,pick_heat_then_place_in_recep-Egg-None-CounterTop-2/trial_T20190908_122951_021026,24,1,1
alfworld,Phi-4-mini-instruct,pick_heat_then_place_in_recep-Egg-None-CounterTop-2/trial_T20190908_122951_021026,25,1,0
alfworld,Phi-4-mini-instruct,pick_heat_then_place_in_recep-Egg-None-CounterTop-2/trial_T20190908_122951_021026,28,1,0
alfworld,Phi-4-mini-instruct,pick_heat_then_place_in_recep-Egg-None-CounterTop-2/trial_T20190908_122951_021026,37,0,1
alfworld,Phi-4-mini-instruct,pick_heat_then_place_in_recep-Egg-None-CounterTop-2/trial_T20190908_122951_021026,40,1,0
alfworld,Phi-4-mini-instruct,pick_heat_then_place_in_recep-Egg-None-Fridge-14/trial_T20190909_091314_636733,13,0,1
alfworld,Phi-4-mini-instruct,pick_heat_then_place_in_recep-Egg-None-Fridge-14/trial_T20190909_091314_636733,16,1,0
alfworld,Phi-4-mini-instruct,pick_heat_then_place_in_recep-Egg-None-Fridge-14/trial_T20190909_091314_636733,26,1,0
alfworld,Phi-4-mini-instruct,pick_heat_then_place_in_recep-Egg-None-Fridge-14/trial_T20190909_091314_636733,29,0,1
alfworld,Phi-4-mini-instruct,pick_heat_then_place_in_recep-Mug-None-Cabinet-26/trial_T20190909_062333_424779,3,1,0
alfworld,Phi-4-mini-instruct,pick_heat_then_place_in_recep-Mug-None-Cabinet-26/trial_T20190909_062333_424779,5,1,0
alfworld,Phi-4-mini-instruct,pick_heat_then_place_in_recep-Mug-None-Cabinet-26/trial_T20190909_062333_424779,16,1,0
alfworld,Phi-4-mini-instruct,pick_heat_then_place_in_recep-Mug-None-Cabinet-26/trial_T20190909_062333_424779,28,1,0
alfworld,Phi-4-mini-instruct,pick_heat_then_place_in_recep-Mug-None-Cabinet-26/trial_T20190909_062333_424779,44,1,0
alfworld,Phi-4-mini-instruct,pick_heat_then_place_in_recep-Mug-None-Cabinet-26/trial_T20190909_062333_424779,47,1,0
alfworld,Phi-4-mini-instruct,pick_heat_then_place_in_recep-Mug-None-Cabinet-3/trial_T20190909_014639_335717,4,0,1
alfworld,Phi-4-mini-instruct,pick_heat_then_place_in_recep-Mug-None-Cabinet-3/trial_T20190909_014639_335717,13,1,1
alfworld,Phi-4-mini-instruct,pick_heat_then_place_in_recep-Mug-None-Cabinet-3/trial_T20190909_014639_335717,20,1,0
alfworld,Phi-4-mini-instruct,pick_heat_then_place_in_recep-Mug-None-Cabinet-3/trial_T20190909_014639_335717,22,1,0
alfworld,Phi-4-mini-instruct,pick_heat_then_place_in_recep-Mug-None-Cabinet-3/trial_T20190909_014639_335717,36,1,0
alfworld,Phi-4-mini-instruct,pick_heat_then_place_in_recep-Mug-None-Cabinet-3/trial_T20190909_014639_335717,44,0,1
alfworld,Phi-4-mini-instruct,pick_heat_then_place_in_recep-Mug-None-CoffeeMachine-1/trial_T20190907_222640_487432,1,1,0
alfworld,Phi-4-mini-instruct,pick_heat_then_place_in_recep-Mug-None-CoffeeMachine-1/trial_T20190907_222640_487432,4,1,1
alfworld,Phi-4-mini-instruct,pick_heat_then_place_in_recep-Mug-None-CoffeeMachine-1/trial_T20190907_222640_487432,19,0,1
alfworld,Phi-4-mini-instruct,pick_heat_then_place_in_recep-Mug-None-CoffeeMachine-1/trial_T20190907_222640_487432,32,0,1
alfworld,Phi-4-mini-instruct,pick_heat_then_place_in_recep-Mug-None-CoffeeMachine-1/trial_T20190907_222640_487432,34,1,0
alfworld,Phi-4-mini-instruct,pick_heat_then_place_in_recep-Mug-None-CoffeeMachine-1/trial_T20190907_222640_487432,46,0,1
alfworld,Phi-4-mini-instruct,pick_heat_then_place_in_recep-Mug-None-CoffeeMachine-1/trial_T20190907_222640_487432,48,1,1
alfworld,Phi-4-mini-instruct,pick_heat_then_place_in_recep-Mug-None-SideTable-21/trial_T20190909_090729_088825,1,1,0
alfworld,Phi-4-mini-instruct,pick_heat_then_place_in_recep-Mug-None-SideTable-21/trial_T20190909_090729_088825,16,1,1
alfworld,Phi-4-mini-instruct,pick_heat_then_place_in_recep-Mug-None-SideTable-21/trial_T20190909_090729_088825,35,1,0
alfworld,Phi-4-mini-instruct,pick_heat_then_place_in_recep-Plate-None-Cabinet-1/trial_T20190908_070946_578973,10,1,0
alfworld,Phi-4-mini-instruct,pick_heat_then_place_in_recep-Plate-None-Cabinet-1/trial_T20190908_070946_578973,19,1,0
alfworld,Phi-4-mini-instruct,pick_heat_then_place_in_recep-Plate-None-Cabinet-1/trial_T20190908_070946_578973,25,1,0
alfworld,Phi-4-mini-instruct,pick_heat_then_place_in_recep-Plate-None-Cabinet-1/trial_T20190908_070946_578973,43,1,0
alfworld,Phi-4-mini-instruct,pick_heat_then_place_in_recep-Plate-None-Cabinet-1/trial_T20190908_070946_578973,46,1,0
alfworld,Phi-4-mini-instruct,pick_heat_then_place_in_recep-Plate-None-Cabinet-1/trial_T20190908_070946_578973,47,1,0
alfworld,Phi-4-mini-instruct,pick_heat_then_place_in_recep-Plate-None-DiningTable-28/trial_T20190908_001247_096796,1,1,0
alfworld,Phi-4-mini-instruct,pick_heat_then_place_in_recep-Plate-None-DiningTable-28/trial_T20190908_001247_096796,4,1,0
alfworld,Phi-4-mini-instruct,pick_heat_then_place_in_recep-Plate-None-DiningTable-28/trial_T20190908_001247_096796,5,1,0
alfworld,Phi-4-mini-instruct,pick_heat_then_place_in_recep-Plate-None-DiningTable-28/trial_T20190908_001247_096796,21,1,0
alfworld,Phi-4-mini-instruct,pick_heat_then_place_in_recep-Plate-None-DiningTable-28/trial_T20190908_001247_096796,28,1,0
alfworld,Phi-4-mini-instruct,pick_heat_then_place_in_recep-Potato-None-Fridge-11/trial_T20190909_011341_436523,3,1,0
alfworld,Phi-4-mini-instruct,pick_heat_then_place_in_recep-Potato-None-Fridge-11/trial_T20190909_011341_436523,9,1,0
alfworld,Phi-4-mini-instruct,pick_heat_then_place_in_recep-Potato-None-Fridge-11/trial_T20190909_011341_436523,14,1,0
alfworld,Phi-4-mini-instruct,pick_heat_then_place_in_recep-Potato-None-Fridge-11/trial_T20190909_011341_436523,24,1,0
alfworld,Phi-4-mini-instruct,pick_heat_then_place_in_recep-Potato-None-Fridge-11/trial_T20190909_011341_436523,30,1,0
alfworld,Phi-4-mini-instruct,pick_heat_then_place_in_recep-Potato-None-Fridge-11/trial_T20190909_011341_436523,36,0,1
alfworld,Phi-4-mini-instruct,pick_heat_then_place_in_recep-Potato-None-Fridge-11/trial_T20190909_011341_436523,47,1,0
alfworld,Phi-4-mini-instruct,pick_heat_then_place_in_recep-Potato-None-Fridge-11/trial_T20190909_011341_436523,48,1,0
alfworld,Phi-4-mini-instruct,pick_heat_then_place_in_recep-Potato-None-Fridge-12/trial_T20190908_014451_271080,12,0,1
alfworld,Phi-4-mini-instruct,pick_heat_then_place_in_recep-Potato-None-Fridge-12/trial_T20190908_014451_271080,15,1,0
alfworld,Phi-4-mini-instruct,pick_heat_then_place_in_recep-Potato-None-Fridge-12/trial_T20190908_014451_271080,30,0,1
alfworld,Phi-4-mini-instruct,pick_heat_then_place_in_recep-Potato-None-Fridge-12/trial_T20190908_014451_271080,40,1,0
alfworld,Phi-4-mini-instruct,pick_heat_then_place_in_recep-Tomato-None-DiningTable-16/trial_T20190907_201243_698086,1,1,0
alfworld,Phi-4-mini-instruct,pick_heat_then_place_in_recep-Tomato-None-DiningTable-16/trial_T20190907_201243_698086,22,0,1
alfworld,Phi-4-mini-instruct,pick_heat_then_place_in_recep-Tomato-None-DiningTable-16/trial_T20190907_201243_698086,27,1,0
alfworld,Phi-4-mini-instruct,pick_heat_then_place_in_recep-Tomato-None-Fridge-15/trial_T20190909_020200_054379,5,1,0
alfworld,Phi-4-mini-instruct,pick_heat_then_place_in_recep-Tomato-None-Fridge-15/trial_T20190909_020200_054379,21,1,0
alfworld,Phi-4-mini-instruct,pick_heat_then_place_in_recep-Tomato-None-Fridge-15/trial_T20190909_020200_054379,30,1,1
alfworld,Phi-4-mini-instruct,pick_heat_then_place_in_recep-Tomato-None-Fridge-15/trial_T20190909_020200_054379,32,1,0
alfworld,Phi-4-mini-instruct,pick_heat_then_place_in_recep-Tomato-None-Fridge-23/trial_T20190909_082320_103350,3,1,0
alfworld,Phi-4-mini-instruct,pick_heat_then_place_in_recep-Tomato-None-Fridge-23/trial_T20190909_082320_103350,5,1,0
alfworld,Phi-4-mini-instruct,pick_heat_then_place_in_recep-Tomato-None-Fridge-23/trial_T20190909_082320_103350,10,0,1
alfworld,Phi-4-mini-instruct,pick_heat_then_place_in_recep-Tomato-None-Fridge-23/trial_T20190909_082320_103350,25,1,0
alfworld,Phi-4-mini-instruct,pick_heat_then_place_in_recep-Tomato-None-Fridge-23/trial_T20190909_082320_103350,36,0,1
alfworld,Phi-4-mini-instruct,pick_heat_then_place_in_recep-Tomato-None-Fridge-23/trial_T20190909_082320_103350,41,1,1
alfworld,Phi-4-mini-instruct,pick_heat_then_place_in_recep-Tomato-None-Fridge-23/trial_T20190909_082320_103350,47,0,1
alfworld,Phi-4-mini-instruct,pick_heat_then_place_in_recep-Tomato-None-Fridge-24/trial_T20190908_033721_967359,3,1,0
alfworld,Phi-4-mini-instruct,pick_heat_then_place_in_recep-Tomato-None-Fridge-24/trial_T20190908_033721_967359,4,1,0
alfworld,Phi-4-mini-instruct,pick_heat_then_place_in_recep-Tomato-None-Fridge-24/trial_T20190908_033721_967359,9,0,1
alfworld,Phi-4-mini-instruct,pick_heat_then_place_in_recep-Tomato-None-Fridge-24/trial_T20190908_033721_967359,11,1,0
alfworld,Phi-4-mini-instruct,pick_heat_then_place_in_recep-Tomato-None-Fridge-24/trial_T20190908_033721_967359,17,1,0
alfworld,Phi-4-mini-instruct,pick_heat_then_place_in_recep-Tomato-None-Fridge-24/trial_T20190908_033721_967359,25,0,1
alfworld,Phi-4-mini-instruct,pick_heat_then_place_in_recep-Tomato-None-Fridge-24/trial_T20190908_033721_967359,36,1,0
alfworld,Phi-4-mini-instruct,pick_heat_then_place_in_recep-Tomato-None-Fridge-24/trial_T20190908_033721_967359,47,1,0
alfworld,Phi-4-mini-instruct,pick_two_obj_and_place-AlarmClock-None-Dresser-305/trial_T20190907_165826_194855,7,1,0
alfworld,Phi-4-mini-instruct,pick_two_obj_and_place-AlarmClock-None-Dresser-305/trial_T20190907_165826_194855,10,1,1
alfworld,Phi-4-mini-instruct,pick_two_obj_and_place-AlarmClock-None-Dresser-305/trial_T20190907_165826_194855,26,1,0
alfworld,Phi-4-mini-instruct,pick_two_obj_and_place-AlarmClock-None-Dresser-305/trial_T20190907_165826_194855,39,1,0
alfworld,Phi-4-mini-instruct,pick_two_obj_and_place-AlarmClock-None-Dresser-305/trial_T20190907_165826_194855,43,1,0
alfworld,Phi-4-mini-instruct,pick_two_obj_and_place-AlarmClock-None-Dresser-305/trial_T20190907_165826_194855,49,0,1
alfworld,Phi-4-mini-instruct,pick_two_obj_and_place-Book-None-Desk-302/trial_T20190906_181233_363875,1,1,0
alfworld,Phi-4-mini-instruct,pick_two_obj_and_place-Book-None-Desk-302/trial_T20190906_181233_363875,2,1,0
alfworld,Phi-4-mini-instruct,pick_two_obj_and_place-Book-None-Desk-302/trial_T20190906_181233_363875,12,1,0
alfworld,Phi-4-mini-instruct,pick_two_obj_and_place-Book-None-Desk-302/trial_T20190906_181233_363875,19,0,1
alfworld,Phi-4-mini-instruct,pick_two_obj_and_place-Book-None-Desk-302/trial_T20190906_181233_363875,24,0,1
alfworld,Phi-4-mini-instruct,pick_two_obj_and_place-Book-None-Desk-302/trial_T20190906_181233_363875,25,1,0
alfworld,Phi-4-mini-instruct,pick_two_obj_and_place-Book-None-Desk-302/trial_T20190906_181233_363875,35,1,0
alfworld,Phi-4-mini-instruct,pick_two_obj_and_place-Book-None-Desk-302/trial_T20190906_181233_363875,48,1,0
alfworld,Phi-4-mini-instruct,pick_two_obj_and_place-Book-None-Desk-313/trial_T20190908_125930_920681,20,1,0
alfworld,Phi-4-mini-instruct,pick_two_obj_and_place-Book-None-Desk-313/trial_T20190908_125930_920681,25,1,0
alfworld,Phi-4-mini-instruct,pick_two_obj_and_place-Book-None-Desk-313/trial_T20190908_125930_920681,26,0,1
alfworld,Phi-4-mini-instruct,pick_two_obj_and_place-Book-None-Desk-313/trial_T20190908_125930_920681,42,1,0
alfworld,Phi-4-mini-instruct,pick_two_obj_and_place-Box-None-CoffeeTable-213/trial_T20190906_200927_069627,17,1,0
alfworld,Phi-4-mini-instruct,pick_two_obj_and_place-Box-None-CoffeeTable-213/trial_T20190906_200927_069627,19,1,0
alfworld,Phi-4-mini-instruct,pick_two_obj_and_place-Box-None-CoffeeTable-213/trial_T20190906_200927_069627,46,1,0
alfworld,Phi-4-mini-instruct,pick_two_obj_and_place-CD-None-Drawer-304/trial_T20190907_230232_832893,4,0,1
alfworld,Phi-4-mini-instruct,pick_two_obj_and_place-CD-None-Drawer-304/trial_T20190907_230232_832893,10,1,0
alfworld,Phi-4-mini-instruct,pick_two_obj_and_place-CD-None-Drawer-304/trial_T20190907_230232_832893,29,1,0
alfworld,Phi-4-mini-instruct,pick_two_obj_and_place-CreditCard-None-Dresser-311/trial_T20190907_201917_045715,4,1,0
alfworld,Phi-4-mini-instruct,pick_two_obj_and_place-CreditCard-None-Dresser-311/trial_T20190907_201917_045715,12,1,0
alfworld,Phi-4-mini-instruct,pick_two_obj_and_place-CreditCard-None-Dresser-311/trial_T20190907_201917_045715,16,1,0
alfworld,Phi-4-mini-instruct,pick_two_obj_and_place-CreditCard-None-Dresser-311/trial_T20190907_201917_045715,26,1,0
alfworld,Phi-4-mini-instruct,pick_two_obj_and_place-CreditCard-None-Dresser-311/trial_T20190907_201917_045715,28,1,0
alfworld,Phi-4-mini-instruct,pick_two_obj_and_place-CreditCard-None-Dresser-311/trial_T20190907_201917_045715,35,1,0
alfworld,Phi-4-mini-instruct,pick_two_obj_and_place-CreditCard-None-Dresser-311/trial_T20190907_201917_045715,40,1,0
alfworld,Phi-4-mini-instruct,pick_two_obj_and_place-CreditCard-None-Safe-323/trial_T20190907_001129_214240,7,1,0
alfworld,Phi-4-mini-instruct,pick_two_obj_and_place-CreditCard-None-Safe-323/trial_T20190907_001129_214240,25,0,1
alfworld,Phi-4-mini-instruct,pick_two_obj_and_place-CreditCard-None-Safe-323/trial_T20190907_001129_214240,31,1,0
alfworld,Phi-4-mini-instruct,pick_two_obj_and_place-CreditCard-None-Safe-323/trial_T20190907_001129_214240,44,1,0
alfworld,Phi-4-mini-instruct,pick_two_obj_and_place-CreditCard-None-Safe-323/trial_T20190907_001129_214240,45,0,1
alfworld,Phi-4-mini-instruct,pick_two_obj_and_place-Glassbottle-None-Shelf-1/trial_T20190907_122204_941737,1,1,1
alfworld,Phi-4-mini-instruct,pick_two_obj_and_place-Glassbottle-None-Shelf-1/trial_T20190907_122204_941737,11,1,0
alfworld,Phi-4-mini-instruct,pick_two_obj_and_place-Glassbottle-None-Shelf-1/trial_T20190907_122204_941737,16,1,0
alfworld,Phi-4-mini-instruct,pick_two_obj_and_place-Glassbottle-None-Shelf-1/trial_T20190907_122204_941737,20,1,0
alfworld,Phi-4-mini-instruct,pick_two_obj_and_place-Glassbottle-None-Shelf-1/trial_T20190907_122204_941737,26,0,1
alfworld,Phi-4-mini-instruct,pick_two_obj_and_place-Glassbottle-None-Shelf-1/trial_T20190907_122204_941737,40,0,1
alfworld,Phi-4-mini-instruct,pick_two_obj_and_place-Glassbottle-None-Shelf-1/trial_T20190907_122204_941737,41,1,0
alfworld,Phi-4-mini-instruct,pick_two_obj_and_place-Glassbottle-None-Shelf-1/trial_T20190907_122204_941737,43,0,1
alfworld,Phi-4-mini-instruct,pick_two_obj_and_place-Knife-None-Drawer-18/trial_T20190907_065232_689984,3,1,0
alfworld,Phi-4-mini-instruct,pick_two_obj_and_place-Knife-None-Drawer-18/trial_T20190907_065232_689984,6,1,0
alfworld,Phi-4-mini-instruct,pick_two_obj_and_place-Knife-None-Drawer-18/trial_T20190907_065232_689984,10,1,0
alfworld,Phi-4-mini-instruct,pick_two_obj_and_place-Knife-None-Drawer-18/trial_T20190907_065232_689984,22,1,0
alfworld,Phi-4-mini-instruct,pick_two_obj_and_place-Knife-None-Drawer-18/trial_T20190907_065232_689984,25,0,1
alfworld,Phi-4-mini-instruct,pick_two_obj_and_place-Knife-None-Drawer-18/trial_T20190907_065232_689984,40,1,1
alfworld,Phi-4-mini-instruct,pick_two_obj_and_place-Knife-None-Drawer-18/trial_T20190907_065232_689984,42,1,0
alfworld,Phi-4-mini-instruct,pick_two_obj_and_place-Knife-None-Drawer-18/trial_T20190907_065232_689984,45,1,0
alfworld,Phi-4-mini-instruct,pick_two_obj_and_place-Newspaper-None-Drawer-224/trial_T20190911_101248_326533,4,0,1
alfworld,Phi-4-mini-instruct,pick_two_obj_and_place-Newspaper-None-Drawer-224/trial_T20190911_101248_326533,7,1,0
alfworld,Phi-4-mini-instruct,pick_two_obj_and_place-Newspaper-None-Drawer-224/trial_T20190911_101248_326533,9,1,0
alfworld,Phi-4-mini-instruct,pick_two_obj_and_place-Newspaper-None-Drawer-224/trial_T20190911_101248_326533,18,1,0
alfworld,Phi-4-mini-instruct,pick_two_obj_and_place-Pan-None-CounterTop-14/trial_T20190907_012519_974044,13,1,0
alfworld,Phi-4-mini-instruct,pick_two_obj_and_place-Pan-None-CounterTop-14/trial_T20190907_012519_974044,29,1,0
alfworld,Phi-4-mini-instruct,pick_two_obj_and_place-Pan-None-CounterTop-14/trial_T20190907_012519_974044,40,1,0
alfworld,Phi-4-mini-instruct,pick_two_obj_and_place-Pan-None-CounterTop-14/trial_T20190907_012519_974044,41,1,0
alfworld,Phi-4-mini-instruct,pick_two_obj_and_place-Pan-None-CounterTop-14/trial_T20190907_012519_974044,42,1,0
alfworld,Phi-4-mini-instruct,pick_two_obj_and_place-RemoteControl-None-Ottoman-203/trial_T20190906_182952_858723,3,1,0
alfworld,Phi-4-mini-instruct,pick_two_obj_and_place-RemoteControl-None-Ottoman-203/trial_T20190906_182952_858723,6,0,1
alfworld,Phi-4-mini-instruct,pick_two_obj_and_place-RemoteControl-None-Ottoman-203/trial_T20190906_182952_858723,15,1,0
alfworld,Phi-4-mini-instruct,pick_two_obj_and_place-RemoteControl-None-Ottoman-203/trial_T20190906_182952_858723,20,1,0
alfworld,Phi-4-mini-instruct,pick_two_obj_and_place-RemoteControl-None-Ottoman-203/trial_T20190906_182952_858723,25,1,0
alfworld,Phi-4-mini-instruct,pick_two_obj_and_place-RemoteControl-None-Ottoman-203/trial_T20190906_182952_858723,35,1,0
alfworld,Phi-4-mini-instruct,pick_two_obj_and_place-SoapBar-None-GarbageCan-418/trial_T20190909_055538_380023,6,0,1
alfworld,Phi-4-mini-instruct,pick_two_obj_and_place-SoapBar-None-GarbageCan-418/trial_T20190909_055538_380023,7,1,0
alfworld,Phi-4-mini-instruct,pick_two_obj_and_place-SoapBar-None-GarbageCan-418/trial_T20190909_055538_380023,20,1,0
alfworld,Phi-4-mini-instruct,pick_two_obj_and_place-SoapBar-None-GarbageCan-418/trial_T20190909_055649_717880,10,1,0
alfworld,Phi-4-mini-instruct,pick_two_obj_and_place-SoapBar-None-GarbageCan-418/trial_T20190909_055649_717880,11,0,1
alfworld,Phi-4-mini-instruct,pick_two_obj_and_place-SoapBar-None-GarbageCan-418/trial_T20190909_055649_717880,16,1,1
alfworld,Phi-4-mini-instruct,pick_two_obj_and_place-SoapBar-None-GarbageCan-418/trial_T20190909_055649_717880,19,1,0
alfworld,Phi-4-mini-instruct,pick_two_obj_and_place-SoapBar-None-GarbageCan-418/trial_T20190909_055649_717880,20,1,0
alfworld,Phi-4-mini-instruct,pick_two_obj_and_place-SoapBar-None-GarbageCan-418/trial_T20190909_055649_717880,24,1,0
alfworld,Phi-4-mini-instruct,pick_two_obj_and_place-SoapBar-None-GarbageCan-418/trial_T20190909_055649_717880,29,0,1
alfworld,Phi-4-mini-instruct,pick_two_obj_and_place-SoapBar-None-GarbageCan-418/trial_T20190909_055649_717880,43,1,0
alfworld,Phi-4-mini-instruct,pick_two_obj_and_place-Spatula-None-Drawer-13/trial_T20190908_183331_203888,11,0,1
alfworld,Phi-4-mini-instruct,pick_two_obj_and_place-Spatula-None-Drawer-13/trial_T20190908_183331_203888,28,0,1
alfworld,Phi-4-mini-instruct,pick_two_obj_and_place-Spatula-None-Drawer-13/trial_T20190908_183331_203888,30,1,0
alfworld,Phi-4-mini-instruct,pick_two_obj_and_place-Spatula-None-Drawer-13/trial_T20190908_183331_203888,32,1,0
alfworld,Phi-4-mini-instruct,pick_two_obj_and_place-Spatula-None-Drawer-13/trial_T20190908_183331_203888,36,1,0
alfworld,Phi-4-mini-instruct,pick_two_obj_and_place-Spatula-None-Drawer-13/trial_T20190908_183331_203888,48,1,0
alfworld,Phi-4-mini-instruct,pick_two_obj_and_place-SprayBottle-None-Cabinet-407/trial_T20190907_144556_144188,1,1,0
alfworld,Phi-4-mini-instruct,pick_two_obj_and_place-SprayBottle-None-Cabinet-407/trial_T20190907_144556_144188,3,0,1
alfworld,Phi-4-mini-instruct,pick_two_obj_and_place-SprayBottle-None-Cabinet-407/trial_T20190907_144556_144188,14,1,0
alfworld,Phi-4-mini-instruct,pick_two_obj_and_place-SprayBottle-None-Cabinet-407/trial_T20190907_144556_144188,16,0,1
alfworld,Phi-4-mini-instruct,pick_two_obj_and_place-SprayBottle-None-Cabinet-407/trial_T20190907_144556_144188,25,1,0
alfworld,Phi-4-mini-instruct,pick_two_obj_and_place-SprayBottle-None-Cabinet-407/trial_T20190907_144556_144188,26,1,0
alfworld,Phi-4-mini-instruct,pick_two_obj_and_place-SprayBottle-None-Cabinet-407/trial_T20190907_144556_144188,35,1,0
alfworld,Phi-4-mini-instruct,pick_two_obj_and_place-SprayBottle-None-Cabinet-407/trial_T20190907_144556_144188,36,1,0
alfworld,Phi-4-mini-instruct,pick_two_obj_and_place-SprayBottle-None-Cabinet-407/trial_T20190907_144556_144188,42,0,1
alfworld,Phi-4-mini-instruct,pick_two_obj_and_place-SprayBottle-None-GarbageCan-419/trial_T20190908_164236_518264,6,1,0
alfworld,Phi-4-mini-instruct,pick_two_obj_and_place-SprayBottle-None-GarbageCan-419/trial_T20190908_164236_518264,7,0,1
alfworld,Phi-4-mini-instruct,pick_two_obj_and_place-SprayBottle-None-GarbageCan-419/trial_T20190908_164236_518264,13,0,1
alfworld,Phi-4-mini-instruct,pick_two_obj_and_place-SprayBottle-None-GarbageCan-419/trial_T20190908_164236_518264,17,1,0
alfworld,Phi-4-mini-instruct,pick_two_obj_and_place-SprayBottle-None-GarbageCan-419/trial_T20190908_164236_518264,18,1,0
alfworld,Phi-4-mini-instruct,pick_two_obj_and_place-SprayBottle-None-GarbageCan-419/trial_T20190908_164236_518264,24,1,0
alfworld,Phi-4-mini-instruct,pick_two_obj_and_place-SprayBottle-None-GarbageCan-419/trial_T20190908_164236_518264,26,0,1
alfworld,Phi-4-mini-instruct,pick_two_obj_and_place-SprayBottle-None-GarbageCan-419/trial_T20190908_164236_518264,44,1,0
alfworld,Phi-4-mini-instruct,pick_two_obj_and_place-SprayBottle-None-Toilet-402/trial_T20190910_222914_814642,5,1,0
alfworld,Phi-4-mini-instruct,pick_two_obj_and_place-SprayBottle-None-Toilet-402/trial_T20190910_222914_814642,14,0,1
alfworld,Phi-4-mini-instruct,pick_two_obj_and_place-SprayBottle-None-Toilet-402/trial_T20190910_222914_814642,16,1,0
alfworld,Phi-4-mini-instruct,pick_two_obj_and_place-SprayBottle-None-Toilet-402/trial_T20190910_222914_814642,17,1,0
alfworld,Phi-4-mini-instruct,pick_two_obj_and_place-SprayBottle-None-Toilet-402/trial_T20190910_222914_814642,18,1,0
alfworld,Phi-4-mini-instruct,pick_two_obj_and_place-SprayBottle-None-Toilet-402/trial_T20190910_222914_814642,23,1,0
alfworld,Phi-4-mini-instruct,pick_two_obj_and_place-SprayBottle-None-Toilet-402/trial_T20190910_222914_814642,27,0,1
alfworld,Phi-4-mini-instruct,pick_two_obj_and_place-SprayBottle-None-Toilet-402/trial_T20190910_222914_814642,44,0,1
alfworld,Phi-4-mini-instruct,pick_two_obj_and_place-SprayBottle-None-Toilet-429/trial_T20190907_033843_707544,1,0,1
alfworld,Phi-4-mini-instruct,pick_two_obj_and_place-SprayBottle-None-Toilet-429/trial_T20190907_033843_707544,6,0,1
alfworld,Phi-4-mini-instruct,pick_two_obj_and_place-SprayBottle-None-Toilet-429/trial_T20190907_033843_707544,17,1,0
alfworld,Phi-4-mini-instruct,pick_two_obj_and_place-SprayBottle-None-Toilet-429/trial_T20190907_033843_707544,18,0,1
alfworld,Phi-4-mini-instruct,pick_two_obj_and_place-SprayBottle-None-Toilet-429/trial_T20190907_033843_707544,19,1,0
alfworld,Phi-4-mini-instruct,pick_two_obj_and_place-SprayBottle-None-Toilet-429/trial_T20190907_033843_707544,20,1,0
alfworld,Phi-4-mini-instruct,pick_two_obj_and_place-SprayBottle-None-Toilet-429/trial_T20190907_033843_707544,21,0,1
alfworld,Phi-4-mini-instruct,pick_two_obj_and_place-SprayBottle-None-Toilet-429/trial_T20190907_033843_707544,26,1,0
alfworld,Phi-4-mini-instruct,pick_two_obj_and_place-TissueBox-None-Toilet-426/trial_T20190909_044602_338962,5,1,0
alfworld,Phi-4-mini-instruct,pick_two_obj_and_place-TissueBox-None-Toilet-426/trial_T20190909_044602_338962,9,0,1
alfworld,Phi-4-mini-instruct,pick_two_obj_and_place-TissueBox-None-Toilet-426/trial_T20190909_044602_338962,21,1,0
alfworld,Phi-4-mini-instruct,pick_two_obj_and_place-TissueBox-None-Toilet-426/trial_T20190909_044602_338962,23,1,0
alfworld,Phi-4-mini-instruct,pick_two_obj_and_place-TissueBox-None-Toilet-426/trial_T20190909_044602_338962,37,0,1
alfworld,Phi-4-mini-instruct,pick_two_obj_and_place-TissueBox-None-Toilet-426/trial_T20190909_044602_338962,39,1,0
alfworld,Phi-4-mini-instruct,pick_two_obj_and_place-TissueBox-None-Toilet-426/trial_T20190909_044602_338962,48,1,0
alfworld,Phi-4-mini-instruct,pick_two_obj_and_place-ToiletPaper-None-Drawer-423/trial_T20190907_111251_461099,1,1,0
alfworld,Phi-4-mini-instruct,pick_two_obj_and_place-ToiletPaper-None-Drawer-423/trial_T20190907_111251_461099,7,1,0
alfworld,Phi-4-mini-instruct,pick_two_obj_and_place-ToiletPaper-None-Drawer-423/trial_T20190907_111251_461099,8,1,0
alfworld,Phi-4-mini-instruct,pick_two_obj_and_place-ToiletPaper-None-Drawer-423/trial_T20190907_111251_461099,10,0,1
alfworld,Phi-4-mini-instruct,pick_two_obj_and_place-ToiletPaper-None-Drawer-423/trial_T20190907_111251_461099,17,1,0
alfworld,Phi-4-mini-instruct,pick_two_obj_and_place-ToiletPaper-None-Drawer-423/trial_T20190907_111251_461099,20,1,0
alfworld,Phi-4-mini-instruct,pick_two_obj_and_place-ToiletPaper-None-Drawer-423/trial_T20190907_111251_461099,24,0,1
alfworld,Phi-4-mini-instruct,pick_two_obj_and_place-ToiletPaper-None-Drawer-423/trial_T20190907_111251_461099,41,0,1
alfworld,Phi-4-mini-instruct,pick_two_obj_and_place-ToiletPaper-None-Toilet-408/trial_T20190909_080302_174780,1,0,1
alfworld,Phi-4-mini-instruct,pick_two_obj_and_place-ToiletPaper-None-Toilet-408/trial_T20190909_080302_174780,6,0,1
alfworld,Phi-4-mini-instruct,pick_two_obj_and_place-ToiletPaper-None-Toilet-408/trial_T20190909_080302_174780,10,1,0
alfworld,Phi-4-mini-instruct,pick_two_obj_and_place-ToiletPaper-None-Toilet-408/trial_T20190909_080302_174780,24,1,0
alfworld,Phi-4-mini-instruct,pick_two_obj_and_place-Vase-None-Desk-204/trial_T20190906_181531_703961,5,1,0
alfworld,Phi-4-mini-instruct,pick_two_obj_and_place-Vase-None-Desk-204/trial_T20190906_181531_703961,9,1,0
alfworld,Phi-4-mini-instruct,pick_two_obj_and_place-Vase-None-Desk-204/trial_T20190906_181531_703961,10,1,0
alfworld,Phi-4-mini-instruct,pick_two_obj_and_place-Vase-None-Desk-204/trial_T20190906_181531_703961,12,0,1
alfworld,Phi-4-mini-instruct,pick_two_obj_and_place-Vase-None-Desk-204/trial_T20190906_181531_703961,15,0,1
alfworld,Phi-4-mini-instruct,pick_two_obj_and_place-Vase-None-Desk-204/trial_T20190906_181531_703961,20,1,0
alfworld,Phi-4-mini-instruct,pick_two_obj_and_place-Watch-None-Dresser-205/trial_T20190907_182211_592010,2,1,0
alfworld,Phi-4-mini-instruct,pick_two_obj_and_place-Watch-None-Dresser-205/trial_T20190907_182211_592010,10,1,0
alfworld,Phi-4-mini-instruct,pick_two_obj_and_place-Watch-None-Dresser-205/trial_T20190907_182211_592010,12,1,0
alfworld,Phi-4-mini-instruct,pick_two_obj_and_place-Watch-None-Dresser-205/trial_T20190907_182211_592010,20,1,0
alfworld,Phi-4-mini-instruct,pick_two_obj_and_place-Watch-None-Dresser-205/trial_T20190907_182211_592010,24,1,0
alfworld,Phi-4-mini-instruct,pick_two_obj_and_place-Watch-None-Dresser-205/trial_T20190907_182211_592010,27,1,0
alfworld,Phi-4-mini-instruct,pick_two_obj_and_place-Watch-None-Dresser-205/trial_T20190907_182211_592010,32,1,0
alfworld,Phi-4-mini-instruct,pick_two_obj_and_place-Watch-None-Dresser-205/trial_T20190907_182211_592010,37,1,0
alfworld,Phi-4-mini-instruct,pick_two_obj_and_place-Watch-None-Dresser-205/trial_T20190907_182211_592010,38,0,1
alfworld,Qwen3.6-35B-A3B,look_at_obj_in_light-AlarmClock-None-DeskLamp-323/trial_T20190909_044715_250790,3,1,0
alfworld,Qwen3.6-35B-A3B,look_at_obj_in_light-Bowl-None-DeskLamp-301/trial_T20190909_150719_492274,5,0,1
alfworld,Qwen3.6-35B-A3B,look_at_obj_in_light-Bowl-None-DeskLamp-301/trial_T20190909_150719_492274,6,1,0
alfworld,Qwen3.6-35B-A3B,look_at_obj_in_light-Bowl-None-DeskLamp-301/trial_T20190909_150719_492274,11,1,0
alfworld,Qwen3.6-35B-A3B,look_at_obj_in_light-Bowl-None-DeskLamp-301/trial_T20190909_150719_492274,15,1,0
alfworld,Qwen3.6-35B-A3B,look_at_obj_in_light-Bowl-None-DeskLamp-301/trial_T20190909_150719_492274,16,1,0
alfworld,Qwen3.6-35B-A3B,look_at_obj_in_light-Bowl-None-DeskLamp-301/trial_T20190909_150719_492274,17,0,1
alfworld,Qwen3.6-35B-A3B,look_at_obj_in_light-Bowl-None-DeskLamp-301/trial_T20190909_150719_492274,21,1,0
alfworld,Qwen3.6-35B-A3B,look_at_obj_in_light-Bowl-None-DeskLamp-301/trial_T20190909_150719_492274,36,1,0
alfworld,Qwen3.6-35B-A3B,look_at_obj_in_light-Bowl-None-DeskLamp-301/trial_T20190909_150719_492274,37,1,0
alfworld,Qwen3.6-35B-A3B,look_at_obj_in_light-Bowl-None-DeskLamp-301/trial_T20190909_150719_492274,40,0,1
alfworld,Qwen3.6-35B-A3B,look_at_obj_in_light-Bowl-None-DeskLamp-301/trial_T20190909_150719_492274,41,1,0
alfworld,Qwen3.6-35B-A3B,look_at_obj_in_light-Bowl-None-DeskLamp-301/trial_T20190909_150719_492274,42,1,0
alfworld,Qwen3.6-35B-A3B,look_at_obj_in_light-Bowl-None-DeskLamp-301/trial_T20190909_150719_492274,49,1,0
alfworld,Qwen3.6-35B-A3B,look_at_obj_in_light-Box-None-DeskLamp-205/trial_T20190907_074425_330493,10,1,0
alfworld,Qwen3.6-35B-A3B,look_at_obj_in_light-Box-None-DeskLamp-205/trial_T20190907_074425_330493,23,1,0
alfworld,Qwen3.6-35B-A3B,look_at_obj_in_light-Box-None-DeskLamp-205/trial_T20190907_074425_330493,26,1,0
alfworld,Qwen3.6-35B-A3B,look_at_obj_in_light-Box-None-DeskLamp-205/trial_T20190907_074425_330493,32,1,0
alfworld,Qwen3.6-35B-A3B,look_at_obj_in_light-Box-None-DeskLamp-205/trial_T20190907_074425_330493,36,1,0
alfworld,Qwen3.6-35B-A3B,look_at_obj_in_light-Box-None-DeskLamp-205/trial_T20190907_074425_330493,40,1,0
alfworld,Qwen3.6-35B-A3B,look_at_obj_in_light-Box-None-DeskLamp-205/trial_T20190907_074425_330493,44,1,0
alfworld,Qwen3.6-35B-A3B,look_at_obj_in_light-Box-None-DeskLamp-205/trial_T20190907_074425_330493,49,1,0
alfworld,Qwen3.6-35B-A3B,look_at_obj_in_light-CD-None-DeskLamp-302/trial_T20190907_154618_526741,4,1,0
alfworld,Qwen3.6-35B-A3B,look_at_obj_in_light-CD-None-DeskLamp-302/trial_T20190907_154618_526741,6,1,0
alfworld,Qwen3.6-35B-A3B,look_at_obj_in_light-CD-None-DeskLamp-302/trial_T20190907_154618_526741,7,1,0
alfworld,Qwen3.6-35B-A3B,look_at_obj_in_light-CD-None-DeskLamp-302/trial_T20190907_154618_526741,9,0,1
alfworld,Qwen3.6-35B-A3B,look_at_obj_in_light-CD-None-DeskLamp-302/trial_T20190907_154618_526741,10,1,0
alfworld,Qwen3.6-35B-A3B,look_at_obj_in_light-CD-None-DeskLamp-302/trial_T20190907_154618_526741,11,1,0
alfworld,Qwen3.6-35B-A3B,look_at_obj_in_light-CD-None-DeskLamp-302/trial_T20190907_154618_526741,12,1,0
alfworld,Qwen3.6-35B-A3B,look_at_obj_in_light-CD-None-DeskLamp-302/trial_T20190907_154618_526741,23,1,0
alfworld,Qwen3.6-35B-A3B,look_at_obj_in_light-CD-None-DeskLamp-302/trial_T20190907_154618_526741,24,1,0
alfworld,Qwen3.6-35B-A3B,look_at_obj_in_light-CD-None-DeskLamp-302/trial_T20190907_154618_526741,26,1,0
alfworld,Qwen3.6-35B-A3B,look_at_obj_in_light-CD-None-DeskLamp-314/trial_T20190907_114323_767231,4,1,0
alfworld,Qwen3.6-35B-A3B,look_at_obj_in_light-CD-None-DeskLamp-314/trial_T20190907_114323_767231,14,1,0
alfworld,Qwen3.6-35B-A3B,look_at_obj_in_light-CD-None-DeskLamp-314/trial_T20190907_114323_767231,15,1,0
alfworld,Qwen3.6-35B-A3B,look_at_obj_in_light-CD-None-DeskLamp-314/trial_T20190907_114323_767231,20,1,0
alfworld,Qwen3.6-35B-A3B,look_at_obj_in_light-CD-None-DeskLamp-314/trial_T20190907_114323_767231,24,1,0
alfworld,Qwen3.6-35B-A3B,look_at_obj_in_light-CD-None-DeskLamp-320/trial_T20190907_224451_655673,4,0,1
alfworld,Qwen3.6-35B-A3B,look_at_obj_in_light-CD-None-DeskLamp-320/trial_T20190907_224451_655673,6,1,1
alfworld,Qwen3.6-35B-A3B,look_at_obj_in_light-CD-None-DeskLamp-320/trial_T20190907_224451_655673,14,1,1
alfworld,Qwen3.6-35B-A3B,look_at_obj_in_light-CD-None-DeskLamp-320/trial_T20190907_224451_655673,16,1,1
alfworld,Qwen3.6-35B-A3B,look_at_obj_in_light-CD-None-DeskLamp-320/trial_T20190907_224451_655673,21,1,0
alfworld,Qwen3.6-35B-A3B,look_at_obj_in_light-CD-None-DeskLamp-320/trial_T20190907_224451_655673,22,0,1
alfworld,Qwen3.6-35B-A3B,look_at_obj_in_light-CD-None-DeskLamp-320/trial_T20190907_224451_655673,24,1,0
alfworld,Qwen3.6-35B-A3B,look_at_obj_in_light-CD-None-DeskLamp-320/trial_T20190907_224451_655673,25,0,1
alfworld,Qwen3.6-35B-A3B,look_at_obj_in_light-CD-None-DeskLamp-320/trial_T20190907_224451_655673,29,1,0
alfworld,Qwen3.6-35B-A3B,look_at_obj_in_light-CD-None-DeskLamp-320/trial_T20190907_224451_655673,31,0,1
alfworld,Qwen3.6-35B-A3B,look_at_obj_in_light-Pillow-None-DeskLamp-302/trial_T20190909_150916_682139,1,1,0
alfworld,Qwen3.6-35B-A3B,look_at_obj_in_light-Pillow-None-DeskLamp-302/trial_T20190909_150916_682139,6,1,0
alfworld,Qwen3.6-35B-A3B,look_at_obj_in_light-Pillow-None-DeskLamp-302/trial_T20190909_150916_682139,7,1,0
alfworld,Qwen3.6-35B-A3B,look_at_obj_in_light-Pillow-None-DeskLamp-323/trial_T20190908_053153_077977,2,1,0
alfworld,Qwen3.6-35B-A3B,look_at_obj_in_light-Statue-None-DeskLamp-216/trial_T20190909_193045_208933,5,0,1
alfworld,Qwen3.6-35B-A3B,look_at_obj_in_light-Vase-None-DeskLamp-303/trial_T20190907_150418_457594,2,1,0
alfworld,Qwen3.6-35B-A3B,pick_and_place_simple-Book-None-SideTable-329/trial_T20190908_050633_745514,3,0,1
alfworld,Qwen3.6-35B-A3B,pick_and_place_simple-Book-None-SideTable-329/trial_T20190908_050633_745514,7,1,0
alfworld,Qwen3.6-35B-A3B,pick_and_place_simple-Book-None-SideTable-329/trial_T20190908_050633_745514,10,1,1
alfworld,Qwen3.6-35B-A3B,pick_and_place_simple-Book-None-Sofa-229/trial_T20190907_042856_259139,1,0,1
alfworld,Qwen3.6-35B-A3B,pick_and_place_simple-Book-None-Sofa-229/trial_T20190907_042856_259139,2,0,1
alfworld,Qwen3.6-35B-A3B,pick_and_place_simple-Book-None-Sofa-229/trial_T20190907_042856_259139,3,1,0
alfworld,Qwen3.6-35B-A3B,pick_and_place_simple-Book-None-Sofa-229/trial_T20190907_042856_259139,5,0,1
alfworld,Qwen3.6-35B-A3B,pick_and_place_simple-Book-None-Sofa-229/trial_T20190907_042856_259139,10,1,0
alfworld,Qwen3.6-35B-A3B,pick_and_place_simple-Box-None-Dresser-224/trial_T20190907_164104_229696,4,0,1
alfworld,Qwen3.6-35B-A3B,pick_and_place_simple-Box-None-Dresser-224/trial_T20190907_164104_229696,5,1,0
alfworld,Qwen3.6-35B-A3B,pick_and_place_simple-Box-None-Dresser-224/trial_T20190907_164104_229696,8,1,0
alfworld,Qwen3.6-35B-A3B,pick_and_place_simple-Box-None-Dresser-224/trial_T20190907_164104_229696,12,1,0
alfworld,Qwen3.6-35B-A3B,pick_and_place_simple-Candle-None-Cart-401/trial_T20190909_081908_677973,3,0,1
alfworld,Qwen3.6-35B-A3B,pick_and_place_simple-Candle-None-Cart-401/trial_T20190909_081908_677973,7,1,0
alfworld,Qwen3.6-35B-A3B,pick_and_place_simple-Candle-None-Toilet-407/trial_T20190909_055248_059513,7,0,1
alfworld,Qwen3.6-35B-A3B,pick_and_place_simple-Candle-None-Toilet-429/trial_T20190908_052232_887934,3,1,0
alfworld,Qwen3.6-35B-A3B,pick_and_place_simple-CellPhone-None-ArmChair-318/trial_T20190909_120047_968274,8,1,0
alfworld,Qwen3.6-35B-A3B,pick_and_place_simple-CellPhone-None-Bed-324/trial_T20190907_233817_198528,3,1,0
alfworld,Qwen3.6-35B-A3B,pick_and_place_simple-CreditCard-None-Drawer-227/trial_T20190909_010644_297017,2,1,0
alfworld,Qwen3.6-35B-A3B,pick_and_place_simple-CreditCard-None-Drawer-227/trial_T20190909_010644_297017,4,1,1
alfworld,Qwen3.6-35B-A3B,pick_and_place_simple-Egg-None-Microwave-4/trial_T20190906_234406_356490,1,0,1
alfworld,Qwen3.6-35B-A3B,pick_and_place_simple-Egg-None-Microwave-4/trial_T20190906_234406_356490,9,1,0
alfworld,Qwen3.6-35B-A3B,pick_and_place_simple-Egg-None-Microwave-4/trial_T20190906_234406_356490,11,1,0
alfworld,Qwen3.6-35B-A3B,pick_and_place_simple-Egg-None-Microwave-4/trial_T20190906_234406_356490,22,1,0
alfworld,Qwen3.6-35B-A3B,pick_and_place_simple-Knife-None-SideTable-3/trial_T20190918_184236_557252,6,1,0
alfworld,Qwen3.6-35B-A3B,pick_and_place_simple-Knife-None-SideTable-3/trial_T20190918_184236_557252,9,0,1
alfworld,Qwen3.6-35B-A3B,pick_and_place_simple-Mug-None-Dresser-311/trial_T20190909_152837_739016,4,0,1
alfworld,Qwen3.6-35B-A3B,pick_and_place_simple-Mug-None-Dresser-311/trial_T20190909_152837_739016,6,1,0
alfworld,Qwen3.6-35B-A3B,pick_and_place_simple-Mug-None-SideTable-329/trial_T20190909_032318_169393,3,1,0
alfworld,Qwen3.6-35B-A3B,pick_and_place_simple-Mug-None-SideTable-329/trial_T20190909_032340_274147,2,1,0
alfworld,Qwen3.6-35B-A3B,pick_and_place_simple-Newspaper-None-Sofa-224/trial_T20190909_111324_949106,9,1,1
alfworld,Qwen3.6-35B-A3B,pick_and_place_simple-Newspaper-None-Sofa-224/trial_T20190909_111324_949106,11,1,0
alfworld,Qwen3.6-35B-A3B,pick_and_place_simple-Newspaper-None-Sofa-224/trial_T20190909_111324_949106,13,1,1
alfworld,Qwen3.6-35B-A3B,pick_and_place_simple-Newspaper-None-Sofa-224/trial_T20190909_111324_949106,14,0,1
alfworld,Qwen3.6-35B-A3B,pick_and_place_simple-Newspaper-None-Sofa-224/trial_T20190909_111324_949106,15,1,0
alfworld,Qwen3.6-35B-A3B,pick_and_place_simple-Newspaper-None-Sofa-224/trial_T20190909_111324_949106,17,1,1
alfworld,Qwen3.6-35B-A3B,pick_and_place_simple-Newspaper-None-Sofa-224/trial_T20190909_111324_949106,28,1,0
alfworld,Qwen3.6-35B-A3B,pick_and_place_simple-Newspaper-None-Sofa-224/trial_T20190909_111324_949106,31,1,1
alfworld,Qwen3.6-35B-A3B,pick_and_place_simple-Newspaper-None-Sofa-224/trial_T20190909_111324_949106,32,1,0
alfworld,Qwen3.6-35B-A3B,pick_and_place_simple-Pencil-None-Dresser-330/trial_T20190909_071128_012892,9,1,0
alfworld,Qwen3.6-35B-A3B,pick_and_place_simple-Pencil-None-Dresser-330/trial_T20190909_071128_012892,19,0,1
alfworld,Qwen3.6-35B-A3B,pick_and_place_simple-Pencil-None-Dresser-330/trial_T20190909_071128_012892,20,0,1
alfworld,Qwen3.6-35B-A3B,pick_and_place_simple-Pencil-None-Dresser-330/trial_T20190909_071128_012892,23,1,0
alfworld,Qwen3.6-35B-A3B,pick_and_place_simple-RemoteControl-None-ArmChair-230/trial_T20190909_021000_274398,3,1,0
alfworld,Qwen3.6-35B-A3B,pick_and_place_simple-SoapBar-None-Cart-401/trial_T20190907_054906_608944,2,1,0
alfworld,Qwen3.6-35B-A3B,pick_and_place_simple-SoapBar-None-Cart-401/trial_T20190907_054906_608944,3,1,1
alfworld,Qwen3.6-35B-A3B,pick_and_place_simple-SoapBar-None-Cart-401/trial_T20190907_054906_608944,4,1,0
alfworld,Qwen3.6-35B-A3B,pick_and_place_simple-SoapBar-None-Cart-401/trial_T20190907_054906_608944,6,0,1
alfworld,Qwen3.6-35B-A3B,pick_and_place_simple-SoapBottle-None-Cabinet-414/trial_T20190908_110131_524518,2,1,0
alfworld,Qwen3.6-35B-A3B,pick_and_place_simple-SoapBottle-None-Cabinet-414/trial_T20190908_110131_524518,3,1,0
alfworld,Qwen3.6-35B-A3B,pick_and_place_simple-SoapBottle-None-Cabinet-414/trial_T20190908_110131_524518,6,1,0
alfworld,Qwen3.6-35B-A3B,pick_and_place_simple-SoapBottle-None-Cabinet-414/trial_T20190908_110131_524518,7,0,1
alfworld,Qwen3.6-35B-A3B,pick_and_place_simple-SoapBottle-None-CounterTop-417/trial_T20190910_112922_368384,4,1,1
alfworld,Qwen3.6-35B-A3B,pick_and_place_simple-SoapBottle-None-CounterTop-417/trial_T20190910_112922_368384,5,1,0
alfworld,Qwen3.6-35B-A3B,pick_and_place_simple-SoapBottle-None-CounterTop-417/trial_T20190910_112922_368384,8,1,0
alfworld,Qwen3.6-35B-A3B,pick_and_place_simple-SoapBottle-None-CounterTop-417/trial_T20190910_112922_368384,9,1,0
alfworld,Qwen3.6-35B-A3B,pick_and_place_simple-SoapBottle-None-CounterTop-417/trial_T20190910_112922_368384,11,0,1
alfworld,Qwen3.6-35B-A3B,pick_and_place_simple-SprayBottle-None-Cabinet-413/trial_T20190907_114931_692464,2,0,1
alfworld,Qwen3.6-35B-A3B,pick_and_place_simple-SprayBottle-None-Cabinet-413/trial_T20190907_114931_692464,10,1,0
alfworld,Qwen3.6-35B-A3B,pick_and_place_simple-SprayBottle-None-Toilet-415/trial_T20190909_075955_678702,2,1,0
alfworld,Qwen3.6-35B-A3B,pick_and_place_simple-TissueBox-None-Toilet-426/trial_T20190910_155319_795672,2,1,0
alfworld,Qwen3.6-35B-A3B,pick_and_place_simple-TissueBox-None-Toilet-426/trial_T20190910_155319_795672,5,1,0
alfworld,Qwen3.6-35B-A3B,pick_and_place_simple-ToiletPaper-None-ToiletPaperHanger-406/trial_T20190908_122858_883968,2,1,0
alfworld,Qwen3.6-35B-A3B,pick_and_place_simple-ToiletPaper-None-ToiletPaperHanger-406/trial_T20190908_122858_883968,4,1,0
alfworld,Qwen3.6-35B-A3B,pick_and_place_simple-ToiletPaper-None-ToiletPaperHanger-406/trial_T20190908_122858_883968,5,1,0
alfworld,Qwen3.6-35B-A3B,pick_and_place_simple-ToiletPaper-None-ToiletPaperHanger-415/trial_T20190908_050518_595510,3,1,0
alfworld,Qwen3.6-35B-A3B,pick_and_place_simple-ToiletPaper-None-ToiletPaperHanger-415/trial_T20190908_050518_595510,8,1,0
alfworld,Qwen3.6-35B-A3B,pick_and_place_simple-Tomato-None-Microwave-13/trial_T20190908_124829_632660,1,0,1
alfworld,Qwen3.6-35B-A3B,pick_and_place_simple-Vase-None-CoffeeTable-207/trial_T20190909_091246_807206,3,1,0
alfworld,Qwen3.6-35B-A3B,pick_and_place_simple-Watch-None-SideTable-222/trial_T20190909_051813_197569,1,1,0
alfworld,Qwen3.6-35B-A3B,pick_and_place_simple-Watch-None-SideTable-222/trial_T20190909_051813_197569,13,0,1
alfworld,Qwen3.6-35B-A3B,pick_and_place_simple-Watch-None-SideTable-222/trial_T20190909_051813_197569,25,0,1
alfworld,Qwen3.6-35B-A3B,pick_and_place_simple-WineBottle-None-Shelf-7/trial_T20190907_200154_378982,3,1,0
alfworld,Qwen3.6-35B-A3B,pick_clean_then_place_in_recep-ButterKnife-None-CounterTop-8/trial_T20190909_105559_983897,8,0,1
alfworld,Qwen3.6-35B-A3B,pick_clean_then_place_in_recep-ButterKnife-None-CounterTop-8/trial_T20190909_105559_983897,30,1,1
alfworld,Qwen3.6-35B-A3B,pick_clean_then_place_in_recep-ButterKnife-None-CounterTop-8/trial_T20190909_105559_983897,31,1,1
alfworld,Qwen3.6-35B-A3B,pick_clean_then_place_in_recep-ButterKnife-None-CounterTop-8/trial_T20190909_105559_983897,33,1,0
alfworld,Qwen3.6-35B-A3B,pick_clean_then_place_in_recep-ButterKnife-None-CounterTop-8/trial_T20190909_105559_983897,34,0,1
alfworld,Qwen3.6-35B-A3B,pick_clean_then_place_in_recep-ButterKnife-None-CounterTop-8/trial_T20190909_105559_983897,40,1,0
alfworld,Qwen3.6-35B-A3B,pick_clean_then_place_in_recep-ButterKnife-None-CounterTop-8/trial_T20190909_105559_983897,46,0,1
alfworld,Qwen3.6-35B-A3B,pick_clean_then_place_in_recep-ButterKnife-None-CounterTop-8/trial_T20190909_105559_983897,48,1,0
alfworld,Qwen3.6-35B-A3B,pick_clean_then_place_in_recep-ButterKnife-None-DiningTable-16/trial_T20190909_114508_617301,7,1,1
alfworld,Qwen3.6-35B-A3B,pick_clean_then_place_in_recep-ButterKnife-None-DiningTable-16/trial_T20190909_114508_617301,12,1,0
alfworld,Qwen3.6-35B-A3B,pick_clean_then_place_in_recep-ButterKnife-None-DiningTable-16/trial_T20190909_114508_617301,16,1,0
alfworld,Qwen3.6-35B-A3B,pick_clean_then_place_in_recep-ButterKnife-None-DiningTable-16/trial_T20190909_114508_617301,23,1,0
alfworld,Qwen3.6-35B-A3B,pick_clean_then_place_in_recep-ButterKnife-None-DiningTable-16/trial_T20190909_114508_617301,29,0,1
alfworld,Qwen3.6-35B-A3B,pick_clean_then_place_in_recep-ButterKnife-None-DiningTable-16/trial_T20190909_114508_617301,31,1,0
alfworld,Qwen3.6-35B-A3B,pick_clean_then_place_in_recep-ButterKnife-None-DiningTable-16/trial_T20190909_114508_617301,38,0,1
alfworld,Qwen3.6-35B-A3B,pick_clean_then_place_in_recep-ButterKnife-None-DiningTable-16/trial_T20190909_114508_617301,47,1,0
alfworld,Qwen3.6-35B-A3B,pick_clean_then_place_in_recep-ButterKnife-None-Drawer-2/trial_T20190908_121728_511866,12,1,0
alfworld,Qwen3.6-35B-A3B,pick_clean_then_place_in_recep-ButterKnife-None-Drawer-2/trial_T20190908_121728_511866,14,1,1
alfworld,Qwen3.6-35B-A3B,pick_clean_then_place_in_recep-ButterKnife-None-Drawer-2/trial_T20190908_121728_511866,24,1,0
alfworld,Qwen3.6-35B-A3B,pick_clean_then_place_in_recep-ButterKnife-None-Drawer-2/trial_T20190908_121728_511866,25,0,1
alfworld,Qwen3.6-35B-A3B,pick_clean_then_place_in_recep-ButterKnife-None-Drawer-30/trial_T20190908_052007_212776,1,0,1
alfworld,Qwen3.6-35B-A3B,pick_clean_then_place_in_recep-ButterKnife-None-Drawer-30/trial_T20190908_052007_212776,6,0,1
alfworld,Qwen3.6-35B-A3B,pick_clean_then_place_in_recep-ButterKnife-None-Drawer-30/trial_T20190908_052007_212776,8,1,0
alfworld,Qwen3.6-35B-A3B,pick_clean_then_place_in_recep-ButterKnife-None-Drawer-30/trial_T20190908_052007_212776,12,0,1
alfworld,Qwen3.6-35B-A3B,pick_clean_then_place_in_recep-ButterKnife-None-Drawer-30/trial_T20190908_052007_212776,14,1,0
alfworld,Qwen3.6-35B-A3B,pick_clean_then_place_in_recep-ButterKnife-None-Drawer-30/trial_T20190908_052007_212776,17,1,0
alfworld,Qwen3.6-35B-A3B,pick_clean_then_place_in_recep-ButterKnife-None-Drawer-30/trial_T20190908_052007_212776,23,1,1
alfworld,Qwen3.6-35B-A3B,pick_clean_then_place_in_recep-ButterKnife-None-Drawer-30/trial_T20190908_052007_212776,29,1,0
alfworld,Qwen3.6-35B-A3B,pick_clean_then_place_in_recep-ButterKnife-None-Drawer-30/trial_T20190908_052007_212776,33,0,1
alfworld,Qwen3.6-35B-A3B,pick_clean_then_place_in_recep-ButterKnife-None-Drawer-30/trial_T20190908_052007_212776,34,1,0
alfworld,Qwen3.6-35B-A3B,pick_clean_then_place_in_recep-ButterKnife-None-Drawer-30/trial_T20190908_052007_212776,36,1,0
alfworld,Qwen3.6-35B-A3B,pick_clean_then_place_in_recep-ButterKnife-None-Drawer-30/trial_T20190908_052007_212776,37,0,1
alfworld,Qwen3.6-35B-A3B,pick_clean_then_place_in_recep-ButterKnife-None-Drawer-30/trial_T20190908_052007_212776,40,1,1
alfworld,Qwen3.6-35B-A3B,pick_clean_then_place_in_recep-ButterKnife-None-Drawer-30/trial_T20190908_052007_212776,41,0,1
alfworld,Qwen3.6-35B-A3B,pick_clean_then_place_in_recep-ButterKnife-None-Drawer-30/trial_T20190908_052007_212776,43,1,0
alfworld,Qwen3.6-35B-A3B,pick_clean_then_place_in_recep-ButterKnife-None-Drawer-30/trial_T20190908_052007_212776,45,1,0
alfworld,Qwen3.6-35B-A3B,pick_clean_then_place_in_recep-ButterKnife-None-Drawer-8/trial_T20190909_124425_112757,4,1,0
alfworld,Qwen3.6-35B-A3B,pick_clean_then_place_in_recep-ButterKnife-None-Drawer-8/trial_T20190909_124425_112757,5,0,1
alfworld,Qwen3.6-35B-A3B,pick_clean_then_place_in_recep-ButterKnife-None-Drawer-8/trial_T20190909_124425_112757,11,1,0
alfworld,Qwen3.6-35B-A3B,pick_clean_then_place_in_recep-Cloth-None-Cabinet-405/trial_T20190907_080903_889497,4,1,0
alfworld,Qwen3.6-35B-A3B,pick_clean_then_place_in_recep-Cloth-None-Cabinet-405/trial_T20190907_080903_889497,8,0,1
alfworld,Qwen3.6-35B-A3B,pick_clean_then_place_in_recep-Cloth-None-Cabinet-405/trial_T20190907_080903_889497,9,1,0
alfworld,Qwen3.6-35B-A3B,pick_clean_then_place_in_recep-Cloth-None-Cabinet-405/trial_T20190907_080903_889497,16,1,0
alfworld,Qwen3.6-35B-A3B,pick_clean_then_place_in_recep-Cloth-None-Cabinet-405/trial_T20190907_080903_889497,19,0,1
alfworld,Qwen3.6-35B-A3B,pick_clean_then_place_in_recep-Cloth-None-Cabinet-405/trial_T20190907_080903_889497,20,0,1
alfworld,Qwen3.6-35B-A3B,pick_clean_then_place_in_recep-Cloth-None-Cabinet-405/trial_T20190907_080903_889497,23,1,0
alfworld,Qwen3.6-35B-A3B,pick_clean_then_place_in_recep-Cloth-None-Cabinet-405/trial_T20190907_080903_889497,29,1,0
alfworld,Qwen3.6-35B-A3B,pick_clean_then_place_in_recep-Cloth-None-Cabinet-405/trial_T20190907_080903_889497,34,1,0
alfworld,Qwen3.6-35B-A3B,pick_clean_then_place_in_recep-Cloth-None-Cabinet-405/trial_T20190907_080903_889497,38,1,1
alfworld,Qwen3.6-35B-A3B,pick_clean_then_place_in_recep-Cloth-None-Cabinet-405/trial_T20190907_080903_889497,47,1,0
alfworld,Qwen3.6-35B-A3B,pick_clean_then_place_in_recep-Cloth-None-Drawer-423/trial_T20190908_140701_251653,1,0,1
alfworld,Qwen3.6-35B-A3B,pick_clean_then_place_in_recep-Cloth-None-Drawer-423/trial_T20190908_140701_251653,5,1,0
alfworld,Qwen3.6-35B-A3B,pick_clean_then_place_in_recep-Cloth-None-Drawer-423/trial_T20190908_140701_251653,17,1,0
alfworld,Qwen3.6-35B-A3B,pick_clean_then_place_in_recep-Cloth-None-Drawer-423/trial_T20190908_140701_251653,18,1,1
alfworld,Qwen3.6-35B-A3B,pick_clean_then_place_in_recep-Cloth-None-Drawer-423/trial_T20190908_140701_251653,19,1,0
alfworld,Qwen3.6-35B-A3B,pick_clean_then_place_in_recep-Cloth-None-Drawer-423/trial_T20190908_140701_251653,25,0,1
alfworld,Qwen3.6-35B-A3B,pick_clean_then_place_in_recep-DishSponge-None-Cart-401/trial_T20190907_024634_972453,10,0,1
alfworld,Qwen3.6-35B-A3B,pick_clean_then_place_in_recep-DishSponge-None-Cart-401/trial_T20190907_024634_972453,11,1,0
alfworld,Qwen3.6-35B-A3B,pick_clean_then_place_in_recep-DishSponge-None-Cart-401/trial_T20190907_024634_972453,18,1,0
alfworld,Qwen3.6-35B-A3B,pick_clean_then_place_in_recep-DishSponge-None-Cart-401/trial_T20190907_024634_972453,21,1,0
alfworld,Qwen3.6-35B-A3B,pick_clean_then_place_in_recep-DishSponge-None-CounterTop-403/trial_T20190908_144357_621068,15,1,0
alfworld,Qwen3.6-35B-A3B,pick_clean_then_place_in_recep-Fork-None-CounterTop-23/trial_T20190908_233922_171295,2,1,0
alfworld,Qwen3.6-35B-A3B,pick_clean_then_place_in_recep-Fork-None-CounterTop-23/trial_T20190908_233922_171295,3,1,0
alfworld,Qwen3.6-35B-A3B,pick_clean_then_place_in_recep-Fork-None-CounterTop-23/trial_T20190908_233922_171295,5,1,0
alfworld,Qwen3.6-35B-A3B,pick_clean_then_place_in_recep-Fork-None-CounterTop-23/trial_T20190908_233922_171295,8,0,1
alfworld,Qwen3.6-35B-A3B,pick_clean_then_place_in_recep-Fork-None-CounterTop-23/trial_T20190908_233922_171295,13,1,0
alfworld,Qwen3.6-35B-A3B,pick_clean_then_place_in_recep-Fork-None-CounterTop-23/trial_T20190908_233922_171295,21,1,0
alfworld,Qwen3.6-35B-A3B,pick_clean_then_place_in_recep-Fork-None-Drawer-8/trial_T20190908_132152_999725,1,1,0
alfworld,Qwen3.6-35B-A3B,pick_clean_then_place_in_recep-Fork-None-Drawer-8/trial_T20190908_132152_999725,2,1,0
alfworld,Qwen3.6-35B-A3B,pick_clean_then_place_in_recep-Fork-None-Drawer-8/trial_T20190908_132152_999725,9,1,0
alfworld,Qwen3.6-35B-A3B,pick_clean_then_place_in_recep-Fork-None-Drawer-8/trial_T20190908_132152_999725,12,1,0
alfworld,Qwen3.6-35B-A3B,pick_clean_then_place_in_recep-Ladle-None-CounterTop-14/trial_T20190909_113844_191747,3,0,1
alfworld,Qwen3.6-35B-A3B,pick_clean_then_place_in_recep-Ladle-None-CounterTop-14/trial_T20190909_113844_191747,5,1,0
alfworld,Qwen3.6-35B-A3B,pick_clean_then_place_in_recep-Ladle-None-CounterTop-8/trial_T20190909_121908_219603,10,0,1
alfworld,Qwen3.6-35B-A3B,pick_clean_then_place_in_recep-Ladle-None-CounterTop-8/trial_T20190909_121908_219603,30,1,0
alfworld,Qwen3.6-35B-A3B,pick_clean_then_place_in_recep-Ladle-None-CounterTop-8/trial_T20190909_121908_219603,47,0,1
alfworld,Qwen3.6-35B-A3B,pick_clean_then_place_in_recep-Ladle-None-DiningTable-16/trial_T20190909_183724_205399,16,0,1
alfworld,Qwen3.6-35B-A3B,pick_clean_then_place_in_recep-Ladle-None-DiningTable-16/trial_T20190909_183724_205399,22,0,1
alfworld,Qwen3.6-35B-A3B,pick_clean_then_place_in_recep-Ladle-None-DiningTable-16/trial_T20190909_183724_205399,28,1,0
alfworld,Qwen3.6-35B-A3B,pick_clean_then_place_in_recep-Ladle-None-DiningTable-16/trial_T20190909_183724_205399,29,1,0
alfworld,Qwen3.6-35B-A3B,pick_clean_then_place_in_recep-Ladle-None-DiningTable-16/trial_T20190909_183724_205399,30,1,0
alfworld,Qwen3.6-35B-A3B,pick_clean_then_place_in_recep-Ladle-None-DiningTable-16/trial_T20190909_183724_205399,46,1,0
alfworld,Qwen3.6-35B-A3B,pick_clean_then_place_in_recep-Ladle-None-DiningTable-16/trial_T20190909_183724_205399,48,0,1
alfworld,Qwen3.6-35B-A3B,pick_clean_then_place_in_recep-Ladle-None-DiningTable-16/trial_T20190909_183724_205399,49,1,1
alfworld,Qwen3.6-35B-A3B,pick_clean_then_place_in_recep-Ladle-None-DiningTable-27/trial_T20190911_131350_027076,1,1,0
alfworld,Qwen3.6-35B-A3B,pick_clean_then_place_in_recep-Ladle-None-DiningTable-27/trial_T20190911_131350_027076,6,1,0
alfworld,Qwen3.6-35B-A3B,pick_clean_then_place_in_recep-Ladle-None-DiningTable-27/trial_T20190911_131350_027076,16,1,0
alfworld,Qwen3.6-35B-A3B,pick_clean_then_place_in_recep-Ladle-None-DiningTable-27/trial_T20190911_131350_027076,18,1,0
alfworld,Qwen3.6-35B-A3B,pick_clean_then_place_in_recep-Ladle-None-DiningTable-4/trial_T20190909_164840_568811,2,1,0
alfworld,Qwen3.6-35B-A3B,pick_clean_then_place_in_recep-Ladle-None-DiningTable-4/trial_T20190909_164840_568811,9,1,0
alfworld,Qwen3.6-35B-A3B,pick_clean_then_place_in_recep-Ladle-None-DiningTable-4/trial_T20190909_164840_568811,10,1,0
alfworld,Qwen3.6-35B-A3B,pick_clean_then_place_in_recep-Ladle-None-DiningTable-4/trial_T20190909_164840_568811,11,1,0
alfworld,Qwen3.6-35B-A3B,pick_clean_then_place_in_recep-Ladle-None-DiningTable-4/trial_T20190909_164840_568811,12,1,0
alfworld,Qwen3.6-35B-A3B,pick_clean_then_place_in_recep-Ladle-None-DiningTable-4/trial_T20190909_164840_568811,14,0,1
alfworld,Qwen3.6-35B-A3B,pick_clean_then_place_in_recep-Ladle-None-DiningTable-4/trial_T20190909_164840_568811,15,1,0
alfworld,Qwen3.6-35B-A3B,pick_clean_then_place_in_recep-Lettuce-None-CounterTop-16/trial_T20190909_051630_092360,6,0,1
alfworld,Qwen3.6-35B-A3B,pick_clean_then_place_in_recep-Lettuce-None-CounterTop-16/trial_T20190909_051630_092360,8,1,0
alfworld,Qwen3.6-35B-A3B,pick_clean_then_place_in_recep-Lettuce-None-CounterTop-16/trial_T20190909_051630_092360,27,1,0
alfworld,Qwen3.6-35B-A3B,pick_clean_then_place_in_recep-Lettuce-None-CounterTop-16/trial_T20190909_051630_092360,32,1,1
alfworld,Qwen3.6-35B-A3B,pick_clean_then_place_in_recep-Lettuce-None-CounterTop-16/trial_T20190909_051630_092360,35,1,0
alfworld,Qwen3.6-35B-A3B,pick_clean_then_place_in_recep-Lettuce-None-CounterTop-16/trial_T20190909_051630_092360,40,1,0
alfworld,Qwen3.6-35B-A3B,pick_clean_then_place_in_recep-Lettuce-None-CounterTop-16/trial_T20190909_051630_092360,41,1,0
alfworld,Qwen3.6-35B-A3B,pick_clean_then_place_in_recep-Lettuce-None-CounterTop-16/trial_T20190909_051630_092360,45,0,1
alfworld,Qwen3.6-35B-A3B,pick_clean_then_place_in_recep-Lettuce-None-Fridge-19/trial_T20190908_100138_446072,2,0,1
alfworld,Qwen3.6-35B-A3B,pick_clean_then_place_in_recep-Lettuce-None-Fridge-19/trial_T20190908_100138_446072,6,1,0
alfworld,Qwen3.6-35B-A3B,pick_clean_then_place_in_recep-Mug-None-CoffeeMachine-26/trial_T20190907_233056_022802,1,1,0
alfworld,Qwen3.6-35B-A3B,pick_clean_then_place_in_recep-Plate-None-CounterTop-19/trial_T20190908_212725_836398,6,1,0
alfworld,Qwen3.6-35B-A3B,pick_clean_then_place_in_recep-Plate-None-CounterTop-19/trial_T20190908_212725_836398,8,1,0
alfworld,Qwen3.6-35B-A3B,pick_clean_then_place_in_recep-Plate-None-CounterTop-19/trial_T20190908_212725_836398,10,1,0
alfworld,Qwen3.6-35B-A3B,pick_clean_then_place_in_recep-Plate-None-CounterTop-19/trial_T20190908_212725_836398,18,1,1
alfworld,Qwen3.6-35B-A3B,pick_clean_then_place_in_recep-Plate-None-CounterTop-19/trial_T20190908_212725_836398,19,1,0
alfworld,Qwen3.6-35B-A3B,pick_clean_then_place_in_recep-Plate-None-CounterTop-19/trial_T20190908_212725_836398,23,1,0
alfworld,Qwen3.6-35B-A3B,pick_clean_then_place_in_recep-Plate-None-CounterTop-19/trial_T20190908_212725_836398,24,1,0
alfworld,Qwen3.6-35B-A3B,pick_clean_then_place_in_recep-Plate-None-CounterTop-19/trial_T20190908_212725_836398,32,1,0
alfworld,Qwen3.6-35B-A3B,pick_clean_then_place_in_recep-Plate-None-CounterTop-19/trial_T20190908_212725_836398,33,1,0
alfworld,Qwen3.6-35B-A3B,pick_clean_then_place_in_recep-Plate-None-CounterTop-19/trial_T20190908_212725_836398,34,1,0
alfworld,Qwen3.6-35B-A3B,pick_clean_then_place_in_recep-Plate-None-CounterTop-19/trial_T20190908_212725_836398,39,1,0
alfworld,Qwen3.6-35B-A3B,pick_clean_then_place_in_recep-Plate-None-CounterTop-19/trial_T20190908_212725_836398,40,1,0
alfworld,Qwen3.6-35B-A3B,pick_clean_then_place_in_recep-Plate-None-Fridge-5/trial_T20190909_112854_740612,5,1,0
alfworld,Qwen3.6-35B-A3B,pick_clean_then_place_in_recep-SoapBar-None-Cabinet-402/trial_T20190908_055221_984342,8,1,0
alfworld,Qwen3.6-35B-A3B,pick_clean_then_place_in_recep-SoapBar-None-Cabinet-402/trial_T20190908_055221_984342,9,0,1
alfworld,Qwen3.6-35B-A3B,pick_clean_then_place_in_recep-SoapBar-None-Cabinet-402/trial_T20190908_055221_984342,20,0,1
alfworld,Qwen3.6-35B-A3B,pick_clean_then_place_in_recep-SoapBar-None-Drawer-423/trial_T20190906_202340_749336,8,1,0
alfworld,Qwen3.6-35B-A3B,pick_clean_then_place_in_recep-SoapBar-None-Drawer-423/trial_T20190906_202340_749336,10,1,0
alfworld,Qwen3.6-35B-A3B,pick_clean_then_place_in_recep-SoapBar-None-Drawer-423/trial_T20190906_202340_749336,12,0,1
alfworld,Qwen3.6-35B-A3B,pick_clean_then_place_in_recep-SoapBar-None-Drawer-423/trial_T20190906_202340_749336,13,1,0
alfworld,Qwen3.6-35B-A3B,pick_clean_then_place_in_recep-SoapBar-None-Toilet-410/trial_T20190906_201106_979461,2,1,1
alfworld,Qwen3.6-35B-A3B,pick_clean_then_place_in_recep-SoapBar-None-Toilet-410/trial_T20190906_201106_979461,12,1,0
alfworld,Qwen3.6-35B-A3B,pick_clean_then_place_in_recep-SoapBar-None-Toilet-428/trial_T20190907_041436_588106,4,1,1
alfworld,Qwen3.6-35B-A3B,pick_clean_then_place_in_recep-SoapBar-None-Toilet-428/trial_T20190907_041436_588106,5,1,1
alfworld,Qwen3.6-35B-A3B,pick_clean_then_place_in_recep-Spatula-None-DiningTable-4/trial_T20190909_002804_564168,2,0,1
alfworld,Qwen3.6-35B-A3B,pick_clean_then_place_in_recep-Spatula-None-DiningTable-4/trial_T20190909_002804_564168,4,0,1
alfworld,Qwen3.6-35B-A3B,pick_clean_then_place_in_recep-Spatula-None-DiningTable-4/trial_T20190909_002804_564168,9,0,1
alfworld,Qwen3.6-35B-A3B,pick_clean_then_place_in_recep-Spatula-None-DiningTable-4/trial_T20190909_002804_564168,14,1,0
alfworld,Qwen3.6-35B-A3B,pick_clean_then_place_in_recep-Spatula-None-DiningTable-4/trial_T20190909_002804_564168,15,1,1
alfworld,Qwen3.6-35B-A3B,pick_clean_then_place_in_recep-Spatula-None-DiningTable-4/trial_T20190909_002804_564168,16,1,0
alfworld,Qwen3.6-35B-A3B,pick_clean_then_place_in_recep-Spatula-None-DiningTable-4/trial_T20190909_002804_564168,18,1,0
alfworld,Qwen3.6-35B-A3B,pick_clean_then_place_in_recep-Tomato-None-CounterTop-25/trial_T20190909_012550_586494,2,0,1
alfworld,Qwen3.6-35B-A3B,pick_cool_then_place_in_recep-Apple-None-CounterTop-14/trial_T20190909_044933_815840,3,0,1
alfworld,Qwen3.6-35B-A3B,pick_cool_then_place_in_recep-Apple-None-CounterTop-14/trial_T20190909_044933_815840,7,0,1
alfworld,Qwen3.6-35B-A3B,pick_cool_then_place_in_recep-Apple-None-CounterTop-14/trial_T20190909_044933_815840,9,1,0
alfworld,Qwen3.6-35B-A3B,pick_cool_then_place_in_recep-Apple-None-CounterTop-14/trial_T20190909_044933_815840,18,1,0
alfworld,Qwen3.6-35B-A3B,pick_cool_then_place_in_recep-Apple-None-CounterTop-14/trial_T20190909_044933_815840,31,1,0
alfworld,Qwen3.6-35B-A3B,pick_cool_then_place_in_recep-Apple-None-CounterTop-14/trial_T20190909_044933_815840,33,1,0
alfworld,Qwen3.6-35B-A3B,pick_cool_then_place_in_recep-Apple-None-CounterTop-14/trial_T20190909_044933_815840,35,1,0
alfworld,Qwen3.6-35B-A3B,pick_cool_then_place_in_recep-Apple-None-CounterTop-14/trial_T20190909_044933_815840,36,1,0
alfworld,Qwen3.6-35B-A3B,pick_cool_then_place_in_recep-Apple-None-CounterTop-14/trial_T20190909_044933_815840,39,0,1
alfworld,Qwen3.6-35B-A3B,pick_cool_then_place_in_recep-Apple-None-CounterTop-14/trial_T20190909_044933_815840,40,1,0
alfworld,Qwen3.6-35B-A3B,pick_cool_then_place_in_recep-Apple-None-CounterTop-14/trial_T20190909_044933_815840,42,1,0
alfworld,Qwen3.6-35B-A3B,pick_cool_then_place_in_recep-Apple-None-CounterTop-14/trial_T20190909_044933_815840,44,0,1
alfworld,Qwen3.6-35B-A3B,pick_cool_then_place_in_recep-Apple-None-CounterTop-14/trial_T20190909_044933_815840,46,1,0
alfworld,Qwen3.6-35B-A3B,pick_cool_then_place_in_recep-Apple-None-CounterTop-14/trial_T20190909_044933_815840,48,1,1
alfworld,Qwen3.6-35B-A3B,pick_cool_then_place_in_recep-Apple-None-GarbageCan-2/trial_T20190906_195943_081289,9,1,0
alfworld,Qwen3.6-35B-A3B,pick_cool_then_place_in_recep-Apple-None-Microwave-19/trial_T20190906_210937_878489,1,0,1
alfworld,Qwen3.6-35B-A3B,pick_cool_then_place_in_recep-Apple-None-Microwave-19/trial_T20190906_210937_878489,3,1,0
alfworld,Qwen3.6-35B-A3B,pick_cool_then_place_in_recep-Apple-None-Microwave-5/trial_T20190908_150807_823817,2,1,0
alfworld,Qwen3.6-35B-A3B,pick_cool_then_place_in_recep-Apple-None-Microwave-5/trial_T20190908_150807_823817,14,1,0
alfworld,Qwen3.6-35B-A3B,pick_cool_then_place_in_recep-Apple-None-Microwave-5/trial_T20190908_150807_823817,18,1,0
alfworld,Qwen3.6-35B-A3B,pick_cool_then_place_in_recep-Apple-None-Microwave-5/trial_T20190908_150807_823817,20,1,0
alfworld,Qwen3.6-35B-A3B,pick_cool_then_place_in_recep-Bowl-None-Cabinet-20/trial_T20190909_112912_154874,1,1,0
alfworld,Qwen3.6-35B-A3B,pick_cool_then_place_in_recep-Bowl-None-Cabinet-20/trial_T20190909_112912_154874,6,1,0
alfworld,Qwen3.6-35B-A3B,pick_cool_then_place_in_recep-Bowl-None-Cabinet-20/trial_T20190909_112912_154874,16,1,0
alfworld,Qwen3.6-35B-A3B,pick_cool_then_place_in_recep-Bowl-None-Cabinet-20/trial_T20190909_112912_154874,23,1,0
alfworld,Qwen3.6-35B-A3B,pick_cool_then_place_in_recep-Bowl-None-Cabinet-20/trial_T20190909_112912_154874,25,1,0
alfworld,Qwen3.6-35B-A3B,pick_cool_then_place_in_recep-Bread-None-CounterTop-7/trial_T20190909_045605_307949,2,1,0
alfworld,Qwen3.6-35B-A3B,pick_cool_then_place_in_recep-Bread-None-CounterTop-7/trial_T20190909_045605_307949,8,1,0
alfworld,Qwen3.6-35B-A3B,pick_cool_then_place_in_recep-Bread-None-CounterTop-7/trial_T20190909_045605_307949,9,1,0
alfworld,Qwen3.6-35B-A3B,pick_cool_then_place_in_recep-Bread-None-CounterTop-7/trial_T20190909_045605_307949,11,0,1
alfworld,Qwen3.6-35B-A3B,pick_cool_then_place_in_recep-Bread-None-CounterTop-7/trial_T20190909_045605_307949,17,1,0
alfworld,Qwen3.6-35B-A3B,pick_cool_then_place_in_recep-Bread-None-CounterTop-7/trial_T20190909_045605_307949,30,1,0
alfworld,Qwen3.6-35B-A3B,pick_cool_then_place_in_recep-Bread-None-CounterTop-7/trial_T20190909_045605_307949,37,0,1
alfworld,Qwen3.6-35B-A3B,pick_cool_then_place_in_recep-Bread-None-CounterTop-7/trial_T20190909_045605_307949,38,1,0
alfworld,Qwen3.6-35B-A3B,pick_cool_then_place_in_recep-Bread-None-CounterTop-7/trial_T20190909_045605_307949,42,1,0
alfworld,Qwen3.6-35B-A3B,pick_cool_then_place_in_recep-Bread-None-CounterTop-7/trial_T20190909_045605_307949,49,1,0
alfworld,Qwen3.6-35B-A3B,pick_cool_then_place_in_recep-Cup-None-Microwave-17/trial_T20190906_192817_654400,2,1,0
alfworld,Qwen3.6-35B-A3B,pick_cool_then_place_in_recep-Cup-None-Microwave-17/trial_T20190906_192817_654400,6,0,1
alfworld,Qwen3.6-35B-A3B,pick_cool_then_place_in_recep-Cup-None-Microwave-17/trial_T20190906_192817_654400,9,1,0
alfworld,Qwen3.6-35B-A3B,pick_cool_then_place_in_recep-Cup-None-Microwave-17/trial_T20190906_192817_654400,13,1,0
alfworld,Qwen3.6-35B-A3B,pick_cool_then_place_in_recep-Cup-None-Microwave-17/trial_T20190906_192817_654400,24,0,1
alfworld,Qwen3.6-35B-A3B,pick_cool_then_place_in_recep-Cup-None-Microwave-17/trial_T20190906_192817_654400,30,1,0
alfworld,Qwen3.6-35B-A3B,pick_cool_then_place_in_recep-Cup-None-Microwave-17/trial_T20190906_192817_654400,37,1,0
alfworld,Qwen3.6-35B-A3B,pick_cool_then_place_in_recep-Cup-None-Microwave-17/trial_T20190906_192817_654400,43,1,0
alfworld,Qwen3.6-35B-A3B,pick_cool_then_place_in_recep-Cup-None-Microwave-17/trial_T20190906_192817_654400,49,0,1
alfworld,Qwen3.6-35B-A3B,pick_cool_then_place_in_recep-Cup-None-SideTable-21/trial_T20190906_192823_237997,7,0,1
alfworld,Qwen3.6-35B-A3B,pick_cool_then_place_in_recep-Egg-None-Microwave-24/trial_T20190908_234112_645480,23,1,1
alfworld,Qwen3.6-35B-A3B,pick_cool_then_place_in_recep-Egg-None-Microwave-24/trial_T20190908_234112_645480,24,1,0
alfworld,Qwen3.6-35B-A3B,pick_cool_then_place_in_recep-Egg-None-Microwave-24/trial_T20190908_234112_645480,28,1,0
alfworld,Qwen3.6-35B-A3B,pick_cool_then_place_in_recep-Egg-None-Microwave-24/trial_T20190908_234112_645480,30,1,0
alfworld,Qwen3.6-35B-A3B,pick_cool_then_place_in_recep-Egg-None-Microwave-24/trial_T20190908_234112_645480,31,1,0
alfworld,Qwen3.6-35B-A3B,pick_cool_then_place_in_recep-Egg-None-Microwave-24/trial_T20190908_234112_645480,35,1,0
alfworld,Qwen3.6-35B-A3B,pick_cool_then_place_in_recep-Egg-None-Microwave-24/trial_T20190908_234112_645480,37,1,0
alfworld,Qwen3.6-35B-A3B,pick_cool_then_place_in_recep-Egg-None-Microwave-24/trial_T20190908_234112_645480,38,0,1
alfworld,Qwen3.6-35B-A3B,pick_cool_then_place_in_recep-Egg-None-Microwave-24/trial_T20190908_234112_645480,45,1,0
alfworld,Qwen3.6-35B-A3B,pick_cool_then_place_in_recep-Egg-None-Microwave-24/trial_T20190908_234112_645480,47,1,0
alfworld,Qwen3.6-35B-A3B,pick_cool_then_place_in_recep-Lettuce-None-CounterTop-11/trial_T20190908_222555_651605,5,1,1
alfworld,Qwen3.6-35B-A3B,pick_cool_then_place_in_recep-Lettuce-None-CounterTop-11/trial_T20190908_222555_651605,10,1,0
alfworld,Qwen3.6-35B-A3B,pick_cool_then_place_in_recep-Lettuce-None-CounterTop-11/trial_T20190908_222555_651605,15,1,1
alfworld,Qwen3.6-35B-A3B,pick_cool_then_place_in_recep-Lettuce-None-CounterTop-11/trial_T20190908_222555_651605,24,1,0
alfworld,Qwen3.6-35B-A3B,pick_cool_then_place_in_recep-Lettuce-None-CounterTop-11/trial_T20190908_222555_651605,25,1,0
alfworld,Qwen3.6-35B-A3B,pick_cool_then_place_in_recep-Lettuce-None-CounterTop-11/trial_T20190908_222555_651605,26,1,0
alfworld,Qwen3.6-35B-A3B,pick_cool_then_place_in_recep-Lettuce-None-CounterTop-11/trial_T20190908_222555_651605,28,0,1
alfworld,Qwen3.6-35B-A3B,pick_cool_then_place_in_recep-Lettuce-None-CounterTop-11/trial_T20190908_222555_651605,32,0,1
alfworld,Qwen3.6-35B-A3B,pick_cool_then_place_in_recep-Lettuce-None-CounterTop-11/trial_T20190908_222555_651605,35,0,1
alfworld,Qwen3.6-35B-A3B,pick_cool_then_place_in_recep-Lettuce-None-CounterTop-11/trial_T20190908_222555_651605,37,1,0
alfworld,Qwen3.6-35B-A3B,pick_cool_then_place_in_recep-Lettuce-None-CounterTop-11/trial_T20190908_222555_651605,43,1,0
alfworld,Qwen3.6-35B-A3B,pick_cool_then_place_in_recep-Lettuce-None-CounterTop-11/trial_T20190908_222555_651605,47,1,0
alfworld,Qwen3.6-35B-A3B,pick_cool_then_place_in_recep-Lettuce-None-CounterTop-11/trial_T20190908_222555_651605,48,0,1
alfworld,Qwen3.6-35B-A3B,pick_cool_then_place_in_recep-Lettuce-None-CounterTop-11/trial_T20190908_222555_651605,49,1,0
alfworld,Qwen3.6-35B-A3B,pick_cool_then_place_in_recep-Mug-None-CoffeeMachine-16/trial_T20190908_184242_348366,3,0,1
alfworld,Qwen3.6-35B-A3B,pick_cool_then_place_in_recep-Mug-None-CoffeeMachine-16/trial_T20190908_184242_348366,17,1,0
alfworld,Qwen3.6-35B-A3B,pick_cool_then_place_in_recep-Mug-None-CoffeeMachine-16/trial_T20190908_184242_348366,18,0,1
alfworld,Qwen3.6-35B-A3B,pick_cool_then_place_in_recep-Mug-None-CoffeeMachine-16/trial_T20190908_184242_348366,21,1,0
alfworld,Qwen3.6-35B-A3B,pick_cool_then_place_in_recep-Pan-None-DiningTable-7/trial_T20190908_232648_241836,2,1,0
alfworld,Qwen3.6-35B-A3B,pick_cool_then_place_in_recep-Pan-None-DiningTable-7/trial_T20190908_232648_241836,7,0,1
alfworld,Qwen3.6-35B-A3B,pick_cool_then_place_in_recep-Pan-None-DiningTable-7/trial_T20190908_232648_241836,21,1,0
alfworld,Qwen3.6-35B-A3B,pick_cool_then_place_in_recep-Pan-None-DiningTable-7/trial_T20190908_232648_241836,32,1,0
alfworld,Qwen3.6-35B-A3B,pick_cool_then_place_in_recep-Pan-None-DiningTable-7/trial_T20190908_232648_241836,37,1,1
alfworld,Qwen3.6-35B-A3B,pick_cool_then_place_in_recep-Pan-None-DiningTable-7/trial_T20190908_232648_241836,42,1,0
alfworld,Qwen3.6-35B-A3B,pick_cool_then_place_in_recep-Pan-None-DiningTable-7/trial_T20190908_232648_241836,48,1,0
alfworld,Qwen3.6-35B-A3B,pick_cool_then_place_in_recep-Pan-None-StoveBurner-18/trial_T20190906_181023_216915,3,1,0
alfworld,Qwen3.6-35B-A3B,pick_cool_then_place_in_recep-Pan-None-StoveBurner-18/trial_T20190906_181023_216915,6,1,0
alfworld,Qwen3.6-35B-A3B,pick_cool_then_place_in_recep-Pan-None-StoveBurner-18/trial_T20190906_181023_216915,10,0,1
alfworld,Qwen3.6-35B-A3B,pick_cool_then_place_in_recep-Pan-None-StoveBurner-18/trial_T20190906_181023_216915,15,0,1
alfworld,Qwen3.6-35B-A3B,pick_cool_then_place_in_recep-Pan-None-StoveBurner-18/trial_T20190906_181023_216915,26,1,0
alfworld,Qwen3.6-35B-A3B,pick_cool_then_place_in_recep-Pan-None-StoveBurner-18/trial_T20190906_181023_216915,29,0,1
alfworld,Qwen3.6-35B-A3B,pick_cool_then_place_in_recep-Pan-None-StoveBurner-18/trial_T20190906_181023_216915,31,1,0
alfworld,Qwen3.6-35B-A3B,pick_cool_then_place_in_recep-Pan-None-StoveBurner-18/trial_T20190906_181023_216915,35,0,1
alfworld,Qwen3.6-35B-A3B,pick_cool_then_place_in_recep-Pan-None-StoveBurner-18/trial_T20190906_181023_216915,36,0,1
alfworld,Qwen3.6-35B-A3B,pick_cool_then_place_in_recep-Pan-None-StoveBurner-18/trial_T20190906_181023_216915,37,0,1
alfworld,Qwen3.6-35B-A3B,pick_cool_then_place_in_recep-Pan-None-StoveBurner-18/trial_T20190906_181023_216915,40,1,0
alfworld,Qwen3.6-35B-A3B,pick_cool_then_place_in_recep-Pan-None-StoveBurner-23/trial_T20190906_215856_374127,3,1,0
alfworld,Qwen3.6-35B-A3B,pick_cool_then_place_in_recep-Pan-None-StoveBurner-23/trial_T20190906_215856_374127,14,1,0
alfworld,Qwen3.6-35B-A3B,pick_cool_then_place_in_recep-Pan-None-StoveBurner-23/trial_T20190906_215856_374127,15,1,0
alfworld,Qwen3.6-35B-A3B,pick_cool_then_place_in_recep-Pan-None-StoveBurner-23/trial_T20190906_215856_374127,19,1,0
alfworld,Qwen3.6-35B-A3B,pick_cool_then_place_in_recep-Pan-None-StoveBurner-23/trial_T20190906_215856_374127,22,0,1
alfworld,Qwen3.6-35B-A3B,pick_cool_then_place_in_recep-Pan-None-StoveBurner-23/trial_T20190906_215856_374127,30,0,1
alfworld,Qwen3.6-35B-A3B,pick_cool_then_place_in_recep-Pan-None-StoveBurner-23/trial_T20190906_215856_374127,31,1,0
alfworld,Qwen3.6-35B-A3B,pick_cool_then_place_in_recep-Pan-None-StoveBurner-23/trial_T20190906_215856_374127,32,1,0
alfworld,Qwen3.6-35B-A3B,pick_cool_then_place_in_recep-Pan-None-StoveBurner-23/trial_T20190906_215856_374127,33,1,0
alfworld,Qwen3.6-35B-A3B,pick_cool_then_place_in_recep-Pan-None-StoveBurner-23/trial_T20190906_215856_374127,49,0,1
alfworld,Qwen3.6-35B-A3B,pick_cool_then_place_in_recep-Plate-None-Cabinet-27/trial_T20190906_173120_350651,7,1,0
alfworld,Qwen3.6-35B-A3B,pick_cool_then_place_in_recep-Plate-None-Cabinet-27/trial_T20190906_173120_350651,8,1,0
alfworld,Qwen3.6-35B-A3B,pick_cool_then_place_in_recep-Plate-None-Cabinet-27/trial_T20190906_173120_350651,12,1,0
alfworld,Qwen3.6-35B-A3B,pick_cool_then_place_in_recep-Plate-None-Cabinet-27/trial_T20190906_173120_350651,14,1,0
alfworld,Qwen3.6-35B-A3B,pick_cool_then_place_in_recep-Plate-None-CounterTop-1/trial_T20190906_205324_559361,5,1,0
alfworld,Qwen3.6-35B-A3B,pick_cool_then_place_in_recep-Plate-None-CounterTop-1/trial_T20190906_205324_559361,6,1,0
alfworld,Qwen3.6-35B-A3B,pick_cool_then_place_in_recep-Plate-None-CounterTop-1/trial_T20190906_205324_559361,7,1,0
alfworld,Qwen3.6-35B-A3B,pick_cool_then_place_in_recep-Plate-None-CounterTop-1/trial_T20190906_205324_559361,8,1,0
alfworld,Qwen3.6-35B-A3B,pick_cool_then_place_in_recep-Plate-None-CounterTop-1/trial_T20190906_205324_559361,9,1,0
alfworld,Qwen3.6-35B-A3B,pick_cool_then_place_in_recep-Plate-None-CounterTop-1/trial_T20190906_205324_559361,10,1,1
alfworld,Qwen3.6-35B-A3B,pick_cool_then_place_in_recep-Plate-None-CounterTop-1/trial_T20190906_205324_559361,12,1,1
alfworld,Qwen3.6-35B-A3B,pick_cool_then_place_in_recep-Plate-None-CounterTop-1/trial_T20190906_205324_559361,14,1,0
alfworld,Qwen3.6-35B-A3B,pick_cool_then_place_in_recep-Plate-None-CounterTop-1/trial_T20190906_205324_559361,15,1,0
alfworld,Qwen3.6-35B-A3B,pick_cool_then_place_in_recep-Plate-None-CounterTop-1/trial_T20190906_205324_559361,17,1,0
alfworld,Qwen3.6-35B-A3B,pick_cool_then_place_in_recep-Plate-None-CounterTop-1/trial_T20190906_205324_559361,18,1,0
alfworld,Qwen3.6-35B-A3B,pick_cool_then_place_in_recep-Plate-None-CounterTop-1/trial_T20190906_205324_559361,21,1,1
alfworld,Qwen3.6-35B-A3B,pick_cool_then_place_in_recep-Plate-None-CounterTop-1/trial_T20190906_205324_559361,27,1,0
alfworld,Qwen3.6-35B-A3B,pick_cool_then_place_in_recep-Pot-None-DiningTable-21/trial_T20190909_004531_429065,15,1,0
alfworld,Qwen3.6-35B-A3B,pick_cool_then_place_in_recep-Pot-None-DiningTable-21/trial_T20190909_004531_429065,20,0,1
alfworld,Qwen3.6-35B-A3B,pick_cool_then_place_in_recep-Pot-None-DiningTable-21/trial_T20190909_004531_429065,21,0,1
alfworld,Qwen3.6-35B-A3B,pick_cool_then_place_in_recep-Pot-None-DiningTable-21/trial_T20190909_004531_429065,27,1,0
alfworld,Qwen3.6-35B-A3B,pick_cool_then_place_in_recep-Pot-None-DiningTable-21/trial_T20190909_004531_429065,39,1,0
alfworld,Qwen3.6-35B-A3B,pick_cool_then_place_in_recep-Pot-None-DiningTable-21/trial_T20190909_004531_429065,41,1,1
alfworld,Qwen3.6-35B-A3B,pick_cool_then_place_in_recep-Pot-None-DiningTable-21/trial_T20190909_004531_429065,42,1,1
alfworld,Qwen3.6-35B-A3B,pick_cool_then_place_in_recep-Pot-None-DiningTable-21/trial_T20190909_004531_429065,47,1,0
alfworld,Qwen3.6-35B-A3B,pick_cool_then_place_in_recep-Pot-None-DiningTable-21/trial_T20190909_004531_429065,49,1,0
alfworld,Qwen3.6-35B-A3B,pick_cool_then_place_in_recep-Tomato-None-CounterTop-12/trial_T20190909_063754_216554,5,1,0
alfworld,Qwen3.6-35B-A3B,pick_cool_then_place_in_recep-Tomato-None-CounterTop-12/trial_T20190909_063754_216554,10,0,1
alfworld,Qwen3.6-35B-A3B,pick_cool_then_place_in_recep-Tomato-None-CounterTop-12/trial_T20190909_063754_216554,12,1,0
alfworld,Qwen3.6-35B-A3B,pick_cool_then_place_in_recep-Tomato-None-CounterTop-12/trial_T20190909_063754_216554,13,1,0
alfworld,Qwen3.6-35B-A3B,pick_cool_then_place_in_recep-Tomato-None-CounterTop-12/trial_T20190909_063754_216554,16,1,0
alfworld,Qwen3.6-35B-A3B,pick_cool_then_place_in_recep-Tomato-None-CounterTop-12/trial_T20190909_063754_216554,21,1,1
alfworld,Qwen3.6-35B-A3B,pick_cool_then_place_in_recep-Tomato-None-CounterTop-12/trial_T20190909_063754_216554,22,0,1
alfworld,Qwen3.6-35B-A3B,pick_cool_then_place_in_recep-Tomato-None-CounterTop-12/trial_T20190909_063754_216554,32,1,0
alfworld,Qwen3.6-35B-A3B,pick_cool_then_place_in_recep-Tomato-None-CounterTop-12/trial_T20190909_063754_216554,34,0,1
alfworld,Qwen3.6-35B-A3B,pick_cool_then_place_in_recep-Tomato-None-CounterTop-12/trial_T20190909_063754_216554,42,1,1
alfworld,Qwen3.6-35B-A3B,pick_cool_then_place_in_recep-Tomato-None-CounterTop-12/trial_T20190909_063754_216554,45,0,1
alfworld,Qwen3.6-35B-A3B,pick_cool_then_place_in_recep-Tomato-None-CounterTop-12/trial_T20190909_063754_216554,49,0,1
alfworld,Qwen3.6-35B-A3B,pick_cool_then_place_in_recep-Tomato-None-CounterTop-12/trial_T20190909_063844_274181,1,1,0
alfworld,Qwen3.6-35B-A3B,pick_cool_then_place_in_recep-Tomato-None-CounterTop-12/trial_T20190909_063844_274181,14,1,0
alfworld,Qwen3.6-35B-A3B,pick_cool_then_place_in_recep-Tomato-None-CounterTop-12/trial_T20190909_063844_274181,15,1,0
alfworld,Qwen3.6-35B-A3B,pick_cool_then_place_in_recep-Tomato-None-CounterTop-12/trial_T20190909_063844_274181,18,1,0
alfworld,Qwen3.6-35B-A3B,pick_cool_then_place_in_recep-Tomato-None-CounterTop-12/trial_T20190909_063844_274181,21,0,1
alfworld,Qwen3.6-35B-A3B,pick_cool_then_place_in_recep-Tomato-None-CounterTop-12/trial_T20190909_063844_274181,25,0,1
alfworld,Qwen3.6-35B-A3B,pick_cool_then_place_in_recep-Tomato-None-CounterTop-12/trial_T20190909_063844_274181,26,1,1
alfworld,Qwen3.6-35B-A3B,pick_cool_then_place_in_recep-Tomato-None-CounterTop-12/trial_T20190909_063844_274181,27,1,1
alfworld,Qwen3.6-35B-A3B,pick_cool_then_place_in_recep-Tomato-None-CounterTop-12/trial_T20190909_063844_274181,28,1,0
alfworld,Qwen3.6-35B-A3B,pick_cool_then_place_in_recep-Tomato-None-CounterTop-12/trial_T20190909_063844_274181,29,1,1
alfworld,Qwen3.6-35B-A3B,pick_cool_then_place_in_recep-Tomato-None-CounterTop-12/trial_T20190909_063844_274181,34,1,0
alfworld,Qwen3.6-35B-A3B,pick_cool_then_place_in_recep-Tomato-None-CounterTop-12/trial_T20190909_063844_274181,37,1,0
alfworld,Qwen3.6-35B-A3B,pick_cool_then_place_in_recep-Tomato-None-CounterTop-12/trial_T20190909_063844_274181,40,1,0
alfworld,Qwen3.6-35B-A3B,pick_cool_then_place_in_recep-Tomato-None-GarbageCan-6/trial_T20190909_082934_483899,9,1,0
alfworld,Qwen3.6-35B-A3B,pick_cool_then_place_in_recep-Tomato-None-GarbageCan-6/trial_T20190909_082934_483899,10,1,1
alfworld,Qwen3.6-35B-A3B,pick_cool_then_place_in_recep-Tomato-None-GarbageCan-6/trial_T20190909_082934_483899,11,0,1
alfworld,Qwen3.6-35B-A3B,pick_cool_then_place_in_recep-Tomato-None-GarbageCan-6/trial_T20190909_082934_483899,12,1,1
alfworld,Qwen3.6-35B-A3B,pick_cool_then_place_in_recep-Tomato-None-GarbageCan-6/trial_T20190909_082934_483899,15,1,0
alfworld,Qwen3.6-35B-A3B,pick_cool_then_place_in_recep-Tomato-None-Microwave-13/trial_T20190910_173916_331859,1,1,0
alfworld,Qwen3.6-35B-A3B,pick_cool_then_place_in_recep-Tomato-None-Microwave-13/trial_T20190910_173916_331859,3,1,0
alfworld,Qwen3.6-35B-A3B,pick_cool_then_place_in_recep-Tomato-None-Microwave-13/trial_T20190910_173916_331859,7,0,1
alfworld,Qwen3.6-35B-A3B,pick_cool_then_place_in_recep-Tomato-None-Microwave-13/trial_T20190910_173916_331859,12,0,1
alfworld,Qwen3.6-35B-A3B,pick_cool_then_place_in_recep-Tomato-None-Microwave-13/trial_T20190910_173916_331859,14,1,0
alfworld,Qwen3.6-35B-A3B,pick_cool_then_place_in_recep-Tomato-None-Microwave-13/trial_T20190910_173916_331859,23,1,0
alfworld,Qwen3.6-35B-A3B,pick_cool_then_place_in_recep-Tomato-None-Microwave-13/trial_T20190910_173916_331859,25,1,0
alfworld,Qwen3.6-35B-A3B,pick_cool_then_place_in_recep-Tomato-None-Microwave-13/trial_T20190910_173916_331859,34,1,0
alfworld,Qwen3.6-35B-A3B,pick_cool_then_place_in_recep-Tomato-None-Microwave-18/trial_T20190909_012524_159092,2,1,0
alfworld,Qwen3.6-35B-A3B,pick_cool_then_place_in_recep-Tomato-None-Microwave-18/trial_T20190909_012524_159092,11,0,1
alfworld,Qwen3.6-35B-A3B,pick_cool_then_place_in_recep-Tomato-None-Microwave-18/trial_T20190909_012524_159092,18,1,0
alfworld,Qwen3.6-35B-A3B,pick_cool_then_place_in_recep-Tomato-None-Microwave-18/trial_T20190909_012524_159092,19,1,0
alfworld,Qwen3.6-35B-A3B,pick_cool_then_place_in_recep-Tomato-None-Microwave-18/trial_T20190909_012524_159092,21,1,0
alfworld,Qwen3.6-35B-A3B,pick_cool_then_place_in_recep-Tomato-None-Microwave-18/trial_T20190909_012524_159092,22,1,0
alfworld,Qwen3.6-35B-A3B,pick_cool_then_place_in_recep-Tomato-None-Microwave-18/trial_T20190909_012524_159092,25,0,1
alfworld,Qwen3.6-35B-A3B,pick_cool_then_place_in_recep-Tomato-None-Microwave-18/trial_T20190909_012524_159092,31,1,0
alfworld,Qwen3.6-35B-A3B,pick_cool_then_place_in_recep-Tomato-None-Microwave-18/trial_T20190909_012524_159092,34,1,1
alfworld,Qwen3.6-35B-A3B,pick_cool_then_place_in_recep-Tomato-None-Microwave-18/trial_T20190909_012524_159092,39,1,1
alfworld,Qwen3.6-35B-A3B,pick_cool_then_place_in_recep-WineBottle-None-DiningTable-17/trial_T20190908_024426_412044,8,1,0
alfworld,Qwen3.6-35B-A3B,pick_cool_then_place_in_recep-WineBottle-None-DiningTable-17/trial_T20190908_024426_412044,12,1,0
alfworld,Qwen3.6-35B-A3B,pick_cool_then_place_in_recep-WineBottle-None-DiningTable-17/trial_T20190908_024426_412044,15,1,0
alfworld,Qwen3.6-35B-A3B,pick_cool_then_place_in_recep-WineBottle-None-DiningTable-17/trial_T20190908_024426_412044,22,1,0
alfworld,Qwen3.6-35B-A3B,pick_cool_then_place_in_recep-WineBottle-None-DiningTable-17/trial_T20190908_024426_412044,23,1,0
alfworld,Qwen3.6-35B-A3B,pick_cool_then_place_in_recep-WineBottle-None-DiningTable-17/trial_T20190908_024426_412044,25,1,0
alfworld,Qwen3.6-35B-A3B,pick_heat_then_place_in_recep-Apple-None-DiningTable-26/trial_T20190907_060234_011675,3,1,0
alfworld,Qwen3.6-35B-A3B,pick_heat_then_place_in_recep-Apple-None-DiningTable-26/trial_T20190907_060234_011675,4,1,0
alfworld,Qwen3.6-35B-A3B,pick_heat_then_place_in_recep-Apple-None-DiningTable-26/trial_T20190907_060234_011675,7,1,0
alfworld,Qwen3.6-35B-A3B,pick_heat_then_place_in_recep-Apple-None-DiningTable-26/trial_T20190907_060234_011675,19,0,1
alfworld,Qwen3.6-35B-A3B,pick_heat_then_place_in_recep-Apple-None-DiningTable-26/trial_T20190907_060234_011675,32,0,1
alfworld,Qwen3.6-35B-A3B,pick_heat_then_place_in_recep-Cup-None-Cabinet-22/trial_T20190907_173251_960848,21,1,0
alfworld,Qwen3.6-35B-A3B,pick_heat_then_place_in_recep-Cup-None-Cabinet-22/trial_T20190907_173251_960848,29,0,1
alfworld,Qwen3.6-35B-A3B,pick_heat_then_place_in_recep-Egg-None-CounterTop-2/trial_T20190908_122951_021026,10,1,0
alfworld,Qwen3.6-35B-A3B,pick_heat_then_place_in_recep-Egg-None-CounterTop-2/trial_T20190908_122951_021026,11,1,0
alfworld,Qwen3.6-35B-A3B,pick_heat_then_place_in_recep-Egg-None-CounterTop-2/trial_T20190908_122951_021026,20,0,1
alfworld,Qwen3.6-35B-A3B,pick_heat_then_place_in_recep-Egg-None-CounterTop-2/trial_T20190908_122951_021026,24,0,1
alfworld,Qwen3.6-35B-A3B,pick_heat_then_place_in_recep-Egg-None-CounterTop-2/trial_T20190908_122951_021026,34,1,0
alfworld,Qwen3.6-35B-A3B,pick_heat_then_place_in_recep-Egg-None-CounterTop-2/trial_T20190908_122951_021026,35,1,0
alfworld,Qwen3.6-35B-A3B,pick_heat_then_place_in_recep-Egg-None-CounterTop-2/trial_T20190908_122951_021026,37,1,0
alfworld,Qwen3.6-35B-A3B,pick_heat_then_place_in_recep-Egg-None-CounterTop-2/trial_T20190908_122951_021026,41,1,0
alfworld,Qwen3.6-35B-A3B,pick_heat_then_place_in_recep-Egg-None-Fridge-14/trial_T20190909_091314_636733,7,1,0
alfworld,Qwen3.6-35B-A3B,pick_heat_then_place_in_recep-Egg-None-Fridge-14/trial_T20190909_091314_636733,10,1,0
alfworld,Qwen3.6-35B-A3B,pick_heat_then_place_in_recep-Egg-None-Fridge-14/trial_T20190909_091314_636733,12,1,0
alfworld,Qwen3.6-35B-A3B,pick_heat_then_place_in_recep-Egg-None-Fridge-14/trial_T20190909_091314_636733,18,0,1
alfworld,Qwen3.6-35B-A3B,pick_heat_then_place_in_recep-Egg-None-Fridge-14/trial_T20190909_091314_636733,19,0,1
alfworld,Qwen3.6-35B-A3B,pick_heat_then_place_in_recep-Egg-None-Fridge-14/trial_T20190909_091314_636733,20,1,0
alfworld,Qwen3.6-35B-A3B,pick_heat_then_place_in_recep-Egg-None-Fridge-14/trial_T20190909_091314_636733,21,0,1
alfworld,Qwen3.6-35B-A3B,pick_heat_then_place_in_recep-Egg-None-Fridge-14/trial_T20190909_091314_636733,27,1,1
alfworld,Qwen3.6-35B-A3B,pick_heat_then_place_in_recep-Egg-None-Fridge-14/trial_T20190909_091314_636733,31,1,1
alfworld,Qwen3.6-35B-A3B,pick_heat_then_place_in_recep-Egg-None-Fridge-14/trial_T20190909_091314_636733,32,1,0
alfworld,Qwen3.6-35B-A3B,pick_heat_then_place_in_recep-Egg-None-Fridge-14/trial_T20190909_091314_636733,33,1,0
alfworld,Qwen3.6-35B-A3B,pick_heat_then_place_in_recep-Egg-None-Fridge-14/trial_T20190909_091314_636733,40,1,0
alfworld,Qwen3.6-35B-A3B,pick_heat_then_place_in_recep-Egg-None-Fridge-14/trial_T20190909_091314_636733,44,0,1
alfworld,Qwen3.6-35B-A3B,pick_heat_then_place_in_recep-Mug-None-Cabinet-3/trial_T20190909_014639_335717,7,1,0
alfworld,Qwen3.6-35B-A3B,pick_heat_then_place_in_recep-Mug-None-Cabinet-3/trial_T20190909_014639_335717,8,1,0
alfworld,Qwen3.6-35B-A3B,pick_heat_then_place_in_recep-Mug-None-Cabinet-3/trial_T20190909_014639_335717,15,1,0
alfworld,Qwen3.6-35B-A3B,pick_heat_then_place_in_recep-Mug-None-Cabinet-3/trial_T20190909_014639_335717,22,1,1
alfworld,Qwen3.6-35B-A3B,pick_heat_then_place_in_recep-Mug-None-Cabinet-3/trial_T20190909_014639_335717,23,1,1
alfworld,Qwen3.6-35B-A3B,pick_heat_then_place_in_recep-Mug-None-Cabinet-3/trial_T20190909_014639_335717,28,1,0
alfworld,Qwen3.6-35B-A3B,pick_heat_then_place_in_recep-Mug-None-Cabinet-3/trial_T20190909_014639_335717,31,1,1
alfworld,Qwen3.6-35B-A3B,pick_heat_then_place_in_recep-Mug-None-Cabinet-3/trial_T20190909_014639_335717,32,0,1
alfworld,Qwen3.6-35B-A3B,pick_heat_then_place_in_recep-Mug-None-Cabinet-3/trial_T20190909_014639_335717,44,1,0
alfworld,Qwen3.6-35B-A3B,pick_heat_then_place_in_recep-Mug-None-CoffeeMachine-1/trial_T20190907_222640_487432,14,1,0
alfworld,Qwen3.6-35B-A3B,pick_heat_then_place_in_recep-Mug-None-CoffeeMachine-1/trial_T20190907_222640_487432,15,1,1
alfworld,Qwen3.6-35B-A3B,pick_heat_then_place_in_recep-Mug-None-CoffeeMachine-1/trial_T20190907_222640_487432,19,0,1
alfworld,Qwen3.6-35B-A3B,pick_heat_then_place_in_recep-Mug-None-CoffeeMachine-1/trial_T20190907_222640_487432,23,0,1
alfworld,Qwen3.6-35B-A3B,pick_heat_then_place_in_recep-Mug-None-CoffeeMachine-1/trial_T20190907_222640_487432,28,1,0
alfworld,Qwen3.6-35B-A3B,pick_heat_then_place_in_recep-Mug-None-SideTable-21/trial_T20190909_090729_088825,8,1,0
alfworld,Qwen3.6-35B-A3B,pick_heat_then_place_in_recep-Mug-None-SideTable-21/trial_T20190909_090729_088825,13,1,0
alfworld,Qwen3.6-35B-A3B,pick_heat_then_place_in_recep-Mug-None-SideTable-21/trial_T20190909_090729_088825,25,1,0
alfworld,Qwen3.6-35B-A3B,pick_heat_then_place_in_recep-Mug-None-SideTable-21/trial_T20190909_090729_088825,28,1,0
alfworld,Qwen3.6-35B-A3B,pick_heat_then_place_in_recep-Plate-None-Cabinet-1/trial_T20190908_070946_578973,6,1,1
alfworld,Qwen3.6-35B-A3B,pick_heat_then_place_in_recep-Plate-None-Cabinet-1/trial_T20190908_070946_578973,10,1,0
alfworld,Qwen3.6-35B-A3B,pick_heat_then_place_in_recep-Plate-None-Cabinet-1/trial_T20190908_070946_578973,12,1,0
alfworld,Qwen3.6-35B-A3B,pick_heat_then_place_in_recep-Plate-None-Cabinet-1/trial_T20190908_070946_578973,27,1,0
alfworld,Qwen3.6-35B-A3B,pick_heat_then_place_in_recep-Plate-None-Cabinet-1/trial_T20190908_070946_578973,37,1,0
alfworld,Qwen3.6-35B-A3B,pick_heat_then_place_in_recep-Plate-None-Cabinet-1/trial_T20190908_070946_578973,41,1,1
alfworld,Qwen3.6-35B-A3B,pick_heat_then_place_in_recep-Plate-None-Cabinet-1/trial_T20190908_070946_578973,42,1,0
alfworld,Qwen3.6-35B-A3B,pick_heat_then_place_in_recep-Plate-None-DiningTable-28/trial_T20190908_001247_096796,33,0,1
alfworld,Qwen3.6-35B-A3B,pick_heat_then_place_in_recep-Plate-None-DiningTable-28/trial_T20190908_001247_096796,40,1,0
alfworld,Qwen3.6-35B-A3B,pick_heat_then_place_in_recep-Plate-None-DiningTable-28/trial_T20190908_001247_096796,41,0,1
alfworld,Qwen3.6-35B-A3B,pick_heat_then_place_in_recep-Plate-None-DiningTable-28/trial_T20190908_001247_096796,42,1,1
alfworld,Qwen3.6-35B-A3B,pick_heat_then_place_in_recep-Plate-None-DiningTable-28/trial_T20190908_001247_096796,44,1,0
alfworld,Qwen3.6-35B-A3B,pick_heat_then_place_in_recep-Plate-None-DiningTable-28/trial_T20190908_001247_096796,47,1,1
alfworld,Qwen3.6-35B-A3B,pick_heat_then_place_in_recep-Plate-None-DiningTable-28/trial_T20190908_001247_096796,48,1,0
alfworld,Qwen3.6-35B-A3B,pick_heat_then_place_in_recep-Potato-None-Fridge-11/trial_T20190909_011341_436523,16,0,1
alfworld,Qwen3.6-35B-A3B,pick_heat_then_place_in_recep-Potato-None-Fridge-11/trial_T20190909_011341_436523,28,1,0
alfworld,Qwen3.6-35B-A3B,pick_heat_then_place_in_recep-Potato-None-Fridge-12/trial_T20190908_014451_271080,8,0,1
alfworld,Qwen3.6-35B-A3B,pick_heat_then_place_in_recep-Potato-None-Fridge-12/trial_T20190908_014451_271080,15,1,0
alfworld,Qwen3.6-35B-A3B,pick_heat_then_place_in_recep-Potato-None-Fridge-12/trial_T20190908_014451_271080,17,1,1
alfworld,Qwen3.6-35B-A3B,pick_heat_then_place_in_recep-Potato-None-Fridge-12/trial_T20190908_014451_271080,19,1,0
alfworld,Qwen3.6-35B-A3B,pick_heat_then_place_in_recep-Potato-None-Fridge-12/trial_T20190908_014451_271080,21,1,0
alfworld,Qwen3.6-35B-A3B,pick_heat_then_place_in_recep-Potato-None-Fridge-12/trial_T20190908_014451_271080,23,0,1
alfworld,Qwen3.6-35B-A3B,pick_heat_then_place_in_recep-Potato-None-Fridge-12/trial_T20190908_014451_271080,24,0,1
alfworld,Qwen3.6-35B-A3B,pick_heat_then_place_in_recep-Potato-None-Fridge-12/trial_T20190908_014451_271080,27,1,0
alfworld,Qwen3.6-35B-A3B,pick_heat_then_place_in_recep-Potato-None-Fridge-12/trial_T20190908_014451_271080,30,1,0
alfworld,Qwen3.6-35B-A3B,pick_heat_then_place_in_recep-Potato-None-Fridge-12/trial_T20190908_014451_271080,32,1,0
alfworld,Qwen3.6-35B-A3B,pick_heat_then_place_in_recep-Potato-None-Fridge-12/trial_T20190908_014451_271080,34,1,0
alfworld,Qwen3.6-35B-A3B,pick_heat_then_place_in_recep-Potato-None-Fridge-12/trial_T20190908_014451_271080,37,1,0
alfworld,Qwen3.6-35B-A3B,pick_heat_then_place_in_recep-Potato-None-Fridge-12/trial_T20190908_014451_271080,38,1,0
alfworld,Qwen3.6-35B-A3B,pick_heat_then_place_in_recep-Tomato-None-DiningTable-16/trial_T20190907_201243_698086,2,0,1
alfworld,Qwen3.6-35B-A3B,pick_heat_then_place_in_recep-Tomato-None-DiningTable-16/trial_T20190907_201243_698086,3,1,0
alfworld,Qwen3.6-35B-A3B,pick_heat_then_place_in_recep-Tomato-None-DiningTable-16/trial_T20190907_201243_698086,5,1,0
alfworld,Qwen3.6-35B-A3B,pick_heat_then_place_in_recep-Tomato-None-Fridge-15/trial_T20190909_020200_054379,3,0,1
alfworld,Qwen3.6-35B-A3B,pick_heat_then_place_in_recep-Tomato-None-Fridge-15/trial_T20190909_020200_054379,6,1,0
alfworld,Qwen3.6-35B-A3B,pick_heat_then_place_in_recep-Tomato-None-Fridge-15/trial_T20190909_020200_054379,8,1,0
alfworld,Qwen3.6-35B-A3B,pick_heat_then_place_in_recep-Tomato-None-Fridge-15/trial_T20190909_020200_054379,10,1,0
alfworld,Qwen3.6-35B-A3B,pick_heat_then_place_in_recep-Tomato-None-Fridge-23/trial_T20190909_082320_103350,11,1,0
alfworld,Qwen3.6-35B-A3B,pick_heat_then_place_in_recep-Tomato-None-Fridge-23/trial_T20190909_082320_103350,22,1,0
alfworld,Qwen3.6-35B-A3B,pick_heat_then_place_in_recep-Tomato-None-Fridge-23/trial_T20190909_082320_103350,24,1,0
alfworld,Qwen3.6-35B-A3B,pick_heat_then_place_in_recep-Tomato-None-Fridge-23/trial_T20190909_082320_103350,26,1,1
alfworld,Qwen3.6-35B-A3B,pick_heat_then_place_in_recep-Tomato-None-Fridge-23/trial_T20190909_082320_103350,27,1,1
alfworld,Qwen3.6-35B-A3B,pick_heat_then_place_in_recep-Tomato-None-Fridge-23/trial_T20190909_082320_103350,35,1,0
alfworld,Qwen3.6-35B-A3B,pick_heat_then_place_in_recep-Tomato-None-Fridge-24/trial_T20190908_033721_967359,8,1,0
alfworld,Qwen3.6-35B-A3B,pick_heat_then_place_in_recep-Tomato-None-Fridge-24/trial_T20190908_033721_967359,9,0,1
alfworld,Qwen3.6-35B-A3B,pick_heat_then_place_in_recep-Tomato-None-Fridge-24/trial_T20190908_033721_967359,11,1,0
alfworld,Qwen3.6-35B-A3B,pick_heat_then_place_in_recep-Tomato-None-Fridge-24/trial_T20190908_033721_967359,14,1,0
alfworld,Qwen3.6-35B-A3B,pick_heat_then_place_in_recep-Tomato-None-Fridge-24/trial_T20190908_033721_967359,17,0,1
alfworld,Qwen3.6-35B-A3B,pick_heat_then_place_in_recep-Tomato-None-Fridge-24/trial_T20190908_033721_967359,28,1,0
alfworld,Qwen3.6-35B-A3B,pick_two_obj_and_place-AlarmClock-None-Dresser-305/trial_T20190907_165826_194855,2,1,0
alfworld,Qwen3.6-35B-A3B,pick_two_obj_and_place-AlarmClock-None-Dresser-305/trial_T20190907_165826_194855,10,1,0
alfworld,Qwen3.6-35B-A3B,pick_two_obj_and_place-AlarmClock-None-Dresser-305/trial_T20190907_165826_194855,14,1,0
alfworld,Qwen3.6-35B-A3B,pick_two_obj_and_place-AlarmClock-None-Dresser-305/trial_T20190907_165826_194855,16,1,0
alfworld,Qwen3.6-35B-A3B,pick_two_obj_and_place-AlarmClock-None-Dresser-305/trial_T20190907_165826_194855,18,1,0
alfworld,Qwen3.6-35B-A3B,pick_two_obj_and_place-AlarmClock-None-Dresser-305/trial_T20190907_165826_194855,20,1,0
alfworld,Qwen3.6-35B-A3B,pick_two_obj_and_place-Book-None-Desk-302/trial_T20190906_181233_363875,4,1,0
alfworld,Qwen3.6-35B-A3B,pick_two_obj_and_place-Book-None-Desk-302/trial_T20190906_181233_363875,18,0,1
alfworld,Qwen3.6-35B-A3B,pick_two_obj_and_place-Book-None-Desk-302/trial_T20190906_181233_363875,23,1,0
alfworld,Qwen3.6-35B-A3B,pick_two_obj_and_place-Book-None-Desk-302/trial_T20190906_181233_363875,24,1,0
alfworld,Qwen3.6-35B-A3B,pick_two_obj_and_place-Book-None-Desk-302/trial_T20190906_181233_363875,30,0,1
alfworld,Qwen3.6-35B-A3B,pick_two_obj_and_place-Book-None-Desk-302/trial_T20190906_181233_363875,36,1,0
alfworld,Qwen3.6-35B-A3B,pick_two_obj_and_place-Book-None-Desk-302/trial_T20190906_181233_363875,39,1,0
alfworld,Qwen3.6-35B-A3B,pick_two_obj_and_place-Book-None-Desk-302/trial_T20190906_181233_363875,43,1,0
alfworld,Qwen3.6-35B-A3B,pick_two_obj_and_place-Book-None-Desk-302/trial_T20190906_181233_363875,46,1,0
alfworld,Qwen3.6-35B-A3B,pick_two_obj_and_place-Book-None-Desk-302/trial_T20190906_181233_363875,47,1,0
alfworld,Qwen3.6-35B-A3B,pick_two_obj_and_place-Book-None-Desk-313/trial_T20190908_125930_920681,4,0,1
alfworld,Qwen3.6-35B-A3B,pick_two_obj_and_place-Book-None-Desk-313/trial_T20190908_125930_920681,18,0,1
alfworld,Qwen3.6-35B-A3B,pick_two_obj_and_place-Book-None-Desk-313/trial_T20190908_125930_920681,23,0,1
alfworld,Qwen3.6-35B-A3B,pick_two_obj_and_place-Book-None-Desk-313/trial_T20190908_125930_920681,24,1,0
alfworld,Qwen3.6-35B-A3B,pick_two_obj_and_place-Box-None-CoffeeTable-213/trial_T20190906_200927_069627,8,0,1
alfworld,Qwen3.6-35B-A3B,pick_two_obj_and_place-CreditCard-None-Dresser-311/trial_T20190907_201917_045715,5,1,0
alfworld,Qwen3.6-35B-A3B,pick_two_obj_and_place-CreditCard-None-Dresser-311/trial_T20190907_201917_045715,6,0,1
alfworld,Qwen3.6-35B-A3B,pick_two_obj_and_place-CreditCard-None-Dresser-311/trial_T20190907_201917_045715,11,0,1
alfworld,Qwen3.6-35B-A3B,pick_two_obj_and_place-CreditCard-None-Dresser-311/trial_T20190907_201917_045715,12,1,0
alfworld,Qwen3.6-35B-A3B,pick_two_obj_and_place-CreditCard-None-Dresser-311/trial_T20190907_201917_045715,14,1,0
alfworld,Qwen3.6-35B-A3B,pick_two_obj_and_place-CreditCard-None-Dresser-311/trial_T20190907_201917_045715,17,1,0
alfworld,Qwen3.6-35B-A3B,pick_two_obj_and_place-CreditCard-None-Safe-323/trial_T20190907_001129_214240,2,0,1
alfworld,Qwen3.6-35B-A3B,pick_two_obj_and_place-CreditCard-None-Safe-323/trial_T20190907_001129_214240,11,0,1
alfworld,Qwen3.6-35B-A3B,pick_two_obj_and_place-CreditCard-None-Safe-323/trial_T20190907_001129_214240,18,0,1
alfworld,Qwen3.6-35B-A3B,pick_two_obj_and_place-Glassbottle-None-Shelf-1/trial_T20190907_122204_941737,12,1,1
alfworld,Qwen3.6-35B-A3B,pick_two_obj_and_place-Glassbottle-None-Shelf-1/trial_T20190907_122204_941737,13,1,0
alfworld,Qwen3.6-35B-A3B,pick_two_obj_and_place-Glassbottle-None-Shelf-1/trial_T20190907_122204_941737,17,1,0
alfworld,Qwen3.6-35B-A3B,pick_two_obj_and_place-Glassbottle-None-Shelf-1/trial_T20190907_122204_941737,18,0,1
alfworld,Qwen3.6-35B-A3B,pick_two_obj_and_place-Knife-None-Drawer-18/trial_T20190907_065232_689984,7,1,0
alfworld,Qwen3.6-35B-A3B,pick_two_obj_and_place-Knife-None-Drawer-18/trial_T20190907_065232_689984,14,1,0
alfworld,Qwen3.6-35B-A3B,pick_two_obj_and_place-Knife-None-Drawer-18/trial_T20190907_065232_689984,20,0,1
alfworld,Qwen3.6-35B-A3B,pick_two_obj_and_place-Knife-None-Drawer-18/trial_T20190907_065232_689984,30,1,0
alfworld,Qwen3.6-35B-A3B,pick_two_obj_and_place-Newspaper-None-Drawer-224/trial_T20190911_101248_326533,1,0,1
alfworld,Qwen3.6-35B-A3B,pick_two_obj_and_place-Newspaper-None-Drawer-224/trial_T20190911_101248_326533,11,1,0
alfworld,Qwen3.6-35B-A3B,pick_two_obj_and_place-Newspaper-None-Drawer-224/trial_T20190911_101248_326533,18,1,0
alfworld,Qwen3.6-35B-A3B,pick_two_obj_and_place-Newspaper-None-Drawer-224/trial_T20190911_101248_326533,21,0,1
alfworld,Qwen3.6-35B-A3B,pick_two_obj_and_place-Newspaper-None-Drawer-224/trial_T20190911_101248_326533,26,1,0
alfworld,Qwen3.6-35B-A3B,pick_two_obj_and_place-Newspaper-None-Drawer-224/trial_T20190911_101248_326533,29,0,1
alfworld,Qwen3.6-35B-A3B,pick_two_obj_and_place-Newspaper-None-Drawer-224/trial_T20190911_101248_326533,31,1,0
alfworld,Qwen3.6-35B-A3B,pick_two_obj_and_place-Pan-None-CounterTop-14/trial_T20190907_012519_974044,2,1,0
alfworld,Qwen3.6-35B-A3B,pick_two_obj_and_place-Pan-None-CounterTop-14/trial_T20190907_012519_974044,6,1,0
alfworld,Qwen3.6-35B-A3B,pick_two_obj_and_place-Pan-None-CounterTop-14/trial_T20190907_012519_974044,8,0,1
alfworld,Qwen3.6-35B-A3B,pick_two_obj_and_place-Pan-None-CounterTop-14/trial_T20190907_012519_974044,18,1,0
alfworld,Qwen3.6-35B-A3B,pick_two_obj_and_place-Pan-None-CounterTop-14/trial_T20190907_012519_974044,28,1,0
alfworld,Qwen3.6-35B-A3B,pick_two_obj_and_place-Pan-None-CounterTop-14/trial_T20190907_012519_974044,29,0,1
alfworld,Qwen3.6-35B-A3B,pick_two_obj_and_place-Pan-None-CounterTop-14/trial_T20190907_012519_974044,35,1,0
alfworld,Qwen3.6-35B-A3B,pick_two_obj_and_place-RemoteControl-None-Ottoman-203/trial_T20190906_182952_858723,3,0,1
alfworld,Qwen3.6-35B-A3B,pick_two_obj_and_place-RemoteControl-None-Ottoman-203/trial_T20190906_182952_858723,8,0,1
alfworld,Qwen3.6-35B-A3B,pick_two_obj_and_place-RemoteControl-None-Ottoman-203/trial_T20190906_182952_858723,10,1,0
alfworld,Qwen3.6-35B-A3B,pick_two_obj_and_place-SoapBar-None-GarbageCan-418/trial_T20190909_055538_380023,2,1,0
alfworld,Qwen3.6-35B-A3B,pick_two_obj_and_place-SoapBar-None-GarbageCan-418/trial_T20190909_055538_380023,7,1,0
alfworld,Qwen3.6-35B-A3B,pick_two_obj_and_place-SoapBar-None-GarbageCan-418/trial_T20190909_055538_380023,9,1,0
alfworld,Qwen3.6-35B-A3B,pick_two_obj_and_place-SoapBar-None-GarbageCan-418/trial_T20190909_055649_717880,4,1,0
alfworld,Qwen3.6-35B-A3B,pick_two_obj_and_place-Spatula-None-Drawer-13/trial_T20190908_183331_203888,1,0,1
alfworld,Qwen3.6-35B-A3B,pick_two_obj_and_place-Spatula-None-Drawer-13/trial_T20190908_183331_203888,9,1,0
alfworld,Qwen3.6-35B-A3B,pick_two_obj_and_place-Spatula-None-Drawer-13/trial_T20190908_183331_203888,10,1,0
alfworld,Qwen3.6-35B-A3B,pick_two_obj_and_place-Spatula-None-Drawer-13/trial_T20190908_183331_203888,14,1,0
alfworld,Qwen3.6-35B-A3B,pick_two_obj_and_place-Spatula-None-Drawer-13/trial_T20190908_183331_203888,16,1,0
alfworld,Qwen3.6-35B-A3B,pick_two_obj_and_place-Spatula-None-Drawer-13/trial_T20190908_183331_203888,21,1,0
alfworld,Qwen3.6-35B-A3B,pick_two_obj_and_place-Spatula-None-Drawer-13/trial_T20190908_183331_203888,25,1,0
alfworld,Qwen3.6-35B-A3B,pick_two_obj_and_place-Spatula-None-Drawer-13/trial_T20190908_183331_203888,26,1,0
alfworld,Qwen3.6-35B-A3B,pick_two_obj_and_place-Spatula-None-Drawer-13/trial_T20190908_183331_203888,31,1,0
alfworld,Qwen3.6-35B-A3B,pick_two_obj_and_place-Spatula-None-Drawer-13/trial_T20190908_183331_203888,36,1,0
alfworld,Qwen3.6-35B-A3B,pick_two_obj_and_place-Spatula-None-Drawer-13/trial_T20190908_183331_203888,37,1,0
alfworld,Qwen3.6-35B-A3B,pick_two_obj_and_place-Spatula-None-Drawer-13/trial_T20190908_183331_203888,39,1,0
alfworld,Qwen3.6-35B-A3B,pick_two_obj_and_place-Spatula-None-Drawer-13/trial_T20190908_183331_203888,42,1,0
alfworld,Qwen3.6-35B-A3B,pick_two_obj_and_place-SprayBottle-None-Cabinet-407/trial_T20190907_144556_144188,1,1,0
alfworld,Qwen3.6-35B-A3B,pick_two_obj_and_place-SprayBottle-None-Cabinet-407/trial_T20190907_144556_144188,2,1,0
alfworld,Qwen3.6-35B-A3B,pick_two_obj_and_place-SprayBottle-None-Cabinet-407/trial_T20190907_144556_144188,6,1,0
alfworld,Qwen3.6-35B-A3B,pick_two_obj_and_place-SprayBottle-None-Cabinet-407/trial_T20190907_144556_144188,9,1,1
alfworld,Qwen3.6-35B-A3B,pick_two_obj_and_place-SprayBottle-None-Cabinet-407/trial_T20190907_144556_144188,22,0,1
alfworld,Qwen3.6-35B-A3B,pick_two_obj_and_place-SprayBottle-None-Cabinet-407/trial_T20190907_144556_144188,26,1,0
alfworld,Qwen3.6-35B-A3B,pick_two_obj_and_place-SprayBottle-None-Cabinet-407/trial_T20190907_144556_144188,31,0,1
alfworld,Qwen3.6-35B-A3B,pick_two_obj_and_place-SprayBottle-None-Cabinet-407/trial_T20190907_144556_144188,42,0,1
alfworld,Qwen3.6-35B-A3B,pick_two_obj_and_place-SprayBottle-None-GarbageCan-419/trial_T20190908_164236_518264,3,0,1
alfworld,Qwen3.6-35B-A3B,pick_two_obj_and_place-SprayBottle-None-GarbageCan-419/trial_T20190908_164236_518264,5,1,0
alfworld,Qwen3.6-35B-A3B,pick_two_obj_and_place-SprayBottle-None-Toilet-402/trial_T20190910_222914_814642,1,0,1
alfworld,Qwen3.6-35B-A3B,pick_two_obj_and_place-SprayBottle-None-Toilet-402/trial_T20190910_222914_814642,2,1,0
alfworld,Qwen3.6-35B-A3B,pick_two_obj_and_place-SprayBottle-None-Toilet-402/trial_T20190910_222914_814642,3,0,1
alfworld,Qwen3.6-35B-A3B,pick_two_obj_and_place-SprayBottle-None-Toilet-402/trial_T20190910_222914_814642,5,1,0
alfworld,Qwen3.6-35B-A3B,pick_two_obj_and_place-SprayBottle-None-Toilet-402/trial_T20190910_222914_814642,8,1,0
alfworld,Qwen3.6-35B-A3B,pick_two_obj_and_place-SprayBottle-None-Toilet-402/trial_T20190910_222914_814642,13,0,1
alfworld,Qwen3.6-35B-A3B,pick_two_obj_and_place-SprayBottle-None-Toilet-402/trial_T20190910_222914_814642,23,1,0
alfworld,Qwen3.6-35B-A3B,pick_two_obj_and_place-SprayBottle-None-Toilet-402/trial_T20190910_222914_814642,25,0,1
alfworld,Qwen3.6-35B-A3B,pick_two_obj_and_place-SprayBottle-None-Toilet-402/trial_T20190910_222914_814642,26,0,1
alfworld,Qwen3.6-35B-A3B,pick_two_obj_and_place-SprayBottle-None-Toilet-402/trial_T20190910_222914_814642,29,1,0
alfworld,Qwen3.6-35B-A3B,pick_two_obj_and_place-SprayBottle-None-Toilet-402/trial_T20190910_222914_814642,30,1,0
alfworld,Qwen3.6-35B-A3B,pick_two_obj_and_place-SprayBottle-None-Toilet-402/trial_T20190910_222914_814642,38,1,0
alfworld,Qwen3.6-35B-A3B,pick_two_obj_and_place-SprayBottle-None-Toilet-429/trial_T20190907_033843_707544,4,1,0
alfworld,Qwen3.6-35B-A3B,pick_two_obj_and_place-SprayBottle-None-Toilet-429/trial_T20190907_033843_707544,10,1,0
alfworld,Qwen3.6-35B-A3B,pick_two_obj_and_place-SprayBottle-None-Toilet-429/trial_T20190907_033843_707544,13,1,0
alfworld,Qwen3.6-35B-A3B,pick_two_obj_and_place-SprayBottle-None-Toilet-429/trial_T20190907_033843_707544,18,1,0
alfworld,Qwen3.6-35B-A3B,pick_two_obj_and_place-TissueBox-None-Toilet-426/trial_T20190909_044602_338962,2,1,0
alfworld,Qwen3.6-35B-A3B,pick_two_obj_and_place-TissueBox-None-Toilet-426/trial_T20190909_044602_338962,9,1,0
alfworld,Qwen3.6-35B-A3B,pick_two_obj_and_place-ToiletPaper-None-Drawer-423/trial_T20190907_111251_461099,3,1,0
alfworld,Qwen3.6-35B-A3B,pick_two_obj_and_place-ToiletPaper-None-Drawer-423/trial_T20190907_111251_461099,5,1,0
alfworld,Qwen3.6-35B-A3B,pick_two_obj_and_place-ToiletPaper-None-Drawer-423/trial_T20190907_111251_461099,11,1,0
alfworld,Qwen3.6-35B-A3B,pick_two_obj_and_place-ToiletPaper-None-Drawer-423/trial_T20190907_111251_461099,19,1,0
alfworld,Qwen3.6-35B-A3B,pick_two_obj_and_place-ToiletPaper-None-Drawer-423/trial_T20190907_111251_461099,22,1,1
alfworld,Qwen3.6-35B-A3B,pick_two_obj_and_place-ToiletPaper-None-Drawer-423/trial_T20190907_111251_461099,31,1,0
alfworld,Qwen3.6-35B-A3B,pick_two_obj_and_place-ToiletPaper-None-Drawer-423/trial_T20190907_111251_461099,32,0,1
alfworld,Qwen3.6-35B-A3B,pick_two_obj_and_place-ToiletPaper-None-Drawer-423/trial_T20190907_111251_461099,34,1,0
alfworld,Qwen3.6-35B-A3B,pick_two_obj_and_place-ToiletPaper-None-Toilet-408/trial_T20190909_080302_174780,3,1,0
alfworld,Qwen3.6-35B-A3B,pick_two_obj_and_place-ToiletPaper-None-Toilet-408/trial_T20190909_080302_174780,4,1,0
alfworld,Qwen3.6-35B-A3B,pick_two_obj_and_place-Vase-None-Desk-204/trial_T20190906_181531_703961,5,1,0
alfworld,Qwen3.6-35B-A3B,pick_two_obj_and_place-Vase-None-Desk-204/trial_T20190906_181531_703961,9,1,0
alfworld,Qwen3.6-35B-A3B,pick_two_obj_and_place-Vase-None-Desk-204/trial_T20190906_181531_703961,13,0,1
alfworld,Qwen3.6-35B-A3B,pick_two_obj_and_place-Vase-None-Desk-204/trial_T20190906_181531_703961,14,1,0
alfworld,Qwen3.6-35B-A3B,pick_two_obj_and_place-Vase-None-Desk-204/trial_T20190906_181531_703961,16,0,1
alfworld,Qwen3.6-35B-A3B,pick_two_obj_and_place-Watch-None-Dresser-205/trial_T20190907_182211_592010,6,0,1
alfworld,deepseek-v4-flash,look_at_obj_in_light-AlarmClock-None-DeskLamp-323/trial_T20190909_044715_250790,3,1,0
alfworld,deepseek-v4-flash,look_at_obj_in_light-Bowl-None-DeskLamp-301/trial_T20190909_150719_492274,5,1,1
alfworld,deepseek-v4-flash,look_at_obj_in_light-Bowl-None-DeskLamp-301/trial_T20190909_150719_492274,7,1,0
alfworld,deepseek-v4-flash,look_at_obj_in_light-Bowl-None-DeskLamp-301/trial_T20190909_150719_492274,9,1,0
alfworld,deepseek-v4-flash,look_at_obj_in_light-Bowl-None-DeskLamp-316/trial_T20190908_230702_962704,3,1,1
alfworld,deepseek-v4-flash,look_at_obj_in_light-Bowl-None-DeskLamp-316/trial_T20190908_230702_962704,4,1,0
alfworld,deepseek-v4-flash,look_at_obj_in_light-Box-None-DeskLamp-205/trial_T20190907_074425_330493,5,1,0
alfworld,deepseek-v4-flash,look_at_obj_in_light-Box-None-DeskLamp-205/trial_T20190907_074425_330493,12,1,0
alfworld,deepseek-v4-flash,look_at_obj_in_light-Box-None-DeskLamp-205/trial_T20190907_074425_330493,13,0,1
alfworld,deepseek-v4-flash,look_at_obj_in_light-Box-None-DeskLamp-205/trial_T20190907_074425_330493,16,1,0
alfworld,deepseek-v4-flash,look_at_obj_in_light-Box-None-DeskLamp-205/trial_T20190907_074425_330493,22,0,1
alfworld,deepseek-v4-flash,look_at_obj_in_light-Box-None-DeskLamp-205/trial_T20190907_074425_330493,24,1,0
alfworld,deepseek-v4-flash,look_at_obj_in_light-Box-None-DeskLamp-205/trial_T20190907_074425_330493,26,1,0
alfworld,deepseek-v4-flash,look_at_obj_in_light-Box-None-DeskLamp-205/trial_T20190907_074425_330493,36,0,1
alfworld,deepseek-v4-flash,look_at_obj_in_light-Box-None-DeskLamp-205/trial_T20190907_074425_330493,37,0,1
alfworld,deepseek-v4-flash,look_at_obj_in_light-Box-None-DeskLamp-205/trial_T20190907_074425_330493,41,1,0
alfworld,deepseek-v4-flash,look_at_obj_in_light-Box-None-DeskLamp-205/trial_T20190907_074425_330493,43,0,1
alfworld,deepseek-v4-flash,look_at_obj_in_light-Box-None-DeskLamp-205/trial_T20190907_074425_330493,44,1,0
alfworld,deepseek-v4-flash,look_at_obj_in_light-Box-None-DeskLamp-205/trial_T20190907_074425_330493,45,1,0
alfworld,deepseek-v4-flash,look_at_obj_in_light-Box-None-DeskLamp-205/trial_T20190907_074425_330493,48,1,1
alfworld,deepseek-v4-flash,look_at_obj_in_light-Box-None-DeskLamp-205/trial_T20190907_074425_330493,49,1,0
alfworld,deepseek-v4-flash,look_at_obj_in_light-CD-None-DeskLamp-302/trial_T20190907_154618_526741,3,1,0
alfworld,deepseek-v4-flash,look_at_obj_in_light-CD-None-DeskLamp-302/trial_T20190907_154618_526741,4,1,0
alfworld,deepseek-v4-flash,look_at_obj_in_light-CD-None-DeskLamp-302/trial_T20190907_154618_526741,17,1,0
alfworld,deepseek-v4-flash,look_at_obj_in_light-CD-None-DeskLamp-320/trial_T20190907_224451_655673,5,1,0
alfworld,deepseek-v4-flash,look_at_obj_in_light-CD-None-DeskLamp-320/trial_T20190907_224451_655673,11,1,0
alfworld,deepseek-v4-flash,look_at_obj_in_light-CD-None-DeskLamp-320/trial_T20190907_224451_655673,14,0,1
alfworld,deepseek-v4-flash,look_at_obj_in_light-KeyChain-None-DeskLamp-327/trial_T20190906_202601_548273,4,1,0
alfworld,deepseek-v4-flash,look_at_obj_in_light-Pillow-None-DeskLamp-302/trial_T20190909_150916_682139,1,1,0
alfworld,deepseek-v4-flash,look_at_obj_in_light-Pillow-None-DeskLamp-302/trial_T20190909_150916_682139,7,1,0
alfworld,deepseek-v4-flash,look_at_obj_in_light-Pillow-None-DeskLamp-302/trial_T20190909_150916_682139,10,1,0
alfworld,deepseek-v4-flash,look_at_obj_in_light-Pillow-None-DeskLamp-323/trial_T20190908_053153_077977,4,1,0
alfworld,deepseek-v4-flash,look_at_obj_in_light-Pillow-None-DeskLamp-323/trial_T20190908_053153_077977,5,0,1
alfworld,deepseek-v4-flash,look_at_obj_in_light-Pillow-None-DeskLamp-323/trial_T20190908_053153_077977,6,1,0
alfworld,deepseek-v4-flash,pick_and_place_simple-Book-None-SideTable-329/trial_T20190908_050633_745514,2,1,0
alfworld,deepseek-v4-flash,pick_and_place_simple-Book-None-SideTable-329/trial_T20190908_050633_745514,6,1,0
alfworld,deepseek-v4-flash,pick_and_place_simple-Book-None-SideTable-329/trial_T20190908_050633_745514,9,1,0
alfworld,deepseek-v4-flash,pick_and_place_simple-Book-None-Sofa-229/trial_T20190907_042856_259139,3,1,0
alfworld,deepseek-v4-flash,pick_and_place_simple-Book-None-Sofa-229/trial_T20190907_042856_259139,10,1,0
alfworld,deepseek-v4-flash,pick_and_place_simple-Book-None-Sofa-229/trial_T20190907_042856_259139,13,1,0
alfworld,deepseek-v4-flash,pick_and_place_simple-Book-None-Sofa-229/trial_T20190907_042856_259139,14,0,1
alfworld,deepseek-v4-flash,pick_and_place_simple-Book-None-Sofa-229/trial_T20190907_042856_259139,18,1,0
alfworld,deepseek-v4-flash,pick_and_place_simple-Candle-None-Cart-401/trial_T20190909_081908_677973,7,0,1
alfworld,deepseek-v4-flash,pick_and_place_simple-Candle-None-Cart-401/trial_T20190909_081908_677973,8,1,1
alfworld,deepseek-v4-flash,pick_and_place_simple-Candle-None-Toilet-407/trial_T20190909_055248_059513,3,1,0
alfworld,deepseek-v4-flash,pick_and_place_simple-Candle-None-Toilet-407/trial_T20190909_055248_059513,13,1,0
alfworld,deepseek-v4-flash,pick_and_place_simple-CellPhone-None-Bed-324/trial_T20190907_233817_198528,17,1,0
alfworld,deepseek-v4-flash,pick_and_place_simple-CellPhone-None-Bed-324/trial_T20190907_233817_198528,20,0,1
alfworld,deepseek-v4-flash,pick_and_place_simple-CreditCard-None-ArmChair-201/trial_T20190908_124340_258012,5,1,1
alfworld,deepseek-v4-flash,pick_and_place_simple-CreditCard-None-Drawer-227/trial_T20190909_010644_297017,11,0,1
alfworld,deepseek-v4-flash,pick_and_place_simple-CreditCard-None-Drawer-227/trial_T20190909_010644_297017,13,0,1
alfworld,deepseek-v4-flash,pick_and_place_simple-CreditCard-None-Drawer-227/trial_T20190909_010644_297017,25,1,0
alfworld,deepseek-v4-flash,pick_and_place_simple-CreditCard-None-Drawer-227/trial_T20190909_010644_297017,36,1,0
alfworld,deepseek-v4-flash,pick_and_place_simple-CreditCard-None-Drawer-227/trial_T20190909_010644_297017,39,0,1
alfworld,deepseek-v4-flash,pick_and_place_simple-CreditCard-None-Drawer-227/trial_T20190909_010644_297017,40,1,0
alfworld,deepseek-v4-flash,pick_and_place_simple-CreditCard-None-Drawer-227/trial_T20190909_010644_297017,41,1,0
alfworld,deepseek-v4-flash,pick_and_place_simple-CreditCard-None-Drawer-227/trial_T20190909_010644_297017,43,0,1
alfworld,deepseek-v4-flash,pick_and_place_simple-Egg-None-Microwave-4/trial_T20190906_234406_356490,4,1,1
alfworld,deepseek-v4-flash,pick_and_place_simple-Egg-None-Microwave-4/trial_T20190906_234406_356490,26,0,1
alfworld,deepseek-v4-flash,pick_and_place_simple-Egg-None-Microwave-4/trial_T20190906_234406_356490,29,1,0
alfworld,deepseek-v4-flash,pick_and_place_simple-Knife-None-SideTable-3/trial_T20190918_184236_557252,17,0,1
alfworld,deepseek-v4-flash,pick_and_place_simple-Mug-None-Dresser-311/trial_T20190909_152837_739016,1,1,0
alfworld,deepseek-v4-flash,pick_and_place_simple-Pencil-None-Desk-310/trial_T20190909_113054_894334,5,0,1
alfworld,deepseek-v4-flash,pick_and_place_simple-Pencil-None-Desk-310/trial_T20190909_113054_894334,6,1,0
alfworld,deepseek-v4-flash,pick_and_place_simple-Pencil-None-Dresser-330/trial_T20190909_071128_012892,11,1,0
alfworld,deepseek-v4-flash,pick_and_place_simple-Pencil-None-Dresser-330/trial_T20190909_071128_012892,12,0,1
alfworld,deepseek-v4-flash,pick_and_place_simple-Pencil-None-Dresser-330/trial_T20190909_071128_012892,14,1,1
alfworld,deepseek-v4-flash,pick_and_place_simple-Pencil-None-Dresser-330/trial_T20190909_071128_012892,19,0,1
alfworld,deepseek-v4-flash,pick_and_place_simple-RemoteControl-None-Sofa-207/trial_T20190909_153609_373481,1,1,0
alfworld,deepseek-v4-flash,pick_and_place_simple-RemoteControl-None-Sofa-207/trial_T20190909_153609_373481,4,1,0
alfworld,deepseek-v4-flash,pick_and_place_simple-SoapBottle-None-Cabinet-414/trial_T20190908_110131_524518,3,1,0
alfworld,deepseek-v4-flash,pick_and_place_simple-SoapBottle-None-Cabinet-414/trial_T20190908_110131_524518,5,1,0
alfworld,deepseek-v4-flash,pick_and_place_simple-SoapBottle-None-CounterTop-417/trial_T20190910_112922_368384,3,1,0
alfworld,deepseek-v4-flash,pick_and_place_simple-SoapBottle-None-CounterTop-417/trial_T20190910_112922_368384,6,1,0
alfworld,deepseek-v4-flash,pick_and_place_simple-SoapBottle-None-CounterTop-417/trial_T20190910_112922_368384,9,1,0
alfworld,deepseek-v4-flash,pick_and_place_simple-SoapBottle-None-CounterTop-417/trial_T20190910_112922_368384,11,1,0
alfworld,deepseek-v4-flash,pick_and_place_simple-SoapBottle-None-CounterTop-417/trial_T20190910_112922_368384,13,1,0
alfworld,deepseek-v4-flash,pick_and_place_simple-SoapBottle-None-CounterTop-417/trial_T20190910_112922_368384,14,1,0
alfworld,deepseek-v4-flash,pick_and_place_simple-Watch-None-SideTable-222/trial_T20190909_051813_197569,4,0,1
alfworld,deepseek-v4-flash,pick_and_place_simple-Watch-None-SideTable-222/trial_T20190909_051813_197569,11,1,0
alfworld,deepseek-v4-flash,pick_clean_then_place_in_recep-ButterKnife-None-CounterTop-8/trial_T20190909_105559_983897,9,1,1
alfworld,deepseek-v4-flash,pick_clean_then_place_in_recep-ButterKnife-None-CounterTop-8/trial_T20190909_105559_983897,23,1,0
alfworld,deepseek-v4-flash,pick_clean_then_place_in_recep-ButterKnife-None-CounterTop-8/trial_T20190909_105559_983897,30,1,1
alfworld,deepseek-v4-flash,pick_clean_then_place_in_recep-ButterKnife-None-CounterTop-8/trial_T20190909_105559_983897,32,1,0
alfworld,deepseek-v4-flash,pick_clean_then_place_in_recep-ButterKnife-None-CounterTop-8/trial_T20190909_105559_983897,33,1,1
alfworld,deepseek-v4-flash,pick_clean_then_place_in_recep-ButterKnife-None-CounterTop-8/trial_T20190909_105559_983897,40,1,0
alfworld,deepseek-v4-flash,pick_clean_then_place_in_recep-ButterKnife-None-CounterTop-8/trial_T20190909_105559_983897,44,0,1
alfworld,deepseek-v4-flash,pick_clean_then_place_in_recep-ButterKnife-None-DiningTable-16/trial_T20190909_114508_617301,3,1,0
alfworld,deepseek-v4-flash,pick_clean_then_place_in_recep-ButterKnife-None-DiningTable-16/trial_T20190909_114508_617301,24,1,0
alfworld,deepseek-v4-flash,pick_clean_then_place_in_recep-ButterKnife-None-DiningTable-16/trial_T20190909_114508_617301,31,0,1
alfworld,deepseek-v4-flash,pick_clean_then_place_in_recep-ButterKnife-None-DiningTable-16/trial_T20190909_114508_617301,37,1,0
alfworld,deepseek-v4-flash,pick_clean_then_place_in_recep-ButterKnife-None-Drawer-2/trial_T20190908_121728_511866,6,1,0
alfworld,deepseek-v4-flash,pick_clean_then_place_in_recep-ButterKnife-None-Drawer-2/trial_T20190908_121728_511866,7,1,0
alfworld,deepseek-v4-flash,pick_clean_then_place_in_recep-ButterKnife-None-Drawer-2/trial_T20190908_121728_511866,8,1,0
alfworld,deepseek-v4-flash,pick_clean_then_place_in_recep-ButterKnife-None-Drawer-2/trial_T20190908_121728_511866,11,1,0
alfworld,deepseek-v4-flash,pick_clean_then_place_in_recep-ButterKnife-None-Drawer-30/trial_T20190908_052007_212776,9,1,0
alfworld,deepseek-v4-flash,pick_clean_then_place_in_recep-ButterKnife-None-Drawer-30/trial_T20190908_052007_212776,10,1,0
alfworld,deepseek-v4-flash,pick_clean_then_place_in_recep-ButterKnife-None-Drawer-30/trial_T20190908_052007_212776,11,1,1
alfworld,deepseek-v4-flash,pick_clean_then_place_in_recep-ButterKnife-None-Drawer-30/trial_T20190908_052007_212776,15,1,0
alfworld,deepseek-v4-flash,pick_clean_then_place_in_recep-ButterKnife-None-Drawer-30/trial_T20190908_052007_212776,23,1,0
alfworld,deepseek-v4-flash,pick_clean_then_place_in_recep-ButterKnife-None-Drawer-30/trial_T20190908_052007_212776,30,1,0
alfworld,deepseek-v4-flash,pick_clean_then_place_in_recep-ButterKnife-None-Drawer-30/trial_T20190908_052007_212776,31,1,1
alfworld,deepseek-v4-flash,pick_clean_then_place_in_recep-ButterKnife-None-Drawer-30/trial_T20190908_052007_212776,36,1,0
alfworld,deepseek-v4-flash,pick_clean_then_place_in_recep-ButterKnife-None-Drawer-30/trial_T20190908_052007_212776,37,1,0
alfworld,deepseek-v4-flash,pick_clean_then_place_in_recep-ButterKnife-None-Drawer-30/trial_T20190908_052007_212776,43,1,0
alfworld,deepseek-v4-flash,pick_clean_then_place_in_recep-ButterKnife-None-Drawer-30/trial_T20190908_052007_212776,47,1,0
alfworld,deepseek-v4-flash,pick_clean_then_place_in_recep-ButterKnife-None-Drawer-30/trial_T20190908_052007_212776,49,1,0
alfworld,deepseek-v4-flash,pick_clean_then_place_in_recep-Cloth-None-Drawer-423/trial_T20190908_140701_251653,17,1,1
alfworld,deepseek-v4-flash,pick_clean_then_place_in_recep-Cloth-None-Drawer-423/trial_T20190908_140701_251653,21,1,0
alfworld,deepseek-v4-flash,pick_clean_then_place_in_recep-Cloth-None-Drawer-423/trial_T20190908_140701_251653,22,1,0
alfworld,deepseek-v4-flash,pick_clean_then_place_in_recep-Cloth-None-Drawer-423/trial_T20190908_140701_251653,24,1,0
alfworld,deepseek-v4-flash,pick_clean_then_place_in_recep-Cloth-None-Drawer-423/trial_T20190908_140701_251653,28,1,0
alfworld,deepseek-v4-flash,pick_clean_then_place_in_recep-Cloth-None-Drawer-423/trial_T20190908_140701_251653,29,1,0
alfworld,deepseek-v4-flash,pick_clean_then_place_in_recep-Cloth-None-Drawer-423/trial_T20190908_140701_251653,32,1,0
alfworld,deepseek-v4-flash,pick_clean_then_place_in_recep-Cloth-None-Drawer-423/trial_T20190908_140701_251653,33,1,0
alfworld,deepseek-v4-flash,pick_clean_then_place_in_recep-Cloth-None-Drawer-423/trial_T20190908_140701_251653,37,1,0
alfworld,deepseek-v4-flash,pick_clean_then_place_in_recep-Cloth-None-Drawer-423/trial_T20190908_140701_251653,45,1,0
alfworld,deepseek-v4-flash,pick_clean_then_place_in_recep-DishSponge-None-Cart-401/trial_T20190907_024634_972453,5,1,0
alfworld,deepseek-v4-flash,pick_clean_then_place_in_recep-DishSponge-None-Cart-401/trial_T20190907_024634_972453,8,0,1
alfworld,deepseek-v4-flash,pick_clean_then_place_in_recep-DishSponge-None-Cart-401/trial_T20190907_024634_972453,12,1,0
alfworld,deepseek-v4-flash,pick_clean_then_place_in_recep-DishSponge-None-Cart-401/trial_T20190907_024634_972453,19,0,1
alfworld,deepseek-v4-flash,pick_clean_then_place_in_recep-DishSponge-None-Cart-401/trial_T20190907_024634_972453,20,0,1
alfworld,deepseek-v4-flash,pick_clean_then_place_in_recep-DishSponge-None-Cart-401/trial_T20190907_024634_972453,21,1,0
alfworld,deepseek-v4-flash,pick_clean_then_place_in_recep-DishSponge-None-Cart-401/trial_T20190907_024634_972453,22,1,1
alfworld,deepseek-v4-flash,pick_clean_then_place_in_recep-DishSponge-None-Cart-401/trial_T20190907_024634_972453,25,1,0
alfworld,deepseek-v4-flash,pick_clean_then_place_in_recep-DishSponge-None-Cart-401/trial_T20190907_024634_972453,26,1,0
alfworld,deepseek-v4-flash,pick_clean_then_place_in_recep-DishSponge-None-Cart-401/trial_T20190907_024634_972453,27,1,0
alfworld,deepseek-v4-flash,pick_clean_then_place_in_recep-DishSponge-None-Cart-401/trial_T20190907_024634_972453,28,1,0
alfworld,deepseek-v4-flash,pick_clean_then_place_in_recep-DishSponge-None-Cart-401/trial_T20190907_024634_972453,31,1,1
alfworld,deepseek-v4-flash,pick_clean_then_place_in_recep-DishSponge-None-Cart-401/trial_T20190907_024634_972453,33,0,1
alfworld,deepseek-v4-flash,pick_clean_then_place_in_recep-DishSponge-None-Cart-401/trial_T20190907_024634_972453,35,1,1
alfworld,deepseek-v4-flash,pick_clean_then_place_in_recep-DishSponge-None-Cart-401/trial_T20190907_024634_972453,37,1,0
alfworld,deepseek-v4-flash,pick_clean_then_place_in_recep-DishSponge-None-Cart-401/trial_T20190907_024634_972453,38,1,0
alfworld,deepseek-v4-flash,pick_clean_then_place_in_recep-DishSponge-None-Cart-401/trial_T20190907_024634_972453,43,1,0
alfworld,deepseek-v4-flash,pick_clean_then_place_in_recep-DishSponge-None-Cart-401/trial_T20190907_024634_972453,46,1,0
alfworld,deepseek-v4-flash,pick_clean_then_place_in_recep-DishSponge-None-Cart-401/trial_T20190907_024634_972453,48,0,1
alfworld,deepseek-v4-flash,pick_clean_then_place_in_recep-DishSponge-None-Cart-401/trial_T20190907_024634_972453,49,1,0
alfworld,deepseek-v4-flash,pick_clean_then_place_in_recep-DishSponge-None-CounterTop-403/trial_T20190908_144357_621068,6,0,1
alfworld,deepseek-v4-flash,pick_clean_then_place_in_recep-DishSponge-None-CounterTop-403/trial_T20190908_144357_621068,8,1,0
alfworld,deepseek-v4-flash,pick_clean_then_place_in_recep-DishSponge-None-CounterTop-403/trial_T20190908_144357_621068,13,1,0
alfworld,deepseek-v4-flash,pick_clean_then_place_in_recep-DishSponge-None-CounterTop-403/trial_T20190908_144357_621068,14,1,0
alfworld,deepseek-v4-flash,pick_clean_then_place_in_recep-DishSponge-None-CounterTop-403/trial_T20190908_144357_621068,16,1,0
alfworld,deepseek-v4-flash,pick_clean_then_place_in_recep-DishSponge-None-CounterTop-403/trial_T20190908_144357_621068,17,1,0
alfworld,deepseek-v4-flash,pick_clean_then_place_in_recep-Fork-None-CounterTop-23/trial_T20190908_233922_171295,4,0,1
alfworld,deepseek-v4-flash,pick_clean_then_place_in_recep-Fork-None-CounterTop-23/trial_T20190908_233922_171295,7,1,0
alfworld,deepseek-v4-flash,pick_clean_then_place_in_recep-Fork-None-CounterTop-23/trial_T20190908_233922_171295,11,1,1
alfworld,deepseek-v4-flash,pick_clean_then_place_in_recep-Fork-None-CounterTop-23/trial_T20190908_233922_171295,14,1,0
alfworld,deepseek-v4-flash,pick_clean_then_place_in_recep-Fork-None-CounterTop-23/trial_T20190908_233922_171295,18,0,1
alfworld,deepseek-v4-flash,pick_clean_then_place_in_recep-Fork-None-CounterTop-23/trial_T20190908_233922_171295,29,1,0
alfworld,deepseek-v4-flash,pick_clean_then_place_in_recep-Fork-None-Drawer-8/trial_T20190908_132152_999725,3,1,0
alfworld,deepseek-v4-flash,pick_clean_then_place_in_recep-Fork-None-Drawer-8/trial_T20190908_132152_999725,4,1,1
alfworld,deepseek-v4-flash,pick_clean_then_place_in_recep-Fork-None-Drawer-8/trial_T20190908_132152_999725,8,1,0
alfworld,deepseek-v4-flash,pick_clean_then_place_in_recep-Fork-None-Drawer-8/trial_T20190908_132152_999725,25,1,0
alfworld,deepseek-v4-flash,pick_clean_then_place_in_recep-Fork-None-Drawer-8/trial_T20190908_132152_999725,26,1,0
alfworld,deepseek-v4-flash,pick_clean_then_place_in_recep-Fork-None-Drawer-8/trial_T20190908_132152_999725,35,0,1
alfworld,deepseek-v4-flash,pick_clean_then_place_in_recep-Fork-None-Drawer-8/trial_T20190908_132152_999725,36,1,0
alfworld,deepseek-v4-flash,pick_clean_then_place_in_recep-Fork-None-Drawer-8/trial_T20190908_132152_999725,41,1,1
alfworld,deepseek-v4-flash,pick_clean_then_place_in_recep-Ladle-None-CounterTop-14/trial_T20190909_113844_191747,11,1,0
alfworld,deepseek-v4-flash,pick_clean_then_place_in_recep-Ladle-None-CounterTop-14/trial_T20190909_113844_191747,12,1,0
alfworld,deepseek-v4-flash,pick_clean_then_place_in_recep-Ladle-None-CounterTop-14/trial_T20190909_113844_191747,14,0,1
alfworld,deepseek-v4-flash,pick_clean_then_place_in_recep-Ladle-None-CounterTop-14/trial_T20190909_113844_191747,16,1,0
alfworld,deepseek-v4-flash,pick_clean_then_place_in_recep-Ladle-None-CounterTop-14/trial_T20190909_113844_191747,20,1,0
alfworld,deepseek-v4-flash,pick_clean_then_place_in_recep-Ladle-None-CounterTop-14/trial_T20190909_113844_191747,22,1,0
alfworld,deepseek-v4-flash,pick_clean_then_place_in_recep-Ladle-None-CounterTop-8/trial_T20190909_121908_219603,1,0,1
alfworld,deepseek-v4-flash,pick_clean_then_place_in_recep-Ladle-None-CounterTop-8/trial_T20190909_121908_219603,2,1,0
alfworld,deepseek-v4-flash,pick_clean_then_place_in_recep-Ladle-None-CounterTop-8/trial_T20190909_121908_219603,17,0,1
alfworld,deepseek-v4-flash,pick_clean_then_place_in_recep-Ladle-None-CounterTop-8/trial_T20190909_121908_219603,25,0,1
alfworld,deepseek-v4-flash,pick_clean_then_place_in_recep-Ladle-None-CounterTop-8/trial_T20190909_121908_219603,31,1,0
alfworld,deepseek-v4-flash,pick_clean_then_place_in_recep-Ladle-None-CounterTop-8/trial_T20190909_121908_219603,48,1,0
alfworld,deepseek-v4-flash,pick_clean_then_place_in_recep-Ladle-None-DiningTable-16/trial_T20190909_183724_205399,2,1,0
alfworld,deepseek-v4-flash,pick_clean_then_place_in_recep-Ladle-None-DiningTable-16/trial_T20190909_183724_205399,9,1,0
alfworld,deepseek-v4-flash,pick_clean_then_place_in_recep-Ladle-None-DiningTable-16/trial_T20190909_183724_205399,14,0,1
alfworld,deepseek-v4-flash,pick_clean_then_place_in_recep-Ladle-None-DiningTable-16/trial_T20190909_183724_205399,24,0,1
alfworld,deepseek-v4-flash,pick_clean_then_place_in_recep-Ladle-None-DiningTable-16/trial_T20190909_183724_205399,28,1,0
alfworld,deepseek-v4-flash,pick_clean_then_place_in_recep-Ladle-None-DiningTable-16/trial_T20190909_183724_205399,30,1,0
alfworld,deepseek-v4-flash,pick_clean_then_place_in_recep-Ladle-None-DiningTable-16/trial_T20190909_183724_205399,32,1,0
alfworld,deepseek-v4-flash,pick_clean_then_place_in_recep-Ladle-None-DiningTable-16/trial_T20190909_183724_205399,34,1,1
alfworld,deepseek-v4-flash,pick_clean_then_place_in_recep-Ladle-None-DiningTable-16/trial_T20190909_183724_205399,47,1,0
alfworld,deepseek-v4-flash,pick_clean_then_place_in_recep-Ladle-None-DiningTable-27/trial_T20190911_131350_027076,9,1,0
alfworld,deepseek-v4-flash,pick_clean_then_place_in_recep-Ladle-None-DiningTable-27/trial_T20190911_131350_027076,18,1,0
alfworld,deepseek-v4-flash,pick_clean_then_place_in_recep-Ladle-None-DiningTable-27/trial_T20190911_131350_027076,20,1,1
alfworld,deepseek-v4-flash,pick_clean_then_place_in_recep-Ladle-None-DiningTable-27/trial_T20190911_131350_027076,21,0,1
alfworld,deepseek-v4-flash,pick_clean_then_place_in_recep-Ladle-None-DiningTable-27/trial_T20190911_131350_027076,23,1,1
alfworld,deepseek-v4-flash,pick_clean_then_place_in_recep-Ladle-None-DiningTable-27/trial_T20190911_131350_027076,25,1,0
alfworld,deepseek-v4-flash,pick_clean_then_place_in_recep-Ladle-None-DiningTable-27/trial_T20190911_131350_027076,27,1,0
alfworld,deepseek-v4-flash,pick_clean_then_place_in_recep-Ladle-None-DiningTable-27/trial_T20190911_131350_027076,32,0,1
alfworld,deepseek-v4-flash,pick_clean_then_place_in_recep-Ladle-None-DiningTable-4/trial_T20190909_164840_568811,2,0,1
alfworld,deepseek-v4-flash,pick_clean_then_place_in_recep-Ladle-None-DiningTable-4/trial_T20190909_164840_568811,4,1,0
alfworld,deepseek-v4-flash,pick_clean_then_place_in_recep-Ladle-None-DiningTable-4/trial_T20190909_164840_568811,11,1,0
alfworld,deepseek-v4-flash,pick_clean_then_place_in_recep-Ladle-None-DiningTable-4/trial_T20190909_164840_568811,19,1,1
alfworld,deepseek-v4-flash,pick_clean_then_place_in_recep-Lettuce-None-CounterTop-16/trial_T20190909_051630_092360,15,1,0
alfworld,deepseek-v4-flash,pick_clean_then_place_in_recep-Lettuce-None-CounterTop-16/trial_T20190909_051630_092360,17,0,1
alfworld,deepseek-v4-flash,pick_clean_then_place_in_recep-Lettuce-None-CounterTop-16/trial_T20190909_051630_092360,27,0,1
alfworld,deepseek-v4-flash,pick_clean_then_place_in_recep-Lettuce-None-CounterTop-16/trial_T20190909_051630_092360,29,1,1
alfworld,deepseek-v4-flash,pick_clean_then_place_in_recep-Lettuce-None-CounterTop-16/trial_T20190909_051630_092360,31,1,0
alfworld,deepseek-v4-flash,pick_clean_then_place_in_recep-Lettuce-None-CounterTop-16/trial_T20190909_051630_092360,37,1,1
alfworld,deepseek-v4-flash,pick_clean_then_place_in_recep-Mug-None-CoffeeMachine-26/trial_T20190907_233056_022802,1,0,1
alfworld,deepseek-v4-flash,pick_clean_then_place_in_recep-Mug-None-CoffeeMachine-26/trial_T20190907_233056_022802,5,1,0
alfworld,deepseek-v4-flash,pick_clean_then_place_in_recep-Mug-None-CoffeeMachine-26/trial_T20190907_233056_022802,6,1,1
alfworld,deepseek-v4-flash,pick_clean_then_place_in_recep-Mug-None-CoffeeMachine-26/trial_T20190907_233056_022802,8,1,0
alfworld,deepseek-v4-flash,pick_clean_then_place_in_recep-Mug-None-CoffeeMachine-26/trial_T20190907_233056_022802,15,1,0
alfworld,deepseek-v4-flash,pick_clean_then_place_in_recep-Mug-None-CoffeeMachine-26/trial_T20190907_233056_022802,16,1,0
alfworld,deepseek-v4-flash,pick_clean_then_place_in_recep-SoapBar-None-Cabinet-402/trial_T20190908_055221_984342,4,1,0
alfworld,deepseek-v4-flash,pick_clean_then_place_in_recep-SoapBar-None-Cabinet-402/trial_T20190908_055221_984342,21,1,0
alfworld,deepseek-v4-flash,pick_clean_then_place_in_recep-SoapBar-None-Cabinet-402/trial_T20190908_055221_984342,27,0,1
alfworld,deepseek-v4-flash,pick_clean_then_place_in_recep-SoapBar-None-Cabinet-402/trial_T20190908_055221_984342,29,1,0
alfworld,deepseek-v4-flash,pick_clean_then_place_in_recep-SoapBar-None-Cabinet-402/trial_T20190908_055221_984342,30,0,1
alfworld,deepseek-v4-flash,pick_clean_then_place_in_recep-SoapBar-None-Cabinet-402/trial_T20190908_055221_984342,41,0,1
alfworld,deepseek-v4-flash,pick_clean_then_place_in_recep-SoapBar-None-Cabinet-402/trial_T20190908_055221_984342,42,1,1
alfworld,deepseek-v4-flash,pick_clean_then_place_in_recep-SoapBar-None-Cabinet-402/trial_T20190908_055221_984342,43,1,0
alfworld,deepseek-v4-flash,pick_clean_then_place_in_recep-SoapBar-None-Cabinet-402/trial_T20190908_055221_984342,45,1,0
alfworld,deepseek-v4-flash,pick_clean_then_place_in_recep-SoapBar-None-Cabinet-402/trial_T20190908_055221_984342,48,1,0
alfworld,deepseek-v4-flash,pick_clean_then_place_in_recep-SoapBar-None-Drawer-423/trial_T20190906_202340_749336,2,1,0
alfworld,deepseek-v4-flash,pick_clean_then_place_in_recep-SoapBar-None-Drawer-423/trial_T20190906_202340_749336,9,1,1
alfworld,deepseek-v4-flash,pick_clean_then_place_in_recep-SoapBar-None-Drawer-423/trial_T20190906_202340_749336,14,1,1
alfworld,deepseek-v4-flash,pick_clean_then_place_in_recep-SoapBar-None-Drawer-423/trial_T20190906_202340_749336,17,0,1
alfworld,deepseek-v4-flash,pick_clean_then_place_in_recep-SoapBar-None-Drawer-423/trial_T20190906_202340_749336,19,1,0
alfworld,deepseek-v4-flash,pick_clean_then_place_in_recep-SoapBar-None-Drawer-423/trial_T20190906_202340_749336,25,0,1
alfworld,deepseek-v4-flash,pick_clean_then_place_in_recep-SoapBar-None-Drawer-423/trial_T20190906_202340_749336,28,1,0
alfworld,deepseek-v4-flash,pick_clean_then_place_in_recep-SoapBar-None-Drawer-423/trial_T20190906_202340_749336,29,1,0
alfworld,deepseek-v4-flash,pick_clean_then_place_in_recep-SoapBar-None-Drawer-423/trial_T20190906_202340_749336,30,1,0
alfworld,deepseek-v4-flash,pick_clean_then_place_in_recep-SoapBar-None-Drawer-423/trial_T20190906_202340_749336,31,1,0
alfworld,deepseek-v4-flash,pick_clean_then_place_in_recep-SoapBar-None-Drawer-423/trial_T20190906_202340_749336,32,0,1
alfworld,deepseek-v4-flash,pick_clean_then_place_in_recep-SoapBar-None-Drawer-423/trial_T20190906_202340_749336,38,0,1
alfworld,deepseek-v4-flash,pick_clean_then_place_in_recep-SoapBar-None-Drawer-423/trial_T20190906_202340_749336,41,1,0
alfworld,deepseek-v4-flash,pick_clean_then_place_in_recep-SoapBar-None-Drawer-423/trial_T20190906_202340_749336,45,1,0
alfworld,deepseek-v4-flash,pick_clean_then_place_in_recep-SoapBar-None-Drawer-423/trial_T20190906_202340_749336,46,1,0
alfworld,deepseek-v4-flash,pick_clean_then_place_in_recep-SoapBar-None-Toilet-410/trial_T20190906_201106_979461,14,1,0
alfworld,deepseek-v4-flash,pick_clean_then_place_in_recep-SoapBar-None-Toilet-410/trial_T20190906_201106_979461,15,1,0
alfworld,deepseek-v4-flash,pick_clean_then_place_in_recep-SoapBar-None-Toilet-410/trial_T20190906_201106_979461,16,0,1
alfworld,deepseek-v4-flash,pick_clean_then_place_in_recep-SoapBar-None-Toilet-410/trial_T20190906_201106_979461,17,0,1
alfworld,deepseek-v4-flash,pick_clean_then_place_in_recep-SoapBar-None-Toilet-410/trial_T20190906_201106_979461,18,1,1
alfworld,deepseek-v4-flash,pick_clean_then_place_in_recep-SoapBar-None-Toilet-410/trial_T20190906_201106_979461,21,1,0
alfworld,deepseek-v4-flash,pick_clean_then_place_in_recep-SoapBar-None-Toilet-410/trial_T20190906_201106_979461,22,1,0
alfworld,deepseek-v4-flash,pick_clean_then_place_in_recep-SoapBar-None-Toilet-428/trial_T20190907_041436_588106,11,1,0
alfworld,deepseek-v4-flash,pick_clean_then_place_in_recep-Spatula-None-DiningTable-4/trial_T20190909_002804_564168,18,1,0
alfworld,deepseek-v4-flash,pick_clean_then_place_in_recep-Spatula-None-DiningTable-4/trial_T20190909_002804_564168,21,0,1
alfworld,deepseek-v4-flash,pick_clean_then_place_in_recep-Tomato-None-CounterTop-25/trial_T20190909_012550_586494,3,1,0
alfworld,deepseek-v4-flash,pick_clean_then_place_in_recep-Tomato-None-CounterTop-25/trial_T20190909_012550_586494,6,0,1
alfworld,deepseek-v4-flash,pick_cool_then_place_in_recep-Apple-None-CounterTop-14/trial_T20190909_044933_815840,10,1,0
alfworld,deepseek-v4-flash,pick_cool_then_place_in_recep-Apple-None-CounterTop-14/trial_T20190909_044933_815840,12,0,1
alfworld,deepseek-v4-flash,pick_cool_then_place_in_recep-Apple-None-CounterTop-14/trial_T20190909_044933_815840,17,1,0
alfworld,deepseek-v4-flash,pick_cool_then_place_in_recep-Apple-None-CounterTop-14/trial_T20190909_044933_815840,19,0,1
alfworld,deepseek-v4-flash,pick_cool_then_place_in_recep-Apple-None-CounterTop-14/trial_T20190909_044933_815840,22,1,0
alfworld,deepseek-v4-flash,pick_cool_then_place_in_recep-Apple-None-CounterTop-14/trial_T20190909_044933_815840,23,1,0
alfworld,deepseek-v4-flash,pick_cool_then_place_in_recep-Apple-None-CounterTop-14/trial_T20190909_044933_815840,29,1,1
alfworld,deepseek-v4-flash,pick_cool_then_place_in_recep-Apple-None-CounterTop-14/trial_T20190909_044933_815840,31,1,0
alfworld,deepseek-v4-flash,pick_cool_then_place_in_recep-Apple-None-CounterTop-14/trial_T20190909_044933_815840,32,1,1
alfworld,deepseek-v4-flash,pick_cool_then_place_in_recep-Apple-None-GarbageCan-2/trial_T20190906_195943_081289,7,1,0
alfworld,deepseek-v4-flash,pick_cool_then_place_in_recep-Apple-None-GarbageCan-2/trial_T20190906_195943_081289,13,1,1
alfworld,deepseek-v4-flash,pick_cool_then_place_in_recep-Apple-None-GarbageCan-2/trial_T20190906_195943_081289,16,1,0
alfworld,deepseek-v4-flash,pick_cool_then_place_in_recep-Apple-None-GarbageCan-2/trial_T20190906_195943_081289,24,0,1
alfworld,deepseek-v4-flash,pick_cool_then_place_in_recep-Apple-None-GarbageCan-2/trial_T20190906_195943_081289,26,1,0
alfworld,deepseek-v4-flash,pick_cool_then_place_in_recep-Apple-None-Microwave-19/trial_T20190906_210937_878489,8,0,1
alfworld,deepseek-v4-flash,pick_cool_then_place_in_recep-Apple-None-Microwave-19/trial_T20190906_210937_878489,15,1,0
alfworld,deepseek-v4-flash,pick_cool_then_place_in_recep-Apple-None-Microwave-19/trial_T20190906_210937_878489,16,1,0
alfworld,deepseek-v4-flash,pick_cool_then_place_in_recep-Apple-None-Microwave-19/trial_T20190906_210937_878489,17,0,1
alfworld,deepseek-v4-flash,pick_cool_then_place_in_recep-Apple-None-Microwave-19/trial_T20190906_210937_878489,27,1,0
alfworld,deepseek-v4-flash,pick_cool_then_place_in_recep-Apple-None-Microwave-19/trial_T20190906_210937_878489,34,0,1
alfworld,deepseek-v4-flash,pick_cool_then_place_in_recep-Apple-None-Microwave-19/trial_T20190906_210937_878489,35,1,0
alfworld,deepseek-v4-flash,pick_cool_then_place_in_recep-Apple-None-Microwave-19/trial_T20190906_210937_878489,39,1,0
alfworld,deepseek-v4-flash,pick_cool_then_place_in_recep-Apple-None-Microwave-19/trial_T20190906_210937_878489,41,1,0
alfworld,deepseek-v4-flash,pick_cool_then_place_in_recep-Apple-None-Microwave-19/trial_T20190906_210937_878489,49,0,1
alfworld,deepseek-v4-flash,pick_cool_then_place_in_recep-Apple-None-Microwave-5/trial_T20190908_150807_823817,17,0,1
alfworld,deepseek-v4-flash,pick_cool_then_place_in_recep-Apple-None-Microwave-5/trial_T20190908_150807_823817,23,1,0
alfworld,deepseek-v4-flash,pick_cool_then_place_in_recep-Apple-None-Microwave-5/trial_T20190908_150807_823817,26,1,0
alfworld,deepseek-v4-flash,pick_cool_then_place_in_recep-Bowl-None-Cabinet-20/trial_T20190909_112912_154874,2,0,1
alfworld,deepseek-v4-flash,pick_cool_then_place_in_recep-Bowl-None-Cabinet-20/trial_T20190909_112912_154874,7,1,0
alfworld,deepseek-v4-flash,pick_cool_then_place_in_recep-Bowl-None-Cabinet-20/trial_T20190909_112912_154874,8,1,1
alfworld,deepseek-v4-flash,pick_cool_then_place_in_recep-Bowl-None-Cabinet-20/trial_T20190909_112912_154874,10,1,0
alfworld,deepseek-v4-flash,pick_cool_then_place_in_recep-Bowl-None-Cabinet-20/trial_T20190909_112912_154874,14,1,0
alfworld,deepseek-v4-flash,pick_cool_then_place_in_recep-Bowl-None-Cabinet-20/trial_T20190909_112912_154874,19,1,1
alfworld,deepseek-v4-flash,pick_cool_then_place_in_recep-Bowl-None-Cabinet-20/trial_T20190909_112912_154874,21,0,1
alfworld,deepseek-v4-flash,pick_cool_then_place_in_recep-Bowl-None-Cabinet-20/trial_T20190909_112912_154874,23,1,0
alfworld,deepseek-v4-flash,pick_cool_then_place_in_recep-Bowl-None-Cabinet-20/trial_T20190909_112912_154874,24,1,0
alfworld,deepseek-v4-flash,pick_cool_then_place_in_recep-Bowl-None-Cabinet-20/trial_T20190909_112912_154874,25,0,1
alfworld,deepseek-v4-flash,pick_cool_then_place_in_recep-Bowl-None-Cabinet-20/trial_T20190909_112912_154874,26,1,1
alfworld,deepseek-v4-flash,pick_cool_then_place_in_recep-Bowl-None-Cabinet-20/trial_T20190909_112912_154874,28,1,0
alfworld,deepseek-v4-flash,pick_cool_then_place_in_recep-Bowl-None-Cabinet-20/trial_T20190909_112912_154874,33,1,0
alfworld,deepseek-v4-flash,pick_cool_then_place_in_recep-Bowl-None-Cabinet-20/trial_T20190909_112912_154874,34,1,0
alfworld,deepseek-v4-flash,pick_cool_then_place_in_recep-Bowl-None-Cabinet-20/trial_T20190909_112912_154874,36,1,0
alfworld,deepseek-v4-flash,pick_cool_then_place_in_recep-Bowl-None-Cabinet-20/trial_T20190909_112912_154874,37,1,0
alfworld,deepseek-v4-flash,pick_cool_then_place_in_recep-Bowl-None-Cabinet-20/trial_T20190909_112912_154874,39,1,0
alfworld,deepseek-v4-flash,pick_cool_then_place_in_recep-Bowl-None-Cabinet-20/trial_T20190909_112912_154874,43,0,1
alfworld,deepseek-v4-flash,pick_cool_then_place_in_recep-Bowl-None-Cabinet-20/trial_T20190909_112912_154874,47,1,0
alfworld,deepseek-v4-flash,pick_cool_then_place_in_recep-Bowl-None-Cabinet-20/trial_T20190909_112912_154874,49,1,0
alfworld,deepseek-v4-flash,pick_cool_then_place_in_recep-Egg-None-Microwave-24/trial_T20190908_234112_645480,8,1,1
alfworld,deepseek-v4-flash,pick_cool_then_place_in_recep-Egg-None-Microwave-24/trial_T20190908_234112_645480,15,1,1
alfworld,deepseek-v4-flash,pick_cool_then_place_in_recep-Egg-None-Microwave-24/trial_T20190908_234112_645480,17,1,0
alfworld,deepseek-v4-flash,pick_cool_then_place_in_recep-Egg-None-Microwave-24/trial_T20190908_234112_645480,20,0,1
alfworld,deepseek-v4-flash,pick_cool_then_place_in_recep-Egg-None-Microwave-24/trial_T20190908_234112_645480,21,1,0
alfworld,deepseek-v4-flash,pick_cool_then_place_in_recep-Egg-None-Microwave-24/trial_T20190908_234112_645480,24,1,0
alfworld,deepseek-v4-flash,pick_cool_then_place_in_recep-Egg-None-Microwave-24/trial_T20190908_234112_645480,25,1,0
alfworld,deepseek-v4-flash,pick_cool_then_place_in_recep-Egg-None-Microwave-24/trial_T20190908_234112_645480,31,0,1
alfworld,deepseek-v4-flash,pick_cool_then_place_in_recep-Egg-None-Microwave-24/trial_T20190908_234112_645480,39,1,0
alfworld,deepseek-v4-flash,pick_cool_then_place_in_recep-Egg-None-Microwave-24/trial_T20190908_234112_645480,46,1,0
alfworld,deepseek-v4-flash,pick_cool_then_place_in_recep-Egg-None-Microwave-24/trial_T20190908_234112_645480,48,0,1
alfworld,deepseek-v4-flash,pick_cool_then_place_in_recep-Lettuce-None-CounterTop-1/trial_T20190908_042713_075616,7,1,0
alfworld,deepseek-v4-flash,pick_cool_then_place_in_recep-Lettuce-None-CounterTop-1/trial_T20190908_042713_075616,9,1,0
alfworld,deepseek-v4-flash,pick_cool_then_place_in_recep-Lettuce-None-CounterTop-1/trial_T20190908_042713_075616,12,1,0
alfworld,deepseek-v4-flash,pick_cool_then_place_in_recep-Lettuce-None-CounterTop-1/trial_T20190908_042713_075616,13,0,1
alfworld,deepseek-v4-flash,pick_cool_then_place_in_recep-Lettuce-None-CounterTop-1/trial_T20190908_042713_075616,29,1,0
alfworld,deepseek-v4-flash,pick_cool_then_place_in_recep-Lettuce-None-CounterTop-1/trial_T20190908_042713_075616,33,1,0
alfworld,deepseek-v4-flash,pick_cool_then_place_in_recep-Lettuce-None-CounterTop-1/trial_T20190908_042713_075616,36,0,1
alfworld,deepseek-v4-flash,pick_cool_then_place_in_recep-Lettuce-None-CounterTop-1/trial_T20190908_042713_075616,43,1,0
alfworld,deepseek-v4-flash,pick_cool_then_place_in_recep-Lettuce-None-CounterTop-1/trial_T20190908_042713_075616,45,0,1
alfworld,deepseek-v4-flash,pick_cool_then_place_in_recep-Lettuce-None-CounterTop-1/trial_T20190908_042713_075616,48,1,1
alfworld,deepseek-v4-flash,pick_cool_then_place_in_recep-Lettuce-None-CounterTop-11/trial_T20190908_222555_651605,7,1,0
alfworld,deepseek-v4-flash,pick_cool_then_place_in_recep-Lettuce-None-CounterTop-11/trial_T20190908_222555_651605,8,1,0
alfworld,deepseek-v4-flash,pick_cool_then_place_in_recep-Lettuce-None-CounterTop-11/trial_T20190908_222555_651605,16,1,0
alfworld,deepseek-v4-flash,pick_cool_then_place_in_recep-Lettuce-None-CounterTop-11/trial_T20190908_222555_651605,18,1,1
alfworld,deepseek-v4-flash,pick_cool_then_place_in_recep-Lettuce-None-CounterTop-11/trial_T20190908_222555_651605,30,1,0
alfworld,deepseek-v4-flash,pick_cool_then_place_in_recep-Lettuce-None-CounterTop-11/trial_T20190908_222555_651605,33,1,0
alfworld,deepseek-v4-flash,pick_cool_then_place_in_recep-Lettuce-None-CounterTop-11/trial_T20190908_222555_651605,44,0,1
alfworld,deepseek-v4-flash,pick_cool_then_place_in_recep-Lettuce-None-CounterTop-11/trial_T20190908_222555_651605,46,1,0
alfworld,deepseek-v4-flash,pick_cool_then_place_in_recep-Lettuce-None-CounterTop-11/trial_T20190908_222555_651605,47,1,1
alfworld,deepseek-v4-flash,pick_cool_then_place_in_recep-Mug-None-CoffeeMachine-16/trial_T20190908_184242_348366,6,1,0
alfworld,deepseek-v4-flash,pick_cool_then_place_in_recep-Mug-None-CoffeeMachine-16/trial_T20190908_184242_348366,12,0,1
alfworld,deepseek-v4-flash,pick_cool_then_place_in_recep-Mug-None-CoffeeMachine-16/trial_T20190908_184242_348366,13,0,1
alfworld,deepseek-v4-flash,pick_cool_then_place_in_recep-Mug-None-CoffeeMachine-16/trial_T20190908_184242_348366,17,1,0
alfworld,deepseek-v4-flash,pick_cool_then_place_in_recep-Pan-None-DiningTable-7/trial_T20190908_232648_241836,5,0,1
alfworld,deepseek-v4-flash,pick_cool_then_place_in_recep-Pan-None-DiningTable-7/trial_T20190908_232648_241836,24,1,0
alfworld,deepseek-v4-flash,pick_cool_then_place_in_recep-Pan-None-DiningTable-7/trial_T20190908_232648_241836,27,1,0
alfworld,deepseek-v4-flash,pick_cool_then_place_in_recep-Pan-None-DiningTable-7/trial_T20190908_232648_241836,28,1,0
alfworld,deepseek-v4-flash,pick_cool_then_place_in_recep-Pan-None-DiningTable-7/trial_T20190908_232648_241836,37,1,0
alfworld,deepseek-v4-flash,pick_cool_then_place_in_recep-Pan-None-DiningTable-7/trial_T20190908_232648_241836,42,1,0
alfworld,deepseek-v4-flash,pick_cool_then_place_in_recep-Pan-None-DiningTable-7/trial_T20190908_232648_241836,45,1,0
alfworld,deepseek-v4-flash,pick_cool_then_place_in_recep-Pan-None-StoveBurner-18/trial_T20190906_181023_216915,11,1,0
alfworld,deepseek-v4-flash,pick_cool_then_place_in_recep-Pan-None-StoveBurner-18/trial_T20190906_181023_216915,14,1,0
alfworld,deepseek-v4-flash,pick_cool_then_place_in_recep-Pan-None-StoveBurner-18/trial_T20190906_181023_216915,26,1,0
alfworld,deepseek-v4-flash,pick_cool_then_place_in_recep-Pan-None-StoveBurner-18/trial_T20190906_181023_216915,29,1,0
alfworld,deepseek-v4-flash,pick_cool_then_place_in_recep-Pan-None-StoveBurner-18/trial_T20190906_181023_216915,43,1,0
alfworld,deepseek-v4-flash,pick_cool_then_place_in_recep-Pan-None-StoveBurner-18/trial_T20190906_181023_216915,45,1,0
alfworld,deepseek-v4-flash,pick_cool_then_place_in_recep-Pan-None-StoveBurner-18/trial_T20190906_181023_216915,47,0,1
alfworld,deepseek-v4-flash,pick_cool_then_place_in_recep-Pan-None-StoveBurner-18/trial_T20190906_181023_216915,49,1,1
alfworld,deepseek-v4-flash,pick_cool_then_place_in_recep-Pan-None-StoveBurner-23/trial_T20190906_215856_374127,3,1,0
alfworld,deepseek-v4-flash,pick_cool_then_place_in_recep-Pan-None-StoveBurner-23/trial_T20190906_215856_374127,5,1,0
alfworld,deepseek-v4-flash,pick_cool_then_place_in_recep-Pan-None-StoveBurner-23/trial_T20190906_215856_374127,9,1,0
alfworld,deepseek-v4-flash,pick_cool_then_place_in_recep-Pan-None-StoveBurner-23/trial_T20190906_215856_374127,14,0,1
alfworld,deepseek-v4-flash,pick_cool_then_place_in_recep-Pan-None-StoveBurner-23/trial_T20190906_215856_374127,15,1,0
alfworld,deepseek-v4-flash,pick_cool_then_place_in_recep-Pan-None-StoveBurner-23/trial_T20190906_215856_374127,26,1,0
alfworld,deepseek-v4-flash,pick_cool_then_place_in_recep-Pan-None-StoveBurner-23/trial_T20190906_215856_374127,27,1,0
alfworld,deepseek-v4-flash,pick_cool_then_place_in_recep-Pan-None-StoveBurner-23/trial_T20190906_215856_374127,29,1,0
alfworld,deepseek-v4-flash,pick_cool_then_place_in_recep-Pan-None-StoveBurner-23/trial_T20190906_215856_374127,30,0,1
alfworld,deepseek-v4-flash,pick_cool_then_place_in_recep-Pan-None-StoveBurner-23/trial_T20190906_215856_374127,31,0,1
alfworld,deepseek-v4-flash,pick_cool_then_place_in_recep-Pan-None-StoveBurner-23/trial_T20190906_215856_374127,32,1,0
alfworld,deepseek-v4-flash,pick_cool_then_place_in_recep-Pan-None-StoveBurner-23/trial_T20190906_215856_374127,37,1,0
alfworld,deepseek-v4-flash,pick_cool_then_place_in_recep-Pan-None-StoveBurner-23/trial_T20190906_215856_374127,41,1,0
alfworld,deepseek-v4-flash,pick_cool_then_place_in_recep-Pan-None-StoveBurner-23/trial_T20190906_215856_374127,45,1,0
alfworld,deepseek-v4-flash,pick_cool_then_place_in_recep-Plate-None-Cabinet-27/trial_T20190906_173120_350651,6,1,0
alfworld,deepseek-v4-flash,pick_cool_then_place_in_recep-Plate-None-Cabinet-27/trial_T20190906_173120_350651,8,0,1
alfworld,deepseek-v4-flash,pick_cool_then_place_in_recep-Plate-None-Cabinet-7/trial_T20190907_231206_512424,1,1,0
alfworld,deepseek-v4-flash,pick_cool_then_place_in_recep-Plate-None-CounterTop-1/trial_T20190906_205324_559361,6,1,0
alfworld,deepseek-v4-flash,pick_cool_then_place_in_recep-Plate-None-CounterTop-1/trial_T20190906_205324_559361,15,1,0
alfworld,deepseek-v4-flash,pick_cool_then_place_in_recep-Plate-None-CounterTop-1/trial_T20190906_205324_559361,22,0,1
alfworld,deepseek-v4-flash,pick_cool_then_place_in_recep-Plate-None-CounterTop-1/trial_T20190906_205324_559361,32,1,0
alfworld,deepseek-v4-flash,pick_cool_then_place_in_recep-Plate-None-CounterTop-1/trial_T20190906_205324_559361,34,0,1
alfworld,deepseek-v4-flash,pick_cool_then_place_in_recep-Plate-None-CounterTop-1/trial_T20190906_205324_559361,35,1,0
alfworld,deepseek-v4-flash,pick_cool_then_place_in_recep-Pot-None-DiningTable-21/trial_T20190909_004531_429065,1,1,1
alfworld,deepseek-v4-flash,pick_cool_then_place_in_recep-Pot-None-DiningTable-21/trial_T20190909_004531_429065,6,1,0
alfworld,deepseek-v4-flash,pick_cool_then_place_in_recep-Pot-None-DiningTable-21/trial_T20190909_004531_429065,8,1,0
alfworld,deepseek-v4-flash,pick_cool_then_place_in_recep-Pot-None-DiningTable-21/trial_T20190909_004531_429065,9,1,0
alfworld,deepseek-v4-flash,pick_cool_then_place_in_recep-Pot-None-DiningTable-21/trial_T20190909_004531_429065,17,1,0
alfworld,deepseek-v4-flash,pick_cool_then_place_in_recep-Pot-None-DiningTable-21/trial_T20190909_004531_429065,18,1,0
alfworld,deepseek-v4-flash,pick_cool_then_place_in_recep-Pot-None-DiningTable-21/trial_T20190909_004531_429065,20,0,1
alfworld,deepseek-v4-flash,pick_cool_then_place_in_recep-Pot-None-DiningTable-21/trial_T20190909_004531_429065,21,1,1
alfworld,deepseek-v4-flash,pick_cool_then_place_in_recep-Pot-None-DiningTable-21/trial_T20190909_004531_429065,36,1,0
alfworld,deepseek-v4-flash,pick_cool_then_place_in_recep-Pot-None-DiningTable-21/trial_T20190909_004531_429065,37,1,0
alfworld,deepseek-v4-flash,pick_cool_then_place_in_recep-Pot-None-DiningTable-21/trial_T20190909_004531_429065,38,1,0
alfworld,deepseek-v4-flash,pick_cool_then_place_in_recep-Pot-None-DiningTable-21/trial_T20190909_004531_429065,39,0,1
alfworld,deepseek-v4-flash,pick_cool_then_place_in_recep-Pot-None-DiningTable-21/trial_T20190909_004531_429065,41,1,1
alfworld,deepseek-v4-flash,pick_cool_then_place_in_recep-Pot-None-DiningTable-21/trial_T20190909_004531_429065,42,0,1
alfworld,deepseek-v4-flash,pick_cool_then_place_in_recep-Tomato-None-CounterTop-12/trial_T20190909_063754_216554,4,1,0
alfworld,deepseek-v4-flash,pick_cool_then_place_in_recep-Tomato-None-CounterTop-12/trial_T20190909_063754_216554,5,1,0
alfworld,deepseek-v4-flash,pick_cool_then_place_in_recep-Tomato-None-CounterTop-12/trial_T20190909_063754_216554,18,1,0
alfworld,deepseek-v4-flash,pick_cool_then_place_in_recep-Tomato-None-CounterTop-12/trial_T20190909_063754_216554,26,0,1
alfworld,deepseek-v4-flash,pick_cool_then_place_in_recep-Tomato-None-CounterTop-12/trial_T20190909_063754_216554,45,1,0
alfworld,deepseek-v4-flash,pick_cool_then_place_in_recep-Tomato-None-CounterTop-12/trial_T20190909_063844_274181,21,1,0
alfworld,deepseek-v4-flash,pick_cool_then_place_in_recep-Tomato-None-CounterTop-12/trial_T20190909_063844_274181,30,1,0
alfworld,deepseek-v4-flash,pick_cool_then_place_in_recep-Tomato-None-CounterTop-12/trial_T20190909_063844_274181,46,1,0
alfworld,deepseek-v4-flash,pick_cool_then_place_in_recep-Tomato-None-CounterTop-12/trial_T20190909_063844_274181,49,0,1
alfworld,deepseek-v4-flash,pick_cool_then_place_in_recep-Tomato-None-GarbageCan-6/trial_T20190909_082934_483899,8,1,0
alfworld,deepseek-v4-flash,pick_cool_then_place_in_recep-Tomato-None-GarbageCan-6/trial_T20190909_082934_483899,9,0,1
alfworld,deepseek-v4-flash,pick_cool_then_place_in_recep-Tomato-None-GarbageCan-6/trial_T20190909_082934_483899,19,1,0
alfworld,deepseek-v4-flash,pick_cool_then_place_in_recep-Tomato-None-GarbageCan-6/trial_T20190909_082934_483899,20,1,0
alfworld,deepseek-v4-flash,pick_cool_then_place_in_recep-Tomato-None-GarbageCan-6/trial_T20190909_082934_483899,23,1,0
alfworld,deepseek-v4-flash,pick_cool_then_place_in_recep-Tomato-None-GarbageCan-6/trial_T20190909_082934_483899,25,0,1
alfworld,deepseek-v4-flash,pick_cool_then_place_in_recep-Tomato-None-GarbageCan-6/trial_T20190909_082934_483899,30,1,0
alfworld,deepseek-v4-flash,pick_cool_then_place_in_recep-Tomato-None-GarbageCan-6/trial_T20190909_082934_483899,33,0,1
alfworld,deepseek-v4-flash,pick_cool_then_place_in_recep-Tomato-None-GarbageCan-6/trial_T20190909_082934_483899,42,0,1
alfworld,deepseek-v4-flash,pick_cool_then_place_in_recep-Tomato-None-GarbageCan-6/trial_T20190909_082934_483899,45,1,0
alfworld,deepseek-v4-flash,pick_cool_then_place_in_recep-Tomato-None-GarbageCan-6/trial_T20190909_082934_483899,46,0,1
alfworld,deepseek-v4-flash,pick_cool_then_place_in_recep-Tomato-None-Microwave-13/trial_T20190910_173916_331859,4,1,1
alfworld,deepseek-v4-flash,pick_cool_then_place_in_recep-Tomato-None-Microwave-13/trial_T20190910_173916_331859,12,1,0
alfworld,deepseek-v4-flash,pick_cool_then_place_in_recep-Tomato-None-Microwave-18/trial_T20190909_012524_159092,2,0,1
alfworld,deepseek-v4-flash,pick_cool_then_place_in_recep-Tomato-None-Microwave-18/trial_T20190909_012524_159092,7,1,0
alfworld,deepseek-v4-flash,pick_cool_then_place_in_recep-Tomato-None-Microwave-18/trial_T20190909_012524_159092,14,1,0
alfworld,deepseek-v4-flash,pick_cool_then_place_in_recep-Tomato-None-Microwave-18/trial_T20190909_012524_159092,18,0,1
alfworld,deepseek-v4-flash,pick_cool_then_place_in_recep-Tomato-None-Microwave-18/trial_T20190909_012524_159092,24,1,0
alfworld,deepseek-v4-flash,pick_cool_then_place_in_recep-Tomato-None-Microwave-18/trial_T20190909_012524_159092,25,1,0
alfworld,deepseek-v4-flash,pick_cool_then_place_in_recep-Tomato-None-Microwave-18/trial_T20190909_012524_159092,44,1,1
alfworld,deepseek-v4-flash,pick_cool_then_place_in_recep-WineBottle-None-DiningTable-17/trial_T20190908_024426_412044,4,1,0
alfworld,deepseek-v4-flash,pick_cool_then_place_in_recep-WineBottle-None-DiningTable-17/trial_T20190908_024426_412044,15,0,1
alfworld,deepseek-v4-flash,pick_cool_then_place_in_recep-WineBottle-None-DiningTable-17/trial_T20190908_024426_412044,20,1,0
alfworld,deepseek-v4-flash,pick_cool_then_place_in_recep-WineBottle-None-DiningTable-17/trial_T20190908_024426_412044,21,1,1
alfworld,deepseek-v4-flash,pick_cool_then_place_in_recep-WineBottle-None-DiningTable-17/trial_T20190908_024426_412044,25,1,0
alfworld,deepseek-v4-flash,pick_cool_then_place_in_recep-WineBottle-None-DiningTable-17/trial_T20190908_024426_412044,28,0,1
alfworld,deepseek-v4-flash,pick_cool_then_place_in_recep-WineBottle-None-DiningTable-17/trial_T20190908_024426_412044,33,0,1
alfworld,deepseek-v4-flash,pick_cool_then_place_in_recep-WineBottle-None-DiningTable-17/trial_T20190908_024426_412044,36,1,0
alfworld,deepseek-v4-flash,pick_heat_then_place_in_recep-Apple-None-DiningTable-26/trial_T20190907_060234_011675,5,1,0
alfworld,deepseek-v4-flash,pick_heat_then_place_in_recep-Apple-None-DiningTable-26/trial_T20190907_060234_011675,9,1,0
alfworld,deepseek-v4-flash,pick_heat_then_place_in_recep-Apple-None-DiningTable-26/trial_T20190907_060234_011675,10,1,0
alfworld,deepseek-v4-flash,pick_heat_then_place_in_recep-Apple-None-DiningTable-26/trial_T20190907_060234_011675,11,1,0
alfworld,deepseek-v4-flash,pick_heat_then_place_in_recep-Apple-None-DiningTable-26/trial_T20190907_060234_011675,12,1,0
alfworld,deepseek-v4-flash,pick_heat_then_place_in_recep-Apple-None-DiningTable-26/trial_T20190907_060234_011675,33,1,0
alfworld,deepseek-v4-flash,pick_heat_then_place_in_recep-Apple-None-DiningTable-26/trial_T20190907_060234_011675,38,1,1
alfworld,deepseek-v4-flash,pick_heat_then_place_in_recep-Apple-None-DiningTable-26/trial_T20190907_060234_011675,39,1,0
alfworld,deepseek-v4-flash,pick_heat_then_place_in_recep-Apple-None-DiningTable-26/trial_T20190907_060234_011675,42,1,0
alfworld,deepseek-v4-flash,pick_heat_then_place_in_recep-Apple-None-DiningTable-26/trial_T20190907_060234_011675,45,1,0
alfworld,deepseek-v4-flash,pick_heat_then_place_in_recep-Cup-None-Cabinet-22/trial_T20190907_173251_960848,16,1,0
alfworld,deepseek-v4-flash,pick_heat_then_place_in_recep-Cup-None-Cabinet-22/trial_T20190907_173251_960848,18,1,0
alfworld,deepseek-v4-flash,pick_heat_then_place_in_recep-Cup-None-Cabinet-22/trial_T20190907_173251_960848,19,1,0
alfworld,deepseek-v4-flash,pick_heat_then_place_in_recep-Cup-None-Cabinet-22/trial_T20190907_173251_960848,23,1,0
alfworld,deepseek-v4-flash,pick_heat_then_place_in_recep-Cup-None-Cabinet-22/trial_T20190907_173251_960848,32,0,1
alfworld,deepseek-v4-flash,pick_heat_then_place_in_recep-Cup-None-Cabinet-22/trial_T20190907_173251_960848,33,0,1
alfworld,deepseek-v4-flash,pick_heat_then_place_in_recep-Cup-None-Cabinet-22/trial_T20190907_173251_960848,39,1,1
alfworld,deepseek-v4-flash,pick_heat_then_place_in_recep-Cup-None-Cabinet-22/trial_T20190907_173251_960848,40,1,0
alfworld,deepseek-v4-flash,pick_heat_then_place_in_recep-Cup-None-Cabinet-22/trial_T20190907_173251_960848,46,0,1
alfworld,deepseek-v4-flash,pick_heat_then_place_in_recep-Cup-None-Cabinet-22/trial_T20190907_173251_960848,47,1,0
alfworld,deepseek-v4-flash,pick_heat_then_place_in_recep-Egg-None-CounterTop-2/trial_T20190908_122951_021026,12,1,0
alfworld,deepseek-v4-flash,pick_heat_then_place_in_recep-Egg-None-CounterTop-2/trial_T20190908_122951_021026,17,0,1
alfworld,deepseek-v4-flash,pick_heat_then_place_in_recep-Egg-None-CounterTop-2/trial_T20190908_122951_021026,28,1,0
alfworld,deepseek-v4-flash,pick_heat_then_place_in_recep-Egg-None-CounterTop-2/trial_T20190908_122951_021026,34,0,1
alfworld,deepseek-v4-flash,pick_heat_then_place_in_recep-Egg-None-CounterTop-2/trial_T20190908_122951_021026,36,1,0
alfworld,deepseek-v4-flash,pick_heat_then_place_in_recep-Egg-None-CounterTop-2/trial_T20190908_122951_021026,45,1,0
alfworld,deepseek-v4-flash,pick_heat_then_place_in_recep-Egg-None-CounterTop-2/trial_T20190908_122951_021026,47,1,1
alfworld,deepseek-v4-flash,pick_heat_then_place_in_recep-Egg-None-CounterTop-2/trial_T20190908_122951_021026,49,1,0
alfworld,deepseek-v4-flash,pick_heat_then_place_in_recep-Egg-None-Fridge-14/trial_T20190909_091314_636733,6,0,1
alfworld,deepseek-v4-flash,pick_heat_then_place_in_recep-Egg-None-Fridge-14/trial_T20190909_091314_636733,7,1,0
alfworld,deepseek-v4-flash,pick_heat_then_place_in_recep-Egg-None-Fridge-14/trial_T20190909_091314_636733,9,1,0
alfworld,deepseek-v4-flash,pick_heat_then_place_in_recep-Egg-None-Fridge-14/trial_T20190909_091314_636733,12,1,0
alfworld,deepseek-v4-flash,pick_heat_then_place_in_recep-Egg-None-Fridge-14/trial_T20190909_091314_636733,15,1,0
alfworld,deepseek-v4-flash,pick_heat_then_place_in_recep-Egg-None-Fridge-14/trial_T20190909_091314_636733,22,1,0
alfworld,deepseek-v4-flash,pick_heat_then_place_in_recep-Egg-None-Fridge-14/trial_T20190909_091314_636733,23,1,0
alfworld,deepseek-v4-flash,pick_heat_then_place_in_recep-Egg-None-Fridge-14/trial_T20190909_091314_636733,26,1,0
alfworld,deepseek-v4-flash,pick_heat_then_place_in_recep-Egg-None-Fridge-14/trial_T20190909_091314_636733,30,1,0
alfworld,deepseek-v4-flash,pick_heat_then_place_in_recep-Egg-None-Fridge-14/trial_T20190909_091314_636733,34,1,0
alfworld,deepseek-v4-flash,pick_heat_then_place_in_recep-Egg-None-Fridge-14/trial_T20190909_091314_636733,35,1,0
alfworld,deepseek-v4-flash,pick_heat_then_place_in_recep-Mug-None-Cabinet-26/trial_T20190909_062333_424779,10,1,0
alfworld,deepseek-v4-flash,pick_heat_then_place_in_recep-Mug-None-Cabinet-26/trial_T20190909_062333_424779,11,1,1
alfworld,deepseek-v4-flash,pick_heat_then_place_in_recep-Mug-None-Cabinet-26/trial_T20190909_062333_424779,17,1,0
alfworld,deepseek-v4-flash,pick_heat_then_place_in_recep-Mug-None-Cabinet-26/trial_T20190909_062333_424779,20,0,1
alfworld,deepseek-v4-flash,pick_heat_then_place_in_recep-Mug-None-Cabinet-26/trial_T20190909_062333_424779,31,1,0
alfworld,deepseek-v4-flash,pick_heat_then_place_in_recep-Mug-None-Cabinet-26/trial_T20190909_062333_424779,32,1,0
alfworld,deepseek-v4-flash,pick_heat_then_place_in_recep-Mug-None-Cabinet-26/trial_T20190909_062333_424779,33,1,0
alfworld,deepseek-v4-flash,pick_heat_then_place_in_recep-Mug-None-Cabinet-26/trial_T20190909_062333_424779,37,1,0
alfworld,deepseek-v4-flash,pick_heat_then_place_in_recep-Mug-None-Cabinet-3/trial_T20190909_014639_335717,5,1,0
alfworld,deepseek-v4-flash,pick_heat_then_place_in_recep-Mug-None-Cabinet-3/trial_T20190909_014639_335717,9,1,1
alfworld,deepseek-v4-flash,pick_heat_then_place_in_recep-Mug-None-Cabinet-3/trial_T20190909_014639_335717,10,1,0
alfworld,deepseek-v4-flash,pick_heat_then_place_in_recep-Mug-None-Cabinet-3/trial_T20190909_014639_335717,16,1,0
alfworld,deepseek-v4-flash,pick_heat_then_place_in_recep-Mug-None-CoffeeMachine-1/trial_T20190907_222640_487432,11,1,0
alfworld,deepseek-v4-flash,pick_heat_then_place_in_recep-Mug-None-CoffeeMachine-1/trial_T20190907_222640_487432,14,0,1
alfworld,deepseek-v4-flash,pick_heat_then_place_in_recep-Mug-None-CoffeeMachine-1/trial_T20190907_222640_487432,18,1,0
alfworld,deepseek-v4-flash,pick_heat_then_place_in_recep-Mug-None-CoffeeMachine-1/trial_T20190907_222640_487432,20,1,0
alfworld,deepseek-v4-flash,pick_heat_then_place_in_recep-Mug-None-CoffeeMachine-1/trial_T20190907_222640_487432,25,1,0
alfworld,deepseek-v4-flash,pick_heat_then_place_in_recep-Mug-None-CoffeeMachine-1/trial_T20190907_222640_487432,26,1,1
alfworld,deepseek-v4-flash,pick_heat_then_place_in_recep-Mug-None-CoffeeMachine-1/trial_T20190907_222640_487432,28,0,1
alfworld,deepseek-v4-flash,pick_heat_then_place_in_recep-Mug-None-CoffeeMachine-1/trial_T20190907_222640_487432,29,0,1
alfworld,deepseek-v4-flash,pick_heat_then_place_in_recep-Mug-None-CoffeeMachine-1/trial_T20190907_222640_487432,32,1,0
alfworld,deepseek-v4-flash,pick_heat_then_place_in_recep-Mug-None-CoffeeMachine-1/trial_T20190907_222640_487432,35,1,1
alfworld,deepseek-v4-flash,pick_heat_then_place_in_recep-Mug-None-CoffeeMachine-1/trial_T20190907_222640_487432,36,1,0
alfworld,deepseek-v4-flash,pick_heat_then_place_in_recep-Mug-None-CoffeeMachine-1/trial_T20190907_222640_487432,37,1,0
alfworld,deepseek-v4-flash,pick_heat_then_place_in_recep-Mug-None-CoffeeMachine-1/trial_T20190907_222640_487432,41,1,0
alfworld,deepseek-v4-flash,pick_heat_then_place_in_recep-Mug-None-CoffeeMachine-1/trial_T20190907_222640_487432,44,1,0
alfworld,deepseek-v4-flash,pick_heat_then_place_in_recep-Mug-None-CoffeeMachine-1/trial_T20190907_222640_487432,46,0,1
alfworld,deepseek-v4-flash,pick_heat_then_place_in_recep-Mug-None-SideTable-21/trial_T20190909_090729_088825,1,1,0
alfworld,deepseek-v4-flash,pick_heat_then_place_in_recep-Mug-None-SideTable-21/trial_T20190909_090729_088825,6,0,1
alfworld,deepseek-v4-flash,pick_heat_then_place_in_recep-Mug-None-SideTable-21/trial_T20190909_090729_088825,7,0,1
alfworld,deepseek-v4-flash,pick_heat_then_place_in_recep-Mug-None-SideTable-21/trial_T20190909_090729_088825,8,1,0
alfworld,deepseek-v4-flash,pick_heat_then_place_in_recep-Mug-None-SideTable-21/trial_T20190909_090729_088825,19,1,0
alfworld,deepseek-v4-flash,pick_heat_then_place_in_recep-Mug-None-SideTable-21/trial_T20190909_090729_088825,38,1,0
alfworld,deepseek-v4-flash,pick_heat_then_place_in_recep-Mug-None-SideTable-21/trial_T20190909_090729_088825,41,1,0
alfworld,deepseek-v4-flash,pick_heat_then_place_in_recep-Mug-None-SideTable-21/trial_T20190909_090729_088825,42,1,0
alfworld,deepseek-v4-flash,pick_heat_then_place_in_recep-Mug-None-SideTable-21/trial_T20190909_090729_088825,46,0,1
alfworld,deepseek-v4-flash,pick_heat_then_place_in_recep-Mug-None-SideTable-21/trial_T20190909_090729_088825,47,1,1
alfworld,deepseek-v4-flash,pick_heat_then_place_in_recep-Mug-None-SideTable-21/trial_T20190909_090729_088825,48,1,0
alfworld,deepseek-v4-flash,pick_heat_then_place_in_recep-Plate-None-DiningTable-28/trial_T20190908_001247_096796,2,1,0
alfworld,deepseek-v4-flash,pick_heat_then_place_in_recep-Plate-None-DiningTable-28/trial_T20190908_001247_096796,14,0,1
alfworld,deepseek-v4-flash,pick_heat_then_place_in_recep-Plate-None-DiningTable-28/trial_T20190908_001247_096796,16,0,1
alfworld,deepseek-v4-flash,pick_heat_then_place_in_recep-Plate-None-DiningTable-28/trial_T20190908_001247_096796,18,0,1
alfworld,deepseek-v4-flash,pick_heat_then_place_in_recep-Plate-None-DiningTable-28/trial_T20190908_001247_096796,20,1,1
alfworld,deepseek-v4-flash,pick_heat_then_place_in_recep-Plate-None-DiningTable-28/trial_T20190908_001247_096796,21,1,0
alfworld,deepseek-v4-flash,pick_heat_then_place_in_recep-Plate-None-DiningTable-28/trial_T20190908_001247_096796,23,1,0
alfworld,deepseek-v4-flash,pick_heat_then_place_in_recep-Plate-None-DiningTable-28/trial_T20190908_001247_096796,24,1,0
alfworld,deepseek-v4-flash,pick_heat_then_place_in_recep-Plate-None-DiningTable-28/trial_T20190908_001247_096796,25,0,1
alfworld,deepseek-v4-flash,pick_heat_then_place_in_recep-Plate-None-DiningTable-28/trial_T20190908_001247_096796,26,1,0
alfworld,deepseek-v4-flash,pick_heat_then_place_in_recep-Plate-None-DiningTable-28/trial_T20190908_001247_096796,28,0,1
alfworld,deepseek-v4-flash,pick_heat_then_place_in_recep-Plate-None-DiningTable-28/trial_T20190908_001247_096796,34,1,1
alfworld,deepseek-v4-flash,pick_heat_then_place_in_recep-Plate-None-DiningTable-28/trial_T20190908_001247_096796,38,1,0
alfworld,deepseek-v4-flash,pick_heat_then_place_in_recep-Plate-None-DiningTable-28/trial_T20190908_001247_096796,40,0,1
alfworld,deepseek-v4-flash,pick_heat_then_place_in_recep-Potato-None-Fridge-11/trial_T20190909_011341_436523,7,1,0
alfworld,deepseek-v4-flash,pick_heat_then_place_in_recep-Potato-None-Fridge-11/trial_T20190909_011341_436523,11,0,1
alfworld,deepseek-v4-flash,pick_heat_then_place_in_recep-Potato-None-Fridge-11/trial_T20190909_011341_436523,15,1,0
alfworld,deepseek-v4-flash,pick_heat_then_place_in_recep-Potato-None-Fridge-11/trial_T20190909_011341_436523,23,0,1
alfworld,deepseek-v4-flash,pick_heat_then_place_in_recep-Potato-None-Fridge-11/trial_T20190909_011341_436523,26,0,1
alfworld,deepseek-v4-flash,pick_heat_then_place_in_recep-Potato-None-Fridge-11/trial_T20190909_011341_436523,31,1,1
alfworld,deepseek-v4-flash,pick_heat_then_place_in_recep-Potato-None-Fridge-11/trial_T20190909_011341_436523,32,1,0
alfworld,deepseek-v4-flash,pick_heat_then_place_in_recep-Potato-None-Fridge-11/trial_T20190909_011341_436523,33,1,0
alfworld,deepseek-v4-flash,pick_heat_then_place_in_recep-Potato-None-Fridge-11/trial_T20190909_011341_436523,35,1,0
alfworld,deepseek-v4-flash,pick_heat_then_place_in_recep-Potato-None-Fridge-11/trial_T20190909_011341_436523,38,1,1
alfworld,deepseek-v4-flash,pick_heat_then_place_in_recep-Potato-None-Fridge-11/trial_T20190909_011341_436523,45,1,0
alfworld,deepseek-v4-flash,pick_heat_then_place_in_recep-Potato-None-Fridge-12/trial_T20190908_014451_271080,8,1,0
alfworld,deepseek-v4-flash,pick_heat_then_place_in_recep-Potato-None-Fridge-12/trial_T20190908_014451_271080,12,1,0
alfworld,deepseek-v4-flash,pick_heat_then_place_in_recep-Potato-None-Fridge-12/trial_T20190908_014451_271080,14,1,0
alfworld,deepseek-v4-flash,pick_heat_then_place_in_recep-Potato-None-Fridge-12/trial_T20190908_014451_271080,23,1,0
alfworld,deepseek-v4-flash,pick_heat_then_place_in_recep-Tomato-None-DiningTable-16/trial_T20190907_201243_698086,4,1,0
alfworld,deepseek-v4-flash,pick_heat_then_place_in_recep-Tomato-None-DiningTable-16/trial_T20190907_201243_698086,10,1,1
alfworld,deepseek-v4-flash,pick_heat_then_place_in_recep-Tomato-None-DiningTable-16/trial_T20190907_201243_698086,14,1,1
alfworld,deepseek-v4-flash,pick_heat_then_place_in_recep-Tomato-None-DiningTable-16/trial_T20190907_201243_698086,16,1,0
alfworld,deepseek-v4-flash,pick_heat_then_place_in_recep-Tomato-None-DiningTable-16/trial_T20190907_201243_698086,18,1,0
alfworld,deepseek-v4-flash,pick_heat_then_place_in_recep-Tomato-None-DiningTable-16/trial_T20190907_201243_698086,23,0,1
alfworld,deepseek-v4-flash,pick_heat_then_place_in_recep-Tomato-None-DiningTable-16/trial_T20190907_201243_698086,28,1,0
alfworld,deepseek-v4-flash,pick_heat_then_place_in_recep-Tomato-None-DiningTable-16/trial_T20190907_201243_698086,29,1,0
alfworld,deepseek-v4-flash,pick_heat_then_place_in_recep-Tomato-None-DiningTable-16/trial_T20190907_201243_698086,30,0,1
alfworld,deepseek-v4-flash,pick_heat_then_place_in_recep-Tomato-None-DiningTable-16/trial_T20190907_201243_698086,44,0,1
alfworld,deepseek-v4-flash,pick_heat_then_place_in_recep-Tomato-None-DiningTable-16/trial_T20190907_201243_698086,47,0,1
alfworld,deepseek-v4-flash,pick_heat_then_place_in_recep-Tomato-None-DiningTable-16/trial_T20190907_201243_698086,49,1,1
alfworld,deepseek-v4-flash,pick_heat_then_place_in_recep-Tomato-None-Fridge-15/trial_T20190909_020200_054379,7,0,1
alfworld,deepseek-v4-flash,pick_heat_then_place_in_recep-Tomato-None-Fridge-15/trial_T20190909_020200_054379,8,1,0
alfworld,deepseek-v4-flash,pick_heat_then_place_in_recep-Tomato-None-Fridge-15/trial_T20190909_020200_054379,12,1,0
alfworld,deepseek-v4-flash,pick_heat_then_place_in_recep-Tomato-None-Fridge-15/trial_T20190909_020200_054379,27,0,1
alfworld,deepseek-v4-flash,pick_heat_then_place_in_recep-Tomato-None-Fridge-15/trial_T20190909_020200_054379,29,1,0
alfworld,deepseek-v4-flash,pick_heat_then_place_in_recep-Tomato-None-Fridge-15/trial_T20190909_020200_054379,31,1,0
alfworld,deepseek-v4-flash,pick_heat_then_place_in_recep-Tomato-None-Fridge-15/trial_T20190909_020200_054379,36,1,0
alfworld,deepseek-v4-flash,pick_heat_then_place_in_recep-Tomato-None-Fridge-15/trial_T20190909_020200_054379,38,0,1
alfworld,deepseek-v4-flash,pick_heat_then_place_in_recep-Tomato-None-Fridge-15/trial_T20190909_020200_054379,45,1,0
alfworld,deepseek-v4-flash,pick_heat_then_place_in_recep-Tomato-None-Fridge-15/trial_T20190909_020200_054379,49,1,0
alfworld,deepseek-v4-flash,pick_heat_then_place_in_recep-Tomato-None-Fridge-24/trial_T20190908_033721_967359,1,0,1
alfworld,deepseek-v4-flash,pick_heat_then_place_in_recep-Tomato-None-Fridge-24/trial_T20190908_033721_967359,6,1,0
alfworld,deepseek-v4-flash,pick_heat_then_place_in_recep-Tomato-None-Fridge-24/trial_T20190908_033721_967359,8,1,0
alfworld,deepseek-v4-flash,pick_heat_then_place_in_recep-Tomato-None-Fridge-24/trial_T20190908_033721_967359,16,1,0
alfworld,deepseek-v4-flash,pick_heat_then_place_in_recep-Tomato-None-Fridge-24/trial_T20190908_033721_967359,17,1,0
alfworld,deepseek-v4-flash,pick_heat_then_place_in_recep-Tomato-None-Fridge-24/trial_T20190908_033721_967359,18,0,1
alfworld,deepseek-v4-flash,pick_heat_then_place_in_recep-Tomato-None-Fridge-24/trial_T20190908_033721_967359,22,1,0
alfworld,deepseek-v4-flash,pick_heat_then_place_in_recep-Tomato-None-Fridge-24/trial_T20190908_033721_967359,23,1,0
alfworld,deepseek-v4-flash,pick_heat_then_place_in_recep-Tomato-None-Fridge-24/trial_T20190908_033721_967359,25,1,0
alfworld,deepseek-v4-flash,pick_heat_then_place_in_recep-Tomato-None-Fridge-24/trial_T20190908_033721_967359,31,1,0
alfworld,deepseek-v4-flash,pick_heat_then_place_in_recep-Tomato-None-Fridge-24/trial_T20190908_033721_967359,34,1,0
alfworld,deepseek-v4-flash,pick_heat_then_place_in_recep-Tomato-None-Fridge-24/trial_T20190908_033721_967359,35,1,1
alfworld,deepseek-v4-flash,pick_heat_then_place_in_recep-Tomato-None-Fridge-24/trial_T20190908_033721_967359,36,1,0
alfworld,deepseek-v4-flash,pick_heat_then_place_in_recep-Tomato-None-Fridge-24/trial_T20190908_033721_967359,40,1,0
alfworld,deepseek-v4-flash,pick_two_obj_and_place-AlarmClock-None-Dresser-305/trial_T20190907_165826_194855,5,1,1
alfworld,deepseek-v4-flash,pick_two_obj_and_place-Book-None-Desk-302/trial_T20190906_181233_363875,4,0,1
alfworld,deepseek-v4-flash,pick_two_obj_and_place-Book-None-Desk-302/trial_T20190906_181233_363875,8,1,0
alfworld,deepseek-v4-flash,pick_two_obj_and_place-Book-None-Desk-302/trial_T20190906_181233_363875,9,1,0
alfworld,deepseek-v4-flash,pick_two_obj_and_place-Book-None-Desk-302/trial_T20190906_181233_363875,12,1,0
alfworld,deepseek-v4-flash,pick_two_obj_and_place-Book-None-Desk-302/trial_T20190906_181233_363875,21,1,0
alfworld,deepseek-v4-flash,pick_two_obj_and_place-Book-None-Desk-302/trial_T20190906_181233_363875,23,0,1
alfworld,deepseek-v4-flash,pick_two_obj_and_place-Book-None-Desk-313/trial_T20190908_125930_920681,5,0,1
alfworld,deepseek-v4-flash,pick_two_obj_and_place-Book-None-Desk-313/trial_T20190908_125930_920681,23,0,1
alfworld,deepseek-v4-flash,pick_two_obj_and_place-CD-None-Drawer-304/trial_T20190907_230232_832893,3,0,1
alfworld,deepseek-v4-flash,pick_two_obj_and_place-CD-None-Drawer-304/trial_T20190907_230232_832893,8,1,0
alfworld,deepseek-v4-flash,pick_two_obj_and_place-CD-None-Drawer-304/trial_T20190907_230232_832893,10,1,0
alfworld,deepseek-v4-flash,pick_two_obj_and_place-CreditCard-None-Dresser-311/trial_T20190907_201917_045715,11,1,0
alfworld,deepseek-v4-flash,pick_two_obj_and_place-CreditCard-None-Dresser-311/trial_T20190907_201917_045715,12,1,0
alfworld,deepseek-v4-flash,pick_two_obj_and_place-CreditCard-None-Dresser-311/trial_T20190907_201917_045715,17,1,1
alfworld,deepseek-v4-flash,pick_two_obj_and_place-CreditCard-None-Dresser-311/trial_T20190907_201917_045715,25,0,1
alfworld,deepseek-v4-flash,pick_two_obj_and_place-CreditCard-None-Safe-323/trial_T20190907_001129_214240,3,1,0
alfworld,deepseek-v4-flash,pick_two_obj_and_place-CreditCard-None-Safe-323/trial_T20190907_001129_214240,7,1,0
alfworld,deepseek-v4-flash,pick_two_obj_and_place-Glassbottle-None-Shelf-1/trial_T20190907_122204_941737,8,0,1
alfworld,deepseek-v4-flash,pick_two_obj_and_place-Glassbottle-None-Shelf-1/trial_T20190907_122204_941737,14,1,0
alfworld,deepseek-v4-flash,pick_two_obj_and_place-Glassbottle-None-Shelf-1/trial_T20190907_122204_941737,17,1,0
alfworld,deepseek-v4-flash,pick_two_obj_and_place-Glassbottle-None-Shelf-1/trial_T20190907_122204_941737,23,1,1
alfworld,deepseek-v4-flash,pick_two_obj_and_place-Glassbottle-None-Shelf-1/trial_T20190907_122204_941737,26,1,1
alfworld,deepseek-v4-flash,pick_two_obj_and_place-Glassbottle-None-Shelf-1/trial_T20190907_122204_941737,28,1,0
alfworld,deepseek-v4-flash,pick_two_obj_and_place-Glassbottle-None-Shelf-1/trial_T20190907_122204_941737,33,1,0
alfworld,deepseek-v4-flash,pick_two_obj_and_place-Glassbottle-None-Shelf-1/trial_T20190907_122204_941737,35,1,0
alfworld,deepseek-v4-flash,pick_two_obj_and_place-Knife-None-Drawer-18/trial_T20190907_065232_689984,2,1,0
alfworld,deepseek-v4-flash,pick_two_obj_and_place-Knife-None-Drawer-18/trial_T20190907_065232_689984,4,0,1
alfworld,deepseek-v4-flash,pick_two_obj_and_place-Knife-None-Drawer-18/trial_T20190907_065232_689984,18,1,0
alfworld,deepseek-v4-flash,pick_two_obj_and_place-Knife-None-Drawer-18/trial_T20190907_065232_689984,21,1,1
alfworld,deepseek-v4-flash,pick_two_obj_and_place-Knife-None-Drawer-18/trial_T20190907_065232_689984,23,1,0
alfworld,deepseek-v4-flash,pick_two_obj_and_place-Knife-None-Drawer-18/trial_T20190907_065232_689984,25,1,0
alfworld,deepseek-v4-flash,pick_two_obj_and_place-Knife-None-Drawer-18/trial_T20190907_065232_689984,30,1,0
alfworld,deepseek-v4-flash,pick_two_obj_and_place-Knife-None-Drawer-18/trial_T20190907_065232_689984,36,1,0
alfworld,deepseek-v4-flash,pick_two_obj_and_place-Knife-None-Drawer-18/trial_T20190907_065232_689984,47,1,0
alfworld,deepseek-v4-flash,pick_two_obj_and_place-Knife-None-Drawer-18/trial_T20190907_065232_689984,48,1,0
alfworld,deepseek-v4-flash,pick_two_obj_and_place-Newspaper-None-Drawer-224/trial_T20190911_101248_326533,1,1,0
alfworld,deepseek-v4-flash,pick_two_obj_and_place-Newspaper-None-Drawer-224/trial_T20190911_101248_326533,17,1,0
alfworld,deepseek-v4-flash,pick_two_obj_and_place-Newspaper-None-Drawer-224/trial_T20190911_101248_326533,30,1,0
alfworld,deepseek-v4-flash,pick_two_obj_and_place-Newspaper-None-Drawer-224/trial_T20190911_101248_326533,42,0,1
alfworld,deepseek-v4-flash,pick_two_obj_and_place-Newspaper-None-Drawer-224/trial_T20190911_101248_326533,44,1,0
alfworld,deepseek-v4-flash,pick_two_obj_and_place-Newspaper-None-Drawer-224/trial_T20190911_101248_326533,47,1,0
alfworld,deepseek-v4-flash,pick_two_obj_and_place-RemoteControl-None-Ottoman-203/trial_T20190906_182952_858723,7,0,1
alfworld,deepseek-v4-flash,pick_two_obj_and_place-RemoteControl-None-Ottoman-203/trial_T20190906_182952_858723,16,0,1
alfworld,deepseek-v4-flash,pick_two_obj_and_place-RemoteControl-None-Ottoman-203/trial_T20190906_182952_858723,17,1,0
alfworld,deepseek-v4-flash,pick_two_obj_and_place-RemoteControl-None-Ottoman-203/trial_T20190906_182952_858723,24,1,0
alfworld,deepseek-v4-flash,pick_two_obj_and_place-SoapBar-None-GarbageCan-418/trial_T20190909_055538_380023,6,0,1
alfworld,deepseek-v4-flash,pick_two_obj_and_place-SoapBar-None-GarbageCan-418/trial_T20190909_055538_380023,12,0,1
alfworld,deepseek-v4-flash,pick_two_obj_and_place-SoapBar-None-GarbageCan-418/trial_T20190909_055538_380023,15,1,0
alfworld,deepseek-v4-flash,pick_two_obj_and_place-SoapBar-None-GarbageCan-418/trial_T20190909_055649_717880,2,1,0
alfworld,deepseek-v4-flash,pick_two_obj_and_place-SoapBar-None-GarbageCan-418/trial_T20190909_055649_717880,7,1,0
alfworld,deepseek-v4-flash,pick_two_obj_and_place-SoapBar-None-GarbageCan-418/trial_T20190909_055649_717880,9,0,1
alfworld,deepseek-v4-flash,pick_two_obj_and_place-SoapBar-None-GarbageCan-418/trial_T20190909_055649_717880,12,1,0
alfworld,deepseek-v4-flash,pick_two_obj_and_place-Spatula-None-Drawer-13/trial_T20190908_183331_203888,4,1,1
alfworld,deepseek-v4-flash,pick_two_obj_and_place-Spatula-None-Drawer-13/trial_T20190908_183331_203888,8,1,0
alfworld,deepseek-v4-flash,pick_two_obj_and_place-Spatula-None-Drawer-13/trial_T20190908_183331_203888,29,1,0
alfworld,deepseek-v4-flash,pick_two_obj_and_place-Spatula-None-Drawer-13/trial_T20190908_183331_203888,39,1,0
alfworld,deepseek-v4-flash,pick_two_obj_and_place-Spatula-None-Drawer-13/trial_T20190908_183331_203888,41,1,0
alfworld,deepseek-v4-flash,pick_two_obj_and_place-Spatula-None-Drawer-13/trial_T20190908_183331_203888,46,0,1
alfworld,deepseek-v4-flash,pick_two_obj_and_place-SprayBottle-None-Cabinet-407/trial_T20190907_144556_144188,1,1,0
alfworld,deepseek-v4-flash,pick_two_obj_and_place-SprayBottle-None-Cabinet-407/trial_T20190907_144556_144188,3,1,0
alfworld,deepseek-v4-flash,pick_two_obj_and_place-SprayBottle-None-Cabinet-407/trial_T20190907_144556_144188,7,1,0
alfworld,deepseek-v4-flash,pick_two_obj_and_place-SprayBottle-None-Cabinet-407/trial_T20190907_144556_144188,9,0,1
alfworld,deepseek-v4-flash,pick_two_obj_and_place-SprayBottle-None-Cabinet-407/trial_T20190907_144556_144188,13,1,0
alfworld,deepseek-v4-flash,pick_two_obj_and_place-SprayBottle-None-Cabinet-407/trial_T20190907_144556_144188,19,1,0
alfworld,deepseek-v4-flash,pick_two_obj_and_place-SprayBottle-None-Cabinet-407/trial_T20190907_144556_144188,22,1,0
alfworld,deepseek-v4-flash,pick_two_obj_and_place-SprayBottle-None-Cabinet-407/trial_T20190907_144556_144188,23,1,0
alfworld,deepseek-v4-flash,pick_two_obj_and_place-SprayBottle-None-Cabinet-407/trial_T20190907_144556_144188,27,0,1
alfworld,deepseek-v4-flash,pick_two_obj_and_place-SprayBottle-None-Cabinet-407/trial_T20190907_144556_144188,28,1,0
alfworld,deepseek-v4-flash,pick_two_obj_and_place-SprayBottle-None-GarbageCan-419/trial_T20190908_164236_518264,3,0,1
alfworld,deepseek-v4-flash,pick_two_obj_and_place-SprayBottle-None-GarbageCan-419/trial_T20190908_164236_518264,4,1,0
alfworld,deepseek-v4-flash,pick_two_obj_and_place-SprayBottle-None-GarbageCan-419/trial_T20190908_164236_518264,14,1,0
alfworld,deepseek-v4-flash,pick_two_obj_and_place-SprayBottle-None-Toilet-402/trial_T20190910_222914_814642,6,1,0
alfworld,deepseek-v4-flash,pick_two_obj_and_place-SprayBottle-None-Toilet-402/trial_T20190910_222914_814642,10,1,0
alfworld,deepseek-v4-flash,pick_two_obj_and_place-SprayBottle-None-Toilet-402/trial_T20190910_222914_814642,12,1,0
alfworld,deepseek-v4-flash,pick_two_obj_and_place-SprayBottle-None-Toilet-402/trial_T20190910_222914_814642,13,1,0
alfworld,deepseek-v4-flash,pick_two_obj_and_place-SprayBottle-None-Toilet-402/trial_T20190910_222914_814642,18,1,0
alfworld,deepseek-v4-flash,pick_two_obj_and_place-SprayBottle-None-Toilet-402/trial_T20190910_222914_814642,19,1,0
alfworld,deepseek-v4-flash,pick_two_obj_and_place-SprayBottle-None-Toilet-402/trial_T20190910_222914_814642,20,1,0
alfworld,deepseek-v4-flash,pick_two_obj_and_place-SprayBottle-None-Toilet-402/trial_T20190910_222914_814642,23,1,1
alfworld,deepseek-v4-flash,pick_two_obj_and_place-SprayBottle-None-Toilet-402/trial_T20190910_222914_814642,26,1,0
alfworld,deepseek-v4-flash,pick_two_obj_and_place-SprayBottle-None-Toilet-402/trial_T20190910_222914_814642,32,1,0
alfworld,deepseek-v4-flash,pick_two_obj_and_place-SprayBottle-None-Toilet-402/trial_T20190910_222914_814642,34,1,0
alfworld,deepseek-v4-flash,pick_two_obj_and_place-SprayBottle-None-Toilet-402/trial_T20190910_222914_814642,38,1,0
alfworld,deepseek-v4-flash,pick_two_obj_and_place-SprayBottle-None-Toilet-402/trial_T20190910_222914_814642,42,1,0
alfworld,deepseek-v4-flash,pick_two_obj_and_place-SprayBottle-None-Toilet-429/trial_T20190907_033843_707544,3,0,1
alfworld,deepseek-v4-flash,pick_two_obj_and_place-SprayBottle-None-Toilet-429/trial_T20190907_033843_707544,15,1,0
alfworld,deepseek-v4-flash,pick_two_obj_and_place-SprayBottle-None-Toilet-429/trial_T20190907_033843_707544,19,0,1
alfworld,deepseek-v4-flash,pick_two_obj_and_place-ToiletPaper-None-Drawer-423/trial_T20190907_111251_461099,2,1,1
alfworld,deepseek-v4-flash,pick_two_obj_and_place-ToiletPaper-None-Drawer-423/trial_T20190907_111251_461099,4,1,0
alfworld,deepseek-v4-flash,pick_two_obj_and_place-ToiletPaper-None-Drawer-423/trial_T20190907_111251_461099,20,1,0
alfworld,deepseek-v4-flash,pick_two_obj_and_place-ToiletPaper-None-Drawer-423/trial_T20190907_111251_461099,22,1,1
alfworld,deepseek-v4-flash,pick_two_obj_and_place-ToiletPaper-None-Drawer-423/trial_T20190907_111251_461099,25,1,0
alfworld,deepseek-v4-flash,pick_two_obj_and_place-ToiletPaper-None-Drawer-423/trial_T20190907_111251_461099,33,1,0
alfworld,deepseek-v4-flash,pick_two_obj_and_place-ToiletPaper-None-Drawer-423/trial_T20190907_111251_461099,35,1,0
alfworld,deepseek-v4-flash,pick_two_obj_and_place-ToiletPaper-None-Drawer-423/trial_T20190907_111251_461099,39,1,0
alfworld,deepseek-v4-flash,pick_two_obj_and_place-ToiletPaper-None-Drawer-423/trial_T20190907_111251_461099,40,1,0
alfworld,deepseek-v4-flash,pick_two_obj_and_place-ToiletPaper-None-Drawer-423/trial_T20190907_111251_461099,42,0,1
alfworld,deepseek-v4-flash,pick_two_obj_and_place-ToiletPaper-None-Toilet-408/trial_T20190909_080302_174780,2,1,0
alfworld,deepseek-v4-flash,pick_two_obj_and_place-ToiletPaper-None-Toilet-408/trial_T20190909_080302_174780,4,1,0
alfworld,deepseek-v4-flash,pick_two_obj_and_place-Vase-None-Desk-204/trial_T20190906_181531_703961,8,1,0
alfworld,deepseek-v4-flash,pick_two_obj_and_place-Vase-None-Desk-204/trial_T20190906_181531_703961,9,1,1
alfworld,gemma-3-4b-it,look_at_obj_in_light-AlarmClock-None-DeskLamp-323/trial_T20190909_044715_250790,1,1,1
alfworld,gemma-3-4b-it,look_at_obj_in_light-AlarmClock-None-DeskLamp-323/trial_T20190909_044715_250790,48,1,0
alfworld,gemma-3-4b-it,look_at_obj_in_light-Bowl-None-DeskLamp-301/trial_T20190909_150719_492274,5,1,0
alfworld,gemma-3-4b-it,look_at_obj_in_light-Bowl-None-DeskLamp-301/trial_T20190909_150719_492274,6,1,0
alfworld,gemma-3-4b-it,look_at_obj_in_light-Bowl-None-DeskLamp-316/trial_T20190908_230702_962704,2,1,0
alfworld,gemma-3-4b-it,look_at_obj_in_light-Bowl-None-DeskLamp-316/trial_T20190908_230702_962704,4,1,0
alfworld,gemma-3-4b-it,look_at_obj_in_light-Box-None-DeskLamp-205/trial_T20190907_074425_330493,3,1,0
alfworld,gemma-3-4b-it,look_at_obj_in_light-Box-None-DeskLamp-205/trial_T20190907_074425_330493,10,1,0
alfworld,gemma-3-4b-it,look_at_obj_in_light-Box-None-DeskLamp-205/trial_T20190907_074425_330493,36,1,0
alfworld,gemma-3-4b-it,look_at_obj_in_light-CD-None-DeskLamp-302/trial_T20190907_154618_526741,8,0,1
alfworld,gemma-3-4b-it,look_at_obj_in_light-CD-None-DeskLamp-302/trial_T20190907_154618_526741,13,1,0
alfworld,gemma-3-4b-it,look_at_obj_in_light-CD-None-DeskLamp-302/trial_T20190907_154618_526741,21,1,0
alfworld,gemma-3-4b-it,look_at_obj_in_light-CD-None-DeskLamp-302/trial_T20190907_154618_526741,38,1,0
alfworld,gemma-3-4b-it,look_at_obj_in_light-CD-None-DeskLamp-302/trial_T20190907_154618_526741,44,0,1
alfworld,gemma-3-4b-it,look_at_obj_in_light-CD-None-DeskLamp-314/trial_T20190907_114323_767231,1,1,0
alfworld,gemma-3-4b-it,look_at_obj_in_light-CD-None-DeskLamp-320/trial_T20190907_224451_655673,6,0,1
alfworld,gemma-3-4b-it,look_at_obj_in_light-CD-None-DeskLamp-320/trial_T20190907_224451_655673,23,1,0
alfworld,gemma-3-4b-it,look_at_obj_in_light-KeyChain-None-DeskLamp-327/trial_T20190906_202601_548273,3,0,1
alfworld,gemma-3-4b-it,look_at_obj_in_light-Laptop-None-DeskLamp-328/trial_T20190908_201550_622420,2,0,1
alfworld,gemma-3-4b-it,look_at_obj_in_light-Laptop-None-DeskLamp-328/trial_T20190908_201550_622420,15,0,1
alfworld,gemma-3-4b-it,look_at_obj_in_light-Pillow-None-DeskLamp-302/trial_T20190909_150916_682139,2,1,0
alfworld,gemma-3-4b-it,look_at_obj_in_light-Pillow-None-DeskLamp-323/trial_T20190908_053153_077977,24,1,1
alfworld,gemma-3-4b-it,look_at_obj_in_light-Pillow-None-DeskLamp-323/trial_T20190908_053153_077977,32,1,0
alfworld,gemma-3-4b-it,look_at_obj_in_light-Pillow-None-DeskLamp-323/trial_T20190908_053153_077977,45,1,0
alfworld,gemma-3-4b-it,look_at_obj_in_light-Statue-None-DeskLamp-216/trial_T20190909_193045_208933,2,1,0
alfworld,gemma-3-4b-it,look_at_obj_in_light-Statue-None-DeskLamp-216/trial_T20190909_193045_208933,36,0,1
alfworld,gemma-3-4b-it,look_at_obj_in_light-Statue-None-DeskLamp-216/trial_T20190909_193045_208933,37,1,0
alfworld,gemma-3-4b-it,look_at_obj_in_light-Vase-None-DeskLamp-303/trial_T20190907_150418_457594,20,1,0
alfworld,gemma-3-4b-it,look_at_obj_in_light-Vase-None-DeskLamp-303/trial_T20190907_150418_457594,38,0,1
alfworld,gemma-3-4b-it,look_at_obj_in_light-Vase-None-DeskLamp-303/trial_T20190907_150418_457594,44,1,0
alfworld,gemma-3-4b-it,look_at_obj_in_light-Vase-None-DeskLamp-303/trial_T20190907_150418_457594,45,1,0
alfworld,gemma-3-4b-it,pick_and_place_simple-Book-None-SideTable-329/trial_T20190908_050633_745514,3,0,1
alfworld,gemma-3-4b-it,pick_and_place_simple-Book-None-SideTable-329/trial_T20190908_050633_745514,11,1,0
alfworld,gemma-3-4b-it,pick_and_place_simple-Book-None-SideTable-329/trial_T20190908_050633_745514,25,1,0
alfworld,gemma-3-4b-it,pick_and_place_simple-Book-None-SideTable-329/trial_T20190908_050633_745514,26,0,1
alfworld,gemma-3-4b-it,pick_and_place_simple-Book-None-SideTable-329/trial_T20190908_050633_745514,28,1,0
alfworld,gemma-3-4b-it,pick_and_place_simple-Book-None-SideTable-329/trial_T20190908_050633_745514,29,1,0
alfworld,gemma-3-4b-it,pick_and_place_simple-Book-None-SideTable-329/trial_T20190908_050633_745514,41,0,1
alfworld,gemma-3-4b-it,pick_and_place_simple-Book-None-SideTable-329/trial_T20190908_050633_745514,43,0,1
alfworld,gemma-3-4b-it,pick_and_place_simple-Book-None-Sofa-229/trial_T20190907_042856_259139,1,1,0
alfworld,gemma-3-4b-it,pick_and_place_simple-Book-None-Sofa-229/trial_T20190907_042856_259139,4,1,1
alfworld,gemma-3-4b-it,pick_and_place_simple-Book-None-Sofa-229/trial_T20190907_042856_259139,5,1,0
alfworld,gemma-3-4b-it,pick_and_place_simple-Book-None-Sofa-229/trial_T20190907_042856_259139,17,1,0
alfworld,gemma-3-4b-it,pick_and_place_simple-Book-None-Sofa-229/trial_T20190907_042856_259139,48,1,0
alfworld,gemma-3-4b-it,pick_and_place_simple-Bowl-None-CoffeeTable-201/trial_T20190907_171639_045329,2,1,0
alfworld,gemma-3-4b-it,pick_and_place_simple-Bowl-None-CoffeeTable-201/trial_T20190907_171639_045329,3,1,0
alfworld,gemma-3-4b-it,pick_and_place_simple-Bowl-None-CoffeeTable-201/trial_T20190907_171639_045329,4,1,0
alfworld,gemma-3-4b-it,pick_and_place_simple-Bowl-None-CoffeeTable-201/trial_T20190907_171639_045329,5,1,0
alfworld,gemma-3-4b-it,pick_and_place_simple-Bowl-None-CoffeeTable-201/trial_T20190907_171639_045329,9,1,0
alfworld,gemma-3-4b-it,pick_and_place_simple-Bowl-None-CoffeeTable-201/trial_T20190907_171639_045329,14,1,0
alfworld,gemma-3-4b-it,pick_and_place_simple-Bowl-None-CoffeeTable-201/trial_T20190907_171639_045329,32,1,0
alfworld,gemma-3-4b-it,pick_and_place_simple-Bowl-None-CoffeeTable-201/trial_T20190907_171639_045329,49,0,1
alfworld,gemma-3-4b-it,pick_and_place_simple-Box-None-Dresser-224/trial_T20190907_164104_229696,1,1,0
alfworld,gemma-3-4b-it,pick_and_place_simple-Box-None-Dresser-224/trial_T20190907_164104_229696,6,0,1
alfworld,gemma-3-4b-it,pick_and_place_simple-Box-None-Dresser-224/trial_T20190907_164104_229696,22,1,0
alfworld,gemma-3-4b-it,pick_and_place_simple-Candle-None-Cart-401/trial_T20190909_081908_677973,4,1,0
alfworld,gemma-3-4b-it,pick_and_place_simple-Candle-None-Cart-401/trial_T20190909_081908_677973,5,0,1
alfworld,gemma-3-4b-it,pick_and_place_simple-Candle-None-Cart-401/trial_T20190909_081908_677973,8,0,1
alfworld,gemma-3-4b-it,pick_and_place_simple-Candle-None-Cart-401/trial_T20190909_081908_677973,17,0,1
alfworld,gemma-3-4b-it,pick_and_place_simple-Candle-None-Cart-401/trial_T20190909_081908_677973,23,1,0
alfworld,gemma-3-4b-it,pick_and_place_simple-Candle-None-Cart-401/trial_T20190909_081908_677973,27,1,0
alfworld,gemma-3-4b-it,pick_and_place_simple-Candle-None-Toilet-407/trial_T20190909_055248_059513,7,1,0
alfworld,gemma-3-4b-it,pick_and_place_simple-Candle-None-Toilet-407/trial_T20190909_055248_059513,34,1,0
alfworld,gemma-3-4b-it,pick_and_place_simple-Candle-None-Toilet-429/trial_T20190908_052232_887934,1,1,0
alfworld,gemma-3-4b-it,pick_and_place_simple-Candle-None-Toilet-429/trial_T20190908_052232_887934,9,1,0
alfworld,gemma-3-4b-it,pick_and_place_simple-Candle-None-Toilet-429/trial_T20190908_052232_887934,12,1,0
alfworld,gemma-3-4b-it,pick_and_place_simple-Candle-None-Toilet-429/trial_T20190908_052232_887934,29,1,0
alfworld,gemma-3-4b-it,pick_and_place_simple-Candle-None-Toilet-429/trial_T20190908_052232_887934,42,1,0
alfworld,gemma-3-4b-it,pick_and_place_simple-CellPhone-None-ArmChair-318/trial_T20190909_120047_968274,1,1,0
alfworld,gemma-3-4b-it,pick_and_place_simple-CellPhone-None-ArmChair-318/trial_T20190909_120047_968274,10,1,0
alfworld,gemma-3-4b-it,pick_and_place_simple-CellPhone-None-ArmChair-318/trial_T20190909_120047_968274,16,0,1
alfworld,gemma-3-4b-it,pick_and_place_simple-CellPhone-None-ArmChair-318/trial_T20190909_120047_968274,21,0,1
alfworld,gemma-3-4b-it,pick_and_place_simple-CellPhone-None-ArmChair-318/trial_T20190909_120047_968274,23,0,1
alfworld,gemma-3-4b-it,pick_and_place_simple-CellPhone-None-ArmChair-318/trial_T20190909_120047_968274,26,1,0
alfworld,gemma-3-4b-it,pick_and_place_simple-CellPhone-None-ArmChair-318/trial_T20190909_120047_968274,27,1,0
alfworld,gemma-3-4b-it,pick_and_place_simple-CellPhone-None-Bed-324/trial_T20190907_233817_198528,2,1,0
alfworld,gemma-3-4b-it,pick_and_place_simple-CellPhone-None-Bed-324/trial_T20190907_233817_198528,24,0,1
alfworld,gemma-3-4b-it,pick_and_place_simple-CreditCard-None-ArmChair-201/trial_T20190908_124340_258012,1,1,0
alfworld,gemma-3-4b-it,pick_and_place_simple-CreditCard-None-ArmChair-201/trial_T20190908_124340_258012,4,1,0
alfworld,gemma-3-4b-it,pick_and_place_simple-CreditCard-None-ArmChair-201/trial_T20190908_124340_258012,15,1,0
alfworld,gemma-3-4b-it,pick_and_place_simple-CreditCard-None-ArmChair-201/trial_T20190908_124340_258012,17,0,1
alfworld,gemma-3-4b-it,pick_and_place_simple-CreditCard-None-ArmChair-201/trial_T20190908_124340_258012,39,0,1
alfworld,gemma-3-4b-it,pick_and_place_simple-CreditCard-None-Drawer-227/trial_T20190909_010644_297017,1,1,0
alfworld,gemma-3-4b-it,pick_and_place_simple-CreditCard-None-Drawer-227/trial_T20190909_010644_297017,2,0,1
alfworld,gemma-3-4b-it,pick_and_place_simple-CreditCard-None-Drawer-227/trial_T20190909_010644_297017,9,0,1
alfworld,gemma-3-4b-it,pick_and_place_simple-CreditCard-None-Drawer-227/trial_T20190909_010644_297017,26,0,1
alfworld,gemma-3-4b-it,pick_and_place_simple-CreditCard-None-Drawer-227/trial_T20190909_010644_297017,30,1,0
alfworld,gemma-3-4b-it,pick_and_place_simple-CreditCard-None-Drawer-227/trial_T20190909_010644_297017,34,1,0
alfworld,gemma-3-4b-it,pick_and_place_simple-CreditCard-None-Drawer-227/trial_T20190909_010644_297017,40,1,0
alfworld,gemma-3-4b-it,pick_and_place_simple-Egg-None-Microwave-4/trial_T20190906_234406_356490,5,1,0
alfworld,gemma-3-4b-it,pick_and_place_simple-Egg-None-Microwave-4/trial_T20190906_234406_356490,7,1,1
alfworld,gemma-3-4b-it,pick_and_place_simple-Egg-None-Microwave-4/trial_T20190906_234406_356490,49,1,0
alfworld,gemma-3-4b-it,pick_and_place_simple-Knife-None-SideTable-3/trial_T20190918_184236_557252,3,1,0
alfworld,gemma-3-4b-it,pick_and_place_simple-Knife-None-SideTable-3/trial_T20190918_184236_557252,6,1,1
alfworld,gemma-3-4b-it,pick_and_place_simple-Knife-None-SideTable-3/trial_T20190918_184236_557252,14,1,0
alfworld,gemma-3-4b-it,pick_and_place_simple-Knife-None-SideTable-3/trial_T20190918_184236_557252,25,1,0
alfworld,gemma-3-4b-it,pick_and_place_simple-Knife-None-SideTable-3/trial_T20190918_184236_557252,43,1,0
alfworld,gemma-3-4b-it,pick_and_place_simple-Mug-None-Dresser-311/trial_T20190909_152837_739016,1,1,0
alfworld,gemma-3-4b-it,pick_and_place_simple-Mug-None-Dresser-311/trial_T20190909_152837_739016,8,1,1
alfworld,gemma-3-4b-it,pick_and_place_simple-Mug-None-Dresser-311/trial_T20190909_152837_739016,10,1,0
alfworld,gemma-3-4b-it,pick_and_place_simple-Mug-None-SideTable-329/trial_T20190909_032318_169393,17,1,0
alfworld,gemma-3-4b-it,pick_and_place_simple-Mug-None-SideTable-329/trial_T20190909_032318_169393,27,1,0
alfworld,gemma-3-4b-it,pick_and_place_simple-Mug-None-SideTable-329/trial_T20190909_032318_169393,29,1,0
alfworld,gemma-3-4b-it,pick_and_place_simple-Mug-None-SideTable-329/trial_T20190909_032318_169393,30,1,0
alfworld,gemma-3-4b-it,pick_and_place_simple-Mug-None-SideTable-329/trial_T20190909_032318_169393,42,1,0
alfworld,gemma-3-4b-it,pick_and_place_simple-Mug-None-SideTable-329/trial_T20190909_032340_274147,1,0,1
alfworld,gemma-3-4b-it,pick_and_place_simple-Mug-None-SideTable-329/trial_T20190909_032340_274147,8,1,1
alfworld,gemma-3-4b-it,pick_and_place_simple-Mug-None-SideTable-329/trial_T20190909_032340_274147,12,1,1
alfworld,gemma-3-4b-it,pick_and_place_simple-Mug-None-SideTable-329/trial_T20190909_032340_274147,15,1,1
alfworld,gemma-3-4b-it,pick_and_place_simple-Mug-None-SideTable-329/trial_T20190909_032340_274147,24,1,0
alfworld,gemma-3-4b-it,pick_and_place_simple-Mug-None-SideTable-329/trial_T20190909_032340_274147,27,0,1
alfworld,gemma-3-4b-it,pick_and_place_simple-Mug-None-SideTable-329/trial_T20190909_032340_274147,30,1,0
alfworld,gemma-3-4b-it,pick_and_place_simple-Mug-None-SideTable-329/trial_T20190909_032340_274147,32,1,0
alfworld,gemma-3-4b-it,pick_and_place_simple-Mug-None-SideTable-329/trial_T20190909_032340_274147,33,1,0
alfworld,gemma-3-4b-it,pick_and_place_simple-Mug-None-SideTable-329/trial_T20190909_032340_274147,45,0,1
alfworld,gemma-3-4b-it,pick_and_place_simple-Newspaper-None-Sofa-224/trial_T20190909_111324_949106,2,1,0
alfworld,gemma-3-4b-it,pick_and_place_simple-Newspaper-None-Sofa-224/trial_T20190909_111324_949106,8,1,0
alfworld,gemma-3-4b-it,pick_and_place_simple-Newspaper-None-Sofa-224/trial_T20190909_111324_949106,23,1,0
alfworld,gemma-3-4b-it,pick_and_place_simple-Newspaper-None-Sofa-224/trial_T20190909_111324_949106,42,1,0
alfworld,gemma-3-4b-it,pick_and_place_simple-Pencil-None-Desk-310/trial_T20190909_113054_894334,3,1,0
alfworld,gemma-3-4b-it,pick_and_place_simple-Pencil-None-Desk-310/trial_T20190909_113054_894334,4,1,1
alfworld,gemma-3-4b-it,pick_and_place_simple-Pencil-None-Desk-310/trial_T20190909_113054_894334,28,1,0
alfworld,gemma-3-4b-it,pick_and_place_simple-Pencil-None-Desk-310/trial_T20190909_113054_894334,40,1,0
alfworld,gemma-3-4b-it,pick_and_place_simple-Pencil-None-Dresser-330/trial_T20190909_071128_012892,1,1,0
alfworld,gemma-3-4b-it,pick_and_place_simple-Pencil-None-Dresser-330/trial_T20190909_071128_012892,25,1,0
alfworld,gemma-3-4b-it,pick_and_place_simple-Pencil-None-Dresser-330/trial_T20190909_071128_012892,33,0,1
alfworld,gemma-3-4b-it,pick_and_place_simple-RemoteControl-None-ArmChair-230/trial_T20190909_021000_274398,1,1,1
alfworld,gemma-3-4b-it,pick_and_place_simple-RemoteControl-None-ArmChair-230/trial_T20190909_021000_274398,2,1,0
alfworld,gemma-3-4b-it,pick_and_place_simple-RemoteControl-None-ArmChair-230/trial_T20190909_021000_274398,3,1,0
alfworld,gemma-3-4b-it,pick_and_place_simple-RemoteControl-None-ArmChair-230/trial_T20190909_021000_274398,4,0,1
alfworld,gemma-3-4b-it,pick_and_place_simple-RemoteControl-None-ArmChair-230/trial_T20190909_021000_274398,7,1,0
alfworld,gemma-3-4b-it,pick_and_place_simple-RemoteControl-None-ArmChair-230/trial_T20190909_021000_274398,12,0,1
alfworld,gemma-3-4b-it,pick_and_place_simple-RemoteControl-None-ArmChair-230/trial_T20190909_021000_274398,23,1,0
alfworld,gemma-3-4b-it,pick_and_place_simple-RemoteControl-None-Sofa-207/trial_T20190909_153609_373481,9,1,1
alfworld,gemma-3-4b-it,pick_and_place_simple-RemoteControl-None-Sofa-207/trial_T20190909_153609_373481,11,1,0
alfworld,gemma-3-4b-it,pick_and_place_simple-RemoteControl-None-Sofa-207/trial_T20190909_153609_373481,13,1,1
alfworld,gemma-3-4b-it,pick_and_place_simple-RemoteControl-None-Sofa-207/trial_T20190909_153609_373481,15,1,0
alfworld,gemma-3-4b-it,pick_and_place_simple-RemoteControl-None-Sofa-207/trial_T20190909_153609_373481,31,1,0
alfworld,gemma-3-4b-it,pick_and_place_simple-RemoteControl-None-Sofa-207/trial_T20190909_153609_373481,35,1,0
alfworld,gemma-3-4b-it,pick_and_place_simple-RemoteControl-None-Sofa-207/trial_T20190909_153609_373481,39,1,0
alfworld,gemma-3-4b-it,pick_and_place_simple-RemoteControl-None-Sofa-207/trial_T20190909_153609_373481,44,0,1
alfworld,gemma-3-4b-it,pick_and_place_simple-SoapBar-None-Cart-401/trial_T20190907_054906_608944,2,1,0
alfworld,gemma-3-4b-it,pick_and_place_simple-SoapBar-None-Cart-401/trial_T20190907_054906_608944,3,1,0
alfworld,gemma-3-4b-it,pick_and_place_simple-SoapBar-None-Cart-401/trial_T20190907_054906_608944,14,1,0
alfworld,gemma-3-4b-it,pick_and_place_simple-SoapBar-None-Cart-401/trial_T20190907_054906_608944,16,0,1
alfworld,gemma-3-4b-it,pick_and_place_simple-SoapBar-None-Cart-401/trial_T20190907_054906_608944,25,0,1
alfworld,gemma-3-4b-it,pick_and_place_simple-SoapBottle-None-Cabinet-414/trial_T20190908_110131_524518,10,1,0
alfworld,gemma-3-4b-it,pick_and_place_simple-SoapBottle-None-Cabinet-414/trial_T20190908_110131_524518,35,1,0
alfworld,gemma-3-4b-it,pick_and_place_simple-SoapBottle-None-Cabinet-414/trial_T20190908_110131_524518,39,0,1
alfworld,gemma-3-4b-it,pick_and_place_simple-SoapBottle-None-Cabinet-414/trial_T20190908_110131_524518,46,1,0
alfworld,gemma-3-4b-it,pick_and_place_simple-SoapBottle-None-CounterTop-417/trial_T20190910_112922_368384,3,1,0
alfworld,gemma-3-4b-it,pick_and_place_simple-SoapBottle-None-CounterTop-417/trial_T20190910_112922_368384,6,1,0
alfworld,gemma-3-4b-it,pick_and_place_simple-SoapBottle-None-CounterTop-417/trial_T20190910_112922_368384,8,1,0
alfworld,gemma-3-4b-it,pick_and_place_simple-SoapBottle-None-CounterTop-417/trial_T20190910_112922_368384,16,1,0
alfworld,gemma-3-4b-it,pick_and_place_simple-SoapBottle-None-CounterTop-417/trial_T20190910_112922_368384,24,1,0
alfworld,gemma-3-4b-it,pick_and_place_simple-SoapBottle-None-CounterTop-417/trial_T20190910_112922_368384,26,1,0
alfworld,gemma-3-4b-it,pick_and_place_simple-SoapBottle-None-CounterTop-417/trial_T20190910_112922_368384,32,1,0
alfworld,gemma-3-4b-it,pick_and_place_simple-SprayBottle-None-Cabinet-413/trial_T20190907_114931_692464,8,0,1
alfworld,gemma-3-4b-it,pick_and_place_simple-SprayBottle-None-Cabinet-413/trial_T20190907_114931_692464,10,1,0
alfworld,gemma-3-4b-it,pick_and_place_simple-SprayBottle-None-Cabinet-413/trial_T20190907_114931_692464,13,0,1
alfworld,gemma-3-4b-it,pick_and_place_simple-SprayBottle-None-Cabinet-413/trial_T20190907_114931_692464,17,1,0
alfworld,gemma-3-4b-it,pick_and_place_simple-SprayBottle-None-Cabinet-413/trial_T20190907_114931_692464,43,0,1
alfworld,gemma-3-4b-it,pick_and_place_simple-SprayBottle-None-GarbageCan-409/trial_T20190908_054742_818364,8,1,0
alfworld,gemma-3-4b-it,pick_and_place_simple-SprayBottle-None-GarbageCan-409/trial_T20190908_054742_818364,10,1,0
alfworld,gemma-3-4b-it,pick_and_place_simple-SprayBottle-None-GarbageCan-409/trial_T20190908_054742_818364,28,1,0
alfworld,gemma-3-4b-it,pick_and_place_simple-SprayBottle-None-GarbageCan-409/trial_T20190908_054742_818364,36,1,0
alfworld,gemma-3-4b-it,pick_and_place_simple-SprayBottle-None-GarbageCan-409/trial_T20190908_054742_818364,42,1,0
alfworld,gemma-3-4b-it,pick_and_place_simple-SprayBottle-None-GarbageCan-409/trial_T20190908_054742_818364,48,1,0
alfworld,gemma-3-4b-it,pick_and_place_simple-SprayBottle-None-Toilet-415/trial_T20190909_075955_678702,3,0,1
alfworld,gemma-3-4b-it,pick_and_place_simple-SprayBottle-None-Toilet-415/trial_T20190909_075955_678702,4,1,0
alfworld,gemma-3-4b-it,pick_and_place_simple-SprayBottle-None-Toilet-415/trial_T20190909_075955_678702,10,1,0
alfworld,gemma-3-4b-it,pick_and_place_simple-SprayBottle-None-Toilet-415/trial_T20190909_075955_678702,14,1,0
alfworld,gemma-3-4b-it,pick_and_place_simple-SprayBottle-None-Toilet-415/trial_T20190909_075955_678702,26,0,1
alfworld,gemma-3-4b-it,pick_and_place_simple-SprayBottle-None-Toilet-415/trial_T20190909_075955_678702,27,0,1
alfworld,gemma-3-4b-it,pick_and_place_simple-SprayBottle-None-Toilet-415/trial_T20190909_075955_678702,31,1,0
alfworld,gemma-3-4b-it,pick_and_place_simple-SprayBottle-None-Toilet-415/trial_T20190909_075955_678702,39,1,0
alfworld,gemma-3-4b-it,pick_and_place_simple-SprayBottle-None-Toilet-415/trial_T20190909_075955_678702,45,1,0
alfworld,gemma-3-4b-it,pick_and_place_simple-SprayBottle-None-Toilet-418/trial_T20190906_190942_706186,4,0,1
alfworld,gemma-3-4b-it,pick_and_place_simple-SprayBottle-None-Toilet-418/trial_T20190906_190942_706186,5,1,0
alfworld,gemma-3-4b-it,pick_and_place_simple-SprayBottle-None-Toilet-418/trial_T20190906_190942_706186,8,1,0
alfworld,gemma-3-4b-it,pick_and_place_simple-SprayBottle-None-Toilet-418/trial_T20190906_190942_706186,9,0,1
alfworld,gemma-3-4b-it,pick_and_place_simple-SprayBottle-None-Toilet-418/trial_T20190906_190942_706186,21,1,0
alfworld,gemma-3-4b-it,pick_and_place_simple-TissueBox-None-Toilet-426/trial_T20190910_155319_795672,1,0,1
alfworld,gemma-3-4b-it,pick_and_place_simple-TissueBox-None-Toilet-426/trial_T20190910_155319_795672,11,1,0
alfworld,gemma-3-4b-it,pick_and_place_simple-TissueBox-None-Toilet-426/trial_T20190910_155319_795672,12,1,0
alfworld,gemma-3-4b-it,pick_and_place_simple-TissueBox-None-Toilet-426/trial_T20190910_155319_795672,15,1,0
alfworld,gemma-3-4b-it,pick_and_place_simple-TissueBox-None-Toilet-426/trial_T20190910_155319_795672,25,1,0
alfworld,gemma-3-4b-it,pick_and_place_simple-TissueBox-None-Toilet-426/trial_T20190910_155319_795672,47,1,0
alfworld,gemma-3-4b-it,pick_and_place_simple-TissueBox-None-Toilet-426/trial_T20190910_155319_795672,48,0,1
alfworld,gemma-3-4b-it,pick_and_place_simple-ToiletPaper-None-ToiletPaperHanger-406/trial_T20190908_122858_883968,1,0,1
alfworld,gemma-3-4b-it,pick_and_place_simple-ToiletPaper-None-ToiletPaperHanger-406/trial_T20190908_122858_883968,3,1,0
alfworld,gemma-3-4b-it,pick_and_place_simple-ToiletPaper-None-ToiletPaperHanger-406/trial_T20190908_122858_883968,7,0,1
alfworld,gemma-3-4b-it,pick_and_place_simple-ToiletPaper-None-ToiletPaperHanger-406/trial_T20190908_122858_883968,8,1,0
alfworld,gemma-3-4b-it,pick_and_place_simple-ToiletPaper-None-ToiletPaperHanger-406/trial_T20190908_122858_883968,12,1,0
alfworld,gemma-3-4b-it,pick_and_place_simple-ToiletPaper-None-ToiletPaperHanger-415/trial_T20190908_050518_595510,10,1,0
alfworld,gemma-3-4b-it,pick_and_place_simple-ToiletPaper-None-ToiletPaperHanger-415/trial_T20190908_050518_595510,11,1,0
alfworld,gemma-3-4b-it,pick_and_place_simple-ToiletPaper-None-ToiletPaperHanger-415/trial_T20190908_050518_595510,17,1,0
alfworld,gemma-3-4b-it,pick_and_place_simple-ToiletPaper-None-ToiletPaperHanger-415/trial_T20190908_050518_595510,26,1,0
alfworld,gemma-3-4b-it,pick_and_place_simple-Tomato-None-Microwave-13/trial_T20190908_124829_632660,1,1,0
alfworld,gemma-3-4b-it,pick_and_place_simple-Tomato-None-Microwave-13/trial_T20190908_124829_632660,11,1,0
alfworld,gemma-3-4b-it,pick_and_place_simple-Tomato-None-Microwave-13/trial_T20190908_124829_632660,20,1,0
alfworld,gemma-3-4b-it,pick_and_place_simple-Tomato-None-Microwave-13/trial_T20190908_124829_632660,35,1,0
alfworld,gemma-3-4b-it,pick_and_place_simple-Tomato-None-Microwave-13/trial_T20190908_124829_632660,37,1,0
alfworld,gemma-3-4b-it,pick_and_place_simple-Vase-None-CoffeeTable-207/trial_T20190909_091246_807206,1,0,1
alfworld,gemma-3-4b-it,pick_and_place_simple-Vase-None-CoffeeTable-207/trial_T20190909_091246_807206,2,1,0
alfworld,gemma-3-4b-it,pick_and_place_simple-Vase-None-CoffeeTable-207/trial_T20190909_091246_807206,3,1,0
alfworld,gemma-3-4b-it,pick_and_place_simple-Watch-None-SideTable-222/trial_T20190909_051813_197569,2,1,0
alfworld,gemma-3-4b-it,pick_and_place_simple-Watch-None-SideTable-222/trial_T20190909_051813_197569,10,1,1
alfworld,gemma-3-4b-it,pick_and_place_simple-Watch-None-SideTable-222/trial_T20190909_051813_197569,17,1,0
alfworld,gemma-3-4b-it,pick_and_place_simple-WineBottle-None-Shelf-7/trial_T20190907_200154_378982,1,1,1
alfworld,gemma-3-4b-it,pick_and_place_simple-WineBottle-None-Shelf-7/trial_T20190907_200154_378982,2,1,0
alfworld,gemma-3-4b-it,pick_and_place_simple-WineBottle-None-Shelf-7/trial_T20190907_200154_378982,7,1,0
alfworld,gemma-3-4b-it,pick_and_place_simple-WineBottle-None-Shelf-7/trial_T20190907_200154_378982,14,0,1
alfworld,gemma-3-4b-it,pick_and_place_simple-WineBottle-None-Shelf-7/trial_T20190907_200154_378982,20,0,1
alfworld,gemma-3-4b-it,pick_and_place_simple-WineBottle-None-Shelf-7/trial_T20190907_200154_378982,24,1,0
alfworld,gemma-3-4b-it,pick_and_place_simple-WineBottle-None-Shelf-7/trial_T20190907_200154_378982,27,0,1
alfworld,gemma-3-4b-it,pick_and_place_simple-WineBottle-None-Shelf-7/trial_T20190907_200154_378982,36,1,0
alfworld,gemma-3-4b-it,pick_clean_then_place_in_recep-ButterKnife-None-CounterTop-8/trial_T20190909_105559_983897,1,1,1
alfworld,gemma-3-4b-it,pick_clean_then_place_in_recep-ButterKnife-None-CounterTop-8/trial_T20190909_105559_983897,3,1,0
alfworld,gemma-3-4b-it,pick_clean_then_place_in_recep-ButterKnife-None-CounterTop-8/trial_T20190909_105559_983897,35,0,1
alfworld,gemma-3-4b-it,pick_clean_then_place_in_recep-ButterKnife-None-CounterTop-8/trial_T20190909_105559_983897,44,1,0
alfworld,gemma-3-4b-it,pick_clean_then_place_in_recep-ButterKnife-None-DiningTable-16/trial_T20190909_114508_617301,1,1,0
alfworld,gemma-3-4b-it,pick_clean_then_place_in_recep-ButterKnife-None-DiningTable-16/trial_T20190909_114508_617301,3,1,0
alfworld,gemma-3-4b-it,pick_clean_then_place_in_recep-ButterKnife-None-DiningTable-16/trial_T20190909_114508_617301,26,1,0
alfworld,gemma-3-4b-it,pick_clean_then_place_in_recep-ButterKnife-None-Drawer-2/trial_T20190908_121728_511866,1,1,0
alfworld,gemma-3-4b-it,pick_clean_then_place_in_recep-ButterKnife-None-Drawer-2/trial_T20190908_121728_511866,2,1,0
alfworld,gemma-3-4b-it,pick_clean_then_place_in_recep-ButterKnife-None-Drawer-2/trial_T20190908_121728_511866,3,1,0
alfworld,gemma-3-4b-it,pick_clean_then_place_in_recep-ButterKnife-None-Drawer-2/trial_T20190908_121728_511866,6,1,0
alfworld,gemma-3-4b-it,pick_clean_then_place_in_recep-ButterKnife-None-Drawer-2/trial_T20190908_121728_511866,8,1,0
alfworld,gemma-3-4b-it,pick_clean_then_place_in_recep-ButterKnife-None-Drawer-2/trial_T20190908_121728_511866,11,1,0
alfworld,gemma-3-4b-it,pick_clean_then_place_in_recep-ButterKnife-None-Drawer-2/trial_T20190908_121728_511866,16,1,0
alfworld,gemma-3-4b-it,pick_clean_then_place_in_recep-ButterKnife-None-Drawer-30/trial_T20190908_052007_212776,5,0,1
alfworld,gemma-3-4b-it,pick_clean_then_place_in_recep-ButterKnife-None-Drawer-30/trial_T20190908_052007_212776,17,1,0
alfworld,gemma-3-4b-it,pick_clean_then_place_in_recep-ButterKnife-None-Drawer-30/trial_T20190908_052007_212776,41,1,0
alfworld,gemma-3-4b-it,pick_clean_then_place_in_recep-ButterKnife-None-Drawer-30/trial_T20190908_052007_212776,44,1,1
alfworld,gemma-3-4b-it,pick_clean_then_place_in_recep-ButterKnife-None-Drawer-8/trial_T20190909_124425_112757,1,0,1
alfworld,gemma-3-4b-it,pick_clean_then_place_in_recep-ButterKnife-None-Drawer-8/trial_T20190909_124425_112757,6,1,0
alfworld,gemma-3-4b-it,pick_clean_then_place_in_recep-ButterKnife-None-Drawer-8/trial_T20190909_124425_112757,7,0,1
alfworld,gemma-3-4b-it,pick_clean_then_place_in_recep-ButterKnife-None-Drawer-8/trial_T20190909_124425_112757,12,1,0
alfworld,gemma-3-4b-it,pick_clean_then_place_in_recep-ButterKnife-None-Drawer-8/trial_T20190909_124425_112757,31,0,1
alfworld,gemma-3-4b-it,pick_clean_then_place_in_recep-Cloth-None-Cabinet-405/trial_T20190907_080903_889497,2,0,1
alfworld,gemma-3-4b-it,pick_clean_then_place_in_recep-Cloth-None-Cabinet-405/trial_T20190907_080903_889497,15,1,0
alfworld,gemma-3-4b-it,pick_clean_then_place_in_recep-Cloth-None-Cabinet-405/trial_T20190907_080903_889497,27,1,0
alfworld,gemma-3-4b-it,pick_clean_then_place_in_recep-Cloth-None-Cabinet-405/trial_T20190907_080903_889497,37,0,1
alfworld,gemma-3-4b-it,pick_clean_then_place_in_recep-Cloth-None-Cabinet-405/trial_T20190907_080903_889497,47,0,1
alfworld,gemma-3-4b-it,pick_clean_then_place_in_recep-Cloth-None-Drawer-423/trial_T20190908_140701_251653,6,1,0
alfworld,gemma-3-4b-it,pick_clean_then_place_in_recep-DishSponge-None-Cart-401/trial_T20190907_024634_972453,2,1,0
alfworld,gemma-3-4b-it,pick_clean_then_place_in_recep-DishSponge-None-Cart-401/trial_T20190907_024634_972453,3,1,0
alfworld,gemma-3-4b-it,pick_clean_then_place_in_recep-DishSponge-None-Cart-401/trial_T20190907_024634_972453,5,1,0
alfworld,gemma-3-4b-it,pick_clean_then_place_in_recep-DishSponge-None-Cart-401/trial_T20190907_024634_972453,7,1,0
alfworld,gemma-3-4b-it,pick_clean_then_place_in_recep-DishSponge-None-Cart-401/trial_T20190907_024634_972453,9,1,1
alfworld,gemma-3-4b-it,pick_clean_then_place_in_recep-DishSponge-None-Cart-401/trial_T20190907_024634_972453,11,1,0
alfworld,gemma-3-4b-it,pick_clean_then_place_in_recep-DishSponge-None-Cart-401/trial_T20190907_024634_972453,22,1,0
alfworld,gemma-3-4b-it,pick_clean_then_place_in_recep-DishSponge-None-Cart-401/trial_T20190907_024634_972453,42,1,0
alfworld,gemma-3-4b-it,pick_clean_then_place_in_recep-DishSponge-None-CounterTop-403/trial_T20190908_144357_621068,12,1,0
alfworld,gemma-3-4b-it,pick_clean_then_place_in_recep-Fork-None-CounterTop-23/trial_T20190908_233922_171295,5,1,0
alfworld,gemma-3-4b-it,pick_clean_then_place_in_recep-Fork-None-CounterTop-23/trial_T20190908_233922_171295,10,1,0
alfworld,gemma-3-4b-it,pick_clean_then_place_in_recep-Fork-None-CounterTop-23/trial_T20190908_233922_171295,11,1,0
alfworld,gemma-3-4b-it,pick_clean_then_place_in_recep-Fork-None-CounterTop-23/trial_T20190908_233922_171295,12,0,1
alfworld,gemma-3-4b-it,pick_clean_then_place_in_recep-Fork-None-CounterTop-23/trial_T20190908_233922_171295,13,1,0
alfworld,gemma-3-4b-it,pick_clean_then_place_in_recep-Fork-None-CounterTop-23/trial_T20190908_233922_171295,17,1,0
alfworld,gemma-3-4b-it,pick_clean_then_place_in_recep-Fork-None-CounterTop-23/trial_T20190908_233922_171295,26,0,1
alfworld,gemma-3-4b-it,pick_clean_then_place_in_recep-Fork-None-CounterTop-23/trial_T20190908_233922_171295,30,1,0
alfworld,gemma-3-4b-it,pick_clean_then_place_in_recep-Fork-None-Drawer-8/trial_T20190908_132152_999725,1,1,0
alfworld,gemma-3-4b-it,pick_clean_then_place_in_recep-Fork-None-Drawer-8/trial_T20190908_132152_999725,3,0,1
alfworld,gemma-3-4b-it,pick_clean_then_place_in_recep-Fork-None-Drawer-8/trial_T20190908_132152_999725,6,1,0
alfworld,gemma-3-4b-it,pick_clean_then_place_in_recep-Fork-None-Drawer-8/trial_T20190908_132152_999725,8,0,1
alfworld,gemma-3-4b-it,pick_clean_then_place_in_recep-Fork-None-Drawer-8/trial_T20190908_132152_999725,9,1,0
alfworld,gemma-3-4b-it,pick_clean_then_place_in_recep-Fork-None-Drawer-8/trial_T20190908_132152_999725,16,1,0
alfworld,gemma-3-4b-it,pick_clean_then_place_in_recep-Fork-None-Drawer-8/trial_T20190908_132152_999725,18,1,0
alfworld,gemma-3-4b-it,pick_clean_then_place_in_recep-Fork-None-Drawer-8/trial_T20190908_132152_999725,19,1,0
alfworld,gemma-3-4b-it,pick_clean_then_place_in_recep-Ladle-None-CounterTop-14/trial_T20190909_113844_191747,1,0,1
alfworld,gemma-3-4b-it,pick_clean_then_place_in_recep-Ladle-None-CounterTop-14/trial_T20190909_113844_191747,6,0,1
alfworld,gemma-3-4b-it,pick_clean_then_place_in_recep-Ladle-None-CounterTop-14/trial_T20190909_113844_191747,9,1,0
alfworld,gemma-3-4b-it,pick_clean_then_place_in_recep-Ladle-None-CounterTop-14/trial_T20190909_113844_191747,14,1,0
alfworld,gemma-3-4b-it,pick_clean_then_place_in_recep-Ladle-None-CounterTop-14/trial_T20190909_113844_191747,18,0,1
alfworld,gemma-3-4b-it,pick_clean_then_place_in_recep-Ladle-None-CounterTop-14/trial_T20190909_113844_191747,23,1,0
alfworld,gemma-3-4b-it,pick_clean_then_place_in_recep-Ladle-None-CounterTop-8/trial_T20190909_121908_219603,1,1,0
alfworld,gemma-3-4b-it,pick_clean_then_place_in_recep-Ladle-None-CounterTop-8/trial_T20190909_121908_219603,2,1,0
alfworld,gemma-3-4b-it,pick_clean_then_place_in_recep-Ladle-None-CounterTop-8/trial_T20190909_121908_219603,8,1,0
alfworld,gemma-3-4b-it,pick_clean_then_place_in_recep-Ladle-None-CounterTop-8/trial_T20190909_121908_219603,12,1,0
alfworld,gemma-3-4b-it,pick_clean_then_place_in_recep-Ladle-None-CounterTop-8/trial_T20190909_121908_219603,19,1,0
alfworld,gemma-3-4b-it,pick_clean_then_place_in_recep-Ladle-None-CounterTop-8/trial_T20190909_121908_219603,29,1,0
alfworld,gemma-3-4b-it,pick_clean_then_place_in_recep-Ladle-None-CounterTop-8/trial_T20190909_121908_219603,43,0,1
alfworld,gemma-3-4b-it,pick_clean_then_place_in_recep-Ladle-None-DiningTable-16/trial_T20190909_183724_205399,2,0,1
alfworld,gemma-3-4b-it,pick_clean_then_place_in_recep-Ladle-None-DiningTable-16/trial_T20190909_183724_205399,33,1,0
alfworld,gemma-3-4b-it,pick_clean_then_place_in_recep-Ladle-None-DiningTable-27/trial_T20190911_131350_027076,1,1,0
alfworld,gemma-3-4b-it,pick_clean_then_place_in_recep-Ladle-None-DiningTable-27/trial_T20190911_131350_027076,3,1,0
alfworld,gemma-3-4b-it,pick_clean_then_place_in_recep-Ladle-None-DiningTable-27/trial_T20190911_131350_027076,33,0,1
alfworld,gemma-3-4b-it,pick_clean_then_place_in_recep-Ladle-None-DiningTable-4/trial_T20190909_164840_568811,4,0,1
alfworld,gemma-3-4b-it,pick_clean_then_place_in_recep-Ladle-None-DiningTable-4/trial_T20190909_164840_568811,8,0,1
alfworld,gemma-3-4b-it,pick_clean_then_place_in_recep-Lettuce-None-CounterTop-16/trial_T20190909_051630_092360,1,1,0
alfworld,gemma-3-4b-it,pick_clean_then_place_in_recep-Lettuce-None-CounterTop-16/trial_T20190909_051630_092360,2,1,0
alfworld,gemma-3-4b-it,pick_clean_then_place_in_recep-Lettuce-None-CounterTop-16/trial_T20190909_051630_092360,5,1,0
alfworld,gemma-3-4b-it,pick_clean_then_place_in_recep-Lettuce-None-CounterTop-16/trial_T20190909_051630_092360,7,1,0
alfworld,gemma-3-4b-it,pick_clean_then_place_in_recep-Lettuce-None-CounterTop-16/trial_T20190909_051630_092360,8,1,0
alfworld,gemma-3-4b-it,pick_clean_then_place_in_recep-Lettuce-None-CounterTop-16/trial_T20190909_051630_092360,14,1,0
alfworld,gemma-3-4b-it,pick_clean_then_place_in_recep-Lettuce-None-CounterTop-16/trial_T20190909_051630_092360,16,0,1
alfworld,gemma-3-4b-it,pick_clean_then_place_in_recep-Lettuce-None-CounterTop-16/trial_T20190909_051630_092360,22,1,0
alfworld,gemma-3-4b-it,pick_clean_then_place_in_recep-Lettuce-None-CounterTop-16/trial_T20190909_051630_092360,32,1,0
alfworld,gemma-3-4b-it,pick_clean_then_place_in_recep-Lettuce-None-Fridge-19/trial_T20190908_100138_446072,1,1,0
alfworld,gemma-3-4b-it,pick_clean_then_place_in_recep-Lettuce-None-Fridge-19/trial_T20190908_100138_446072,13,1,1
alfworld,gemma-3-4b-it,pick_clean_then_place_in_recep-Lettuce-None-Fridge-19/trial_T20190908_100138_446072,18,1,0
alfworld,gemma-3-4b-it,pick_clean_then_place_in_recep-Lettuce-None-Fridge-19/trial_T20190908_100138_446072,23,1,0
alfworld,gemma-3-4b-it,pick_clean_then_place_in_recep-Lettuce-None-Fridge-19/trial_T20190908_100138_446072,26,1,0
alfworld,gemma-3-4b-it,pick_clean_then_place_in_recep-Lettuce-None-Fridge-19/trial_T20190908_100138_446072,41,1,0
alfworld,gemma-3-4b-it,pick_clean_then_place_in_recep-Mug-None-CoffeeMachine-26/trial_T20190907_233056_022802,1,1,0
alfworld,gemma-3-4b-it,pick_clean_then_place_in_recep-Mug-None-CoffeeMachine-26/trial_T20190907_233056_022802,5,1,0
alfworld,gemma-3-4b-it,pick_clean_then_place_in_recep-Mug-None-CoffeeMachine-26/trial_T20190907_233056_022802,6,0,1
alfworld,gemma-3-4b-it,pick_clean_then_place_in_recep-Mug-None-CoffeeMachine-26/trial_T20190907_233056_022802,9,1,0
alfworld,gemma-3-4b-it,pick_clean_then_place_in_recep-Mug-None-CoffeeMachine-26/trial_T20190907_233056_022802,12,1,0
alfworld,gemma-3-4b-it,pick_clean_then_place_in_recep-Mug-None-CoffeeMachine-26/trial_T20190907_233056_022802,27,1,0
alfworld,gemma-3-4b-it,pick_clean_then_place_in_recep-Plate-None-CounterTop-19/trial_T20190908_212725_836398,1,1,0
alfworld,gemma-3-4b-it,pick_clean_then_place_in_recep-Plate-None-CounterTop-19/trial_T20190908_212725_836398,6,0,1
alfworld,gemma-3-4b-it,pick_clean_then_place_in_recep-Plate-None-CounterTop-19/trial_T20190908_212725_836398,10,1,0
alfworld,gemma-3-4b-it,pick_clean_then_place_in_recep-Plate-None-CounterTop-19/trial_T20190908_212725_836398,43,1,0
alfworld,gemma-3-4b-it,pick_clean_then_place_in_recep-Plate-None-CounterTop-19/trial_T20190908_212725_836398,45,1,0
alfworld,gemma-3-4b-it,pick_clean_then_place_in_recep-Plate-None-CounterTop-19/trial_T20190908_212725_836398,47,1,0
alfworld,gemma-3-4b-it,pick_clean_then_place_in_recep-Plate-None-Fridge-5/trial_T20190909_112854_740612,7,1,0
alfworld,gemma-3-4b-it,pick_clean_then_place_in_recep-SoapBar-None-Cabinet-402/trial_T20190908_055221_984342,1,0,1
alfworld,gemma-3-4b-it,pick_clean_then_place_in_recep-SoapBar-None-Cabinet-402/trial_T20190908_055221_984342,2,1,0
alfworld,gemma-3-4b-it,pick_clean_then_place_in_recep-SoapBar-None-Cabinet-402/trial_T20190908_055221_984342,4,1,1
alfworld,gemma-3-4b-it,pick_clean_then_place_in_recep-SoapBar-None-Cabinet-402/trial_T20190908_055221_984342,6,1,0
alfworld,gemma-3-4b-it,pick_clean_then_place_in_recep-SoapBar-None-Cabinet-402/trial_T20190908_055221_984342,20,1,0
alfworld,gemma-3-4b-it,pick_clean_then_place_in_recep-SoapBar-None-Cabinet-402/trial_T20190908_055221_984342,33,0,1
alfworld,gemma-3-4b-it,pick_clean_then_place_in_recep-SoapBar-None-Cabinet-402/trial_T20190908_055221_984342,34,1,0
alfworld,gemma-3-4b-it,pick_clean_then_place_in_recep-SoapBar-None-Cabinet-402/trial_T20190908_055221_984342,45,1,0
alfworld,gemma-3-4b-it,pick_clean_then_place_in_recep-SoapBar-None-Cabinet-402/trial_T20190908_055221_984342,47,1,0
alfworld,gemma-3-4b-it,pick_clean_then_place_in_recep-SoapBar-None-Cabinet-402/trial_T20190908_055221_984342,48,1,0
alfworld,gemma-3-4b-it,pick_clean_then_place_in_recep-SoapBar-None-Drawer-423/trial_T20190906_202340_749336,2,0,1
alfworld,gemma-3-4b-it,pick_clean_then_place_in_recep-SoapBar-None-Drawer-423/trial_T20190906_202340_749336,18,1,1
alfworld,gemma-3-4b-it,pick_clean_then_place_in_recep-SoapBar-None-Drawer-423/trial_T20190906_202340_749336,34,1,0
alfworld,gemma-3-4b-it,pick_clean_then_place_in_recep-SoapBar-None-Toilet-410/trial_T20190906_201106_979461,1,1,0
alfworld,gemma-3-4b-it,pick_clean_then_place_in_recep-SoapBar-None-Toilet-410/trial_T20190906_201106_979461,4,1,0
alfworld,gemma-3-4b-it,pick_clean_then_place_in_recep-SoapBar-None-Toilet-410/trial_T20190906_201106_979461,8,1,0
alfworld,gemma-3-4b-it,pick_clean_then_place_in_recep-SoapBar-None-Toilet-410/trial_T20190906_201106_979461,12,1,0
alfworld,gemma-3-4b-it,pick_clean_then_place_in_recep-SoapBar-None-Toilet-410/trial_T20190906_201106_979461,15,1,0
alfworld,gemma-3-4b-it,pick_clean_then_place_in_recep-SoapBar-None-Toilet-410/trial_T20190906_201106_979461,47,1,0
alfworld,gemma-3-4b-it,pick_clean_then_place_in_recep-SoapBar-None-Toilet-428/trial_T20190907_041436_588106,2,1,0
alfworld,gemma-3-4b-it,pick_clean_then_place_in_recep-SoapBar-None-Toilet-428/trial_T20190907_041436_588106,3,1,0
alfworld,gemma-3-4b-it,pick_clean_then_place_in_recep-SoapBar-None-Toilet-428/trial_T20190907_041436_588106,16,0,1
alfworld,gemma-3-4b-it,pick_clean_then_place_in_recep-SoapBar-None-Toilet-428/trial_T20190907_041436_588106,36,0,1
alfworld,gemma-3-4b-it,pick_clean_then_place_in_recep-Spatula-None-DiningTable-4/trial_T20190909_002804_564168,2,1,0
alfworld,gemma-3-4b-it,pick_clean_then_place_in_recep-Spatula-None-DiningTable-4/trial_T20190909_002804_564168,14,1,0
alfworld,gemma-3-4b-it,pick_clean_then_place_in_recep-Spatula-None-DiningTable-4/trial_T20190909_002804_564168,16,1,0
alfworld,gemma-3-4b-it,pick_clean_then_place_in_recep-Spatula-None-DiningTable-4/trial_T20190909_002804_564168,39,1,0
alfworld,gemma-3-4b-it,pick_clean_then_place_in_recep-Spatula-None-DiningTable-4/trial_T20190909_002804_564168,43,1,0
alfworld,gemma-3-4b-it,pick_clean_then_place_in_recep-Tomato-None-CounterTop-25/trial_T20190909_012550_586494,32,0,1
alfworld,gemma-3-4b-it,pick_clean_then_place_in_recep-Tomato-None-CounterTop-25/trial_T20190909_012550_586494,39,1,0
alfworld,gemma-3-4b-it,pick_cool_then_place_in_recep-Apple-None-CounterTop-14/trial_T20190909_044933_815840,2,0,1
alfworld,gemma-3-4b-it,pick_cool_then_place_in_recep-Apple-None-CounterTop-14/trial_T20190909_044933_815840,5,1,0
alfworld,gemma-3-4b-it,pick_cool_then_place_in_recep-Apple-None-CounterTop-14/trial_T20190909_044933_815840,7,1,0
alfworld,gemma-3-4b-it,pick_cool_then_place_in_recep-Apple-None-CounterTop-14/trial_T20190909_044933_815840,8,1,1
alfworld,gemma-3-4b-it,pick_cool_then_place_in_recep-Apple-None-CounterTop-14/trial_T20190909_044933_815840,9,1,0
alfworld,gemma-3-4b-it,pick_cool_then_place_in_recep-Apple-None-CounterTop-14/trial_T20190909_044933_815840,18,0,1
alfworld,gemma-3-4b-it,pick_cool_then_place_in_recep-Apple-None-CounterTop-14/trial_T20190909_044933_815840,32,1,0
alfworld,gemma-3-4b-it,pick_cool_then_place_in_recep-Apple-None-GarbageCan-2/trial_T20190906_195943_081289,37,1,0
alfworld,gemma-3-4b-it,pick_cool_then_place_in_recep-Apple-None-Microwave-19/trial_T20190906_210937_878489,2,1,1
alfworld,gemma-3-4b-it,pick_cool_then_place_in_recep-Apple-None-Microwave-19/trial_T20190906_210937_878489,3,1,0
alfworld,gemma-3-4b-it,pick_cool_then_place_in_recep-Apple-None-Microwave-19/trial_T20190906_210937_878489,5,1,0
alfworld,gemma-3-4b-it,pick_cool_then_place_in_recep-Apple-None-Microwave-19/trial_T20190906_210937_878489,7,0,1
alfworld,gemma-3-4b-it,pick_cool_then_place_in_recep-Apple-None-Microwave-5/trial_T20190908_150807_823817,3,1,0
alfworld,gemma-3-4b-it,pick_cool_then_place_in_recep-Apple-None-Microwave-5/trial_T20190908_150807_823817,5,1,1
alfworld,gemma-3-4b-it,pick_cool_then_place_in_recep-Apple-None-Microwave-5/trial_T20190908_150807_823817,8,1,1
alfworld,gemma-3-4b-it,pick_cool_then_place_in_recep-Apple-None-Microwave-5/trial_T20190908_150807_823817,9,1,0
alfworld,gemma-3-4b-it,pick_cool_then_place_in_recep-Apple-None-Microwave-5/trial_T20190908_150807_823817,19,0,1
alfworld,gemma-3-4b-it,pick_cool_then_place_in_recep-Apple-None-Microwave-5/trial_T20190908_150807_823817,20,1,1
alfworld,gemma-3-4b-it,pick_cool_then_place_in_recep-Bowl-None-Cabinet-20/trial_T20190909_112912_154874,1,1,0
alfworld,gemma-3-4b-it,pick_cool_then_place_in_recep-Bowl-None-Cabinet-20/trial_T20190909_112912_154874,14,0,1
alfworld,gemma-3-4b-it,pick_cool_then_place_in_recep-Bowl-None-Cabinet-20/trial_T20190909_112912_154874,15,0,1
alfworld,gemma-3-4b-it,pick_cool_then_place_in_recep-Bowl-None-Cabinet-20/trial_T20190909_112912_154874,21,1,1
alfworld,gemma-3-4b-it,pick_cool_then_place_in_recep-Bowl-None-Cabinet-20/trial_T20190909_112912_154874,26,0,1
alfworld,gemma-3-4b-it,pick_cool_then_place_in_recep-Bread-None-CounterTop-7/trial_T20190909_045605_307949,1,1,1
alfworld,gemma-3-4b-it,pick_cool_then_place_in_recep-Bread-None-CounterTop-7/trial_T20190909_045605_307949,2,0,1
alfworld,gemma-3-4b-it,pick_cool_then_place_in_recep-Bread-None-CounterTop-7/trial_T20190909_045605_307949,9,1,1
alfworld,gemma-3-4b-it,pick_cool_then_place_in_recep-Bread-None-CounterTop-7/trial_T20190909_045605_307949,19,1,0
alfworld,gemma-3-4b-it,pick_cool_then_place_in_recep-Bread-None-CounterTop-7/trial_T20190909_045605_307949,21,1,0
alfworld,gemma-3-4b-it,pick_cool_then_place_in_recep-Bread-None-CounterTop-7/trial_T20190909_045605_307949,27,0,1
alfworld,gemma-3-4b-it,pick_cool_then_place_in_recep-Bread-None-CounterTop-7/trial_T20190909_045605_307949,32,1,0
alfworld,gemma-3-4b-it,pick_cool_then_place_in_recep-Bread-None-CounterTop-7/trial_T20190909_045605_307949,39,1,0
alfworld,gemma-3-4b-it,pick_cool_then_place_in_recep-Cup-None-Microwave-17/trial_T20190906_192817_654400,2,0,1
alfworld,gemma-3-4b-it,pick_cool_then_place_in_recep-Cup-None-Microwave-17/trial_T20190906_192817_654400,3,1,0
alfworld,gemma-3-4b-it,pick_cool_then_place_in_recep-Cup-None-Microwave-17/trial_T20190906_192817_654400,12,0,1
alfworld,gemma-3-4b-it,pick_cool_then_place_in_recep-Cup-None-Microwave-17/trial_T20190906_192817_654400,19,1,0
alfworld,gemma-3-4b-it,pick_cool_then_place_in_recep-Cup-None-Microwave-17/trial_T20190906_192817_654400,27,1,0
alfworld,gemma-3-4b-it,pick_cool_then_place_in_recep-Cup-None-Microwave-17/trial_T20190906_192817_654400,38,1,0
alfworld,gemma-3-4b-it,pick_cool_then_place_in_recep-Cup-None-Microwave-17/trial_T20190906_192817_654400,39,1,0
alfworld,gemma-3-4b-it,pick_cool_then_place_in_recep-Cup-None-SideTable-21/trial_T20190906_192823_237997,2,1,0
alfworld,gemma-3-4b-it,pick_cool_then_place_in_recep-Cup-None-SideTable-21/trial_T20190906_192823_237997,3,1,0
alfworld,gemma-3-4b-it,pick_cool_then_place_in_recep-Cup-None-SideTable-21/trial_T20190906_192823_237997,10,1,0
alfworld,gemma-3-4b-it,pick_cool_then_place_in_recep-Cup-None-SideTable-21/trial_T20190906_192823_237997,25,0,1
alfworld,gemma-3-4b-it,pick_cool_then_place_in_recep-Cup-None-SideTable-21/trial_T20190906_192823_237997,35,0,1
alfworld,gemma-3-4b-it,pick_cool_then_place_in_recep-Cup-None-SideTable-21/trial_T20190906_192823_237997,41,1,0
alfworld,gemma-3-4b-it,pick_cool_then_place_in_recep-Egg-None-Microwave-24/trial_T20190908_234112_645480,1,1,0
alfworld,gemma-3-4b-it,pick_cool_then_place_in_recep-Egg-None-Microwave-24/trial_T20190908_234112_645480,3,1,0
alfworld,gemma-3-4b-it,pick_cool_then_place_in_recep-Egg-None-Microwave-24/trial_T20190908_234112_645480,19,1,1
alfworld,gemma-3-4b-it,pick_cool_then_place_in_recep-Egg-None-Microwave-24/trial_T20190908_234112_645480,24,0,1
alfworld,gemma-3-4b-it,pick_cool_then_place_in_recep-Egg-None-Microwave-24/trial_T20190908_234112_645480,42,1,0
alfworld,gemma-3-4b-it,pick_cool_then_place_in_recep-Lettuce-None-CounterTop-1/trial_T20190908_042713_075616,2,0,1
alfworld,gemma-3-4b-it,pick_cool_then_place_in_recep-Lettuce-None-CounterTop-1/trial_T20190908_042713_075616,3,1,1
alfworld,gemma-3-4b-it,pick_cool_then_place_in_recep-Lettuce-None-CounterTop-1/trial_T20190908_042713_075616,27,1,0
alfworld,gemma-3-4b-it,pick_cool_then_place_in_recep-Lettuce-None-CounterTop-1/trial_T20190908_042713_075616,33,0,1
alfworld,gemma-3-4b-it,pick_cool_then_place_in_recep-Lettuce-None-CounterTop-1/trial_T20190908_042713_075616,38,0,1
alfworld,gemma-3-4b-it,pick_cool_then_place_in_recep-Lettuce-None-CounterTop-1/trial_T20190908_042713_075616,41,1,0
alfworld,gemma-3-4b-it,pick_cool_then_place_in_recep-Lettuce-None-CounterTop-11/trial_T20190908_222555_651605,3,1,0
alfworld,gemma-3-4b-it,pick_cool_then_place_in_recep-Lettuce-None-CounterTop-11/trial_T20190908_222555_651605,14,1,0
alfworld,gemma-3-4b-it,pick_cool_then_place_in_recep-Lettuce-None-CounterTop-11/trial_T20190908_222555_651605,32,1,0
alfworld,gemma-3-4b-it,pick_cool_then_place_in_recep-Mug-None-CoffeeMachine-16/trial_T20190908_184242_348366,2,0,1
alfworld,gemma-3-4b-it,pick_cool_then_place_in_recep-Mug-None-CoffeeMachine-16/trial_T20190908_184242_348366,6,0,1
alfworld,gemma-3-4b-it,pick_cool_then_place_in_recep-Mug-None-CoffeeMachine-16/trial_T20190908_184242_348366,9,1,0
alfworld,gemma-3-4b-it,pick_cool_then_place_in_recep-Mug-None-CoffeeMachine-16/trial_T20190908_184242_348366,17,1,0
alfworld,gemma-3-4b-it,pick_cool_then_place_in_recep-Pan-None-DiningTable-7/trial_T20190908_232648_241836,1,1,0
alfworld,gemma-3-4b-it,pick_cool_then_place_in_recep-Pan-None-DiningTable-7/trial_T20190908_232648_241836,8,1,1
alfworld,gemma-3-4b-it,pick_cool_then_place_in_recep-Pan-None-DiningTable-7/trial_T20190908_232648_241836,33,0,1
alfworld,gemma-3-4b-it,pick_cool_then_place_in_recep-Pan-None-DiningTable-7/trial_T20190908_232648_241836,37,1,1
alfworld,gemma-3-4b-it,pick_cool_then_place_in_recep-Pan-None-DiningTable-7/trial_T20190908_232648_241836,48,1,0
alfworld,gemma-3-4b-it,pick_cool_then_place_in_recep-Pan-None-DiningTable-7/trial_T20190908_232648_241836,49,1,0
alfworld,gemma-3-4b-it,pick_cool_then_place_in_recep-Pan-None-StoveBurner-18/trial_T20190906_181023_216915,2,0,1
alfworld,gemma-3-4b-it,pick_cool_then_place_in_recep-Pan-None-StoveBurner-18/trial_T20190906_181023_216915,6,1,0
alfworld,gemma-3-4b-it,pick_cool_then_place_in_recep-Pan-None-StoveBurner-18/trial_T20190906_181023_216915,8,1,0
alfworld,gemma-3-4b-it,pick_cool_then_place_in_recep-Pan-None-StoveBurner-18/trial_T20190906_181023_216915,12,1,0
alfworld,gemma-3-4b-it,pick_cool_then_place_in_recep-Pan-None-StoveBurner-18/trial_T20190906_181023_216915,14,1,1
alfworld,gemma-3-4b-it,pick_cool_then_place_in_recep-Pan-None-StoveBurner-18/trial_T20190906_181023_216915,34,1,0
alfworld,gemma-3-4b-it,pick_cool_then_place_in_recep-Pan-None-StoveBurner-18/trial_T20190906_181023_216915,45,0,1
alfworld,gemma-3-4b-it,pick_cool_then_place_in_recep-Pan-None-StoveBurner-23/trial_T20190906_215856_374127,33,1,0
alfworld,gemma-3-4b-it,pick_cool_then_place_in_recep-Plate-None-Cabinet-27/trial_T20190906_173120_350651,12,1,0
alfworld,gemma-3-4b-it,pick_cool_then_place_in_recep-Plate-None-Cabinet-27/trial_T20190906_173120_350651,17,1,0
alfworld,gemma-3-4b-it,pick_cool_then_place_in_recep-Plate-None-Cabinet-27/trial_T20190906_173120_350651,18,1,0
alfworld,gemma-3-4b-it,pick_cool_then_place_in_recep-Plate-None-Cabinet-27/trial_T20190906_173120_350651,20,1,0
alfworld,gemma-3-4b-it,pick_cool_then_place_in_recep-Plate-None-Cabinet-27/trial_T20190906_173120_350651,24,1,0
alfworld,gemma-3-4b-it,pick_cool_then_place_in_recep-Plate-None-Cabinet-27/trial_T20190906_173120_350651,28,1,0
alfworld,gemma-3-4b-it,pick_cool_then_place_in_recep-Plate-None-Cabinet-27/trial_T20190906_173120_350651,32,0,1
alfworld,gemma-3-4b-it,pick_cool_then_place_in_recep-Plate-None-Cabinet-27/trial_T20190906_173120_350651,42,1,0
alfworld,gemma-3-4b-it,pick_cool_then_place_in_recep-Plate-None-Cabinet-27/trial_T20190906_173120_350651,46,1,0
alfworld,gemma-3-4b-it,pick_cool_then_place_in_recep-Plate-None-Cabinet-7/trial_T20190907_231206_512424,3,1,0
alfworld,gemma-3-4b-it,pick_cool_then_place_in_recep-Plate-None-Cabinet-7/trial_T20190907_231206_512424,4,1,0
alfworld,gemma-3-4b-it,pick_cool_then_place_in_recep-Plate-None-Cabinet-7/trial_T20190907_231206_512424,7,1,0
alfworld,gemma-3-4b-it,pick_cool_then_place_in_recep-Plate-None-Cabinet-7/trial_T20190907_231206_512424,8,1,1
alfworld,gemma-3-4b-it,pick_cool_then_place_in_recep-Plate-None-Cabinet-7/trial_T20190907_231206_512424,11,1,0
alfworld,gemma-3-4b-it,pick_cool_then_place_in_recep-Plate-None-Cabinet-7/trial_T20190907_231206_512424,14,0,1
alfworld,gemma-3-4b-it,pick_cool_then_place_in_recep-Plate-None-Cabinet-7/trial_T20190907_231206_512424,15,1,0
alfworld,gemma-3-4b-it,pick_cool_then_place_in_recep-Plate-None-CounterTop-1/trial_T20190906_205324_559361,2,0,1
alfworld,gemma-3-4b-it,pick_cool_then_place_in_recep-Plate-None-CounterTop-1/trial_T20190906_205324_559361,4,0,1
alfworld,gemma-3-4b-it,pick_cool_then_place_in_recep-Plate-None-CounterTop-1/trial_T20190906_205324_559361,5,0,1
alfworld,gemma-3-4b-it,pick_cool_then_place_in_recep-Plate-None-CounterTop-1/trial_T20190906_205324_559361,27,0,1
alfworld,gemma-3-4b-it,pick_cool_then_place_in_recep-Plate-None-CounterTop-1/trial_T20190906_205324_559361,40,0,1
alfworld,gemma-3-4b-it,pick_cool_then_place_in_recep-Plate-None-CounterTop-1/trial_T20190906_205324_559361,42,1,0
alfworld,gemma-3-4b-it,pick_cool_then_place_in_recep-Plate-None-CounterTop-1/trial_T20190906_205324_559361,44,1,0
alfworld,gemma-3-4b-it,pick_cool_then_place_in_recep-Plate-None-CounterTop-1/trial_T20190906_205324_559361,47,1,0
alfworld,gemma-3-4b-it,pick_cool_then_place_in_recep-Pot-None-DiningTable-21/trial_T20190909_004531_429065,4,1,0
alfworld,gemma-3-4b-it,pick_cool_then_place_in_recep-Pot-None-DiningTable-21/trial_T20190909_004531_429065,8,1,1
alfworld,gemma-3-4b-it,pick_cool_then_place_in_recep-Pot-None-DiningTable-21/trial_T20190909_004531_429065,12,1,0
alfworld,gemma-3-4b-it,pick_cool_then_place_in_recep-Pot-None-DiningTable-21/trial_T20190909_004531_429065,26,1,0
alfworld,gemma-3-4b-it,pick_cool_then_place_in_recep-Pot-None-DiningTable-21/trial_T20190909_004531_429065,31,1,0
alfworld,gemma-3-4b-it,pick_cool_then_place_in_recep-Pot-None-DiningTable-21/trial_T20190909_004531_429065,40,1,0
alfworld,gemma-3-4b-it,pick_cool_then_place_in_recep-Tomato-None-CounterTop-12/trial_T20190909_063754_216554,6,1,0
alfworld,gemma-3-4b-it,pick_cool_then_place_in_recep-Tomato-None-CounterTop-12/trial_T20190909_063754_216554,13,1,1
alfworld,gemma-3-4b-it,pick_cool_then_place_in_recep-Tomato-None-CounterTop-12/trial_T20190909_063754_216554,17,0,1
alfworld,gemma-3-4b-it,pick_cool_then_place_in_recep-Tomato-None-CounterTop-12/trial_T20190909_063754_216554,21,0,1
alfworld,gemma-3-4b-it,pick_cool_then_place_in_recep-Tomato-None-CounterTop-12/trial_T20190909_063754_216554,24,1,0
alfworld,gemma-3-4b-it,pick_cool_then_place_in_recep-Tomato-None-CounterTop-12/trial_T20190909_063754_216554,25,1,0
alfworld,gemma-3-4b-it,pick_cool_then_place_in_recep-Tomato-None-CounterTop-12/trial_T20190909_063754_216554,37,1,0
alfworld,gemma-3-4b-it,pick_cool_then_place_in_recep-Tomato-None-CounterTop-12/trial_T20190909_063844_274181,3,0,1
alfworld,gemma-3-4b-it,pick_cool_then_place_in_recep-Tomato-None-CounterTop-12/trial_T20190909_063844_274181,4,1,0
alfworld,gemma-3-4b-it,pick_cool_then_place_in_recep-Tomato-None-CounterTop-12/trial_T20190909_063844_274181,20,1,0
alfworld,gemma-3-4b-it,pick_cool_then_place_in_recep-Tomato-None-CounterTop-12/trial_T20190909_063844_274181,24,0,1
alfworld,gemma-3-4b-it,pick_cool_then_place_in_recep-Tomato-None-CounterTop-12/trial_T20190909_063844_274181,45,1,0
alfworld,gemma-3-4b-it,pick_cool_then_place_in_recep-Tomato-None-GarbageCan-6/trial_T20190909_082934_483899,3,0,1
alfworld,gemma-3-4b-it,pick_cool_then_place_in_recep-Tomato-None-GarbageCan-6/trial_T20190909_082934_483899,5,1,0
alfworld,gemma-3-4b-it,pick_cool_then_place_in_recep-Tomato-None-GarbageCan-6/trial_T20190909_082934_483899,13,1,0
alfworld,gemma-3-4b-it,pick_cool_then_place_in_recep-Tomato-None-GarbageCan-6/trial_T20190909_082934_483899,43,0,1
alfworld,gemma-3-4b-it,pick_cool_then_place_in_recep-Tomato-None-Microwave-13/trial_T20190910_173916_331859,1,1,0
alfworld,gemma-3-4b-it,pick_cool_then_place_in_recep-Tomato-None-Microwave-13/trial_T20190910_173916_331859,2,1,0
alfworld,gemma-3-4b-it,pick_cool_then_place_in_recep-Tomato-None-Microwave-13/trial_T20190910_173916_331859,5,1,0
alfworld,gemma-3-4b-it,pick_cool_then_place_in_recep-Tomato-None-Microwave-13/trial_T20190910_173916_331859,6,1,0
alfworld,gemma-3-4b-it,pick_cool_then_place_in_recep-Tomato-None-Microwave-13/trial_T20190910_173916_331859,13,0,1
alfworld,gemma-3-4b-it,pick_cool_then_place_in_recep-Tomato-None-Microwave-13/trial_T20190910_173916_331859,38,1,0
alfworld,gemma-3-4b-it,pick_cool_then_place_in_recep-Tomato-None-Microwave-18/trial_T20190909_012524_159092,2,1,0
alfworld,gemma-3-4b-it,pick_cool_then_place_in_recep-Tomato-None-Microwave-18/trial_T20190909_012524_159092,5,1,0
alfworld,gemma-3-4b-it,pick_cool_then_place_in_recep-Tomato-None-Microwave-18/trial_T20190909_012524_159092,17,0,1
alfworld,gemma-3-4b-it,pick_cool_then_place_in_recep-Tomato-None-Microwave-18/trial_T20190909_012524_159092,19,1,0
alfworld,gemma-3-4b-it,pick_cool_then_place_in_recep-Tomato-None-Microwave-18/trial_T20190909_012524_159092,40,1,0
alfworld,gemma-3-4b-it,pick_cool_then_place_in_recep-Tomato-None-Microwave-18/trial_T20190909_012524_159092,48,1,0
alfworld,gemma-3-4b-it,pick_cool_then_place_in_recep-WineBottle-None-DiningTable-17/trial_T20190908_024426_412044,5,0,1
alfworld,gemma-3-4b-it,pick_cool_then_place_in_recep-WineBottle-None-DiningTable-17/trial_T20190908_024426_412044,17,1,0
alfworld,gemma-3-4b-it,pick_cool_then_place_in_recep-WineBottle-None-DiningTable-17/trial_T20190908_024426_412044,20,1,0
alfworld,gemma-3-4b-it,pick_cool_then_place_in_recep-WineBottle-None-DiningTable-17/trial_T20190908_024426_412044,22,1,0
alfworld,gemma-3-4b-it,pick_cool_then_place_in_recep-WineBottle-None-DiningTable-17/trial_T20190908_024426_412044,32,1,0
alfworld,gemma-3-4b-it,pick_cool_then_place_in_recep-WineBottle-None-DiningTable-17/trial_T20190908_024426_412044,48,0,1
alfworld,gemma-3-4b-it,pick_heat_then_place_in_recep-Apple-None-DiningTable-26/trial_T20190907_060234_011675,4,0,1
alfworld,gemma-3-4b-it,pick_heat_then_place_in_recep-Apple-None-DiningTable-26/trial_T20190907_060234_011675,8,1,0
alfworld,gemma-3-4b-it,pick_heat_then_place_in_recep-Apple-None-DiningTable-26/trial_T20190907_060234_011675,11,1,0
alfworld,gemma-3-4b-it,pick_heat_then_place_in_recep-Apple-None-DiningTable-26/trial_T20190907_060234_011675,27,1,0
alfworld,gemma-3-4b-it,pick_heat_then_place_in_recep-Cup-None-Cabinet-22/trial_T20190907_173251_960848,2,0,1
alfworld,gemma-3-4b-it,pick_heat_then_place_in_recep-Cup-None-Cabinet-22/trial_T20190907_173251_960848,4,1,0
alfworld,gemma-3-4b-it,pick_heat_then_place_in_recep-Cup-None-Cabinet-22/trial_T20190907_173251_960848,7,1,0
alfworld,gemma-3-4b-it,pick_heat_then_place_in_recep-Cup-None-Cabinet-22/trial_T20190907_173251_960848,8,1,0
alfworld,gemma-3-4b-it,pick_heat_then_place_in_recep-Cup-None-Cabinet-22/trial_T20190907_173251_960848,11,1,0
alfworld,gemma-3-4b-it,pick_heat_then_place_in_recep-Cup-None-Cabinet-22/trial_T20190907_173251_960848,43,1,0
alfworld,gemma-3-4b-it,pick_heat_then_place_in_recep-Egg-None-CounterTop-2/trial_T20190908_122951_021026,3,1,0
alfworld,gemma-3-4b-it,pick_heat_then_place_in_recep-Egg-None-CounterTop-2/trial_T20190908_122951_021026,4,0,1
alfworld,gemma-3-4b-it,pick_heat_then_place_in_recep-Egg-None-CounterTop-2/trial_T20190908_122951_021026,6,1,1
alfworld,gemma-3-4b-it,pick_heat_then_place_in_recep-Egg-None-CounterTop-2/trial_T20190908_122951_021026,12,1,0
alfworld,gemma-3-4b-it,pick_heat_then_place_in_recep-Egg-None-CounterTop-2/trial_T20190908_122951_021026,22,1,0
alfworld,gemma-3-4b-it,pick_heat_then_place_in_recep-Egg-None-Fridge-14/trial_T20190909_091314_636733,1,0,1
alfworld,gemma-3-4b-it,pick_heat_then_place_in_recep-Egg-None-Fridge-14/trial_T20190909_091314_636733,4,0,1
alfworld,gemma-3-4b-it,pick_heat_then_place_in_recep-Egg-None-Fridge-14/trial_T20190909_091314_636733,7,1,0
alfworld,gemma-3-4b-it,pick_heat_then_place_in_recep-Egg-None-Fridge-14/trial_T20190909_091314_636733,19,1,1
alfworld,gemma-3-4b-it,pick_heat_then_place_in_recep-Mug-None-Cabinet-26/trial_T20190909_062333_424779,1,1,0
alfworld,gemma-3-4b-it,pick_heat_then_place_in_recep-Mug-None-Cabinet-26/trial_T20190909_062333_424779,2,1,0
alfworld,gemma-3-4b-it,pick_heat_then_place_in_recep-Mug-None-Cabinet-26/trial_T20190909_062333_424779,7,0,1
alfworld,gemma-3-4b-it,pick_heat_then_place_in_recep-Mug-None-Cabinet-26/trial_T20190909_062333_424779,10,1,0
alfworld,gemma-3-4b-it,pick_heat_then_place_in_recep-Mug-None-Cabinet-26/trial_T20190909_062333_424779,18,1,0
alfworld,gemma-3-4b-it,pick_heat_then_place_in_recep-Mug-None-Cabinet-3/trial_T20190909_014639_335717,1,0,1
alfworld,gemma-3-4b-it,pick_heat_then_place_in_recep-Mug-None-Cabinet-3/trial_T20190909_014639_335717,2,0,1
alfworld,gemma-3-4b-it,pick_heat_then_place_in_recep-Mug-None-Cabinet-3/trial_T20190909_014639_335717,4,1,0
alfworld,gemma-3-4b-it,pick_heat_then_place_in_recep-Mug-None-Cabinet-3/trial_T20190909_014639_335717,5,1,0
alfworld,gemma-3-4b-it,pick_heat_then_place_in_recep-Mug-None-Cabinet-3/trial_T20190909_014639_335717,6,1,0
alfworld,gemma-3-4b-it,pick_heat_then_place_in_recep-Mug-None-Cabinet-3/trial_T20190909_014639_335717,7,1,0
alfworld,gemma-3-4b-it,pick_heat_then_place_in_recep-Mug-None-Cabinet-3/trial_T20190909_014639_335717,23,1,0
alfworld,gemma-3-4b-it,pick_heat_then_place_in_recep-Mug-None-Cabinet-3/trial_T20190909_014639_335717,25,1,0
alfworld,gemma-3-4b-it,pick_heat_then_place_in_recep-Mug-None-Cabinet-3/trial_T20190909_014639_335717,31,1,0
alfworld,gemma-3-4b-it,pick_heat_then_place_in_recep-Mug-None-Cabinet-3/trial_T20190909_014639_335717,32,1,0
alfworld,gemma-3-4b-it,pick_heat_then_place_in_recep-Mug-None-Cabinet-3/trial_T20190909_014639_335717,35,0,1
alfworld,gemma-3-4b-it,pick_heat_then_place_in_recep-Mug-None-CoffeeMachine-1/trial_T20190907_222640_487432,21,1,0
alfworld,gemma-3-4b-it,pick_heat_then_place_in_recep-Mug-None-SideTable-21/trial_T20190909_090729_088825,2,0,1
alfworld,gemma-3-4b-it,pick_heat_then_place_in_recep-Mug-None-SideTable-21/trial_T20190909_090729_088825,21,0,1
alfworld,gemma-3-4b-it,pick_heat_then_place_in_recep-Plate-None-Cabinet-1/trial_T20190908_070946_578973,1,1,0
alfworld,gemma-3-4b-it,pick_heat_then_place_in_recep-Plate-None-Cabinet-1/trial_T20190908_070946_578973,3,0,1
alfworld,gemma-3-4b-it,pick_heat_then_place_in_recep-Plate-None-Cabinet-1/trial_T20190908_070946_578973,5,1,0
alfworld,gemma-3-4b-it,pick_heat_then_place_in_recep-Plate-None-Cabinet-1/trial_T20190908_070946_578973,8,1,0
alfworld,gemma-3-4b-it,pick_heat_then_place_in_recep-Plate-None-Cabinet-1/trial_T20190908_070946_578973,16,1,0
alfworld,gemma-3-4b-it,pick_heat_then_place_in_recep-Plate-None-Cabinet-1/trial_T20190908_070946_578973,36,0,1
alfworld,gemma-3-4b-it,pick_heat_then_place_in_recep-Plate-None-DiningTable-28/trial_T20190908_001247_096796,1,0,1
alfworld,gemma-3-4b-it,pick_heat_then_place_in_recep-Plate-None-DiningTable-28/trial_T20190908_001247_096796,18,1,0
alfworld,gemma-3-4b-it,pick_heat_then_place_in_recep-Plate-None-DiningTable-28/trial_T20190908_001247_096796,31,1,0
alfworld,gemma-3-4b-it,pick_heat_then_place_in_recep-Potato-None-Fridge-11/trial_T20190909_011341_436523,5,1,1
alfworld,gemma-3-4b-it,pick_heat_then_place_in_recep-Potato-None-Fridge-11/trial_T20190909_011341_436523,6,1,0
alfworld,gemma-3-4b-it,pick_heat_then_place_in_recep-Potato-None-Fridge-11/trial_T20190909_011341_436523,30,1,0
alfworld,gemma-3-4b-it,pick_heat_then_place_in_recep-Potato-None-Fridge-12/trial_T20190908_014451_271080,6,1,0
alfworld,gemma-3-4b-it,pick_heat_then_place_in_recep-Potato-None-Fridge-12/trial_T20190908_014451_271080,8,1,0
alfworld,gemma-3-4b-it,pick_heat_then_place_in_recep-Potato-None-Fridge-12/trial_T20190908_014451_271080,41,1,0
alfworld,gemma-3-4b-it,pick_heat_then_place_in_recep-Potato-None-Fridge-12/trial_T20190908_014451_271080,46,0,1
alfworld,gemma-3-4b-it,pick_heat_then_place_in_recep-Tomato-None-DiningTable-16/trial_T20190907_201243_698086,3,0,1
alfworld,gemma-3-4b-it,pick_heat_then_place_in_recep-Tomato-None-DiningTable-16/trial_T20190907_201243_698086,6,0,1
alfworld,gemma-3-4b-it,pick_heat_then_place_in_recep-Tomato-None-DiningTable-16/trial_T20190907_201243_698086,49,1,0
alfworld,gemma-3-4b-it,pick_heat_then_place_in_recep-Tomato-None-Fridge-15/trial_T20190909_020200_054379,12,1,0
alfworld,gemma-3-4b-it,pick_heat_then_place_in_recep-Tomato-None-Fridge-23/trial_T20190909_082320_103350,4,1,0
alfworld,gemma-3-4b-it,pick_heat_then_place_in_recep-Tomato-None-Fridge-23/trial_T20190909_082320_103350,16,0,1
alfworld,gemma-3-4b-it,pick_heat_then_place_in_recep-Tomato-None-Fridge-23/trial_T20190909_082320_103350,17,0,1
alfworld,gemma-3-4b-it,pick_heat_then_place_in_recep-Tomato-None-Fridge-23/trial_T20190909_082320_103350,48,1,0
alfworld,gemma-3-4b-it,pick_heat_then_place_in_recep-Tomato-None-Fridge-24/trial_T20190908_033721_967359,6,0,1
alfworld,gemma-3-4b-it,pick_heat_then_place_in_recep-Tomato-None-Fridge-24/trial_T20190908_033721_967359,8,1,0
alfworld,gemma-3-4b-it,pick_heat_then_place_in_recep-Tomato-None-Fridge-24/trial_T20190908_033721_967359,19,1,0
alfworld,gemma-3-4b-it,pick_two_obj_and_place-Book-None-Desk-302/trial_T20190906_181233_363875,13,0,1
alfworld,gemma-3-4b-it,pick_two_obj_and_place-Book-None-Desk-302/trial_T20190906_181233_363875,14,1,0
alfworld,gemma-3-4b-it,pick_two_obj_and_place-Book-None-Desk-302/trial_T20190906_181233_363875,19,1,0
alfworld,gemma-3-4b-it,pick_two_obj_and_place-Book-None-Desk-302/trial_T20190906_181233_363875,23,0,1
alfworld,gemma-3-4b-it,pick_two_obj_and_place-Book-None-Desk-302/trial_T20190906_181233_363875,28,1,1
alfworld,gemma-3-4b-it,pick_two_obj_and_place-Book-None-Desk-302/trial_T20190906_181233_363875,34,0,1
alfworld,gemma-3-4b-it,pick_two_obj_and_place-Book-None-Desk-302/trial_T20190906_181233_363875,39,0,1
alfworld,gemma-3-4b-it,pick_two_obj_and_place-Book-None-Desk-302/trial_T20190906_181233_363875,46,0,1
alfworld,gemma-3-4b-it,pick_two_obj_and_place-Book-None-Desk-302/trial_T20190906_181233_363875,48,1,0
alfworld,gemma-3-4b-it,pick_two_obj_and_place-Book-None-Desk-313/trial_T20190908_125930_920681,1,1,0
alfworld,gemma-3-4b-it,pick_two_obj_and_place-Book-None-Desk-313/trial_T20190908_125930_920681,2,0,1
alfworld,gemma-3-4b-it,pick_two_obj_and_place-Book-None-Desk-313/trial_T20190908_125930_920681,5,1,0
alfworld,gemma-3-4b-it,pick_two_obj_and_place-Book-None-Desk-313/trial_T20190908_125930_920681,11,1,0
alfworld,gemma-3-4b-it,pick_two_obj_and_place-Book-None-Desk-313/trial_T20190908_125930_920681,12,1,0
alfworld,gemma-3-4b-it,pick_two_obj_and_place-Book-None-Desk-313/trial_T20190908_125930_920681,15,1,0
alfworld,gemma-3-4b-it,pick_two_obj_and_place-Book-None-Desk-313/trial_T20190908_125930_920681,22,0,1
alfworld,gemma-3-4b-it,pick_two_obj_and_place-Book-None-Desk-313/trial_T20190908_125930_920681,48,1,0
alfworld,gemma-3-4b-it,pick_two_obj_and_place-Box-None-CoffeeTable-213/trial_T20190906_200927_069627,31,1,0
alfworld,gemma-3-4b-it,pick_two_obj_and_place-CD-None-Drawer-304/trial_T20190907_230232_832893,13,1,1
alfworld,gemma-3-4b-it,pick_two_obj_and_place-CD-None-Drawer-304/trial_T20190907_230232_832893,16,1,0
alfworld,gemma-3-4b-it,pick_two_obj_and_place-CD-None-Drawer-304/trial_T20190907_230232_832893,31,1,0
alfworld,gemma-3-4b-it,pick_two_obj_and_place-CD-None-Drawer-304/trial_T20190907_230232_832893,42,0,1
alfworld,gemma-3-4b-it,pick_two_obj_and_place-CD-None-Drawer-304/trial_T20190907_230232_832893,43,0,1
alfworld,gemma-3-4b-it,pick_two_obj_and_place-CreditCard-None-Dresser-311/trial_T20190907_201917_045715,1,0,1
alfworld,gemma-3-4b-it,pick_two_obj_and_place-CreditCard-None-Dresser-311/trial_T20190907_201917_045715,5,1,0
alfworld,gemma-3-4b-it,pick_two_obj_and_place-CreditCard-None-Dresser-311/trial_T20190907_201917_045715,8,1,0
alfworld,gemma-3-4b-it,pick_two_obj_and_place-CreditCard-None-Dresser-311/trial_T20190907_201917_045715,12,1,0
alfworld,gemma-3-4b-it,pick_two_obj_and_place-CreditCard-None-Dresser-311/trial_T20190907_201917_045715,14,1,0
alfworld,gemma-3-4b-it,pick_two_obj_and_place-CreditCard-None-Dresser-311/trial_T20190907_201917_045715,32,1,0
alfworld,gemma-3-4b-it,pick_two_obj_and_place-CreditCard-None-Safe-323/trial_T20190907_001129_214240,1,1,0
alfworld,gemma-3-4b-it,pick_two_obj_and_place-CreditCard-None-Safe-323/trial_T20190907_001129_214240,3,0,1
alfworld,gemma-3-4b-it,pick_two_obj_and_place-CreditCard-None-Safe-323/trial_T20190907_001129_214240,5,1,0
alfworld,gemma-3-4b-it,pick_two_obj_and_place-CreditCard-None-Safe-323/trial_T20190907_001129_214240,6,1,1
alfworld,gemma-3-4b-it,pick_two_obj_and_place-CreditCard-None-Safe-323/trial_T20190907_001129_214240,10,0,1
alfworld,gemma-3-4b-it,pick_two_obj_and_place-CreditCard-None-Safe-323/trial_T20190907_001129_214240,25,1,0
alfworld,gemma-3-4b-it,pick_two_obj_and_place-CreditCard-None-Safe-323/trial_T20190907_001129_214240,27,1,1
alfworld,gemma-3-4b-it,pick_two_obj_and_place-CreditCard-None-Safe-323/trial_T20190907_001129_214240,45,1,0
alfworld,gemma-3-4b-it,pick_two_obj_and_place-Glassbottle-None-Shelf-1/trial_T20190907_122204_941737,1,1,0
alfworld,gemma-3-4b-it,pick_two_obj_and_place-Glassbottle-None-Shelf-1/trial_T20190907_122204_941737,3,0,1
alfworld,gemma-3-4b-it,pick_two_obj_and_place-Glassbottle-None-Shelf-1/trial_T20190907_122204_941737,42,1,0
alfworld,gemma-3-4b-it,pick_two_obj_and_place-Glassbottle-None-Shelf-1/trial_T20190907_122204_941737,43,1,0
alfworld,gemma-3-4b-it,pick_two_obj_and_place-Knife-None-Drawer-18/trial_T20190907_065232_689984,4,1,0
alfworld,gemma-3-4b-it,pick_two_obj_and_place-Knife-None-Drawer-18/trial_T20190907_065232_689984,9,1,0
alfworld,gemma-3-4b-it,pick_two_obj_and_place-Knife-None-Drawer-18/trial_T20190907_065232_689984,10,0,1
alfworld,gemma-3-4b-it,pick_two_obj_and_place-Knife-None-Drawer-18/trial_T20190907_065232_689984,12,0,1
alfworld,gemma-3-4b-it,pick_two_obj_and_place-Knife-None-Drawer-18/trial_T20190907_065232_689984,26,1,0
alfworld,gemma-3-4b-it,pick_two_obj_and_place-Knife-None-Drawer-18/trial_T20190907_065232_689984,43,1,0
alfworld,gemma-3-4b-it,pick_two_obj_and_place-Newspaper-None-Drawer-224/trial_T20190911_101248_326533,3,0,1
alfworld,gemma-3-4b-it,pick_two_obj_and_place-Newspaper-None-Drawer-224/trial_T20190911_101248_326533,7,1,0
alfworld,gemma-3-4b-it,pick_two_obj_and_place-Newspaper-None-Drawer-224/trial_T20190911_101248_326533,15,1,0
alfworld,gemma-3-4b-it,pick_two_obj_and_place-Newspaper-None-Drawer-224/trial_T20190911_101248_326533,23,0,1
alfworld,gemma-3-4b-it,pick_two_obj_and_place-Newspaper-None-Drawer-224/trial_T20190911_101248_326533,35,0,1
alfworld,gemma-3-4b-it,pick_two_obj_and_place-Newspaper-None-Drawer-224/trial_T20190911_101248_326533,38,0,1
alfworld,gemma-3-4b-it,pick_two_obj_and_place-Newspaper-None-Drawer-224/trial_T20190911_101248_326533,47,1,0
alfworld,gemma-3-4b-it,pick_two_obj_and_place-Newspaper-None-Drawer-224/trial_T20190911_101248_326533,48,1,0
alfworld,gemma-3-4b-it,pick_two_obj_and_place-Pan-None-CounterTop-14/trial_T20190907_012519_974044,19,0,1
alfworld,gemma-3-4b-it,pick_two_obj_and_place-Pan-None-CounterTop-14/trial_T20190907_012519_974044,21,1,0
alfworld,gemma-3-4b-it,pick_two_obj_and_place-Pan-None-CounterTop-14/trial_T20190907_012519_974044,28,1,0
alfworld,gemma-3-4b-it,pick_two_obj_and_place-Pan-None-CounterTop-14/trial_T20190907_012519_974044,30,0,1
alfworld,gemma-3-4b-it,pick_two_obj_and_place-Pan-None-CounterTop-14/trial_T20190907_012519_974044,43,1,0
alfworld,gemma-3-4b-it,pick_two_obj_and_place-RemoteControl-None-Ottoman-203/trial_T20190906_182952_858723,7,1,0
alfworld,gemma-3-4b-it,pick_two_obj_and_place-RemoteControl-None-Ottoman-203/trial_T20190906_182952_858723,11,1,1
alfworld,gemma-3-4b-it,pick_two_obj_and_place-RemoteControl-None-Ottoman-203/trial_T20190906_182952_858723,13,1,0
alfworld,gemma-3-4b-it,pick_two_obj_and_place-RemoteControl-None-Ottoman-203/trial_T20190906_182952_858723,15,1,0
alfworld,gemma-3-4b-it,pick_two_obj_and_place-RemoteControl-None-Ottoman-203/trial_T20190906_182952_858723,18,1,0
alfworld,gemma-3-4b-it,pick_two_obj_and_place-RemoteControl-None-Ottoman-203/trial_T20190906_182952_858723,21,0,1
alfworld,gemma-3-4b-it,pick_two_obj_and_place-SoapBar-None-GarbageCan-418/trial_T20190909_055538_380023,1,1,1
alfworld,gemma-3-4b-it,pick_two_obj_and_place-SoapBar-None-GarbageCan-418/trial_T20190909_055538_380023,2,1,1
alfworld,gemma-3-4b-it,pick_two_obj_and_place-SoapBar-None-GarbageCan-418/trial_T20190909_055538_380023,3,1,0
alfworld,gemma-3-4b-it,pick_two_obj_and_place-SoapBar-None-GarbageCan-418/trial_T20190909_055538_380023,13,1,0
alfworld,gemma-3-4b-it,pick_two_obj_and_place-SoapBar-None-GarbageCan-418/trial_T20190909_055538_380023,35,1,0
alfworld,gemma-3-4b-it,pick_two_obj_and_place-SoapBar-None-GarbageCan-418/trial_T20190909_055538_380023,42,1,0
alfworld,gemma-3-4b-it,pick_two_obj_and_place-SoapBar-None-GarbageCan-418/trial_T20190909_055649_717880,2,1,0
alfworld,gemma-3-4b-it,pick_two_obj_and_place-SoapBar-None-GarbageCan-418/trial_T20190909_055649_717880,4,1,0
alfworld,gemma-3-4b-it,pick_two_obj_and_place-SoapBar-None-GarbageCan-418/trial_T20190909_055649_717880,6,1,0
alfworld,gemma-3-4b-it,pick_two_obj_and_place-SoapBar-None-GarbageCan-418/trial_T20190909_055649_717880,17,1,0
alfworld,gemma-3-4b-it,pick_two_obj_and_place-Spatula-None-Drawer-13/trial_T20190908_183331_203888,1,1,1
alfworld,gemma-3-4b-it,pick_two_obj_and_place-Spatula-None-Drawer-13/trial_T20190908_183331_203888,2,1,0
alfworld,gemma-3-4b-it,pick_two_obj_and_place-Spatula-None-Drawer-13/trial_T20190908_183331_203888,16,1,0
alfworld,gemma-3-4b-it,pick_two_obj_and_place-Spatula-None-Drawer-13/trial_T20190908_183331_203888,17,0,1
alfworld,gemma-3-4b-it,pick_two_obj_and_place-Spatula-None-Drawer-13/trial_T20190908_183331_203888,18,1,0
alfworld,gemma-3-4b-it,pick_two_obj_and_place-Spatula-None-Drawer-13/trial_T20190908_183331_203888,22,1,0
alfworld,gemma-3-4b-it,pick_two_obj_and_place-Spatula-None-Drawer-13/trial_T20190908_183331_203888,29,1,0
alfworld,gemma-3-4b-it,pick_two_obj_and_place-SprayBottle-None-Cabinet-407/trial_T20190907_144556_144188,2,1,1
alfworld,gemma-3-4b-it,pick_two_obj_and_place-SprayBottle-None-Cabinet-407/trial_T20190907_144556_144188,7,1,0
alfworld,gemma-3-4b-it,pick_two_obj_and_place-SprayBottle-None-Cabinet-407/trial_T20190907_144556_144188,26,1,0
alfworld,gemma-3-4b-it,pick_two_obj_and_place-SprayBottle-None-Cabinet-407/trial_T20190907_144556_144188,30,1,0
alfworld,gemma-3-4b-it,pick_two_obj_and_place-SprayBottle-None-Cabinet-407/trial_T20190907_144556_144188,45,1,0
alfworld,gemma-3-4b-it,pick_two_obj_and_place-SprayBottle-None-Cabinet-407/trial_T20190907_144556_144188,47,1,0
alfworld,gemma-3-4b-it,pick_two_obj_and_place-SprayBottle-None-Cabinet-407/trial_T20190907_144556_144188,49,1,0
alfworld,gemma-3-4b-it,pick_two_obj_and_place-SprayBottle-None-GarbageCan-419/trial_T20190908_164236_518264,1,0,1
alfworld,gemma-3-4b-it,pick_two_obj_and_place-SprayBottle-None-GarbageCan-419/trial_T20190908_164236_518264,3,1,1
alfworld,gemma-3-4b-it,pick_two_obj_and_place-SprayBottle-None-GarbageCan-419/trial_T20190908_164236_518264,4,1,0
alfworld,gemma-3-4b-it,pick_two_obj_and_place-SprayBottle-None-GarbageCan-419/trial_T20190908_164236_518264,14,1,0
alfworld,gemma-3-4b-it,pick_two_obj_and_place-SprayBottle-None-GarbageCan-419/trial_T20190908_164236_518264,18,0,1
alfworld,gemma-3-4b-it,pick_two_obj_and_place-SprayBottle-None-Toilet-402/trial_T20190910_222914_814642,2,1,0
alfworld,gemma-3-4b-it,pick_two_obj_and_place-SprayBottle-None-Toilet-402/trial_T20190910_222914_814642,4,0,1
alfworld,gemma-3-4b-it,pick_two_obj_and_place-SprayBottle-None-Toilet-402/trial_T20190910_222914_814642,5,0,1
alfworld,gemma-3-4b-it,pick_two_obj_and_place-SprayBottle-None-Toilet-402/trial_T20190910_222914_814642,31,1,1
alfworld,gemma-3-4b-it,pick_two_obj_and_place-SprayBottle-None-Toilet-429/trial_T20190907_033843_707544,1,1,0
alfworld,gemma-3-4b-it,pick_two_obj_and_place-SprayBottle-None-Toilet-429/trial_T20190907_033843_707544,35,0,1
alfworld,gemma-3-4b-it,pick_two_obj_and_place-SprayBottle-None-Toilet-429/trial_T20190907_033843_707544,38,0,1
alfworld,gemma-3-4b-it,pick_two_obj_and_place-TissueBox-None-Toilet-426/trial_T20190909_044602_338962,3,1,0
alfworld,gemma-3-4b-it,pick_two_obj_and_place-TissueBox-None-Toilet-426/trial_T20190909_044602_338962,9,1,0
alfworld,gemma-3-4b-it,pick_two_obj_and_place-TissueBox-None-Toilet-426/trial_T20190909_044602_338962,11,1,0
alfworld,gemma-3-4b-it,pick_two_obj_and_place-TissueBox-None-Toilet-426/trial_T20190909_044602_338962,18,1,0
alfworld,gemma-3-4b-it,pick_two_obj_and_place-TissueBox-None-Toilet-426/trial_T20190909_044602_338962,19,0,1
alfworld,gemma-3-4b-it,pick_two_obj_and_place-TissueBox-None-Toilet-426/trial_T20190909_044602_338962,29,1,0
alfworld,gemma-3-4b-it,pick_two_obj_and_place-TissueBox-None-Toilet-426/trial_T20190909_044602_338962,45,1,0
alfworld,gemma-3-4b-it,pick_two_obj_and_place-ToiletPaper-None-Drawer-423/trial_T20190907_111251_461099,2,1,0
alfworld,gemma-3-4b-it,pick_two_obj_and_place-ToiletPaper-None-Drawer-423/trial_T20190907_111251_461099,7,1,0
alfworld,gemma-3-4b-it,pick_two_obj_and_place-ToiletPaper-None-Drawer-423/trial_T20190907_111251_461099,43,1,0
alfworld,gemma-3-4b-it,pick_two_obj_and_place-ToiletPaper-None-Toilet-408/trial_T20190909_080302_174780,12,1,1
alfworld,gemma-3-4b-it,pick_two_obj_and_place-ToiletPaper-None-Toilet-408/trial_T20190909_080302_174780,23,1,0
alfworld,gemma-3-4b-it,pick_two_obj_and_place-ToiletPaper-None-Toilet-408/trial_T20190909_080302_174780,27,0,1
alfworld,gemma-3-4b-it,pick_two_obj_and_place-Vase-None-Desk-204/trial_T20190906_181531_703961,1,1,0
alfworld,gemma-3-4b-it,pick_two_obj_and_place-Vase-None-Desk-204/trial_T20190906_181531_703961,4,0,1
alfworld,gemma-3-4b-it,pick_two_obj_and_place-Vase-None-Desk-204/trial_T20190906_181531_703961,13,1,0
alfworld,gemma-3-4b-it,pick_two_obj_and_place-Vase-None-Desk-204/trial_T20190906_181531_703961,16,1,0
alfworld,gemma-3-4b-it,pick_two_obj_and_place-Vase-None-Desk-204/trial_T20190906_181531_703961,28,0,1
alfworld,gemma-3-4b-it,pick_two_obj_and_place-Watch-None-Dresser-205/trial_T20190907_182211_592010,6,1,0
alfworld,gemma-3-4b-it,pick_two_obj_and_place-Watch-None-Dresser-205/trial_T20190907_182211_592010,15,1,0
alfworld,gemma-3-4b-it,pick_two_obj_and_place-Watch-None-Dresser-205/trial_T20190907_182211_592010,42,1,0
hotpotqa,Llama-3.3-70B-Instruct,6,1,0,1
hotpotqa,Llama-3.3-70B-Instruct,60,1,1,0
hotpotqa,Llama-3.3-70B-Instruct,60,2,1,0
hotpotqa,Llama-3.3-70B-Instruct,60,4,1,0
hotpotqa,Llama-3.3-70B-Instruct,60,7,1,0
hotpotqa,Llama-3.3-70B-Instruct,84,3,1,1
hotpotqa,Llama-3.3-70B-Instruct,84,4,1,0
hotpotqa,Llama-3.3-70B-Instruct,92,5,1,0
hotpotqa,Llama-3.3-70B-Instruct,110,6,1,0
hotpotqa,Llama-3.3-70B-Instruct,129,1,1,0
hotpotqa,Llama-3.3-70B-Instruct,129,2,1,0
hotpotqa,Llama-3.3-70B-Instruct,151,2,1,1
hotpotqa,Llama-3.3-70B-Instruct,156,1,1,0
hotpotqa,Llama-3.3-70B-Instruct,166,7,1,1
hotpotqa,Llama-3.3-70B-Instruct,251,2,1,0
hotpotqa,Llama-3.3-70B-Instruct,280,2,1,1
hotpotqa,Llama-3.3-70B-Instruct,280,3,1,1
hotpotqa,Llama-3.3-70B-Instruct,291,1,0,1
hotpotqa,Llama-3.3-70B-Instruct,291,4,1,1
hotpotqa,Llama-3.3-70B-Instruct,319,1,1,0
hotpotqa,Llama-3.3-70B-Instruct,362,3,1,0
hotpotqa,Llama-3.3-70B-Instruct,407,5,1,0
hotpotqa,Llama-3.3-70B-Instruct,407,6,1,1
hotpotqa,Llama-3.3-70B-Instruct,407,7,1,1
hotpotqa,Llama-3.3-70B-Instruct,416,3,1,0
hotpotqa,Llama-3.3-70B-Instruct,416,7,0,1
hotpotqa,Llama-3.3-70B-Instruct,457,6,1,0
hotpotqa,Llama-3.3-70B-Instruct,468,4,1,0
hotpotqa,Llama-3.3-70B-Instruct,468,5,1,0
hotpotqa,Llama-3.3-70B-Instruct,468,7,0,1
hotpotqa,Llama-3.3-70B-Instruct,476,1,1,0
hotpotqa,Llama-3.3-70B-Instruct,476,2,1,1
hotpotqa,Llama-3.3-70B-Instruct,476,6,1,0
hotpotqa,Llama-3.3-70B-Instruct,541,1,1,0
hotpotqa,Llama-3.3-70B-Instruct,541,4,1,0
hotpotqa,Llama-3.3-70B-Instruct,541,5,0,1
hotpotqa,Llama-3.3-70B-Instruct,553,4,1,1
hotpotqa,Llama-3.3-70B-Instruct,553,6,1,0
hotpotqa,Llama-3.3-70B-Instruct,564,3,1,1
hotpotqa,Llama-3.3-70B-Instruct,564,5,1,0
hotpotqa,Llama-3.3-70B-Instruct,565,1,1,0
hotpotqa,Llama-3.3-70B-Instruct,565,3,1,0
hotpotqa,Llama-3.3-70B-Instruct,612,2,1,0
hotpotqa,Llama-3.3-70B-Instruct,628,2,0,1
hotpotqa,Llama-3.3-70B-Instruct,632,5,1,0
hotpotqa,Llama-3.3-70B-Instruct,670,1,0,1
hotpotqa,Llama-3.3-70B-Instruct,670,7,1,1
hotpotqa,Llama-3.3-70B-Instruct,687,1,0,1
hotpotqa,Llama-3.3-70B-Instruct,687,2,0,1
hotpotqa,Llama-3.3-70B-Instruct,716,6,1,0
hotpotqa,Llama-3.3-70B-Instruct,716,7,1,0
hotpotqa,Llama-3.3-70B-Instruct,734,4,1,0
hotpotqa,Llama-3.3-70B-Instruct,734,5,1,0
hotpotqa,Llama-3.3-70B-Instruct,734,6,1,0
hotpotqa,Llama-3.3-70B-Instruct,734,7,1,1
hotpotqa,Llama-3.3-70B-Instruct,738,1,1,0
hotpotqa,Llama-3.3-70B-Instruct,738,5,1,0
hotpotqa,Llama-3.3-70B-Instruct,753,2,1,0
hotpotqa,Llama-3.3-70B-Instruct,797,7,0,1
hotpotqa,Llama-3.3-70B-Instruct,802,5,1,1
hotpotqa,Llama-3.3-70B-Instruct,851,1,1,0
hotpotqa,Llama-3.3-70B-Instruct,899,2,1,0
hotpotqa,Llama-3.3-70B-Instruct,899,5,1,1
hotpotqa,Llama-3.3-70B-Instruct,919,1,1,0
hotpotqa,Llama-3.3-70B-Instruct,923,1,1,0
hotpotqa,Llama-3.3-70B-Instruct,924,2,0,1
hotpotqa,Llama-3.3-70B-Instruct,924,6,1,0
hotpotqa,Llama-3.3-70B-Instruct,1009,1,1,0
hotpotqa,Llama-3.3-70B-Instruct,1084,1,1,0
hotpotqa,Llama-3.3-70B-Instruct,1084,7,1,1
hotpotqa,Llama-3.3-70B-Instruct,1107,3,1,0
hotpotqa,Llama-3.3-70B-Instruct,1112,1,1,0
hotpotqa,Llama-3.3-70B-Instruct,1114,2,1,0
hotpotqa,Llama-3.3-70B-Instruct,1114,4,1,0
hotpotqa,Llama-3.3-70B-Instruct,1114,5,1,0
hotpotqa,Llama-3.3-70B-Instruct,1139,4,1,1
hotpotqa,Llama-3.3-70B-Instruct,1139,5,1,1
hotpotqa,Llama-3.3-70B-Instruct,1143,4,1,0
hotpotqa,Llama-3.3-70B-Instruct,1146,1,1,0
hotpotqa,Llama-3.3-70B-Instruct,1217,3,1,0
hotpotqa,Llama-3.3-70B-Instruct,1237,3,1,0
hotpotqa,Llama-3.3-70B-Instruct,1245,1,1,0
hotpotqa,Llama-3.3-70B-Instruct,1245,2,1,0
hotpotqa,Llama-3.3-70B-Instruct,1270,1,1,0
hotpotqa,Llama-3.3-70B-Instruct,1307,1,1,1
hotpotqa,Llama-3.3-70B-Instruct,1307,4,1,0
hotpotqa,Llama-3.3-70B-Instruct,1335,1,0,1
hotpotqa,Llama-3.3-70B-Instruct,1335,4,1,0
hotpotqa,Llama-3.3-70B-Instruct,1335,5,1,1
hotpotqa,Llama-3.3-70B-Instruct,1399,6,0,1
hotpotqa,Llama-3.3-70B-Instruct,1429,1,0,1
hotpotqa,Llama-3.3-70B-Instruct,1429,3,1,1
hotpotqa,Llama-3.3-70B-Instruct,1466,2,0,1
hotpotqa,Llama-3.3-70B-Instruct,1496,5,1,1
hotpotqa,Llama-3.3-70B-Instruct,1496,6,1,1
hotpotqa,Llama-3.3-70B-Instruct,1496,7,1,0
hotpotqa,Llama-3.3-70B-Instruct,1533,1,1,0
hotpotqa,Llama-3.3-70B-Instruct,1534,2,1,0
hotpotqa,Llama-3.3-70B-Instruct,1538,6,1,0
hotpotqa,Llama-3.3-70B-Instruct,1548,4,1,1
hotpotqa,Llama-3.3-70B-Instruct,1560,1,1,0
hotpotqa,Llama-3.3-70B-Instruct,1560,2,1,0
hotpotqa,Llama-3.3-70B-Instruct,1574,1,1,0
hotpotqa,Llama-3.3-70B-Instruct,1574,7,1,1
hotpotqa,Llama-3.3-70B-Instruct,1614,2,1,0
hotpotqa,Llama-3.3-70B-Instruct,1621,1,0,1
hotpotqa,Llama-3.3-70B-Instruct,1669,2,1,1
hotpotqa,Llama-3.3-70B-Instruct,1757,3,1,0
hotpotqa,Llama-3.3-70B-Instruct,1757,4,1,0
hotpotqa,Llama-3.3-70B-Instruct,1757,5,1,0
hotpotqa,Llama-3.3-70B-Instruct,1757,7,1,0
hotpotqa,Llama-3.3-70B-Instruct,1771,1,0,1
hotpotqa,Llama-3.3-70B-Instruct,1781,6,1,0
hotpotqa,Llama-3.3-70B-Instruct,1801,4,1,1
hotpotqa,Llama-3.3-70B-Instruct,1828,3,1,0
hotpotqa,Llama-3.3-70B-Instruct,1828,5,1,0
hotpotqa,Llama-3.3-70B-Instruct,1885,4,1,0
hotpotqa,Llama-3.3-70B-Instruct,1885,6,1,0
hotpotqa,Llama-3.3-70B-Instruct,1885,7,1,0
hotpotqa,Llama-3.3-70B-Instruct,1886,1,1,0
hotpotqa,Llama-3.3-70B-Instruct,1887,2,1,0
hotpotqa,Llama-3.3-70B-Instruct,1887,6,1,0
hotpotqa,Llama-3.3-70B-Instruct,1902,7,0,1
hotpotqa,Llama-3.3-70B-Instruct,1917,1,1,0
hotpotqa,Llama-3.3-70B-Instruct,1917,5,1,0
hotpotqa,Llama-3.3-70B-Instruct,1937,2,1,0
hotpotqa,Llama-3.3-70B-Instruct,1945,2,1,0
hotpotqa,Llama-3.3-70B-Instruct,1955,1,0,1
hotpotqa,Llama-3.3-70B-Instruct,1955,3,1,0
hotpotqa,Llama-3.3-70B-Instruct,2004,7,1,0
hotpotqa,Llama-3.3-70B-Instruct,2008,3,1,1
hotpotqa,Llama-3.3-70B-Instruct,2019,3,1,1
hotpotqa,Llama-3.3-70B-Instruct,2019,5,1,1
hotpotqa,Llama-3.3-70B-Instruct,2053,4,0,1
hotpotqa,Llama-3.3-70B-Instruct,2112,4,1,1
hotpotqa,Llama-3.3-70B-Instruct,2132,1,0,1
hotpotqa,Llama-3.3-70B-Instruct,2132,5,1,0
hotpotqa,Llama-3.3-70B-Instruct,2261,1,1,0
hotpotqa,Llama-3.3-70B-Instruct,2261,2,1,0
hotpotqa,Llama-3.3-70B-Instruct,2261,3,1,0
hotpotqa,Llama-3.3-70B-Instruct,2261,4,1,1
hotpotqa,Llama-3.3-70B-Instruct,2261,7,1,0
hotpotqa,Llama-3.3-70B-Instruct,2294,5,1,0
hotpotqa,Llama-3.3-70B-Instruct,2294,6,1,0
hotpotqa,Llama-3.3-70B-Instruct,2382,5,1,1
hotpotqa,Llama-3.3-70B-Instruct,2382,7,1,1
hotpotqa,Llama-3.3-70B-Instruct,2401,1,0,1
hotpotqa,Llama-3.3-70B-Instruct,2401,3,1,1
hotpotqa,Llama-3.3-70B-Instruct,2421,3,1,0
hotpotqa,Llama-3.3-70B-Instruct,2434,1,1,0
hotpotqa,Llama-3.3-70B-Instruct,2434,4,0,1
hotpotqa,Llama-3.3-70B-Instruct,2451,1,0,1
hotpotqa,Llama-3.3-70B-Instruct,2451,3,1,0
hotpotqa,Llama-3.3-70B-Instruct,2474,3,1,1
hotpotqa,Llama-3.3-70B-Instruct,2501,7,0,1
hotpotqa,Llama-3.3-70B-Instruct,2521,3,1,0
hotpotqa,Llama-3.3-70B-Instruct,2544,2,1,0
hotpotqa,Llama-3.3-70B-Instruct,2545,3,1,1
hotpotqa,Llama-3.3-70B-Instruct,2545,4,0,1
hotpotqa,Llama-3.3-70B-Instruct,2545,7,1,1
hotpotqa,Llama-3.3-70B-Instruct,2609,1,1,0
hotpotqa,Llama-3.3-70B-Instruct,2609,4,1,1
hotpotqa,Llama-3.3-70B-Instruct,2609,5,1,0
hotpotqa,Llama-3.3-70B-Instruct,2609,7,1,1
hotpotqa,Llama-3.3-70B-Instruct,2611,6,0,1
hotpotqa,Llama-3.3-70B-Instruct,2646,1,1,0
hotpotqa,Llama-3.3-70B-Instruct,2662,1,0,1
hotpotqa,Llama-3.3-70B-Instruct,2662,4,0,1
hotpotqa,Llama-3.3-70B-Instruct,2674,3,1,0
hotpotqa,Llama-3.3-70B-Instruct,2679,2,1,1
hotpotqa,Llama-3.3-70B-Instruct,2679,7,0,1
hotpotqa,Llama-3.3-70B-Instruct,2702,4,1,1
hotpotqa,Llama-3.3-70B-Instruct,2702,5,1,0
hotpotqa,Llama-3.3-70B-Instruct,2705,3,0,1
hotpotqa,Llama-3.3-70B-Instruct,2711,2,1,0
hotpotqa,Llama-3.3-70B-Instruct,2733,2,0,1
hotpotqa,Llama-3.3-70B-Instruct,2748,1,1,0
hotpotqa,Llama-3.3-70B-Instruct,2812,5,1,0
hotpotqa,Llama-3.3-70B-Instruct,2812,7,0,1
hotpotqa,Llama-3.3-70B-Instruct,2825,5,1,0
hotpotqa,Llama-3.3-70B-Instruct,2826,1,1,0
hotpotqa,Llama-3.3-70B-Instruct,2835,4,1,0
hotpotqa,Llama-3.3-70B-Instruct,2835,6,1,0
hotpotqa,Llama-3.3-70B-Instruct,2836,4,1,0
hotpotqa,Llama-3.3-70B-Instruct,2836,6,1,0
hotpotqa,Llama-3.3-70B-Instruct,2854,2,1,0
hotpotqa,Llama-3.3-70B-Instruct,2854,4,1,1
hotpotqa,Llama-3.3-70B-Instruct,2864,1,0,1
hotpotqa,Llama-3.3-70B-Instruct,2864,3,1,0
hotpotqa,Llama-3.3-70B-Instruct,2925,2,0,1
hotpotqa,Llama-3.3-70B-Instruct,2925,4,0,1
hotpotqa,Llama-3.3-70B-Instruct,2925,5,1,0
hotpotqa,Llama-3.3-70B-Instruct,2925,7,1,0
hotpotqa,Llama-3.3-70B-Instruct,2927,5,1,0
hotpotqa,Llama-3.3-70B-Instruct,2927,6,1,0
hotpotqa,Llama-3.3-70B-Instruct,2973,2,0,1
hotpotqa,Llama-3.3-70B-Instruct,2973,4,1,1
hotpotqa,Llama-3.3-70B-Instruct,2988,3,1,0
hotpotqa,Llama-3.3-70B-Instruct,3033,2,1,0
hotpotqa,Llama-3.3-70B-Instruct,3115,3,1,0
hotpotqa,Llama-3.3-70B-Instruct,3115,4,1,0
hotpotqa,Llama-3.3-70B-Instruct,3124,6,0,1
hotpotqa,Llama-3.3-70B-Instruct,3169,1,1,0
hotpotqa,Llama-3.3-70B-Instruct,3188,3,1,0
hotpotqa,Llama-3.3-70B-Instruct,3188,5,1,0
hotpotqa,Llama-3.3-70B-Instruct,3188,7,1,1
hotpotqa,Llama-3.3-70B-Instruct,3234,3,1,0
hotpotqa,Llama-3.3-70B-Instruct,3234,5,1,0
hotpotqa,Llama-3.3-70B-Instruct,3253,3,1,0
hotpotqa,Llama-3.3-70B-Instruct,3291,1,1,0
hotpotqa,Llama-3.3-70B-Instruct,3291,4,0,1
hotpotqa,Llama-3.3-70B-Instruct,3291,6,1,1
hotpotqa,Llama-3.3-70B-Instruct,3368,2,1,0
hotpotqa,Llama-3.3-70B-Instruct,3378,1,0,1
hotpotqa,Llama-3.3-70B-Instruct,3388,5,1,0
hotpotqa,Llama-3.3-70B-Instruct,3395,4,1,1
hotpotqa,Llama-3.3-70B-Instruct,3395,6,1,1
hotpotqa,Llama-3.3-70B-Instruct,3446,5,1,1
hotpotqa,Llama-3.3-70B-Instruct,3446,6,1,0
hotpotqa,Llama-3.3-70B-Instruct,3465,4,0,1
hotpotqa,Llama-3.3-70B-Instruct,3485,3,1,1
hotpotqa,Llama-3.3-70B-Instruct,3491,3,0,1
hotpotqa,Llama-3.3-70B-Instruct,3491,5,1,0
hotpotqa,Llama-3.3-70B-Instruct,3491,6,1,1
hotpotqa,Llama-3.3-70B-Instruct,3498,1,1,0
hotpotqa,Llama-3.3-70B-Instruct,3498,3,1,0
hotpotqa,Llama-3.3-70B-Instruct,3522,3,1,0
hotpotqa,Llama-3.3-70B-Instruct,3531,2,1,0
hotpotqa,Llama-3.3-70B-Instruct,3531,4,1,1
hotpotqa,Llama-3.3-70B-Instruct,3536,2,1,0
hotpotqa,Llama-3.3-70B-Instruct,3536,3,1,1
hotpotqa,Llama-3.3-70B-Instruct,3536,5,0,1
hotpotqa,Llama-3.3-70B-Instruct,3536,6,0,1
hotpotqa,Llama-3.3-70B-Instruct,3538,3,1,1
hotpotqa,Llama-3.3-70B-Instruct,3538,4,0,1
hotpotqa,Llama-3.3-70B-Instruct,3538,6,1,0
hotpotqa,Llama-3.3-70B-Instruct,3543,3,1,0
hotpotqa,Llama-3.3-70B-Instruct,3543,4,1,0
hotpotqa,Llama-3.3-70B-Instruct,3567,2,0,1
hotpotqa,Llama-3.3-70B-Instruct,3567,5,1,0
hotpotqa,Llama-3.3-70B-Instruct,3582,1,1,0
hotpotqa,Llama-3.3-70B-Instruct,3618,4,1,1
hotpotqa,Llama-3.3-70B-Instruct,3618,6,0,1
hotpotqa,Llama-3.3-70B-Instruct,3634,2,1,0
hotpotqa,Llama-3.3-70B-Instruct,3653,6,1,0
hotpotqa,Llama-3.3-70B-Instruct,3653,7,1,0
hotpotqa,Llama-3.3-70B-Instruct,3687,2,1,0
hotpotqa,Llama-3.3-70B-Instruct,3687,3,0,1
hotpotqa,Llama-3.3-70B-Instruct,3687,4,1,0
hotpotqa,Llama-3.3-70B-Instruct,3687,5,1,0
hotpotqa,Llama-3.3-70B-Instruct,3687,6,1,0
hotpotqa,Llama-3.3-70B-Instruct,3687,7,1,0
hotpotqa,Llama-3.3-70B-Instruct,3696,6,0,1
hotpotqa,Llama-3.3-70B-Instruct,3725,1,0,1
hotpotqa,Llama-3.3-70B-Instruct,3750,5,1,0
hotpotqa,Llama-3.3-70B-Instruct,3750,7,1,1
hotpotqa,Llama-3.3-70B-Instruct,3760,2,1,0
hotpotqa,Llama-3.3-70B-Instruct,3805,2,0,1
hotpotqa,Llama-3.3-70B-Instruct,3805,4,1,0
hotpotqa,Llama-3.3-70B-Instruct,3819,1,1,0
hotpotqa,Llama-3.3-70B-Instruct,3873,6,1,0
hotpotqa,Llama-3.3-70B-Instruct,3873,7,0,1
hotpotqa,Llama-3.3-70B-Instruct,3983,2,1,0
hotpotqa,Llama-3.3-70B-Instruct,3991,3,1,0
hotpotqa,Llama-3.3-70B-Instruct,3991,4,1,0
hotpotqa,Llama-3.3-70B-Instruct,3991,5,1,0
hotpotqa,Llama-3.3-70B-Instruct,3992,1,1,0
hotpotqa,Llama-3.3-70B-Instruct,4025,3,1,0
hotpotqa,Llama-3.3-70B-Instruct,4029,7,1,1
hotpotqa,Llama-3.3-70B-Instruct,4050,1,0,1
hotpotqa,Llama-3.3-70B-Instruct,4052,3,1,0
hotpotqa,Llama-3.3-70B-Instruct,4052,5,1,0
hotpotqa,Llama-3.3-70B-Instruct,4073,3,1,0
hotpotqa,Llama-3.3-70B-Instruct,4073,5,1,1
hotpotqa,Llama-3.3-70B-Instruct,4079,3,0,1
hotpotqa,Llama-3.3-70B-Instruct,4097,2,0,1
hotpotqa,Llama-3.3-70B-Instruct,4097,5,1,0
hotpotqa,Llama-3.3-70B-Instruct,4097,6,1,1
hotpotqa,Llama-3.3-70B-Instruct,4104,1,1,0
hotpotqa,Llama-3.3-70B-Instruct,4104,6,1,1
hotpotqa,Llama-3.3-70B-Instruct,4116,2,1,0
hotpotqa,Llama-3.3-70B-Instruct,4116,6,1,1
hotpotqa,Llama-3.3-70B-Instruct,4116,7,1,1
hotpotqa,Llama-3.3-70B-Instruct,4133,2,1,1
hotpotqa,Llama-3.3-70B-Instruct,4133,3,1,0
hotpotqa,Llama-3.3-70B-Instruct,4177,3,1,0
hotpotqa,Llama-3.3-70B-Instruct,4177,4,1,0
hotpotqa,Llama-3.3-70B-Instruct,4180,2,0,1
hotpotqa,Llama-3.3-70B-Instruct,4213,1,1,0
hotpotqa,Llama-3.3-70B-Instruct,4213,3,1,1
hotpotqa,Llama-3.3-70B-Instruct,4248,5,1,1
hotpotqa,Llama-3.3-70B-Instruct,4261,2,1,0
hotpotqa,Llama-3.3-70B-Instruct,4274,3,1,1
hotpotqa,Llama-3.3-70B-Instruct,4274,4,0,1
hotpotqa,Llama-3.3-70B-Instruct,4278,1,1,0
hotpotqa,Llama-3.3-70B-Instruct,4278,3,1,0
hotpotqa,Llama-3.3-70B-Instruct,4321,1,0,1
hotpotqa,Llama-3.3-70B-Instruct,4334,1,1,0
hotpotqa,Llama-3.3-70B-Instruct,4341,1,1,0
hotpotqa,Llama-3.3-70B-Instruct,4360,5,1,0
hotpotqa,Llama-3.3-70B-Instruct,4385,3,0,1
hotpotqa,Llama-3.3-70B-Instruct,4385,6,1,1
hotpotqa,Llama-3.3-70B-Instruct,4392,2,0,1
hotpotqa,Llama-3.3-70B-Instruct,4392,3,1,0
hotpotqa,Llama-3.3-70B-Instruct,4392,4,1,1
hotpotqa,Llama-3.3-70B-Instruct,4392,5,1,0
hotpotqa,Llama-3.3-70B-Instruct,4414,2,0,1
hotpotqa,Llama-3.3-70B-Instruct,4450,3,1,0
hotpotqa,Llama-3.3-70B-Instruct,4506,1,0,1
hotpotqa,Llama-3.3-70B-Instruct,4523,2,1,0
hotpotqa,Llama-3.3-70B-Instruct,4543,5,1,0
hotpotqa,Llama-3.3-70B-Instruct,4543,6,1,0
hotpotqa,Llama-3.3-70B-Instruct,4543,7,1,1
hotpotqa,Llama-3.3-70B-Instruct,4551,3,0,1
hotpotqa,Llama-3.3-70B-Instruct,4560,3,1,0
hotpotqa,Llama-3.3-70B-Instruct,4560,4,1,1
hotpotqa,Llama-3.3-70B-Instruct,4560,5,1,1
hotpotqa,Llama-3.3-70B-Instruct,4560,6,1,0
hotpotqa,Llama-3.3-70B-Instruct,4592,6,1,0
hotpotqa,Llama-3.3-70B-Instruct,4646,5,1,1
hotpotqa,Llama-3.3-70B-Instruct,4646,7,1,1
hotpotqa,Llama-3.3-70B-Instruct,4660,3,1,0
hotpotqa,Llama-3.3-70B-Instruct,4660,4,1,0
hotpotqa,Llama-3.3-70B-Instruct,4660,5,1,1
hotpotqa,Llama-3.3-70B-Instruct,4660,7,1,0
hotpotqa,Llama-3.3-70B-Instruct,4678,3,1,0
hotpotqa,Llama-3.3-70B-Instruct,4690,2,0,1
hotpotqa,Llama-3.3-70B-Instruct,4737,1,0,1
hotpotqa,Llama-3.3-70B-Instruct,4737,4,1,0
hotpotqa,Llama-3.3-70B-Instruct,4737,7,1,1
hotpotqa,Llama-3.3-70B-Instruct,4739,2,1,1
hotpotqa,Llama-3.3-70B-Instruct,4744,6,1,0
hotpotqa,Llama-3.3-70B-Instruct,4744,7,1,1
hotpotqa,Llama-3.3-70B-Instruct,4752,4,1,0
hotpotqa,Llama-3.3-70B-Instruct,4758,3,1,0
hotpotqa,Llama-3.3-70B-Instruct,4758,6,0,1
hotpotqa,Llama-3.3-70B-Instruct,4784,2,1,1
hotpotqa,Llama-3.3-70B-Instruct,4784,4,0,1
hotpotqa,Llama-3.3-70B-Instruct,4832,3,0,1
hotpotqa,Llama-3.3-70B-Instruct,4832,7,1,1
hotpotqa,Llama-3.3-70B-Instruct,4856,1,1,0
hotpotqa,Llama-3.3-70B-Instruct,4856,3,1,0
hotpotqa,Llama-3.3-70B-Instruct,4856,5,0,1
hotpotqa,Llama-3.3-70B-Instruct,4923,4,1,0
hotpotqa,Llama-3.3-70B-Instruct,4923,6,1,0
hotpotqa,Llama-3.3-70B-Instruct,4923,7,1,0
hotpotqa,Llama-3.3-70B-Instruct,4929,4,1,0
hotpotqa,Llama-3.3-70B-Instruct,4980,2,1,0
hotpotqa,Llama-3.3-70B-Instruct,4981,4,1,1
hotpotqa,Llama-3.3-70B-Instruct,4981,6,1,0
hotpotqa,Llama-3.3-70B-Instruct,4981,7,1,0
hotpotqa,Llama-3.3-70B-Instruct,4997,2,0,1
hotpotqa,Llama-3.3-70B-Instruct,4997,3,1,0
hotpotqa,Llama-3.3-70B-Instruct,5016,6,1,0
hotpotqa,Llama-3.3-70B-Instruct,5032,7,1,0
hotpotqa,Llama-3.3-70B-Instruct,5063,2,1,0
hotpotqa,Llama-3.3-70B-Instruct,5071,5,1,0
hotpotqa,Llama-3.3-70B-Instruct,5074,1,1,0
hotpotqa,Llama-3.3-70B-Instruct,5074,3,1,0
hotpotqa,Llama-3.3-70B-Instruct,5074,6,0,1
hotpotqa,Llama-3.3-70B-Instruct,5074,7,1,0
hotpotqa,Llama-3.3-70B-Instruct,5080,1,1,0
hotpotqa,Llama-3.3-70B-Instruct,5080,3,1,0
hotpotqa,Llama-3.3-70B-Instruct,5120,2,0,1
hotpotqa,Llama-3.3-70B-Instruct,5155,2,1,0
hotpotqa,Llama-3.3-70B-Instruct,5199,6,0,1
hotpotqa,Llama-3.3-70B-Instruct,5274,1,0,1
hotpotqa,Llama-3.3-70B-Instruct,5274,7,1,0
hotpotqa,Llama-3.3-70B-Instruct,5291,1,1,0
hotpotqa,Llama-3.3-70B-Instruct,5373,7,1,0
hotpotqa,Llama-3.3-70B-Instruct,5388,3,0,1
hotpotqa,Llama-3.3-70B-Instruct,5388,4,1,1
hotpotqa,Llama-3.3-70B-Instruct,5446,2,1,1
hotpotqa,Llama-3.3-70B-Instruct,5472,2,1,0
hotpotqa,Llama-3.3-70B-Instruct,5472,5,1,0
hotpotqa,Llama-3.3-70B-Instruct,5472,6,1,1
hotpotqa,Llama-3.3-70B-Instruct,5486,3,0,1
hotpotqa,Llama-3.3-70B-Instruct,5503,6,1,1
hotpotqa,Llama-3.3-70B-Instruct,5504,5,1,0
hotpotqa,Llama-3.3-70B-Instruct,5532,6,1,0
hotpotqa,Llama-3.3-70B-Instruct,5540,2,1,0
hotpotqa,Llama-3.3-70B-Instruct,5540,4,0,1
hotpotqa,Llama-3.3-70B-Instruct,5545,3,1,0
hotpotqa,Llama-3.3-70B-Instruct,5545,4,1,1
hotpotqa,Llama-3.3-70B-Instruct,5545,5,1,0
hotpotqa,Llama-3.3-70B-Instruct,5545,6,1,1
hotpotqa,Llama-3.3-70B-Instruct,5571,1,0,1
hotpotqa,Llama-3.3-70B-Instruct,5571,2,1,0
hotpotqa,Llama-3.3-70B-Instruct,5571,5,1,1
hotpotqa,Llama-3.3-70B-Instruct,5573,1,1,0
hotpotqa,Llama-3.3-70B-Instruct,5615,1,0,1
hotpotqa,Llama-3.3-70B-Instruct,5630,2,1,0
hotpotqa,Llama-3.3-70B-Instruct,5630,3,1,0
hotpotqa,Llama-3.3-70B-Instruct,5630,6,1,0
hotpotqa,Llama-3.3-70B-Instruct,5660,5,0,1
hotpotqa,Llama-3.3-70B-Instruct,5660,6,1,0
hotpotqa,Llama-3.3-70B-Instruct,5660,7,1,1
hotpotqa,Llama-3.3-70B-Instruct,5671,3,1,0
hotpotqa,Llama-3.3-70B-Instruct,5686,1,0,1
hotpotqa,Llama-3.3-70B-Instruct,5686,2,1,0
hotpotqa,Llama-3.3-70B-Instruct,5686,4,0,1
hotpotqa,Llama-3.3-70B-Instruct,5686,5,0,1
hotpotqa,Llama-3.3-70B-Instruct,5699,4,1,0
hotpotqa,Llama-3.3-70B-Instruct,5699,5,1,0
hotpotqa,Llama-3.3-70B-Instruct,5699,7,1,1
hotpotqa,Llama-3.3-70B-Instruct,5704,4,0,1
hotpotqa,Llama-3.3-70B-Instruct,5711,3,1,0
hotpotqa,Llama-3.3-70B-Instruct,5711,6,1,0
hotpotqa,Llama-3.3-70B-Instruct,5747,1,1,0
hotpotqa,Llama-3.3-70B-Instruct,5747,2,1,1
hotpotqa,Llama-3.3-70B-Instruct,5747,6,1,0
hotpotqa,Llama-3.3-70B-Instruct,5747,7,0,1
hotpotqa,Llama-3.3-70B-Instruct,5780,5,1,0
hotpotqa,Llama-3.3-70B-Instruct,5780,6,1,0
hotpotqa,Llama-3.3-70B-Instruct,5780,7,1,1
hotpotqa,Llama-3.3-70B-Instruct,5821,4,1,0
hotpotqa,Llama-3.3-70B-Instruct,5853,1,0,1
hotpotqa,Llama-3.3-70B-Instruct,5853,4,1,0
hotpotqa,Llama-3.3-70B-Instruct,5853,6,1,0
hotpotqa,Llama-3.3-70B-Instruct,5866,4,1,1
hotpotqa,Llama-3.3-70B-Instruct,5866,6,1,1
hotpotqa,Llama-3.3-70B-Instruct,5931,4,1,0
hotpotqa,Llama-3.3-70B-Instruct,5962,3,1,1
hotpotqa,Llama-3.3-70B-Instruct,5965,1,0,1
hotpotqa,Llama-3.3-70B-Instruct,6014,6,1,1
hotpotqa,Llama-3.3-70B-Instruct,6014,7,1,1
hotpotqa,Llama-3.3-70B-Instruct,6028,3,0,1
hotpotqa,Llama-3.3-70B-Instruct,6028,5,1,0
hotpotqa,Llama-3.3-70B-Instruct,6030,3,1,0
hotpotqa,Llama-3.3-70B-Instruct,6055,3,1,0
hotpotqa,Llama-3.3-70B-Instruct,6055,4,1,0
hotpotqa,Llama-3.3-70B-Instruct,6055,6,1,0
hotpotqa,Llama-3.3-70B-Instruct,6063,1,0,1
hotpotqa,Llama-3.3-70B-Instruct,6063,3,1,0
hotpotqa,Llama-3.3-70B-Instruct,6063,5,1,0
hotpotqa,Llama-3.3-70B-Instruct,6063,6,1,0
hotpotqa,Llama-3.3-70B-Instruct,6092,3,0,1
hotpotqa,Llama-3.3-70B-Instruct,6108,3,1,0
hotpotqa,Llama-3.3-70B-Instruct,6149,3,1,0
hotpotqa,Llama-3.3-70B-Instruct,6151,6,1,0
hotpotqa,Llama-3.3-70B-Instruct,6158,3,1,0
hotpotqa,Llama-3.3-70B-Instruct,6166,6,1,1
hotpotqa,Llama-3.3-70B-Instruct,6166,7,1,1
hotpotqa,Llama-3.3-70B-Instruct,6174,1,0,1
hotpotqa,Llama-3.3-70B-Instruct,6175,3,1,0
hotpotqa,Llama-3.3-70B-Instruct,6175,4,1,1
hotpotqa,Llama-3.3-70B-Instruct,6175,6,1,0
hotpotqa,Llama-3.3-70B-Instruct,6180,1,1,0
hotpotqa,Llama-3.3-70B-Instruct,6180,6,1,0
hotpotqa,Llama-3.3-70B-Instruct,6216,4,1,0
hotpotqa,Llama-3.3-70B-Instruct,6237,2,0,1
hotpotqa,Llama-3.3-70B-Instruct,6249,4,1,0
hotpotqa,Llama-3.3-70B-Instruct,6249,6,1,0
hotpotqa,Llama-3.3-70B-Instruct,6268,1,0,1
hotpotqa,Llama-3.3-70B-Instruct,6294,2,1,1
hotpotqa,Llama-3.3-70B-Instruct,6333,1,0,1
hotpotqa,Llama-3.3-70B-Instruct,6378,1,0,1
hotpotqa,Llama-3.3-70B-Instruct,6386,4,1,1
hotpotqa,Llama-3.3-70B-Instruct,6399,4,1,0
hotpotqa,Llama-3.3-70B-Instruct,6406,1,1,0
hotpotqa,Llama-3.3-70B-Instruct,6414,3,1,0
hotpotqa,Llama-3.3-70B-Instruct,6432,1,1,1
hotpotqa,Llama-3.3-70B-Instruct,6432,6,1,0
hotpotqa,Llama-3.3-70B-Instruct,6434,3,0,1
hotpotqa,Llama-3.3-70B-Instruct,6467,2,1,0
hotpotqa,Llama-3.3-70B-Instruct,6467,3,1,1
hotpotqa,Llama-3.3-70B-Instruct,6490,3,1,0
hotpotqa,Llama-3.3-70B-Instruct,6490,5,0,1
hotpotqa,Llama-3.3-70B-Instruct,6494,5,1,1
hotpotqa,Llama-3.3-70B-Instruct,6494,6,1,0
hotpotqa,Llama-3.3-70B-Instruct,6524,3,1,0
hotpotqa,Llama-3.3-70B-Instruct,6524,5,1,1
hotpotqa,Llama-3.3-70B-Instruct,6527,1,1,0
hotpotqa,Llama-3.3-70B-Instruct,6528,2,1,0
hotpotqa,Llama-3.3-70B-Instruct,6528,6,0,1
hotpotqa,Llama-3.3-70B-Instruct,6586,4,1,0
hotpotqa,Llama-3.3-70B-Instruct,6586,6,1,0
hotpotqa,Llama-3.3-70B-Instruct,6592,3,0,1
hotpotqa,Llama-3.3-70B-Instruct,6596,2,1,0
hotpotqa,Llama-3.3-70B-Instruct,6596,5,1,1
hotpotqa,Llama-3.3-70B-Instruct,6596,7,1,1
hotpotqa,Llama-3.3-70B-Instruct,6626,5,1,0
hotpotqa,Llama-3.3-70B-Instruct,6626,6,1,1
hotpotqa,Llama-3.3-70B-Instruct,6669,1,1,0
hotpotqa,Llama-3.3-70B-Instruct,6696,2,1,0
hotpotqa,Llama-3.3-70B-Instruct,6700,1,1,0
hotpotqa,Llama-3.3-70B-Instruct,6709,4,1,1
hotpotqa,Llama-3.3-70B-Instruct,6709,7,0,1
hotpotqa,Llama-3.3-70B-Instruct,6779,1,1,0
hotpotqa,Llama-3.3-70B-Instruct,6779,3,1,0
hotpotqa,Llama-3.3-70B-Instruct,6781,1,0,1
hotpotqa,Llama-3.3-70B-Instruct,6800,3,1,1
hotpotqa,Llama-3.3-70B-Instruct,6800,5,0,1
hotpotqa,Llama-3.3-70B-Instruct,6800,6,1,0
hotpotqa,Llama-3.3-70B-Instruct,6800,7,1,0
hotpotqa,Llama-3.3-70B-Instruct,6819,2,1,0
hotpotqa,Llama-3.3-70B-Instruct,6819,5,1,0
hotpotqa,Llama-3.3-70B-Instruct,6913,1,0,1
hotpotqa,Llama-3.3-70B-Instruct,6916,2,0,1
hotpotqa,Llama-3.3-70B-Instruct,6916,6,1,1
hotpotqa,Llama-3.3-70B-Instruct,6952,3,1,0
hotpotqa,Llama-3.3-70B-Instruct,6986,5,1,0
hotpotqa,Llama-3.3-70B-Instruct,6986,7,1,0
hotpotqa,Llama-3.3-70B-Instruct,6996,3,1,0
hotpotqa,Llama-3.3-70B-Instruct,6996,4,1,0
hotpotqa,Llama-3.3-70B-Instruct,7039,1,0,1
hotpotqa,Llama-3.3-70B-Instruct,7050,5,1,1
hotpotqa,Llama-3.3-70B-Instruct,7050,6,1,0
hotpotqa,Llama-3.3-70B-Instruct,7067,3,1,0
hotpotqa,Llama-3.3-70B-Instruct,7067,5,1,0
hotpotqa,Llama-3.3-70B-Instruct,7067,6,1,1
hotpotqa,Llama-3.3-70B-Instruct,7081,3,1,0
hotpotqa,Llama-3.3-70B-Instruct,7081,4,1,0
hotpotqa,Llama-3.3-70B-Instruct,7085,3,1,1
hotpotqa,Llama-3.3-70B-Instruct,7085,5,1,0
hotpotqa,Llama-3.3-70B-Instruct,7085,6,1,0
hotpotqa,Llama-3.3-70B-Instruct,7085,7,0,1
hotpotqa,Llama-3.3-70B-Instruct,7094,4,1,0
hotpotqa,Llama-3.3-70B-Instruct,7111,3,1,1
hotpotqa,Llama-3.3-70B-Instruct,7111,4,1,0
hotpotqa,Llama-3.3-70B-Instruct,7174,1,1,0
hotpotqa,Llama-3.3-70B-Instruct,7174,5,1,0
hotpotqa,Llama-3.3-70B-Instruct,7247,5,0,1
hotpotqa,Llama-3.3-70B-Instruct,7256,5,1,1
hotpotqa,Llama-3.3-70B-Instruct,7256,6,1,0
hotpotqa,Llama-3.3-70B-Instruct,7275,3,1,0
hotpotqa,Llama-3.3-70B-Instruct,7318,4,1,1
hotpotqa,Llama-3.3-70B-Instruct,7318,5,1,0
hotpotqa,Llama-3.3-70B-Instruct,7318,6,1,1
hotpotqa,Llama-3.3-70B-Instruct,7318,7,1,0
hotpotqa,Llama-3.3-70B-Instruct,7353,5,1,0
hotpotqa,Mistral-7B-Instruct-v0.3,3,7,1,0
hotpotqa,Mistral-7B-Instruct-v0.3,12,1,1,0
hotpotqa,Mistral-7B-Instruct-v0.3,12,5,0,1
hotpotqa,Mistral-7B-Instruct-v0.3,26,3,0,1
hotpotqa,Mistral-7B-Instruct-v0.3,26,7,1,0
hotpotqa,Mistral-7B-Instruct-v0.3,60,3,0,1
hotpotqa,Mistral-7B-Instruct-v0.3,84,1,1,1
hotpotqa,Mistral-7B-Instruct-v0.3,84,4,1,0
hotpotqa,Mistral-7B-Instruct-v0.3,88,7,0,1
hotpotqa,Mistral-7B-Instruct-v0.3,92,3,0,1
hotpotqa,Mistral-7B-Instruct-v0.3,110,3,1,0
hotpotqa,Mistral-7B-Instruct-v0.3,110,7,1,0
hotpotqa,Mistral-7B-Instruct-v0.3,129,1,1,0
hotpotqa,Mistral-7B-Instruct-v0.3,129,7,1,0
hotpotqa,Mistral-7B-Instruct-v0.3,136,1,1,0
hotpotqa,Mistral-7B-Instruct-v0.3,151,3,1,0
hotpotqa,Mistral-7B-Instruct-v0.3,156,5,1,0
hotpotqa,Mistral-7B-Instruct-v0.3,156,6,0,1
hotpotqa,Mistral-7B-Instruct-v0.3,200,5,1,0
hotpotqa,Mistral-7B-Instruct-v0.3,200,6,1,1
hotpotqa,Mistral-7B-Instruct-v0.3,200,7,1,0
hotpotqa,Mistral-7B-Instruct-v0.3,214,1,0,1
hotpotqa,Mistral-7B-Instruct-v0.3,214,2,1,0
hotpotqa,Mistral-7B-Instruct-v0.3,214,3,1,0
hotpotqa,Mistral-7B-Instruct-v0.3,214,4,1,0
hotpotqa,Mistral-7B-Instruct-v0.3,214,7,1,0
hotpotqa,Mistral-7B-Instruct-v0.3,217,4,1,0
hotpotqa,Mistral-7B-Instruct-v0.3,251,1,1,1
hotpotqa,Mistral-7B-Instruct-v0.3,251,3,1,0
hotpotqa,Mistral-7B-Instruct-v0.3,280,1,1,0
hotpotqa,Mistral-7B-Instruct-v0.3,280,6,1,0
hotpotqa,Mistral-7B-Instruct-v0.3,319,4,1,0
hotpotqa,Mistral-7B-Instruct-v0.3,319,6,1,1
hotpotqa,Mistral-7B-Instruct-v0.3,339,7,1,0
hotpotqa,Mistral-7B-Instruct-v0.3,415,6,1,0
hotpotqa,Mistral-7B-Instruct-v0.3,433,5,1,0
hotpotqa,Mistral-7B-Instruct-v0.3,457,1,0,1
hotpotqa,Mistral-7B-Instruct-v0.3,457,7,1,0
hotpotqa,Mistral-7B-Instruct-v0.3,468,1,1,0
hotpotqa,Mistral-7B-Instruct-v0.3,476,3,1,0
hotpotqa,Mistral-7B-Instruct-v0.3,476,4,0,1
hotpotqa,Mistral-7B-Instruct-v0.3,476,5,1,0
hotpotqa,Mistral-7B-Instruct-v0.3,476,7,1,0
hotpotqa,Mistral-7B-Instruct-v0.3,489,7,0,1
hotpotqa,Mistral-7B-Instruct-v0.3,494,1,0,1
hotpotqa,Mistral-7B-Instruct-v0.3,494,4,1,0
hotpotqa,Mistral-7B-Instruct-v0.3,494,5,1,0
hotpotqa,Mistral-7B-Instruct-v0.3,541,4,1,0
hotpotqa,Mistral-7B-Instruct-v0.3,562,5,1,0
hotpotqa,Mistral-7B-Instruct-v0.3,562,7,1,0
hotpotqa,Mistral-7B-Instruct-v0.3,564,4,1,0
hotpotqa,Mistral-7B-Instruct-v0.3,564,6,1,0
hotpotqa,Mistral-7B-Instruct-v0.3,564,7,1,0
hotpotqa,Mistral-7B-Instruct-v0.3,612,5,1,0
hotpotqa,Mistral-7B-Instruct-v0.3,628,1,1,0
hotpotqa,Mistral-7B-Instruct-v0.3,632,6,1,0
hotpotqa,Mistral-7B-Instruct-v0.3,632,7,0,1
hotpotqa,Mistral-7B-Instruct-v0.3,648,7,1,0
hotpotqa,Mistral-7B-Instruct-v0.3,670,2,0,1
hotpotqa,Mistral-7B-Instruct-v0.3,670,7,1,1
hotpotqa,Mistral-7B-Instruct-v0.3,687,1,1,0
hotpotqa,Mistral-7B-Instruct-v0.3,687,3,0,1
hotpotqa,Mistral-7B-Instruct-v0.3,687,6,1,1
hotpotqa,Mistral-7B-Instruct-v0.3,690,3,1,0
hotpotqa,Mistral-7B-Instruct-v0.3,734,2,1,0
hotpotqa,Mistral-7B-Instruct-v0.3,734,3,1,0
hotpotqa,Mistral-7B-Instruct-v0.3,738,7,0,1
hotpotqa,Mistral-7B-Instruct-v0.3,753,1,1,0
hotpotqa,Mistral-7B-Instruct-v0.3,797,2,1,0
hotpotqa,Mistral-7B-Instruct-v0.3,797,6,0,1
hotpotqa,Mistral-7B-Instruct-v0.3,802,2,1,0
hotpotqa,Mistral-7B-Instruct-v0.3,802,4,1,0
hotpotqa,Mistral-7B-Instruct-v0.3,802,6,1,0
hotpotqa,Mistral-7B-Instruct-v0.3,807,1,0,1
hotpotqa,Mistral-7B-Instruct-v0.3,816,4,0,1
hotpotqa,Mistral-7B-Instruct-v0.3,816,5,1,0
hotpotqa,Mistral-7B-Instruct-v0.3,816,7,1,0
hotpotqa,Mistral-7B-Instruct-v0.3,851,4,1,1
hotpotqa,Mistral-7B-Instruct-v0.3,851,5,1,0
hotpotqa,Mistral-7B-Instruct-v0.3,891,5,1,0
hotpotqa,Mistral-7B-Instruct-v0.3,899,5,1,0
hotpotqa,Mistral-7B-Instruct-v0.3,899,6,1,0
hotpotqa,Mistral-7B-Instruct-v0.3,909,2,1,0
hotpotqa,Mistral-7B-Instruct-v0.3,909,3,1,0
hotpotqa,Mistral-7B-Instruct-v0.3,909,4,1,1
hotpotqa,Mistral-7B-Instruct-v0.3,909,5,1,1
hotpotqa,Mistral-7B-Instruct-v0.3,909,7,1,0
hotpotqa,Mistral-7B-Instruct-v0.3,919,3,0,1
hotpotqa,Mistral-7B-Instruct-v0.3,919,4,1,0
hotpotqa,Mistral-7B-Instruct-v0.3,919,5,1,1
hotpotqa,Mistral-7B-Instruct-v0.3,923,1,0,1
hotpotqa,Mistral-7B-Instruct-v0.3,924,3,1,0
hotpotqa,Mistral-7B-Instruct-v0.3,924,5,1,0
hotpotqa,Mistral-7B-Instruct-v0.3,1009,1,0,1
hotpotqa,Mistral-7B-Instruct-v0.3,1084,2,1,0
hotpotqa,Mistral-7B-Instruct-v0.3,1107,5,1,0
hotpotqa,Mistral-7B-Instruct-v0.3,1107,7,1,1
hotpotqa,Mistral-7B-Instruct-v0.3,1114,7,0,1
hotpotqa,Mistral-7B-Instruct-v0.3,1143,7,1,0
hotpotqa,Mistral-7B-Instruct-v0.3,1146,5,1,0
hotpotqa,Mistral-7B-Instruct-v0.3,1146,6,1,0
hotpotqa,Mistral-7B-Instruct-v0.3,1162,5,1,0
hotpotqa,Mistral-7B-Instruct-v0.3,1162,6,1,1
hotpotqa,Mistral-7B-Instruct-v0.3,1176,1,1,0
hotpotqa,Mistral-7B-Instruct-v0.3,1176,3,1,0
hotpotqa,Mistral-7B-Instruct-v0.3,1176,4,1,1
hotpotqa,Mistral-7B-Instruct-v0.3,1176,7,1,0
hotpotqa,Mistral-7B-Instruct-v0.3,1187,4,1,1
hotpotqa,Mistral-7B-Instruct-v0.3,1187,5,1,0
hotpotqa,Mistral-7B-Instruct-v0.3,1217,1,1,0
hotpotqa,Mistral-7B-Instruct-v0.3,1217,6,0,1
hotpotqa,Mistral-7B-Instruct-v0.3,1222,1,0,1
hotpotqa,Mistral-7B-Instruct-v0.3,1237,2,0,1
hotpotqa,Mistral-7B-Instruct-v0.3,1245,6,1,1
hotpotqa,Mistral-7B-Instruct-v0.3,1270,1,1,0
hotpotqa,Mistral-7B-Instruct-v0.3,1270,2,1,0
hotpotqa,Mistral-7B-Instruct-v0.3,1270,4,0,1
hotpotqa,Mistral-7B-Instruct-v0.3,1270,5,1,0
hotpotqa,Mistral-7B-Instruct-v0.3,1307,5,1,1
hotpotqa,Mistral-7B-Instruct-v0.3,1320,5,1,0
hotpotqa,Mistral-7B-Instruct-v0.3,1335,2,1,0
hotpotqa,Mistral-7B-Instruct-v0.3,1335,5,1,0
hotpotqa,Mistral-7B-Instruct-v0.3,1335,6,1,0
hotpotqa,Mistral-7B-Instruct-v0.3,1391,4,1,0
hotpotqa,Mistral-7B-Instruct-v0.3,1399,3,1,0
hotpotqa,Mistral-7B-Instruct-v0.3,1399,5,1,0
hotpotqa,Mistral-7B-Instruct-v0.3,1429,4,1,0
hotpotqa,Mistral-7B-Instruct-v0.3,1429,5,1,0
hotpotqa,Mistral-7B-Instruct-v0.3,1439,6,1,0
hotpotqa,Mistral-7B-Instruct-v0.3,1466,1,1,0
hotpotqa,Mistral-7B-Instruct-v0.3,1466,4,0,1
hotpotqa,Mistral-7B-Instruct-v0.3,1490,3,1,0
hotpotqa,Mistral-7B-Instruct-v0.3,1515,2,1,0
hotpotqa,Mistral-7B-Instruct-v0.3,1533,5,1,0
hotpotqa,Mistral-7B-Instruct-v0.3,1533,7,1,0
hotpotqa,Mistral-7B-Instruct-v0.3,1534,6,0,1
hotpotqa,Mistral-7B-Instruct-v0.3,1534,7,1,0
hotpotqa,Mistral-7B-Instruct-v0.3,1538,3,0,1
hotpotqa,Mistral-7B-Instruct-v0.3,1538,5,1,1
hotpotqa,Mistral-7B-Instruct-v0.3,1548,1,1,0
hotpotqa,Mistral-7B-Instruct-v0.3,1548,3,1,0
hotpotqa,Mistral-7B-Instruct-v0.3,1551,3,1,0
hotpotqa,Mistral-7B-Instruct-v0.3,1557,6,1,0
hotpotqa,Mistral-7B-Instruct-v0.3,1560,3,1,0
hotpotqa,Mistral-7B-Instruct-v0.3,1574,2,1,0
hotpotqa,Mistral-7B-Instruct-v0.3,1574,3,0,1
hotpotqa,Mistral-7B-Instruct-v0.3,1574,7,1,0
hotpotqa,Mistral-7B-Instruct-v0.3,1614,1,0,1
hotpotqa,Mistral-7B-Instruct-v0.3,1614,2,1,0
hotpotqa,Mistral-7B-Instruct-v0.3,1621,3,1,0
hotpotqa,Mistral-7B-Instruct-v0.3,1621,4,1,1
hotpotqa,Mistral-7B-Instruct-v0.3,1621,7,1,0
hotpotqa,Mistral-7B-Instruct-v0.3,1707,2,1,0
hotpotqa,Mistral-7B-Instruct-v0.3,1707,6,1,0
hotpotqa,Mistral-7B-Instruct-v0.3,1707,7,1,0
hotpotqa,Mistral-7B-Instruct-v0.3,1720,7,1,0
hotpotqa,Mistral-7B-Instruct-v0.3,1727,3,1,0
hotpotqa,Mistral-7B-Instruct-v0.3,1727,5,1,0
hotpotqa,Mistral-7B-Instruct-v0.3,1748,2,1,0
hotpotqa,Mistral-7B-Instruct-v0.3,1748,3,1,0
hotpotqa,Mistral-7B-Instruct-v0.3,1748,4,1,0
hotpotqa,Mistral-7B-Instruct-v0.3,1768,6,0,1
hotpotqa,Mistral-7B-Instruct-v0.3,1771,2,0,1
hotpotqa,Mistral-7B-Instruct-v0.3,1781,2,1,0
hotpotqa,Mistral-7B-Instruct-v0.3,1781,7,0,1
hotpotqa,Mistral-7B-Instruct-v0.3,1790,2,1,0
hotpotqa,Mistral-7B-Instruct-v0.3,1790,6,1,0
hotpotqa,Mistral-7B-Instruct-v0.3,1801,2,0,1
hotpotqa,Mistral-7B-Instruct-v0.3,1801,4,1,0
hotpotqa,Mistral-7B-Instruct-v0.3,1801,7,1,0
hotpotqa,Mistral-7B-Instruct-v0.3,1828,3,0,1
hotpotqa,Mistral-7B-Instruct-v0.3,1828,7,1,0
hotpotqa,Mistral-7B-Instruct-v0.3,1855,5,1,1
hotpotqa,Mistral-7B-Instruct-v0.3,1885,1,1,0
hotpotqa,Mistral-7B-Instruct-v0.3,1885,2,1,0
hotpotqa,Mistral-7B-Instruct-v0.3,1886,2,0,1
hotpotqa,Mistral-7B-Instruct-v0.3,1886,3,1,0
hotpotqa,Mistral-7B-Instruct-v0.3,1887,1,1,0
hotpotqa,Mistral-7B-Instruct-v0.3,1887,3,0,1
hotpotqa,Mistral-7B-Instruct-v0.3,1917,7,1,0
hotpotqa,Mistral-7B-Instruct-v0.3,1937,1,1,0
hotpotqa,Mistral-7B-Instruct-v0.3,1945,5,1,0
hotpotqa,Mistral-7B-Instruct-v0.3,1949,5,1,0
hotpotqa,Mistral-7B-Instruct-v0.3,2004,4,1,0
hotpotqa,Mistral-7B-Instruct-v0.3,2004,6,1,0
hotpotqa,Mistral-7B-Instruct-v0.3,2008,5,0,1
hotpotqa,Mistral-7B-Instruct-v0.3,2019,7,1,0
hotpotqa,Mistral-7B-Instruct-v0.3,2033,2,1,0
hotpotqa,Mistral-7B-Instruct-v0.3,2033,3,0,1
hotpotqa,Mistral-7B-Instruct-v0.3,2033,5,1,0
hotpotqa,Mistral-7B-Instruct-v0.3,2033,6,1,0
hotpotqa,Mistral-7B-Instruct-v0.3,2143,6,1,0
hotpotqa,Mistral-7B-Instruct-v0.3,2143,7,1,0
hotpotqa,Mistral-7B-Instruct-v0.3,2150,1,1,0
hotpotqa,Mistral-7B-Instruct-v0.3,2150,4,1,0
hotpotqa,Mistral-7B-Instruct-v0.3,2208,1,1,0
hotpotqa,Mistral-7B-Instruct-v0.3,2208,3,0,1
hotpotqa,Mistral-7B-Instruct-v0.3,2226,7,1,0
hotpotqa,Mistral-7B-Instruct-v0.3,2261,4,1,0
hotpotqa,Mistral-7B-Instruct-v0.3,2287,4,1,0
hotpotqa,Mistral-7B-Instruct-v0.3,2287,7,1,0
hotpotqa,Mistral-7B-Instruct-v0.3,2294,1,0,1
hotpotqa,Mistral-7B-Instruct-v0.3,2294,4,1,0
hotpotqa,Mistral-7B-Instruct-v0.3,2304,5,1,0
hotpotqa,Mistral-7B-Instruct-v0.3,2382,6,1,0
hotpotqa,Mistral-7B-Instruct-v0.3,2401,2,1,0
hotpotqa,Mistral-7B-Instruct-v0.3,2401,7,1,0
hotpotqa,Mistral-7B-Instruct-v0.3,2421,4,0,1
hotpotqa,Mistral-7B-Instruct-v0.3,2424,4,1,0
hotpotqa,Mistral-7B-Instruct-v0.3,2424,6,1,0
hotpotqa,Mistral-7B-Instruct-v0.3,2434,1,1,0
hotpotqa,Mistral-7B-Instruct-v0.3,2451,1,1,0
hotpotqa,Mistral-7B-Instruct-v0.3,2451,7,0,1
hotpotqa,Mistral-7B-Instruct-v0.3,2474,4,1,0
hotpotqa,Mistral-7B-Instruct-v0.3,2474,6,0,1
hotpotqa,Mistral-7B-Instruct-v0.3,2501,3,1,0
hotpotqa,Mistral-7B-Instruct-v0.3,2521,3,0,1
hotpotqa,Mistral-7B-Instruct-v0.3,2521,5,1,0
hotpotqa,Mistral-7B-Instruct-v0.3,2543,3,1,0
hotpotqa,Mistral-7B-Instruct-v0.3,2543,4,1,0
hotpotqa,Mistral-7B-Instruct-v0.3,2543,5,1,0
hotpotqa,Mistral-7B-Instruct-v0.3,2543,7,1,0
hotpotqa,Mistral-7B-Instruct-v0.3,2545,5,1,0
hotpotqa,Mistral-7B-Instruct-v0.3,2545,6,1,1
hotpotqa,Mistral-7B-Instruct-v0.3,2559,5,1,0
hotpotqa,Mistral-7B-Instruct-v0.3,2562,3,1,0
hotpotqa,Mistral-7B-Instruct-v0.3,2562,4,1,0
hotpotqa,Mistral-7B-Instruct-v0.3,2563,2,1,1
hotpotqa,Mistral-7B-Instruct-v0.3,2563,3,1,1
hotpotqa,Mistral-7B-Instruct-v0.3,2611,1,1,0
hotpotqa,Mistral-7B-Instruct-v0.3,2611,5,1,0
hotpotqa,Mistral-7B-Instruct-v0.3,2611,6,1,0
hotpotqa,Mistral-7B-Instruct-v0.3,2646,7,1,0
hotpotqa,Mistral-7B-Instruct-v0.3,2648,7,1,0
hotpotqa,Mistral-7B-Instruct-v0.3,2662,3,1,0
hotpotqa,Mistral-7B-Instruct-v0.3,2662,4,1,0
hotpotqa,Mistral-7B-Instruct-v0.3,2672,4,1,0
hotpotqa,Mistral-7B-Instruct-v0.3,2679,6,0,1
hotpotqa,Mistral-7B-Instruct-v0.3,2702,7,1,0
hotpotqa,Mistral-7B-Instruct-v0.3,2705,1,0,1
hotpotqa,Mistral-7B-Instruct-v0.3,2705,3,0,1
hotpotqa,Mistral-7B-Instruct-v0.3,2705,5,1,1
hotpotqa,Mistral-7B-Instruct-v0.3,2711,4,1,0
hotpotqa,Mistral-7B-Instruct-v0.3,2733,3,1,0
hotpotqa,Mistral-7B-Instruct-v0.3,2748,1,1,0
hotpotqa,Mistral-7B-Instruct-v0.3,2766,2,0,1
hotpotqa,Mistral-7B-Instruct-v0.3,2811,4,1,0
hotpotqa,Mistral-7B-Instruct-v0.3,2812,2,1,0
hotpotqa,Mistral-7B-Instruct-v0.3,2812,7,1,0
hotpotqa,Mistral-7B-Instruct-v0.3,2817,3,1,0
hotpotqa,Mistral-7B-Instruct-v0.3,2817,5,1,0
hotpotqa,Mistral-7B-Instruct-v0.3,2817,6,1,1
hotpotqa,Mistral-7B-Instruct-v0.3,2823,3,1,0
hotpotqa,Mistral-7B-Instruct-v0.3,2825,6,1,0
hotpotqa,Mistral-7B-Instruct-v0.3,2826,4,1,0
hotpotqa,Mistral-7B-Instruct-v0.3,2826,5,1,0
hotpotqa,Mistral-7B-Instruct-v0.3,2835,4,0,1
hotpotqa,Mistral-7B-Instruct-v0.3,2836,1,1,0
hotpotqa,Mistral-7B-Instruct-v0.3,2836,5,1,0
hotpotqa,Mistral-7B-Instruct-v0.3,2836,6,0,1
hotpotqa,Mistral-7B-Instruct-v0.3,2854,2,1,0
hotpotqa,Mistral-7B-Instruct-v0.3,2854,4,1,0
hotpotqa,Mistral-7B-Instruct-v0.3,2854,6,1,0
hotpotqa,Mistral-7B-Instruct-v0.3,2864,2,1,0
hotpotqa,Mistral-7B-Instruct-v0.3,2864,3,1,0
hotpotqa,Mistral-7B-Instruct-v0.3,2866,1,0,1
hotpotqa,Mistral-7B-Instruct-v0.3,2866,5,1,0
hotpotqa,Mistral-7B-Instruct-v0.3,2866,7,1,0
hotpotqa,Mistral-7B-Instruct-v0.3,2889,1,1,0
hotpotqa,Mistral-7B-Instruct-v0.3,2889,3,1,0
hotpotqa,Mistral-7B-Instruct-v0.3,2921,3,1,0
hotpotqa,Mistral-7B-Instruct-v0.3,2921,6,0,1
hotpotqa,Mistral-7B-Instruct-v0.3,2921,7,1,0
hotpotqa,Mistral-7B-Instruct-v0.3,2925,1,1,0
hotpotqa,Mistral-7B-Instruct-v0.3,2925,2,1,0
hotpotqa,Mistral-7B-Instruct-v0.3,2925,4,0,1
hotpotqa,Mistral-7B-Instruct-v0.3,2927,5,0,1
hotpotqa,Mistral-7B-Instruct-v0.3,2934,6,1,0
hotpotqa,Mistral-7B-Instruct-v0.3,2951,1,1,0
hotpotqa,Mistral-7B-Instruct-v0.3,2965,1,1,0
hotpotqa,Mistral-7B-Instruct-v0.3,2965,7,1,1
hotpotqa,Mistral-7B-Instruct-v0.3,2973,1,1,0
hotpotqa,Mistral-7B-Instruct-v0.3,3010,4,1,0
hotpotqa,Mistral-7B-Instruct-v0.3,3019,4,1,0
hotpotqa,Mistral-7B-Instruct-v0.3,3023,3,0,1
hotpotqa,Mistral-7B-Instruct-v0.3,3033,6,0,1
hotpotqa,Mistral-7B-Instruct-v0.3,3115,7,1,0
hotpotqa,Mistral-7B-Instruct-v0.3,3124,5,1,0
hotpotqa,Mistral-7B-Instruct-v0.3,3129,1,1,0
hotpotqa,Mistral-7B-Instruct-v0.3,3133,1,0,1
hotpotqa,Mistral-7B-Instruct-v0.3,3169,2,1,1
hotpotqa,Mistral-7B-Instruct-v0.3,3169,4,1,0
hotpotqa,Mistral-7B-Instruct-v0.3,3188,1,1,0
hotpotqa,Mistral-7B-Instruct-v0.3,3188,4,0,1
hotpotqa,Mistral-7B-Instruct-v0.3,3196,1,1,1
hotpotqa,Mistral-7B-Instruct-v0.3,3216,2,0,1
hotpotqa,Mistral-7B-Instruct-v0.3,3216,3,1,0
hotpotqa,Mistral-7B-Instruct-v0.3,3216,5,1,0
hotpotqa,Mistral-7B-Instruct-v0.3,3216,6,1,0
hotpotqa,Mistral-7B-Instruct-v0.3,3234,4,1,0
hotpotqa,Mistral-7B-Instruct-v0.3,3234,5,1,0
hotpotqa,Mistral-7B-Instruct-v0.3,3234,6,0,1
hotpotqa,Mistral-7B-Instruct-v0.3,3253,1,1,0
hotpotqa,Mistral-7B-Instruct-v0.3,3253,2,0,1
hotpotqa,Mistral-7B-Instruct-v0.3,3253,3,1,0
hotpotqa,Mistral-7B-Instruct-v0.3,3265,1,1,0
hotpotqa,Mistral-7B-Instruct-v0.3,3265,4,1,0
hotpotqa,Mistral-7B-Instruct-v0.3,3265,7,1,1
hotpotqa,Mistral-7B-Instruct-v0.3,3291,5,1,0
hotpotqa,Mistral-7B-Instruct-v0.3,3317,6,1,0
hotpotqa,Mistral-7B-Instruct-v0.3,3355,5,0,1
hotpotqa,Mistral-7B-Instruct-v0.3,3378,1,1,0
hotpotqa,Mistral-7B-Instruct-v0.3,3378,2,1,0
hotpotqa,Mistral-7B-Instruct-v0.3,3378,5,0,1
hotpotqa,Mistral-7B-Instruct-v0.3,3388,4,1,0
hotpotqa,Mistral-7B-Instruct-v0.3,3388,5,1,0
hotpotqa,Mistral-7B-Instruct-v0.3,3395,4,0,1
hotpotqa,Mistral-7B-Instruct-v0.3,3414,3,1,0
hotpotqa,Mistral-7B-Instruct-v0.3,3446,1,1,0
hotpotqa,Mistral-7B-Instruct-v0.3,3446,4,1,0
hotpotqa,Mistral-7B-Instruct-v0.3,3459,4,1,0
hotpotqa,Mistral-7B-Instruct-v0.3,3465,1,0,1
hotpotqa,Mistral-7B-Instruct-v0.3,3465,3,0,1
hotpotqa,Mistral-7B-Instruct-v0.3,3465,6,1,0
hotpotqa,Mistral-7B-Instruct-v0.3,3473,5,1,0
hotpotqa,Mistral-7B-Instruct-v0.3,3477,1,0,1
hotpotqa,Mistral-7B-Instruct-v0.3,3477,2,1,0
hotpotqa,Mistral-7B-Instruct-v0.3,3491,6,1,0
hotpotqa,Mistral-7B-Instruct-v0.3,3491,7,0,1
hotpotqa,Mistral-7B-Instruct-v0.3,3503,5,0,1
hotpotqa,Mistral-7B-Instruct-v0.3,3503,6,0,1
hotpotqa,Mistral-7B-Instruct-v0.3,3511,1,1,0
hotpotqa,Mistral-7B-Instruct-v0.3,3536,2,1,0
hotpotqa,Mistral-7B-Instruct-v0.3,3538,1,0,1
hotpotqa,Mistral-7B-Instruct-v0.3,3538,4,1,0
hotpotqa,Mistral-7B-Instruct-v0.3,3543,1,0,1
hotpotqa,Mistral-7B-Instruct-v0.3,3556,6,1,0
hotpotqa,Mistral-7B-Instruct-v0.3,3567,1,1,0
hotpotqa,Mistral-7B-Instruct-v0.3,3567,4,1,0
hotpotqa,Mistral-7B-Instruct-v0.3,3567,5,0,1
hotpotqa,Mistral-7B-Instruct-v0.3,3578,4,1,0
hotpotqa,Mistral-7B-Instruct-v0.3,3594,5,1,0
hotpotqa,Mistral-7B-Instruct-v0.3,3618,4,1,0
hotpotqa,Mistral-7B-Instruct-v0.3,3642,5,0,1
hotpotqa,Mistral-7B-Instruct-v0.3,3653,1,1,0
hotpotqa,Mistral-7B-Instruct-v0.3,3687,3,0,1
hotpotqa,Mistral-7B-Instruct-v0.3,3687,4,1,0
hotpotqa,Mistral-7B-Instruct-v0.3,3696,1,1,1
hotpotqa,Mistral-7B-Instruct-v0.3,3696,5,1,0
hotpotqa,Mistral-7B-Instruct-v0.3,3738,2,1,0
hotpotqa,Mistral-7B-Instruct-v0.3,3738,5,1,0
hotpotqa,Mistral-7B-Instruct-v0.3,3807,3,1,0
hotpotqa,Mistral-7B-Instruct-v0.3,3807,6,1,0
hotpotqa,Mistral-7B-Instruct-v0.3,3808,3,1,0
hotpotqa,Mistral-7B-Instruct-v0.3,3819,2,1,0
hotpotqa,Mistral-7B-Instruct-v0.3,3824,2,0,1
hotpotqa,Mistral-7B-Instruct-v0.3,3824,4,0,1
hotpotqa,Mistral-7B-Instruct-v0.3,3824,7,1,1
hotpotqa,Mistral-7B-Instruct-v0.3,3873,7,1,0
hotpotqa,Mistral-7B-Instruct-v0.3,3913,2,1,0
hotpotqa,Mistral-7B-Instruct-v0.3,3913,4,0,1
hotpotqa,Mistral-7B-Instruct-v0.3,3917,4,1,1
hotpotqa,Mistral-7B-Instruct-v0.3,3991,4,1,0
hotpotqa,Mistral-7B-Instruct-v0.3,3991,6,1,0
hotpotqa,Mistral-7B-Instruct-v0.3,3992,4,1,0
hotpotqa,Mistral-7B-Instruct-v0.3,3992,5,1,1
hotpotqa,Mistral-7B-Instruct-v0.3,4025,6,1,0
hotpotqa,Mistral-7B-Instruct-v0.3,4025,7,0,1
hotpotqa,Mistral-7B-Instruct-v0.3,4029,3,1,1
hotpotqa,Mistral-7B-Instruct-v0.3,4029,4,0,1
hotpotqa,Mistral-7B-Instruct-v0.3,4029,5,1,0
hotpotqa,Mistral-7B-Instruct-v0.3,4029,6,1,0
hotpotqa,Mistral-7B-Instruct-v0.3,4029,7,1,0
hotpotqa,Mistral-7B-Instruct-v0.3,4050,2,1,0
hotpotqa,Mistral-7B-Instruct-v0.3,4052,4,1,0
hotpotqa,Mistral-7B-Instruct-v0.3,4073,5,1,0
hotpotqa,Mistral-7B-Instruct-v0.3,4079,5,1,0
hotpotqa,Mistral-7B-Instruct-v0.3,4079,6,1,0
hotpotqa,Mistral-7B-Instruct-v0.3,4082,1,1,0
hotpotqa,Mistral-7B-Instruct-v0.3,4082,7,1,0
hotpotqa,Mistral-7B-Instruct-v0.3,4097,4,1,0
hotpotqa,Mistral-7B-Instruct-v0.3,4104,2,1,0
hotpotqa,Mistral-7B-Instruct-v0.3,4104,4,1,0
hotpotqa,Mistral-7B-Instruct-v0.3,4104,6,1,0
hotpotqa,Mistral-7B-Instruct-v0.3,4116,4,0,1
hotpotqa,Mistral-7B-Instruct-v0.3,4116,7,1,0
hotpotqa,Mistral-7B-Instruct-v0.3,4118,4,1,0
hotpotqa,Mistral-7B-Instruct-v0.3,4133,2,1,0
hotpotqa,Mistral-7B-Instruct-v0.3,4133,7,0,1
hotpotqa,Mistral-7B-Instruct-v0.3,4142,4,0,1
hotpotqa,Mistral-7B-Instruct-v0.3,4152,2,1,0
hotpotqa,Mistral-7B-Instruct-v0.3,4176,2,0,1
hotpotqa,Mistral-7B-Instruct-v0.3,4176,5,1,0
hotpotqa,Mistral-7B-Instruct-v0.3,4177,3,1,0
hotpotqa,Mistral-7B-Instruct-v0.3,4179,6,1,0
hotpotqa,Mistral-7B-Instruct-v0.3,4179,7,1,0
hotpotqa,Mistral-7B-Instruct-v0.3,4180,1,0,1
hotpotqa,Mistral-7B-Instruct-v0.3,4213,1,0,1
hotpotqa,Mistral-7B-Instruct-v0.3,4213,6,1,1
hotpotqa,Mistral-7B-Instruct-v0.3,4213,7,1,0
hotpotqa,Mistral-7B-Instruct-v0.3,4220,2,0,1
hotpotqa,Mistral-7B-Instruct-v0.3,4220,3,0,1
hotpotqa,Mistral-7B-Instruct-v0.3,4220,4,1,0
hotpotqa,Mistral-7B-Instruct-v0.3,4220,5,1,0
hotpotqa,Mistral-7B-Instruct-v0.3,4237,2,0,1
hotpotqa,Mistral-7B-Instruct-v0.3,4248,1,0,1
hotpotqa,Mistral-7B-Instruct-v0.3,4248,7,1,0
hotpotqa,Mistral-7B-Instruct-v0.3,4274,2,1,0
hotpotqa,Mistral-7B-Instruct-v0.3,4282,5,1,0
hotpotqa,Mistral-7B-Instruct-v0.3,4282,6,1,0
hotpotqa,Mistral-7B-Instruct-v0.3,4330,4,1,0
hotpotqa,Mistral-7B-Instruct-v0.3,4330,5,1,0
hotpotqa,Mistral-7B-Instruct-v0.3,4341,2,0,1
hotpotqa,Mistral-7B-Instruct-v0.3,4360,7,1,0
hotpotqa,Mistral-7B-Instruct-v0.3,4385,2,1,0
hotpotqa,Mistral-7B-Instruct-v0.3,4414,7,1,0
hotpotqa,Mistral-7B-Instruct-v0.3,4421,6,1,0
hotpotqa,Mistral-7B-Instruct-v0.3,4523,4,1,0
hotpotqa,Mistral-7B-Instruct-v0.3,4525,3,1,0
hotpotqa,Mistral-7B-Instruct-v0.3,4525,4,0,1
hotpotqa,Mistral-7B-Instruct-v0.3,4543,5,0,1
hotpotqa,Mistral-7B-Instruct-v0.3,4543,7,1,0
hotpotqa,Mistral-7B-Instruct-v0.3,4586,1,1,0
hotpotqa,Mistral-7B-Instruct-v0.3,4586,2,1,0
hotpotqa,Mistral-7B-Instruct-v0.3,4586,3,1,0
hotpotqa,Mistral-7B-Instruct-v0.3,4586,7,0,1
hotpotqa,Mistral-7B-Instruct-v0.3,4592,5,1,0
hotpotqa,Mistral-7B-Instruct-v0.3,4596,2,0,1
hotpotqa,Mistral-7B-Instruct-v0.3,4596,5,1,0
hotpotqa,Mistral-7B-Instruct-v0.3,4596,6,0,1
hotpotqa,Mistral-7B-Instruct-v0.3,4596,7,1,0
hotpotqa,Mistral-7B-Instruct-v0.3,4627,2,1,0
hotpotqa,Mistral-7B-Instruct-v0.3,4627,4,1,1
hotpotqa,Mistral-7B-Instruct-v0.3,4660,2,0,1
hotpotqa,Mistral-7B-Instruct-v0.3,4660,7,1,1
hotpotqa,Mistral-7B-Instruct-v0.3,4673,1,1,0
hotpotqa,Mistral-7B-Instruct-v0.3,4673,7,1,0
hotpotqa,Mistral-7B-Instruct-v0.3,4679,5,1,0
hotpotqa,Mistral-7B-Instruct-v0.3,4690,3,1,0
hotpotqa,Mistral-7B-Instruct-v0.3,4690,6,1,0
hotpotqa,Mistral-7B-Instruct-v0.3,4737,4,1,0
hotpotqa,Mistral-7B-Instruct-v0.3,4737,6,0,1
hotpotqa,Mistral-7B-Instruct-v0.3,4741,6,1,0
hotpotqa,Mistral-7B-Instruct-v0.3,4744,2,1,0
hotpotqa,Mistral-7B-Instruct-v0.3,4745,2,1,0
hotpotqa,Mistral-7B-Instruct-v0.3,4745,5,1,0
hotpotqa,Mistral-7B-Instruct-v0.3,4752,4,1,0
hotpotqa,Mistral-7B-Instruct-v0.3,4758,4,1,0
hotpotqa,Mistral-7B-Instruct-v0.3,4784,5,1,0
hotpotqa,Mistral-7B-Instruct-v0.3,4832,2,0,1
hotpotqa,Mistral-7B-Instruct-v0.3,4832,4,1,0
hotpotqa,Mistral-7B-Instruct-v0.3,4856,5,1,0
hotpotqa,Mistral-7B-Instruct-v0.3,4878,1,1,0
hotpotqa,Mistral-7B-Instruct-v0.3,4878,3,1,0
hotpotqa,Mistral-7B-Instruct-v0.3,4878,4,1,0
hotpotqa,Mistral-7B-Instruct-v0.3,4878,7,1,0
hotpotqa,Mistral-7B-Instruct-v0.3,4890,7,1,0
hotpotqa,Mistral-7B-Instruct-v0.3,4897,1,1,0
hotpotqa,Mistral-7B-Instruct-v0.3,4897,2,0,1
hotpotqa,Mistral-7B-Instruct-v0.3,4897,4,1,0
hotpotqa,Mistral-7B-Instruct-v0.3,4897,5,0,1
hotpotqa,Mistral-7B-Instruct-v0.3,4923,1,1,1
hotpotqa,Mistral-7B-Instruct-v0.3,4929,2,0,1
hotpotqa,Mistral-7B-Instruct-v0.3,4929,4,1,0
hotpotqa,Mistral-7B-Instruct-v0.3,4959,1,0,1
hotpotqa,Mistral-7B-Instruct-v0.3,4980,2,1,0
hotpotqa,Mistral-7B-Instruct-v0.3,4981,1,1,0
hotpotqa,Mistral-7B-Instruct-v0.3,4981,6,1,0
hotpotqa,Mistral-7B-Instruct-v0.3,4981,7,1,0
hotpotqa,Mistral-7B-Instruct-v0.3,4994,4,1,0
hotpotqa,Mistral-7B-Instruct-v0.3,4994,5,0,1
hotpotqa,Mistral-7B-Instruct-v0.3,4994,7,1,0
hotpotqa,Mistral-7B-Instruct-v0.3,4997,3,0,1
hotpotqa,Mistral-7B-Instruct-v0.3,4997,5,0,1
hotpotqa,Mistral-7B-Instruct-v0.3,4997,6,1,0
hotpotqa,Mistral-7B-Instruct-v0.3,5016,2,1,0
hotpotqa,Mistral-7B-Instruct-v0.3,5032,2,0,1
hotpotqa,Mistral-7B-Instruct-v0.3,5063,4,1,0
hotpotqa,Mistral-7B-Instruct-v0.3,5063,5,1,0
hotpotqa,Mistral-7B-Instruct-v0.3,5071,1,1,0
hotpotqa,Mistral-7B-Instruct-v0.3,5071,3,1,1
hotpotqa,Mistral-7B-Instruct-v0.3,5071,4,1,0
hotpotqa,Mistral-7B-Instruct-v0.3,5074,7,1,0
hotpotqa,Mistral-7B-Instruct-v0.3,5080,2,1,0
hotpotqa,Mistral-7B-Instruct-v0.3,5123,4,0,1
hotpotqa,Mistral-7B-Instruct-v0.3,5123,5,1,0
hotpotqa,Mistral-7B-Instruct-v0.3,5123,6,1,0
hotpotqa,Mistral-7B-Instruct-v0.3,5199,4,1,0
hotpotqa,Mistral-7B-Instruct-v0.3,5274,7,1,0
hotpotqa,Mistral-7B-Instruct-v0.3,5291,5,1,0
hotpotqa,Mistral-7B-Instruct-v0.3,5358,2,0,1
hotpotqa,Mistral-7B-Instruct-v0.3,5358,3,0,1
hotpotqa,Mistral-7B-Instruct-v0.3,5358,4,1,0
hotpotqa,Mistral-7B-Instruct-v0.3,5373,1,0,1
hotpotqa,Mistral-7B-Instruct-v0.3,5376,7,0,1
hotpotqa,Mistral-7B-Instruct-v0.3,5388,2,1,0
hotpotqa,Mistral-7B-Instruct-v0.3,5388,3,1,0
hotpotqa,Mistral-7B-Instruct-v0.3,5411,1,1,0
hotpotqa,Mistral-7B-Instruct-v0.3,5411,5,1,0
hotpotqa,Mistral-7B-Instruct-v0.3,5411,6,0,1
hotpotqa,Mistral-7B-Instruct-v0.3,5411,7,1,0
hotpotqa,Mistral-7B-Instruct-v0.3,5426,1,1,0
hotpotqa,Mistral-7B-Instruct-v0.3,5426,2,0,1
hotpotqa,Mistral-7B-Instruct-v0.3,5426,5,1,0
hotpotqa,Mistral-7B-Instruct-v0.3,5426,7,1,0
hotpotqa,Mistral-7B-Instruct-v0.3,5446,4,1,0
hotpotqa,Mistral-7B-Instruct-v0.3,5446,6,0,1
hotpotqa,Mistral-7B-Instruct-v0.3,5472,6,1,0
hotpotqa,Mistral-7B-Instruct-v0.3,5483,4,0,1
hotpotqa,Mistral-7B-Instruct-v0.3,5486,2,1,0
hotpotqa,Mistral-7B-Instruct-v0.3,5503,1,1,0
hotpotqa,Mistral-7B-Instruct-v0.3,5504,3,1,0
hotpotqa,Mistral-7B-Instruct-v0.3,5532,5,1,0
hotpotqa,Mistral-7B-Instruct-v0.3,5545,2,1,0
hotpotqa,Mistral-7B-Instruct-v0.3,5571,1,0,1
hotpotqa,Mistral-7B-Instruct-v0.3,5573,7,1,0
hotpotqa,Mistral-7B-Instruct-v0.3,5615,4,1,0
hotpotqa,Mistral-7B-Instruct-v0.3,5615,6,1,1
hotpotqa,Mistral-7B-Instruct-v0.3,5615,7,1,0
hotpotqa,Mistral-7B-Instruct-v0.3,5660,5,1,0
hotpotqa,Mistral-7B-Instruct-v0.3,5671,1,0,1
hotpotqa,Mistral-7B-Instruct-v0.3,5679,6,0,1
hotpotqa,Mistral-7B-Instruct-v0.3,5686,5,1,0
hotpotqa,Mistral-7B-Instruct-v0.3,5699,1,1,0
hotpotqa,Mistral-7B-Instruct-v0.3,5699,4,1,0
hotpotqa,Mistral-7B-Instruct-v0.3,5704,2,1,0
hotpotqa,Mistral-7B-Instruct-v0.3,5717,1,0,1
hotpotqa,Mistral-7B-Instruct-v0.3,5717,6,1,1
hotpotqa,Mistral-7B-Instruct-v0.3,5720,5,0,1
hotpotqa,Mistral-7B-Instruct-v0.3,5720,6,1,0
hotpotqa,Mistral-7B-Instruct-v0.3,5720,7,0,1
hotpotqa,Mistral-7B-Instruct-v0.3,5726,2,1,0
hotpotqa,Mistral-7B-Instruct-v0.3,5726,7,0,1
hotpotqa,Mistral-7B-Instruct-v0.3,5735,1,1,0
hotpotqa,Mistral-7B-Instruct-v0.3,5735,3,1,0
hotpotqa,Mistral-7B-Instruct-v0.3,5735,7,1,1
hotpotqa,Mistral-7B-Instruct-v0.3,5747,5,0,1
hotpotqa,Mistral-7B-Instruct-v0.3,5747,6,1,0
hotpotqa,Mistral-7B-Instruct-v0.3,5762,1,1,0
hotpotqa,Mistral-7B-Instruct-v0.3,5762,7,1,1
hotpotqa,Mistral-7B-Instruct-v0.3,5773,1,0,1
hotpotqa,Mistral-7B-Instruct-v0.3,5773,2,1,0
hotpotqa,Mistral-7B-Instruct-v0.3,5773,3,1,0
hotpotqa,Mistral-7B-Instruct-v0.3,5780,3,1,1
hotpotqa,Mistral-7B-Instruct-v0.3,5797,2,1,0
hotpotqa,Mistral-7B-Instruct-v0.3,5797,7,0,1
hotpotqa,Mistral-7B-Instruct-v0.3,5821,3,1,0
hotpotqa,Mistral-7B-Instruct-v0.3,5821,4,1,0
hotpotqa,Mistral-7B-Instruct-v0.3,5821,5,1,0
hotpotqa,Mistral-7B-Instruct-v0.3,5838,6,1,0
hotpotqa,Mistral-7B-Instruct-v0.3,5866,3,1,0
hotpotqa,Mistral-7B-Instruct-v0.3,5866,6,1,0
hotpotqa,Mistral-7B-Instruct-v0.3,5866,7,1,1
hotpotqa,Mistral-7B-Instruct-v0.3,5887,2,0,1
hotpotqa,Mistral-7B-Instruct-v0.3,5887,6,0,1
hotpotqa,Mistral-7B-Instruct-v0.3,5887,7,0,1
hotpotqa,Mistral-7B-Instruct-v0.3,5913,3,0,1
hotpotqa,Mistral-7B-Instruct-v0.3,5913,4,0,1
hotpotqa,Mistral-7B-Instruct-v0.3,5925,4,0,1
hotpotqa,Mistral-7B-Instruct-v0.3,5925,5,1,0
hotpotqa,Mistral-7B-Instruct-v0.3,5939,2,0,1
hotpotqa,Mistral-7B-Instruct-v0.3,5965,1,1,0
hotpotqa,Mistral-7B-Instruct-v0.3,5965,3,1,0
hotpotqa,Mistral-7B-Instruct-v0.3,5965,6,0,1
hotpotqa,Mistral-7B-Instruct-v0.3,6014,2,0,1
hotpotqa,Mistral-7B-Instruct-v0.3,6014,6,1,0
hotpotqa,Mistral-7B-Instruct-v0.3,6014,7,1,0
hotpotqa,Mistral-7B-Instruct-v0.3,6028,3,1,0
hotpotqa,Mistral-7B-Instruct-v0.3,6028,6,1,0
hotpotqa,Mistral-7B-Instruct-v0.3,6030,5,1,0
hotpotqa,Mistral-7B-Instruct-v0.3,6030,6,1,0
hotpotqa,Mistral-7B-Instruct-v0.3,6055,3,1,0
hotpotqa,Mistral-7B-Instruct-v0.3,6055,7,1,0
hotpotqa,Mistral-7B-Instruct-v0.3,6063,4,1,0
hotpotqa,Mistral-7B-Instruct-v0.3,6100,4,0,1
hotpotqa,Mistral-7B-Instruct-v0.3,6100,5,0,1
hotpotqa,Mistral-7B-Instruct-v0.3,6102,1,1,0
hotpotqa,Mistral-7B-Instruct-v0.3,6102,4,1,0
hotpotqa,Mistral-7B-Instruct-v0.3,6102,7,0,1
hotpotqa,Mistral-7B-Instruct-v0.3,6108,1,0,1
hotpotqa,Mistral-7B-Instruct-v0.3,6108,3,0,1
hotpotqa,Mistral-7B-Instruct-v0.3,6128,3,0,1
hotpotqa,Mistral-7B-Instruct-v0.3,6151,2,0,1
hotpotqa,Mistral-7B-Instruct-v0.3,6151,6,1,0
hotpotqa,Mistral-7B-Instruct-v0.3,6158,2,0,1
hotpotqa,Mistral-7B-Instruct-v0.3,6158,4,1,0
hotpotqa,Mistral-7B-Instruct-v0.3,6158,6,1,1
hotpotqa,Mistral-7B-Instruct-v0.3,6166,6,1,0
hotpotqa,Mistral-7B-Instruct-v0.3,6166,7,1,1
hotpotqa,Mistral-7B-Instruct-v0.3,6174,1,1,0
hotpotqa,Mistral-7B-Instruct-v0.3,6175,1,1,0
hotpotqa,Mistral-7B-Instruct-v0.3,6175,3,1,0
hotpotqa,Mistral-7B-Instruct-v0.3,6180,1,0,1
hotpotqa,Mistral-7B-Instruct-v0.3,6237,2,1,0
hotpotqa,Mistral-7B-Instruct-v0.3,6238,3,0,1
hotpotqa,Mistral-7B-Instruct-v0.3,6238,7,1,1
hotpotqa,Mistral-7B-Instruct-v0.3,6249,1,0,1
hotpotqa,Mistral-7B-Instruct-v0.3,6249,2,1,0
hotpotqa,Mistral-7B-Instruct-v0.3,6249,3,1,0
hotpotqa,Mistral-7B-Instruct-v0.3,6249,7,1,0
hotpotqa,Mistral-7B-Instruct-v0.3,6276,1,0,1
hotpotqa,Mistral-7B-Instruct-v0.3,6276,3,1,0
hotpotqa,Mistral-7B-Instruct-v0.3,6294,4,1,0
hotpotqa,Mistral-7B-Instruct-v0.3,6324,1,1,0
hotpotqa,Mistral-7B-Instruct-v0.3,6324,2,1,0
hotpotqa,Mistral-7B-Instruct-v0.3,6324,3,1,0
hotpotqa,Mistral-7B-Instruct-v0.3,6324,6,0,1
hotpotqa,Mistral-7B-Instruct-v0.3,6325,1,1,0
hotpotqa,Mistral-7B-Instruct-v0.3,6333,1,1,0
hotpotqa,Mistral-7B-Instruct-v0.3,6333,2,1,0
hotpotqa,Mistral-7B-Instruct-v0.3,6404,2,1,0
hotpotqa,Mistral-7B-Instruct-v0.3,6406,7,1,0
hotpotqa,Mistral-7B-Instruct-v0.3,6414,1,1,0
hotpotqa,Mistral-7B-Instruct-v0.3,6432,5,1,0
hotpotqa,Mistral-7B-Instruct-v0.3,6432,7,1,0
hotpotqa,Mistral-7B-Instruct-v0.3,6434,3,1,0
hotpotqa,Mistral-7B-Instruct-v0.3,6434,4,1,0
hotpotqa,Mistral-7B-Instruct-v0.3,6453,5,1,0
hotpotqa,Mistral-7B-Instruct-v0.3,6453,6,1,0
hotpotqa,Mistral-7B-Instruct-v0.3,6453,7,1,1
hotpotqa,Mistral-7B-Instruct-v0.3,6467,3,1,0
hotpotqa,Mistral-7B-Instruct-v0.3,6490,2,1,0
hotpotqa,Mistral-7B-Instruct-v0.3,6490,4,1,0
hotpotqa,Mistral-7B-Instruct-v0.3,6490,6,0,1
hotpotqa,Mistral-7B-Instruct-v0.3,6494,5,1,1
hotpotqa,Mistral-7B-Instruct-v0.3,6505,3,1,0
hotpotqa,Mistral-7B-Instruct-v0.3,6505,7,1,0
hotpotqa,Mistral-7B-Instruct-v0.3,6519,4,1,0
hotpotqa,Mistral-7B-Instruct-v0.3,6519,5,1,0
hotpotqa,Mistral-7B-Instruct-v0.3,6524,2,1,0
hotpotqa,Mistral-7B-Instruct-v0.3,6524,6,1,0
hotpotqa,Mistral-7B-Instruct-v0.3,6527,7,1,0
hotpotqa,Mistral-7B-Instruct-v0.3,6586,4,1,0
hotpotqa,Mistral-7B-Instruct-v0.3,6592,1,0,1
hotpotqa,Mistral-7B-Instruct-v0.3,6592,3,0,1
hotpotqa,Mistral-7B-Instruct-v0.3,6592,5,0,1
hotpotqa,Mistral-7B-Instruct-v0.3,6592,6,0,1
hotpotqa,Mistral-7B-Instruct-v0.3,6596,7,1,0
hotpotqa,Mistral-7B-Instruct-v0.3,6626,4,1,0
hotpotqa,Mistral-7B-Instruct-v0.3,6665,1,1,0
hotpotqa,Mistral-7B-Instruct-v0.3,6665,5,1,0
hotpotqa,Mistral-7B-Instruct-v0.3,6669,2,1,0
hotpotqa,Mistral-7B-Instruct-v0.3,6700,3,1,0
hotpotqa,Mistral-7B-Instruct-v0.3,6700,4,1,0
hotpotqa,Mistral-7B-Instruct-v0.3,6709,2,1,0
hotpotqa,Mistral-7B-Instruct-v0.3,6709,4,1,0
hotpotqa,Mistral-7B-Instruct-v0.3,6709,6,1,1
hotpotqa,Mistral-7B-Instruct-v0.3,6779,3,1,0
hotpotqa,Mistral-7B-Instruct-v0.3,6779,7,1,0
hotpotqa,Mistral-7B-Instruct-v0.3,6781,5,1,0
hotpotqa,Mistral-7B-Instruct-v0.3,6798,5,0,1
hotpotqa,Mistral-7B-Instruct-v0.3,6819,1,1,0
hotpotqa,Mistral-7B-Instruct-v0.3,6819,2,0,1
hotpotqa,Mistral-7B-Instruct-v0.3,6819,7,1,0
hotpotqa,Mistral-7B-Instruct-v0.3,6837,5,1,0
hotpotqa,Mistral-7B-Instruct-v0.3,6837,6,1,0
hotpotqa,Mistral-7B-Instruct-v0.3,6906,2,1,0
hotpotqa,Mistral-7B-Instruct-v0.3,6913,3,0,1
hotpotqa,Mistral-7B-Instruct-v0.3,6913,5,1,0
hotpotqa,Mistral-7B-Instruct-v0.3,6916,2,0,1
hotpotqa,Mistral-7B-Instruct-v0.3,6948,2,1,1
hotpotqa,Mistral-7B-Instruct-v0.3,6948,4,1,0
hotpotqa,Mistral-7B-Instruct-v0.3,6948,6,1,0
hotpotqa,Mistral-7B-Instruct-v0.3,6951,2,1,0
hotpotqa,Mistral-7B-Instruct-v0.3,6951,7,1,0
hotpotqa,Mistral-7B-Instruct-v0.3,6952,1,0,1
hotpotqa,Mistral-7B-Instruct-v0.3,6952,4,0,1
hotpotqa,Mistral-7B-Instruct-v0.3,6952,5,1,0
hotpotqa,Mistral-7B-Instruct-v0.3,6982,1,1,0
hotpotqa,Mistral-7B-Instruct-v0.3,6982,6,0,1
hotpotqa,Mistral-7B-Instruct-v0.3,6986,3,0,1
hotpotqa,Mistral-7B-Instruct-v0.3,6986,5,1,0
hotpotqa,Mistral-7B-Instruct-v0.3,7026,2,0,1
hotpotqa,Mistral-7B-Instruct-v0.3,7026,3,1,0
hotpotqa,Mistral-7B-Instruct-v0.3,7042,7,0,1
hotpotqa,Mistral-7B-Instruct-v0.3,7050,3,1,0
hotpotqa,Mistral-7B-Instruct-v0.3,7050,4,0,1
hotpotqa,Mistral-7B-Instruct-v0.3,7085,6,0,1
hotpotqa,Mistral-7B-Instruct-v0.3,7111,7,0,1
hotpotqa,Mistral-7B-Instruct-v0.3,7136,1,1,1
hotpotqa,Mistral-7B-Instruct-v0.3,7149,7,1,0
hotpotqa,Mistral-7B-Instruct-v0.3,7203,5,0,1
hotpotqa,Mistral-7B-Instruct-v0.3,7203,7,0,1
hotpotqa,Mistral-7B-Instruct-v0.3,7247,2,1,0
hotpotqa,Mistral-7B-Instruct-v0.3,7260,3,0,1
hotpotqa,Mistral-7B-Instruct-v0.3,7260,5,1,0
hotpotqa,Mistral-7B-Instruct-v0.3,7271,5,1,0
hotpotqa,Mistral-7B-Instruct-v0.3,7278,2,0,1
hotpotqa,Mistral-7B-Instruct-v0.3,7318,7,0,1
hotpotqa,Mistral-7B-Instruct-v0.3,7390,1,1,0
hotpotqa,Mistral-7B-Instruct-v0.3,7390,3,1,0
hotpotqa,Mistral-7B-Instruct-v0.3,7390,4,1,0
hotpotqa,Mistral-7B-Instruct-v0.3,7390,6,1,0
hotpotqa,Phi-4-mini-instruct,3,5,1,0
hotpotqa,Phi-4-mini-instruct,6,1,0,1
hotpotqa,Phi-4-mini-instruct,6,7,0,1
hotpotqa,Phi-4-mini-instruct,12,6,1,0
hotpotqa,Phi-4-mini-instruct,12,7,1,0
hotpotqa,Phi-4-mini-instruct,26,2,1,0
hotpotqa,Phi-4-mini-instruct,26,4,1,0
hotpotqa,Phi-4-mini-instruct,60,5,1,0
hotpotqa,Phi-4-mini-instruct,60,7,1,0
hotpotqa,Phi-4-mini-instruct,84,5,1,0
hotpotqa,Phi-4-mini-instruct,88,1,0,1
hotpotqa,Phi-4-mini-instruct,88,7,1,0
hotpotqa,Phi-4-mini-instruct,92,2,1,0
hotpotqa,Phi-4-mini-instruct,92,4,1,0
hotpotqa,Phi-4-mini-instruct,92,6,0,1
hotpotqa,Phi-4-mini-instruct,110,1,1,0
hotpotqa,Phi-4-mini-instruct,110,2,1,0
hotpotqa,Phi-4-mini-instruct,110,4,1,0
hotpotqa,Phi-4-mini-instruct,110,6,1,0
hotpotqa,Phi-4-mini-instruct,119,2,1,0
hotpotqa,Phi-4-mini-instruct,119,3,1,1
hotpotqa,Phi-4-mini-instruct,129,1,0,1
hotpotqa,Phi-4-mini-instruct,136,1,0,1
hotpotqa,Phi-4-mini-instruct,136,3,1,0
hotpotqa,Phi-4-mini-instruct,156,2,1,0
hotpotqa,Phi-4-mini-instruct,156,5,1,0
hotpotqa,Phi-4-mini-instruct,166,2,0,1
hotpotqa,Phi-4-mini-instruct,217,4,1,1
hotpotqa,Phi-4-mini-instruct,251,2,0,1
hotpotqa,Phi-4-mini-instruct,251,3,1,0
hotpotqa,Phi-4-mini-instruct,280,2,0,1
hotpotqa,Phi-4-mini-instruct,291,2,1,0
hotpotqa,Phi-4-mini-instruct,319,1,1,0
hotpotqa,Phi-4-mini-instruct,319,6,0,1
hotpotqa,Phi-4-mini-instruct,339,1,1,0
hotpotqa,Phi-4-mini-instruct,362,1,1,0
hotpotqa,Phi-4-mini-instruct,362,5,1,0
hotpotqa,Phi-4-mini-instruct,416,3,0,1
hotpotqa,Phi-4-mini-instruct,416,4,1,0
hotpotqa,Phi-4-mini-instruct,457,2,1,0
hotpotqa,Phi-4-mini-instruct,468,4,1,0
hotpotqa,Phi-4-mini-instruct,468,7,0,1
hotpotqa,Phi-4-mini-instruct,476,1,0,1
hotpotqa,Phi-4-mini-instruct,553,2,0,1
hotpotqa,Phi-4-mini-instruct,553,7,1,0
hotpotqa,Phi-4-mini-instruct,565,1,1,0
hotpotqa,Phi-4-mini-instruct,628,1,1,0
hotpotqa,Phi-4-mini-instruct,628,4,1,0
hotpotqa,Phi-4-mini-instruct,628,6,1,0
hotpotqa,Phi-4-mini-instruct,670,1,1,0
hotpotqa,Phi-4-mini-instruct,670,3,0,1
hotpotqa,Phi-4-mini-instruct,670,5,1,0
hotpotqa,Phi-4-mini-instruct,670,6,0,1
hotpotqa,Phi-4-mini-instruct,687,3,1,0
hotpotqa,Phi-4-mini-instruct,716,6,1,0
hotpotqa,Phi-4-mini-instruct,734,2,0,1
hotpotqa,Phi-4-mini-instruct,753,2,1,0
hotpotqa,Phi-4-mini-instruct,753,3,1,0
hotpotqa,Phi-4-mini-instruct,753,5,1,0
hotpotqa,Phi-4-mini-instruct,797,4,1,0
hotpotqa,Phi-4-mini-instruct,797,7,1,0
hotpotqa,Phi-4-mini-instruct,802,2,1,0
hotpotqa,Phi-4-mini-instruct,802,4,1,0
hotpotqa,Phi-4-mini-instruct,807,1,1,0
hotpotqa,Phi-4-mini-instruct,891,2,0,1
hotpotqa,Phi-4-mini-instruct,891,4,1,0
hotpotqa,Phi-4-mini-instruct,899,4,1,0
hotpotqa,Phi-4-mini-instruct,909,2,1,0
hotpotqa,Phi-4-mini-instruct,919,3,1,0
hotpotqa,Phi-4-mini-instruct,923,4,1,1
hotpotqa,Phi-4-mini-instruct,923,6,0,1
hotpotqa,Phi-4-mini-instruct,924,1,1,0
hotpotqa,Phi-4-mini-instruct,924,2,1,1
hotpotqa,Phi-4-mini-instruct,924,6,1,0
hotpotqa,Phi-4-mini-instruct,953,1,1,0
hotpotqa,Phi-4-mini-instruct,953,2,1,0
hotpotqa,Phi-4-mini-instruct,1009,1,1,0
hotpotqa,Phi-4-mini-instruct,1107,1,0,1
hotpotqa,Phi-4-mini-instruct,1107,3,1,1
hotpotqa,Phi-4-mini-instruct,1114,2,0,1
hotpotqa,Phi-4-mini-instruct,1114,4,0,1
hotpotqa,Phi-4-mini-instruct,1139,1,1,0
hotpotqa,Phi-4-mini-instruct,1139,5,1,0
hotpotqa,Phi-4-mini-instruct,1143,5,1,0
hotpotqa,Phi-4-mini-instruct,1146,1,1,0
hotpotqa,Phi-4-mini-instruct,1146,2,0,1
hotpotqa,Phi-4-mini-instruct,1146,6,1,1
hotpotqa,Phi-4-mini-instruct,1162,3,1,0
hotpotqa,Phi-4-mini-instruct,1176,3,0,1
hotpotqa,Phi-4-mini-instruct,1176,5,0,1
hotpotqa,Phi-4-mini-instruct,1187,1,1,0
hotpotqa,Phi-4-mini-instruct,1187,3,1,0
hotpotqa,Phi-4-mini-instruct,1187,4,1,0
hotpotqa,Phi-4-mini-instruct,1217,1,0,1
hotpotqa,Phi-4-mini-instruct,1217,4,1,0
hotpotqa,Phi-4-mini-instruct,1222,4,1,1
hotpotqa,Phi-4-mini-instruct,1237,1,1,1
hotpotqa,Phi-4-mini-instruct,1245,1,1,0
hotpotqa,Phi-4-mini-instruct,1270,5,1,0
hotpotqa,Phi-4-mini-instruct,1270,7,0,1
hotpotqa,Phi-4-mini-instruct,1320,1,1,1
hotpotqa,Phi-4-mini-instruct,1335,5,1,0
hotpotqa,Phi-4-mini-instruct,1335,6,1,0
hotpotqa,Phi-4-mini-instruct,1335,7,1,1
hotpotqa,Phi-4-mini-instruct,1391,4,0,1
hotpotqa,Phi-4-mini-instruct,1399,4,1,0
hotpotqa,Phi-4-mini-instruct,1429,1,1,0
hotpotqa,Phi-4-mini-instruct,1429,3,0,1
hotpotqa,Phi-4-mini-instruct,1429,4,1,0
hotpotqa,Phi-4-mini-instruct,1439,3,0,1
hotpotqa,Phi-4-mini-instruct,1447,1,1,0
hotpotqa,Phi-4-mini-instruct,1466,3,1,0
hotpotqa,Phi-4-mini-instruct,1490,5,1,0
hotpotqa,Phi-4-mini-instruct,1496,3,0,1
hotpotqa,Phi-4-mini-instruct,1496,4,0,1
hotpotqa,Phi-4-mini-instruct,1496,5,1,0
hotpotqa,Phi-4-mini-instruct,1496,6,1,0
hotpotqa,Phi-4-mini-instruct,1515,6,1,0
hotpotqa,Phi-4-mini-instruct,1515,7,1,0
hotpotqa,Phi-4-mini-instruct,1533,7,1,1
hotpotqa,Phi-4-mini-instruct,1548,6,1,0
hotpotqa,Phi-4-mini-instruct,1551,2,1,0
hotpotqa,Phi-4-mini-instruct,1557,1,1,0
hotpotqa,Phi-4-mini-instruct,1557,3,1,0
hotpotqa,Phi-4-mini-instruct,1557,6,0,1
hotpotqa,Phi-4-mini-instruct,1560,3,1,0
hotpotqa,Phi-4-mini-instruct,1574,3,1,0
hotpotqa,Phi-4-mini-instruct,1574,5,1,0
hotpotqa,Phi-4-mini-instruct,1621,2,0,1
hotpotqa,Phi-4-mini-instruct,1621,4,1,0
hotpotqa,Phi-4-mini-instruct,1636,1,1,0
hotpotqa,Phi-4-mini-instruct,1669,3,1,0
hotpotqa,Phi-4-mini-instruct,1707,2,1,0
hotpotqa,Phi-4-mini-instruct,1707,3,1,0
hotpotqa,Phi-4-mini-instruct,1707,4,1,0
hotpotqa,Phi-4-mini-instruct,1707,6,1,0
hotpotqa,Phi-4-mini-instruct,1720,4,1,0
hotpotqa,Phi-4-mini-instruct,1720,7,1,0
hotpotqa,Phi-4-mini-instruct,1727,1,0,1
hotpotqa,Phi-4-mini-instruct,1727,3,0,1
hotpotqa,Phi-4-mini-instruct,1727,6,1,0
hotpotqa,Phi-4-mini-instruct,1748,7,1,0
hotpotqa,Phi-4-mini-instruct,1757,2,1,0
hotpotqa,Phi-4-mini-instruct,1768,2,1,0
hotpotqa,Phi-4-mini-instruct,1768,3,1,0
hotpotqa,Phi-4-mini-instruct,1768,6,1,0
hotpotqa,Phi-4-mini-instruct,1771,3,1,0
hotpotqa,Phi-4-mini-instruct,1781,7,0,1
hotpotqa,Phi-4-mini-instruct,1828,1,1,0
hotpotqa,Phi-4-mini-instruct,1828,2,0,1
hotpotqa,Phi-4-mini-instruct,1828,7,0,1
hotpotqa,Phi-4-mini-instruct,1855,3,1,1
hotpotqa,Phi-4-mini-instruct,1855,7,0,1
hotpotqa,Phi-4-mini-instruct,1885,1,0,1
hotpotqa,Phi-4-mini-instruct,1885,3,1,0
hotpotqa,Phi-4-mini-instruct,1886,4,1,0
hotpotqa,Phi-4-mini-instruct,1902,2,1,0
hotpotqa,Phi-4-mini-instruct,1917,1,1,0
hotpotqa,Phi-4-mini-instruct,1917,2,0,1
hotpotqa,Phi-4-mini-instruct,1945,3,0,1
hotpotqa,Phi-4-mini-instruct,1955,2,0,1
hotpotqa,Phi-4-mini-instruct,1955,5,1,0
hotpotqa,Phi-4-mini-instruct,1955,7,0,1
hotpotqa,Phi-4-mini-instruct,2004,6,0,1
hotpotqa,Phi-4-mini-instruct,2008,1,1,0
hotpotqa,Phi-4-mini-instruct,2008,7,0,1
hotpotqa,Phi-4-mini-instruct,2019,1,0,1
hotpotqa,Phi-4-mini-instruct,2019,2,1,0
hotpotqa,Phi-4-mini-instruct,2019,3,1,0
hotpotqa,Phi-4-mini-instruct,2019,4,1,0
hotpotqa,Phi-4-mini-instruct,2019,5,0,1
hotpotqa,Phi-4-mini-instruct,2053,6,1,1
hotpotqa,Phi-4-mini-instruct,2053,7,1,0
hotpotqa,Phi-4-mini-instruct,2112,2,1,0
hotpotqa,Phi-4-mini-instruct,2112,4,1,0
hotpotqa,Phi-4-mini-instruct,2143,3,1,0
hotpotqa,Phi-4-mini-instruct,2208,3,1,1
hotpotqa,Phi-4-mini-instruct,2226,2,0,1
hotpotqa,Phi-4-mini-instruct,2261,4,0,1
hotpotqa,Phi-4-mini-instruct,2261,7,1,0
hotpotqa,Phi-4-mini-instruct,2287,2,1,0
hotpotqa,Phi-4-mini-instruct,2287,3,0,1
hotpotqa,Phi-4-mini-instruct,2287,4,0,1
hotpotqa,Phi-4-mini-instruct,2294,3,1,0
hotpotqa,Phi-4-mini-instruct,2294,7,1,0
hotpotqa,Phi-4-mini-instruct,2304,2,1,1
hotpotqa,Phi-4-mini-instruct,2304,4,1,0
hotpotqa,Phi-4-mini-instruct,2319,1,1,0
hotpotqa,Phi-4-mini-instruct,2319,2,1,0
hotpotqa,Phi-4-mini-instruct,2382,3,1,0
hotpotqa,Phi-4-mini-instruct,2421,3,1,0
hotpotqa,Phi-4-mini-instruct,2424,1,1,0
hotpotqa,Phi-4-mini-instruct,2424,2,1,0
hotpotqa,Phi-4-mini-instruct,2434,2,1,0
hotpotqa,Phi-4-mini-instruct,2434,3,1,0
hotpotqa,Phi-4-mini-instruct,2451,3,1,0
hotpotqa,Phi-4-mini-instruct,2451,5,1,0
hotpotqa,Phi-4-mini-instruct,2498,1,1,0
hotpotqa,Phi-4-mini-instruct,2498,2,1,0
hotpotqa,Phi-4-mini-instruct,2498,4,1,0
hotpotqa,Phi-4-mini-instruct,2498,6,1,1
hotpotqa,Phi-4-mini-instruct,2501,7,1,0
hotpotqa,Phi-4-mini-instruct,2521,3,1,0
hotpotqa,Phi-4-mini-instruct,2521,6,1,0
hotpotqa,Phi-4-mini-instruct,2544,1,1,0
hotpotqa,Phi-4-mini-instruct,2544,4,1,1
hotpotqa,Phi-4-mini-instruct,2545,3,1,0
hotpotqa,Phi-4-mini-instruct,2545,4,1,0
hotpotqa,Phi-4-mini-instruct,2611,4,1,0
hotpotqa,Phi-4-mini-instruct,2611,6,1,0
hotpotqa,Phi-4-mini-instruct,2646,1,1,0
hotpotqa,Phi-4-mini-instruct,2646,4,1,0
hotpotqa,Phi-4-mini-instruct,2646,5,1,0
hotpotqa,Phi-4-mini-instruct,2648,4,1,1
hotpotqa,Phi-4-mini-instruct,2662,3,0,1
hotpotqa,Phi-4-mini-instruct,2674,1,1,0
hotpotqa,Phi-4-mini-instruct,2674,2,1,0
hotpotqa,Phi-4-mini-instruct,2674,3,0,1
hotpotqa,Phi-4-mini-instruct,2674,5,0,1
hotpotqa,Phi-4-mini-instruct,2674,6,1,0
hotpotqa,Phi-4-mini-instruct,2702,5,1,0
hotpotqa,Phi-4-mini-instruct,2705,5,0,1
hotpotqa,Phi-4-mini-instruct,2711,1,1,0
hotpotqa,Phi-4-mini-instruct,2711,2,0,1
hotpotqa,Phi-4-mini-instruct,2733,2,1,1
hotpotqa,Phi-4-mini-instruct,2733,4,0,1
hotpotqa,Phi-4-mini-instruct,2766,2,1,0
hotpotqa,Phi-4-mini-instruct,2767,1,1,0
hotpotqa,Phi-4-mini-instruct,2811,2,1,0
hotpotqa,Phi-4-mini-instruct,2812,5,1,0
hotpotqa,Phi-4-mini-instruct,2817,5,0,1
hotpotqa,Phi-4-mini-instruct,2825,4,0,1
hotpotqa,Phi-4-mini-instruct,2825,5,0,1
hotpotqa,Phi-4-mini-instruct,2826,1,0,1
hotpotqa,Phi-4-mini-instruct,2826,2,0,1
hotpotqa,Phi-4-mini-instruct,2826,3,1,0
hotpotqa,Phi-4-mini-instruct,2835,7,1,0
hotpotqa,Phi-4-mini-instruct,2836,5,1,0
hotpotqa,Phi-4-mini-instruct,2854,1,1,0
hotpotqa,Phi-4-mini-instruct,2854,3,1,0
hotpotqa,Phi-4-mini-instruct,2864,1,1,0
hotpotqa,Phi-4-mini-instruct,2864,5,1,1
hotpotqa,Phi-4-mini-instruct,2864,7,1,0
hotpotqa,Phi-4-mini-instruct,2889,3,1,0
hotpotqa,Phi-4-mini-instruct,2889,6,1,0
hotpotqa,Phi-4-mini-instruct,2889,7,1,0
hotpotqa,Phi-4-mini-instruct,2925,6,1,0
hotpotqa,Phi-4-mini-instruct,2927,4,0,1
hotpotqa,Phi-4-mini-instruct,2930,2,1,0
hotpotqa,Phi-4-mini-instruct,2930,3,1,0
hotpotqa,Phi-4-mini-instruct,2930,7,1,0
hotpotqa,Phi-4-mini-instruct,2934,6,0,1
hotpotqa,Phi-4-mini-instruct,2951,5,1,0
hotpotqa,Phi-4-mini-instruct,2951,6,0,1
hotpotqa,Phi-4-mini-instruct,2965,4,1,0
hotpotqa,Phi-4-mini-instruct,2973,1,0,1
hotpotqa,Phi-4-mini-instruct,2973,5,1,1
hotpotqa,Phi-4-mini-instruct,2988,1,1,0
hotpotqa,Phi-4-mini-instruct,2988,2,1,0
hotpotqa,Phi-4-mini-instruct,2988,5,1,0
hotpotqa,Phi-4-mini-instruct,3010,2,1,0
hotpotqa,Phi-4-mini-instruct,3023,6,1,0
hotpotqa,Phi-4-mini-instruct,3033,2,1,0
hotpotqa,Phi-4-mini-instruct,3033,3,1,0
hotpotqa,Phi-4-mini-instruct,3033,6,1,0
hotpotqa,Phi-4-mini-instruct,3115,3,1,0
hotpotqa,Phi-4-mini-instruct,3124,4,0,1
hotpotqa,Phi-4-mini-instruct,3129,1,1,0
hotpotqa,Phi-4-mini-instruct,3162,5,1,0
hotpotqa,Phi-4-mini-instruct,3169,4,1,0
hotpotqa,Phi-4-mini-instruct,3196,1,0,1
hotpotqa,Phi-4-mini-instruct,3234,3,1,0
hotpotqa,Phi-4-mini-instruct,3253,1,1,1
hotpotqa,Phi-4-mini-instruct,3265,4,1,0
hotpotqa,Phi-4-mini-instruct,3265,6,0,1
hotpotqa,Phi-4-mini-instruct,3291,3,1,0
hotpotqa,Phi-4-mini-instruct,3291,4,1,0
hotpotqa,Phi-4-mini-instruct,3317,2,0,1
hotpotqa,Phi-4-mini-instruct,3341,2,1,0
hotpotqa,Phi-4-mini-instruct,3352,1,1,1
hotpotqa,Phi-4-mini-instruct,3355,6,1,0
hotpotqa,Phi-4-mini-instruct,3368,3,1,1
hotpotqa,Phi-4-mini-instruct,3368,4,0,1
hotpotqa,Phi-4-mini-instruct,3368,5,1,0
hotpotqa,Phi-4-mini-instruct,3378,3,1,0
hotpotqa,Phi-4-mini-instruct,3388,2,1,0
hotpotqa,Phi-4-mini-instruct,3395,1,1,0
hotpotqa,Phi-4-mini-instruct,3395,4,1,0
hotpotqa,Phi-4-mini-instruct,3459,2,1,0
hotpotqa,Phi-4-mini-instruct,3473,3,1,0
hotpotqa,Phi-4-mini-instruct,3477,4,1,0
hotpotqa,Phi-4-mini-instruct,3477,7,0,1
hotpotqa,Phi-4-mini-instruct,3485,2,1,0
hotpotqa,Phi-4-mini-instruct,3485,3,0,1
hotpotqa,Phi-4-mini-instruct,3522,3,1,0
hotpotqa,Phi-4-mini-instruct,3522,4,0,1
hotpotqa,Phi-4-mini-instruct,3531,1,1,0
hotpotqa,Phi-4-mini-instruct,3536,1,1,0
hotpotqa,Phi-4-mini-instruct,3536,4,1,1
hotpotqa,Phi-4-mini-instruct,3536,5,1,0
hotpotqa,Phi-4-mini-instruct,3543,2,1,0
hotpotqa,Phi-4-mini-instruct,3578,1,1,0
hotpotqa,Phi-4-mini-instruct,3578,4,0,1
hotpotqa,Phi-4-mini-instruct,3578,5,1,0
hotpotqa,Phi-4-mini-instruct,3582,1,1,0
hotpotqa,Phi-4-mini-instruct,3582,5,1,0
hotpotqa,Phi-4-mini-instruct,3582,6,1,0
hotpotqa,Phi-4-mini-instruct,3594,2,0,1
hotpotqa,Phi-4-mini-instruct,3618,1,1,0
hotpotqa,Phi-4-mini-instruct,3618,3,1,0
hotpotqa,Phi-4-mini-instruct,3634,4,1,0
hotpotqa,Phi-4-mini-instruct,3634,6,1,0
hotpotqa,Phi-4-mini-instruct,3642,5,1,0
hotpotqa,Phi-4-mini-instruct,3653,1,0,1
hotpotqa,Phi-4-mini-instruct,3653,3,1,0
hotpotqa,Phi-4-mini-instruct,3653,5,1,0
hotpotqa,Phi-4-mini-instruct,3687,3,0,1
hotpotqa,Phi-4-mini-instruct,3725,1,1,0
hotpotqa,Phi-4-mini-instruct,3725,2,1,0
hotpotqa,Phi-4-mini-instruct,3738,1,1,0
hotpotqa,Phi-4-mini-instruct,3738,3,1,0
hotpotqa,Phi-4-mini-instruct,3738,6,1,0
hotpotqa,Phi-4-mini-instruct,3738,7,1,0
hotpotqa,Phi-4-mini-instruct,3750,1,0,1
hotpotqa,Phi-4-mini-instruct,3805,1,1,0
hotpotqa,Phi-4-mini-instruct,3805,5,1,0
hotpotqa,Phi-4-mini-instruct,3807,2,0,1
hotpotqa,Phi-4-mini-instruct,3807,6,1,0
hotpotqa,Phi-4-mini-instruct,3808,3,1,0
hotpotqa,Phi-4-mini-instruct,3808,5,1,0
hotpotqa,Phi-4-mini-instruct,3819,4,1,0
hotpotqa,Phi-4-mini-instruct,3819,6,1,0
hotpotqa,Phi-4-mini-instruct,3824,1,1,0
hotpotqa,Phi-4-mini-instruct,3824,4,1,1
hotpotqa,Phi-4-mini-instruct,3824,5,0,1
hotpotqa,Phi-4-mini-instruct,3913,3,1,0
hotpotqa,Phi-4-mini-instruct,3991,2,1,0
hotpotqa,Phi-4-mini-instruct,3991,3,0,1
hotpotqa,Phi-4-mini-instruct,3991,7,1,0
hotpotqa,Phi-4-mini-instruct,3992,1,0,1
hotpotqa,Phi-4-mini-instruct,3992,5,1,0
hotpotqa,Phi-4-mini-instruct,3992,6,0,1
hotpotqa,Phi-4-mini-instruct,4025,7,1,0
hotpotqa,Phi-4-mini-instruct,4029,7,1,1
hotpotqa,Phi-4-mini-instruct,4050,1,0,1
hotpotqa,Phi-4-mini-instruct,4073,1,1,1
hotpotqa,Phi-4-mini-instruct,4079,2,0,1
hotpotqa,Phi-4-mini-instruct,4079,3,1,0
hotpotqa,Phi-4-mini-instruct,4079,5,1,0
hotpotqa,Phi-4-mini-instruct,4080,1,0,1
hotpotqa,Phi-4-mini-instruct,4080,3,1,0
hotpotqa,Phi-4-mini-instruct,4097,5,0,1
hotpotqa,Phi-4-mini-instruct,4097,6,0,1
hotpotqa,Phi-4-mini-instruct,4104,3,1,0
hotpotqa,Phi-4-mini-instruct,4104,5,1,0
hotpotqa,Phi-4-mini-instruct,4104,6,1,0
hotpotqa,Phi-4-mini-instruct,4116,3,0,1
hotpotqa,Phi-4-mini-instruct,4142,2,1,0
hotpotqa,Phi-4-mini-instruct,4142,5,1,0
hotpotqa,Phi-4-mini-instruct,4152,1,1,0
hotpotqa,Phi-4-mini-instruct,4176,2,1,0
hotpotqa,Phi-4-mini-instruct,4176,4,1,0
hotpotqa,Phi-4-mini-instruct,4176,5,1,0
hotpotqa,Phi-4-mini-instruct,4179,4,1,0
hotpotqa,Phi-4-mini-instruct,4180,1,0,1
hotpotqa,Phi-4-mini-instruct,4213,6,1,0
hotpotqa,Phi-4-mini-instruct,4213,7,1,0
hotpotqa,Phi-4-mini-instruct,4220,7,1,0
hotpotqa,Phi-4-mini-instruct,4248,3,1,0
hotpotqa,Phi-4-mini-instruct,4261,2,1,1
hotpotqa,Phi-4-mini-instruct,4261,3,0,1
hotpotqa,Phi-4-mini-instruct,4261,6,1,0
hotpotqa,Phi-4-mini-instruct,4274,1,1,0
hotpotqa,Phi-4-mini-instruct,4274,2,1,1
hotpotqa,Phi-4-mini-instruct,4274,5,0,1
hotpotqa,Phi-4-mini-instruct,4274,6,1,0
hotpotqa,Phi-4-mini-instruct,4274,7,0,1
hotpotqa,Phi-4-mini-instruct,4278,5,1,0
hotpotqa,Phi-4-mini-instruct,4282,4,1,0
hotpotqa,Phi-4-mini-instruct,4286,2,1,0
hotpotqa,Phi-4-mini-instruct,4286,3,1,0
hotpotqa,Phi-4-mini-instruct,4286,4,1,1
hotpotqa,Phi-4-mini-instruct,4286,6,1,0
hotpotqa,Phi-4-mini-instruct,4321,1,1,0
hotpotqa,Phi-4-mini-instruct,4321,5,1,0
hotpotqa,Phi-4-mini-instruct,4330,6,1,0
hotpotqa,Phi-4-mini-instruct,4334,5,0,1
hotpotqa,Phi-4-mini-instruct,4341,5,1,0
hotpotqa,Phi-4-mini-instruct,4341,6,1,0
hotpotqa,Phi-4-mini-instruct,4360,7,1,0
hotpotqa,Phi-4-mini-instruct,4392,3,1,0
hotpotqa,Phi-4-mini-instruct,4392,5,1,0
hotpotqa,Phi-4-mini-instruct,4414,3,0,1
hotpotqa,Phi-4-mini-instruct,4414,5,1,0
hotpotqa,Phi-4-mini-instruct,4414,7,1,0
hotpotqa,Phi-4-mini-instruct,4421,1,0,1
hotpotqa,Phi-4-mini-instruct,4421,4,0,1
hotpotqa,Phi-4-mini-instruct,4421,5,0,1
hotpotqa,Phi-4-mini-instruct,4523,1,1,0
hotpotqa,Phi-4-mini-instruct,4523,4,1,0
hotpotqa,Phi-4-mini-instruct,4525,5,1,0
hotpotqa,Phi-4-mini-instruct,4525,6,1,0
hotpotqa,Phi-4-mini-instruct,4525,7,0,1
hotpotqa,Phi-4-mini-instruct,4551,3,0,1
hotpotqa,Phi-4-mini-instruct,4560,2,1,0
hotpotqa,Phi-4-mini-instruct,4586,5,1,0
hotpotqa,Phi-4-mini-instruct,4592,1,1,0
hotpotqa,Phi-4-mini-instruct,4592,7,1,0
hotpotqa,Phi-4-mini-instruct,4596,3,1,0
hotpotqa,Phi-4-mini-instruct,4611,3,0,1
hotpotqa,Phi-4-mini-instruct,4614,1,0,1
hotpotqa,Phi-4-mini-instruct,4627,7,1,0
hotpotqa,Phi-4-mini-instruct,4646,2,1,0
hotpotqa,Phi-4-mini-instruct,4646,5,1,0
hotpotqa,Phi-4-mini-instruct,4660,1,0,1
hotpotqa,Phi-4-mini-instruct,4660,7,0,1
hotpotqa,Phi-4-mini-instruct,4673,3,1,0
hotpotqa,Phi-4-mini-instruct,4673,5,1,0
hotpotqa,Phi-4-mini-instruct,4673,7,1,0
hotpotqa,Phi-4-mini-instruct,4690,1,1,0
hotpotqa,Phi-4-mini-instruct,4690,2,1,0
hotpotqa,Phi-4-mini-instruct,4690,3,1,0
hotpotqa,Phi-4-mini-instruct,4690,5,1,0
hotpotqa,Phi-4-mini-instruct,4690,7,1,0
hotpotqa,Phi-4-mini-instruct,4737,2,1,0
hotpotqa,Phi-4-mini-instruct,4737,4,1,0
hotpotqa,Phi-4-mini-instruct,4737,5,1,0
hotpotqa,Phi-4-mini-instruct,4737,6,0,1
hotpotqa,Phi-4-mini-instruct,4739,1,1,0
hotpotqa,Phi-4-mini-instruct,4739,3,1,0
hotpotqa,Phi-4-mini-instruct,4739,7,1,0
hotpotqa,Phi-4-mini-instruct,4741,4,0,1
hotpotqa,Phi-4-mini-instruct,4741,5,1,0
hotpotqa,Phi-4-mini-instruct,4745,4,0,1
hotpotqa,Phi-4-mini-instruct,4745,5,1,0
hotpotqa,Phi-4-mini-instruct,4745,6,1,0
hotpotqa,Phi-4-mini-instruct,4745,7,0,1
hotpotqa,Phi-4-mini-instruct,4752,2,1,1
hotpotqa,Phi-4-mini-instruct,4758,4,1,1
hotpotqa,Phi-4-mini-instruct,4784,1,0,1
hotpotqa,Phi-4-mini-instruct,4784,3,1,0
hotpotqa,Phi-4-mini-instruct,4878,4,1,0
hotpotqa,Phi-4-mini-instruct,4890,3,0,1
hotpotqa,Phi-4-mini-instruct,4890,5,0,1
hotpotqa,Phi-4-mini-instruct,4923,1,1,0
hotpotqa,Phi-4-mini-instruct,4929,2,1,0
hotpotqa,Phi-4-mini-instruct,4959,1,1,0
hotpotqa,Phi-4-mini-instruct,4980,7,0,1
hotpotqa,Phi-4-mini-instruct,4981,2,0,1
hotpotqa,Phi-4-mini-instruct,4981,4,0,1
hotpotqa,Phi-4-mini-instruct,4981,6,0,1
hotpotqa,Phi-4-mini-instruct,4981,7,1,0
hotpotqa,Phi-4-mini-instruct,4994,2,1,0
hotpotqa,Phi-4-mini-instruct,4994,3,1,0
hotpotqa,Phi-4-mini-instruct,5016,1,0,1
hotpotqa,Phi-4-mini-instruct,5016,3,0,1
hotpotqa,Phi-4-mini-instruct,5016,5,1,0
hotpotqa,Phi-4-mini-instruct,5016,7,1,0
hotpotqa,Phi-4-mini-instruct,5032,4,0,1
hotpotqa,Phi-4-mini-instruct,5071,2,1,0
hotpotqa,Phi-4-mini-instruct,5071,4,1,0
hotpotqa,Phi-4-mini-instruct,5071,5,1,0
hotpotqa,Phi-4-mini-instruct,5074,3,1,0
hotpotqa,Phi-4-mini-instruct,5080,5,1,0
hotpotqa,Phi-4-mini-instruct,5080,6,0,1
hotpotqa,Phi-4-mini-instruct,5123,1,0,1
hotpotqa,Phi-4-mini-instruct,5123,5,1,0
hotpotqa,Phi-4-mini-instruct,5155,2,1,0
hotpotqa,Phi-4-mini-instruct,5199,4,0,1
hotpotqa,Phi-4-mini-instruct,5234,1,1,0
hotpotqa,Phi-4-mini-instruct,5291,6,1,0
hotpotqa,Phi-4-mini-instruct,5291,7,1,0
hotpotqa,Phi-4-mini-instruct,5358,3,1,0
hotpotqa,Phi-4-mini-instruct,5358,6,1,0
hotpotqa,Phi-4-mini-instruct,5373,2,1,0
hotpotqa,Phi-4-mini-instruct,5426,3,1,0
hotpotqa,Phi-4-mini-instruct,5472,4,1,0
hotpotqa,Phi-4-mini-instruct,5472,7,0,1
hotpotqa,Phi-4-mini-instruct,5483,1,1,0
hotpotqa,Phi-4-mini-instruct,5486,1,1,0
hotpotqa,Phi-4-mini-instruct,5503,7,1,0
hotpotqa,Phi-4-mini-instruct,5504,1,1,0
hotpotqa,Phi-4-mini-instruct,5532,5,0,1
hotpotqa,Phi-4-mini-instruct,5540,3,1,0
hotpotqa,Phi-4-mini-instruct,5540,5,1,0
hotpotqa,Phi-4-mini-instruct,5545,4,1,0
hotpotqa,Phi-4-mini-instruct,5571,1,0,1
hotpotqa,Phi-4-mini-instruct,5571,3,1,0
hotpotqa,Phi-4-mini-instruct,5573,2,1,0
hotpotqa,Phi-4-mini-instruct,5615,3,1,0
hotpotqa,Phi-4-mini-instruct,5630,7,1,0
hotpotqa,Phi-4-mini-instruct,5660,6,1,0
hotpotqa,Phi-4-mini-instruct,5679,4,1,0
hotpotqa,Phi-4-mini-instruct,5686,5,0,1
hotpotqa,Phi-4-mini-instruct,5686,6,1,0
hotpotqa,Phi-4-mini-instruct,5699,1,1,0
hotpotqa,Phi-4-mini-instruct,5704,5,1,0
hotpotqa,Phi-4-mini-instruct,5711,1,1,0
hotpotqa,Phi-4-mini-instruct,5711,4,1,0
hotpotqa,Phi-4-mini-instruct,5717,1,0,1
hotpotqa,Phi-4-mini-instruct,5717,3,0,1
hotpotqa,Phi-4-mini-instruct,5717,4,1,0
hotpotqa,Phi-4-mini-instruct,5720,3,1,0
hotpotqa,Phi-4-mini-instruct,5720,4,0,1
hotpotqa,Phi-4-mini-instruct,5720,5,1,0
hotpotqa,Phi-4-mini-instruct,5720,6,1,0
hotpotqa,Phi-4-mini-instruct,5726,2,1,0
hotpotqa,Phi-4-mini-instruct,5726,3,0,1
hotpotqa,Phi-4-mini-instruct,5762,2,0,1
hotpotqa,Phi-4-mini-instruct,5773,5,1,1
hotpotqa,Phi-4-mini-instruct,5780,2,1,0
hotpotqa,Phi-4-mini-instruct,5780,4,0,1
hotpotqa,Phi-4-mini-instruct,5780,5,1,0
hotpotqa,Phi-4-mini-instruct,5797,4,0,1
hotpotqa,Phi-4-mini-instruct,5797,6,1,0
hotpotqa,Phi-4-mini-instruct,5838,1,0,1
hotpotqa,Phi-4-mini-instruct,5838,2,1,0
hotpotqa,Phi-4-mini-instruct,5838,3,1,0
hotpotqa,Phi-4-mini-instruct,5838,5,1,1
hotpotqa,Phi-4-mini-instruct,5838,6,0,1
hotpotqa,Phi-4-mini-instruct,5866,1,1,0
hotpotqa,Phi-4-mini-instruct,5887,4,1,0
hotpotqa,Phi-4-mini-instruct,5887,6,1,0
hotpotqa,Phi-4-mini-instruct,5925,3,1,0
hotpotqa,Phi-4-mini-instruct,5931,3,1,1
hotpotqa,Phi-4-mini-instruct,5939,1,1,0
hotpotqa,Phi-4-mini-instruct,5939,2,1,0
hotpotqa,Phi-4-mini-instruct,5939,4,1,0
hotpotqa,Phi-4-mini-instruct,5939,7,1,0
hotpotqa,Phi-4-mini-instruct,5965,3,1,0
hotpotqa,Phi-4-mini-instruct,5980,2,1,0
hotpotqa,Phi-4-mini-instruct,6014,1,0,1
hotpotqa,Phi-4-mini-instruct,6014,2,1,0
hotpotqa,Phi-4-mini-instruct,6014,4,1,1
hotpotqa,Phi-4-mini-instruct,6028,3,0,1
hotpotqa,Phi-4-mini-instruct,6028,5,0,1
hotpotqa,Phi-4-mini-instruct,6030,3,1,0
hotpotqa,Phi-4-mini-instruct,6030,4,1,0
hotpotqa,Phi-4-mini-instruct,6030,6,0,1
hotpotqa,Phi-4-mini-instruct,6090,2,0,1
hotpotqa,Phi-4-mini-instruct,6092,1,1,0
hotpotqa,Phi-4-mini-instruct,6092,2,1,0
hotpotqa,Phi-4-mini-instruct,6100,1,1,0
hotpotqa,Phi-4-mini-instruct,6100,2,1,0
hotpotqa,Phi-4-mini-instruct,6100,5,1,0
hotpotqa,Phi-4-mini-instruct,6100,7,0,1
hotpotqa,Phi-4-mini-instruct,6102,3,0,1
hotpotqa,Phi-4-mini-instruct,6108,2,1,0
hotpotqa,Phi-4-mini-instruct,6108,4,1,0
hotpotqa,Phi-4-mini-instruct,6128,1,0,1
hotpotqa,Phi-4-mini-instruct,6128,4,1,0
hotpotqa,Phi-4-mini-instruct,6149,1,0,1
hotpotqa,Phi-4-mini-instruct,6151,1,1,0
hotpotqa,Phi-4-mini-instruct,6151,5,1,1
hotpotqa,Phi-4-mini-instruct,6151,7,1,0
hotpotqa,Phi-4-mini-instruct,6158,3,1,0
hotpotqa,Phi-4-mini-instruct,6166,6,1,0
hotpotqa,Phi-4-mini-instruct,6166,7,1,0
hotpotqa,Phi-4-mini-instruct,6175,3,1,0
hotpotqa,Phi-4-mini-instruct,6175,7,0,1
hotpotqa,Phi-4-mini-instruct,6180,4,0,1
hotpotqa,Phi-4-mini-instruct,6180,5,1,0
hotpotqa,Phi-4-mini-instruct,6216,4,1,0
hotpotqa,Phi-4-mini-instruct,6237,3,1,0
hotpotqa,Phi-4-mini-instruct,6238,1,1,1
hotpotqa,Phi-4-mini-instruct,6238,3,0,1
hotpotqa,Phi-4-mini-instruct,6238,6,1,0
hotpotqa,Phi-4-mini-instruct,6238,7,1,0
hotpotqa,Phi-4-mini-instruct,6294,3,0,1
hotpotqa,Phi-4-mini-instruct,6294,7,1,0
hotpotqa,Phi-4-mini-instruct,6324,2,0,1
hotpotqa,Phi-4-mini-instruct,6325,4,0,1
hotpotqa,Phi-4-mini-instruct,6325,6,1,0
hotpotqa,Phi-4-mini-instruct,6325,7,1,0
hotpotqa,Phi-4-mini-instruct,6333,1,1,0
hotpotqa,Phi-4-mini-instruct,6333,2,0,1
hotpotqa,Phi-4-mini-instruct,6378,3,1,0
hotpotqa,Phi-4-mini-instruct,6378,5,1,0
hotpotqa,Phi-4-mini-instruct,6386,4,1,0
hotpotqa,Phi-4-mini-instruct,6386,5,0,1
hotpotqa,Phi-4-mini-instruct,6399,1,1,0
hotpotqa,Phi-4-mini-instruct,6404,1,1,0
hotpotqa,Phi-4-mini-instruct,6406,2,1,0
hotpotqa,Phi-4-mini-instruct,6406,3,1,0
hotpotqa,Phi-4-mini-instruct,6406,4,1,0
hotpotqa,Phi-4-mini-instruct,6406,5,0,1
hotpotqa,Phi-4-mini-instruct,6414,4,1,0
hotpotqa,Phi-4-mini-instruct,6432,1,1,0
hotpotqa,Phi-4-mini-instruct,6432,3,1,0
hotpotqa,Phi-4-mini-instruct,6434,1,1,1
hotpotqa,Phi-4-mini-instruct,6453,2,1,1
hotpotqa,Phi-4-mini-instruct,6453,3,0,1
hotpotqa,Phi-4-mini-instruct,6453,4,1,0
hotpotqa,Phi-4-mini-instruct,6453,7,1,0
hotpotqa,Phi-4-mini-instruct,6467,2,1,0
hotpotqa,Phi-4-mini-instruct,6467,3,0,1
hotpotqa,Phi-4-mini-instruct,6467,7,1,1
hotpotqa,Phi-4-mini-instruct,6490,4,0,1
hotpotqa,Phi-4-mini-instruct,6494,1,1,0
hotpotqa,Phi-4-mini-instruct,6494,2,0,1
hotpotqa,Phi-4-mini-instruct,6494,4,1,1
hotpotqa,Phi-4-mini-instruct,6518,1,1,0
hotpotqa,Phi-4-mini-instruct,6518,3,1,0
hotpotqa,Phi-4-mini-instruct,6518,4,1,0
hotpotqa,Phi-4-mini-instruct,6524,3,1,0
hotpotqa,Phi-4-mini-instruct,6524,5,1,0
hotpotqa,Phi-4-mini-instruct,6527,2,1,0
hotpotqa,Phi-4-mini-instruct,6586,4,1,0
hotpotqa,Phi-4-mini-instruct,6592,3,1,0
hotpotqa,Phi-4-mini-instruct,6626,1,1,0
hotpotqa,Phi-4-mini-instruct,6626,3,1,0
hotpotqa,Phi-4-mini-instruct,6626,5,1,0
hotpotqa,Phi-4-mini-instruct,6665,5,1,0
hotpotqa,Phi-4-mini-instruct,6669,1,1,0
hotpotqa,Phi-4-mini-instruct,6669,3,1,0
hotpotqa,Phi-4-mini-instruct,6669,5,0,1
hotpotqa,Phi-4-mini-instruct,6669,7,1,0
hotpotqa,Phi-4-mini-instruct,6696,2,1,0
hotpotqa,Phi-4-mini-instruct,6709,1,1,0
hotpotqa,Phi-4-mini-instruct,6709,2,1,0
hotpotqa,Phi-4-mini-instruct,6709,5,1,1
hotpotqa,Phi-4-mini-instruct,6709,6,1,0
hotpotqa,Phi-4-mini-instruct,6779,6,0,1
hotpotqa,Phi-4-mini-instruct,6779,7,1,0
hotpotqa,Phi-4-mini-instruct,6781,4,1,1
hotpotqa,Phi-4-mini-instruct,6798,2,1,0
hotpotqa,Phi-4-mini-instruct,6798,3,0,1
hotpotqa,Phi-4-mini-instruct,6800,5,0,1
hotpotqa,Phi-4-mini-instruct,6819,2,1,0
hotpotqa,Phi-4-mini-instruct,6837,5,1,0
hotpotqa,Phi-4-mini-instruct,6849,7,0,1
hotpotqa,Phi-4-mini-instruct,6913,1,1,0
hotpotqa,Phi-4-mini-instruct,6916,2,0,1
hotpotqa,Phi-4-mini-instruct,6948,3,1,0
hotpotqa,Phi-4-mini-instruct,6951,3,0,1
hotpotqa,Phi-4-mini-instruct,6951,4,1,1
hotpotqa,Phi-4-mini-instruct,6951,7,0,1
hotpotqa,Phi-4-mini-instruct,6952,3,1,1
hotpotqa,Phi-4-mini-instruct,6952,6,1,0
hotpotqa,Phi-4-mini-instruct,6952,7,1,0
hotpotqa,Phi-4-mini-instruct,6982,1,1,0
hotpotqa,Phi-4-mini-instruct,6982,5,0,1
hotpotqa,Phi-4-mini-instruct,6986,4,1,1
hotpotqa,Phi-4-mini-instruct,6996,7,1,0
hotpotqa,Phi-4-mini-instruct,7026,1,1,0
hotpotqa,Phi-4-mini-instruct,7026,3,1,0
hotpotqa,Phi-4-mini-instruct,7026,4,0,1
hotpotqa,Phi-4-mini-instruct,7039,1,0,1
hotpotqa,Phi-4-mini-instruct,7042,2,0,1
hotpotqa,Phi-4-mini-instruct,7042,5,1,1
hotpotqa,Phi-4-mini-instruct,7050,5,1,0
hotpotqa,Phi-4-mini-instruct,7067,1,1,0
hotpotqa,Phi-4-mini-instruct,7067,3,1,0
hotpotqa,Phi-4-mini-instruct,7085,7,1,0
hotpotqa,Phi-4-mini-instruct,7094,3,1,0
hotpotqa,Phi-4-mini-instruct,7096,5,1,0
hotpotqa,Phi-4-mini-instruct,7100,5,1,0
hotpotqa,Phi-4-mini-instruct,7174,4,1,0
hotpotqa,Phi-4-mini-instruct,7174,5,1,0
hotpotqa,Phi-4-mini-instruct,7203,2,1,0
hotpotqa,Phi-4-mini-instruct,7203,5,1,0
hotpotqa,Phi-4-mini-instruct,7203,6,1,0
hotpotqa,Phi-4-mini-instruct,7247,2,1,1
hotpotqa,Phi-4-mini-instruct,7247,4,0,1
hotpotqa,Phi-4-mini-instruct,7247,5,0,1
hotpotqa,Phi-4-mini-instruct,7260,2,1,1
hotpotqa,Phi-4-mini-instruct,7271,3,1,0
hotpotqa,Phi-4-mini-instruct,7275,2,1,0
hotpotqa,Phi-4-mini-instruct,7278,1,1,0
hotpotqa,Phi-4-mini-instruct,7318,4,1,0
hotpotqa,Phi-4-mini-instruct,7318,5,1,0
hotpotqa,Phi-4-mini-instruct,7353,2,0,1
hotpotqa,Phi-4-mini-instruct,7353,3,1,0
hotpotqa,Qwen3.6-35B-A3B,6,6,1,0
hotpotqa,Qwen3.6-35B-A3B,84,3,0,1
hotpotqa,Qwen3.6-35B-A3B,88,4,1,1
hotpotqa,Qwen3.6-35B-A3B,88,5,1,0
hotpotqa,Qwen3.6-35B-A3B,88,6,1,0
hotpotqa,Qwen3.6-35B-A3B,92,1,1,0
hotpotqa,Qwen3.6-35B-A3B,92,3,0,1
hotpotqa,Qwen3.6-35B-A3B,92,4,1,1
hotpotqa,Qwen3.6-35B-A3B,92,7,1,1
hotpotqa,Qwen3.6-35B-A3B,129,5,1,0
hotpotqa,Qwen3.6-35B-A3B,156,1,1,0
hotpotqa,Qwen3.6-35B-A3B,200,2,1,0
hotpotqa,Qwen3.6-35B-A3B,280,1,1,0
hotpotqa,Qwen3.6-35B-A3B,291,2,1,0
hotpotqa,Qwen3.6-35B-A3B,291,3,1,0
hotpotqa,Qwen3.6-35B-A3B,319,5,1,1
hotpotqa,Qwen3.6-35B-A3B,362,4,1,0
hotpotqa,Qwen3.6-35B-A3B,407,4,1,1
hotpotqa,Qwen3.6-35B-A3B,415,3,1,0
hotpotqa,Qwen3.6-35B-A3B,416,3,0,1
hotpotqa,Qwen3.6-35B-A3B,416,4,1,1
hotpotqa,Qwen3.6-35B-A3B,416,5,1,1
hotpotqa,Qwen3.6-35B-A3B,433,2,0,1
hotpotqa,Qwen3.6-35B-A3B,433,3,1,0
hotpotqa,Qwen3.6-35B-A3B,433,4,1,0
hotpotqa,Qwen3.6-35B-A3B,457,4,1,1
hotpotqa,Qwen3.6-35B-A3B,457,5,1,1
hotpotqa,Qwen3.6-35B-A3B,457,6,1,1
hotpotqa,Qwen3.6-35B-A3B,468,2,0,1
hotpotqa,Qwen3.6-35B-A3B,476,5,1,1
hotpotqa,Qwen3.6-35B-A3B,541,3,1,1
hotpotqa,Qwen3.6-35B-A3B,541,4,1,1
hotpotqa,Qwen3.6-35B-A3B,541,5,1,1
hotpotqa,Qwen3.6-35B-A3B,541,6,1,0
hotpotqa,Qwen3.6-35B-A3B,553,5,1,0
hotpotqa,Qwen3.6-35B-A3B,553,6,1,0
hotpotqa,Qwen3.6-35B-A3B,553,7,1,0
hotpotqa,Qwen3.6-35B-A3B,562,2,0,1
hotpotqa,Qwen3.6-35B-A3B,564,2,0,1
hotpotqa,Qwen3.6-35B-A3B,632,2,0,1
hotpotqa,Qwen3.6-35B-A3B,632,3,1,1
hotpotqa,Qwen3.6-35B-A3B,632,4,1,1
hotpotqa,Qwen3.6-35B-A3B,632,6,1,1
hotpotqa,Qwen3.6-35B-A3B,648,5,1,0
hotpotqa,Qwen3.6-35B-A3B,670,5,1,1
hotpotqa,Qwen3.6-35B-A3B,670,7,0,1
hotpotqa,Qwen3.6-35B-A3B,687,3,1,0
hotpotqa,Qwen3.6-35B-A3B,690,6,1,0
hotpotqa,Qwen3.6-35B-A3B,690,7,1,0
hotpotqa,Qwen3.6-35B-A3B,797,1,0,1
hotpotqa,Qwen3.6-35B-A3B,797,3,1,0
hotpotqa,Qwen3.6-35B-A3B,797,6,1,1
hotpotqa,Qwen3.6-35B-A3B,816,2,1,1
hotpotqa,Qwen3.6-35B-A3B,816,5,1,1
hotpotqa,Qwen3.6-35B-A3B,816,6,1,0
hotpotqa,Qwen3.6-35B-A3B,851,5,1,0
hotpotqa,Qwen3.6-35B-A3B,851,6,0,1
hotpotqa,Qwen3.6-35B-A3B,851,7,1,0
hotpotqa,Qwen3.6-35B-A3B,899,3,1,0
hotpotqa,Qwen3.6-35B-A3B,919,2,1,0
hotpotqa,Qwen3.6-35B-A3B,919,4,1,0
hotpotqa,Qwen3.6-35B-A3B,923,1,1,0
hotpotqa,Qwen3.6-35B-A3B,923,3,0,1
hotpotqa,Qwen3.6-35B-A3B,923,5,1,0
hotpotqa,Qwen3.6-35B-A3B,924,4,1,0
hotpotqa,Qwen3.6-35B-A3B,953,4,1,1
hotpotqa,Qwen3.6-35B-A3B,953,7,1,1
hotpotqa,Qwen3.6-35B-A3B,1084,2,0,1
hotpotqa,Qwen3.6-35B-A3B,1084,5,1,0
hotpotqa,Qwen3.6-35B-A3B,1084,6,1,0
hotpotqa,Qwen3.6-35B-A3B,1114,5,1,1
hotpotqa,Qwen3.6-35B-A3B,1114,6,1,0
hotpotqa,Qwen3.6-35B-A3B,1129,5,1,0
hotpotqa,Qwen3.6-35B-A3B,1129,7,1,0
hotpotqa,Qwen3.6-35B-A3B,1143,1,1,0
hotpotqa,Qwen3.6-35B-A3B,1143,2,1,1
hotpotqa,Qwen3.6-35B-A3B,1143,5,1,1
hotpotqa,Qwen3.6-35B-A3B,1143,6,1,0
hotpotqa,Qwen3.6-35B-A3B,1146,3,1,0
hotpotqa,Qwen3.6-35B-A3B,1146,5,1,0
hotpotqa,Qwen3.6-35B-A3B,1146,7,1,1
hotpotqa,Qwen3.6-35B-A3B,1162,1,1,0
hotpotqa,Qwen3.6-35B-A3B,1162,2,1,0
hotpotqa,Qwen3.6-35B-A3B,1187,3,1,0
hotpotqa,Qwen3.6-35B-A3B,1217,2,1,0
hotpotqa,Qwen3.6-35B-A3B,1217,3,1,0
hotpotqa,Qwen3.6-35B-A3B,1222,2,1,0
hotpotqa,Qwen3.6-35B-A3B,1222,5,1,0
hotpotqa,Qwen3.6-35B-A3B,1224,3,1,0
hotpotqa,Qwen3.6-35B-A3B,1245,1,1,0
hotpotqa,Qwen3.6-35B-A3B,1270,4,0,1
hotpotqa,Qwen3.6-35B-A3B,1391,4,1,0
hotpotqa,Qwen3.6-35B-A3B,1399,1,1,0
hotpotqa,Qwen3.6-35B-A3B,1399,2,0,1
hotpotqa,Qwen3.6-35B-A3B,1447,2,1,0
hotpotqa,Qwen3.6-35B-A3B,1496,3,1,0
hotpotqa,Qwen3.6-35B-A3B,1496,5,1,0
hotpotqa,Qwen3.6-35B-A3B,1533,2,0,1
hotpotqa,Qwen3.6-35B-A3B,1534,2,1,0
hotpotqa,Qwen3.6-35B-A3B,1548,1,1,0
hotpotqa,Qwen3.6-35B-A3B,1557,1,1,0
hotpotqa,Qwen3.6-35B-A3B,1557,6,1,0
hotpotqa,Qwen3.6-35B-A3B,1560,2,1,0
hotpotqa,Qwen3.6-35B-A3B,1560,3,0,1
hotpotqa,Qwen3.6-35B-A3B,1621,1,0,1
hotpotqa,Qwen3.6-35B-A3B,1636,3,0,1
hotpotqa,Qwen3.6-35B-A3B,1707,3,1,0
hotpotqa,Qwen3.6-35B-A3B,1707,4,0,1
hotpotqa,Qwen3.6-35B-A3B,1720,3,1,1
hotpotqa,Qwen3.6-35B-A3B,1727,2,1,1
hotpotqa,Qwen3.6-35B-A3B,1768,3,1,0
hotpotqa,Qwen3.6-35B-A3B,1781,3,1,1
hotpotqa,Qwen3.6-35B-A3B,1781,4,1,0
hotpotqa,Qwen3.6-35B-A3B,1781,5,0,1
hotpotqa,Qwen3.6-35B-A3B,1790,5,1,1
hotpotqa,Qwen3.6-35B-A3B,1801,3,0,1
hotpotqa,Qwen3.6-35B-A3B,1855,4,1,0
hotpotqa,Qwen3.6-35B-A3B,1885,5,1,1
hotpotqa,Qwen3.6-35B-A3B,1886,2,1,0
hotpotqa,Qwen3.6-35B-A3B,1887,1,1,0
hotpotqa,Qwen3.6-35B-A3B,1887,4,1,1
hotpotqa,Qwen3.6-35B-A3B,1902,3,1,0
hotpotqa,Qwen3.6-35B-A3B,1917,3,1,0
hotpotqa,Qwen3.6-35B-A3B,1917,4,1,0
hotpotqa,Qwen3.6-35B-A3B,1945,1,1,0
hotpotqa,Qwen3.6-35B-A3B,1945,3,1,1
hotpotqa,Qwen3.6-35B-A3B,1949,1,0,1
hotpotqa,Qwen3.6-35B-A3B,1949,6,1,1
hotpotqa,Qwen3.6-35B-A3B,2004,2,1,1
hotpotqa,Qwen3.6-35B-A3B,2004,4,1,0
hotpotqa,Qwen3.6-35B-A3B,2008,2,1,0
hotpotqa,Qwen3.6-35B-A3B,2019,1,0,1
hotpotqa,Qwen3.6-35B-A3B,2019,4,0,1
hotpotqa,Qwen3.6-35B-A3B,2019,6,1,0
hotpotqa,Qwen3.6-35B-A3B,2033,3,1,0
hotpotqa,Qwen3.6-35B-A3B,2053,1,1,0
hotpotqa,Qwen3.6-35B-A3B,2112,4,0,1
hotpotqa,Qwen3.6-35B-A3B,2112,5,1,1
hotpotqa,Qwen3.6-35B-A3B,2143,2,1,1
hotpotqa,Qwen3.6-35B-A3B,2208,4,1,1
hotpotqa,Qwen3.6-35B-A3B,2208,5,1,1
hotpotqa,Qwen3.6-35B-A3B,2208,6,1,0
hotpotqa,Qwen3.6-35B-A3B,2208,7,1,0
hotpotqa,Qwen3.6-35B-A3B,2226,1,1,0
hotpotqa,Qwen3.6-35B-A3B,2261,1,0,1
hotpotqa,Qwen3.6-35B-A3B,2294,6,1,1
hotpotqa,Qwen3.6-35B-A3B,2294,7,1,1
hotpotqa,Qwen3.6-35B-A3B,2304,2,1,0
hotpotqa,Qwen3.6-35B-A3B,2382,7,1,1
hotpotqa,Qwen3.6-35B-A3B,2424,2,0,1
hotpotqa,Qwen3.6-35B-A3B,2498,2,1,0
hotpotqa,Qwen3.6-35B-A3B,2501,1,1,0
hotpotqa,Qwen3.6-35B-A3B,2501,4,1,0
hotpotqa,Qwen3.6-35B-A3B,2521,2,0,1
hotpotqa,Qwen3.6-35B-A3B,2545,5,1,0
hotpotqa,Qwen3.6-35B-A3B,2545,6,1,0
hotpotqa,Qwen3.6-35B-A3B,2609,5,1,0
hotpotqa,Qwen3.6-35B-A3B,2611,1,1,0
hotpotqa,Qwen3.6-35B-A3B,2611,2,1,0
hotpotqa,Qwen3.6-35B-A3B,2646,3,1,0
hotpotqa,Qwen3.6-35B-A3B,2662,4,1,0
hotpotqa,Qwen3.6-35B-A3B,2702,6,1,1
hotpotqa,Qwen3.6-35B-A3B,2733,2,1,0
hotpotqa,Qwen3.6-35B-A3B,2733,3,1,1
hotpotqa,Qwen3.6-35B-A3B,2733,5,0,1
hotpotqa,Qwen3.6-35B-A3B,2733,6,1,1
hotpotqa,Qwen3.6-35B-A3B,2811,4,1,1
hotpotqa,Qwen3.6-35B-A3B,2811,5,1,0
hotpotqa,Qwen3.6-35B-A3B,2812,4,1,1
hotpotqa,Qwen3.6-35B-A3B,2812,6,1,0
hotpotqa,Qwen3.6-35B-A3B,2826,2,1,0
hotpotqa,Qwen3.6-35B-A3B,2836,5,1,1
hotpotqa,Qwen3.6-35B-A3B,2854,1,1,0
hotpotqa,Qwen3.6-35B-A3B,2866,6,1,0
hotpotqa,Qwen3.6-35B-A3B,2866,7,0,1
hotpotqa,Qwen3.6-35B-A3B,2889,2,1,1
hotpotqa,Qwen3.6-35B-A3B,2889,4,1,1
hotpotqa,Qwen3.6-35B-A3B,2889,6,1,1
hotpotqa,Qwen3.6-35B-A3B,2889,7,1,1
hotpotqa,Qwen3.6-35B-A3B,2927,1,1,0
hotpotqa,Qwen3.6-35B-A3B,2927,4,1,1
hotpotqa,Qwen3.6-35B-A3B,2927,7,1,1
hotpotqa,Qwen3.6-35B-A3B,2930,1,1,0
hotpotqa,Qwen3.6-35B-A3B,2930,5,1,0
hotpotqa,Qwen3.6-35B-A3B,2930,6,1,1
hotpotqa,Qwen3.6-35B-A3B,2934,1,1,1
hotpotqa,Qwen3.6-35B-A3B,2965,3,1,0
hotpotqa,Qwen3.6-35B-A3B,2973,1,1,0
hotpotqa,Qwen3.6-35B-A3B,2973,4,1,0
hotpotqa,Qwen3.6-35B-A3B,2973,6,1,1
hotpotqa,Qwen3.6-35B-A3B,3010,2,1,0
hotpotqa,Qwen3.6-35B-A3B,3019,2,1,0
hotpotqa,Qwen3.6-35B-A3B,3023,3,1,0
hotpotqa,Qwen3.6-35B-A3B,3169,3,1,0
hotpotqa,Qwen3.6-35B-A3B,3188,1,1,0
hotpotqa,Qwen3.6-35B-A3B,3196,6,0,1
hotpotqa,Qwen3.6-35B-A3B,3216,2,0,1
hotpotqa,Qwen3.6-35B-A3B,3265,3,1,1
hotpotqa,Qwen3.6-35B-A3B,3265,5,1,0
hotpotqa,Qwen3.6-35B-A3B,3265,6,1,0
hotpotqa,Qwen3.6-35B-A3B,3291,2,1,1
hotpotqa,Qwen3.6-35B-A3B,3291,6,0,1
hotpotqa,Qwen3.6-35B-A3B,3355,3,0,1
hotpotqa,Qwen3.6-35B-A3B,3388,3,1,1
hotpotqa,Qwen3.6-35B-A3B,3395,3,0,1
hotpotqa,Qwen3.6-35B-A3B,3459,1,1,0
hotpotqa,Qwen3.6-35B-A3B,3465,3,1,0
hotpotqa,Qwen3.6-35B-A3B,3473,1,1,0
hotpotqa,Qwen3.6-35B-A3B,3477,3,1,0
hotpotqa,Qwen3.6-35B-A3B,3491,2,1,0
hotpotqa,Qwen3.6-35B-A3B,3536,6,1,1
hotpotqa,Qwen3.6-35B-A3B,3536,7,1,1
hotpotqa,Qwen3.6-35B-A3B,3538,1,1,0
hotpotqa,Qwen3.6-35B-A3B,3538,2,0,1
hotpotqa,Qwen3.6-35B-A3B,3556,1,1,0
hotpotqa,Qwen3.6-35B-A3B,3578,4,1,0
hotpotqa,Qwen3.6-35B-A3B,3578,5,0,1
hotpotqa,Qwen3.6-35B-A3B,3578,6,1,0
hotpotqa,Qwen3.6-35B-A3B,3578,7,1,0
hotpotqa,Qwen3.6-35B-A3B,3618,3,1,1
hotpotqa,Qwen3.6-35B-A3B,3634,1,1,0
hotpotqa,Qwen3.6-35B-A3B,3642,3,1,0
hotpotqa,Qwen3.6-35B-A3B,3642,4,1,0
hotpotqa,Qwen3.6-35B-A3B,3653,3,1,0
hotpotqa,Qwen3.6-35B-A3B,3653,4,1,1
hotpotqa,Qwen3.6-35B-A3B,3653,5,1,1
hotpotqa,Qwen3.6-35B-A3B,3687,5,1,1
hotpotqa,Qwen3.6-35B-A3B,3750,2,0,1
hotpotqa,Qwen3.6-35B-A3B,3760,2,0,1
hotpotqa,Qwen3.6-35B-A3B,3805,3,1,0
hotpotqa,Qwen3.6-35B-A3B,3808,1,1,0
hotpotqa,Qwen3.6-35B-A3B,3808,3,1,0
hotpotqa,Qwen3.6-35B-A3B,3819,2,1,0
hotpotqa,Qwen3.6-35B-A3B,3913,2,0,1
hotpotqa,Qwen3.6-35B-A3B,3913,3,1,0
hotpotqa,Qwen3.6-35B-A3B,3913,7,1,0
hotpotqa,Qwen3.6-35B-A3B,4025,3,1,0
hotpotqa,Qwen3.6-35B-A3B,4029,5,0,1
hotpotqa,Qwen3.6-35B-A3B,4029,6,1,0
hotpotqa,Qwen3.6-35B-A3B,4073,4,1,0
hotpotqa,Qwen3.6-35B-A3B,4079,5,1,1
hotpotqa,Qwen3.6-35B-A3B,4079,6,0,1
hotpotqa,Qwen3.6-35B-A3B,4080,1,1,0
hotpotqa,Qwen3.6-35B-A3B,4080,6,1,0
hotpotqa,Qwen3.6-35B-A3B,4082,2,1,0
hotpotqa,Qwen3.6-35B-A3B,4097,4,1,0
hotpotqa,Qwen3.6-35B-A3B,4116,6,0,1
hotpotqa,Qwen3.6-35B-A3B,4116,7,1,1
hotpotqa,Qwen3.6-35B-A3B,4118,2,1,0
hotpotqa,Qwen3.6-35B-A3B,4133,1,1,0
hotpotqa,Qwen3.6-35B-A3B,4133,5,0,1
hotpotqa,Qwen3.6-35B-A3B,4142,4,1,1
hotpotqa,Qwen3.6-35B-A3B,4142,5,1,1
hotpotqa,Qwen3.6-35B-A3B,4152,6,1,1
hotpotqa,Qwen3.6-35B-A3B,4152,7,1,1
hotpotqa,Qwen3.6-35B-A3B,4176,1,1,0
hotpotqa,Qwen3.6-35B-A3B,4179,3,1,0
hotpotqa,Qwen3.6-35B-A3B,4179,4,1,1
hotpotqa,Qwen3.6-35B-A3B,4179,5,1,0
hotpotqa,Qwen3.6-35B-A3B,4179,7,1,0
hotpotqa,Qwen3.6-35B-A3B,4180,3,1,1
hotpotqa,Qwen3.6-35B-A3B,4180,4,1,0
hotpotqa,Qwen3.6-35B-A3B,4180,5,1,1
hotpotqa,Qwen3.6-35B-A3B,4180,6,1,1
hotpotqa,Qwen3.6-35B-A3B,4180,7,1,1
hotpotqa,Qwen3.6-35B-A3B,4261,2,0,1
hotpotqa,Qwen3.6-35B-A3B,4274,1,0,1
hotpotqa,Qwen3.6-35B-A3B,4282,2,1,0
hotpotqa,Qwen3.6-35B-A3B,4286,1,1,0
hotpotqa,Qwen3.6-35B-A3B,4321,1,1,1
hotpotqa,Qwen3.6-35B-A3B,4334,2,1,0
hotpotqa,Qwen3.6-35B-A3B,4341,1,1,0
hotpotqa,Qwen3.6-35B-A3B,4360,3,1,0
hotpotqa,Qwen3.6-35B-A3B,4360,7,0,1
hotpotqa,Qwen3.6-35B-A3B,4385,4,1,1
hotpotqa,Qwen3.6-35B-A3B,4392,2,1,0
hotpotqa,Qwen3.6-35B-A3B,4414,4,1,1
hotpotqa,Qwen3.6-35B-A3B,4523,6,1,0
hotpotqa,Qwen3.6-35B-A3B,4525,1,0,1
hotpotqa,Qwen3.6-35B-A3B,4525,5,1,1
hotpotqa,Qwen3.6-35B-A3B,4525,7,0,1
hotpotqa,Qwen3.6-35B-A3B,4543,2,0,1
hotpotqa,Qwen3.6-35B-A3B,4560,3,1,0
hotpotqa,Qwen3.6-35B-A3B,4560,4,1,1
hotpotqa,Qwen3.6-35B-A3B,4560,6,1,0
hotpotqa,Qwen3.6-35B-A3B,4560,7,1,1
hotpotqa,Qwen3.6-35B-A3B,4586,1,1,0
hotpotqa,Qwen3.6-35B-A3B,4592,1,0,1
hotpotqa,Qwen3.6-35B-A3B,4592,5,1,0
hotpotqa,Qwen3.6-35B-A3B,4611,1,1,1
hotpotqa,Qwen3.6-35B-A3B,4646,3,1,0
hotpotqa,Qwen3.6-35B-A3B,4646,6,1,1
hotpotqa,Qwen3.6-35B-A3B,4679,2,1,0
hotpotqa,Qwen3.6-35B-A3B,4741,1,0,1
hotpotqa,Qwen3.6-35B-A3B,4741,6,1,1
hotpotqa,Qwen3.6-35B-A3B,4741,7,1,0
hotpotqa,Qwen3.6-35B-A3B,4745,7,1,1
hotpotqa,Qwen3.6-35B-A3B,4752,1,1,0
hotpotqa,Qwen3.6-35B-A3B,4752,3,1,0
hotpotqa,Qwen3.6-35B-A3B,4758,4,1,0
hotpotqa,Qwen3.6-35B-A3B,4758,6,1,1
hotpotqa,Qwen3.6-35B-A3B,4832,4,1,1
hotpotqa,Qwen3.6-35B-A3B,4832,6,1,0
hotpotqa,Qwen3.6-35B-A3B,4856,2,0,1
hotpotqa,Qwen3.6-35B-A3B,4897,5,1,1
hotpotqa,Qwen3.6-35B-A3B,4923,1,0,1
hotpotqa,Qwen3.6-35B-A3B,4923,5,1,1
hotpotqa,Qwen3.6-35B-A3B,4980,3,0,1
hotpotqa,Qwen3.6-35B-A3B,5016,1,0,1
hotpotqa,Qwen3.6-35B-A3B,5016,7,1,1
hotpotqa,Qwen3.6-35B-A3B,5032,1,1,0
hotpotqa,Qwen3.6-35B-A3B,5032,5,1,1
hotpotqa,Qwen3.6-35B-A3B,5063,3,1,1
hotpotqa,Qwen3.6-35B-A3B,5071,3,1,0
hotpotqa,Qwen3.6-35B-A3B,5071,7,1,1
hotpotqa,Qwen3.6-35B-A3B,5074,2,0,1
hotpotqa,Qwen3.6-35B-A3B,5080,2,1,0
hotpotqa,Qwen3.6-35B-A3B,5080,5,1,0
hotpotqa,Qwen3.6-35B-A3B,5120,3,1,0
hotpotqa,Qwen3.6-35B-A3B,5199,1,1,0
hotpotqa,Qwen3.6-35B-A3B,5234,2,1,0
hotpotqa,Qwen3.6-35B-A3B,5274,1,1,0
hotpotqa,Qwen3.6-35B-A3B,5274,4,1,0
hotpotqa,Qwen3.6-35B-A3B,5274,5,1,1
hotpotqa,Qwen3.6-35B-A3B,5291,1,1,0
hotpotqa,Qwen3.6-35B-A3B,5358,2,1,0
hotpotqa,Qwen3.6-35B-A3B,5373,5,1,0
hotpotqa,Qwen3.6-35B-A3B,5373,6,0,1
hotpotqa,Qwen3.6-35B-A3B,5373,7,1,1
hotpotqa,Qwen3.6-35B-A3B,5376,1,1,0
hotpotqa,Qwen3.6-35B-A3B,5446,3,1,0
hotpotqa,Qwen3.6-35B-A3B,5483,3,1,0
hotpotqa,Qwen3.6-35B-A3B,5486,1,1,0
hotpotqa,Qwen3.6-35B-A3B,5486,2,1,0
hotpotqa,Qwen3.6-35B-A3B,5503,3,0,1
hotpotqa,Qwen3.6-35B-A3B,5532,1,1,0
hotpotqa,Qwen3.6-35B-A3B,5545,3,0,1
hotpotqa,Qwen3.6-35B-A3B,5545,4,1,0
hotpotqa,Qwen3.6-35B-A3B,5545,5,0,1
hotpotqa,Qwen3.6-35B-A3B,5545,7,1,0
hotpotqa,Qwen3.6-35B-A3B,5571,1,1,0
hotpotqa,Qwen3.6-35B-A3B,5573,1,0,1
hotpotqa,Qwen3.6-35B-A3B,5573,5,1,1
hotpotqa,Qwen3.6-35B-A3B,5573,7,1,1
hotpotqa,Qwen3.6-35B-A3B,5630,1,0,1
hotpotqa,Qwen3.6-35B-A3B,5630,3,1,1
hotpotqa,Qwen3.6-35B-A3B,5630,5,0,1
hotpotqa,Qwen3.6-35B-A3B,5630,7,1,0
hotpotqa,Qwen3.6-35B-A3B,5686,6,1,0
hotpotqa,Qwen3.6-35B-A3B,5699,3,1,1
hotpotqa,Qwen3.6-35B-A3B,5699,4,1,1
hotpotqa,Qwen3.6-35B-A3B,5699,7,1,1
hotpotqa,Qwen3.6-35B-A3B,5704,3,1,1
hotpotqa,Qwen3.6-35B-A3B,5704,5,0,1
hotpotqa,Qwen3.6-35B-A3B,5711,6,1,1
hotpotqa,Qwen3.6-35B-A3B,5711,7,1,0
hotpotqa,Qwen3.6-35B-A3B,5735,7,1,1
hotpotqa,Qwen3.6-35B-A3B,5747,6,1,0
hotpotqa,Qwen3.6-35B-A3B,5762,3,1,0
hotpotqa,Qwen3.6-35B-A3B,5773,5,1,0
hotpotqa,Qwen3.6-35B-A3B,5780,2,1,0
hotpotqa,Qwen3.6-35B-A3B,5780,3,1,0
hotpotqa,Qwen3.6-35B-A3B,5797,3,1,0
hotpotqa,Qwen3.6-35B-A3B,5821,4,1,0
hotpotqa,Qwen3.6-35B-A3B,5821,5,1,1
hotpotqa,Qwen3.6-35B-A3B,5821,7,1,1
hotpotqa,Qwen3.6-35B-A3B,5866,2,1,0
hotpotqa,Qwen3.6-35B-A3B,5887,2,1,0
hotpotqa,Qwen3.6-35B-A3B,5913,2,1,0
hotpotqa,Qwen3.6-35B-A3B,5962,2,1,1
hotpotqa,Qwen3.6-35B-A3B,5962,3,1,0
hotpotqa,Qwen3.6-35B-A3B,5962,4,1,1
hotpotqa,Qwen3.6-35B-A3B,5962,5,1,0
hotpotqa,Qwen3.6-35B-A3B,5962,6,1,1
hotpotqa,Qwen3.6-35B-A3B,5962,7,1,1
hotpotqa,Qwen3.6-35B-A3B,5965,2,1,0
hotpotqa,Qwen3.6-35B-A3B,5980,5,1,1
hotpotqa,Qwen3.6-35B-A3B,6014,6,0,1
hotpotqa,Qwen3.6-35B-A3B,6030,3,1,0
hotpotqa,Qwen3.6-35B-A3B,6030,4,1,0
hotpotqa,Qwen3.6-35B-A3B,6055,2,1,0
hotpotqa,Qwen3.6-35B-A3B,6100,1,0,1
hotpotqa,Qwen3.6-35B-A3B,6102,3,1,1
hotpotqa,Qwen3.6-35B-A3B,6102,5,1,0
hotpotqa,Qwen3.6-35B-A3B,6102,7,1,0
hotpotqa,Qwen3.6-35B-A3B,6128,2,1,0
hotpotqa,Qwen3.6-35B-A3B,6149,4,1,0
hotpotqa,Qwen3.6-35B-A3B,6149,5,1,1
hotpotqa,Qwen3.6-35B-A3B,6149,6,1,1
hotpotqa,Qwen3.6-35B-A3B,6151,5,1,1
hotpotqa,Qwen3.6-35B-A3B,6166,1,1,0
hotpotqa,Qwen3.6-35B-A3B,6166,6,1,1
hotpotqa,Qwen3.6-35B-A3B,6174,2,0,1
hotpotqa,Qwen3.6-35B-A3B,6174,4,1,1
hotpotqa,Qwen3.6-35B-A3B,6174,5,1,1
hotpotqa,Qwen3.6-35B-A3B,6174,6,1,1
hotpotqa,Qwen3.6-35B-A3B,6175,3,1,0
hotpotqa,Qwen3.6-35B-A3B,6175,4,1,0
hotpotqa,Qwen3.6-35B-A3B,6175,5,1,1
hotpotqa,Qwen3.6-35B-A3B,6175,6,1,1
hotpotqa,Qwen3.6-35B-A3B,6175,7,1,1
hotpotqa,Qwen3.6-35B-A3B,6180,4,1,0
hotpotqa,Qwen3.6-35B-A3B,6216,4,1,1
hotpotqa,Qwen3.6-35B-A3B,6238,2,1,0
hotpotqa,Qwen3.6-35B-A3B,6238,3,1,0
hotpotqa,Qwen3.6-35B-A3B,6249,7,1,1
hotpotqa,Qwen3.6-35B-A3B,6268,2,1,0
hotpotqa,Qwen3.6-35B-A3B,6325,1,1,0
hotpotqa,Qwen3.6-35B-A3B,6378,4,1,1
hotpotqa,Qwen3.6-35B-A3B,6378,5,0,1
hotpotqa,Qwen3.6-35B-A3B,6386,7,1,0
hotpotqa,Qwen3.6-35B-A3B,6399,1,0,1
hotpotqa,Qwen3.6-35B-A3B,6414,3,1,0
hotpotqa,Qwen3.6-35B-A3B,6432,1,0,1
hotpotqa,Qwen3.6-35B-A3B,6434,3,1,0
hotpotqa,Qwen3.6-35B-A3B,6490,6,1,1
hotpotqa,Qwen3.6-35B-A3B,6494,2,1,1
hotpotqa,Qwen3.6-35B-A3B,6494,6,1,1
hotpotqa,Qwen3.6-35B-A3B,6518,1,1,0
hotpotqa,Qwen3.6-35B-A3B,6519,4,1,1
hotpotqa,Qwen3.6-35B-A3B,6586,2,0,1
hotpotqa,Qwen3.6-35B-A3B,6596,1,1,0
hotpotqa,Qwen3.6-35B-A3B,6596,3,0,1
hotpotqa,Qwen3.6-35B-A3B,6596,4,1,1
hotpotqa,Qwen3.6-35B-A3B,6596,7,1,1
hotpotqa,Qwen3.6-35B-A3B,6626,4,1,0
hotpotqa,Qwen3.6-35B-A3B,6665,5,1,1
hotpotqa,Qwen3.6-35B-A3B,6665,6,1,0
hotpotqa,Qwen3.6-35B-A3B,6665,7,1,1
hotpotqa,Qwen3.6-35B-A3B,6696,2,1,0
hotpotqa,Qwen3.6-35B-A3B,6709,4,1,0
hotpotqa,Qwen3.6-35B-A3B,6837,1,1,0
hotpotqa,Qwen3.6-35B-A3B,6849,6,1,0
hotpotqa,Qwen3.6-35B-A3B,6913,3,1,0
hotpotqa,Qwen3.6-35B-A3B,6913,4,0,1
hotpotqa,Qwen3.6-35B-A3B,6913,5,1,0
hotpotqa,Qwen3.6-35B-A3B,6952,2,1,0
hotpotqa,Qwen3.6-35B-A3B,6982,3,1,0
hotpotqa,Qwen3.6-35B-A3B,6982,5,1,0
hotpotqa,Qwen3.6-35B-A3B,6982,6,1,0
hotpotqa,Qwen3.6-35B-A3B,6982,7,1,1
hotpotqa,Qwen3.6-35B-A3B,6986,1,1,0
hotpotqa,Qwen3.6-35B-A3B,6986,2,1,0
hotpotqa,Qwen3.6-35B-A3B,6996,3,0,1
hotpotqa,Qwen3.6-35B-A3B,7042,1,1,0
hotpotqa,Qwen3.6-35B-A3B,7050,4,1,0
hotpotqa,Qwen3.6-35B-A3B,7067,2,1,0
hotpotqa,Qwen3.6-35B-A3B,7081,2,1,1
hotpotqa,Qwen3.6-35B-A3B,7082,1,1,0
hotpotqa,Qwen3.6-35B-A3B,7085,2,0,1
hotpotqa,Qwen3.6-35B-A3B,7094,3,1,0
hotpotqa,Qwen3.6-35B-A3B,7094,4,1,0
hotpotqa,Qwen3.6-35B-A3B,7094,5,0,1
hotpotqa,Qwen3.6-35B-A3B,7096,2,1,0
hotpotqa,Qwen3.6-35B-A3B,7136,6,0,1
hotpotqa,Qwen3.6-35B-A3B,7149,3,1,0
hotpotqa,Qwen3.6-35B-A3B,7174,2,1,1
hotpotqa,Qwen3.6-35B-A3B,7174,4,1,0
hotpotqa,Qwen3.6-35B-A3B,7174,5,1,1
hotpotqa,Qwen3.6-35B-A3B,7203,3,1,1
hotpotqa,Qwen3.6-35B-A3B,7203,5,0,1
hotpotqa,Qwen3.6-35B-A3B,7247,3,0,1
hotpotqa,Qwen3.6-35B-A3B,7247,4,1,0
hotpotqa,Qwen3.6-35B-A3B,7247,6,1,1
hotpotqa,Qwen3.6-35B-A3B,7260,7,1,1
hotpotqa,Qwen3.6-35B-A3B,7318,1,1,0
hotpotqa,Qwen3.6-35B-A3B,7318,4,1,1
hotpotqa,Qwen3.6-35B-A3B,7318,7,1,0
hotpotqa,Qwen3.6-35B-A3B,7353,1,1,0
hotpotqa,gemma-3-4b-it,6,2,1,0
hotpotqa,gemma-3-4b-it,6,4,1,0
hotpotqa,gemma-3-4b-it,6,7,1,0
hotpotqa,gemma-3-4b-it,12,4,1,0
hotpotqa,gemma-3-4b-it,12,5,0,1
hotpotqa,gemma-3-4b-it,84,6,1,0
hotpotqa,gemma-3-4b-it,88,1,1,0
hotpotqa,gemma-3-4b-it,88,2,1,0
hotpotqa,gemma-3-4b-it,92,3,1,0
hotpotqa,gemma-3-4b-it,110,2,1,0
hotpotqa,gemma-3-4b-it,110,4,1,0
hotpotqa,gemma-3-4b-it,110,5,1,0
hotpotqa,gemma-3-4b-it,110,6,1,0
hotpotqa,gemma-3-4b-it,119,3,1,1
hotpotqa,gemma-3-4b-it,129,3,1,0
hotpotqa,gemma-3-4b-it,136,2,1,0
hotpotqa,gemma-3-4b-it,166,4,1,1
hotpotqa,gemma-3-4b-it,200,2,1,0
hotpotqa,gemma-3-4b-it,214,2,1,0
hotpotqa,gemma-3-4b-it,217,1,1,0
hotpotqa,gemma-3-4b-it,251,4,1,0
hotpotqa,gemma-3-4b-it,280,1,1,0
hotpotqa,gemma-3-4b-it,291,3,1,0
hotpotqa,gemma-3-4b-it,339,4,0,1
hotpotqa,gemma-3-4b-it,362,1,0,1
hotpotqa,gemma-3-4b-it,362,5,1,0
hotpotqa,gemma-3-4b-it,407,1,1,0
hotpotqa,gemma-3-4b-it,416,6,0,1
hotpotqa,gemma-3-4b-it,416,7,1,0
hotpotqa,gemma-3-4b-it,433,2,1,0
hotpotqa,gemma-3-4b-it,457,4,1,0
hotpotqa,gemma-3-4b-it,457,5,1,0
hotpotqa,gemma-3-4b-it,468,5,1,0
hotpotqa,gemma-3-4b-it,494,4,1,0
hotpotqa,gemma-3-4b-it,553,1,1,0
hotpotqa,gemma-3-4b-it,562,2,1,0
hotpotqa,gemma-3-4b-it,565,1,1,0
hotpotqa,gemma-3-4b-it,612,3,1,0
hotpotqa,gemma-3-4b-it,632,2,1,0
hotpotqa,gemma-3-4b-it,632,3,0,1
hotpotqa,gemma-3-4b-it,632,4,1,0
hotpotqa,gemma-3-4b-it,632,6,0,1
hotpotqa,gemma-3-4b-it,648,2,1,0
hotpotqa,gemma-3-4b-it,648,6,0,1
hotpotqa,gemma-3-4b-it,687,2,1,0
hotpotqa,gemma-3-4b-it,690,1,1,0
hotpotqa,gemma-3-4b-it,690,7,1,1
hotpotqa,gemma-3-4b-it,716,6,1,0
hotpotqa,gemma-3-4b-it,734,2,1,1
hotpotqa,gemma-3-4b-it,738,2,1,0
hotpotqa,gemma-3-4b-it,738,4,1,0
hotpotqa,gemma-3-4b-it,753,3,1,0
hotpotqa,gemma-3-4b-it,753,4,0,1
hotpotqa,gemma-3-4b-it,797,1,0,1
hotpotqa,gemma-3-4b-it,797,4,1,0
hotpotqa,gemma-3-4b-it,797,5,1,0
hotpotqa,gemma-3-4b-it,802,2,1,0
hotpotqa,gemma-3-4b-it,816,1,1,0
hotpotqa,gemma-3-4b-it,851,7,1,0
hotpotqa,gemma-3-4b-it,909,3,0,1
hotpotqa,gemma-3-4b-it,919,6,1,0
hotpotqa,gemma-3-4b-it,924,3,1,0
hotpotqa,gemma-3-4b-it,953,4,0,1
hotpotqa,gemma-3-4b-it,1084,3,1,0
hotpotqa,gemma-3-4b-it,1084,6,0,1
hotpotqa,gemma-3-4b-it,1107,1,1,0
hotpotqa,gemma-3-4b-it,1107,2,1,0
hotpotqa,gemma-3-4b-it,1107,4,1,0
hotpotqa,gemma-3-4b-it,1107,5,1,0
hotpotqa,gemma-3-4b-it,1112,2,1,0
hotpotqa,gemma-3-4b-it,1112,4,1,0
hotpotqa,gemma-3-4b-it,1129,1,1,0
hotpotqa,gemma-3-4b-it,1139,1,1,0
hotpotqa,gemma-3-4b-it,1139,2,1,1
hotpotqa,gemma-3-4b-it,1143,6,1,0
hotpotqa,gemma-3-4b-it,1146,1,1,0
hotpotqa,gemma-3-4b-it,1146,2,1,1
hotpotqa,gemma-3-4b-it,1146,3,1,0
hotpotqa,gemma-3-4b-it,1146,6,1,0
hotpotqa,gemma-3-4b-it,1162,3,0,1
hotpotqa,gemma-3-4b-it,1217,3,0,1
hotpotqa,gemma-3-4b-it,1217,5,1,0
hotpotqa,gemma-3-4b-it,1217,7,0,1
hotpotqa,gemma-3-4b-it,1222,3,1,0
hotpotqa,gemma-3-4b-it,1222,5,1,0
hotpotqa,gemma-3-4b-it,1222,6,0,1
hotpotqa,gemma-3-4b-it,1237,3,1,0
hotpotqa,gemma-3-4b-it,1335,3,1,0
hotpotqa,gemma-3-4b-it,1335,4,1,0
hotpotqa,gemma-3-4b-it,1391,4,0,1
hotpotqa,gemma-3-4b-it,1399,2,1,0
hotpotqa,gemma-3-4b-it,1399,3,1,0
hotpotqa,gemma-3-4b-it,1399,5,1,0
hotpotqa,gemma-3-4b-it,1399,6,1,0
hotpotqa,gemma-3-4b-it,1429,3,0,1
hotpotqa,gemma-3-4b-it,1439,7,1,1
hotpotqa,gemma-3-4b-it,1447,2,1,0
hotpotqa,gemma-3-4b-it,1466,3,1,0
hotpotqa,gemma-3-4b-it,1490,3,1,0
hotpotqa,gemma-3-4b-it,1496,5,0,1
hotpotqa,gemma-3-4b-it,1515,2,1,0
hotpotqa,gemma-3-4b-it,1515,3,1,0
hotpotqa,gemma-3-4b-it,1533,1,1,0
hotpotqa,gemma-3-4b-it,1538,3,0,1
hotpotqa,gemma-3-4b-it,1538,4,0,1
hotpotqa,gemma-3-4b-it,1548,2,1,0
hotpotqa,gemma-3-4b-it,1548,5,0,1
hotpotqa,gemma-3-4b-it,1551,1,0,1
hotpotqa,gemma-3-4b-it,1551,2,1,0
hotpotqa,gemma-3-4b-it,1557,2,1,0
hotpotqa,gemma-3-4b-it,1557,5,0,1
hotpotqa,gemma-3-4b-it,1560,3,1,0
hotpotqa,gemma-3-4b-it,1560,5,1,0
hotpotqa,gemma-3-4b-it,1574,5,0,1
hotpotqa,gemma-3-4b-it,1614,1,1,0
hotpotqa,gemma-3-4b-it,1614,2,1,0
hotpotqa,gemma-3-4b-it,1614,4,0,1
hotpotqa,gemma-3-4b-it,1621,5,1,0
hotpotqa,gemma-3-4b-it,1636,1,1,0
hotpotqa,gemma-3-4b-it,1636,4,1,0
hotpotqa,gemma-3-4b-it,1707,5,1,1
hotpotqa,gemma-3-4b-it,1727,1,1,0
hotpotqa,gemma-3-4b-it,1748,2,1,0
hotpotqa,gemma-3-4b-it,1768,2,1,0
hotpotqa,gemma-3-4b-it,1771,1,1,1
hotpotqa,gemma-3-4b-it,1771,3,1,0
hotpotqa,gemma-3-4b-it,1790,1,1,0
hotpotqa,gemma-3-4b-it,1790,5,1,0
hotpotqa,gemma-3-4b-it,1790,7,1,1
hotpotqa,gemma-3-4b-it,1801,5,1,0
hotpotqa,gemma-3-4b-it,1801,6,1,0
hotpotqa,gemma-3-4b-it,1828,5,1,1
hotpotqa,gemma-3-4b-it,1855,6,1,0
hotpotqa,gemma-3-4b-it,1885,3,1,0
hotpotqa,gemma-3-4b-it,1885,5,1,0
hotpotqa,gemma-3-4b-it,1886,6,1,0
hotpotqa,gemma-3-4b-it,1887,2,1,1
hotpotqa,gemma-3-4b-it,1887,5,1,0
hotpotqa,gemma-3-4b-it,1902,1,1,1
hotpotqa,gemma-3-4b-it,1902,2,1,1
hotpotqa,gemma-3-4b-it,1902,3,1,0
hotpotqa,gemma-3-4b-it,1902,4,1,0
hotpotqa,gemma-3-4b-it,1902,7,0,1
hotpotqa,gemma-3-4b-it,1945,4,1,0
hotpotqa,gemma-3-4b-it,1949,1,1,0
hotpotqa,gemma-3-4b-it,2008,3,1,0
hotpotqa,gemma-3-4b-it,2008,4,1,0
hotpotqa,gemma-3-4b-it,2019,1,1,0
hotpotqa,gemma-3-4b-it,2019,2,0,1
hotpotqa,gemma-3-4b-it,2019,4,0,1
hotpotqa,gemma-3-4b-it,2053,3,0,1
hotpotqa,gemma-3-4b-it,2112,7,1,0
hotpotqa,gemma-3-4b-it,2132,6,1,0
hotpotqa,gemma-3-4b-it,2143,2,1,0
hotpotqa,gemma-3-4b-it,2150,1,1,0
hotpotqa,gemma-3-4b-it,2261,3,1,0
hotpotqa,gemma-3-4b-it,2261,6,1,0
hotpotqa,gemma-3-4b-it,2294,7,1,0
hotpotqa,gemma-3-4b-it,2319,2,1,0
hotpotqa,gemma-3-4b-it,2342,1,1,0
hotpotqa,gemma-3-4b-it,2382,2,1,1
hotpotqa,gemma-3-4b-it,2382,7,1,0
hotpotqa,gemma-3-4b-it,2401,3,1,0
hotpotqa,gemma-3-4b-it,2401,5,1,0
hotpotqa,gemma-3-4b-it,2421,1,0,1
hotpotqa,gemma-3-4b-it,2421,4,0,1
hotpotqa,gemma-3-4b-it,2421,7,1,0
hotpotqa,gemma-3-4b-it,2424,2,0,1
hotpotqa,gemma-3-4b-it,2434,1,1,1
hotpotqa,gemma-3-4b-it,2434,7,1,0
hotpotqa,gemma-3-4b-it,2451,4,1,0
hotpotqa,gemma-3-4b-it,2451,6,1,0
hotpotqa,gemma-3-4b-it,2501,3,1,0
hotpotqa,gemma-3-4b-it,2501,6,1,0
hotpotqa,gemma-3-4b-it,2501,7,0,1
hotpotqa,gemma-3-4b-it,2521,2,0,1
hotpotqa,gemma-3-4b-it,2543,2,1,0
hotpotqa,gemma-3-4b-it,2547,6,1,0
hotpotqa,gemma-3-4b-it,2559,3,1,0
hotpotqa,gemma-3-4b-it,2562,2,1,0
hotpotqa,gemma-3-4b-it,2611,3,0,1
hotpotqa,gemma-3-4b-it,2648,3,1,0
hotpotqa,gemma-3-4b-it,2662,1,1,0
hotpotqa,gemma-3-4b-it,2662,5,1,0
hotpotqa,gemma-3-4b-it,2662,7,1,1
hotpotqa,gemma-3-4b-it,2672,2,0,1
hotpotqa,gemma-3-4b-it,2674,1,0,1
hotpotqa,gemma-3-4b-it,2674,2,1,0
hotpotqa,gemma-3-4b-it,2679,2,1,0
hotpotqa,gemma-3-4b-it,2679,3,1,0
hotpotqa,gemma-3-4b-it,2679,6,1,0
hotpotqa,gemma-3-4b-it,2702,2,1,1
hotpotqa,gemma-3-4b-it,2702,4,1,0
hotpotqa,gemma-3-4b-it,2702,5,1,0
hotpotqa,gemma-3-4b-it,2702,6,1,0
hotpotqa,gemma-3-4b-it,2705,3,1,0
hotpotqa,gemma-3-4b-it,2705,5,0,1
hotpotqa,gemma-3-4b-it,2705,6,1,1
hotpotqa,gemma-3-4b-it,2705,7,1,0
hotpotqa,gemma-3-4b-it,2733,5,0,1
hotpotqa,gemma-3-4b-it,2733,6,1,0
hotpotqa,gemma-3-4b-it,2748,2,0,1
hotpotqa,gemma-3-4b-it,2766,3,1,0
hotpotqa,gemma-3-4b-it,2766,6,1,0
hotpotqa,gemma-3-4b-it,2811,2,1,0
hotpotqa,gemma-3-4b-it,2811,4,1,0
hotpotqa,gemma-3-4b-it,2823,2,1,0
hotpotqa,gemma-3-4b-it,2825,3,1,0
hotpotqa,gemma-3-4b-it,2825,7,0,1
hotpotqa,gemma-3-4b-it,2826,4,1,0
hotpotqa,gemma-3-4b-it,2826,5,1,0
hotpotqa,gemma-3-4b-it,2835,5,1,1
hotpotqa,gemma-3-4b-it,2836,4,0,1
hotpotqa,gemma-3-4b-it,2836,6,1,0
hotpotqa,gemma-3-4b-it,2854,5,1,0
hotpotqa,gemma-3-4b-it,2854,6,0,1
hotpotqa,gemma-3-4b-it,2854,7,1,1
hotpotqa,gemma-3-4b-it,2866,2,0,1
hotpotqa,gemma-3-4b-it,2889,3,1,1
hotpotqa,gemma-3-4b-it,2921,2,1,1
hotpotqa,gemma-3-4b-it,2927,3,1,0
hotpotqa,gemma-3-4b-it,2930,1,0,1
hotpotqa,gemma-3-4b-it,2930,2,1,1
hotpotqa,gemma-3-4b-it,2934,2,1,1
hotpotqa,gemma-3-4b-it,2951,6,1,0
hotpotqa,gemma-3-4b-it,2965,4,1,0
hotpotqa,gemma-3-4b-it,2973,3,1,0
hotpotqa,gemma-3-4b-it,2988,2,0,1
hotpotqa,gemma-3-4b-it,2988,4,1,0
hotpotqa,gemma-3-4b-it,2988,5,1,0
hotpotqa,gemma-3-4b-it,3010,2,0,1
hotpotqa,gemma-3-4b-it,3010,5,0,1
hotpotqa,gemma-3-4b-it,3019,1,0,1
hotpotqa,gemma-3-4b-it,3023,1,0,1
hotpotqa,gemma-3-4b-it,3023,4,1,0
hotpotqa,gemma-3-4b-it,3023,5,1,0
hotpotqa,gemma-3-4b-it,3023,7,1,1
hotpotqa,gemma-3-4b-it,3033,2,1,0
hotpotqa,gemma-3-4b-it,3115,2,0,1
hotpotqa,gemma-3-4b-it,3115,3,1,0
hotpotqa,gemma-3-4b-it,3124,2,0,1
hotpotqa,gemma-3-4b-it,3129,1,1,0
hotpotqa,gemma-3-4b-it,3129,3,1,0
hotpotqa,gemma-3-4b-it,3129,7,1,0
hotpotqa,gemma-3-4b-it,3169,2,1,1
hotpotqa,gemma-3-4b-it,3169,3,0,1
hotpotqa,gemma-3-4b-it,3188,1,1,0
hotpotqa,gemma-3-4b-it,3216,6,0,1
hotpotqa,gemma-3-4b-it,3234,2,0,1
hotpotqa,gemma-3-4b-it,3253,2,1,0
hotpotqa,gemma-3-4b-it,3253,5,1,0
hotpotqa,gemma-3-4b-it,3265,4,1,0
hotpotqa,gemma-3-4b-it,3265,6,0,1
hotpotqa,gemma-3-4b-it,3291,1,1,0
hotpotqa,gemma-3-4b-it,3291,5,1,0
hotpotqa,gemma-3-4b-it,3317,2,1,0
hotpotqa,gemma-3-4b-it,3352,2,1,0
hotpotqa,gemma-3-4b-it,3378,2,1,0
hotpotqa,gemma-3-4b-it,3388,2,1,1
hotpotqa,gemma-3-4b-it,3388,5,1,0
hotpotqa,gemma-3-4b-it,3388,6,1,0
hotpotqa,gemma-3-4b-it,3395,4,1,0
hotpotqa,gemma-3-4b-it,3459,1,1,0
hotpotqa,gemma-3-4b-it,3465,1,1,0
hotpotqa,gemma-3-4b-it,3465,7,1,0
hotpotqa,gemma-3-4b-it,3473,5,1,0
hotpotqa,gemma-3-4b-it,3491,1,1,0
hotpotqa,gemma-3-4b-it,3491,3,1,0
hotpotqa,gemma-3-4b-it,3491,4,1,0
hotpotqa,gemma-3-4b-it,3491,5,0,1
hotpotqa,gemma-3-4b-it,3498,3,1,1
hotpotqa,gemma-3-4b-it,3511,2,1,0
hotpotqa,gemma-3-4b-it,3531,3,1,0
hotpotqa,gemma-3-4b-it,3531,5,1,0
hotpotqa,gemma-3-4b-it,3536,6,0,1
hotpotqa,gemma-3-4b-it,3536,7,0,1
hotpotqa,gemma-3-4b-it,3538,3,1,0
hotpotqa,gemma-3-4b-it,3538,7,1,0
hotpotqa,gemma-3-4b-it,3543,1,1,0
hotpotqa,gemma-3-4b-it,3543,2,1,1
hotpotqa,gemma-3-4b-it,3543,5,0,1
hotpotqa,gemma-3-4b-it,3567,3,0,1
hotpotqa,gemma-3-4b-it,3578,7,0,1
hotpotqa,gemma-3-4b-it,3582,4,1,1
hotpotqa,gemma-3-4b-it,3582,6,1,0
hotpotqa,gemma-3-4b-it,3594,3,0,1
hotpotqa,gemma-3-4b-it,3642,1,0,1
hotpotqa,gemma-3-4b-it,3642,3,0,1
hotpotqa,gemma-3-4b-it,3687,1,1,0
hotpotqa,gemma-3-4b-it,3687,7,1,0
hotpotqa,gemma-3-4b-it,3696,2,1,0
hotpotqa,gemma-3-4b-it,3750,3,0,1
hotpotqa,gemma-3-4b-it,3805,5,1,0
hotpotqa,gemma-3-4b-it,3805,6,1,1
hotpotqa,gemma-3-4b-it,3807,3,1,0
hotpotqa,gemma-3-4b-it,3808,1,1,0
hotpotqa,gemma-3-4b-it,3824,1,1,0
hotpotqa,gemma-3-4b-it,3824,5,0,1
hotpotqa,gemma-3-4b-it,3873,2,1,0
hotpotqa,gemma-3-4b-it,3873,6,1,0
hotpotqa,gemma-3-4b-it,3913,1,1,0
hotpotqa,gemma-3-4b-it,3913,2,1,0
hotpotqa,gemma-3-4b-it,3917,1,1,0
hotpotqa,gemma-3-4b-it,3917,5,1,1
hotpotqa,gemma-3-4b-it,3917,7,1,0
hotpotqa,gemma-3-4b-it,3983,3,1,1
hotpotqa,gemma-3-4b-it,3991,2,1,0
hotpotqa,gemma-3-4b-it,3991,3,1,0
hotpotqa,gemma-3-4b-it,3991,4,1,0
hotpotqa,gemma-3-4b-it,3991,5,1,0
hotpotqa,gemma-3-4b-it,3992,2,0,1
hotpotqa,gemma-3-4b-it,4025,1,1,1
hotpotqa,gemma-3-4b-it,4025,4,1,0
hotpotqa,gemma-3-4b-it,4025,6,1,0
hotpotqa,gemma-3-4b-it,4029,2,0,1
hotpotqa,gemma-3-4b-it,4029,3,1,0
hotpotqa,gemma-3-4b-it,4029,7,1,0
hotpotqa,gemma-3-4b-it,4050,2,1,1
hotpotqa,gemma-3-4b-it,4050,3,1,0
hotpotqa,gemma-3-4b-it,4050,6,0,1
hotpotqa,gemma-3-4b-it,4050,7,1,1
hotpotqa,gemma-3-4b-it,4080,1,1,0
hotpotqa,gemma-3-4b-it,4080,5,1,1
hotpotqa,gemma-3-4b-it,4097,2,1,0
hotpotqa,gemma-3-4b-it,4104,2,1,0
hotpotqa,gemma-3-4b-it,4104,5,1,0
hotpotqa,gemma-3-4b-it,4104,6,0,1
hotpotqa,gemma-3-4b-it,4116,7,1,0
hotpotqa,gemma-3-4b-it,4133,4,1,0
hotpotqa,gemma-3-4b-it,4142,1,1,0
hotpotqa,gemma-3-4b-it,4142,4,1,0
hotpotqa,gemma-3-4b-it,4152,1,0,1
hotpotqa,gemma-3-4b-it,4152,3,1,1
hotpotqa,gemma-3-4b-it,4152,4,0,1
hotpotqa,gemma-3-4b-it,4152,5,0,1
hotpotqa,gemma-3-4b-it,4152,7,1,0
hotpotqa,gemma-3-4b-it,4177,2,1,0
hotpotqa,gemma-3-4b-it,4177,5,1,0
hotpotqa,gemma-3-4b-it,4179,4,1,1
hotpotqa,gemma-3-4b-it,4185,2,0,1
hotpotqa,gemma-3-4b-it,4213,3,0,1
hotpotqa,gemma-3-4b-it,4213,6,1,0
hotpotqa,gemma-3-4b-it,4213,7,1,0
hotpotqa,gemma-3-4b-it,4220,3,1,0
hotpotqa,gemma-3-4b-it,4237,1,1,1
hotpotqa,gemma-3-4b-it,4248,7,0,1
hotpotqa,gemma-3-4b-it,4261,2,1,0
hotpotqa,gemma-3-4b-it,4264,4,1,1
hotpotqa,gemma-3-4b-it,4274,4,1,0
hotpotqa,gemma-3-4b-it,4274,6,1,1
hotpotqa,gemma-3-4b-it,4274,7,1,0
hotpotqa,gemma-3-4b-it,4278,1,1,1
hotpotqa,gemma-3-4b-it,4278,2,1,1
hotpotqa,gemma-3-4b-it,4278,5,1,1
hotpotqa,gemma-3-4b-it,4286,4,1,0
hotpotqa,gemma-3-4b-it,4341,3,1,1
hotpotqa,gemma-3-4b-it,4341,5,1,0
hotpotqa,gemma-3-4b-it,4360,6,1,0
hotpotqa,gemma-3-4b-it,4385,7,1,0
hotpotqa,gemma-3-4b-it,4392,1,1,0
hotpotqa,gemma-3-4b-it,4392,6,0,1
hotpotqa,gemma-3-4b-it,4421,1,0,1
hotpotqa,gemma-3-4b-it,4421,4,1,1
hotpotqa,gemma-3-4b-it,4450,2,1,0
hotpotqa,gemma-3-4b-it,4450,3,1,0
hotpotqa,gemma-3-4b-it,4450,5,1,0
hotpotqa,gemma-3-4b-it,4506,1,0,1
hotpotqa,gemma-3-4b-it,4523,5,1,0
hotpotqa,gemma-3-4b-it,4525,2,1,0
hotpotqa,gemma-3-4b-it,4543,7,1,0
hotpotqa,gemma-3-4b-it,4560,1,1,0
hotpotqa,gemma-3-4b-it,4586,1,1,0
hotpotqa,gemma-3-4b-it,4586,3,1,0
hotpotqa,gemma-3-4b-it,4627,5,1,0
hotpotqa,gemma-3-4b-it,4646,7,0,1
hotpotqa,gemma-3-4b-it,4660,1,1,0
hotpotqa,gemma-3-4b-it,4673,1,0,1
hotpotqa,gemma-3-4b-it,4673,6,1,0
hotpotqa,gemma-3-4b-it,4678,1,1,0
hotpotqa,gemma-3-4b-it,4678,3,1,0
hotpotqa,gemma-3-4b-it,4678,7,1,0
hotpotqa,gemma-3-4b-it,4679,2,0,1
hotpotqa,gemma-3-4b-it,4690,4,0,1
hotpotqa,gemma-3-4b-it,4690,5,1,0
hotpotqa,gemma-3-4b-it,4737,2,1,0
hotpotqa,gemma-3-4b-it,4737,6,1,0
hotpotqa,gemma-3-4b-it,4737,7,1,0
hotpotqa,gemma-3-4b-it,4739,1,1,0
hotpotqa,gemma-3-4b-it,4739,5,0,1
hotpotqa,gemma-3-4b-it,4745,4,1,0
hotpotqa,gemma-3-4b-it,4752,2,0,1
hotpotqa,gemma-3-4b-it,4752,3,1,0
hotpotqa,gemma-3-4b-it,4752,6,0,1
hotpotqa,gemma-3-4b-it,4752,7,1,0
hotpotqa,gemma-3-4b-it,4758,5,1,0
hotpotqa,gemma-3-4b-it,4758,6,1,0
hotpotqa,gemma-3-4b-it,4784,2,0,1
hotpotqa,gemma-3-4b-it,4856,5,1,0
hotpotqa,gemma-3-4b-it,4856,6,1,1
hotpotqa,gemma-3-4b-it,4878,3,1,0
hotpotqa,gemma-3-4b-it,4890,6,1,0
hotpotqa,gemma-3-4b-it,4923,4,0,1
hotpotqa,gemma-3-4b-it,4923,5,1,0
hotpotqa,gemma-3-4b-it,4929,2,1,0
hotpotqa,gemma-3-4b-it,4929,3,1,0
hotpotqa,gemma-3-4b-it,4980,5,1,0
hotpotqa,gemma-3-4b-it,4980,6,1,0
hotpotqa,gemma-3-4b-it,4981,4,1,0
hotpotqa,gemma-3-4b-it,4994,3,1,0
hotpotqa,gemma-3-4b-it,4997,3,0,1
hotpotqa,gemma-3-4b-it,4997,5,1,0
hotpotqa,gemma-3-4b-it,5016,2,1,0
hotpotqa,gemma-3-4b-it,5016,3,1,0
hotpotqa,gemma-3-4b-it,5032,5,0,1
hotpotqa,gemma-3-4b-it,5032,6,1,0
hotpotqa,gemma-3-4b-it,5071,7,1,1
hotpotqa,gemma-3-4b-it,5074,2,0,1
hotpotqa,gemma-3-4b-it,5080,2,0,1
hotpotqa,gemma-3-4b-it,5080,3,1,0
hotpotqa,gemma-3-4b-it,5080,6,1,0
hotpotqa,gemma-3-4b-it,5120,2,1,1
hotpotqa,gemma-3-4b-it,5120,3,1,0
hotpotqa,gemma-3-4b-it,5120,5,1,0
hotpotqa,gemma-3-4b-it,5120,6,0,1
hotpotqa,gemma-3-4b-it,5123,1,1,0
hotpotqa,gemma-3-4b-it,5123,2,1,0
hotpotqa,gemma-3-4b-it,5199,6,1,0
hotpotqa,gemma-3-4b-it,5234,2,0,1
hotpotqa,gemma-3-4b-it,5291,2,1,0
hotpotqa,gemma-3-4b-it,5358,4,1,0
hotpotqa,gemma-3-4b-it,5358,6,1,0
hotpotqa,gemma-3-4b-it,5373,1,1,0
hotpotqa,gemma-3-4b-it,5373,3,1,1
hotpotqa,gemma-3-4b-it,5388,1,1,0
hotpotqa,gemma-3-4b-it,5426,1,0,1
hotpotqa,gemma-3-4b-it,5446,2,1,0
hotpotqa,gemma-3-4b-it,5446,4,1,0
hotpotqa,gemma-3-4b-it,5472,3,0,1
hotpotqa,gemma-3-4b-it,5472,4,1,0
hotpotqa,gemma-3-4b-it,5483,1,1,0
hotpotqa,gemma-3-4b-it,5483,4,0,1
hotpotqa,gemma-3-4b-it,5486,4,1,0
hotpotqa,gemma-3-4b-it,5486,5,1,0
hotpotqa,gemma-3-4b-it,5486,7,1,0
hotpotqa,gemma-3-4b-it,5504,6,1,0
hotpotqa,gemma-3-4b-it,5540,2,1,0
hotpotqa,gemma-3-4b-it,5540,3,0,1
hotpotqa,gemma-3-4b-it,5545,1,0,1
hotpotqa,gemma-3-4b-it,5545,4,1,0
hotpotqa,gemma-3-4b-it,5571,4,1,0
hotpotqa,gemma-3-4b-it,5615,6,1,0
hotpotqa,gemma-3-4b-it,5615,7,1,0
hotpotqa,gemma-3-4b-it,5630,3,1,0
hotpotqa,gemma-3-4b-it,5630,5,1,0
hotpotqa,gemma-3-4b-it,5630,7,1,0
hotpotqa,gemma-3-4b-it,5679,2,0,1
hotpotqa,gemma-3-4b-it,5679,4,1,0
hotpotqa,gemma-3-4b-it,5686,1,1,0
hotpotqa,gemma-3-4b-it,5686,3,1,0
hotpotqa,gemma-3-4b-it,5686,5,1,0
hotpotqa,gemma-3-4b-it,5699,3,0,1
hotpotqa,gemma-3-4b-it,5711,2,1,0
hotpotqa,gemma-3-4b-it,5720,5,0,1
hotpotqa,gemma-3-4b-it,5726,2,1,1
hotpotqa,gemma-3-4b-it,5726,4,0,1
hotpotqa,gemma-3-4b-it,5726,6,1,0
hotpotqa,gemma-3-4b-it,5735,2,1,0
hotpotqa,gemma-3-4b-it,5735,5,1,0
hotpotqa,gemma-3-4b-it,5762,1,1,1
hotpotqa,gemma-3-4b-it,5762,2,1,1
hotpotqa,gemma-3-4b-it,5762,3,1,0
hotpotqa,gemma-3-4b-it,5762,7,1,0
hotpotqa,gemma-3-4b-it,5773,1,1,0
hotpotqa,gemma-3-4b-it,5773,3,1,0
hotpotqa,gemma-3-4b-it,5780,3,1,0
hotpotqa,gemma-3-4b-it,5780,6,0,1
hotpotqa,gemma-3-4b-it,5797,3,1,0
hotpotqa,gemma-3-4b-it,5797,4,1,0
hotpotqa,gemma-3-4b-it,5801,2,1,0
hotpotqa,gemma-3-4b-it,5801,3,1,0
hotpotqa,gemma-3-4b-it,5821,1,0,1
hotpotqa,gemma-3-4b-it,5821,2,1,0
hotpotqa,gemma-3-4b-it,5821,5,1,0
hotpotqa,gemma-3-4b-it,5821,6,1,0
hotpotqa,gemma-3-4b-it,5821,7,1,0
hotpotqa,gemma-3-4b-it,5853,4,0,1
hotpotqa,gemma-3-4b-it,5866,1,1,0
hotpotqa,gemma-3-4b-it,5887,3,0,1
hotpotqa,gemma-3-4b-it,5887,4,1,0
hotpotqa,gemma-3-4b-it,5887,5,1,1
hotpotqa,gemma-3-4b-it,5913,2,1,0
hotpotqa,gemma-3-4b-it,5925,1,1,0
hotpotqa,gemma-3-4b-it,5925,2,0,1
hotpotqa,gemma-3-4b-it,5925,5,0,1
hotpotqa,gemma-3-4b-it,5931,1,1,0
hotpotqa,gemma-3-4b-it,5965,3,1,0
hotpotqa,gemma-3-4b-it,5980,2,0,1
hotpotqa,gemma-3-4b-it,5980,4,0,1
hotpotqa,gemma-3-4b-it,6014,7,1,0
hotpotqa,gemma-3-4b-it,6028,2,1,0
hotpotqa,gemma-3-4b-it,6028,3,1,0
hotpotqa,gemma-3-4b-it,6030,4,1,0
hotpotqa,gemma-3-4b-it,6030,7,0,1
hotpotqa,gemma-3-4b-it,6055,3,1,0
hotpotqa,gemma-3-4b-it,6092,2,0,1
hotpotqa,gemma-3-4b-it,6100,4,1,0
hotpotqa,gemma-3-4b-it,6100,7,0,1
hotpotqa,gemma-3-4b-it,6108,3,1,0
hotpotqa,gemma-3-4b-it,6149,1,1,0
hotpotqa,gemma-3-4b-it,6149,2,1,1
hotpotqa,gemma-3-4b-it,6149,4,1,0
hotpotqa,gemma-3-4b-it,6149,5,1,0
hotpotqa,gemma-3-4b-it,6151,1,1,0
hotpotqa,gemma-3-4b-it,6151,3,0,1
hotpotqa,gemma-3-4b-it,6151,6,1,0
hotpotqa,gemma-3-4b-it,6166,7,1,1
hotpotqa,gemma-3-4b-it,6174,3,1,0
hotpotqa,gemma-3-4b-it,6180,2,1,0
hotpotqa,gemma-3-4b-it,6180,4,0,1
hotpotqa,gemma-3-4b-it,6180,5,0,1
hotpotqa,gemma-3-4b-it,6180,6,1,0
hotpotqa,gemma-3-4b-it,6216,2,1,0
hotpotqa,gemma-3-4b-it,6216,3,1,1
hotpotqa,gemma-3-4b-it,6216,5,1,0
hotpotqa,gemma-3-4b-it,6238,1,1,1
hotpotqa,gemma-3-4b-it,6238,2,1,1
hotpotqa,gemma-3-4b-it,6238,3,1,1
hotpotqa,gemma-3-4b-it,6249,2,1,0
hotpotqa,gemma-3-4b-it,6276,3,1,0
hotpotqa,gemma-3-4b-it,6294,2,1,0
hotpotqa,gemma-3-4b-it,6325,3,0,1
hotpotqa,gemma-3-4b-it,6333,7,0,1
hotpotqa,gemma-3-4b-it,6378,1,0,1
hotpotqa,gemma-3-4b-it,6378,2,1,0
hotpotqa,gemma-3-4b-it,6378,3,1,0
hotpotqa,gemma-3-4b-it,6378,4,1,0
hotpotqa,gemma-3-4b-it,6378,5,0,1
hotpotqa,gemma-3-4b-it,6378,6,1,0
hotpotqa,gemma-3-4b-it,6378,7,1,0
hotpotqa,gemma-3-4b-it,6404,2,1,0
hotpotqa,gemma-3-4b-it,6404,3,1,0
hotpotqa,gemma-3-4b-it,6404,5,1,0
hotpotqa,gemma-3-4b-it,6404,6,1,0
hotpotqa,gemma-3-4b-it,6406,2,1,0
hotpotqa,gemma-3-4b-it,6406,4,1,0
hotpotqa,gemma-3-4b-it,6414,6,1,0
hotpotqa,gemma-3-4b-it,6432,1,1,0
hotpotqa,gemma-3-4b-it,6432,3,1,0
hotpotqa,gemma-3-4b-it,6432,4,1,0
hotpotqa,gemma-3-4b-it,6432,5,1,0
hotpotqa,gemma-3-4b-it,6434,2,1,0
hotpotqa,gemma-3-4b-it,6467,3,1,0
hotpotqa,gemma-3-4b-it,6467,4,1,0
hotpotqa,gemma-3-4b-it,6490,1,0,1
hotpotqa,gemma-3-4b-it,6490,3,0,1
hotpotqa,gemma-3-4b-it,6494,2,1,1
hotpotqa,gemma-3-4b-it,6494,3,1,0
hotpotqa,gemma-3-4b-it,6494,4,1,1
hotpotqa,gemma-3-4b-it,6494,5,1,1
hotpotqa,gemma-3-4b-it,6505,1,0,1
hotpotqa,gemma-3-4b-it,6518,2,1,0
hotpotqa,gemma-3-4b-it,6518,3,1,0
hotpotqa,gemma-3-4b-it,6518,4,1,0
hotpotqa,gemma-3-4b-it,6518,5,0,1
hotpotqa,gemma-3-4b-it,6518,6,1,0
hotpotqa,gemma-3-4b-it,6524,2,1,0
hotpotqa,gemma-3-4b-it,6524,3,1,0
hotpotqa,gemma-3-4b-it,6524,6,1,0
hotpotqa,gemma-3-4b-it,6524,7,1,0
hotpotqa,gemma-3-4b-it,6528,2,1,0
hotpotqa,gemma-3-4b-it,6586,7,1,0
hotpotqa,gemma-3-4b-it,6592,1,1,0
hotpotqa,gemma-3-4b-it,6592,2,1,0
hotpotqa,gemma-3-4b-it,6596,2,1,1
hotpotqa,gemma-3-4b-it,6596,5,0,1
hotpotqa,gemma-3-4b-it,6596,6,0,1
hotpotqa,gemma-3-4b-it,6626,1,0,1
hotpotqa,gemma-3-4b-it,6626,2,1,0
hotpotqa,gemma-3-4b-it,6665,2,0,1
hotpotqa,gemma-3-4b-it,6665,4,1,0
hotpotqa,gemma-3-4b-it,6669,2,0,1
hotpotqa,gemma-3-4b-it,6700,3,1,0
hotpotqa,gemma-3-4b-it,6709,3,1,0
hotpotqa,gemma-3-4b-it,6709,4,1,1
hotpotqa,gemma-3-4b-it,6779,2,0,1
hotpotqa,gemma-3-4b-it,6779,3,1,0
hotpotqa,gemma-3-4b-it,6781,6,1,0
hotpotqa,gemma-3-4b-it,6798,2,1,0
hotpotqa,gemma-3-4b-it,6798,4,1,0
hotpotqa,gemma-3-4b-it,6800,1,0,1
hotpotqa,gemma-3-4b-it,6800,2,1,0
hotpotqa,gemma-3-4b-it,6800,5,0,1
hotpotqa,gemma-3-4b-it,6800,7,1,1
hotpotqa,gemma-3-4b-it,6819,1,0,1
hotpotqa,gemma-3-4b-it,6819,7,0,1
hotpotqa,gemma-3-4b-it,6837,2,1,1
hotpotqa,gemma-3-4b-it,6837,4,0,1
hotpotqa,gemma-3-4b-it,6849,5,1,0
hotpotqa,gemma-3-4b-it,6849,6,0,1
hotpotqa,gemma-3-4b-it,6906,4,0,1
hotpotqa,gemma-3-4b-it,6913,4,1,1
hotpotqa,gemma-3-4b-it,6916,3,1,0
hotpotqa,gemma-3-4b-it,6948,1,1,0
hotpotqa,gemma-3-4b-it,6951,4,1,0
hotpotqa,gemma-3-4b-it,6982,2,1,0
hotpotqa,gemma-3-4b-it,6982,4,1,0
hotpotqa,gemma-3-4b-it,6982,5,1,0
hotpotqa,gemma-3-4b-it,6982,7,0,1
hotpotqa,gemma-3-4b-it,6986,5,1,0
hotpotqa,gemma-3-4b-it,6996,3,1,0
hotpotqa,gemma-3-4b-it,7026,1,0,1
hotpotqa,gemma-3-4b-it,7039,4,1,0
hotpotqa,gemma-3-4b-it,7042,3,1,0
hotpotqa,gemma-3-4b-it,7067,1,1,0
hotpotqa,gemma-3-4b-it,7081,1,0,1
hotpotqa,gemma-3-4b-it,7082,1,1,0
hotpotqa,gemma-3-4b-it,7082,2,1,0
hotpotqa,gemma-3-4b-it,7082,3,0,1
hotpotqa,gemma-3-4b-it,7085,2,0,1
hotpotqa,gemma-3-4b-it,7085,5,1,0
hotpotqa,gemma-3-4b-it,7085,6,1,0
hotpotqa,gemma-3-4b-it,7094,1,1,0
hotpotqa,gemma-3-4b-it,7094,3,0,1
hotpotqa,gemma-3-4b-it,7094,5,1,0
hotpotqa,gemma-3-4b-it,7096,4,0,1
hotpotqa,gemma-3-4b-it,7096,5,1,0
hotpotqa,gemma-3-4b-it,7136,1,1,0
hotpotqa,gemma-3-4b-it,7149,4,1,0
hotpotqa,gemma-3-4b-it,7174,2,0,1
hotpotqa,gemma-3-4b-it,7203,4,1,0
hotpotqa,gemma-3-4b-it,7247,3,1,0
hotpotqa,gemma-3-4b-it,7256,2,0,1
hotpotqa,gemma-3-4b-it,7256,4,1,0
hotpotqa,gemma-3-4b-it,7256,5,0,1
hotpotqa,gemma-3-4b-it,7271,1,1,0
hotpotqa,gemma-3-4b-it,7271,3,1,0
hotpotqa,gemma-3-4b-it,7271,4,1,1
hotpotqa,gemma-3-4b-it,7278,2,0,1
hotpotqa,gemma-3-4b-it,7278,4,1,0
hotpotqa,gemma-3-4b-it,7278,5,1,1
hotpotqa,gemma-3-4b-it,7318,2,1,0
hotpotqa,gemma-3-4b-it,7318,6,0,1
hotpotqa,gemma-3-4b-it,7318,7,1,1
hotpotqa,gemma-3-4b-it,7353,2,1,0
